fly,block,owner,brain,parent_blockhash,seed,alleles,eyes,body,wings,size,genome
1,22821848,0x5e7293bbccad7d606add851b1a8887c02d0102ab,0xfad08c6c78c22964c0efcf232f56c0a202c90929,0x390c6377495a0627745e5f7fd20727ab914a38a44b01945932f497978913e638,0x83ce3611512ba6082f3fc2d55dbd8bcd9563415f0b8b0ef11955aecc8466a271,29,white,yellow,vestigial,large,4ccaead4 00000000 00000000 00000000 9516a77a 9b26c8ee 13087921 00000000 00000000 fba487a1 00000000 00000000 00000000 bacfaea5 00000000 7b599ebd 00000000 8ca63b64 14f8afe2 00000000 00000000 e3b8890c eaba8fb6 00000000 00000000 00000000 9683098f 00000000 00000000 00000000 00000000 210c86fe 00000000 00000000 88be7037 37455437 00000000 00000000 db77c9b9 9177856c 00000000 3e3dfe57 af533003 483cdcc4 00000000 e31e3c48 00000000 c778ec78 c435b897 00000000 1caa4a7c 00000000 fdce78e7 00000000 b06923bc 00000000 02038171 00000000 00000000 fb16ea4b df11e84d 00000000 00000000 00000000
2,22823512,0xb1368c0b6e4dafbb5375c121df88154a3f72b299,0x40c5ea7253258be44681407c0f2e4536062dfebd,0x1b481a7ad9de3f992e1e310708c19cc0a43684613bc640a8a8bd8b0d3b355119,0x2ba5845f6c332ef80b05547b5c081750613d80b530ca180adf8b2ea21aada4b8,33,brown,ebony,curly,small,00000000 00000000 00000000 cfa69843 1d35f62e 8f2d30d0 00000000 635aef64 00000000 00000000 0a060f8e 00000000 00000000 0e6fe2e9 00000000 dc8fba55 e6b82b5f 00000000 3ae30307 f3cd8803 00000000 d74ab1f5 00000000 d0490b62 00000000 be9f4fc7 00000000 167e2c37 a5bbd33b 00000000 00000000 00000000 00000000 c1f37363 00000000 00000000 00000000 66164efd 00000000 6636f8ab 00000000 b86bcc0e 57caee42 64047295 00000000 117665ee 00000000 00000000 2af43de2 2bf6c020 00000000 97614e55 00000000 00000000 00000000 65f9e258 a69cd242 4d196684 f848b8cb d4814cd9 d0d2e3f6 00000000 fd910f75 b5bfc84f
3,22824758,0x734617dec820db2cfb6dc750efa08ef30dc9236f,0x73a9ac7d3b876cac8320227acde32b7a4dd036b2,0x84a1ac22f37d42a8d6d2e508e2b3543266c57976432edcb255fc87779940ad86,0xd6d5a445eaf05536f71cc8de92dae1cc1ba6b7b680d60f99ebc94fe23389db82,34,white,yellow,vestigial,large,00000000 11870ef3 00000000 00000000 00000000 00000000 00000000 c50836f1 8abb61cc 0be04180 00000000 df79bda0 b162aac8 00000000 5404e624 34bbb86a 2e2556f9 00000000 00000000 12675647 00000000 00000000 00000000 8f20199f 740ff2ae e74a022c 00000000 00000000 ae0d7c56 1636e8b0 00000000 00000000 00000000 7ec92cc7 00000000 00000000 00000000 3219ad6f e30a3d3e c9e5ed97 74af4896 bb49d89d 2bea1d30 cafb1d9d 00000000 00000000 716e0098 00000000 7f806c74 00000000 00000000 8aa93ffe 00000000 00000000 1242bfef 7e5b2df5 aaec6ccc f3bd056a 00000000 a1b608be 00000000 bf9c7c6c 9ad63b26 c26395db
4,22824964,0x1a3a0e6f222e823cc8d0f39d87042f88ab763872,0x3a67239ac30e2a7912c0a5315cc0a4e8b3f45905,0x348f579b64a86b8c609caf25e7d34d71c172e2e77538870fbf8f74cafdbace1d,0x7b2aa68c3e2a36e7e051caf7ac0103fc2a314de034045bb6ca9cfab3e8b895ff,39,sepia,tan,curly,small,b0b14b31 c8078d9c fd3f8ff4 6c071beb aa8f938d 947a4088 133b7de3 e8884f02 5d89753e 00000000 e2ec7fd1 00000000 429abdc7 00000000 00000000 d7cfc7e0 00000000 00000000 00000000 3c422bd7 871189cf 3d6200cb 00000000 677b0893 00000000 00000000 00000000 44d35086 00000000 cc7ddf9a 5381e15e da758df3 365ade66 d7348255 00000000 00000000 61258524 4d107263 00000000 a808713b 00000000 4521e56c 00000000 dad3c4d3 dd67d8f1 d1f601e4 b2a224eb 546b1d1a 00000000 00000000 126f7152 4a629f2f 17d99252 00000000 00000000 8c60f198 00000000 ab09e493 00000000 547f70eb 00000000 00000000 5688a1d9 db725eab
5,22825012,0x734617dec820db2cfb6dc750efa08ef30dc9236f,0x9d32d535595f7aedf3c3ef323853d3a4892f4b89,0x786856c895a21e6378bd3cbd39ca6025770dbdbe23384f2855c04366d55423f3,0x09bb18a19d00c00757c50ab0f4000ff3d6e807624786ba896ef7e6e6d883f7df,43,brown,ebony,vestigial,large,dfaa4f1f ffc51768 8583c037 6a7ff565 92616e69 00000000 b81a67bb edf56e54 2f6babf6 ec1c72f0 1b4849be 00000000 d909944c 25add535 08906042 300e80b1 dcaef0e6 6c9fb357 00000000 00000000 00000000 00000000 00000000 c192131b 00000000 00000000 00000000 aaa15cd2 3a12c364 00000000 6bd307b8 dd522f2c 00000000 5c23d993 9b80caaf 00000000 00000000 b1bc9c1f e92fa3c5 f8e8e8ac 00000000 89cc9be7 9e22e9a1 00000000 00000000 f1cd9dcc 304c121a c8d1001c df168602 08b2c69e 577f4d7a 00000000 fc52b91d c017d91c 650a672b c8fd9685 00000000 c632f2cb bd49003f d1e0e73b 00000000 1dff45b9 f9b690cf 00000000
6,22825065,0x1a3a0e6f222e823cc8d0f39d87042f88ab763872,0x9812c040447e60e46ea056899013c7303690309f,0x6b008bbcefaad1de1c36e2b8287bf10416e9b8dc26104ba213978f4ff056f6c0,0xef8c4d7a594878dca6b0c4634e1e93d4ae68c0e53ad93fb2f8d2b7049271602d,29,sepia,yellow,curly,large,d7763cfd 00000000 3ea3fbba 574f9fe7 00000000 7ed3427a 00000000 00000000 00000000 00000000 00000000 00000000 00000000 6c3d42a5 2fd676a6 00000000 c1e3dbe9 00000000 00000000 00000000 907be325 6c407ada e4143188 00000000 00000000 19f6da91 00000000 00000000 978bfa69 00000000 00000000 935385a9 00000000 00000000 f0a677f6 00000000 00000000 00000000 00000000 00000000 c52e3de8 82a21cae 180514bd 00000000 68c6bef6 c77cea17 00000000 3d5e9301 00000000 0733b622 00000000 00000000 245b554c 00000000 e550655f 324efbdb 00000000 00000000 00000000 9b3e1836 c5640200 8e643299 0e7cf928 c6b25053
7,22825141,0xb403f53ee827030a8963ce363477e4ea98b2f679,0xf169ed8d6e94fa64ab1a33b7c9a94d74d927b96b,0x6c31b18f24b6ee839bcfa66a98fef662aa285e91970632f0ac8334329bb7b6db,0xf6539eccf1a723ada13e0d872b6fc69fb2e8a91c4cdde7ff3630c22e73c61c36,29,sepia,ebony,vestigial,small,00000000 8e6e2096 a6b914c0 00000000 5a68a424 69d06f94 00000000 00000000 00000000 00000000 034e58a7 9a2dce3a 2cf5ffb8 00000000 00000000 00000000 00000000 d75ca083 df130539 00000000 00000000 00000000 990bb486 9adb46b7 c6527393 dea167bf 00000000 00000000 a67f25f5 80a7953c 006e8245 00000000 00000000 2df5df91 9c759f95 9f628ae5 00000000 f993fecb 00000000 00000000 00000000 236af2f2 00000000 00000000 00000000 00000000 98dfbd0e 9b1b12ec 00000000 00000000 00000000 00000000 42d2bf00 083db102 00000000 00000000 00000000 b637f358 98fae259 00000000 fe77d401 f218cbf0 00000000 00000000
8,22825164,0x734617dec820db2cfb6dc750efa08ef30dc9236f,0x33ebb0d891e9c32f190ccc7563a9c388c9390470,0x5f60714e6021e48db0c580df4c71eee1f58ad0f17bf5a2f4a89bc9b2b28dc73e,0x525fd59a9c764bda350ea4a2ca484b87afb57a7dcc8ac4b6466861da4375ce90,29,vermilion,yellow,curly,large,00000000 00000000 00000000 00000000 7babe815 00000000 00000000 86d00d82 00000000 41f02cf4 697e3688 a241ccf2 00000000 00000000 1ac05228 4ac6ce9c 1fcbf6a6 00000000 0c934bff 00000000 316c227c fda855b2 1a7391a8 00000000 321c52f9 564e1a78 00000000 00000000 00000000 00000000 246dc5ed 00000000 00000000 ee6148bd 00000000 24dc066f 32cdb3dd 00000000 62dedac6 0abe5746 9f70013d 00000000 00000000 00000000 00000000 4c8ab93b bd2d473f 00000000 00000000 00000000 00000000 df1dae2d 00000000 6ad3f439 241b3290 00000000 00000000 9cd0c27d cb344f64 00000000 00000000 00000000 c9a27eb8 00000000
9,22825216,0x9e366c1405f7951431dbdeb53dcd57db342f55c4,0xd8eabce70fb24ea45d0d735c6c083a2e4fc64c18,0x834c5255528fa765b99dac6252c92df861bfd348983ae85972ee1637aee57864,0xf296afc3bc2a8ac9cab32d56f5f8151f0245dc43c181857205aa5b700ce3df39,32,sepia,ebony,vestigial,large,73fc15df 00000000 00000000 c306db19 c17de1d7 aec88e7f 00000000 00000000 77f27640 4f11bd1d 81abb18e e0ba2671 5f2f17c8 00000000 f018bf04 01c38280 77075546 b7671a29 00000000 00000000 00000000 535e8e4d 91f86e51 4ba6c011 00000000 00000000 52afd48e c4e467b9 00000000 00000000 00000000 00000000 00000000 00000000 00000000 00000000 61a54735 2b702786 7fd200d5 00000000 40dfdc15 4ae58fda 00000000 e40b80b7 aa224102 00000000 c3b0da97 00000000 00000000 ae030eef 00000000 71900be3 00000000 07fa1ceb 00000000 a6383b55 208b6d8e 00000000 aa41cca4 00000000 00000000 00000000 00000000 00000000
10,22825267,0xb403f53ee827030a8963ce363477e4ea98b2f679,0x69de3ddcc71b99b64561c1a7d8efa0c41fcc9ef2,0xfd631ec29bfa2e53201a9c8a1c791188715c789d466358dbcee114d5e3a62d1d,0x8a60b70ae611bd1b6fdecd44c2b710f40df2aa09a3ae0ef8051805fcfb740ba9,30,brown,tan,vestigial,large,29b9c10b 00000000 00000000 2dfdb915 00000000 b77f267a 00000000 fd475f20 559cadf9 034d29f0 00000000 71ccae32 00000000 00000000 00000000 00000000 00000000 00000000 f9b51849 00000000 fa1a30b6 480f468c 9c2a88f7 00000000 8b21df14 14e6fd61 00000000 8b5c53d8 2e7cef71 355d8d6c 84bbdd61 ce146aca 00000000 00000000 5032b8b2 306cc0fe 0f02bd32 510a2c9d 02ac9649 0a844fc0 96e0c54a 00000000 04e78420 00000000 00000000 00000000 00000000 00000000 00000000 00000000 00000000 b24eefb8 ece3f449 00000000 00000000 00000000 476c2ec9 00000000 4863553e 00000000 00000000 00000000 00000000 00000000
11,22825372,0x9446792a55da00f69d2c8be9099019934f532f06,0x79ca1748c2c90fe1d38e2a579259fc2cd87631a4,0x66df5c3f298e5633e3b69ec365398fae8b9b883db89b57d8d2aae5f74de51076,0x3ea37811fabba69289a40a36cbddacd094764f3f0bbd9bb9fe0054cfb5009704,27,sepia,yellow,normal,small,00000000 00000000 1dd08660 00000000 00000000 00000000 00000000 00000000 72f9767b 660d8d64 968cf322 00000000 a3a89731 00000000 00000000 8131e8bb 00000000 00000000 00000000 00000000 00000000 00000000 00000000 00000000 ebd5b200 00000000 e29fff4a 00000000 3b27f85b 08cd2013 00000000 ab842b57 c851658c 3c84d541 e6cdf28c 18949b1a 00000000 00000000 698bbdd3 1918ed9f 00000000 00000000 b04e5ce8 00000000 348b8c93 00000000 78c5cb51 00000000 00000000 00000000 00000000 00000000 00000000 00000000 00000000 00000000 00000000 8258af6c 396d79b9 a751043a 4f6a1ae3 a47dfa19 0cf04e04 a8043922
12,22825381,0xb403f53ee827030a8963ce363477e4ea98b2f679,0xb20f75e9a16117273d8e448d4ad6b2a9dfdb65fe,0xf7dc649e1a0ab6f84ed27a79f420ba58686931298ab0cadda70955159ebc1d28,0x0fcd07a5144889b1a0b2420a6a66f339c50b63129e5ec77948998bea7f3824c2,30,brown,yellow,vestigial,small,00000000 357d66fe 00000000 00000000 00000000 00000000 68b81ada 3335cfd5 00000000 00000000 d599b4ea 00000000 00000000 dceadf40 00000000 00000000 00000000 00000000 00000000 65fd28ba d802f424 750f962a 00000000 00000000 6c2c3781 011bec4f 2c9fd02d a627a80e 8329cd56 d7a44399 da65a944 00000000 00000000 634fe8e3 00000000 96e665d3 00000000 9001d462 15a8270a f0e784ed eefe38d2 d476aa38 00000000 4fc2df4e 00000000 00000000 00000000 f0ea3135 65726dca 00000000 00000000 cc232770 25bfec04 00000000 00000000 effb3ea7 00000000 00000000 00000000 478f97bb 00000000 00000000 5f35d59a 00000000
13,22825409,0x34e03f26217597a93d19cecee740af1bc3e85b18,0x1b61b137db35a320e1d6ef9f498aa19526b13c04,0x0f32b5da50fbe2b3853e9061b0e8826b8b35fbc2421f8722bb420a1238f7c0d8,0x1c932020ab26fd74d52901a8e014f99cc1a9be1c6710f94f2344ce63db82be28,30,white,ebony,vestigial,small,00000000 00000000 00000000 d94a3f99 00000000 98724ac2 00000000 00000000 00000000 c21dbfc2 53a447d9 c8808bbd ee2965c4 9f64d2e7 00000000 0688a586 00000000 d390db24 00000000 00000000 00000000 00000000 00000000 95db5d68 83c47ce8 b606ebc1 00000000 228bd93a 7dee37ec 00000000 c8d28b53 ee98d300 4869bbf3 c81ff5a0 00000000 00000000 00000000 f1051944 8512f7f1 00000000 00000000 eeb379c1 4cd1c5e7 0050c9e9 00000000 00000000 ed4ccb1c 55d6a0ed 00000000 00000000 5a87fde3 00000000 00000000 00000000 49068809 00000000 df632350 69c3abb7 00000000 00000000 00000000 0af0d5aa 00000000 00000000
14,22825463,0x1b1829e31d3f85210ea84c2b62f59faa47687c7e,0x7704dc5b25d71e555702d9ac80869058935910cc,0xb58844e6694f96e85bbe0c47e60400a009257531def2d0c702dec89bf3838fb2,0x8c2ba417c87d7ffbcd7507431517f7db2a2633337f504a5ca85e6f8564d5c317,33,brown,tan,dumpy,small,2c6b6665 d2edfc4c 345175a5 00000000 e2deb3db 00000000 00000000 00000000 7f7897ef 03628dbb 00000000 00000000 00000000 00000000 42cc42a9 be891f91 eb5cbcd6 00000000 241ec2b2 00000000 4602917a 00000000 3f856ae0 ed8dd756 00000000 00000000 da19c321 00000000 00000000 5f9c381c 1f1bfb00 00000000 8ed73cf3 00000000 8f165b11 00000000 00000000 00000000 00000000 f883debf ac721a95 a331c289 9944d4aa 69d43534 00000000 340b8e01 0e1ed8f0 00000000 00000000 a36142ae 34dcf668 0d3655fe 954f527e 00000000 33bd8eb6 00000000 00000000 00000000 00000000 932aade5 00000000 726f4050 00000000 728e3b99
15,22825588,0xe6e5a8b9c4a0cd805f06b565b6f2857923cc6b11,0x0d9d51751de4684c6e70c68af94d6aa4b902b398,0xd6645255c8decac6d608ebfc80557290d9e3497c5a6d75ce3211d8ea2ac11bfb,0x8cfbcfebb10483b3bd7b9ef338339a48a4e4ccbc5dbda1793530def189a1365f,33,sepia,tan,vestigial,small,80e7dda3 d91c5551 2eb8aa97 1eaa9dc5 053b7794 00000000 7e113263 00000000 00000000 b409a1bf 2b8e0038 00000000 60c62627 cf796f73 00000000 00000000 f0cc6f98 00000000 00000000 00000000 00000000 273c1c68 00000000 e6abc3d6 4113bbe3 00000000 00000000 77709678 00000000 00000000 00000000 8d20803e c5e654d5 00000000 00000000 00000000 9ff00764 cfb55ed6 a3760d15 f4726cd6 00000000 83a05991 b12e1be7 8cc650ff 37263b8e 00000000 446dd15b 4f2e5c5d 00000000 00000000 00000000 00000000 417c5fba 373974eb 00000000 00000000 2be2d088 00000000 dc3294d0 00000000 085dd062 9ef5a657 00000000 00000000
16,22825683,0xb1368c0b6e4dafbb5375c121df88154a3f72b299,0x8558407c41bf75422e656b85a5d7cdd87b2fa940,0x9f052f6e3f91a8c25eee585cb4b63209126b1f2453645c796b0831759c387160,0x5dc7c59eb1b7061592420533cdf6280f5919664b6463b75099bb5bb62f35c884,34,vermilion,tan,dumpy,large,00000000 00000000 b36b590a 00000000 00000000 00000000 00000000 8501913c 00000000 00000000 00000000 217f3bab 00000000 00000000 5d5682a2 cf5af472 ab6eba70 00000000 97664476 00000000 018a05ce b55fd7d9 00000000 00000000 e1413e23 0d33dcad d951d881 44c88c98 00000000 ddb06cf7 00000000 00000000 00000000 e0f04364 34f18ef8 00000000 a6b85af7 43a66189 00000000 75cbffe9 88e551f8 4147e578 00000000 fa0b3d80 0d03b652 00000000 ac6b4ee8 00000000 402778a5 b91b60a6 00000000 54c76034 9c849ecc e2b101b3 00000000 59c7fd28 0e85a7b8 00000000 00000000 295d7f4e bd5d5652 00000000 00000000 45f3d19f
17,22825711,0x18749122cc2211c977736f418159c2f440243bd5,0x3c8f3cb4f411b763dbda682aec0c3482461a35d2,0xd79d5b552cea25b5914f39d298be5f095b91fce4e0bd25bb63946e147da76b67,0x224ac7f972cb459afc7869ab10136b75ecea5dd0c76c4c51d2310a142d823a0f,25,vermilion,yellow,vestigial,small,1783aef1 e133b181 780f3584 ddf796cf 00000000 00000000 00000000 00000000 00000000 b39de553 00000000 5c67eee3 26f94275 eeb31f2e 00000000 00000000 00000000 d6763e6e 00000000 00000000 00000000 00000000 00000000 2019d2c7 bda32f01 00000000 2e7f3fcd fdbda315 00000000 3faecd83 00000000 00000000 00000000 00000000 3cb4ee04 00000000 7d314404 00000000 00000000 00000000 00000000 7d07fdaf 00000000 556c4c42 00000000 00000000 00000000 00000000 77ad1b48 00000000 00000000 00000000 c08984dd 16afcbaa 00000000 00000000 00000000 965f0972 00000000 00000000 02344183 00000000 fd2e7c5a 323e6210
18,22825819,0xb1368c0b6e4dafbb5375c121df88154a3f72b299,0xac9d6a3e7db6b8458d911f5b996c5a4fa1d89db7,0xa04feb2f11b61d68b5cdaf30a402d18076efdb0e0c4f9f4ad51983694d37bc35,0x1913317e3e034d3b379028cf7dfa718788d22b44b24e0553d1aef2b8daf0dd59,37,brown,yellow,dumpy,large,3f0beea0 00000000 00000000 de2abd03 c15962c5 00000000 d288eb6a 00000000 c917e001 00000000 c9a729f7 c7292c22 bc376788 00000000 1ebab1fd 1fb81678 00000000 00000000 00000000 00000000 e826c527 54887181 df05e6e3 f34ecd79 00000000 24fa8939 00000000 4eb343fb 29a6cd08 00000000 4746549c 45059b23 00000000 00000000 00000000 fd68d45b a7b2505a 0505c5ae 00000000 5219602c 00000000 8d114bf6 00000000 00000000 e1e3d94e 900cbdc4 381dd818 5d80dfbb 00000000 aeb9cd6a d94aec29 caab6c17 00000000 ef56b832 00000000 f5453a2e ffc07e19 00000000 00000000 00000000 abc04587 00000000 b63dbd81 c53680e0
19,22825913,0x18749122cc2211c977736f418159c2f440243bd5,0xe917d5bc1c66279939dd5a289ce4522e59c4bb61,0xfe3cd7c0b5927d3cad9f50a80a42ccc0e5815adc121c9b15786d2ef6dd51782c,0x86c1c52cc62fd3e6bfe49d96a998f1242d39c8fceb1435396c31d655be7c90a3,33,vermilion,ebony,curly,large,b45b31f9 4330277d 00000000 00000000 00000000 201eec30 00000000 9a638b2f 00000000 00000000 00000000 00000000 7ecab414 00000000 00000000 5faa26ec 00000000 00000000 1d728326 f9e4cfee bf43826d 0837ae65 2daa9008 00000000 00000000 e0f99de5 93bda292 340b2664 69fa22bd e987b4ad 00000000 39a86f5b 61de52f3 00000000 5bdbe70e 00000000 812da4d5 00000000 e14e1f16 00000000 00000000 1ce4c016 b812cf0c 00000000 a5082c7f 00000000 88460048 e868f254 1773184b 00000000 00000000 00000000 a9bede3a da4f79c9 00000000 00000000 00000000 00000000 49f967ce ea82e5b6 00000000 8dbafe39 59585d68 00000000
20,22826018,0xb528bf440e6c9dad0c15f7e5f4dc75655f7ae27b,0xfc1a4c8da900febd4504e716a0777c564567814f,0xefa72228639b9783031fd8c8fae54784c16ced45baa5d01911f0718e2fc25ff7,0x59996c47b793e83ec3b8d755d9bb61999a68f41cdac3ead360a353c9c6810426,24,white,tan,curly,large,00000000 274e291d aa5e6efa 00000000 00000000 121e8a7c 00000000 00000000 00000000 00000000 d576e2a8 00000000 00000000 00000000 00000000 00000000 cc4d614a 00000000 00000000 00000000 00000000 00000000 00000000 5b5b3e4f 00000000 c7f7c407 d92080f5 00000000 00000000 00000000 978e7366 5973418a f757a4a5 00000000 00000000 bf66bb4f 00000000 00000000 8a48d6bd 5103fffe c9316090 c7447ee6 00000000 00000000 5ee3cd2a 00000000 b985f0be 00000000 d08a7c2e 9d1831ec 00000000 00000000 00000000 b9504544 00000000 83776dba 00000000 00000000 00000000 00000000 00000000 99368e7f e88bf745 00000000
21,22826018,0x18749122cc2211c977736f418159c2f440243bd5,0xa10d8b8ec05a0154aad78672785acd92b3f6e226,0xefa72228639b9783031fd8c8fae54784c16ced45baa5d01911f0718e2fc25ff7,0x5085d2b66ad00c10545d8d1c1265eef9faefc52a856d1425969e78f791d833f2,36,sepia,tan,vestigial,small,00000000 3155a00e 00000000 00000000 f6b74ff6 26297c06 51be497a f0e33512 9ad94b3f f7a4711d 00000000 00000000 e5e92f00 eef2a092 00000000 00000000 00000000 00000000 00000000 6f68920f 5e68bccd 00000000 1d929ed9 c79a669b 14ddfed8 00000000 00000000 00000000 72be6f91 00000000 00000000 29954722 f6dd7071 b799b0dd ac20565b 00000000 7f309636 2de24842 7b9df6ed 680d9dd1 00000000 00000000 00000000 b9600c61 9677d834 45437901 6a235e88 00000000 00000000 68e2ff7f 780ee70d c4bc371f de9465a5 00000000 00000000 c6a88606 00000000 28f5437c eb70bad0 00000000 418dd1a2 00000000 00000000 d83a5650
22,22826382,0x23834a83a168310b6b0dc000f22f9a4f8ae86106,0x96df23d97acf7478fcc87850fe9e0b1a7f4873c9,0x654335d018c4f1d282f6ab85c9bedc8688fcdff8463d5ae8cc9328bd2cc02591,0xa1b883341ce6ca9a968cef2449683ac6eb736c79eb2598263ba63878e960b049,29,vermilion,yellow,dumpy,large,7e7d9c78 00000000 00000000 de9b0a8b 00000000 00000000 2b99abb9 00000000 00000000 00000000 00000000 00000000 4993037f d725cd9e 00000000 6b99a6d3 00000000 00000000 00000000 00000000 00000000 83608a95 9aeb3ef6 00000000 2e09152d 00000000 00000000 cc2ddaed 00000000 3e45cc5d 7965e2fa 7fbc3aeb 00000000 00000000 00000000 6f990d0b e2274248 516ab4eb 6b4ef5ee 00000000 00000000 00000000 00000000 49da25c2 50efde59 2e69e597 00000000 00000000 00000000 a0d8153d bc1b5fda 00000000 00000000 6ddda92c 00000000 20dd273c 0c8094e0 9ba8f5dc 00000000 1f30a5ad 0c5ed483 3047b178 00000000 00000000
23,22826735,0x0349cd3a83006bc4f057f553f221d69bd7a6c504,0x58ade89b8632c934628dc534e628a72d780ca82b,0xfc87098cf8644d0d61bb6f3fd5a8248a358a811b95d202ac7d56f71c469eb0b7,0x312bbc7d62ddfc71eab48b26de912a0a09eec49cdd7fc9be1c3560e3eb62c24f,31,vermilion,yellow,dumpy,large,3d2bb852 4c2fb084 d131a125 0377b269 00000000 00000000 5d97d6a1 00000000 00000000 654e4d45 00000000 00000000 00000000 00000000 4ebcf167 3523e86f 00000000 59577cba 00000000 00000000 00000000 07ad2536 ac429a0d 00000000 e5f283c8 a0ffb94a 00000000 c16995b8 00000000 2a20f203 0e9cf671 33d69a94 4b89fada c93c127a 00000000 00000000 00000000 094692fa 0746ec9e 8d8f3a10 00000000 00000000 00000000 00000000 00000000 c69664d0 01fb661e 00000000 abe0a146 00000000 7bc90ea4 00000000 e03f2520 b7116a6a 00000000 00000000 00000000 00000000 4c51d0b7 09e47e52 2f8d4acd 00000000 00000000 00000000
24,22828551,0x2d631f41f6023db409f15e1ccc337e69f62a8a58,0xf44c8f75e9809de618742c32f2c9bfd9baa949d4,0x179cc3272578aa7fa28bb318941de3c8fc12b546ef80f4e082fec42287e06193,0x545c7555e7798c3d9d250840d0d87f1cd549ceafb26012d4ca38c745dc340a44,27,sepia,tan,dumpy,large,00000000 00000000 261cea0b 00000000 00000000 00000000 9183a5ec 00000000 00000000 e03bea7c 00000000 cbdb66d1 00000000 00000000 00000000 00000000 00000000 00000000 a06adc3c 00000000 f639dbb8 f4384ddd 00000000 00000000 00000000 00000000 bf9df604 6c48e7ab 8e3d8b63 00000000 3408f77d 3c739c4f 7b81e745 00000000 ecfe28aa 00000000 00000000 00000000 8dca7b4d 00000000 8e80f65f 2e50469c 7a728658 00000000 00000000 00000000 cee0ac8d 26d9ad22 00000000 00000000 00000000 043d0223 aea57143 5bdc156a 00000000 00000000 00000000 328b6a22 00000000 6f98063e 00000000 00000000 8679b4ac a8b7e277
25,22829062,0x23834a83a168310b6b0dc000f22f9a4f8ae86106,0xc29ab59452464b935b278393844ad21cddea1509,0x6fe41e2d0619ca3371be32e6b15e29420b3709852054e83e4bac07ce09506180,0x55047375ed9861892d5f3b33e9145ee6182e12ca75c4d1cf1357bb1df29268e9,34,brown,tan,dumpy,small,225da547 00000000 00000000 16ef6a32 00000000 1d437d8e cf8a161d 3196ced1 00000000 00000000 00000000 03244e56 00000000 7f59ece7 c2105b33 00000000 00000000 fcad0ed5 00000000 00000000 a1e94545 00000000 00000000 8be84efc 00000000 1d155434 00000000 00000000 fb2d838e f5c38024 a521111c 2fe20aed c9967de1 00000000 a4752ccc de010f40 c846f19e 00000000 00000000 00000000 48af09e9 8fff6c93 00000000 385890ad b70de0d7 c3aa9667 00000000 08c58bab 9e9b75db 1615d502 58fff46c 00000000 5d491d95 00000000 03e05b79 00000000 aa7fa5ba 58f0d375 00000000 00000000 8cf8cf6f 00000000 00000000 00000000
26,22829612,0x0dd5ff179c68dd64fa712da08b550ec3a7d3bd73,0x5e001cf2b3f9f65d219ea512280ee45dda08e8bd,0x2fddf34ae8550fb3e122a70bbb39c1f3f466fb758f009ce4de5dc7739a2545c2,0xab357d8802380c4384a7e8666eb1ab7d5557a9d6542b53436c48b4edc25d9662,31,sepia,yellow,vestigial,large,00000000 3c9ae803 00000000 00000000 00000000 bc3b52f8 e10693b1 00000000 00000000 15da0e65 4569c917 00000000 fccca3bb 00000000 00000000 ecabc901 bcee9690 00000000 bf1e08b4 1acfa298 2eb75640 00000000 401d8ebb 00000000 00000000 b11c6357 00000000 00000000 00000000 00000000 eaf7daaf 9608f818 720373ae 00000000 745fc4dc 3a8f7ea7 00000000 1f5c5e50 3d919d9f f53ea6ad 00000000 00000000 152cacb1 00000000 65c13f54 ff83a844 00000000 e43014ad 00000000 00000000 00000000 85a2dfdb 00000000 00000000 cfd02b14 00000000 00000000 00000000 ac6fb258 d32c2cf9 00000000 569a8bd5 b7e2a39b 00000000
27,22830098,0x81b4bf458a73ea46fadd46ee8236e5f94c4eb8e0,0xebca41237e030a0d5eff75af0cbb3b0a0580b8c6,0x3ea316021b2d929f59368592913f9a78439c569e8d8fd904b24c0a92ac025558,0xaa3b9a75a97ef2b44091dc22d98d217c21f9a63e5ea1a1b61003fca7c5606b11,27,sepia,yellow,dumpy,large,7aeffb7d 00000000 00000000 00000000 fd18c942 00000000 00000000 00000000 4e37ec48 38b1e826 00000000 6a06f88e 00000000 d974b0c2 3fd9c314 00000000 00000000 00000000 00000000 00000000 00000000 4039e659 efaadfd9 00000000 bcf9906e 00000000 adbee044 00000000 00000000 00000000 46286202 728bbbbf bc609ad5 5918761e 9d4a262f 00000000 00000000 1c6a7744 00000000 98fabd1d 00000000 00000000 81885d9d 39934161 d364ef65 9e9cbd83 06b0ffd2 35d8a7b5 17b5351d 702487e0 00000000 00000000 00000000 00000000 00000000 00000000 00000000 00000000 00000000 00000000 ccef554c 00000000 00000000 00000000
28,22830217,0xa9a3dbee74753ccd9b40521d1f92f9cf2f49b9dd,0xc0e510b118ab3192d9784d7fd42c4235a5310e1d,0x3d1dc29d768e63c86097b5cc653975347357f223920bd888fd8894b9f3c294ff,0x2ae86205b39e6496ae5c9ea434517174eee5dff5447d03ab13003a88087e58fc,25,sepia,yellow,dumpy,small,00000000 00000000 a3faaa97 89cb0fd1 d23e8142 14d70247 14f2aaf4 6e47d427 00000000 00000000 00000000 09298085 913a504c 00000000 45fb5af9 00000000 00000000 b24d68de 836332f3 c32b401b 40bf9bd5 bcc49adc 787d62fc 00000000 00000000 00000000 00000000 abc9d384 00000000 00000000 00000000 00000000 00000000 00000000 00000000 be3466e4 00000000 00000000 00000000 d5f70900 00000000 16fe6e82 00000000 70e3685e 4e23979d 2f7dfefa 00000000 00000000 00000000 00000000 00000000 00000000 00000000 00000000 00000000 00000000 f3071a44 b4ed5fbd 00000000 00000000 000e963b 00000000 00000000 00000000
29,22830343,0x0818404d4e07ff38c42d15cff5d2f22fc907977e,0x7514ffcc12347363352d7cd402e1f6204b6f11ad,0xd2a33ac276c6b4a273ded2319ed858aee4308f3b5dbe46d87c79e201e11d1d5e,0x54cd8678151a98103cb5dd98423294ad3d3af4bee85544218f32498e17ad5611,30,brown,ebony,vestigial,large,24926610 00000000 00000000 00000000 79900c1b 00000000 00000000 00000000 00000000 212f9266 374a062e 00000000 c625b2e2 00000000 06ae2746 00000000 a2636fb8 00000000 d01c19ec 8cd41443 00000000 5e82fa7a 00000000 2b81c181 a8d1fe69 e7bb55d2 9d9ade48 00000000 71a03297 00000000 00000000 00000000 00000000 dfe6de45 d391579e 4e8e2410 00000000 00000000 00000000 b6fdfd33 b30d08b9 00000000 00000000 5e006282 00000000 00000000 8df4be6d 00000000 00000000 1cefa468 00000000 00000000 a3a8b3d9 f23d40da 00000000 00000000 8bffbc92 f186b35f c811b9de 3cf262d5 00000000 00000000 00000000 291c0a8e
30,22830421,0xb39e79d3540fc34f516af70574b94d4ef8f885d2,0xaace0d3b21d0ada3cfea210acaac555be1ddc986,0xe1e24b6d052e5a43b4d29d6eec12ba91ea116b029cb8f7a8e81b8458baac701d,0x06f50c465e087fd0df35c3b3b783f72c326412413c8a2f2bc2304d3418bcb319,27,brown,ebony,vestigial,large,a05f42b6 00000000 00000000 387b121c 4e735ee0 00000000 00000000 00000000 b2dc9fae 722b090a 00000000 00000000 424b474b 7dbbe088 00000000 4005e5ac 00000000 00000000 2391f757 b629dbb4 e5f46fdb 55c2acff 00000000 b8fca4c0 00000000 00000000 00000000 41b0eb4d e702ed97 00000000 00000000 00000000 00000000 00000000 f4d3427c 00000000 7feb9298 4d3aa890 00000000 00000000 6bea3144 00000000 43e66f9d bfcd114c 00000000 00000000 15321070 00000000 00000000 00000000 00000000 00000000 846974dd 748b2b51 00000000 00000000 00000000 3c7445f3 00000000 00000000 00000000 00000000 ff7d7c0c df66b938
31,22830576,0xac79fd6008b971723d16974cdb23ad70ecc00bee,0x1a76508e5462e2aee670d877bb69fbb658869ca5,0x7fafdcc42051f36b47a2c404b1ce2cdbbd883681a2bb80ec20cfc62f663b2ebf,0xff366588fd8ef23045ba1131a9737b48675dbc3a7f8a371f5b8194f3d16827da,32,brown,yellow,dumpy,large,00000000 a6d47c16 00000000 0ba18c11 ed643b2d 00000000 c8646c0c 25026433 7c9e120e 5050db4e b022acf5 00000000 00000000 4067c5eb 00000000 00000000 00000000 00000000 00000000 fe0d9299 00000000 0c9beeb8 14fdf687 00000000 20d41ee6 00000000 00000000 00000000 6dacf288 00000000 c7902d4f 94d243cd 5b5175c6 d7a6ec32 00000000 00000000 a1939bb1 0be00dfd a2c6af3d 276544a0 00000000 00000000 04b5c12b 00000000 ebdb1d57 00000000 00000000 4ff5b406 2917c155 00000000 00000000 00000000 00000000 00000000 00000000 081b5460 9d8463fb 90994f45 00000000 91040a14 26d2c0bb 00000000 6083786a 00000000
32,22830590,0xb7b53fe02da4395a562cb51bc8f955e021665dce,0x55cc7ebae017e9c28a00412d450d6f942290101f,0xaf37bf4425f06aea31170dc9d8ece3182a3160c962ba2e9187476843835363ac,0x2927c56cf47d8e5e8e32b6a1c16abb856626c0de84bf66b15c5786b41ba94168,29,white,tan,vestigial,large,00000000 00000000 00000000 79a03b5c 00000000 c03fac5a 38e46af9 00000000 fcd5edd2 00000000 00000000 00000000 00000000 00000000 62e9004a 00000000 84cec1c8 00000000 00000000 3f81c39f 00000000 d03d4127 00000000 04852be1 9e9b0d26 a66947d7 00000000 bf57381e 172e887c 00000000 00000000 00000000 00000000 00000000 be9f1ffc 00000000 c8639101 81d96e64 00000000 4d2a236d 00000000 14bef1d3 df399645 00000000 00000000 00000000 00000000 9bfb834e f2cc0de0 59e3c479 e47ee5ec 00000000 bca56ab4 00000000 a963490f 00000000 00000000 00000000 5fc2eb7a ba6ac378 13e3bcce 00000000 3407f916 00000000
33,22830738,0xbd5764383846bbd5aabc92ab9c9c2f9bbfa15a55,0xdd063ded5396744ae2af5fa4881ada312b28d92c,0x81b0c094f8d6c83b3f58b8369a843bad5e91e93118a2b3aee313217c01b0082a,0x26dbd326114ddf3e0ddf2bd4dbaaee1473813346f75a30c6dbc724a4d1c863d3,32,sepia,yellow,dumpy,large,53ec920e ae9eaa1c 00000000 00000000 8c405561 00000000 790be6bd 78831818 fe705ad3 9c9a10e6 00000000 00000000 00000000 b871f855 6e97c2fd 00000000 00000000 00000000 00000000 43b91b7f 00000000 00000000 44998569 076adf87 4fce54f1 00000000 00000000 00000000 9a38f6f0 00000000 b4b14b62 b638ba30 00000000 00000000 297e79cf 00000000 00000000 457c50ae 00000000 f8126498 00000000 00000000 a0dac8a2 00000000 00000000 f1e1ab0d 00000000 00000000 54d5f630 9bfbdfb1 4fcfcf3a 00000000 00000000 00000000 4c517ead 7fed1f07 654370ba 6744a010 00000000 5e806872 be5243db 00000000 a7292067 a85a0be3
34,22831256,0xa9db421e7f6afa0d7158d51bdc4aa279eb788e0c,0xc8d7be8ac78b94b176c99d24f7b6a0cee257bbf5,0x1847c4eed579b1d5838985aaedca79c60163a03bf2d56a38df224e37fefd49b2,0x8f13b2d8a96050cfdd554162b36194a4a77e7f15cb1cc310f999bbfad5a665c3,39,white,ebony,vestigial,small,402bbd0e 15b1ae41 00000000 00000000 00000000 00000000 7a63fcb2 d34f7fd8 d700f424 00000000 e834016c 00000000 00000000 b28ae8c9 0aebe133 00000000 00000000 33ae6f91 f74d50cd 00000000 00000000 550eb931 00000000 335ee6b0 1c7f9bbf 00000000 1c7a6066 00000000 27b59a6d 00000000 ab368800 620feb45 00000000 88c99e6d 00000000 857dbf0f 26f7d337 1dc739a9 fefc6e7a 68061ccb 3858eac1 9e9844b0 00000000 d54b6e6e 15aff772 50efd240 00000000 bd86fab0 d5c81124 00000000 00000000 b7845e5b 50e2056f 00000000 00000000 65892fcf 6e676517 00000000 00000000 2312e776 ba4f4854 3e0d4bb1 e02919f3 39e25c52
35,22831816,0x0e8fc50331bac5eb968b6106125c2643a98ba319,0xf084a1040ab5ae5bfe75f240cdb643241dc495db,0xf46dea8e52fc6575de617e5fa1b6052cf24294cdad1c03aaf1f9d2249fc0a03b,0x398ef8932458740d089244b555220125835362fa51003d60a695cf967be5821c,34,sepia,yellow,dumpy,small,00000000 00000000 ff1ccbdf 3f975401 d4060365 00000000 00000000 00000000 00000000 94995b39 00000000 00000000 00000000 00000000 00000000 c10ac8eb e7b8b8bf 00000000 46da0e75 00000000 00000000 67c9f6d8 1bae1b39 e4923d0f 90c76b10 fc54d95a 00000000 8e228d3d 817b81cd 11195810 631fd706 00000000 00000000 842d3147 b1f1ad96 00000000 993908d9 00000000 00000000 886ea4f9 98328be2 0db2197a 4e36594d 31c613d8 00000000 00000000 2fca3325 a0b0ae65 754343d6 00000000 30f4ee59 00000000 3e2e194a 00000000 00000000 b1114d6a 00000000 f18bb08d b6b43eca 00000000 00000000 128782f3 00000000 10f27b94
36,22832000,0xf410f5824a53bdeedb76f7d280bccad40538c523,0xd572e40fbd5ce38cf61fbfec4182d9f75cdc43e6,0x67a7e4262742efff8a39ce8a016b1a4f730ac91cc0d6393e75ca4a92a88b9a13,0x1807ef7cfedd61f3861c3f6a081767d1989cc5bf1055409678ae92623f70294c,30,vermilion,tan,vestigial,large,00000000 00000000 3d928da4 6a344c0e 00000000 00000000 ffe69822 00000000 ab150c6b 00000000 00000000 daa20e69 00000000 b0152925 00000000 00000000 00000000 00000000 00000000 00000000 bc3230cf 743c6148 c1029be3 00000000 5c89bd9a 4fe1aa77 1cebeb06 4034beda 9dd49e7e 6ba95de7 00000000 00000000 00000000 9053a37d 00000000 00000000 00000000 e4241db4 890342fd 00000000 00000000 ff43c4ae 00000000 00000000 042f002e 00000000 00000000 e02dda10 00000000 041653dc dd47e780 58fdfbf7 00000000 151230f2 00000000 a8106101 00000000 00000000 00000000 69f0b7e3 5c434d5d ffdfbe3d e916214f 00000000
37,22832055,0xa372af7cdc7e941d7282db43d98a5a52b3d4b67a,0x052a49ac4e23f393dc6125f4988c7db344016352,0x12937c7519b681f480a5b56ada988ba59ea21cca30f14c53d54eb96afce3ff17,0x2ca738bbf5230ab43208d7973672d81ba4f9ab156737f503c6e3275a4f4ca44c,31,sepia,yellow,vestigial,large,00000000 00000000 560d6571 159d5fc8 00000000 00000000 627c20e6 00000000 00000000 00000000 a5ded494 00000000 00000000 38957223 00000000 d3ee1101 00000000 00000000 ca38a7a1 17d7a455 00000000 00000000 847af166 00000000 68502176 ffb2ea65 a1b17057 86b45b1a 00000000 00000000 37dc6267 00000000 00000000 6929349f 00000000 7a061993 000f04d1 00000000 b4c06032 00000000 c1830879 2dd4694c d018f35e 00000000 00000000 549aeab0 00000000 00000000 d3d39cd4 c3aaf922 00000000 00000000 00000000 d9cc6cf7 cee2313b 8f22f386 00000000 79f711ff 986c2a7f 00000000 00000000 00000000 1fa172d8 16bf1a0c
38,22832148,0x9fe1c07a4b2ee2842eee679ae719bb23ed341c18,0x9af74b32ca75b234fc03769e0968b499da0b903e,0xafe74460c41f803a83132688726374990e52ac34b08b205fbe1a15f39b565b06,0x245d75b83518efdb315cdcdcfbf340c6c2d1900a4cdcafe813063bf10eaa9c0e,29,vermilion,tan,dumpy,small,00000000 c0455813 7242657c 07041ba2 00000000 00000000 00000000 00000000 00000000 00000000 5ba5b2ec 3644746c 9b40eb30 00000000 00000000 f4507f8d 00000000 46c102d7 00000000 44f35a4c 00000000 209004e9 00000000 420b30cf 00000000 b19a4775 76f15499 703291a8 00000000 00000000 00000000 00000000 e9d28776 00000000 00000000 00000000 80841b01 f720c925 a74f5645 9ec4ddc6 e89e2cea f64c1060 00000000 387c46b7 4f5c18a8 573ee13a 00000000 00000000 00000000 281dc4cb c43762dd 00000000 00000000 00000000 00000000 00000000 9ee5d0a9 d9d7e0d5 00000000 00000000 89d27f83 00000000 00000000 00000000
39,22832349,0x67c4b71569377c6624daf1d1f3460f1f13640085,0xe5d80b95e44fdc4757c421e17ac6e322f347a159,0x9babfc09808951b41625568de4a0a06e5f31474f4109aefbe7ade081d2229e52,0x805fb04ef9414569dab4a412f24607fb27d22ebdf5086b7c7e61db140ebc3b28,32,vermilion,yellow,vestigial,small,00000000 00000000 00000000 742cacc7 00000000 f87d00a0 00000000 00000000 45638efe 7bb7b3f3 00000000 1864ae66 fb8650db eec652f4 00000000 00000000 00000000 00000000 66b40f1a b1656b4c a9b837e9 33886b66 00000000 454cd064 00000000 b0159cf3 e9ba141d 2563d675 00000000 00000000 00000000 00000000 00000000 00000000 749898a1 00000000 779c5280 00000000 00000000 00000000 4327bd57 6ceda0fa 00000000 54f35f7f 507b54b5 00000000 d809682b 1fee3046 4fb64a93 00000000 00000000 00000000 00000000 b791bce0 bcfe9942 00000000 00000000 ac0e2940 595ee0df b6b28e1b 6a2e683c d710e54a d70c2b44 00000000
40,22832566,0xca6f14b85541f79aff1e985e6d6373aa142ef93a,0x89b41a28cc18d362404b4127c0669f2fd97d4749,0xc6d0e0a64a6376383a0395c61ca705f8c371a47e1b5c4c477f6494ff45b3bfca,0x2d772f1f22921a0c8424b35279056570fc6bf675fd21643936d91b16e630654e,31,sepia,tan,vestigial,large,00000000 57cd9425 8b98855c 453c753b 00000000 00000000 99ddd105 00000000 807b892f 00000000 733e9e6e 00000000 00000000 ec5ccbb3 21fb45bd 00000000 00000000 00000000 00000000 00000000 0a241286 af70898a 00000000 00000000 00000000 2d910ebc 5575fe48 00000000 00000000 9b720cfa d3b7e6a2 c4781332 00000000 9ef40ae1 f31498d6 00000000 7e1dc060 00000000 00000000 00000000 9025b2e7 c76fb6b0 00000000 a85f144f 2a8b090b 00000000 00000000 00000000 df630433 00000000 00000000 2e221f5d 5452767e 00000000 24805262 5f41a669 00000000 381077ab b357770d 00000000 ed52e1ec 7425d572 00000000 00000000
41,22832625,0xe5aac01d46d2aeb58a8ee19c457e2d0d023274f3,0xcbc51fe1574b08ce9d4fdf1a3682f9f2746dfc5d,0x0c7229b27f338444451c0964d916f2ead6f2ed2fa55ec31fcfd345ee7f31a7ed,0x7752f2584ca8df0707e8c72708e06aca405e218230f5cc45cdefd26b56b3c4af,39,vermilion,tan,vestigial,small,958cbb63 5c76026b 8019de6d 07f48697 00000000 9954369f 00000000 909dbe7c 00000000 00000000 945db92d 00000000 00000000 00000000 00a39a02 1b88c0c0 5d1f3ee2 f2380b1a 00000000 00000000 e925615b 17656d41 00000000 3ae571ea 00000000 23673be7 39d63114 00000000 58659608 00000000 65cd2742 00000000 b3488201 20ac3b40 00000000 4ab3bb31 00000000 db6a2190 89d4f758 00000000 00000000 e5a09ea1 00000000 00000000 56379c05 00000000 c1baacbd 779c03b8 993b32c7 1cbf1fda ddc5f800 fccb3ed2 00000000 84956495 cbcf6baf d7e34d85 98df78d6 00000000 bfacd1f2 b5dd5250 00000000 00000000 0ec704ec 2b06342a
42,22833209,0x1b25bd7ce0fb701d9aac3fd43fa221ac63e3fb3e,0x8b72bb66adb3e1d131347787cd338ee7db080884,0x8c7cf93e3e887c603af462f66f739bfb7c516d730a742b7e654b6888ceac8491,0x111599ca6ca5231d68fd2e7a660bed45bc2738ca0ae12c70a7ba7d24cf632eb3,37,brown,ebony,dumpy,large,3f892a34 c4b2c125 00000000 00000000 04458234 6c64522d 00000000 f19bdccb 00000000 6f5b1773 9ceb6c2b 359578a1 00000000 251203eb 00000000 00000000 fe9e1c5e 4bfb02a3 00000000 00000000 00000000 8c6a6bb8 24e89967 00000000 70f2e047 0065ff48 0bf05193 a2fdad91 00000000 00000000 f986ab23 478906ff 00000000 00000000 5fe92937 00000000 00000000 ac9a1269 00000000 00000000 164bad88 00000000 9f412aa3 7b78b940 e7f7a213 55df78f5 d652e0c3 00000000 00000000 a7371478 00000000 35d4bcec 727204de f49c1585 00000000 9e55f934 cd78deb9 6c5a5173 3f5df55d 00000000 00000000 a6195996 00000000 f0dd6c5a
43,22833253,0x2f694c711225e97dc71e2a98c0a186ae3e1ad167,0xa800a4318c5f83115a75fb05e44f8b2348d25e56,0xab03023b644b2debed0753c6fe417bd6155bd2d8823833bb8f5daad4b5705f67,0xe26c174fb8451ef803fdd052b0d1a389acc44a3ecee040306a83e4be67d05d00,30,red,tan,dumpy,large,00000000 00000000 00000000 00000000 00000000 00000000 00000000 00000000 edccb9e7 00000000 3b2bef55 3f33cd42 49ad6194 00000000 378db50d 00000000 00000000 00000000 00000000 00000000 48a6831d 00000000 a927eb45 b14703d1 cb04b259 92b96bfd 6bdc0c8f 00000000 00000000 aa8ad713 77458ff0 00000000 00000000 8efe0ad6 c842e923 c7d5d922 4072a05b 52d98c1c 00000000 2ca61572 00000000 00000000 7950d730 00000000 00000000 0238f43f 99fe9d1d c2bb70df 286755e8 fb95dcd8 00000000 00000000 00000000 00000000 00000000 c0a27b75 00000000 8db72b16 00000000 875cae18 00000000 2c390f82 e8d4825c 00000000
44,22833328,0xf04ecec3cac1ad5e55e03cb5842b07be2c2249c9,0x07d577f2c6cdfcf4f4bd614b7ede50781c8eac6e,0x4abe580f2f3eac150f5cc94740db8ae26561d024a3a7c993db8dbd690d23651c,0x0004f319381dd7deebdcf864dc33aaa138b0b8c0d8c935e805f317a3f92e6bc4,34,sepia,ebony,curly,small,00000000 00000000 7d5ac29a 00000000 00000000 00000000 e1ddd8ad be789091 c73bb094 280e2b38 00000000 1ed4b220 00000000 d3316786 af909ed9 00000000 00000000 ffcfe736 8be899d1 a447c78b 00000000 c6951052 00000000 00000000 2d2db7f2 00000000 00000000 0262e20b 9a36f48c eb4a2a70 d6846cdf 586c9def e77dac92 bad3cd03 00000000 00000000 00000000 ab16bbd0 00000000 fedf2fd8 b65e416c a18f6579 c096ca4f 00000000 d9cd6a98 00000000 00000000 00000000 160bbe11 405d8c26 00000000 00000000 adaa1d5e 1d6d5341 1cd2d345 1fdd00c3 0ee42de3 00000000 dc1878b9 00000000 00000000 00000000 00000000 00000000
45,22833392,0x5f30161457bc022e0280588a34de9aac6781a2c9,0xf2b0ada9148be32e07a2ad4c9efc768402e2763c,0x86618503aebaba09fbabcf3651a255bfe418a87340ba77b47922cf1d6b7e74a4,0xee830d05101d3f0e507fb2b3ec8fee12e6548eacb0a312375f03fbb8b53af722,37,brown,yellow,curly,small,00000000 b1773e74 00000000 00000000 00000000 2f516fef 00000000 00000000 75aa60f9 a561318b a73ebab7 00000000 714ec63d c0c729e1 597c7b0e 551c0ef6 00000000 3913e91f 00000000 e4201810 c41841b3 35d8b5d2 00000000 00000000 0746d5e5 00000000 7d9b7579 00000000 51892ecb ea171769 00000000 7471ea1a 00000000 00000000 00000000 405ffdb4 76510f2d fef781dd 00000000 ae0d4b4a 4a482d98 ff45df82 00000000 102f3578 de3e0f04 a70c1bdd 43c21f07 f77d40ff 6bf80341 7a4973b0 00000000 00000000 00000000 00000000 00000000 00000000 a28c72cc 3b02303c 228d73ec 8b276886 5d3fe770 00000000 c3f2c87c 00000000
46,22833588,0xba7ec7d0f21b404e896e18b3edc3d9dd8502905f,0x38bbb9705e999833437874d2b1e1a7b597e8cb03,0xbb3a1c93dc752afabc4fceb46e8429fe8212ada64ce2cf01ef8e4f2ac9daf96e,0x49866bcef59f662f3851edd3d85d400151e75107827f665188e8f9a804fb1367,31,vermilion,ebony,dumpy,large,096618f9 12fee3b4 026586a8 00000000 00000000 4ec29976 6121160c 00000000 547ee06b 59d2a272 00000000 00000000 feae684c 00000000 00000000 00000000 86ada2db 52791339 00000000 8ca9b204 5bbfa1e9 783ff6d8 f3c64409 8e69d069 00000000 00000000 ea106378 00000000 00000000 00000000 00000000 00000000 00000000 00000000 00000000 e0250a25 00000000 96fd63ff 00000000 77a7a87f 2263ab51 00000000 00000000 52f25b9d acee84e1 65c9e0d2 21e10112 dd8fb5fe 00000000 00000000 00000000 1bc8ff4a 00000000 a5553661 60e16d60 8b6b007b 00000000 00000000 00000000 316c0fe3 00000000 00000000 00000000 29371981
47,22834648,0x9fe1c07a4b2ee2842eee679ae719bb23ed341c18,0xfa89ffd3d6d1e44b09b1bd8d3c5333a4c1e35eb4,0x64744fc88e9be336b2cca8171321ce886235135073f746c8c9481a81b0ebd4e1,0x375fd441cf1f830a64e155ec7590ca9e5eb1af0f2d72af492e24c16e9c983f8b,31,sepia,yellow,curly,small,cedbc71b d6ebd488 00000000 9ccb3e32 00000000 00000000 00000000 161b77f7 92a18306 884cd3c9 d0acf793 14d67cef 0f9bcb07 0ec559cc 00000000 00000000 00000000 00000000 00000000 1afc7098 38353fa1 00000000 00000000 9cebd7e2 00000000 00000000 4cfd8ef2 daa69685 4b293fa0 00000000 00000000 62763960 00000000 127e864e bf368d2d 0b4c1c44 00000000 be0e5df1 c17b445c 00000000 0b0baf32 00000000 00000000 00000000 00000000 00000000 ebf11efa 8f4477a2 00000000 00000000 bd5c3b27 00000000 00000000 2ce6c561 00000000 00000000 00000000 c7bd811e 104d43bf b0f4a59d 00000000 b1beff0e 00000000 00000000
48,22834775,0xfa6b24f09f51c49ab35ce49a40058b14eaad3869,0xd070883ffa5f5f1cb8582e0f610bbff012ecdcdc,0x0eac99dc2f9c9a25a3360fcc199d6ab0586830c6b238e20bd30938beee9abca6,0xab1b49f85f07480bbe31c7ff8f5765e9ae223c5d49939cd0f65f12e4667eae61,36,vermilion,tan,dumpy,small,db008446 00000000 00000000 00000000 00000000 f1ce1e39 2ddc8388 00000000 00000000 684dd504 0ca1cc2a c3834c2e 00000000 bd0e1c01 00000000 f7147c11 00000000 75e459cc fc2dbcaa 2dc2c05b 2771374a 4bee2c72 9d737ce3 00000000 00000000 19269c71 c89a6169 00000000 00000000 0d8081b9 123a72a7 00000000 00000000 00000000 283ba0cc 00000000 00000000 52f7a19c 865fa677 9fa519d6 00000000 3ef1d8c9 00000000 00000000 17215358 00000000 00000000 00000000 71cf4080 fced1ec8 ef2c336b da75f25a 45eeaf7c 00000000 8a69a7c1 00000000 00000000 b59b9faf 5eabd6f0 00000000 d3af1cc8 f28a0b1f 5c99b087 19057b6b
49,22835056,0x1172030084703efd41930caf656a3dd5e7f57c59,0xe1e2b6ea324864ad739e3a211eba9e7ef0ae2fe2,0x9dd4d107e39309dd341ba86412d701feab92021f5718c094c8e544bbe857758d,0x5a33b219f5f35ad5801c13c4cd1f408e1531454ba0aceeadfdeb2f01b9738ae3,37,sepia,ebony,dumpy,small,bf6bf1ad 8658694f 00000000 00000000 00000000 0bd94c28 ef1ac2ee c7a65bf4 00000000 0f8e33f5 00000000 a199b767 00000000 00000000 00000000 93763d83 26f96c0d ed22f2ce 00000000 00000000 75caab2b 16245b32 4f07c547 00000000 447706d5 00000000 00000000 9c7f2c54 bf3da9fa c8d6e0bb 00000000 b74e52a2 a8a4dc87 00000000 00000000 00000000 00000000 00000000 00000000 00000000 11806462 6e38621b 9d4f7c5c 02f8a8d7 00000000 cfe3e436 00000000 00000000 8d7afe50 a2b7e937 00000000 47ccbe51 00000000 9f6115c1 f436a7a3 e2139e4d 59b1615e 00000000 63099847 8a45ec67 80c6a544 72d769b5 03bd57fd f208902f
50,22835203,0xc01dde207a84c71149cde8b3657c5535c208aa20,0x5ef1e8949fe923f01d758af82a1b23aaaf64065f,0x4c2902e2fc5d777ff37ec9bb7b44b6be0ccbf38e88a63dcf7bfd9acdb0db5cde,0xf470440d6931ee9788985b0d4816a6272049f0109e192e53cdf0a69593fb29a5,35,sepia,tan,curly,large,0b848aec 00000000 6f310b7d 00000000 00000000 af11276a 00000000 d7e44f27 6e25fd74 00000000 00000000 a7916336 00000000 b5036605 00000000 00000000 13b5ad97 d9107b59 00000000 beea5abe 4b4cce03 9de4da67 27713e16 dd75b6f1 e98134e5 cce2bf57 00000000 00000000 13142fae 00000000 00000000 cb2bfea3 905f70fa 00000000 9c20dbfd 00000000 96f4c63c 00000000 00000000 d0d3c53a 00000000 bfef9f20 dd247d25 00000000 00000000 17881663 00000000 91183571 00000000 00000000 00000000 00000000 763030e8 d04e62b8 84f36da7 6e70164e f364fcb5 00000000 40cff4cd db4b2404 00000000 00000000 eb5455fa 6b16fd68
51,22835229,0xc01dde207a84c71149cde8b3657c5535c208aa20,0xbce8b85d39f2ddc26eea1f4a2e54ce0eebadefb6,0x0bfe265f43f2e6acd1153352cc13a72a6c5a4b0a6ff55314a83fe89e09a700b8,0x4b097604f8a60a6c26e7ca9e31d00470748e65e629fedf8e91e9cfc10e71fd0b,34,brown,tan,curly,large,1e60f541 4982ea24 00000000 bb30aaf5 00000000 00000000 00000000 00000000 e0a0b9c3 00000000 a4683140 48fc6460 1e872ce8 8d70acda 330bb6f0 edf8a5c6 c7364892 00000000 00000000 00000000 5806484b 1f7c815f 832c42ac 00000000 00000000 d672d5be 0103bcf5 2b5d5dc5 00000000 00000000 00000000 00000000 4d44ec72 00000000 00000000 00000000 00000000 00000000 a4fbd697 3860fad2 c505d9aa 853db3f3 c0ea31dc dfca1322 00000000 00000000 be1a41c5 5f96be84 75ed7988 00000000 00000000 3a341ebd 00000000 7c39ec1c 3bad6e73 4e33acbd fca77e79 00000000 00000000 00000000 6dde515f 00000000 00000000 694ed076
52,22835382,0x346790c85882719d3806c1a7933dd7455a4f5b09,0xad58bcc2b0cc8f3d8c4fda61f02644870fb0e30c,0x06616022b2a13be01e2c0c57d5bfc4a3b6282c572cb164145dbdcf1e07201597,0x8e8c49dc9c5a844be0683b2078d2f0eb22d658d6bf3f2e5ffa1cfc6fb36c9014,34,sepia,yellow,dumpy,large,00000000 00000000 ce272a40 00000000 6e23cfb4 00000000 00000000 00000000 00000000 00000000 00000000 00000000 f6027878 00000000 00000000 891fa5b2 00000000 00000000 f1b9fae5 9bc289aa 00000000 6885fe4f 0afcb0af 00000000 b4a1e633 4b1d2c66 00000000 00000000 8dada4f4 9a2b7d8f 00000000 94f7e544 d886e3f5 eeea3060 20d5da0c e8f8ac5e 00000000 4e2dc001 f894ff9b 00000000 00000000 00000000 17958da1 dae1a18a ea04bcef 0f9f6e5e 9f6bd52f 1d3f743b 00000000 00000000 70b12513 aec50942 46b8362c 00000000 00000000 00000000 00000000 668af424 00000000 12448f41 d3d9830d ae2600c2 937eab77 6425f732
53,22835386,0xe0be2740456040536765022e7db612418e3de99e,0x1f99999bc40d831dbd6aa61946a2ed72d070b209,0x67c06b8b9f5ce3a8a76e0c4ae33b114d76d4ab6b8d98125f222a92ce884ace91,0xdacea4aef49cf895be6a53c2c93cafeb625ca31f2da4ab694461adee75a7ac37,35,white,ebony,dumpy,large,357ca49c df6393de ad00249a 00000000 e423dee0 a72c730d 00000000 00000000 00000000 00000000 29b6e27d a907d409 00000000 1e94939c 00000000 2b8f4e9e d7301144 3355cae7 58e76336 00000000 00000000 4c4a007a 00000000 ffa10059 d0e76d9f 00000000 d002894f 00000000 b3bc5f46 e4d9e87e 698af0d2 00000000 00000000 8ab09b33 d9d1fd74 afe324f7 00000000 03e3d9a9 6f8a8019 ecbec18f 4c536b1f 00000000 9db58400 cbb553fb 00000000 50a70848 00000000 4b9348b2 65effcc0 00000000 00000000 00000000 00000000 2f040375 eed43bfa 00000000 00000000 00000000 0dcb4fa1 00000000 00000000 00000000 37810b2c 00000000
54,22835414,0xbd5764383846bbd5aabc92ab9c9c2f9bbfa15a55,0xf72cfc4e9e37ca7aae70b2a5a46ae7aa2f1bc436,0x11f1cd85d773f29cedfc81c81a3f600a56b8397cd05db66757a1d10d971d157f,0x3d98339f7c8d4fa6c4fd2175779c1337078c6c4519d9861006aaee62f7ab7543,35,sepia,yellow,curly,large,88a32db7 811710f8 00000000 00000000 00000000 00000000 7c1d25a8 00000000 a2f9620e 00000000 953880d5 00000000 f7e03d96 169c7ef7 0bb932f5 00000000 8b4248af 379fc52b 00000000 40e6b414 00000000 d51f78de 00000000 b332b27b ee40da24 bceea125 6e9c5591 00000000 9e0d3e10 66526096 823e304d eb300625 00000000 3e8ab1a9 00000000 00000000 00000000 ea4fe784 5b65cf5d 00000000 00000000 f88c355c 7866277c d0fe060b 00000000 2dc2876b 1eb26be0 4758d8f6 00000000 b52a9653 00000000 c77455cb 00000000 84970e9a 00000000 225b4c3a 00000000 fa7b7396 19517394 00000000 00000000 00000000 00000000 00000000
55,22835561,0x2d631f41f6023db409f15e1ccc337e69f62a8a58,0x1b7ebec1cf375f4bc69159ec8d6fe24ce62b12e0,0x2ec9ce887c082d6d088b8cba26e99ac3a74e90a42d8155637e697aaf0d22eac3,0xdef8a1c4ef0c43bff931425e01e865ebd8f9e995b74f5a09374f579ffcc7ef31,42,sepia,ebony,dumpy,small,38379121 00000000 00000000 00000000 f560ef33 0d2a9434 00000000 00000000 fb199c8d b3fe760e e84caadd ea3ddf23 00000000 15315f0a b9e3e63e 90545a9b 18cc3ec8 942ac005 354f4639 00000000 00000000 00000000 96d47763 e209462b 00000000 00000000 b08bf923 abcdaaa6 640b61ce b5ecd79c af0c40dc 8d4742b9 76da27e7 4f0f6940 4e8ac881 ed1bdaab 6d8b22e8 00000000 00000000 1539562b d11e7b1a 5c81ef87 f3bda145 00000000 891fe4f3 00000000 9fd6fd13 00000000 ef87da12 c42163be 8ce0d47f d65e6ada 00000000 00000000 3049f8b6 00000000 152b790c ddc0e93d 61903318 00000000 6b964e3b 535e70e3 00000000 00000000
56,22835596,0xbd5764383846bbd5aabc92ab9c9c2f9bbfa15a55,0x1fe4fb8bca08f207f924b5b6762bd749c83583d3,0x7a494b49a3da0612f3578c8e70648018d4464bcce0bd79b6c8527beef1d85bf0,0x074458a2f63141b5074264598ddc4b44acb37ab1c0ee0926e8ca874101d05ffb,31,vermilion,yellow,dumpy,small,82c0c39b 26a7d77c 00000000 43ee5c7a 30c09849 b61aa46c 550ca447 8641e9ba 62d7a02b e91a390b a3b31ead bfc314b2 528958f2 00000000 d19539ee 00000000 00000000 00000000 00000000 00000000 677ca142 00000000 70586c41 3ee18969 0b59ffdd 00000000 00000000 00000000 00000000 00000000 00000000 00000000 9db00717 00000000 00000000 00000000 00000000 00000000 d6f933b1 00000000 1a35abe1 7ce29194 e3dc3b46 00000000 00000000 00000000 00000000 4e4b59ee 00000000 45dd9e4b 00000000 510c464e 00000000 00000000 6ab8d592 bdfab77e 00000000 00000000 00000000 26cee77c 00000000 68c8a8e7 d72c9289 c0e029b9
57,22835626,0xdb67846763415453a214ab8a9f7c14a0c8c99bed,0x77d62a459803086feb9c78bf14ab547f98ff4753,0x7dc9a3c3a68dc3b7586268dc693e9f3292144171eca6bbd5204a75e36a747601,0xfa5cce228488ee39fcaa9ff27c5330503c231ea692b74635fa7c710336ffcb68,37,sepia,yellow,curly,large,00000000 00000000 00000000 c96da16e 00000000 4b7a81b4 b3be4b40 00000000 bf81e678 818a2710 00000000 faf224e8 00000000 00000000 e522b865 c3dab2aa 8721327f 47102f5c c82e1617 80a26f60 e80f1cc4 14252b5d aabd5b9e 69e5ec57 00000000 4c0b28b9 fc18000e 00000000 09ebd83d c9b0972c 00000000 00000000 0181f443 c4a78305 00000000 00000000 00000000 00000000 00000000 00000000 98e11e44 00000000 00000000 00000000 0a3a8327 3dae2df9 47b309aa 00000000 00000000 00000000 fb289478 64a8bf96 46d76ac2 f16f3a7c 11fb6f72 00000000 00000000 b3078c56 00000000 b1fb16a3 6261912e 66846266 8436a5ac 36118642
58,22835642,0x1172030084703efd41930caf656a3dd5e7f57c59,0xdded4a3dd1231f8a609613f3278ad9f3008b4c6b,0x90ddfd3ce02e8628af4a8a1e7ec780cf935c273977f61cc7d99dbe36dfbceca8,0xdef9f7bd63a091bf7550a6953d0eac14635011e4f5bd3726f0f58d12d247eefe,37,white,yellow,vestigial,large,00000000 d6cd3535 0880e6ea f9595fbf 7284ff0a 9d34e89a a4497ab8 f75bb119 00000000 66ad9fe7 154d1485 7973e10c 00000000 2d43404e 78354c32 0a0bb7b0 aa6bf0d3 8ebb99c6 e8e0934b 00000000 00000000 00000000 421d97f9 00000000 00000000 c8d28885 00000000 00000000 55d9009e 00000000 4598b886 d7113140 00000000 7f1228e7 00000000 00000000 0b5e429f 00000000 00000000 00000000 7a883c5f 00000000 03265c7d 14bdc945 00000000 00000000 00000000 5cbdcd00 cd131905 00000000 4c81d681 00000000 ad9d99e4 53ec087f 22056429 1edef766 00000000 00000000 00000000 00000000 02d07be4 0aa26434 d063dc3a ea887ad7
59,22835867,0xf04ecec3cac1ad5e55e03cb5842b07be2c2249c9,0x22c63a7484a9f49da6a4eedbf18a925b1875e745,0xf04924f5803a06965646ff63dd0b112339358325d4ec73faa7ee37b69cdc42c7,0x21d709eecf5f0d14be73b55867f24f41ebfe56b1dcc4b6aea4d3dc6144675a1c,30,white,yellow,vestigial,small,00000000 00000000 ea0a1bc6 14d31a8e a57dc9b0 00000000 00000000 00000000 00000000 d39a6c34 00000000 80e8cb08 e16527e4 00000000 a41c2bf0 00000000 6f0f9671 a907170f d35aca9d 00000000 00000000 8d056453 37fed991 00000000 00000000 00000000 4ca060de 00000000 00000000 00000000 aa072606 00000000 90390b18 00000000 00000000 00000000 00000000 d9f0bbc3 19952a8b 00000000 00000000 00000000 ca204213 7204df0b 2f5e9201 00000000 8bd200a1 44e14f56 817d90d4 bab4aa1e 00000000 00000000 69c29b40 00000000 b6c31ff8 70f0f8e0 00000000 00000000 9282524d 00000000 00000000 76946577 00000000 09373d98
60,22836074,0xe0be2740456040536765022e7db612418e3de99e,0xa642a662fab0495c4d99bc48c41d78465571f161,0x4d0bb2ad76a622a5dbcc5082b47782b4d83064e84ea328cea190180e00e89f3c,0x0efdc90cfd1d47491e2bb889dd95e1528ab5f6aac376088345a5bffeb93c6005,34,brown,tan,dumpy,small,cdb6b27f 00000000 5a1c22b0 00000000 00000000 00000000 00000000 00000000 00000000 00000000 00000000 00000000 00000000 bd3e8777 42636ea5 00000000 00000000 00000000 a8fef8c2 ff9245ab 9dd0e601 4218dd05 00000000 00000000 c9bd72b4 00000000 00000000 59748c05 b41b0c47 7a44f160 00000000 452f267f 00000000 f0324549 94478dd8 7d9a79f3 178437f0 9548c3c6 1bd961da 98d119a5 6f986dc3 5d5a353a a17d94ce 546240f9 9e809378 76185325 00000000 9d586e5a cbacc354 00000000 99080697 00000000 00000000 64c128e0 00000000 d347f43a 4e237eb8 00000000 de3378a2 00000000 00000000 00000000 82c56c06 00000000
61,22836193,0xe0be2740456040536765022e7db612418e3de99e,0x60d4c16c0b3511a2c6886f72358eb35f8d67132d,0xd5ae2c0f0f540646ccf8a2115d46cc7272b248f1d7fce9c0f108eb1c93ec6638,0x1486651385645cb34401dce8798d8ba797a26aed272ef0f7368b572230bc3ebb,33,vermilion,ebony,curly,large,93c9988c 47695f10 00000000 dde780a7 12623973 0b4d55b0 00000000 c27af5e0 00000000 1708159c 79fc17cb 5c99bf83 c021037a 2a3b1adf 00000000 00000000 00000000 00000000 c74d6976 98fb414c e08b3f03 44ca7dff 00000000 f5fb368a 00000000 00000000 00000000 00000000 08c4787e 43cf12b3 00000000 00000000 00000000 cd4442d7 00000000 00000000 00000000 1dc8ead5 00000000 00000000 20a7912a 42d88b6c 48395ce7 00000000 05260971 00000000 dd54fadf 00000000 ba119f46 f48ff046 00000000 c9cde325 00000000 00000000 00000000 32c0bf9c 00000000 72085f9a 558f27a0 00000000 97b6bb1c c1a3d6f9 00000000 00000000
62,22836367,0xd6ed92a915f940db5d288b1724a4e45b20c4f027,0x101de532ab80ce5852c1bb5c43608c0ccf0ecaf8,0xa9f05888993cbae2388cf5b9b171698cabee6f93497842af5bdab8ac2c4e1773,0x38f6a7e9f6ecefc52be5e4915e55c43b0ca426e26a7037cc55456cac09441113,24,brown,yellow,curly,large,3dbc8663 99b08f2a 00000000 00000000 d54bc00c 00000000 00000000 00000000 7362cca9 00000000 00000000 00000000 c8f3f08f 00000000 00000000 00000000 00000000 00000000 6d3a4d8b 00000000 00000000 00000000 40fa99ba 00000000 57f3fb05 00000000 00000000 d78fdc3e 00000000 00000000 00000000 00000000 00000000 00000000 1d02e3e6 bb09ad49 00000000 c2050567 00000000 c04ee19a 00000000 00000000 588340e2 4bed8528 00000000 d8d95e15 ef1f5750 00000000 23b8ca1c 00000000 323deb27 00000000 00000000 00000000 4074358d 00000000 7dd3d1cb 00000000 15b173ef 00000000 972c0816 00000000 ea5677f9 00000000
63,22836493,0x62ff01f014f0da446e02a62392538f36a83a2659,0xd8688f65cb1bb2f34546cee51f88f936dee622f9,0x5830df653107065463d65347bccf9a6e14ca76a92a11df00bd51e555fc5be2f1,0x9ad4907e4d1ea91e8c8bee8d67d4236c73b4a65577e5a7f96330d7976ef00e4a,32,brown,tan,curly,large,00000000 9d26ad64 00000000 be963fdd 00000000 00000000 13558ced 00000000 00000000 ba02de9d ed3001a9 01d322ed 00000000 00000000 00000000 00000000 00000000 00000000 00000000 00000000 aed5f87e fcf1876f ee119780 aedcfa80 00000000 ae47894a a1878ad2 564da60f 00000000 615273d9 0d0433f3 00000000 09ac369c fab364d4 336586cb 00000000 f59b9011 00000000 00000000 e21ce94e 0be6a315 b6c837a8 7cc44023 00000000 65f1c349 00000000 1b8450c0 e85ea0a2 00000000 00000000 00000000 00000000 d64197a3 62c378cb 00000000 00000000 c89ae151 321665e0 00000000 00000000 00000000 0f9731ce 36a12ada 00000000
64,22836571,0x7a293aa02ef51e4e25394ffeeb5989ad4674cdd5,0xf28891443d2a6a7090e1c9f03e6626cdbb6d3a8f,0xad85bef04f8d5cf14463c7360d2a7ced1d01198245bbe7470337466a53c9ce1c,0x9ccd044449394ed06d355685df275fd9d344a96bde8d997f5e42a232ee430317,28,white,ebony,vestigial,small,27699b46 45697668 35a07506 00000000 5ca2fe65 00000000 00000000 00000000 de984e80 67fdf964 00000000 00000000 00000000 00000000 00000000 00000000 4297a73b a5e1bfa9 00000000 00000000 00000000 00000000 ab889bbe 00000000 00000000 9253638b 1cff2f9c 7019d1dc 00000000 cd18f3c3 ec27df28 7b0a1ea1 00000000 71c58a45 00000000 00000000 7bced2b4 ccd2e6d2 00000000 00000000 00000000 32283c6f 00000000 00000000 00000000 3f507351 00000000 e2a7765d 00000000 3f3125dc 00000000 00000000 00000000 00000000 07b9e852 00000000 00000000 875d36aa 90f5552b 69f24f49 33c1cf61 00000000 d67e2b8b 00000000
65,22836626,0x94de35a17ab7c0f3ca734046306743dfce6bfa2b,0x2e61c493fe0b234b76d65ec43554d1073a262f04,0x9b2a3dad6ebe5e9b2c8a29f6ebe245d831ca74219b1de3b3ffa4021e6b03191d,0xce25e51d27caa654cf783990156827a9eb5d0b03e2420453e09e01f042fafb05,30,sepia,yellow,curly,large,aea6c387 00000000 6ed3f973 00000000 00000000 00000000 00000000 00000000 2961e6cc ce2d87aa 00000000 eca0c3a5 79a3ea3c 4acf1a62 a3104a2f d299b29b 00000000 69cdc468 00000000 37e581de e4b7f326 2a231fc1 bbf6c397 f1c18e67 00000000 65c1b23a 00000000 00000000 00000000 00000000 933ff09d 00000000 00000000 00000000 00000000 00000000 63bbc3e1 52034e4a 522c2be9 a049dad5 3d84046f 00000000 00000000 00000000 00000000 00000000 00000000 00000000 00000000 67fd49ca 07519f10 473e9365 8cba0e5c 00000000 00000000 077ab87e 00000000 00000000 00000000 00000000 00000000 22215eb0 7fb4f2d8 0dadbfc7
66,22836660,0x7a293aa02ef51e4e25394ffeeb5989ad4674cdd5,0x9078729e0470d02220efb89f0ee8fcdd0ca27150,0xf70d9d76089231fd6badd8ea44e7587fb22357d69904408e2badfca64c2c3dc9,0xa7170949a77b1a1dea8430af74438e1dba2aaa95334a1c7e4bc28dbc20e707fd,33,white,ebony,curly,large,2e3574d8 00000000 ed0fe2e6 2ca79d1e 3b187a44 2f6e93fc 24024ba1 54fead56 2ac1904f 99090f81 2493cb9a 00000000 00000000 00000000 00000000 00000000 acde427a e3aeda68 de651330 00000000 00000000 b1202286 d82f2b8a b57dba6c 00000000 00000000 00000000 00000000 00000000 74e6fd17 00000000 00000000 00000000 00000000 6be6dc8d fab916cd 06192763 a9113ab7 00000000 afa85acf 7d79a1e7 00000000 d8e37329 8417c290 00000000 00000000 00000000 2475289c 00000000 4c098b92 00000000 00000000 00000000 00000000 81f77b94 02ab8a5b 4cf8d1b1 bd63e779 00000000 d5345c79 00000000 00000000 96f4228b 00000000
67,22836764,0x7a293aa02ef51e4e25394ffeeb5989ad4674cdd5,0xbf301873a28e4b62779f4ad6350be3fbc57b06c2,0x2c33dab622388e0f834cff5eca46fb0cbaf42ec713e3778c4e965a2cb21cb024,0x18ce5cdc7cd364eb09635325d2da81bd3f84361af697b52391dd620104fd865c,28,white,yellow,curly,large,00000000 00000000 e447a620 a663f3e9 9d01dc72 00000000 7cfa9072 00000000 00000000 6af3cc8b 737145b7 00000000 00000000 00000000 00000000 ea496a6b 5721043f 00000000 2d2745ae f30b8c0d e1f2b09f 6f5100b2 343ed674 071bc64c 00000000 00000000 8e5b26be 00000000 00000000 00000000 00000000 00000000 87498c53 00000000 00000000 00000000 00000000 00000000 00000000 00000000 00000000 2d69a3f8 00000000 00000000 00000000 2ddf4caf c29c708f 00000000 0c300c99 00000000 ed3a14a1 71b486c2 87231fab 00000000 05dee3da 185a629e 194b8b8d 00000000 00000000 00000000 72b6c5f4 00000000 00000000 115c2aa7
68,22836785,0x62ff01f014f0da446e02a62392538f36a83a2659,0x3b49eeffaa3676b6860da1271f525e6a2a0c8ceb,0x4b99a59e081f3c7596ab18791289117490adae807310e12044a0a8d0d74c928b,0x0333d5ecc5a73563ab7ba159cfc2b716ce48f666e255d717554e1134b9c46894,27,brown,ebony,curly,large,00000000 00000000 afc2fc11 00000000 21bb5ed1 00000000 00000000 0928dd37 00000000 00000000 00000000 803a7896 00000000 ed05b176 0344eaaa 00000000 00000000 00000000 1db722ad 00000000 00000000 00000000 9bafd2ee 20c95d69 1d95317f 00000000 00000000 140d4779 0f2d0cd3 cadc7a73 00000000 ec529b07 00000000 00000000 047cfc25 00000000 013169a4 df9c688c 00000000 00000000 422c517c 00000000 00000000 00000000 7b80ff8b 00000000 00000000 00000000 00000000 49af0486 73fced93 89ebf94e 00000000 00000000 eecee781 00000000 69d1998d 00000000 44c5a105 00000000 038a673e 00000000 6e41e538 00000000
69,22836813,0xf04ecec3cac1ad5e55e03cb5842b07be2c2249c9,0x91e4a2e82d1f302305ed5a71f3e52171e9fcfcea,0xb8836947422789de2fe0c427fbfd83091b53060930cae61da1a146351aaaad2f,0x265cb44dd3c1d4f452607f4b99bbeacf4a0bf69a69f2fdbc2b0ad181283fa3d0,27,white,yellow,dumpy,small,00000000 00000000 00000000 00000000 ede36e36 00000000 a969ff7f 77415ddc 9372a28b 356eb8a2 00000000 00000000 00000000 2f783f7e 00000000 3787ee51 c69d3b52 19ce58f9 ef7cb8c7 03a19e14 97c2b1a0 930f4d8b 00000000 00000000 00000000 00000000 00000000 43ba8867 00000000 09d5ef53 00000000 00000000 76125a6f 00000000 00000000 00000000 00000000 00000000 00000000 99ee593a 383e2a1e 00000000 00000000 00000000 9ea2dd4f 00000000 23ef11e6 b74067bc 00000000 722f7665 00000000 45bec075 00000000 00000000 00000000 00000000 442f9828 b0c03984 00000000 549d5d9f 00000000 8ee4b5db 00000000 00000000
70,22837041,0x62ff01f014f0da446e02a62392538f36a83a2659,0xf2d81be21e25800bec897f9ada254e557845cf80,0x3be37f2b0c19d5df56ef662044233a05fd30ebdd3379bf17366fd9ea4abea01f,0x88fe35914ea1cd003958a10cae240d5f59f1128c49d2dca9956ef14b810af1c6,31,brown,yellow,curly,large,00000000 66aece89 d54f7cb5 00000000 00000000 00000000 ac2f7ee2 89424ec4 b146aa98 00000000 00000000 00000000 9832903c 4e850b52 6128b564 20232aca 00000000 c8f88d0c 00000000 058110a1 00000000 00000000 00000000 00000000 34741553 00000000 00000000 00000000 00000000 00000000 00000000 3fa4a03c 162e2ccb 796f76b0 00000000 532e99b3 00000000 00000000 d07e46dd 00000000 66bf0aab 00000000 00000000 00000000 e3908a66 0aeb6392 ab463a86 77a9872b 00000000 50581995 93a1302b 9a186df8 00000000 b5c498a7 9f07e656 00000000 1d249df4 00000000 45a698f8 00000000 0d148027 00000000 00000000 ceba42ca
71,22837280,0xd13699e25eb3550ec997be63686ca837e4d956ba,0x580a46dc7c7cc0fee3f7f0c252136758a892a869,0x41f268c9ec0c95fcaab50cf5efc86c33b11733ab6f0e8cd3fbbd3ac1d9b8031e,0x840891c01a532db44843295734dc1858036e685b4839b928837acd3902ef1c66,32,sepia,yellow,curly,large,00000000 11299511 f75c4a43 00000000 00000000 31064f19 59b21741 00000000 00000000 00000000 5399821f 3628fdd1 58fdebb2 00000000 00000000 00000000 4568f52f cd025d2b 35ccd876 03e6481d 00000000 cb24361e 6e1baa00 49023ee8 00000000 1ad8eb62 00000000 00000000 00000000 00000000 00000000 00000000 3790e942 00000000 00000000 3d19767f 1712cbae d9f26f0c 00000000 00000000 0ef09a82 00000000 fe517786 f1c0bb8c 00000000 00000000 29b437b7 006633d6 00000000 b26aedcc 00000000 b61b70d4 b6199ecf 29202300 9972c65d 00000000 554854d2 cc68a2b4 00000000 00000000 00000000 00000000 00000000 666b12fe
72,22837353,0xd13699e25eb3550ec997be63686ca837e4d956ba,0xd3f5017ddfac28fa052eafec00f91fa4b1332f64,0x3df0c2ec3bb56e1aae0bd6694a036f0695407b52a6fa06bcec947109d29cf67b,0x6db98b9d84180c67803a07b46f472bf96b62e7409ef5d5b69fb5c41940ffdcfd,38,sepia,tan,vestigial,small,abb3bcb2 00000000 bfdd36c6 19c3c529 3e9a2d67 96b90d06 a5ee3ca6 6b866cc7 00000000 00000000 301ddc4f 523e1565 eebe2589 00000000 825f1a19 008d1e8c 62251e38 e7836329 fcc57731 c2b88be3 66c47593 122ef366 9910a8b0 a2c11eb7 00000000 00000000 00000000 00000000 00000000 00000000 60470c29 00000000 4c858141 00000000 00000000 213ac216 dd20ab42 00000000 00000000 00000000 00000000 00000000 c1768a87 00000000 00000000 00000000 9b9d2410 3c646f94 3c993932 00000000 2779afe7 00000000 e6cf4b4a 409293da 00000000 ca8c0236 0a0204d0 85bc9fcd 7e1224c1 14e8f925 a88bd355 00000000 00000000 cff0842d
73,22837416,0xd13699e25eb3550ec997be63686ca837e4d956ba,0x80b9da13b996ddd9b9bf0ca634289a953411587d,0xdb713c7077d397d75d3d62dcd32a1a39db70df2f26fc40cdf5d9d2e0960264c9,0x953c117ad9c205e6d12548ad7184ecbc8e30a1ab49d919d54a77059e72a61fb3,34,brown,yellow,curly,small,fb1a7c5c be40ae92 00000000 00000000 e10487eb 5cdd75c6 00000000 7f9600c7 9881c343 88fda584 4852d49b 72d32a33 d8c1ec1b 00000000 00000000 00000000 00000000 de3be1e8 4dfef7d6 00000000 00000000 285ae38f 00000000 7e3d7420 00000000 3c3aad5a 00000000 00000000 2f11cc29 aa9e89a5 b9091bbc 00000000 00000000 718e7bef a7a44705 dd2ac449 03cf8e08 00000000 00000000 d54c3604 f1ccc3ba 00000000 42e50aa8 00000000 00000000 00000000 00000000 00000000 4d49fd22 c3a22fb8 a12b0369 00000000 fa8073a1 20fb0ea2 90d9534a 00000000 00000000 01be4417 00000000 cea09426 00000000 00000000 5fcf760f 00000000
74,22837549,0x74107b9b65801d477d5a7980905beecd72b57a29,0xa63ee5e416ea523a6bbdd0b6c40b07420aee48e3,0xf56916ca89a846c089d8726810f5bc49e728964c84b2ecf075edb4ffc62077eb,0xb1115992c3bdf1e40b2be51519779e8b699fba1ce85aaf92fcb6aa545f1ed694,36,vermilion,yellow,curly,large,00000000 00000000 914fe6cc 00000000 0e07b1a6 00000000 00000000 ce22c590 00000000 a30329a9 94a49665 00000000 1ff5c85a 00000000 db1d65cd 7fb6d250 00000000 084314df 0ac8fcfb f1f53371 9e0325da 00000000 00000000 00000000 87a10c0a 9ed9723d 4754a138 d2e5fb52 9a3e8f43 00000000 d80a5134 00000000 00000000 00000000 55ccd555 00000000 bef2392a 00000000 2c11ef85 00000000 00000000 94c08eb0 00000000 665d9f1f 00000000 b1cff65d 00000000 1b63c3f9 00000000 1a1d81fa 9738319d 00000000 9de7bb9d 1d29f9eb 00000000 1ceaeba9 00000000 00000000 dc446698 7f923ecd 3476993b 1ecef3a7 0bfc810f be63e265
75,22837973,0x22b033b7212cb9b8a8bce73dbad80ed77a229322,0x69942e7ab28922b4b2734084afaa2ceabbe2d615,0x62d56bb15bcdad94674b29a0a2a50c4de4bc49ed3b487d3c4f7997d305024402,0x1a681beaf32542f61c2d7c944a187ed1fa070a04c6f35053054e971061cac25f,28,white,tan,dumpy,large,26c4ecef 84896ede 08ae9514 11c3c899 fee37dd7 00000000 c1fe878d 00000000 00000000 4a974a70 00000000 00000000 00000000 00000000 b043ca24 a179462f 00000000 f6c90842 00000000 38bde9df 00000000 00000000 f77616b5 df4f86cd b49f4fc9 00000000 00000000 00000000 00000000 a7df1686 b79da5cd 00000000 00000000 00000000 00000000 00000000 17d615bb 00000000 00000000 00000000 b046e936 45852eb4 fbbb496f 00000000 61c29f26 00000000 00000000 d2ee953c 00000000 dde1c060 90ea29b1 e7f4c16d 00000000 00000000 04823972 00000000 a8b7cdc8 00000000 a2e47210 00000000 00000000 00000000 00000000 00000000
76,22837996,0x3f62ae0c7ed24dcd2b52c1c224296519b02df00d,0xc08e67ac65d192ac88a5ddc3125d572c454d2e74,0x93c30084a833b19aa260be026fb9783a753ca75a0b7877b0258ae15ad8df29f9,0xfe2fec8a4e0e622d2505ce2c11fe2f97bca1fba63ec4cba9dc909ea7fa063def,37,white,tan,vestigial,small,871aa17a 9eabae67 e9ee6555 1d55998e 00000000 9adde1ca d62cdfe7 f257540f 31993a56 00000000 18703794 faead78a 4e4d8c65 351d2939 00000000 00000000 00000000 9323e15e 507436a6 00000000 00000000 00000000 00000000 00000000 00000000 1fe00582 00000000 fb462a78 2e29b1c8 74d4d91b 4e8c5530 bda74a33 f4fc4b0b fb4eff74 76fa5164 00000000 00000000 a384f6c3 00000000 ca7be70a 00000000 9e20933c 4e973f5e a846ac31 8f1da63a 00000000 00000000 ac6d48bf 00000000 00000000 00000000 00000000 00328866 00000000 00000000 38a10e0d 00000000 00000000 ff53c593 3f1f6644 fd1ea76c 00000000 04bbdced f3167a46
77,22838173,0x3f62ae0c7ed24dcd2b52c1c224296519b02df00d,0xd36243df82c9eb98ae4732bf5ed21dc99f244198,0x400365cd325100cc1bd086b53776036d2604996d46040c606dd9c63dd84828cc,0x0e8895b56864f870c53597bc033ecb514e6c4f993153cbb28e7adf4604ac7c62,32,sepia,yellow,vestigial,small,00000000 a7d7377f 00000000 00000000 00000000 ff37c3a8 f7c6ca25 00000000 00000000 00000000 aa3d05e2 262d9c6d c6d23af3 79c75b9c 6f55f251 00000000 00000000 00000000 45a2b513 a90b4626 00000000 b8dac19b 00000000 d2d74cb5 00000000 00000000 e9003412 00000000 00000000 00000000 00000000 00000000 00000000 107466b7 7cabab95 00000000 00000000 00000000 57dea53a 00000000 20ddab19 68c15e78 3acbace5 bbfad2ba 0e958462 00000000 30db9d10 d398fa1a 00000000 fc26f4a6 00000000 1c14fa5a 8bfa8484 2d9f912f 2b0d8ddd 00000000 00000000 2c4033bc 0bd65224 6325bcf5 00000000 00000000 00000000 be50e8a5
78,22838219,0xd6ed92a915f940db5d288b1724a4e45b20c4f027,0xcbd5f2a04bf07c1e74572037b0040d0e1413b993,0x6406bdbff17ff0e5e09f41b115cc3e3122b0cd4473deb6e78cad2ae951fd5155,0x4e9884b676d3e43638eb9983ad7e37c7dd603ff060f18b33cd589a7ddcb27d06,35,sepia,yellow,dumpy,small,00000000 8a18fa3b 84b0f5b1 00000000 00000000 00000000 00000000 00000000 72d0bd7f 00000000 e1e54f38 447af030 3da5665e ca93e186 d2c10dc5 00000000 00000000 bc382aa7 00000000 00000000 af156444 5cf9e6aa 00000000 f53851fd 00000000 00000000 3103c18d 688d91a8 9323586b 00000000 76cba264 ee137a10 f56912e4 00000000 e02b7239 3282c9e3 d4ae8c32 907820f8 c8f92012 00000000 00000000 4b11ae8d 00000000 17870b94 548b2106 00000000 00000000 b638cfcc 00000000 00000000 00000000 d84541a5 d4afaaf7 00000000 adfbc2e2 00000000 ea5cb57f 00000000 d449d802 078d330f 00000000 00000000 7e91f5b8 f10ed544
79,22838515,0x3f62ae0c7ed24dcd2b52c1c224296519b02df00d,0x9bd26258a538368538cb80233af1f289db0ff4e4,0xeb7e555d7165cfae8c2e24f9ab6af46f12b86bc8d034084a7a0adc758ff26479,0xb4b525a92ecce0a1e909b2499b5e36357091320d796719b5ca4f34e0b4b0fc73,33,white,tan,curly,large,9ad4a636 b8ad5e42 00000000 00000000 4cdf24d1 debc7720 b9378fbc 00000000 00000000 00000000 75fffdf7 6decc75d b5e46d61 34859841 43174c1b 3ed3157d 00000000 00000000 00000000 00000000 9527b883 1f3ef262 00000000 45d84db5 00000000 00000000 0a5f0c4b 00000000 f7fcd8e5 45c95712 00000000 7f5323f2 00000000 00000000 00000000 00000000 00000000 829ffef0 7384d26c 8e56dd16 00000000 00000000 8b854ff6 00000000 457c2fe1 0d067276 00000000 00000000 375d26cf d1119b42 03f65a23 74439055 00000000 00000000 82559c07 00000000 00000000 b5bf820b 00000000 bb501384 00000000 00000000 d45c89dc 981454a8
80,22838617,0x0420e243d8ab4a22dadded1ead8cdcca14074d7c,0xcbbdf5c485fdfaf40ff7e5fdcb09f074ea66f520,0xe88f1e2b64cc902f0710335a971536f69f38e78258608367a0564532fd74f496,0x8136a360fcd884bee0569085cbb8ff0bba13a02088737ca54705c8c289c13787,27,brown,ebony,vestigial,small,cd677a11 f111fd08 3e293cc1 00000000 00000000 00000000 00000000 8e3e389a e4971c12 f4623813 334f8780 00000000 4144d860 8d271b65 00000000 00000000 200d3dcd 00000000 00000000 00000000 00000000 00000000 3764f99d 45ff4253 19f75936 00000000 00000000 5817e89c 00000000 00000000 00000000 35631cab 00000000 e2ff27cb 00000000 00000000 00000000 00000000 c52e3075 1b88e7f8 00000000 00000000 00000000 09476032 00000000 00000000 00047f1b ad684a47 27247647 00000000 69f6456b 00000000 00000000 00000000 00000000 00000000 791e7cf9 9da323bc f2c87043 00000000 00000000 00000000 fa6bd55f 00000000
81,22838676,0xd6ed92a915f940db5d288b1724a4e45b20c4f027,0x61c1c5efc3b6efeaf96ddb1c2e7f7baceeb6cbf3,0xc013a1a724be87d7386c3c1dc53efc70ea37875a7b4368b2af34f8aea8ccd8b4,0xd132170add9ed63f506ba8834e492e7f449883dbf3f1e58fb105880438f3a1bf,28,sepia,ebony,curly,small,49846620 9fb6d14d 2c06f7d9 43b6a2d1 5c847862 46799d1d 00000000 2e373b3f ec1d9101 00000000 00000000 00000000 00000000 7bf8a324 00000000 3cd6a51e fe51204f 187aafef 00000000 00000000 393f6f8f 46effe88 4e3c56f9 01056b94 00000000 00000000 00000000 9b223d5e 38c4b4b3 d250f061 00000000 00000000 00000000 00000000 b25be855 00000000 00000000 00000000 00000000 00000000 00000000 00000000 00000000 a16fbd48 00000000 00000000 00000000 e3250584 8773ac04 00000000 4087a03b 00000000 00000000 00000000 00000000 00000000 4e8bfbcf 00000000 00000000 00000000 8dce524d d72d1024 00000000 fbbc7346
82,22838838,0x0818404d4e07ff38c42d15cff5d2f22fc907977e,0xbb32f964cc794c641ff96f12c58e538815019d49,0x656f84dec1bdeab5edf3538f75ac23339bc335e7723347525f67693e2fff51f0,0x03deec5cf5df67254450b768da6ab9c8ef4356cce6e6bb8a542452c1757f3b1f,33,vermilion,tan,curly,small,25d86b0f 11cc59c1 0bef8a85 05101374 035e27fc 00000000 00000000 00000000 07e51f3d cba3c90a 00000000 75c1c9e0 2a3afead 8a9321f4 00000000 00000000 a9127e30 b2018ae6 0e08a161 1feffda9 0e06ca5c da7b3ce6 d2cdde6b 00000000 2f049c17 00000000 82627f61 00000000 034c22d2 98089e53 bb5d4ed6 00000000 5c192e07 00000000 00000000 00000000 00000000 00000000 418e420c ae241287 00000000 185aa907 00000000 00000000 6749981b 00000000 9889531a 00000000 00000000 00000000 068f8056 00000000 00000000 bfdcf5b6 00000000 00000000 00000000 00000000 992ebba8 00000000 6ad9612f 00000000 09ed7083 00000000
83,22838990,0x0420e243d8ab4a22dadded1ead8cdcca14074d7c,0xf66d004f8754e1dc3eb7a569c01ccdab046c3696,0xa0225d2c3f441cfd2f8e3aad5c3820b55b2fcf9a51f8a07410fcc0430c6df43e,0x3a5876bf6fd0877594633e7c7d908ad9bd6272a2cb4920b2e97835c473ab4a9d,34,white,yellow,dumpy,large,b070214b 00000000 7cb79324 b1543851 e40cbb91 00000000 00000000 f8713ccd 00000000 7101100f 00000000 7758378d 00000000 00000000 37ca33b6 00000000 75fc26e3 6ef6bc33 00000000 591451f9 00000000 9ace5f58 00000000 80baa9e4 bbf82fd2 dda4ed19 00000000 00000000 0d29f931 5b82171c d95e040a 00000000 00000000 00000000 6ac93575 00000000 00000000 00000000 743185b0 73a71579 47dcac05 00000000 abc342e0 00000000 4945ffdc 561798ee 00000000 00000000 00000000 00000000 00000000 b23cd393 4eaa0c7a 62d6fa7d e8f24b98 00000000 40455c7a 00000000 00000000 76c05fac 00000000 3043b923 3e4028b7 742d0068
84,22839020,0x45828555f1ccd93c76f7e1b19822e7294946415a,0x5c8bdec4e14abafc25497ba1ad16b28367ee0638,0x61e17e85857a30b82ba54bd4c420551f50db5b7e4ce927a566e76ab9003f1954,0x93c46c08f4fe5e18cfa7c0d4ddb69bdf7a97f9bf26a8b82c70cc7fd18f9c7c71,36,brown,yellow,vestigial,large,fea564a9 00000000 00000000 00000000 5c3bf635 89f478aa 9a630f35 00000000 00000000 00000000 60346bb0 c09badf7 44bd3f99 a69ee584 422c5b8d 00000000 00000000 00000000 eaf63aac 63ae16e5 26d3bc1f 00000000 00000000 ccd16152 cc72ae85 236a6480 ff554908 a9c279be 00000000 00000000 00000000 3bc361d0 63bca1cf 00000000 00000000 00000000 a5ad710c 00000000 a417556d 3a2b3849 e22e4ece 2d66c472 6e442ba8 b39e8b54 a984646c 93151929 5916f753 00000000 00000000 00000000 31d329a5 68ae82e0 00000000 00000000 ec411d8f 9d7094da 00000000 00000000 00000000 00000000 10cb3b49 0dd0758b 87ee774e 00000000
85,22839084,0xc9d6c183b4acafbdaf8c398adee039f17c86321d,0x4d2ce0e48293db80c546ce62b504bdf3b776cf67,0xe1455ec4902d8b3e0053b8bb74556ebd0f8ee557acb3946f572c366b772b9d42,0x43361d5893474255b9538f803539004c0fcb589d85c340d98563dafb505b4f32,34,sepia,ebony,curly,small,00000000 e5089e70 00000000 00000000 a8f593da f2f149c4 00000000 00000000 46ebc82b dd482b26 6c186d67 32fccc55 00000000 00000000 5e465efa 00000000 92bfd6a7 e7879025 00000000 c7756e2e 0d68f4d5 00000000 bbae9a57 00000000 00000000 00000000 00000000 00000000 38c2b6b9 00000000 d02f90a5 00000000 573a2601 b92907a0 00000000 d3e0524d e43c1b7f ff2c36aa e781d9ef eb8b2ddb 00000000 e09edddf 00000000 c4df0162 2a1e3948 00000000 12618a44 a1a3532f 8e7e9be3 a754776e 00000000 00000000 00000000 50631da0 41265d82 00000000 14bee79a 00000000 b216cea1 00000000 00000000 00000000 00000000 1dff2dac
86,22839111,0x0dd5ff179c68dd64fa712da08b550ec3a7d3bd73,0x3c773b21447d5b6e7d7026a9b15166d7cb4a848f,0xf6f384a097a957b8ad16afa4b4c2a5ad534120f966cabd30ce578c8f665d1da3,0x6423a4b2ff8738e6b515d305ff547078e1cc55c60a0199412a8de9e5f5ccc349,34,brown,ebony,curly,large,930b0f56 00000000 00000000 5482b13a 00000000 00000000 939ef144 00000000 a0dbd5de ba30eb72 00000000 00000000 00000000 00000000 2585a36b 9d838863 00000000 00000000 b14e235d 65ef31ef 00000000 00000000 057ddfe2 ed82fb3f a6475eda 00000000 c50dd958 00000000 fcabe020 a4b853e6 1808d304 5f1e1010 ee556d89 00000000 3f2015f6 00000000 00000000 5dc563ea c877c053 b47ff6b5 af0321f9 00000000 00000000 fe54c29c 00000000 b48baf9b d21a3d1d 7f0fa21c 416ce858 00000000 f48f63d9 7494b7cc 00000000 00000000 00000000 d880a470 00000000 ce8a851a 00000000 053c4c4b 00000000 c5ff1ba2 00000000 00000000
87,22839141,0xc9d6c183b4acafbdaf8c398adee039f17c86321d,0xc2c273f0475817449f1cb0e26f025bb003ed833b,0x4bf3ccb1eb73eaf77b39c593654a09774c22572cf56bcf7c86bc91fd1a85688d,0x1fe0f06b5c5328fd416b51a3277956a6af41abce3805c06d4f0bdc60d26e7a33,33,brown,yellow,vestigial,small,563fced1 09e6a90d 00000000 00000000 ed151b26 69a59601 00000000 00000000 00000000 fc307fb9 00000000 e536a7fc bbf81bf9 434726e6 d5314e1f 00000000 00000000 ad97b1f3 11edc02b bbe4fb21 00000000 2b514a5c 9788ad1d 00000000 00000000 f684baef 00000000 00000000 b0cedaaa 00000000 4dd93d3d d307e9de 00000000 00000000 00000000 00000000 00000000 6f9f0bf5 518a5b5f 00000000 00000000 00000000 1222d4ee 40c34e7d 0a3a3dce 00000000 d5b3a51f 820de7a3 9f3dc77b 48dd91ae 00000000 a238ed0f 00000000 00000000 00000000 00000000 c8773a13 f916bce8 b4078178 8136aace 00000000 00000000 5cbc5b86 00000000
88,22839156,0xa2e8a61f22e3b61c65e9b2b068012b47081bed7c,0x58299b2d032fceab016574d4747667ece7714ed7,0x59c37db7e7520336b8468e136180591de3a2def628f4124609d110c29febddcc,0xa23e024ac1073cec2fca5f3b8b3b190ba885269e28ae4e519d060c47d98fd712,31,brown,yellow,dumpy,large,00000000 5640b443 00000000 00000000 fa51b8e0 00000000 00000000 00000000 c93b7021 e488c1ae 0242ecb2 00000000 0a437586 00000000 87263c39 65f8f983 17f83a92 20623350 417d222b 945d8112 00000000 00000000 00000000 87af77c7 132bf192 00000000 00000000 cef5853f 6f7f96fa 00000000 b0917432 b4ae9fe8 7ca5ecf0 a3e0a0f1 575a0445 00000000 00000000 00000000 cc190203 00000000 00000000 00000000 b51f2089 6ebf533b 00000000 00000000 00000000 00000000 00000000 6c9ceabe a332fa4a 00000000 00000000 00000000 00000000 00000000 ea5a7151 00000000 dea09a00 b2205d87 cc8ca913 00000000 00000000 a70932a1
89,22839202,0xc9d6c183b4acafbdaf8c398adee039f17c86321d,0x7c5ec6b5b8b6067fffe673d31606363518ea7a1a,0x870a4773991a19020c4e0db49f9b5f5a3a548d97b35a0d3124e7a8eaecaaa7e1,0x6ef36e59e6574221b1d0c8dd69cc4478b4832516a4bcb31601dc76744c8dfb65,33,brown,ebony,vestigial,small,728b4372 00000000 486eb2aa 00000000 00000000 19433801 9ab268a4 00000000 37de0b4d e3841697 00000000 c9bf8ecf 06dc0e11 9dbe3644 e88e8134 c854117c e39c485e 00000000 87522383 a101c608 00000000 00000000 00000000 45a0edb0 00000000 00000000 8fda27c1 1ae8c253 00000000 00000000 b5bd1a54 00000000 00000000 00000000 936dc01a 00000000 c1a20bcb 1206aba5 768957cb 00000000 00000000 fec087f2 192ed4fd 00000000 ecaad834 eb5133f0 80821e89 00000000 00000000 00000000 41d08093 4a820768 3225e9af 00000000 98c3f316 32cedf0e 11e42b98 00000000 00000000 00000000 00000000 00000000 00000000 00000000
90,22839237,0x0dd5ff179c68dd64fa712da08b550ec3a7d3bd73,0x38d21b0322ad1d7c1fdfe00899fb9f7fc31dc6a6,0x613d10a73ec3f41db74c8320cfa37ca88ccb5e510582464b338a922be37260ce,0x4f4ca56066fc3fc0f102eb61b2d79c8dbbd182a99a110e2436a1e5c2fa4743d7,34,brown,tan,dumpy,small,b3ac3d82 66128e53 1e3da037 00000000 909a6c31 00000000 6aedab47 a048e0ad 17ddf96c 251a7891 00000000 00000000 00000000 00000000 b54c1b6a 00000000 b18c818d c8cae7a7 2447a17c 00000000 00000000 00000000 dc74349f 00000000 00000000 af98dec0 00000000 84b95a0a b3719a2e 8defb4d7 6c4f78f4 893f94a3 00000000 1ee895b2 00000000 00000000 00000000 00000000 d11eae7f b11e5721 facb8b80 00000000 72d5e2dc 00000000 00000000 89fe6a39 dccc04fe b0ac4c8b f07532e9 00000000 00000000 00000000 00000000 2956e2ca 00000000 d10135b2 00000000 0d605181 4c6779df 00000000 561f3add cce7cd82 00000000 00000000
91,22839539,0xafd6e6a4c331a0112ed9fbc306fba05b44d87020,0x4306ca49003b53f4b63deabdc716296e4c126522,0xbb8d084ceba4952aa834481aec577eb511be4efd1facd560d3caf9bd28e38cf6,0xf1943c00d1c432dbb6f4d3d6c7a32118e8a3b2e9f2ff03b5381946e981549733,28,white,yellow,vestigial,large,94a0e3fa 508af073 00000000 00000000 8f9f2f15 a7b39049 00000000 00000000 74a3736b 935252a5 7b18eafa 00000000 a5e90f04 00000000 00000000 d1a01495 00000000 00000000 880b6aaa 00000000 91033e21 00000000 21f7b7e7 00000000 c5503bde 00000000 00000000 00000000 00000000 00000000 00000000 51304131 beed7332 00000000 00000000 bf2a302f 00000000 70869a4b df9cb93d 8baa4cc1 00000000 9ad42c5c faf753cc 00000000 00000000 00000000 cd49bc6a 00000000 1991acbc 00000000 00000000 2fd7254d 69f55576 00000000 00000000 00000000 00000000 00000000 00000000 40b80c62 77fca643 85e5413b 00000000 00000000
92,22839566,0x74107b9b65801d477d5a7980905beecd72b57a29,0xd9c9419a6db263c38c198d3f15084acf7c6a3c5a,0xdac0a1afa22207d0a36ebbf85bcb183e82e955d34b2e8cc524066d6436d2a08c,0xe363ac43d5cd305c35e64f996e53ca91a11170d2e4644a53d81234ccd56e0ab5,30,white,ebony,curly,small,6802cf64 00000000 9911f607 00000000 f28450b5 836c2487 00000000 83aa3d7e 00000000 4941fe80 00000000 564a279e 00000000 00000000 00000000 00000000 00000000 4bd3073d 07691c4d 5a65d101 00000000 69ce7bf1 8b069e8b 00000000 69590694 00000000 21ef8f38 00000000 cfa4cea4 00000000 552611ce b0f71d66 00000000 00000000 ffc6239d 253a245b 00000000 00000000 aba01ead 7d2ff96a 00000000 00000000 27c26ba0 00000000 f1bc3ac5 247e1581 00000000 00000000 00000000 3efd41ed 00000000 00000000 221c4980 00000000 00000000 00000000 00000000 00000000 00000000 113ae948 2daed091 00000000 a2fe9066 52e10d25
93,22839620,0xafd6e6a4c331a0112ed9fbc306fba05b44d87020,0x75482043d13babbaeabbb45d3a985008aa8d62a3,0x91b28f7952d8c1926734931b1b962e3395b168ac9871902276639255686b7e0f,0xd07c2a4deebf0c9f2e333ecf27883edc994fcc6913cba4601e2ef4b57000e559,30,white,ebony,normal,large,e2943e83 00000000 00000000 4d3d6c9a 118b9ced 00000000 e1b0fd06 00000000 80390c97 00000000 79a0fd0f 00000000 00000000 bbcf17cb 79c9e22f 9bf1b8aa 00000000 00000000 00000000 00000000 00000000 00000000 00000000 00000000 00000000 00000000 00000000 00000000 11318881 4869f717 f7902896 00000000 638fe7c4 00000000 3397768f 00000000 9a3aad9d f5128365 00000000 b5921562 00000000 00000000 81ccabec 00000000 7055c937 d6809590 29f1eede 0aed98ed 00000000 4275fda0 dfc2a474 e2330b53 00000000 ae404b04 00000000 00000000 00000000 92c348a2 0101f9fe 970361a0 4fc6cc5b 00000000 00000000 00000000
94,22839681,0x8746cbcd1d09ea15b3625692f11fbb0e17b52029,0x9d4aaae7455c750fc052e417aad40dd704466740,0x68e8ff84ed909f5bd47bd3df6c027fc566abc257fd20e11851f7a612bece984e,0x8cf62d166077e993db413a65b3946c4e0549a724f70c4405aabe544e723ed189,33,vermilion,tan,curly,small,1c64552e 00000000 00000000 00dccf56 00000000 00000000 00000000 99f06748 c2514695 00000000 00000000 00000000 ddb19bc7 00000000 f8595b3a 126ff3d0 00000000 96d8701f f7e12e11 3463a63b dd11d9a7 ca3ef34a 00000000 00000000 00000000 65052775 00000000 00000000 4eada906 5507d149 38d8a46d 00000000 00000000 a7238d99 d37ac10a 62a6b1ea 00000000 00000000 ba7184c5 00000000 00000000 00000000 75161e60 00000000 03b1bd70 00000000 0e762c8c 00000000 00000000 4edf143e 76d7e49d e238b3c2 57de0801 ba01f901 00000000 0682966d 00000000 4969a612 00000000 7b130101 00000000 b91dd088 00000000 175fdc25
95,22839776,0x8746cbcd1d09ea15b3625692f11fbb0e17b52029,0xa2a7ec87b5c81b0683e686de3bf67c545b149b9d,0x5f5c6cd6c630a59ec59a34206d1d789f4512e260e124256866dca42cdb4b60cd,0x42100e4b336921dbb4aff11a0be9c0b6359cdf84f772086d6250088bcb7bad2a,29,white,tan,vestigial,large,00000000 a54fe33e 00000000 3b4f529c 00000000 d188bfb1 00000000 00000000 b75853c4 00000000 c6dca531 58adfa7a 00000000 135a2551 00000000 dec8e6d5 deb11dd8 7152eed8 00000000 401c1ddc 412b5926 41615ae6 6fdd2ae2 00000000 8d9e5b75 10b43549 00000000 7262ee29 00000000 00000000 f65f84cf 5b6f92fd 1f113a06 64deab56 00000000 08235d9d 00000000 00000000 00000000 cb28a13c 00000000 00000000 00000000 2be3df3f 00000000 00000000 00000000 00000000 00000000 00000000 00000000 00000000 7532d761 00000000 a4c43e01 00000000 00000000 4c4cbb4e 00000000 00000000 00000000 7caeae30 012159d0 00000000
96,22839950,0xafd6e6a4c331a0112ed9fbc306fba05b44d87020,0xa9876a22dc2ebbd3fd378bc85ca483064d870f79,0x699921c2e88bcbaa9430d699352670c46e792ff403b060a873f4bfbee33e9269,0xfba67d9b7a87761f1d164aacb77f08ff8d9ce285670d2451c1b3785879de9503,32,sepia,yellow,curly,small,1174d563 63c48680 00000000 00000000 00000000 00000000 00000000 00000000 a6fc533b 00000000 936deaea 00000000 e0a14ab4 00000000 00000000 09b8b797 00000000 8056fcab 25d07083 3e04ad7b 19cad06b 00000000 8f1e692b c81a46fa 78d25d40 00000000 00000000 09d4ed75 dea2bc25 d78d5dd3 8670ccb6 00000000 00000000 00000000 00000000 aa3e19ba dabef2d1 00000000 4d0f3486 00000000 00000000 00000000 00000000 b5913559 61175294 1d1958c0 99c0f9c5 00000000 68ffa70a ac3631cc 00000000 00000000 cab82d64 a9cf96c0 00000000 41f38021 d1f11b8c 00000000 00000000 00000000 00000000 00000000 b882b937 d62bbac9
97,22840040,0x0818404d4e07ff38c42d15cff5d2f22fc907977e,0xa29ca0fcdf221a15c5e31f89cfa29a603660af09,0xbe4806895fe8409ec6370579f64e59f9761e96a2762351d2b02c20918e7a3265,0x9e6ba52e9ae4be8cb838ad33225c0452c1ca5f94a01b3d7581864c2e3b1be06b,29,white,tan,vestigial,large,c7d990f2 bacb5ce5 00000000 33a8a4bf 00000000 74f1e25d fc2c9bb3 00000000 00000000 00000000 00000000 00000000 00000000 538e7e2f 2cf3fbc1 853be98d b140b76e 885160ba 00000000 8b09590d c17f721d 00000000 00000000 00000000 7f3cd468 8c639a7b 00000000 5197c4bd 9512a8b1 24e7f526 00000000 00000000 00000000 08b32f4e fa71becb 50c26603 00000000 1b948cf2 00000000 00000000 00000000 00000000 c7bdffa0 6595d155 00000000 00000000 1235d51e 00000000 00000000 8fdc459e af469243 00000000 00000000 00000000 00000000 be17a7ae e33185d5 00000000 00000000 00000000 00000000 00000000 00000000 4b946b44
98,22840066,0xa2e8a61f22e3b61c65e9b2b068012b47081bed7c,0x4eeb479367bcf3dba8e4593060caf45ecfeb68c1,0xc11f97f4645cafda53fef473ebe587fbbb94b4b483ba7841d7a5766e5f59c17c,0xefc42b6a91402ed78e4f2addcae79d8f9ca67cad16358754addd3637ce985e46,36,vermilion,yellow,dumpy,small,00000000 9ab9fb11 4b0e1db7 00000000 00000000 00000000 57c2b65f 00000000 00000000 8d50d71a 4a243b3f 3e559288 896579e9 00000000 9490ec19 00000000 00000000 00000000 00000000 0fc6a192 0ea5b264 00000000 00000000 e728d63e 00000000 632603f7 1117ddc9 a95b7ea7 00000000 00000000 cd7cc956 5344f992 642e7acc ef2d102c 8bd365ff 00000000 0af23358 50c61494 00000000 00000000 00000000 90135e81 f1f65c2d 00000000 3778a836 c94d91f1 00000000 00000000 c54a125e 00000000 630ec268 1a72cbf1 46f804f8 00000000 79e353f5 b4033850 3fed6297 00000000 6683a2e9 4bfe5da3 00000000 c89925e7 00000000 e36ff1b1
99,22840086,0xcbc381d3f2139da5159cd9863d7e1d0111ccdd19,0x142d643a0c2a79013c2a54b89b178d9d1a9076b5,0x5534a5be58d09d2c95a476cc7d0c2bf1213d3eede58f68b0eec3015d7212c884,0x2dcd1c91ba0ec348575f03686d601e196731a8d345a1cd96a4bcb73384dc6050,29,vermilion,tan,dumpy,small,00000000 00000000 00000000 00000000 85c8e5c2 00000000 e99c0d3f 00000000 00000000 00000000 00000000 00000000 00000000 de48c3b8 c3a95ca9 00000000 00000000 00000000 1ae44ed0 b3cc16f0 01a907d9 00000000 2be2ff56 1549ce86 00000000 00000000 9b44771a 00000000 00000000 00000000 00000000 b59cabe2 d507b8da 25e31434 00000000 00000000 1a523ef4 455e0b45 00000000 00000000 91e9e5da 6b9f614a ab3df3d3 00000000 fce714dc b528ccb0 00000000 834b600f 00000000 00000000 195d2544 9d9a5e81 7afc42d6 fa9d517b 00000000 a832a317 00000000 00000000 7168dbe6 00000000 00000000 4c7640b3 00000000 fc581412
100,22840179,0xcbc381d3f2139da5159cd9863d7e1d0111ccdd19,0x1504a62f85ae50439965f59283278fbacf0117a4,0x59bd508b16c5b902d5e0079302710c55e6229db0813a0955cd10cd9ab60fa395,0xd2604224577680ec8e0003cbb83fca1c5cccae8a0e669c3b786a5bd348dc880f,31,vermilion,tan,curly,small,7af0b7b5 773a9757 8ae6bef2 4d2afba1 00000000 00000000 00000000 00000000 00000000 00000000 00000000 25965588 00000000 00000000 00000000 577b8430 00000000 00000000 9c5124fe 117b1e3d 4328bb5a 00000000 5b6943d2 d1d848c7 00000000 00000000 00000000 3076a594 00000000 00000000 0cf821f3 00000000 e7de67c9 c06f58bf 00000000 00000000 9b85485c 00000000 56a50455 b24b7b3b 7fd0d051 14948298 00000000 e84b5519 c59b816c 00000000 76d781b3 00000000 00000000 5b91fb80 00000000 9582e58b 00000000 adf73a2a 5bdf2591 00000000 00000000 00000000 00000000 69ad8976 ed304360 7989318c c72b0175 00000000
101,22840338,0xcbc381d3f2139da5159cd9863d7e1d0111ccdd19,0x6706aaeab1fabd3a20282dcf7f348e0fd6bd41df,0xcd83f2e3178cfa82ab988a32db5752c05952d9a78769cebe1a653d5e1628325c,0x162d59c66df634f0c7a2a779db057856e1e86065dbe9013590f7d75bc2c3583a,34,sepia,tan,vestigial,small,00000000 7170faf8 00000000 5565c606 961f79cd 1733b703 00000000 00000000 00000000 00000000 00000000 5c03c3e6 2d629055 00000000 83329ebe 00000000 270e4525 3be8898d 00000000 00000000 00000000 00000000 2e28085b 02945bb9 00000000 ba0056c8 00000000 00000000 00000000 00000000 1d077294 54689f38 142123dd 73bd0e7f 00000000 4be3375f ff1d3416 00000000 86d187aa 00000000 33f25522 917d3f12 bb67a5e9 00000000 96ae6c8b 00000000 1a421ec0 912c016b a14bf2fb 82d811d9 4b03f5ca 00000000 5f2e6316 75a9722e 10795d4a 0a5510e5 00000000 00000000 00000000 00000000 d922819c 00000000 00000000 1a779e9b
102,22840705,0x42a08b2a271f7305d0f6ef5e6c37f7ebb3d05c39,0x6928068894d1d590eaa0f90db02a136ed371bbf3,0xefda673e91c16a7e901186178098ad8b859ac12a0f5c87c02f3f92d343fc2f85,0x26d9c756f3ff6ef2ce43d3ccf00d7ebaeeed30938f7fe26412dd2672f262c40a,28,sepia,ebony,curly,large,00000000 fb686974 00000000 522d2d90 00000000 00000000 00000000 00000000 00000000 00000000 f5f4b025 00000000 00000000 00000000 fa904a84 97b6f179 00000000 ded3e388 00000000 00000000 00000000 30db67ec 93db1931 00000000 00000000 e0713bc1 00000000 00000000 6500e153 ddd70d05 1e316281 54583ccd 00000000 cba070c0 00000000 00000000 16cb149f e4f6fbde 848d4a64 00000000 00000000 77a03ba6 7a0fb4b1 00000000 00000000 529e7857 00000000 00000000 51ec2773 00000000 9f0d74c9 b9031757 54952858 00000000 3cb2488a 739a74e8 00000000 4611a510 00000000 00000000 5ba60b59 00000000 00000000 00000000
103,22840778,0x42a08b2a271f7305d0f6ef5e6c37f7ebb3d05c39,0x63ada15b43483b7f7d0cad4238d538cab9f70785,0x8fb8ff88713808acf86b32625fcb5abbc006e318f6bf80d8f8965375e627dfe4,0x05de2ca803463eb9f7263490fe9ad5094e25f3363a62616040cbca7427054718,26,vermilion,tan,dumpy,small,00000000 00000000 00000000 dff8f29b 118f6a90 00000000 00000000 00000000 3d3db124 88abcd91 7ec7ff0b 00000000 00000000 00000000 55ce013a 00000000 b1616362 00000000 2a623950 00000000 00000000 00000000 00000000 00000000 b194f084 c199ff88 374e638f 00000000 00000000 0e0378b2 00000000 00000000 00000000 00000000 25f7bf28 00000000 3858e3c6 7bdee70f 2a8a2837 00000000 00000000 0e8df01f 00000000 253059b3 00000000 00000000 26a2d47a e03ae814 195ad5f0 9ef7f7a6 00000000 6b744c58 00000000 00000000 2a2ff34f 95440cd7 00000000 00000000 00000000 00000000 00000000 00000000 086552fc 00000000
104,22840781,0x0420e243d8ab4a22dadded1ead8cdcca14074d7c,0xdbdd046aa1dcd3018c38e72f5558b7414211a075,0x3f23970569b80b49ba09c561426aa5cdd7aa6e025c801fd4926854cbdbbde962,0x73a9c55a23825b1fd861b6f62ff66855dfe9325473436fd809863c03429af1bb,28,sepia,ebony,dumpy,large,6c5f5e0a 596da228 00000000 965c8a91 b96ee0c7 c55faaf3 00000000 28bbb9b9 6e91aff0 00000000 00000000 00000000 9179f805 e62db394 56227447 52eef1c6 00000000 ef0827d1 00000000 b51ad880 3960b6fd 00000000 00000000 88b571c0 00000000 03c4eaa9 00000000 00000000 00000000 00000000 9f122446 00000000 6fd3f9e6 6d86649b 00000000 00000000 00000000 00000000 00000000 00000000 00000000 00000000 95bd40f4 17fa04ee 17c488b0 13f77d42 00000000 00000000 00000000 06e95efd 19cf8999 00000000 00000000 00000000 00000000 3b11d69f 8340d980 00000000 00000000 519ebee1 00000000 00000000 00000000 00000000
105,22840861,0x42a08b2a271f7305d0f6ef5e6c37f7ebb3d05c39,0x9bcfb71c5320fee7787656d5ef11e0cd76de185a,0xb96ebee4ecfdcce750a9d10a8fcf6dcf5bec81aea541ae08e34c431fff076bbd,0x7e526c329a548b8090759119f89d47ea2d8ef9ba5def4c8deb66926ea7e67fad,40,vermilion,ebony,dumpy,small,74425d5e 00000000 a5961936 c6da972e 00000000 68da80f0 00000000 032acb5d 4dc72f6c 7ce49a9e d169512f 8fc367cf 3ea01cdb 64b9911d 68cb8066 00000000 00000000 71149d7b d3a7a60e 00000000 00000000 2254e896 e6c01ee1 a5232ff2 99bdff7b ffe0bd7e 7a1503fd 00000000 00000000 8123d1ed 00000000 c1f2dda7 00000000 5765a4f2 12d4eaeb b2aaea67 00000000 668a54cc 8d67613a 00000000 00000000 c84cf046 00000000 00000000 1b58a850 00000000 00000000 fc791fa2 00000000 454c8ed5 e7f38bdd 00000000 00000000 8cb90d83 1362d8f9 00000000 bbbe5c7e c1648c89 00000000 3abd8c88 00000000 dbb2ddfd 24b75cce 380b9590
106,22841124,0x661d1d56530e9a07bb5d6058f32d431fecc9a7fa,0xab060cd88eaf829797222ed17d06c813c1c184fe,0x8e9603d89f61c2629a6b38123eb9ea8e22f17f3b48f690c783bf87c02b1f2937,0x2be7faf3dff45113bd16d2967c150ddcb85cdd0b89f3da8f11ef9162f6119d81,30,brown,ebony,vestigial,large,28d4bee8 00000000 00000000 00000000 00000000 00000000 00000000 95adb7d0 b7ed3cb7 00000000 ea0de917 4f962d4e fa5ffe05 00000000 00000000 e506eda2 d7c9cf69 00000000 00000000 00000000 fba39c30 00000000 00000000 00000000 00000000 625ce161 333d7a1d 00000000 ab6bdbdb 0041bc24 8afad8a8 d4b03524 00000000 e218bf36 00000000 00000000 00000000 5ee2ce8b 494a7d94 00000000 90e57ce7 00000000 00000000 00000000 97eb4251 00000000 00000000 5cf157ab 685f74d2 067ddaf1 72a72fe8 28d93f1d 00000000 7da5bae5 4c6da1c2 28d49c5a 03a8cd90 00000000 00000000 00000000 72f7d9f4 00000000 00000000 00000000
107,22841192,0x661d1d56530e9a07bb5d6058f32d431fecc9a7fa,0x46dce23a6fb3e703c4c42a5dcbf126e008e52986,0xf9a90b25c0189b250c2b9c505d34017367e42b03dd2c8207c87f79c523eb24c2,0x3304c53c18aaf0466891d2f5520046b47a9521c46b43b2e1fd33d345d6bef6aa,40,vermilion,ebony,dumpy,large,00000000 2443b40d 00000000 9acc918b 00000000 49f1a2ee 00000000 164d6620 00000000 a5b872c3 75c5a8ec 00000000 cabe8656 072863e2 2bed354e 13272782 00000000 7bb78cf7 be4346c6 755673f2 5589a81e 97cbcc2d 00000000 4dad77df 00000000 8eea5d7b 53deb406 00000000 e1e772a7 00000000 759759d2 7a6b09c6 2a1fc1e6 00000000 a52891fb 00000000 00000000 00000000 e9b01ef7 00000000 1f378863 5a2bea88 00000000 00000000 5292c3f7 00000000 904186be 66e52e19 5de6e638 010dcb50 00000000 00000000 94fa5ad1 918e17ee 00000000 00000000 8be966cd 00000000 009fc06c a151ade9 d3c3cb92 22e1e6ff 3144ea93 b25c87fd
108,22841262,0x661d1d56530e9a07bb5d6058f32d431fecc9a7fa,0x0dbb69c23a5edd441a7ff89f74b6198a0c37eb5c,0x95f4dba6590e643cc8200f3b47c1605d17c287c27c0efcd061919d7ab9bd41b6,0x2078a9f261d586e65462dcdc7f8d17cb94c44c30accc0b1c15ab09d064f1f175,31,sepia,ebony,dumpy,small,6afed253 00000000 26600e40 00000000 d32b3c62 38152a07 3d022107 00000000 3781fa5d 00000000 00000000 00000000 bb9d8ec4 d2315e08 c5ca9534 0324cbfd 15a2d71e 00000000 00000000 00000000 c5800560 ccf2a36c 3a78cd2a 7035f8b7 00000000 00000000 f64534d6 00000000 00000000 f38a4ca8 88ca8f49 00000000 00000000 00000000 00000000 00000000 e6df7685 00000000 eaf4f8b9 cb4ebe3c ea3c8fd5 00000000 00000000 21537a00 00000000 00000000 00000000 00000000 2690da06 1fa2883b 00000000 625ab485 00000000 433ef26e 00000000 6aef4154 d44de51b 00000000 337229f7 00000000 b04dd09b 00000000 00000000 00000000
109,22841391,0xb7c3e773bf48d10039faf6be963ab96853819742,0x537221c07364bba29beb7dc87f087d6ddeb5e45b,0x869c4bce2e79bb70c47b149d9a3371e7699996e5e9d96732a1937da9aeb150e3,0x810d6a94f5af9aaf948b39d0920153241d11447d7757e435f3c59297543f9346,34,brown,tan,dumpy,small,00000000 50992a67 30179b58 00000000 00000000 00000000 ebd4fac2 00000000 bf397949 3a3bde50 00000000 00000000 25a6dfaa 00000000 00000000 0394b5f3 10d542ea 58269a14 37048062 1cdc4715 07d347f2 29c79c4d 00000000 00000000 00000000 00000000 6d5935db 00000000 84eaac1f 00000000 1590933a 00000000 59b86124 afee9113 27722ba5 00000000 74722998 00000000 00000000 4103fa6c 00000000 e6f0d770 00000000 00000000 18da28a4 00000000 00000000 f9ff3042 93fb6a26 00000000 a3a64439 00000000 00000000 00000000 22ba39df 4d8520b3 a7ae50ab f4b5490f 00000000 00000000 8f530dba b52b85a0 e207eabf bbd9e307
110,22841447,0xb7c3e773bf48d10039faf6be963ab96853819742,0x6e8e0a9d070e9e9234a2b5c9553ccba290d1386e,0x9c54c1939a7166fdef2a611aa2f1020e09fc4faedb679b607c0ec7ced3f8741b,0xe9cc60600e66dc344b3dbb2b107a00e317b08b1f719016791e98b7e031562916,29,brown,ebony,curly,small,00000000 8f74ca89 8f907b21 00000000 f4e3616a 00000000 00000000 00000000 6aa8af90 00000000 00000000 8e46d6d0 00000000 ced0d758 00000000 00000000 00000000 249b6aaf ea8c50be 00000000 4ffa4f38 00000000 64212936 00000000 734d6704 00000000 00000000 00000000 3e6fedd8 771e64fe 00000000 00000000 00000000 00000000 00000000 00000000 00000000 2bdf1b39 65319bd3 d3c9abde d118149d 680a4a7a 0fb0543b 00000000 5fa1c3fb 4c1d0107 00000000 374000dc 00000000 00000000 00000000 e229a22f 34ce8f44 00000000 00000000 c614b177 00000000 29726724 ff7646c0 c241ac2c d1958fde 00000000 00000000 00000000
111,22841500,0xb7c3e773bf48d10039faf6be963ab96853819742,0xe7432e1a4e9693335ca6d9a16241b7d5c5690766,0x7b1e3b05ec1bfb4292deb01769628bfea4dadb2f7e83d8deef11dfbc635e44de,0x2df709ac68e86d77b05ff78dea91cc602a18503596e1843e35e4bb01d155bc22,30,vermilion,ebony,vestigial,small,00000000 a150cff3 00000000 00000000 00000000 bceaf3e8 00000000 00000000 00000000 00000000 17e412a1 4f175493 b2822602 48c17316 00000000 bcea537e ef543183 00000000 fd620a41 00000000 d235ec34 00000000 d241df6c 00000000 6ed6ec3b 00000000 00000000 00000000 2e58a1b5 00000000 205ec500 1a6b5e96 7b5512f8 00000000 00000000 00000000 00000000 00000000 00000000 00000000 844af0da 42bc1658 00000000 303f7032 9528f533 260a30f9 00000000 ae5b912c 00000000 00000000 d5cd51ac 00000000 00000000 2f2ce441 f1e9f842 ede69885 7c90c727 00000000 596e4daf 00000000 67996aa2 5580c525 00000000 00000000
112,22841957,0xd9a63b1c97f1b186ea7e6fe60a985694e6bd5a74,0x82873090e6ee31bc0448ea74b714452624c1bbaf,0x15a7d93e6790ef3083bc28b05b7e4e75d55243ea5e76ddea02d59766ce2c5e84,0x3bfdf6744c9c5a7cc4b65063c7986ed103881a1b73e38467def338fdd38e71b7,41,sepia,ebony,curly,large,02add322 9f0b9bdb 00b88e30 00000000 c312fb37 0d5c8859 00000000 47fa508b cdc41601 00000000 00000000 00000000 65ae6ac1 5453337c e3113063 00000000 00000000 128d3216 d98cf147 751a7c1c 00000000 00000000 00000000 86d4aa22 e01cdfa5 c88f6ccf 00000000 00000000 9bf940b0 00000000 b0ecdbf2 3620b43d 4b0ba3f5 00000000 a3367398 5aa34eb6 907bbee3 2866a516 f4ae674c caaff7a9 00000000 00000000 00000000 391f4bf6 e8a68a0e 9d35d396 00000000 00000000 ef4a9fab 01131dbe 00000000 00000000 bfde7721 9f9c5f45 47cc3ea9 80a41bd0 00000000 9831c1ce 6adc8d66 840ec00c 3a5c3ce2 00000000 7cfbb6b0 ec0682af
113,22842010,0xd9a63b1c97f1b186ea7e6fe60a985694e6bd5a74,0x5cbeecdfd1bcac05c32126cdbcaf71e96ed224db,0xcb320885b8489f0807958af95854ab2c42f32fbb26c71ef2bba3c0b3542ec601,0xd6ac26f6f62d5127ac6323f6db7edca60af65460b4e58e8d8a5e6fef3fc3d46a,39,brown,ebony,vestigial,small,00000000 d54d6b3f 00000000 e941235d 00000000 e5c10ed5 35a058d0 00000000 00000000 00000000 a616e252 00000000 ea7eac45 00000000 2567593b bdf776ff a00d5f10 49d25048 00000000 00000000 00000000 00000000 0e4d3bc4 8646075a 8f969b53 03680126 9ae0462a 00e81585 7a9ff6e4 fd4f23a3 00000000 00000000 b5938b1e 48128254 bea7bdad e3e2fd77 00000000 b80baf3e a078c814 0ee60872 b0056899 ac2bcd29 b612a8b2 52651486 00000000 782ce338 b8d36987 00000000 00000000 cca9d184 3206139a c8071ea9 773ad38a 00000000 03fa6f40 00000000 00000000 1471fd94 00000000 33ec8843 00000000 00000000 00000000 ab85f65b
114,22842084,0xd9a63b1c97f1b186ea7e6fe60a985694e6bd5a74,0x7d049c102afe8f5a44a4b8f862f39e53e49005b2,0x149fc09f16c5bf357c9a88854e5d126397da726a307e04030a1a66d0549c10f5,0x50659bdc0549495fef540fa7248e3db6faf4031547a637c814dde262989e87ab,32,brown,yellow,vestigial,small,71957f60 01bf547d 00000000 90d7382e 00000000 ab1a90c6 00000000 ca2559b0 85244d08 c9e8316d 93ce1b87 00000000 00000000 00000000 00000000 fe6ca475 00000000 269d3135 d0c80f56 76ef1334 8d39a1d9 00000000 00000000 3118a277 00000000 00000000 00000000 6541dcaa 75c3db92 00000000 00000000 2b73344f 00000000 460d5c0c 00000000 00000000 00000000 99c9d55f 17dc8022 00000000 00000000 ea4d544b 00000000 00000000 00000000 87dd73f6 8186a1f2 9360158b 02e592fe 00000000 91eb6626 c784b913 fe5cccc9 00000000 3362de95 4653255d 00000000 00000000 47282b67 00000000 0bbec1cb 00000000 00000000 00000000
115,22843559,0x46f440d3d4e6466034b2a5034fc501ac0a31bf29,0x76b5ad17317b1e2b437aa97bad00f2d5951cdb68,0x3e0fff75fc41f28a5bd5482a59dc07d90426a22e2512d0336ff0b8768b016179,0x230dfeca1022c40707325e4af7e015c3dd7a9a9b869f88311a03f6c8f92e6888,29,sepia,yellow,vestigial,small,00000000 00000000 00000000 27ff3d4e 00000000 00000000 00000000 fd23d07c 00000000 00000000 00000000 4296a435 00000000 7135a3de 2937f93b 00000000 00000000 83ed2f4f 1482ca77 52509de1 00000000 b73ad089 00000000 00000000 29153efd 00000000 00000000 56958187 3f25a11e ada90430 fbd2dcfd f10ab1df 00000000 00000000 00000000 2e03ce74 00000000 00000000 5ae171f2 18e4f679 00000000 78954753 67638b96 00000000 29fd44db 7190ace1 f5055743 8408b686 414fee17 f4a5052b 00000000 00000000 00000000 00000000 00000000 00000000 00000000 43acd96e 00000000 5928d6b3 ec226e20 00000000 00000000 00000000
116,22843706,0xb39e79d3540fc34f516af70574b94d4ef8f885d2,0x57cb851d02307a20506bfd16d5d462057d5866e1,0x54167adb1f73fd77d1162d51782a73e8cfc252694090109bc3cc6aa055a14219,0xe571cfdf9b482ba18df84e5ef9a6c0f4e4f94bbaf42da4e93fe2baa943950f91,33,sepia,yellow,vestigial,small,18222126 00000000 00000000 00000000 fc955081 00000000 00000000 a54b07dd 5cd46371 0a5cae2d 006f3c9e 64c1aba7 00000000 00000000 00000000 00000000 f94cb99e 00000000 0ef87ccc 00000000 a699e210 00000000 00000000 c9965e28 e7621daf 42b7c8bf 00000000 00000000 00000000 00000000 2f6e376c 00000000 37f5a264 00000000 00000000 6ad6fcb3 00000000 10c012b1 00000000 317f4a1d 00000000 d7531867 00000000 2ad06645 14ddb510 e272587d 00000000 e86b07d3 00000000 29cd0749 00000000 00000000 00000000 1e5de9ae b47219d1 1260705c b228cf41 438a229e 4cf8a8be a3778fbe 201da1eb eda5b144 00000000 00000000
117,22844179,0x22b033b7212cb9b8a8bce73dbad80ed77a229322,0xb8bde7a7b6ac3f9da09b96bc867ed4b15be3451e,0xbdba7f4fc1338326e40c51ce5bbddaaab998fe159b1695684ed6714cf5f71d08,0x6e5fb5737c4469a126f40bb4206e013c45de7c7b6f3b8909717b739ff3597cb2,40,brown,tan,vestigial,large,00000000 4e9d4363 00000000 00000000 ffbef3e0 2bb05203 00000000 dbc318dc 00000000 00000000 ae4c111c e71b0fc9 f771e7e1 ecfa3dfd 39d01142 00000000 457c6dda 00000000 00000000 05e949d8 9e950beb 00000000 af8036db 00000000 7829c068 443be33c 00000000 00000000 6eb2f16f 282e56e6 cb305394 a788877c 24c514f7 2ba0ca7c ae1e0fae 0d8f0363 bcb0637f 00000000 00000000 15b6e89c bf5076c5 efafb501 00000000 00000000 10341937 206b0973 27371672 00000000 1ca61c1f 95db650c 00000000 22fb20ab 322f2ed2 4630ebb8 5c4e14c8 00000000 25a44832 00000000 00000000 00000000 54b76276 f0407f25 54fc66b9 00000000
118,22844272,0xec56dc68b5091297a987c4b93195e6561629d501,0x09aa57f719fb1b863b5661b8deeba8bdb8d1a641,0xf9d19680fb514dbc82bf245d33d036962716b5f129f77f2cf0e7b53f0e49eab0,0xd64707ac2b25149e3f94589b6e6214086aeaff0b0a3fe6c652b1a708bb48c075,28,brown,yellow,curly,small,fb8197cc 00000000 68d0434f 00000000 1466b2af 1950a03a e84903c8 00000000 00000000 00000000 00000000 00000000 00000000 00000000 f46b4799 6b460b37 00000000 00000000 00000000 16f92941 00000000 00000000 e5688d86 00000000 58fe3de6 c272d32e 00000000 836c4786 4c32e7cf d3914d00 00000000 05776635 00000000 00000000 00000000 d91d9eab 00000000 00000000 00000000 00000000 ffc1198b 83469dcb 5e6c30c1 00000000 00000000 a04be498 00000000 f5c73423 695ee40f 00000000 00000000 00000000 ac610a31 09251f6e 00000000 23849440 00000000 4fff5f05 00000000 00000000 adfab21c 00000000 ba1398b1 00000000
119,22844467,0xec56dc68b5091297a987c4b93195e6561629d501,0x62fcff0d576d3027b11ee8f85c17a0abc1b60749,0xe544f44d966872a5c7c22fed1c7e851ba9af0afab53b603e439d38a6f8d70fc0,0xa3d0f40033c075b5e3125ad1f04210fe419cd2a15b7b488f4183632c5d5bd2cd,31,white,yellow,curly,large,373c582f 00000000 77410bce 46dab816 00000000 00000000 8a9daebd 00308713 00000000 97d6a830 00000000 00000000 9a659b84 00000000 69d1e905 fecb2cbe cf731287 2178a561 00000000 024d82fc 465265dd 00000000 bc5457e4 00000000 0f0559ea 00000000 ac668280 9815fe28 e17cacb2 00000000 26cb1a60 00000000 00000000 00000000 a73dff5e b194f23f 00000000 f9a1dfc1 00000000 00000000 6362c532 c8c9dbd5 00000000 00000000 00000000 64b6170c 350e78bd 00000000 74758166 d3c9b683 00000000 00000000 00000000 00000000 00000000 f71da20a 771ab070 00000000 00000000 00000000 00000000 00000000 2256d7fc 00000000
120,22844507,0xec56dc68b5091297a987c4b93195e6561629d501,0x5e799ff96c47a895526bab91ec1793cb2287855b,0x20c26da1e848d21840976c16e3faa9d59ed07e0cb244326a88cd41cf1f76ae58,0xbc2ca669fefea39bf197501e6e3c90405cac8ea153db9cfc5c2abe5ca7742ea9,34,brown,ebony,vestigial,small,009c7586 00000000 00000000 6bf49dc2 00000000 2afed378 00000000 1b29f4b9 00000000 12da5c1d c350691b 2f0e1648 00000000 5640384e 00000000 00000000 00000000 00000000 6aff65f2 00000000 1784d2c7 3e20dd0a 9c0cb4c7 00000000 a9e39ae0 885793af d0470901 00000000 00000000 1fee88a2 00000000 b1ed0e1d 00000000 00000000 d19b13a3 c5f94a06 31b6dbd5 00000000 2c3dca73 00000000 00000000 d1ef61db d5df7313 beb816b1 ce57730a e0f4fc92 00000000 c90c5261 00000000 7870f736 00000000 be3bdb29 00000000 01a64a26 00000000 00000000 00000000 00000000 b50b6b00 86101aff c76b92e4 00000000 1c7c7132 00000000
121,22845411,0x32a1048431ee2db5868c4ade81da84b9f075ab05,0xaa73aafcf88979c39ef5586daad7ebaee39c7659,0x88d290fdb50cfad3494e5bc58dab1f79772f30359f559608bac781b35713168e,0x6b32a01cf5375eeb3922f2afbee069ed8e610ab02f857fe06ba848a7c3c905d2,29,brown,yellow,dumpy,large,00000000 a224a8d9 00000000 00000000 ec954537 00000000 a32ff38f 838edf2d b2ff19bb 00000000 8d82d567 00000000 00000000 00000000 00000000 00000000 7bd0b8ce 00000000 00000000 6a5f26a8 00000000 00000000 dd6eabfc 55f13702 9211a7e5 01dd2e0e 00000000 00000000 00000000 00000000 636b3d95 b31cccc5 c4c7cfd4 f6d55a23 22b23b25 00000000 00000000 c21804eb 00000000 7a34bda5 00000000 00000000 00000000 11bbc67e 00000000 00000000 0638bcc9 00000000 00000000 00000000 00000000 24e21f01 00000000 97804ab0 00000000 abd253dd ca9c63c4 2ebe7e12 00000000 b3874827 00000000 9150329c ef3fcbe3 00000000
122,22845558,0x32a1048431ee2db5868c4ade81da84b9f075ab05,0xfbf27785444999e7b7797138de4ceb2f7fda227a,0x1b7680634a28a0ad1b38a665988ab72ba4460f2d65371ce1a3d4e54266c79dcc,0x51d008f8aee59e11e16b870ee88cebd481d27f26dbb5d717866d2444ec5f6835,30,white,tan,vestigial,small,fe63994f 00000000 688b13fd 00000000 c2d87b2c ad65485f 00000000 00000000 00000000 00000000 00000000 18333323 00000000 f4b922e2 9380e848 00000000 f0aef156 bfd987ca 09f2848b 4f2a85aa d9f3cbd9 00000000 9d6ee6b0 00000000 00000000 00000000 24109235 2f7e9503 00000000 335a93c6 6fc07e95 9ceee64d 00000000 00000000 2968be2b 00000000 00000000 00000000 303bb2e9 00000000 00000000 00000000 4d231763 00000000 00000000 ed1a8925 00000000 00000000 ead44c75 00000000 680b7015 3f71d965 00000000 b415c4fd f1ce0204 00000000 00000000 9b04ae3f 4717537f 00000000 00000000 00000000 00000000 e0602132
123,22845637,0x32a1048431ee2db5868c4ade81da84b9f075ab05,0x54d96352a164741c2f7f1f76d519ba24e85ab249,0x2302e6ddd07dbfb73e89da0473eb9da6310c99fcc4f3d8792a1042b7681d0bbf,0x279f86137af5f8691d221f46ff171f3d938572ccb9927af07fa8e2fd56de0dd7,40,vermilion,tan,dumpy,large,707c089b 0cb1de62 105a5f46 00000000 dabedddf 00000000 a595596e 952d7b4c a99d3100 00000000 aae35ac8 0a1747d5 00000000 00000000 00000000 00000000 00000000 7edf0554 17fcc1ae e23456df 542a1e98 00000000 5153a4c5 8c35e84f 00000000 cb35ad87 22eace9c 00000000 43029ef9 00000000 f79b8cbd 00000000 a1c632cd 00000000 6ef2e033 3a5f74ad 1b244f5e f21d1d2c 8982786f f818ac7e 00000000 75094896 00000000 00000000 00000000 5a8202e5 4cb94bf6 86a19732 00000000 00000000 00000000 42ebca7e 00000000 22191d37 00000000 5e13bfc9 7513655e 84fd42e3 5bc82add 8eea8cd8 b80bd5d8 9ff3d72b 9a1e1a78 00000000
124,22845764,0x682e5537cce3e03a3020d896498786bb81c4a5e7,0x75f1f358b8c6b332b07094697fc01ec607fc4cd2,0x60c9568e1403bc7933b844211e53e9c8a224df51a51473f5d1b5bd14bc5a00b0,0x13aba9735599c71887b6d7fc508d97a368b5cdde28df32205412c0683555f309,26,white,tan,vestigial,small,f70faab2 00000000 00000000 62eaecff 00000000 00000000 00000000 00000000 9fc3814c d505fbd7 00000000 00000000 4ab8cfa8 e9d07cf3 24c9866c 283a6d7d 543fc6d1 00000000 9a891f7e 00000000 e98786a1 00000000 3824a131 00000000 4e4297a8 00000000 add4522c 00000000 35b3977b 47050094 00000000 00000000 00000000 00000000 00000000 0f38f28d 00000000 5fd39ae7 628c7171 00000000 00000000 00000000 00000000 00000000 00000000 00000000 1954da4a 56bca19e 00000000 cd26cefa 00000000 00000000 1e92beb9 00000000 00000000 00000000 00000000 00000000 bc313699 00000000 31430218 00000000 e4ae6fb1 00000000
125,22845815,0x682e5537cce3e03a3020d896498786bb81c4a5e7,0xbe7903c4fdd33de787decc6f63df0eaec449e3c7,0xe76a0cb6ee09b98795ec85532663329fdfbe821c7345c81310e4119b55f787fd,0x2cc321a88e404a13864143f9641b743f760773e5a60964a48630de8b9e41c26b,30,brown,yellow,curly,small,cc64ee21 6a3163d5 00000000 a0406324 00000000 d8404d9c 47762962 00000000 00000000 8fcb0269 00000000 00000000 00000000 00000000 bdb0d180 022d3175 562501e5 00000000 00000000 00000000 00000000 00000000 d51fb29a 00000000 00000000 9dac10a7 ab4f117e d7148abd 812af8cd 00000000 00000000 33e06a47 c5bf591b 37f88e65 00000000 fc75824e 00000000 00000000 00000000 1d9d3f06 00000000 80a5a8f9 29440b5b 865e6473 71174921 00000000 f90c8087 035ef518 00000000 00000000 00000000 00000000 67d15e97 b70ce2fd 00000000 00000000 00000000 65954c82 a951d977 00000000 00000000 00000000 00000000 8d067090
126,22845891,0x682e5537cce3e03a3020d896498786bb81c4a5e7,0x8a8eae10f52c29daf3bfca9cf0308ff5653b4318,0x9abbe2710bd5a3e06dc36b7500944d46bbaa61960da1cfce78eb819213d3fa67,0xe1db77251a0976e98a02f57d92252245721756ed93a5b894af1780cd65fcdb24,34,brown,yellow,curly,large,00000000 00000000 365e7dd4 00000000 00000000 8430a8b0 00000000 00000000 331da344 8f851ab2 00000000 973a1b1f 7565e4fc 00000000 dff53e0e 6890a7a6 00000000 00000000 f3c0debf caf9035a 9612fc1f de342231 8447fa5b a8998be3 127a96aa 00000000 cf6fabd4 00000000 00000000 8b6a0f10 91ac7d68 00000000 45a7ad16 00000000 4330f68e a0b80a91 00000000 00000000 8666d61c dc3908f5 00000000 00000000 00000000 00000000 00000000 00000000 00000000 5b6aaa87 7fcb876b eb23b91d 110959d1 00000000 c2792388 00000000 00000000 00000000 71fff7f8 20516f4b 165b2f53 5ddd2cf9 00000000 4bdb48c7 00000000 b01b5df2
127,22846017,0xa7c48ec145b032aa0fd76ebdae085bdb42173f19,0xbc863c8632215159e6e5e8514f36a3727c7d5f24,0x61668adaf299c3abc64920c04c7514f52cdd1804e70405251617bd5a68d72f1a,0xdac12c647939b3b4eb7b03c41d6c0ec3cffa5582f756d89b4c47fbe844e32bd2,33,white,tan,dumpy,large,00000000 d9c20d5c 00000000 00000000 1c5c25c7 00000000 9a47d4d5 b647fb3b 45e9aad4 0a5a273f 00000000 723efe02 00000000 8cf90fd8 00000000 00000000 8e18a849 567dfeb6 00000000 00000000 00000000 a5c7c251 955eee08 cc208ebd 00000000 00000000 39ff72cf 00000000 00000000 00000000 213bf745 00000000 00000000 00000000 00000000 e6892490 00000000 1178daff c5d6de83 709cd6cc 87a44002 59250a3a 00000000 1c570a03 51e44a3f 69c7d515 1ec5cdba df675de7 74ff0895 c08a49a3 471a4db7 00000000 00000000 00000000 f935062f 00000000 00000000 00000000 2ca53a3a ef0a4791 00000000 00000000 51144819 00000000
128,22846091,0xa7c48ec145b032aa0fd76ebdae085bdb42173f19,0xe1034d82b184176b79bf4708e348885acb025873,0x65c4001d16c252cb94a88f74dfaa05443900be42b6174936b8c9e5046710cd87,0x8ae63771c9f63f3c3bfa9db0fdef5734e32ac9de52f7f104eb7278791837bb53,36,vermilion,yellow,dumpy,small,ebd5ac60 d9a7e008 00000000 00000000 02b9981a 00000000 bc533822 00000000 f8fb4a2a a6052ac7 00000000 3b163eb1 9f2a1661 de2d762b 00000000 6532873b 42cb16a0 e04a499a 21e15219 00000000 ea775f19 7aacefc1 00000000 00000000 00000000 00000000 00000000 2d4a353e 6c1b8492 00000000 00000000 00000000 8da248d4 00000000 00000000 0f785ac1 72eb392e b8da3586 c34b6425 00000000 00000000 00000000 00000000 a941d936 f4f3b11d b3b43ce4 f9b1a3be 00000000 00000000 2878deb3 00000000 00000000 5ef04db2 98a5bbb4 1683b1f8 00000000 f1e71c1a 8b7506a7 00000000 d1a0f481 00000000 c0785b5a b962d98e a5aa8154
129,22846145,0xa7c48ec145b032aa0fd76ebdae085bdb42173f19,0x1bd40bba07fa42ca714b27d44b69818c82a08762,0xefa40d738b7362e45f36e1b513d506d2133100b963177c62254729a7aaae1373,0x16ebb028ad426478def4a8a6e6b2c7f06a75a248a35234bce2e9c3d93c32ee13,34,brown,yellow,curly,large,c0178652 a94940a3 00000000 00000000 45b4585d 00000000 00000000 00000000 00000000 32df3df1 42367234 af1f610e 00000000 6e9c13a4 c2c7d7c3 197675d4 00000000 4e806469 00000000 00000000 9e30b2af 054ade93 00000000 00000000 00000000 00000000 d7416c1e 65e153d3 a5bf7a80 9a24f011 00000000 00000000 591a45a4 00000000 00000000 a1e6ca6f a70973e5 00000000 744c5d22 f5e9e225 f6f9a284 7d64b5f4 00000000 00000000 00000000 00000000 128e0d96 101af34c 198b9469 00000000 00000000 2431a513 00000000 38bbbd58 309c9702 ccc59bb4 00000000 68aac7ab 00000000 00000000 00000000 d02937b1 588b961e 431c8fb8
130,22846523,0x2f1e4cf291e6dbd9236679ecdd1de9c324fcb879,0xd56c715b1e68ae92ead0958f65391cbdb244b5ff,0x35b9d0eaf5cd8bef78b494f5259ec0cc2783ee510e6c073eea9331c9d4888337,0xa00c1fe89a459186b95f017260beccf9195869a5b7245cb68f56f9fda08e61f9,37,sepia,yellow,dumpy,small,70c533e8 00000000 00000000 c63368c2 a42bc4a7 baac51de 3e70d852 a1e13076 5ff5c65c 00000000 00000000 00000000 00000000 ba62b5bd 27c21ab6 00000000 00000000 8064b9ec 075befb0 0bcbcc39 00000000 00000000 00000000 817cc72d 00000000 00000000 00000000 00000000 00000000 47a6801c 00000000 b81ab6b6 6308061d 00000000 a9b3220f 5cccccfe 6d1a4812 b0aa5e09 a1525c7f 0d943053 02976fc2 00000000 00000000 6439e535 2e60d423 eec19b2f 43ad1551 e313b83a 00000000 240af167 36ee236c 00000000 e1a785cd 00000000 d4090b86 00000000 7bdabd0e 12fdf1bf 1bf94a7e c25d37ce 00000000 00000000 00000000 a2db6e62
131,22846637,0x2f1e4cf291e6dbd9236679ecdd1de9c324fcb879,0xb05de8f02015aba7e99b2f30a21c0641673ae77b,0x121ce1f52cdf5ab523aa585258b9abf0657923bbb12a2feb5035ef0cd9180a8a,0xefc64008bc671f6457a1add9afddf1b8fe165eead7e98e113a4f0be995679df3,37,brown,ebony,vestigial,large,60a17fdb 52f15a0e 00000000 00000000 7d0f52f7 c0f172ab 1b0d5384 590d9cd5 254ef784 00000000 1c6eeb01 2ef1c1b3 d7f29542 00000000 00000000 aa33af9c f9be4bea 673cffc5 8dc3511d 00000000 00000000 1e862e85 ef5c3f4c 00000000 686d4615 00000000 c288609e 00000000 63609bdc 00000000 00000000 d3e9b637 c569cddd 00000000 00000000 a8117180 00000000 294d6844 948d2c6f a7baf680 29c92da0 8412bce6 00000000 062a0c5f 00000000 00000000 00000000 00000000 9c9c7b00 8f6fd046 ff83f4aa 93b12d19 00000000 00000000 5ae12ef6 00000000 00000000 26369e6a 00000000 e6bfb8a1 b52e0199 7102e8c9 00000000 00000000
132,22846706,0x2f1e4cf291e6dbd9236679ecdd1de9c324fcb879,0xa352791e842b198e7f43371917e03361a96d29a9,0x10be92a738c53ccb28c76d78ea3d573407902a1cb7ed1013e089f7248bf3b0a3,0x1ab77684d1ed3f04eadb2b0fbd2298394c40f95fc2f35df6bac8f8f2ba21eed2,35,sepia,ebony,dumpy,large,00000000 e7f0a6e0 00000000 00000000 20413503 00000000 9ca65bea 45931011 00000000 8f52a6df 000155c5 cf9d7f91 00000000 026b95c1 1ba67345 0c9012e2 e2bba75e 00000000 00000000 00000000 00000000 93474a8f 00000000 00000000 00000000 f50f3865 00000000 bc12f520 91b61a55 eab68533 00000000 7975ae22 00000000 b6403994 00000000 00000000 4c712dd6 1981ba89 9e651e41 cd91664c 00000000 00000000 00000000 ebb08f60 d8717908 d3af9c36 71b5823c d287cf29 00000000 00000000 00000000 74394e8d 00000000 00000000 450dca6b af2cb38a 00000000 c060ef97 00000000 58f8a80f ad8f3f2e 471f0452 00000000 75d59165
133,22846822,0x49c7a4f1ae750cec95634648ce57e4ee53f64058,0xe095569471f39a0700d8f581031041048ea9c9e1,0x7b86f4c372f32fdbde69ba0bb629a02c94a789f40f28662f52328b11832fe018,0x1d994e5f55e9fa064f137ff8fbd013e5ac587a01f2e149a83399cecdf4bae33d,38,white,tan,curly,small,f7a6dd22 00000000 0ab04263 bc9bef04 45431e1e ed4006e0 00000000 00000000 2c7f1939 9d9831d5 00000000 00000000 00000000 a3ca58b8 8e980fff 2ac9e3ce 00000000 e376daa9 00000000 bba49b5f e985c952 1cc53c8d 00000000 fb7ad76e 00000000 00000000 188304b8 00000000 ada0c719 de94f00a 0d572f2c 1eba58d7 4b5ccb58 00000000 f7c46480 2a1d7cbb 00000000 00000000 9613adf8 110209fa 00000000 ae637e96 23e329ed 3aca1230 00000000 00000000 3215781b 85f955a0 526d2660 00000000 00000000 fc1c2465 4c0b013c 00000000 00000000 6abacf4b 5e649959 5d37d740 00000000 00000000 9869bd5d ada4a27a 00000000 00000000
134,22846885,0x49c7a4f1ae750cec95634648ce57e4ee53f64058,0xd303ff66bc2a613c273e297a004ab1779591f924,0x49f943ad5c57c96e48380cc9454ebfb891ab0b0b7149858f73ea922087bb8dff,0x802454eb1f409bef59b24da3186f2e2e2c265d1164bebd6193a2ec4f015e5fc2,32,brown,ebony,vestigial,large,00000000 514c7ee8 00000000 00000000 00000000 00000000 c8f2ef85 505593b1 fc586a9f 8b2b3d9a d8b1a593 2182c735 4335d403 00000000 63263dea 00000000 00000000 0a9e29df e460329d 29705e99 847528e5 00000000 b265fbee 00000000 a4781697 00000000 00000000 00000000 00000000 00000000 00000000 00000000 da6b1d9f 85940506 f0e83d5d 186a39f6 00000000 00000000 78c09338 00000000 00000000 00000000 b147c75b 1c8d41f6 00000000 997c295f 20efd8ed e4e6a7a9 00000000 16bbe414 00000000 00000000 00000000 26aefadb 00000000 999c6065 03d60468 f02624bf 00000000 00000000 880d030a 00000000 00000000 3d81426e
135,22846950,0x49c7a4f1ae750cec95634648ce57e4ee53f64058,0x3787198b8fe6703d5796600e7b36f5cbc4ec3c9f,0x5ae1f3f44d24c8c82189a085d27750171cbde6ae3239313eb4d35ad47b71999b,0x4bf5ca33646593b1cce9c62c892283ae245e87704843fe7089ff7978548a7813,33,vermilion,tan,dumpy,large,6acd25df e6e5a443 00000000 00000000 dd323600 00000000 00000000 00000000 00000000 00000000 00000000 2b84a7a0 1f949c44 049e7219 4290fa64 00000000 00000000 a11f42dd 00000000 ff55356d 00000000 00000000 00000000 a00eebaf 00000000 00000000 dc9bf71d 00000000 367f3d7f 00000000 9eb6218f 00000000 00000000 00000000 00000000 a2ae6214 41b8c2d2 d4a4f9e3 3c053eb6 00000000 be67fccf 00000000 00000000 a0f2e3f1 7b76dc87 ef368f94 2eb5b4d1 00000000 e8a5222b 538c0ce4 d66c15ab d0f56fd0 fe8af3f4 f5924ec4 b9211062 d6d221b6 3ca3aa49 00000000 00000000 9db9ac04 00000000 00000000 00000000 4f24ffac
136,22847042,0x1a3a0e6f222e823cc8d0f39d87042f88ab763872,0x48e0d67f537d7235e9d38436f0d8acb85646b42b,0x5433fadc079947fc7195d171721a4a378a77b6bf1c1cfc77ee5584d3a4852c8f,0x5ee629e8e2293b39011711e6cdb2f4ffc0f8b8f2216ce8a05c58bcef1bbdb558,37,brown,tan,vestigial,large,00000000 00000000 00000000 04b0315f ce3bbf91 00000000 a945273b 00000000 a8c40572 00000000 4e1f6a86 00000000 907cdc31 4ab58960 00000000 19d6dbf3 7c3c31e8 00000000 c3bc83a5 1100d1e1 c82ef0f2 335dac82 00000000 70aad63d dccd2d11 c3c688a4 00000000 25d163ff e470696a 00000000 00000000 00000000 f027554d f76de66e 8f2b44bb b200c466 00000000 96343f7d 5c28e3a1 1a1b3933 00000000 00000000 444be428 1dec23a0 4e75bb99 4b42a567 00000000 7b48892f 00000000 00000000 00000000 9ed2eae5 fd2aeead 00000000 35eae821 00000000 00000000 00000000 d479b7ab be328b84 ee562a5e 00000000 728a3fdd 00000000
137,22847352,0x0139a84b829cef5f6f7b83a456d498a153155057,0x8059031b7fdfecad686ce164e602fe686a63d249,0x178bfe05254ba35bbfae238f2d74803c67ca16ec118f21459e877a1a087ac6b6,0xe9a15319d4de504b3c90123aab1d271191664f2e0041aa571982e553e61f6ea2,32,sepia,yellow,vestigial,large,00000000 ef586415 00000000 00000000 00000000 50fce4d1 00000000 8852d537 00000000 e23c2bde 67fa0b38 51e0572c 00000000 07c04a8d 5242410d 00000000 439a3604 5c460486 f7e2e7fb 458d6b92 599b065f 00000000 00000000 00000000 00000000 e4a628c2 237b99df 00000000 00000000 77c80bb4 fdf3df6b 85ce4d53 9ae5bdc0 97e2d62a 00000000 00000000 8b8affaa 00000000 3ce53d6b 00000000 8ef6d90c 00000000 d90d6992 00000000 00000000 9a7e2345 926b9805 af2c0ccf 00000000 46923e7e 00000000 00000000 00000000 00000000 00000000 08dab6e6 020d3f88 00000000 00000000 7cb587a1 eac82241 00000000 00000000 00000000
138,22847427,0x0139a84b829cef5f6f7b83a456d498a153155057,0x2fb3e5df8e7d45e2fbb111ad37fdd1c6c660256d,0x5f7f00491cc63fb3e69ec2c9bd60bf28d54ba2822c0d42d86e554e96eae80c00,0xefa5ebe6d532503490a23edb07613ff145734f742b02e1aa9b6d6f25023c1318,29,white,yellow,dumpy,small,00000000 00000000 00000000 154bf57e eb06a109 00000000 00000000 00000000 0f98deb8 74654ff6 00000000 00000000 13da9977 00000000 00000000 00000000 00000000 00000000 97540c18 6efb35ce 38dd972c 6370fb97 00000000 00000000 00000000 795dd527 00000000 00000000 00000000 00000000 00000000 00000000 0426e2c4 00000000 1990fe12 00000000 00000000 90fc587c 00000000 00000000 77dcc380 2d39d67e 09e43054 c4ab8329 00000000 1bd7578d 5340ba6d 00000000 3ce50890 00000000 6cfa90da eb5fc788 00000000 49b9a167 84e4bb3f 00000000 ea64cb3f 9e0a25e7 00000000 580acf56 d18c7e38 00000000 00000000 aa578f6d
139,22847523,0x0139a84b829cef5f6f7b83a456d498a153155057,0xaefbfc7848097319baee4bd9f8433de89bae30cd,0x0217d9a2651e42c5318efe4641d398ece2c276104e7000a06467fb71c79ef0ea,0x0727fc6efe21ec5b9b1a0df9cb83de23f24961640f1af77ed7076bd3286f2fbe,38,sepia,yellow,dumpy,small,00000000 c5b352a0 11c7dec9 6f24cb12 2ce43689 c44b9a57 00000000 51c0106d c44be9fd 718bae23 39a528cc 9f0efb0f 00000000 ad667928 00000000 00000000 904eb0bd 50c25ad5 f03a9d36 0bf5c9f4 00000000 91745147 0d1025a3 00000000 00000000 00000000 00000000 4ddb1981 00000000 dc20e1a5 00000000 00000000 9bc0de8c 88eb542d 00000000 00000000 20342abb 00000000 9905ec73 b854621e 6ac8d986 a620e207 00000000 3badcd2e 00000000 ca669a30 b45d03a2 00000000 119b7c25 c27fa2c9 41115cbf 00000000 00000000 00000000 00000000 00000000 5af3a0a7 963160c7 c7ae90da 00000000 84150962 00000000 8c0c6e21 4cb452bb
140,22848608,0x7d7337fcdefe5771e3280f25c3ba670700e8560c,0x59c3d1cae0f6f5a603c6c2043b791bfe1d279ff3,0x2db4c2d14886245246f98c74007e67ca7a11dc0f765d07d3b8d5d617c81ab924,0x3cd1cd33f2f3f35b1afc365ef684f02c29a8f37f3f054f3ebbd1967c330bfa61,35,sepia,ebony,vestigial,large,a3e94e56 00000000 00000000 00000000 00000000 2eb16dc2 bce93983 00000000 00000000 3c82299d 00000000 d03f9bec 3ef4e109 81ef86ab 3da119cf 26fc5a74 be386b96 2a88c0d8 00000000 3a62dc80 00000000 00000000 00000000 00000000 0fc60ae3 665f3a0e 00000000 00000000 47aafb85 77bcca72 00000000 00000000 00000000 00000000 dbc651ed 13d3ee64 7304f871 e698ffb4 044bd6cc 00000000 00000000 628f0788 aab11340 00000000 a6053dda 00000000 00000000 f83f41a4 4225cee7 00000000 00000000 00000000 7d4bd39f 00000000 306b34eb c83be6e2 05228964 c70714e8 00000000 02eb554c 5d3fe045 b237bbc4 00000000 3b0a41fb
141,22849460,0x88c58b42f2783131d51a58af7f1a9b491089afeb,0xde9d406312204a56a51549568a241e89efd01514,0x9cc2ddd8679cec9a516ddba74038fc8186524264ed688d6383e7dc8dfaa3207a,0xd323f4dc2995e8b37b850441a851f4985045b64cb73ff681532f1e74df3b593b,38,brown,ebony,vestigial,large,70428311 75799cac 00000000 7e275b90 bf044b22 63f7e8c7 00000000 00000000 4add35e3 00000000 00000000 95fe58fe 2a756bf7 00000000 ce1e535e 00000000 6c2cb2e7 f55a11a9 00000000 f5d168f6 8855f6a8 36ab1afb 00000000 00000000 22484659 eae01172 c34c314e 0b99a299 5d8d5f67 00000000 91efded8 4def3687 00000000 00000000 8090873b 00000000 1bb057bf 0a78ebc4 2412ae73 00000000 00000000 2b6e5bcc 9fba2700 5700a002 b71cbf63 00000000 00000000 00000000 52e87baa 01d1c8d7 dc8effb8 4ef49326 00000000 92578d17 00000000 00000000 6287c670 f708dd26 00000000 00000000 e0823821 00000000 2d266212 00000000
142,22849935,0x22fdae531a69647a0ade9154093ac83769f9dc49,0xd72a303fb691886f50dd2666c033ef08560df636,0x040db0a972461c3dae2dd47bdc7ec09dd163b8ae09d139386ff8e08c2a839e3a,0x10858eae3c74ae50cf28e2a4a4c5b12640f657242e5aff1aac65e9ea96d08f19,33,brown,yellow,dumpy,large,1bb28235 00000000 00000000 266513f4 520b286b 00000000 00000000 00000000 187734c5 18f8ec3d 4ed103d0 fefc5ed3 00000000 00000000 00000000 7f268227 00000000 00000000 00000000 00000000 33727544 00000000 d77ce4d0 348a9865 00000000 f9e09b47 328454b6 00000000 2346d74c 00000000 00000000 ec999af1 00000000 a38f3f7e 00000000 bcac6145 00000000 10ecd8b9 41be9129 be444f84 2274e6b9 00000000 00000000 f9ea5d5e 00000000 f80eb27a dcfaf401 75063237 e58cb621 00000000 7c36add9 00000000 00000000 e08cffb6 510537e2 00000000 00000000 00000000 26a275fc 26a47ded 00000000 986189ba 00000000 d291533a
143,22850553,0xb2732bc83797a44d7368b04b95879f582723346f,0xd565000b4e027cf85c6e15771639d6891cf06cfe,0x3e265981431d15d56ed7844ff397c5e897899143336d0bed7c086add688879b8,0x873dc90774d39963e8c8cb720461ffb938a5cb0d73eb7c224e85f2f63edceeb9,39,white,ebony,curly,small,7d3b193f 00000000 00000000 748db118 ff0e5cf2 e3888aff 00000000 58333301 00000000 b5f8641e e2225283 609db3c6 00000000 28fc0cf8 3f49397e 8a0e135c 00000000 00000000 93532cef e2883749 4f3be0b9 00000000 cee5ea3c d318e27c 00000000 71ddc015 d3f8f702 01b2392c 3e58b7a0 bf4c1cd9 00000000 00000000 00000000 70d314da b1100cb1 00000000 e0bb77ef 131e8644 4a64b35c 4bfa86e9 00000000 9e83bab1 00000000 00000000 30d1e191 791e6b41 8cb7dd4f 56c17f75 2a5c470b 00000000 21f03a05 00000000 00000000 00000000 00000000 a230096b 00000000 4af34513 9bfb9cf6 858541fc 00000000 00000000 cc673065 00000000
144,22851297,0x3db88affb909228a6f134074bdfdeaee28dc207a,0xab5909ba8d337af05b3e790ca4db991ef353eeed,0xe8afbf6066d1c476bf4c566f614cb38f08fff275d1af75049e1ce20333868c48,0x4119ef7209d4be9f82191e904f7f1fe765a5e4533481e323f1c3c0c6ed00b572,30,brown,yellow,normal,large,00000000 bd1a2fa6 00000000 00000000 f7354545 4ce47d34 1ccae555 00000000 10b48627 00000000 fdc77a8e 00000000 44dee218 824be51d 00000000 141fc50e 00000000 00000000 00000000 00000000 00000000 00000000 00000000 00000000 3d38e2b0 00000000 dfe3b06a 30e74700 00000000 66deb867 60b7e667 b1ef5a9d 00000000 6320f12d dcd77b22 00000000 00000000 00000000 29c3e201 513e26c1 00000000 00000000 00000000 00000000 00000000 00000000 f7a085d4 310c362d 5337855d bbeca9b0 00000000 00000000 00000000 00000000 1898e6ed e3cbbf95 2307bb7d 00000000 00000000 00000000 2de87934 abc0738f f028e70d 5d984c80
145,22851765,0x3db88affb909228a6f134074bdfdeaee28dc207a,0x6633c6bfd04d2366dd3dbbcc705d84b296502d2d,0x0407c1278d2bb3023c3e89e5d705089231429e2cb010efb077f9e10ebf10ba27,0xe713636d61d353cebaf2b270aab84e860080b7e7dab0506f1441c1ba5211bfb4,28,sepia,tan,curly,large,00000000 00000000 c491ca40 00000000 412fc23f 36778d97 00000000 fa2525d6 53570c23 7f9e7d51 e076d436 51f48912 f3ee1798 c0713156 00000000 f94cc778 8512e885 00000000 00000000 00000000 f35b9f1d 00000000 00000000 00000000 00000000 b0e74ebd 00000000 00000000 9a7a9e0c 00000000 adfc1670 00000000 00000000 b6a1375c 00000000 4a9a9f7d 0a347ff4 dfd266c5 00000000 51892da6 65f00687 00000000 00000000 00000000 00000000 00000000 d596207f 71a60170 e1ba1351 00000000 00000000 00000000 00000000 00000000 6174014a 00000000 00000000 00000000 4a28ede4 00000000 01e97917 00000000 00000000 00000000
146,22852181,0x3db88affb909228a6f134074bdfdeaee28dc207a,0xd52434b89e425b9672c2413471def76c20c21bd0,0x95f3729631877c7b0b5db9043f27d5e968344bce767d89eb6288bd1dc7f9232e,0xa2511490c324954cde7b530fe4bca9ac145b5c29cf5b12424c3e0c930ddd4ece,32,white,yellow,dumpy,small,00000000 dbb416e7 13f5e126 8269d8d3 00000000 00000000 305a20aa 87da4b65 00000000 06a34d93 7d682d67 39646e7f 00000000 00000000 c682f880 00000000 74b78b48 00000000 19097d6e dee7fbe9 1f10087e 00000000 71da9154 e81d24f7 543c1dd2 00000000 f7d9da0b 78070102 00000000 00000000 00000000 00000000 daeb47ef 618fb84d 00000000 00000000 568d3f92 00000000 00000000 3d6dbdff 00000000 00000000 c693126a 735465e1 00000000 00000000 00000000 00000000 00000000 d7a03c39 29313998 12f08edc ff16ee83 a22b5576 00000000 00000000 00000000 00000000 10306baa e8097690 00000000 00000000 39f6be96 00000000
147,22852657,0xc3cd0c6505333261ab1d4679763483d9a0d9327d,0x82d40aabadd6f6e90f3206cdc2c40a4b8a6be5a3,0x98f50137d6bc58d2cd5ded847039329a305f72672e3f24d7f98a8c107eda894d,0xfec2c99d3ccb4d74c08a1bc2b4aa8ab5bf7ce2bacbd8cc8b20383fe251ddf74c,33,vermilion,yellow,vestigial,large,00000000 00000000 f48f1ada c6ed8400 00000000 00000000 d1b93220 00000000 9cb33901 bcb4c2ab 400fbd85 00000000 88bab32e 52dddec5 3c4e7041 3109d25a 0bfaaea4 00000000 d712de00 4b22826c 477cf2d5 00000000 be051a20 3a57a5f3 b13ba9db 00000000 00000000 00000000 f87be0de 00000000 57e79e5b 00000000 00000000 af9bdd83 00000000 00000000 00000000 6a5f5034 3c1816ac bb84fdf8 6c52d1a3 0db16a38 fce9883a 7c2643a5 31f68305 063630f4 00000000 00000000 00000000 00000000 00000000 e9c166da 8ad0c6ed 2ddadbcb 00000000 00000000 00000000 00000000 00000000 00000000 00000000 22200b43 00000000 00000000
148,22853369,0x9628149b8268f15adc99911e64a79cdea7fb71ab,0x53679e031ce2f59b60c82ef425680a13372fabb8,0x9cc6b0bdc26703a71ba78f82e139d9f3307b2f9ed296d71669d72ea9c094db47,0xfa22d3647ab5106982e3a16e27327c96f4c991e659b5c630bd82db7934783ce6,35,white,ebony,vestigial,large,00000000 4664acd7 48fab6ff 00000000 00000000 4c8192f7 77b980c8 8d3df5d2 00000000 00000000 a8ff3904 118651bd f7514222 0cc3010b 00000000 00000000 00000000 00000000 00000000 9059b71c 75e618ac 65a57e54 2fa665c0 00000000 00000000 00000000 da62dab4 00000000 16b09987 c41af5d2 00000000 00000000 ad8a3ce2 00000000 00000000 57c25d59 f6cdd825 38f88e5f 1ae60c63 00000000 ea98878a 006d7b6a 00000000 9bc8e001 798566f2 00000000 81a26ff9 2069ceaa 00000000 b703611b 00000000 00000000 00000000 00000000 00000000 edfa60de a1fc8b25 00000000 02759620 8976c6e6 9c91f231 3c48d549 00000000 fd684182
149,22853517,0x38c16e94e79383a5906449fc84477c1a7b19b613,0xd62d182f2f4809f63fd18089dc56cd510dd9f580,0x9e0bcc33878ec2abc80573fbf4cea855e32d5ccda57a95c242bd8e950bf89f43,0xcaae3446cd8354f10059c34e324817088bd699c8f127a857d3c3c3e8fadc42ac,34,sepia,yellow,curly,small,00000000 00000000 d9008913 0d858fcd 00000000 4be34494 00000000 5fe67a5b 00000000 cc9ce05f 00000000 00000000 00000000 00000000 2687eb1d 00000000 00000000 00000000 39119cbb 5e35dacd 40b19ba4 00000000 adc17e22 ae96060f 00000000 c3b10b01 00000000 2226a8e4 6a2964b4 4efcfdaf f624fbd6 1ea6149b 00000000 00000000 00000000 a34bd0ad 00000000 ff50b888 8d04d19a bb296562 1ade83d8 4af216d0 00000000 00000000 00000000 00000000 fe969258 973f267e 374ffedb acd0bdaf 00000000 00000000 00000000 00000000 95fe41b7 a98c9f1b b201cf02 09a060d8 00000000 00000000 ffedf3e7 00000000 39397135 662c8677
150,22853600,0x9f2ebf1ba9206ef97428fdab7431a3f1d53f6dc9,0xb34df5e62913ac0cee09c37cecb550ed63c988fd,0x2e2567fa74d84050db8dddfc6b811ac12636b0d5d43be9d70a045deac415a4ac,0x90289574198b500df002b6d14f87a0c76c0c91a3ddb56cffe4934acdad7b579a,36,vermilion,tan,vestigial,small,00000000 0ffe7135 00000000 8d1d4e8e ec40d541 00000000 00000000 f45462c4 8fa234bd 4f801043 930130b2 00000000 25d79af4 00000000 66fbd536 00000000 340e2e5c 497d5671 00000000 58a393f7 fa8ab1c8 0c14e994 3ebce651 00000000 25a94fb6 00000000 8128524a f726cad2 00000000 a2809df7 00000000 4d14341e 8d1fcaee 00000000 ec90b880 a7e9015b 00000000 00000000 b8308d6e 1c87543b 00000000 e6d6868a 00000000 12fb3e61 00000000 00000000 b92f5d45 00000000 122bf303 aeb2af06 00000000 00000000 4116a413 00000000 00000000 aec71727 00000000 00000000 865a6d27 00000000 00000000 bf3fb91b 4e91b0dd 95bbcef7
151,22853631,0x38c16e94e79383a5906449fc84477c1a7b19b613,0xe8257da787c2439a4fb92a51c002156f9cacdc3f,0x8eeab4fb6e05463626e9b8e0d39e4132b72eb5bbc7b15d6556f0c748d0426a90,0xd42f29c43b2ce87396bb27f0a626b92d310a8c8b8d4e73bc00f4611243e23151,23,sepia,ebony,vestigial,small,040c9b54 00000000 00000000 00000000 ec46e33c 00000000 ef3dcec7 00000000 c8f3636f 00000000 00000000 00000000 8f3519a3 4f323986 00000000 00000000 00000000 be5cfa88 00000000 00000000 00000000 c6fdbe02 d0cae53e 95b49288 e2e885e4 bc3ac05a 00000000 00000000 00000000 00000000 e86045e3 00000000 00000000 37bf9daa 00000000 00000000 78fd8e05 00000000 00000000 00000000 f6af7398 00000000 00000000 00000000 00000000 b8e208b2 01917a14 00000000 00000000 00000000 269132d6 00000000 0172a6c9 b8fa48e7 1c8d3837 2f9f0400 00000000 00000000 00000000 00000000 00000000 00000000 00000000 00000000
152,22853779,0x38c16e94e79383a5906449fc84477c1a7b19b613,0xe30c9981837c6a8903f6cfe5e2d94fd07423d380,0x9dcca676b06ef223226b995aefa5d71818276d6b9cdfae5e168e6065651a23c0,0x9a0194c4e7e3127742040d3aca57c5b6c1df6c53d5c40664387098dc8ce725b1,30,vermilion,tan,curly,large,40e18d62 00000000 00000000 00000000 f78f80bd 3fd585aa 00000000 29421fe2 17f47169 00000000 5339e9f5 00000000 00000000 8aeedfef 00000000 00000000 31813c00 84734c2f 0dfda7c5 00000000 00000000 e3091376 5cbdaf3e 464a2586 00000000 00000000 199fe2b5 8570be96 00000000 00000000 00000000 df696755 00000000 00000000 4dc02704 ecedb2bc acca0b04 00000000 a5cf40af f4d1c396 00000000 00000000 00000000 7d3f3fe6 722ce16a 00000000 00000000 a0d336fc 00000000 00000000 00000000 00000000 161c3a57 b98d2b0c b2639013 00000000 00000000 00000000 00000000 7d160803 9942d79d c67ff198 00000000 00000000
153,22853937,0x9f2ebf1ba9206ef97428fdab7431a3f1d53f6dc9,0x3ade734dc8fdeecb3c2bc658e0f11a1a27885748,0x5894bdfd8697aa3bdf5ad48f56c98e33f6860e5b459a4027d4d30380db17b115,0x00e9170cbab6f6536c7ccad478cf57567b2d9793e1c2030e3daecc8029b7d185,31,white,tan,curly,small,1cf77d49 00000000 e3710c3d 00000000 00000000 00000000 00000000 f55c955a b1e57d4d 00000000 00000000 00000000 ac95d692 00000000 d4d85dc8 75bc9a3f 91488af1 adbdf80b 4032006b 00000000 b674d2db 5391557d 00000000 8e98c2f5 5708a156 00000000 00000000 81c4ff97 00000000 5ab3223a 00000000 00000000 00000000 00000000 00000000 00000000 00000000 00000000 00000000 cd5716a5 00000000 00000000 578595af 56d2d467 00000000 00000000 f81e24a0 9340e541 00000000 10a8d06b 4e290f1f 9870d08a 00000000 1d077a58 00000000 9ca437ad e9daa517 00000000 0129722a 12780017 74d6193e 763c4e9a 00000000 00000000
154,22854483,0xc3cd0c6505333261ab1d4679763483d9a0d9327d,0x2df891c3f000a23241cea4b9df402337295d5d6f,0x56efd08b407ca8b03bb3c0595448d89e71e1c7f7180033527be23b38c211d1c8,0x68845b528e1d6f28a816e4df056547a1d719c56008ff563523567b296697d617,34,sepia,tan,vestigial,large,a82d48b7 2b74f863 01549f49 00000000 5a3d063c 00000000 00000000 00000000 00000000 08667f4a 763b3f96 00000000 d1a37e83 00000000 16c00db4 a41f5b4a 5f3f81e5 447e9e15 d6146397 00000000 cbf20d4b 00000000 00000000 02848fcf 00000000 de79aad9 7f9f0c5a 00000000 00000000 5783bf4e c7d2b864 00000000 14b658b9 00000000 00000000 f517e245 00000000 926df6a0 00000000 00000000 5923e5b3 48819d3b 00000000 bdbcbe19 cf5989fd 6cc01c4b 548bfac5 00000000 00000000 0cc25673 3f3f3454 00000000 3ddf8cce 00000000 d62fa57e 00000000 beb159bd 860defd7 00000000 00000000 00000000 9864bc7d 00000000 00000000
155,22854572,0xc3cd0c6505333261ab1d4679763483d9a0d9327d,0xad7fabdf00dd2d10ea6d85d0e3281c54320d775a,0xbc31f0da03b8fc4917fc398e6d09cf1e0aa59136b463ea2881ed2a18d0e311c0,0x6290ebf6f35a54ce2c6e3653c12b00a385a3e0485ddd95fa235de46c378dbf9d,37,vermilion,tan,dumpy,small,016af62b 00000000 8c6de319 a94d1166 74b6c205 00000000 00000000 cef698fc 4f1a708d 9f7a4027 f24962e4 07024c0d 07d054bf fc463689 00000000 f7ea8827 72d249dd 00000000 0739815d bead3ea1 00000000 00000000 00000000 d7749566 3d052617 6adbf098 5ac0323b 00000000 69b9d733 bbf2eb49 00000000 00000000 00000000 00000000 a2e35fe7 3bda4100 00000000 e11f6561 243fba7e 00000000 00000000 00000000 aebd0118 00000000 00000000 fb7c6103 6c28a74d 22826c89 c79e13bc 00000000 03075760 a5a91781 46a7bddb 00000000 0e7bef83 00000000 5a41c3da 757a84ae 00000000 00000000 00000000 8eda8146 00000000 00000000
156,22855192,0x574b60bc1a42becb1de3972751e9238c26c9cccf,0x032b2955820657a770ef9a8630aa9f70c8d4c012,0x70f9f68248494039ae1ffd31859204c62efbf030d5ff88b06ffb077204ca6dbe,0xdf9739f34f52515c635f1944748b4e1166470413d60b784996a4fad96a13fa77,37,brown,ebony,vestigial,large,0da599d8 46607658 89c1e7ff 00000000 acf64b13 3d953d0a dffe36b9 00000000 00000000 652b7aba 00000000 85922854 fb97d040 cf7b6314 147cc21c c5450bad 227aabf3 a822d6c1 00000000 00000000 ce9aa736 00000000 00000000 00000000 00000000 db656980 00000000 fb8d7744 00000000 696a551a 88420e97 00000000 401bfc16 00000000 00000000 154edb0c a1b2fcb6 00000000 adac8691 83c22162 00000000 719df14a 00000000 9abe3325 9681c4f6 45c1ef01 89a32d21 51a9dc7d 00000000 00000000 df935c43 00000000 00000000 7e2bd1a6 00000000 ac2b5085 00000000 f7b61b27 1f206bd9 00000000 d07a8119 00000000 00000000 921bc03d
157,22855779,0xbdc08bbec6b4f455cd2a94e000b0f205b7149444,0x27ae2bf256ff1d9fa05aee362ef916908f951f5d,0x7cab56ce6e35d4534a37e9aef1e61001b62f2bf141df952dca9db1b52d12e14e,0xf82019001abb76d9203949fd29c0808588451d54170f8b66d9b5bd2da89fde3a,39,sepia,yellow,curly,large,00000000 ee495dd2 00000000 7618f222 06d5910a 7260a2f1 00000000 00000000 00000000 4a4fa2d4 5b2d3f9e 8f6d3e65 416c010b 00000000 130eb354 ad2e5bbe b19d427b 15e76e39 9e060ec8 4a4829df de8437dd 00000000 00000000 0ec1630b 00000000 00000000 00000000 99f29191 00000000 f2f60715 00000000 efaeaf84 51d0ddf5 00000000 7e7bf711 2a1eb407 00000000 5d02c00c 00000000 00000000 4d3ccfa6 00000000 d61da673 15a7dc60 cb972d52 b936440f 00000000 422a44ba 3bc09cbf 00000000 548c1fe7 00000000 feb74513 0ba5bbd3 00000000 f0a5eecf 52011daa 00000000 00000000 6991931c 31717bb4 00000000 cb63332e cb99ce95
158,22855882,0x574b60bc1a42becb1de3972751e9238c26c9cccf,0xd833b338f3d44bdb3633616915b720fb72dc99e7,0x01e24d13663a7a2f8f89b9e0702707d702ac2a3a3f00f751aad9bf5c2e1cb387,0x785199ec6bb1f7d3b9a86407e8fa6af1fed2049575276ee19c959bf95f2b74c1,36,vermilion,tan,dumpy,large,cf723462 00000000 00000000 00000000 00000000 00000000 86853167 a0db8579 00000000 00000000 cba9c2d5 00000000 3a4d7d02 c0291371 35cbdd2c 00000000 0781c307 f0f1e3d8 00000000 4eb0db3c 00000000 4c057aae 00000000 00000000 a5e42384 7b4156fb 0159e6f0 34b4f98d 739a42d9 00000000 271710c9 00000000 e728b51c 00000000 00000000 7928cf79 b5151cda 6067db30 f028defd bc07ae96 83eaffe3 75a0bf28 00000000 2f2efa44 97258bf2 00000000 00000000 b1cbc408 4c1a5e9c 00000000 decfc583 00000000 0271d482 00000000 00000000 02f8ae69 00000000 00000000 19f08360 83908fa7 3de244ce 00000000 00000000 308e6e69
159,22855936,0x574b60bc1a42becb1de3972751e9238c26c9cccf,0x829363a94dfa48d8ffbf8d4cb44a58367df92d44,0xdbede4d2ccf91b291355a8c25b4852ac77cf127b5bebeb374819ed68ffbc2bf7,0x5038d49b5a264bbafd694268165eae72947f8319470c75ee80496f0efb489eaa,31,sepia,yellow,vestigial,large,00000000 07ae22d6 00000000 9ce24d07 00000000 8cf6b8e0 00000000 969b3fee 00000000 0fce5019 b03fc1dd cce4c6bb ee83cc51 00000000 00000000 019d1ea1 00000000 00000000 00000000 1c7bb6f6 00000000 00000000 0f0e02f9 00000000 83539707 0ed5f829 00000000 4c848ac7 a4ae297a 3d53605d 7ce06a92 96ac2298 00000000 91856b50 20b2d944 e924db53 00000000 00000000 00000000 00000000 4562420e f826bc03 7996b49b 686f2c23 00000000 08b4571d 7c97d324 00000000 22e610c5 00000000 00000000 3a0931e5 00000000 00000000 76c94074 00000000 00000000 00000000 00000000 00000000 00000000 00000000 00000000 ec9558a7
160,22856978,0x9fe572857e7c845215886792aba4be3b958afa59,0x8a2cd0cc099db3240fc53aa03c88921da28ab103,0x7273a6c7247448aa92631e91f28056f66d51e1b615bb94735292016635344dff,0x08817158e8f2d73cda34ca50d564fc0647369a9eab75cbd1f77178cd233e8b9e,37,brown,tan,vestigial,small,00000000 180d1757 c0ce65f0 33e3d3d9 b765d731 00000000 00000000 357e4659 f97d2df4 14f39ce8 00000000 9579a843 00000000 00000000 00000000 67deb0c0 00000000 eddaa926 7ffe35f9 32be6ed7 027378c6 d0aa2678 00000000 00000000 a8d96228 d8337143 00000000 00000000 00000000 cd325baa 00000000 00000000 f8e5ca55 00000000 43f0ed8d c6fa1bce 00000000 00000000 b9b48ad8 017582b6 00000000 00000000 00000000 920acc3a 45048b18 8900d1a2 5725de8b 00000000 95aae93f 00000000 00000000 00000000 ca28023f 09905ee7 e76a6ef3 00000000 f783b9c9 4204e5b7 7da310ff 00000000 7b5243f3 d61fc1c7 4c9ff97f 8785305e
161,22858989,0x7d7337fcdefe5771e3280f25c3ba670700e8560c,0x4059fa53009d5b31c5546f576aab6a4326bbc8c5,0x0fd1e47aed414f28198932b9cac40225a6f311c5759b20506ea55b5293713b7e,0x055a0d15b1afc5e4ce5a9566907a892c1b0722e995e557307b0ab9ba8a4720da,31,vermilion,tan,vestigial,large,00000000 f358e814 00000000 cb12008f b436b640 00000000 322e08be 31d29117 00000000 00000000 00000000 00000000 00000000 40e60a94 00000000 00000000 a640d85d d22ecec1 f1f1f6df 00000000 00000000 00000000 e6667337 00000000 00000000 aef7b1d9 00000000 f1e98280 00000000 00000000 00000000 cddcea49 00000000 41135bea 00000000 c2fdb766 baf9199c 6237ffd5 00000000 246c4fd1 543a2adb 00000000 00000000 85dabbf8 b316bab1 a65973c8 00000000 16060869 00000000 0335f28d 00000000 98c87299 00000000 00000000 00000000 00000000 cee74c33 fb8c32af 00000000 5a746503 b8124fff 846b2612 8eeff163 00000000
162,22859262,0x4806aab45cd0ca6f114fbe7aab21419790e2927c,0xb9eab1c9a348dd1a58a6fe729bca78a42c9340a8,0xcf584cfc22583f6feccc2c506b3e58f54faf13310f2e917b7b0e72e2f868de5e,0xd93b9477a589be876806757cc3928186d6d77c23ea5148994f44e64f5c3f774b,37,brown,ebony,vestigial,large,3fbc1ea4 eeb55493 00000000 6c2fc5f2 00000000 00000000 a36e72a7 00000000 4bd57038 6475513c 1bc6a138 00000000 2e460f5f 90799e55 81c9379e 00000000 53e4fe5f 9dd42d73 f2f7031d d0091534 fdc4c40a 4cc309fe 00000000 00000000 00000000 00000000 6aebd8db d0b61615 2c657af1 00000000 e0ddc193 00000000 ff6b0800 1bad6a01 f88c02f0 ee92e912 00000000 00000000 34d1a613 00000000 00000000 d6283287 451f8e82 00000000 00000000 b93ab903 8fb5948e 603212ff 00000000 00000000 fd693f01 00000000 00000000 00000000 1dbce52e 00000000 bb289292 545b0427 22498343 aa7b0f75 00000000 00000000 6ed85c75 00000000
163,22859352,0x7d7337fcdefe5771e3280f25c3ba670700e8560c,0x41403e6a27544e4cce567b9dae20b6e14a779e38,0xdb98a79afced84de6e76442ea0cbd2e38509685cc8b689ce17c84dccc5e4a99d,0x822d41948b2ffcb4e342cc1ec48ab9072877459dd853b70475af2065c483b4ef,33,sepia,ebony,curly,small,138dc711 0faf2d6f c80566d9 57e6542f 00000000 9f7c56d9 f4fe87f5 8dd380e4 00000000 00000000 753298eb 00000000 962c258b 1636f2a9 00000000 6161754b 43e08336 efd5021b 00000000 00000000 00000000 00000000 00000000 502fa8b8 00000000 00000000 d856f33f 00000000 00000000 00000000 8a17f47b 951f0f7f 9dd328c2 00000000 14d8c809 00000000 00000000 489925a3 b20497b1 00000000 00000000 00000000 00000000 00000000 00000000 6b0ff18b 00000000 00000000 e9b68ff8 1fffb905 af309c0b 2a56a92f 00000000 7a9b2d82 00000000 e2128164 10316513 00000000 efe16334 00000000 9975e3bd f6cc7fb6 d3a882d3 00000000
164,22859477,0x2f694c711225e97dc71e2a98c0a186ae3e1ad167,0xb6f42d2f39d29b80f80ce0a02e81935b074a6e2c,0x559992d3b9469c37ebd7e5456cd8cafaad09aac857e3b76987648a4f41ccb778,0xe99356d75df095c70669cad479df5d2fe8c6ac509bbd1cf2c3779a75a3446fbe,37,brown,ebony,dumpy,small,00000000 d9afbbaf 0f0c13d3 b1e5a86a e9d2d51c e562e521 00000000 d5056c73 e842d4f4 961a527b 5dee2049 e61f4bf1 00000000 a21d92b3 19085da2 00000000 00000000 00000000 73fc2206 00000000 00000000 00000000 d3ea8391 00000000 fcc46a5b dafb4536 00000000 00000000 00000000 66341e76 00000000 42e7f0fb 650c25d8 00000000 13c728ed 00000000 ed52b9b2 3e26f0a0 ca234709 00000000 00000000 27cf5b71 00000000 7f78ff25 15363795 00000000 00000000 71e88c89 ec429a4e 16be8dee 9c52e977 00000000 0221388f 884cbd0d 1c18e41d 00000000 6ff368c3 aff9ef93 00000000 00000000 00000000 00000000 47f76321 662b7251
165,22859547,0xa5552389c0c7601030cb8d82b487150855478342,0x361b48ad3f50badf7182d1d8ab46e175be566c9b,0xf8e3144187329d89451fead7f73c40457997641bb4d8b0c8287c5f22a1dfc8a4,0xaec99cbf2c8fe77080f593d31b9d88b66fea969aa40c472837407f741e557d6f,37,white,tan,dumpy,large,3988a1c0 22ec095d 95791a2b c69b12b5 00000000 5653a756 930907bb 00000000 d68cdec8 00000000 4a49085e 2db1f62c ba36acd4 c9b20243 0476e25c 00000000 d124e914 00000000 55c03b90 00000000 edd6eb92 00000000 9ff0d4a3 00000000 00000000 c5c62b2c e7b8e6aa e2a7c91f 9e2c1487 00000000 00000000 00000000 00000000 00000000 1e443b76 00000000 d39ce9d9 a0b0940a 92148fd4 00000000 58a5ca62 7bb42ce3 1ef42a46 b61b7e93 9905faba ce02af74 8545cc3c 00000000 00000000 00000000 00000000 00000000 00000000 00000000 bf5f8524 00000000 c25c792f bcf10b8e 953d0084 00000000 a0ee4643 a64a8806 00000000 00000000
166,22859650,0xbdc08bbec6b4f455cd2a94e000b0f205b7149444,0xf300b1cf5d07a0087526310f6c4eb7ab864fc444,0x93cbccf79d16e604a3a2ba941ef5027ce6637c36feef460921315145f6486a64,0xc8d291a7485f765e0cfbf7ec8021c5e458a29a3a7219ca7d6ce6987f162b2a9f,35,sepia,yellow,curly,large,78c83c99 0c3fcb5d b6287a3b 319541d3 b2b18ef7 00000000 00000000 30b47fa0 00000000 96af053a 00000000 127bcce3 00000000 45506e79 00000000 00000000 84da0053 62362251 00000000 b157bc7a 00000000 b98d8ca9 00000000 00000000 00000000 b5e96f61 c6d72892 00000000 e29e2467 00000000 00000000 00000000 6ac6f599 958c1252 288372ae 14074a9d 72e3a519 8561fd66 d113d54c 00000000 00000000 00000000 00000000 c3b211e5 70bcf41f 00000000 00000000 064ceef2 00000000 fd6e216f cc735aa6 00000000 00000000 d7456b7d 2392d3a2 9119b464 00000000 00000000 e8c98704 fb7a1a5f 00000000 4f3ac32d 1a4a2e9f 00000000
167,22859677,0x4e4036db402290a8333fc81f2690bec313baa18f,0xff8dabaeaff1e2a1bb561239b35e16ae634defde,0x39979ab863984e5567cbb4529bd3e1ebf29a421d67fb1517b47c17d9c00a154b,0x73a4703e1ddf96be539199cce9e1d5c5563b435b709d17b62d866a82436f465b,30,vermilion,yellow,curly,large,668eb5cf e36ec8ed 00000000 f4c32bdf a535b278 00000000 eda08ca9 00000000 00000000 56bde2b6 1c3cbc2e 00000000 00000000 00000000 57463744 00000000 c3770ddc 3534e75b d950fe8b af67800b 00000000 30d4d984 54b85181 00000000 04d80338 6c8580db 00000000 00000000 00000000 00000000 72d6a34d 00000000 00000000 79776f34 00000000 00000000 00000000 00000000 00000000 a6b29c29 00000000 7f703179 00000000 7fe49095 00000000 ccf29881 e06a0743 00000000 00000000 07d17b56 056d9fa2 00000000 00000000 00000000 00000000 d4cf270b e78a1f3e 00000000 cc13ba7e 4888fdbd 00000000 d3de603b 00000000 00000000
168,22859726,0xbdc08bbec6b4f455cd2a94e000b0f205b7149444,0xacba93565a5d909854761016611782f755bcde9d,0x6b24f1755279bdaf117a37a9db0efebffb3bb06954ed2c7386aa1358c37eccf5,0xcb60ae47caa700bd2aaea78e258879fe411ca21b8092c61e2b702e0022edeb20,26,sepia,yellow,curly,small,00000000 00000000 00000000 00000000 00000000 0a44afd8 00000000 00000000 ef9464c9 142272ea 00000000 c0bc21f6 00000000 4970574f 988d6f9b d436970d f85399f8 00000000 269b5f92 a61e7133 00000000 79a7cb77 c00a9a65 4800be0a 00000000 f6ec0efc 00000000 00000000 00000000 1b49cc45 00000000 00000000 00000000 00000000 00000000 00000000 00000000 00000000 00000000 00000000 00000000 c7c928df 8e69a3ea 96db2fad 00000000 efaba0d0 00000000 00000000 00000000 00000000 00000000 00000000 37232821 00a8e2f6 445bde88 00000000 7a23a12b a419203d 00000000 2ae3c445 00000000 d29b17ea 00000000 00000000
169,22859910,0x52c2947e6df632d9be6323f7fee666e95e4aa386,0xc12309cd42d779e1ebb09965392d563575565e6f,0xdf7d21289176dacde59d258f683e7e23830a9465b0b1f9b3f28c576c4b751065,0x3d0db74540ac613421cf7dfc21ce4acfef0475a7845ff2c493f3e96f7c9a4b44,36,vermilion,ebony,vestigial,large,00000000 00000000 30ca13e6 00000000 00000000 00000000 00896f09 00000000 539f3a60 52912046 00000000 46ab2005 00000000 00000000 e40cda7a 00000000 00000000 253cdadc 00000000 7c59405e 967dbd27 00000000 00000000 4aaa4baa 00000000 00000000 7c16a4e1 e3792a64 2a170847 73c3cd19 5c67a7c1 00000000 ac5fafe2 bfec1152 e4d0eda4 d809559e 00000000 e1bfa2e3 09ad5621 00000000 6c6ef416 00000000 00000000 ba7fc9f2 00000000 277a6d2d a2b68429 969dfa40 d513f14c a6bfd6bf 00000000 00000000 4146431e 047f5cb6 efba3fa2 564c1ec0 70a466fd f5a3edbc 00000000 00000000 caaec89b 00000000 00000000 2dafc309
170,22860000,0x52c2947e6df632d9be6323f7fee666e95e4aa386,0x56db52fd767be3213f718fe3e1bb10798c6363d0,0x6cdebfb307d4e93c1283fbd581001405aa8eb51e787dc31f5f44655e33618943,0x867a3618985e91bf5ca70a6e74c95193fb2fb9776e92ea4be1748880fc204432,23,sepia,yellow,dumpy,small,00000000 7cce5a48 00000000 00000000 d0dbfa9f 383621d0 00000000 00000000 00000000 00000000 7a9ea3bd 00000000 00000000 00000000 b32fd706 00000000 00000000 00000000 00000000 00000000 00000000 65b6d23e 00000000 00000000 00000000 00000000 b55d96a1 70af9954 70a7e8f8 79e64f46 f6a3fe73 c08cad8d 00000000 00000000 00000000 00000000 00000000 00000000 00000000 7943ccc9 00000000 00000000 00000000 85596d7c 00000000 00000000 00000000 fed56a57 00000000 00000000 876e52a6 00000000 f5fc9e78 f410cb0b cc000835 00000000 14e1bfb7 00000000 00000000 00000000 00000000 3fb0742b 89bb205c face1297
171,22860029,0x52c2947e6df632d9be6323f7fee666e95e4aa386,0x6891671daa29793bbc684cd0fc2b650652de3bf1,0x399802925b8c12db1b0fe535d7b12c362fb15834c7e93ef8a60961aff57b79c4,0xcfd96fe4b3fe707327fe32ab70542ff9352fa69ba13ee8c598df178d2ad8bf4b,36,brown,yellow,curly,large,f0317036 8831b4dc 00000000 06c39837 00000000 00000000 8c0ee11d 00000000 d6970ee0 fcc0b1e0 479849ee effc0f45 131c0bf9 7e0e3ae5 00000000 8347a445 00000000 00000000 00000000 added1f3 8e338a11 00000000 27d1da8e a9710060 00000000 c4049c7e 00000000 8c8dbcab 00000000 04994a06 00000000 00000000 249b7b2a 00000000 369a4f06 67c64be8 00000000 00000000 00000000 0d507fd1 f74ad4ea aff056cb a55af853 00000000 31c581a5 00000000 00000000 00000000 0733af00 6258f834 d6131432 e733535e 130289e2 00000000 43ce470c 35c178ca 00000000 00000000 00000000 5c031723 5e574041 00000000 00000000 27ff05ce
172,22860403,0xed39205dd38074eea517a0e3dbd099b4e4a85af3,0x5e2161462f60a01a5adac98f48d6f38ce3f28754,0xba61e2752558f4fec0854739e779322786841cdc10854f2f9bbbf64ec8294613,0x3483785850d80be8bc377d70c3f2bb4dff3bb2b3d8caf071fa907df16b855f07,36,sepia,yellow,dumpy,large,dacc4d24 f23be511 3556bc12 00000000 00000000 00000000 00000000 00000000 5f4943dc ebba25ff ed758bd3 84f71028 60bff609 00000000 17044606 00000000 f9affff6 00000000 121a8348 00000000 00000000 00000000 00000000 aca97331 db2a72dc 40d157ff 00000000 47943028 00000000 7cf7fb3b 6854e5f7 00000000 2149d33d 00000000 00000000 00000000 942ea184 9b8ed918 4afa64d6 f8583fa4 e83a97d4 00000000 5a374ad6 f781a086 e1b2273c 5195e483 4b495037 00000000 00000000 00000000 00000000 00000000 f4913b07 00000000 00000000 6e98ab2c 00000000 f67f875f 00000000 582d485d e0b94052 c28d4ce7 5f278bf1 8aa7ae69
173,22861522,0x1ffb740eabe3d5fde7052df1e82a1df6fac2633e,0xa27053b0e798a86cfffcf585323c73cccb93fdf0,0xd9447f4e3d25dd0e69e3ea1b0bb57fc5f07763a79e4dd87e4b97812a413be6b0,0x44cb2f3b74266f1965b8001b292a178c6fb6b3e9f0a00840ad46cb00fb573309,31,white,ebony,vestigial,small,d5f1ac7d 00000000 00000000 5de310bf 00000000 00000000 00000000 00000000 61200d73 3b937e8b 00000000 00000000 6f684016 d0bb60af 00000000 00000000 4c742eff b6b37eb9 b1cdaa91 00000000 65142cd4 00000000 745fe118 00000000 f2fd1dc8 d55170ee 00000000 5953538f fb5ddfb1 43b58565 b0bdc00d 7a7c9207 00000000 00000000 00000000 00000000 00000000 00000000 00000000 00000000 00301342 44733c29 00000000 9bce40d6 00000000 00000000 48ab0600 9de9a4cb 00000000 2e42937a 7051472d 00000000 00000000 00000000 34039af5 00000000 ea098fc1 00000000 b7853e30 33c566c5 00000000 dd027dd2 00000000 4df584ce
174,22861705,0x1ffb740eabe3d5fde7052df1e82a1df6fac2633e,0xde4001e06790c1b661b892efcbb28397df4abd0b,0xc7cbecccff452f05dcb9142c4f8e1261bf560630c3cceefc700c79a15c2a96d3,0xebfa47ce225c727c29c8b475b07880c165c74a6da6a1633b89e64409b1644f4b,28,brown,ebony,vestigial,small,b522e997 1c7afeca 00000000 593af555 00000000 00000000 c6fd767f 00000000 92c1d149 a6de99fe d99a1a49 04fc1293 00000000 00000000 97b531bc 00000000 00000000 00000000 36b7a2c0 00000000 00000000 049922bd 4038db19 00000000 1fb0ced1 00000000 00000000 00000000 7d1eb580 186b267f 00000000 e94d0f0a 5b6ed727 00000000 00000000 3875788c 00000000 00000000 00000000 00000000 00000000 00000000 8dc72e44 00000000 00000000 00000000 1fe27f75 00000000 00000000 ffbde734 e9ce2384 00000000 00000000 2dee07df 96781224 d3281892 a9fd66d0 00000000 00000000 1ee22a8c 00000000 00000000 00000000 58110aee
175,22861797,0x224e633c9632a51de2f6225a7620dc46b2d58b08,0xea93e6bfead374ab740eac962f8cdced77db2ea0,0x850f0c547708aed6f47d05957c82ffd1c1b59fc129bc8d346c97c2a7cacdf4a1,0x19a85cf35155a31afe92f70973193949ff814f977f1b60a75eadad4a5744e2da,34,sepia,yellow,dumpy,large,00000000 c0fb1133 00000000 1cb35868 f766b3b5 00000000 e0bbbfd4 7d162c91 00000000 8bf668e0 00000000 00000000 00000000 ad90e6f4 891da1ab d1471d09 00000000 00000000 7a097989 00000000 00000000 00000000 95a78165 00000000 6b562265 a738ff9b c4f81bf5 00000000 a100abf6 00000000 91a64c35 00000000 00000000 d71e3d19 00000000 56fc2ebb 00000000 00000000 2f6505d1 00000000 3b1c993a 00000000 5fe5cd4a be247aae 00000000 eddcb868 00000000 b17219a5 591c2a9e 00000000 4f78708d 6ca11235 00000000 a75bd425 00000000 7ff6b5a5 00000000 7a4d5a0c a65f4356 7fe0aa4b 06a2cb48 00000000 f242eada 00000000
176,22862109,0x1ffb740eabe3d5fde7052df1e82a1df6fac2633e,0x32f684b7196737e85b83696f69773864dcf1f6a1,0x95b2b17e9e3b65c7f169d02300e8dab173a330d536ea5137ab7ffc50b1b58946,0xbc15e9cd0bb826f9a83f170df28d4c350889fe0dce2e15a00fd6dde39740dbcb,37,brown,ebony,vestigial,small,d14dc5a4 61ddae64 00000000 38a39b9f 00000000 00000000 52e97503 4008ab3a 2d3698ad 168e0ea9 00000000 88bbba77 17f33b0e 00000000 4dd25b4a daa43a09 00000000 00000000 00000000 00000000 00000000 00000000 b3a7e833 00000000 dd62fa1d 10641abc f628f520 00000000 0052e531 00000000 00000000 597d010d c8a33aec 3c26ced5 00000000 00000000 00000000 a814b3b7 244631d9 28cf6118 e87c192f 00000000 e17ac633 9f21cbf8 6aa187a7 00000000 8887a9c8 b3de6981 00000000 7f0e9f4a 731641fb 00000000 e009f44b 00000000 9632c3f7 8680437c fead156e 1052df1c b2f6ef32 254c5dff 00000000 00000000 00000000 00000000
177,22862298,0x224e633c9632a51de2f6225a7620dc46b2d58b08,0x44a1e54c5293f5e339bcb917fd2d5f6a3b251da1,0x9984e03debeb5681d332c7d18741775c0570e47f5134062f59d843d839d1bed2,0x8c875883623a8145dbf1e95d2cff55447c1199600c1838a8f1699fbc208d5111,30,brown,tan,dumpy,large,16bdacfa 00000000 00000000 00000000 be43b7a1 00000000 00000000 00000000 251078dd 00000000 00000000 00000000 7c09c3f0 00000000 a364da08 00000000 18062d28 00000000 cfc6d5be b7ee3a8a 00000000 00000000 00000000 a9732cf2 00000000 00000000 00000000 00000000 00000000 f89cc8a8 00000000 00000000 00000000 00000000 20b47460 da280fed 5a3fae82 6341f0d0 00000000 6260edf1 c5fdae70 76da3101 a3994495 dbab4b1a a1481ec1 00000000 00000000 b88771c6 ad2939e2 00000000 00000000 dadd5ea9 00000000 5dce93fc 5c508037 00000000 84161b65 00000000 00000000 00000000 eb3a87b3 2821ab13 8fd819c1 37b55730
178,22862768,0x3103136150ed5dde8332551f0be87fcb7131a954,0x94c73f2fda08574bee0cadbf5729016823c190ae,0x98b4ad71fb85b1567ccd516d5448284fd30336f9bfc49a4e72ada5f10bb69e86,0xf5fd152e94c96077936dbd27cfce71056b6b69d86b2ff1a411b442a3c825eaf5,29,white,ebony,curly,large,364dc021 00000000 8dc2982a 00000000 f1332361 66f589c6 ddc6e298 b0a06388 00000000 b26c9763 00000000 7a34f098 00000000 963a4bfc 9621e1b8 0f38ef01 a6bcf5f0 00000000 5658c85e 00000000 00000000 86d5ec36 00000000 00000000 00000000 00000000 00000000 4253bcc6 00000000 00000000 f4351a90 8ce9f487 5841eb44 89b4cdef 00000000 00000000 00000000 4aa0f80e 00000000 18452c3d 00000000 711a270d 00000000 00000000 00000000 00000000 6f9e0003 00000000 00000000 00000000 2f7187fd 00000000 cbb8796d f6be6bb2 00000000 2d5629d9 0f888885 00000000 00000000 00000000 39d62fce 00000000 00000000 00000000
179,22862814,0x3103136150ed5dde8332551f0be87fcb7131a954,0xd3092c038704e8367c1ef7b27ca7a6ebaecadbf1,0x0dcf092aa213ec3ba3dd46984021a3040a800c9d31c75e0d65b61f62d9bf8b2e,0x4037f0c5fe24da9a5a55c7ab53f489bce9e8e51f82da6b92257c14bbdaedfd30,36,brown,ebony,curly,small,00000000 00000000 00000000 00000000 7e6cc9ea d3aad5c4 00000000 00000000 5ba491df 00000000 8aba6aed ad34b917 e470d2fe b3466618 08ec28e7 52bc095f 8369784a 00000000 3f8b5e0e 3c7024f2 00000000 8828f118 2dff5abd f51123e6 00000000 6b8a4877 00000000 e715d491 0fa0241f 00000000 1a3d240b 7f06294f 2a0e2999 3924e877 00000000 62cd623d a34a217e 95fd1839 00000000 0b3ee19e 00000000 00000000 0437b6c7 00000000 b3077f2e 00000000 00000000 00000000 00000000 00000000 c07ea419 108e420d 6da2289a f5a9ff94 cc3b59df 00000000 1da28ce8 00000000 6729c7bc 00000000 00000000 6260229c 00000000 00000000
180,22862860,0x3103136150ed5dde8332551f0be87fcb7131a954,0x5ae4c3eb11bcfc6879640293c06e0ef49f14eb45,0xe9552da0ab94ed5adaee78aae8ac54cf405e3f1be4d1c123184140da73723eff,0x46bd6afce4dddf28bc529ec27006855b2fd588aabd9c86fdc05bfd17624b0d23,31,vermilion,tan,curly,small,076007bc 3f9a58f7 00000000 00000000 00000000 fee3aaf5 00000000 00000000 23a8ee28 00000000 32583829 244c7bfc 00000000 00000000 00000000 00000000 2982bc80 28cf0d74 00000000 459067b2 00000000 00000000 c1b3f927 00000000 00000000 51c3ab29 00000000 00000000 00000000 0abd2bd7 018c30f1 00000000 823c61f3 b506ccae 100a5630 00000000 81f05301 00000000 00000000 00000000 b69df195 00000000 4d6af36c 9a5324d3 86a1c78a d2c059ec bed3730d 8051b749 43a87dbc 36f68c92 00000000 6791bb77 2f73b587 00000000 e68663f3 00000000 00000000 00000000 00000000 00000000 00000000 00000000 9222050c dbed766b
181,22863091,0x224e633c9632a51de2f6225a7620dc46b2d58b08,0x0b12e7498441f96269c3706f34d38494c2e80c42,0x901a02aeaf5337a156075646b0f0d90b6e38acdf235edffdd25596a4b78c23ec,0x36886a845b9296a65e23b037a39845cc0c0e354be8e345a022b7b3b64f9749a2,34,white,ebony,dumpy,small,00000000 5854a9cb 00000000 00000000 00000000 490d554b 00000000 f7427853 373b4208 00000000 00000000 d11afe8b 00000000 00000000 8df4c5d3 00000000 4b04e5ed 288f2d6c fb7bb06f 00000000 07bef62c 00000000 00000000 de0a41f5 3f733ea2 c98dd9ab c3af612b 90a62ea1 00000000 00000000 c730e833 00000000 00000000 cd160e44 4d3ffb90 00000000 f6f44b1f 094ed7fe 00000000 2a40250a 6b4159ef a9dda301 00000000 00000000 7f7c3ed0 33af7983 00000000 891fdcfc ca77748c 9044cdd9 48643411 00000000 1a8cb520 3c76ef20 00000000 42f2b8c4 00000000 995d665b 00000000 00000000 00000000 a16b8a11 00000000 00000000
182,22863135,0x549ae637381f77c13bb0e9308a0d8f56769f4dc4,0xbd6bb2630e7e832fab13e557f712c4e982749c51,0x7bc42ccd39a77bdf7ae43a20d69be8959c3061ebe10753d438ac1d4397912826,0x4a74ac63ea75ab812a43688fa0a05ff9bf0f80276c9e4d082ac3771377ff3808,34,white,ebony,dumpy,small,00000000 00000000 00000000 0b0aa6df 00000000 00000000 00000000 00000000 00000000 00000000 00000000 7cab394e 75601ce1 a4e28737 00000000 00000000 5223cd3f 1d4f881f f7fa69fb eb7338bb 47f13f26 33bf99bb 2de3a1cc 752bad45 344ed4a1 28e2d2d6 5bb90d0c 00000000 5ea26f4a 309ad7e5 96a4a174 00000000 97adea44 12f6bc3e 00000000 00000000 b50aa6f2 00000000 00000000 00000000 19fd5fed ffea8ab6 15da2081 00000000 6f3c352a a73bfca8 b5d49d0b 00000000 80476ad8 3aece49b 00000000 00000000 00000000 00000000 2c732165 93466d5e 00000000 dcc5d3ca 00000000 67701e2c 00000000 a796cb8e 00000000 00000000
183,22863173,0x549ae637381f77c13bb0e9308a0d8f56769f4dc4,0xa3930b924f54dc8371649496a6104049bbd142bf,0xca0ebf18395dd2c8b53115fb80af1ecfe8ffaeb88f240854404be229e1982ac7,0x86b9d57dc6bf2e245714f12b34a8e06075a0995e371773992512689e9423fa27,29,sepia,ebony,vestigial,small,15e02dcf a3cfdb18 26374289 00000000 00000000 305a5405 00000000 00000000 00000000 cee89b64 00000000 b6361f4a 8a33369a f9891717 e51ddded 5ff0bb22 5f0d9c9a 960e3dda 00000000 00000000 00000000 cb909b32 00000000 00000000 00000000 00000000 57055cd3 00000000 0cc835e7 00000000 00000000 ad1a99b2 00000000 9c4b87ee c1c87c62 ee3897ed ee532cf5 00000000 00000000 058fdf53 00000000 00000000 00000000 37bd3461 00000000 186380dd 51a642d1 00000000 00000000 40119aac 00000000 00000000 1780788f 00000000 00000000 00000000 b419693a 00000000 bfc23237 00000000 00000000 b4639ffb 00000000 00000000
184,22863203,0x549ae637381f77c13bb0e9308a0d8f56769f4dc4,0xcdc3c92353159bfb82456473093410aafa4706f2,0xd883ea582bc9857cc084e967816764e5b646db2c3d5f19a0b869b427361b5f67,0x6486348f45d32377080d998f0b9e7c5bab98b0ff129a06ad712cf550e727e753,35,brown,yellow,vestigial,small,b8401c4a bc3645f2 00000000 00000000 3179a51d 00000000 bda0b006 00000000 a08e9c70 e11909ee ca7cd5db 00000000 00000000 60b3f4d3 ddd102f0 9758c6bc 3eae18ef 061eb7c3 5da5a78d 00000000 00000000 9038075d 00000000 00000000 f9175ecf 7dda586d 8de869ed 00000000 00000000 28c8f89d c611f91b 0f1b5194 00000000 00000000 00000000 00000000 6beccb8f 00000000 26cb1677 00000000 e44905c4 00000000 f17df6fe 00000000 645fa9f3 f0c32456 c41f2830 d6029c84 00000000 00000000 d39936f3 8c77d74e 00000000 a921f009 00000000 00000000 278de1aa 00000000 00000000 00000000 42ad9c07 642f4a81 93effe8c 00000000
185,22863963,0xed39205dd38074eea517a0e3dbd099b4e4a85af3,0xa4d944c6689e90f063816b82d6c77d2bea335045,0xc34279eea53acf71db5cb654e23a70096c11a71412230c84fc93a72305d655e4,0xfbe3403dbb3559bbbc11e17922b2bbb8e10ba3785b13ab7a35d81ebff17babe8,39,sepia,yellow,curly,large,00000000 00000000 00000000 6df10a4a 00000000 c79477ae 7df6d643 dc31dfba ab003e99 4b3a0ca2 00000000 76c5567e 00000000 f7647fe1 00000000 5c84a2c7 34856297 f8d760ca 00000000 66e01376 8c4c83c4 5c30eaf5 25fcdfc0 00000000 c5b9f93d 00000000 00000000 00000000 21750941 c4b437be e0d7bc94 6207525d 19c0b7f8 863f9e73 580a1571 9a970936 5febdcb0 00aa1a1a 00000000 58490f1f 00000000 e03dd7f0 411a2549 15f0039b 027f7af2 00000000 00000000 00000000 00000000 00000000 00000000 703ab614 50f4baf3 00000000 4addf499 7d58958e b6b24efd 00000000 8bd139eb 00000000 b1383aa5 e1aeb5d0 00000000 00000000
186,22863975,0x703ca793c3ce69082c70bea3a8fb71cc5bd05155,0x362f5ad3b11faac2ddc4620da7bf4bcd2a02b31d,0xdf6d9722326e1d4c807507f28d6b159e4a19c37185562db7fee318e8ee117d1a,0x52904561ee8755c79fd0190306e8b763b02bf4f6645077d684e8271f6e0d8d2a,30,vermilion,ebony,curly,small,00000000 77f7aa48 00000000 700fa1aa 00000000 18d3d2ed 00000000 00000000 fc70f203 00000000 11acd4cc b0bd73a9 00000000 00000000 00000000 ed362a80 04013236 00000000 40917012 a7026bef 00000000 00000000 00000000 00000000 00000000 14fd4e2f 2232ae76 078dfd9f 00000000 7c9b429b 99579e81 00000000 a0f1736b acfac182 cb664d75 67687516 31737d8a 00000000 00000000 00000000 882116c9 ba0dfeda 213f6fad 00000000 00000000 21ee221d 00000000 00000000 00000000 00000000 00000000 75b9a852 00000000 465c2184 f8246988 12a38aa1 00000000 00000000 8720089b 00000000 00000000 00000000 00000000 1786ad25
187,22864101,0x65d3f783f7a9f2a30cf70a8b3f6789fe98779086,0xeee74a21266b1c140359925f76a99d0620f23fb7,0x16eda9d984b128d17850e7a6992312de9393095d1205d00cd2681652188403d3,0x75273f480f7f3cd139244c58cb7e8fae062a795e4d33885d6042f7cc27b9665b,33,white,yellow,curly,small,d681bd4c 6bd5c722 00000000 92942d18 96951314 00000000 6391cf79 00000000 00000000 22d8c407 3d58c3e3 00000000 00000000 ee537e90 f12215ca 00000000 fe483cd6 00000000 00000000 fd1a3543 03831518 f2957248 00000000 19a0be51 5f76b883 3f084804 a7f63c14 00000000 00000000 c469ca8a 00000000 00000000 00000000 00000000 ae763b4d 07d1fe88 00000000 00000000 b621c67b 0f537dd0 068c3d64 e62e41b6 00647a79 00000000 d38e43ea 25eedc88 e531a0ba 42b2267f 00000000 464286ef 00000000 00000000 00000000 00000000 70543fce 00000000 00000000 00000000 00000000 00000000 00000000 4f107dd5 d562a468 00000000
188,22864199,0x703ca793c3ce69082c70bea3a8fb71cc5bd05155,0x171319ef49863607962971c4501ea7a4a36b2ff3,0xf1273828cbac3e61966eb8d6f67463c450fece3ae1df788e96ddacab450c11ed,0x6468ec88039f8f99173b50238545a147bcca170f31fa31f5195f9ffe9416f229,36,vermilion,ebony,dumpy,small,e3aada33 00000000 00000000 a2d74da9 00000000 4ed49646 00000000 00000000 00000000 c29ae7ec 00000000 00000000 234fb48a cd2692d1 b635f548 186413b5 00000000 823817d7 73ee8707 00000000 28087165 00000000 00000000 00000000 00000000 00000000 d38c0c17 00000000 d45e2115 00000000 00000000 b97aa5d0 00000000 30418422 c415c6ab 3b8568c9 0d221e34 927931c4 df3e090c 463a37e1 ffb0b0f3 a9e739ef 025d9883 06916daa 9569407d 00000000 00000000 b0ffe40a 26340f75 0818ec68 b655bcf6 83df2022 09e3e3a9 00000000 8ee49221 00000000 05c9e426 00000000 00000000 1594850a 37573f21 00000000 00000000 00000000
189,22864238,0x703ca793c3ce69082c70bea3a8fb71cc5bd05155,0xd2fc4b3f271677a0e4dd6dbfc767410c98c310d4,0x3e7cdec2dc0ea16c428d5c579d566c1a39202fe29c327fa5b3d75d083a2c09d6,0xf6c55a10e1f939836e8a69235fd4c73ae87738468b3eebebc0338652084a1a39,23,white,ebony,dumpy,small,157b8bca 00000000 00000000 706731da 4d4072f2 cdad206c 00000000 00000000 00000000 22d92ba0 00000000 3d598de1 175192a6 00000000 00000000 00000000 00000000 b7c1f255 00000000 83743206 00000000 00000000 6b83bf96 00000000 00000000 00000000 00000000 f88a6f25 00000000 00000000 00000000 00000000 00000000 c404fbbc 00000000 00000000 9cabebef 00000000 8be5942e 00000000 00000000 64b53866 a74c33d8 00000000 00000000 00000000 00000000 742d3606 a3df68b8 db89d401 00000000 00000000 389fb6cd 50e64569 00000000 00000000 00000000 00000000 00000000 00000000 00000000 00000000 acf46ed2 8cdde42b
190,22864315,0x024bd508a0752afb7e927b7defe681b51dd42377,0x152e25345a7d5e20486917592bf8d462c69bf4f3,0x660c61e246c44dc8eccf541078bf5ba7db9efbe6036b9e6951e596db61752a7e,0x3f1d484c8d219a333fd10c668c104de221117ef2f15ff3a39bc89c962dbb0376,33,vermilion,yellow,vestigial,small,00000000 e98eaaa9 b4523732 00000000 791c2789 6af44be3 5cc0e057 00000000 52a7d6ee 59911e75 00000000 00000000 00000000 00000000 00000000 00000000 358b0387 9a85c9b1 00000000 7e3476b3 817d59c9 b4ed92a2 00000000 377d9bc2 df9556f6 00000000 595a2ce3 3533bd81 00000000 d168e415 00000000 00000000 00000000 f463c5bc 3b963955 00000000 08515f79 00000000 00000000 dc6b7c81 00000000 00000000 94ee8a61 431810a9 31f30df3 00000000 00000000 17d3aa77 00000000 00000000 00000000 8c86c758 00000000 00000000 8e3a1567 8ead0dcf 82ec46c8 20466ce7 00000000 b44246d9 34d36914 00000000 00000000 16e27218
191,22864449,0x024bd508a0752afb7e927b7defe681b51dd42377,0x1a0e09676459741ac47751e5507df920cb86fda9,0x224a959c57bd8302513d0ba2f8c618f3a2beac5f00d1fb8a7a8c812aa8a8c754,0xb214a6ab438492010c6d7ad916031a4a7b62b043a55735a7c2df47ef2f12cffb,41,brown,tan,curly,large,28d3c1be 2d9fe1e0 00000000 d7e94e68 0fd881ec 43baa831 02e8b215 9e58c022 b1c48afe ef127387 dab9da81 b93f65ea 00000000 00000000 b6729a26 735b2a19 00000000 de8ca20b 00000000 00000000 6e7c3f02 00000000 00000000 00000000 e04f1257 a18ea982 419acd6d 52f19da7 00000000 6ace836c 00000000 00000000 52f372e8 4f7c9d9d 1fdf48a1 4a4caa54 00000000 a064b94d 64a80665 80dddf2d a4df04a8 f2646ac8 16252a8c 00000000 00000000 00000000 9ef69c1e 00000000 f6ac2477 e4836c5f a2f24460 abde1044 80820fb0 00000000 d1f90475 29eb4ac7 00000000 06f16829 00000000 00000000 00000000 00000000 a18d4570 aef934dc
192,22864559,0x024bd508a0752afb7e927b7defe681b51dd42377,0x9e8e65a755c21b4b4488c0267a3b67fddae87c90,0x7a38a1292613962df190ce38ce8133198ca45c0557cf10d5bc3f0bdc7a7d2db0,0x53c7a0bd7dd0ebdcc7f5ffadec5de03e5a76527acdd367b65af06957e9902fc3,33,sepia,tan,curly,small,2d642304 4cdd5430 00000000 00000000 00000000 00000000 717611a5 4735f395 04b91b7f de7b8696 651c380a b24d125d 00000000 85713d50 00000000 00000000 00000000 00000000 00000000 00000000 d2ae1310 00000000 00000000 d72c1e6d 04e94c31 00000000 00000000 0e9d20a3 00000000 b906b833 28ebe8b7 96be3e9f fc479442 84a36003 507fe70d 00000000 285939e2 00000000 cf0a3754 00000000 a75f256b 00000000 00000000 9d7dee4c 00000000 0ff692f7 6a6a28d1 00000000 00000000 00000000 00000000 00000000 2fbd9ab6 c1e9ffec 4da2f1d2 7b212cd6 00000000 dd7878dc 00000000 16c59e61 01c68bbd 00000000 a7d7d5fb 00000000
193,22864574,0xbfdd7a87be2ad35e150fe97ec3e9459cf922296f,0xced741941c1f56d0d4c7cbe6827026f024e16eb6,0x5a8710385b788bd67c3dc2d087330dd0102a93f2cafca4015116a1080b808797,0xbcd427736a0b1c43a8c6eda0c96c3d1e28a433e2c8c43fc2bfbd726b34c8d56c,37,brown,tan,vestigial,small,00000000 00000000 78676cf0 d0192be1 00000000 543401e3 3a7861a1 00000000 1545f8c3 00000000 71117883 00000000 13b481f3 00000000 9ca06d71 b1a26a08 00000000 00000000 00000000 1e42b981 00000000 00000000 49a9cd04 1f80e7b8 00000000 00000000 d954f6ff 00000000 26c86500 87aca9c8 00000000 00000000 b1f87038 0345bd90 00000000 1998f801 00000000 c335176a ac70474b 00000000 00000000 3eb5d8e4 00000000 00000000 fb72c9ae 3578ec34 61e0c767 00000000 f5e24b77 00000000 9ba8b998 2a696451 2b203876 7716e131 00000000 1ae4c3b2 c3857f82 917e165d 85461c75 b6871521 a97ad5e4 57826380 00000000 2dc10f48
194,22864622,0xbfdd7a87be2ad35e150fe97ec3e9459cf922296f,0x464156a3031ead432386daa61c95f5ccd0e8660c,0xa76122be6427255f8d299be0b865695c5fbc037f5a7a60dab978a29f337a60b9,0x04a8282cfed6ab638209997f0e84d77537a0f3666aaeb5210f902f85aeb5d4da,33,brown,tan,vestigial,small,00000000 e1c1fcbc 00000000 7fee1a27 1c7751c0 00000000 b9ef3d5c df801dd5 00000000 00000000 afd4907b 00000000 d2b1a320 00000000 dd7a3318 a7561479 9da2df90 00000000 bec263f9 00000000 026f228d e37b3902 00000000 84689029 00000000 14c7b4fe fe23f824 363c7176 00000000 82134e7f 00000000 159769a0 183c3461 00000000 92a45793 00000000 00000000 00000000 00000000 2467df1a 36cadd7e d03e94c7 e520bd6c e0edae0a 00000000 260fbdee 00000000 00000000 00000000 00000000 00000000 00000000 ae24adcb 00000000 00000000 964ed835 5cd954aa 7f348ec7 ec375384 cf80c488 00000000 00000000 00000000 00000000
195,22864690,0xbfdd7a87be2ad35e150fe97ec3e9459cf922296f,0x44c8ee5d550f012e406ea202c816314bc674d054,0x55bac5a7e3030e986d8fb019730400ff0594e0017aeaef481237f3ee4d0b201c,0x7ba33c3112ee449aa13af6b321fa9dfd24b53774dbc865e8dea6e2689e8ed4bf,37,vermilion,tan,curly,small,c21bd17f a0ac6d0b e9b1dbe5 ffce3f9f 340e77dd 1bafea3b 00000000 28e250aa 00000000 00000000 e15edc8e 00000000 5564301f 00000000 3173e9f5 f1d11ae8 00000000 85cb506f 961d7064 ddecd05a 00000000 00000000 00000000 a46618d6 00000000 da923054 53404bdd cf236209 b8387074 00000000 00000000 c8f16daf 00000000 00000000 00000000 8000f0f0 00000000 2b802a1d f1efeb2d 00000000 00000000 0c01ae26 00000000 00000000 00000000 b8f567d4 a8b097b1 e73b7f1a 00000000 c8d5c5dc 2e2fd0c4 00000000 00000000 29950844 00000000 0e4f42f3 00000000 781e8c13 b4f54108 d486a0d2 cf46dd61 00000000 ee516ee1 ae933fab
196,22865921,0xac0e67aaaa15dc791153b64df4a9d121dce797e5,0x6502f4e89df27c619c3458db32c30da756f766dc,0xf955ba8030a93574a68a9a0a7a15c70d0573cbd5dcb8c5de00ca4971c7e50eb4,0x559484d050977aa6e6736a56c16484ae00d59fb03e9bd4a876221f6e17d5d259,34,brown,tan,dumpy,small,dbb21f3e 00000000 00000000 5eab41ff 15b1ffeb 00000000 e2aee32b 00000000 00000000 dd9bb852 00000000 00000000 d89070b3 00000000 53db9ba7 c7bbd90d cab55870 00000000 e6acc291 00000000 71b2c2c2 00000000 33d1c6ec f1164f46 9ea15478 938212de 05db48c1 00000000 11ab31d3 00000000 00000000 00000000 00000000 ccd7c879 195df2ca 604a0fa9 00000000 8b5e1167 d7125cc8 00000000 afe0a504 6d814df9 4e265b14 b393f4de 71ac8dfa 00000000 00000000 00000000 00000000 dfee310f 00000000 00000000 00000000 0c494b7a 00000000 00000000 00000000 69b0bd23 0ed4b607 00000000 5d9bf3c3 1aa00e4b b043c619 00000000
197,22871381,0xb39e79d3540fc34f516af70574b94d4ef8f885d2,0x09ab0efa0aee9fc278dbb8cf6ea222aa2f911302,0x4a824cf4b5ae67ab79577736fcc89c244dae1599a97497bbf021a46338593367,0xb668d308719595096395a997e4894f16ded08893eb577f27e36a9ad752f6b45e,37,vermilion,ebony,dumpy,small,00000000 247fcca9 232dd021 838f67cc 90241cec 00000000 95b67c6e 00000000 00000000 00000000 2e0096c0 00000000 8d058d43 3ea6df1c 00000000 fb3afdd8 00000000 17dc2129 49ce8d2b 00000000 cc4b0e10 8581350a f4ee5195 5af7f6fe 00000000 4168a5f3 00000000 00000000 b1169e3c 00000000 dee8b2e9 00000000 5ca36090 a28172d9 c15e5f01 00000000 1a896a51 00000000 de954f89 6c52f8c6 00000000 ddd41d76 00000000 cf2c7865 68fdcec9 00000000 00000000 3ffad12d 00000000 dc730349 00000000 dbc50466 00000000 6c1d81ee 78c21fab 00000000 8cc15441 93f6e37b 00000000 00000000 00000000 44c2304e b1348905 622b562e
198,22871799,0x9194331dc33cde506a635cb2bde30a88246cb9cf,0x8f0e9663b0e581df9558c14dccab1aef2c223033,0x861cb9c699bfa126ee6cc0bab8af506d3d9d5c6f07ad274e75b57730c5d4ba83,0x18a794675dd3338c0aee3ca14eb858bfa52e3467eb3517bd9483561ecc491174,27,vermilion,ebony,vestigial,small,00000000 00000000 2393cf39 00000000 291acc73 d61bf545 185350f4 00000000 4a72969d 00000000 00000000 00000000 cec29d73 00000000 00000000 00000000 0d12d4d7 00000000 00000000 33e3caaa 00000000 00000000 7b9cdf1e 00000000 00000000 00000000 5e2d85be bd097ee0 00000000 00000000 50ad3601 a1f89b09 00000000 df53cf22 cec18031 c4662582 1a661e7e 00000000 00000000 00000000 00000000 68b0605c 8b5f55fe 00000000 00d102f4 00000000 b60f9777 00000000 86a373a4 8d30ad7e 00000000 00000000 00000000 00000000 00000000 692b9b0e 00000000 00000000 ceadbccc 00000000 d725bec3 00000000 00000000 e7ad178e
199,22872394,0x0b1ba22af3fb3ad6247ba5d4413b6649edd40819,0x2f21295b891777b803ece1a5fea965e81c3560fd,0x7d7e1158c575184bbcc43cdc28da515793d5150c13fe7708424c15e7d50b45ac,0xbdab24a0ebe666e72f99a0e11eb51c9a52f51227b4bc036644a6d86f9666e33f,35,white,yellow,curly,small,841ef25a bede6b1f e6c48459 add5873b e009b18c f4dd37b1 00000000 00000000 3666dc9b 3646a4af 00000000 00000000 00000000 08cb21af 1544c570 4302be4f 00000000 8d9fdf9a 4597f19c 00000000 00000000 6d9cc346 81b9479a 00000000 00000000 41165085 4cfab60b 00000000 a3ed3c12 00000000 00000000 2cd76272 9203a336 05b10919 fd40c8cf b38f9da2 00000000 a5e6911f 999667de 00000000 00000000 00000000 00000000 668ab014 8a5d48e5 00000000 ff8b9d88 38ade15e 00000000 66377e78 65c3936d 00000000 00000000 50ab79a1 00000000 4899d37d 00000000 00000000 298c96ae 00000000 00000000 00000000 f740b7a8 00000000
200,22872703,0x20f41835d1c6e437f28f054e2e0540b82740df25,0xc57fae96032ccf5ef652bd041bdac0f3fb7b8329,0xbc1a16913423feedcb6880be334e44aee381e069276d3f30e126377f2592d315,0x57716080346f0948f62ff0e2a39f1697ffd5749e95fd85d901d26d5e5b778a06,31,brown,ebony,curly,small,00000000 f214494a 35f655bc 00000000 00000000 00000000 00000000 00000000 00000000 2e4569b8 00000000 1710f22d 00000000 00000000 00000000 6c7e00df e792ad6b d151edb6 f79b1565 00000000 55bce7da fdd8aa39 34be9d6e 00000000 14f48737 fffa33e5 00000000 9ca79dcf 0a8c6021 00000000 f0a48885 00000000 00000000 ad6401b3 31351fa2 52c206b0 8de8bacb 00000000 db2a4b0b 00000000 5266fb7c 00000000 6093c5fa 11616fb4 00000000 d4dfaa26 644dcaba 00000000 00000000 ee89cf5b 00000000 00000000 f1ceff0d 00000000 9a3fdcdc 8af49d01 37e43d8c 00000000 00000000 00000000 00000000 00000000 00000000 00000000
201,22872908,0xaf88695762861f15b620b242c56d919f0d0ce612,0x31ae14e29e4bfa558ea9fc320c18d38bfad4f13a,0xe9fb08220bbfc1e1ed2082de116275fc4ac2125a07ea1476edf816e48c25ee44,0xcc9b9ed6a555d3ba61d36cb7c391bb94df7c9fcea953e3dab59c465a19c9eaf3,34,white,yellow,vestigial,small,beb24e10 f8b0188e 00000000 00000000 cb71b5dc 65c886c9 2d6f2906 a9ddcf52 00000000 1d9eec4a 00000000 e6764a7f 00000000 cebbccc9 12f2dd44 b60c2270 c786f2bd 00000000 00000000 1c01d834 00000000 00000000 a21b3541 e27338b0 d0206c67 00000000 00000000 0e0a53c4 7d1ec9a2 00000000 00000000 00000000 00000000 1f301271 00000000 226da944 edf46661 00000000 1ede555a 00000000 00000000 fb3eb805 d5639bff 00000000 00000000 00000000 b1179a77 00000000 00000000 00000000 9a0c88ea 4d5bfce3 2e166252 00000000 00000000 79019f4d 5314f1c3 00000000 ede4cdd5 00000000 fd5bd7fa 3d768931 00000000 b8993f04
202,22873375,0x51ff767cdd5112be157b12b5b1c7713608fc2601,0x38247f96057716932df484b677103989cf61bf5c,0xa899baddbc57099e36010c0c2df67827a8437eddd9bd1f7b7e2eb29620ba3d9a,0xc2ee4214d59c7375eb14cbba23696630b4fede023badad196b20be94b3ed963a,34,vermilion,ebony,vestigial,small,00000000 fbf2ecee 00000000 d525ce80 f21f7e7c 73556670 00000000 00000000 00000000 553d99ce 94754f0c 00000000 2fd96988 00000000 00000000 2e6545d0 7f545ea7 00000000 3a718aee 2895290a 00000000 eda1967d 853a6a99 ca1d4157 30c8a007 160d486d 00000000 00000000 3bd7e28e 6b7fbcb0 00000000 df6a4088 00000000 00000000 df893533 00000000 7193c09f 00000000 00000000 4bd90d66 00000000 587b78bd 2556fd4c dd5fd1e0 36c2d4a0 f9835ff7 00000000 2710abd8 00000000 00000000 00000000 00000000 00000000 3ba56e34 00000000 00000000 c701e625 bd437c23 00000000 3724431e 00000000 40341659 2d208e89 00000000
203,22873674,0x5eee54755344c65af3e0a76d4e970cdc42984b67,0x9ea77cdba5e7ee5c23ffce74ba460b4835fa2d6b,0x35b2c83e9b12a14015b8d42f9fe741c6ff3173ad4248e7b83a5eda45f906a92d,0xa2233ff3fd647b82fa1bcf230717b07ce586d66a07076b4bd6ef7d2901c56b16,34,vermilion,tan,vestigial,small,00000000 ff216caa 4a0cfae4 00000000 2c881135 00000000 00000000 00000000 281ed59c 6e047e20 00000000 7f06e2b3 00000000 070f8a51 4c7ff57a 00000000 44de9a01 00000000 0dae3573 00000000 00000000 00000000 da149fcd 4e41af83 9527310e 00000000 00000000 00000000 00000000 00000000 00000000 00000000 e8fbb927 00000000 00000000 6230280d 00000000 9b9244ba 00000000 00000000 f8af7f4c 00000000 7c8968ca 06245fd2 537cf69a bec93235 3011d222 00000000 528d0440 af10cec8 701e6e39 fbb1978b 00000000 fcfd1125 b289a136 e7fd1ccc 00000000 43318423 c540424e 00000000 0ea7fe77 00000000 df388edf 2e0e9763
204,22874015,0x5eee54755344c65af3e0a76d4e970cdc42984b67,0xf5a814f49716900d16bcb8f5114691eeea404eb6,0x4131e9801ee4ca56e9fb93a0f0064f762bd1e69fbbfe4ea11fb9d9116272866c,0xd0e9ced0a3340a445a793c0e837741695254c1efecf6fbfdf1db37a01ece3e20,33,vermilion,yellow,curly,large,00000000 00000000 00000000 00000000 00000000 0df00ee1 00000000 00000000 00000000 a223d9de 5983c359 43643841 f2edec90 a979e2e8 00000000 00000000 00000000 4e10ba85 e0325e97 6bd322bf 00000000 00000000 3578a641 6493d9cc 00000000 c207676a 272805be 1bba1b36 6b8a2427 00000000 00000000 00000000 00000000 00000000 00000000 00000000 00000000 83e19d67 00000000 25b0811e 2bec4837 5b870aee bce522ae 00000000 4819ecad dacd5996 00000000 00000000 f019a708 5f52efcc 00000000 0f8ef56b 8a8bdb44 00000000 21db5f6e 00fda4f1 5bd6388a 00000000 00000000 00000000 50d44bf7 28fe808f af5dc732 f1a48f6d
205,22874162,0x5eee54755344c65af3e0a76d4e970cdc42984b67,0x2c25564636928dbd524c5c8b2bdb3542d3eff440,0xe8b20be43b26852350519685cd0d8804356060a2dc4b3a1405e9f212848fb02a,0x8b47af62f0abb70fda543221b7f9edb47fbea024685dddf2aaf8dde43822f179,34,sepia,tan,dumpy,large,c5bce165 00000000 00000000 e1410048 f15b0af3 714a5c25 7f8182fc 00000000 e8d3bcf2 00000000 00000000 00000000 f7c4ac98 82445085 0f2013d4 ab1905c2 00000000 a338df21 00000000 00000000 00000000 3ec32448 00000000 00000000 00000000 00000000 00000000 db0e7994 e6e58667 777bcf65 00000000 00000000 00000000 00000000 7a778965 00000000 00000000 cb676869 df769c4b 5b63dd3b 70e30e78 00000000 36d3ea75 cf3d9c0e 6fbdb4fa 00000000 3b1052b0 9861a765 00000000 00000000 00000000 aaf2e96b 183ae704 5863f2e4 c6fa44d2 0ed52346 00000000 73046061 00000000 a7ebe6c8 00000000 a16aeb74 00000000 55d76bbf
206,22875964,0x9da747028d14fd5fc1ce0a2f91d77f5062c6ebb4,0xe3780dc9bf9480d651d691f4fbcc2cac39446250,0x4d9116e64a974878aee994db653cd797b028c4118c7a975efdf25e722ccf2493,0xfae33af7ff53c0ed3447ce931c57a4f69f3935b5ac98ce366cbb85496aa5ea4f,34,sepia,yellow,curly,large,fce75d01 9e49d896 ef6f46e5 c7453ae6 00000000 00000000 50dafdc8 00000000 00000000 0c541497 00000000 b26da722 00000000 37cfe5e8 4cda7bd6 2d0c8afc 8255a2cb 00000000 d750bd8e 00000000 00000000 3945fe2d 00000000 85007dd7 00000000 c550a51c 00000000 2a821aff 00000000 4b56d024 d36e319b 00000000 f0ae7ca6 00000000 00000000 177ca724 00000000 00000000 b268699f 00000000 5851d30a 00000000 715d3b41 00000000 00000000 00000000 00000000 8ad6c0a9 88d4daa9 c38e67f7 00000000 297538ca 488b3b48 c8abef51 00000000 1700350c 00000000 00000000 5a9fd8de 2122f84e 00000000 7ad2e4d7 d610f093 00000000
207,22876687,0x4fe840d7588f2a7cc776b24c74b710d80c68c887,0xc4d171f69600a6167bff24ea320057619536dc8e,0xad583e550d969d590865867e3cd1b638596556665e681c43f5cca68f699b3fe7,0xdd51dec2f1560657e434ccebbe6b67b6873ae44f9a2bba7576b86d78c3d2d0bd,35,sepia,ebony,vestigial,large,24a5db48 00000000 e991d2a2 193417f5 3c57bbdb e6443a54 00000000 d6b2c3eb 00000000 00000000 00000000 00000000 fee30138 00000000 b51567ff fe7b9378 00000000 9d5cc460 00000000 00000000 329f0b90 00000000 9288e16b 6baaa07c 05fbc6b9 fdb95873 00000000 00000000 00000000 00000000 0e720250 ba325d68 00000000 00000000 00000000 d132c2ab 8a0c2bc2 48a8ac85 5537a9c7 00000000 eb00398f 00000000 ec2ae374 521462ab 00000000 4a10fd1f 90dc0955 00000000 00000000 00000000 00000000 7a325e4f a796f3d2 8eae82c0 00000000 4d406cf7 00000000 ac2197b7 2e662f6a 00000000 72e95c20 8fc60552 8b10e066 00000000
208,22876878,0x019d9319cbefec30f672fe0f79acd709958ab271,0xe0d3844f2ba9eda41b50c1959d9fbaaebfe61724,0x6dc0b4285b9a795af56a8806570c70650cd1c405914ddb9280617089d8f9e00a,0x0651add528fcb7dcc1b5c77c1cbf035282fec07a6e647aa7101e63f12a7d676c,32,white,tan,dumpy,large,00000000 00000000 7bc2583f e27f9de6 00000000 7f8d28a7 26fc617d 00000000 7947d680 d2b57a09 25a3cb87 00000000 00000000 cf0d3b5f bfe45955 00000000 765e9030 00000000 09ad14da 5c0cf79a 699f81eb 1fb548b0 20003df2 00000000 00000000 67d0b8bf 00000000 e1857971 00000000 0816cffe 00000000 00000000 22b071ef 00000000 00000000 00000000 5c409c2f 938b9335 2f255f27 fb5c79fd 7c2b73a9 1792f39e 00000000 00000000 00000000 2319d682 0b9fb2aa 00000000 00000000 3ac8b06b 4b87da64 ebaf7d42 01f383fd 00000000 00000000 00000000 00000000 00000000 00000000 00000000 9922f216 00000000 00000000 00000000
209,22879699,0x9194331dc33cde506a635cb2bde30a88246cb9cf,0x6ec49ae2dfee623ca8091fcbbbaf5b40cb462c8d,0x26de6f70d30b94abd4546f8c7ff686db47b17790a7a44cd3fa60531d7a682b5b,0xd95995dbe9949e89a4acbf77daa10ccefe2737155c91ca17e5d9d2781c077252,31,sepia,yellow,curly,small,00000000 64def766 00000000 00000000 b09003c1 00000000 c8606507 00000000 00000000 173e4fc6 00000000 00000000 02579450 5e9dbdad 117a1d26 00000000 1d119437 fe2c1658 1d3014f8 00000000 00000000 00000000 00000000 00000000 00000000 00000000 859d19a3 0f655436 3c426643 00000000 00000000 00000000 00000000 00000000 00000000 7762d455 5a49d590 288a12a0 90a9ebec 00000000 00000000 fff8c251 00000000 00000000 6bd56fa2 00000000 58eea249 f69ccc3d 89882b42 00000000 00000000 b1d383fe fb80a6e2 00000000 c7a66d2c 575dbcb6 b7ea0ae4 00000000 6f3d4bcb 00000000 00000000 0b56b1d5 ab034b17 f8b33f6e
210,22879704,0x51ff767cdd5112be157b12b5b1c7713608fc2601,0xf7f6349b0dbdb7acda5d515cbe9de930785d0017,0x81b926f2dcb37a6ee94a136a531e077ba9ef079082d882e7e3c26201fe16092e,0x7fc4c0f2699b8c6f75280babba1d7902d7541be0c9426e7612f6ecf1e1e8cc94,33,vermilion,yellow,curly,small,00000000 00000000 b6e73e8f 00000000 39ad741c 00000000 00000000 6ddabdf7 00000000 00000000 808362a6 f35b0340 00000000 00000000 204942c6 836b138b 00000000 00000000 00000000 fd8f48e6 00000000 34fc0580 bc005bd9 d518d95c 2209dfd6 00000000 00000000 00000000 00000000 c1eead53 4adc5729 f0bc6a3b b3927b19 00000000 00000000 00000000 74dd4998 cc2236f5 55e0b105 fdd54e74 00000000 00000000 835bad00 5e644abe 00000000 818be185 957ab663 81e9b57c 00000000 327385ce 45feb0ee 00000000 2ab90b48 34f3ee3b 40f4a719 98953441 00000000 3b7609bd 00000000 00000000 45ae231f 00000000 00000000 00000000
211,22879748,0xbcd76fa66f9edc46065f4f27fd634ca15a0b1c72,0x5700ca51cfa50b1be55d1e3eb41239e9095fc24a,0xae1716251861e8b0b8b36a2cdbe2e3cb7011cc5e1b73d3a39ed4c620ffa5df3b,0xd67b4a292cc17cd2c8130200bb2ac4d51fdc1cd30d5e81751d4072c44462e612,24,vermilion,yellow,vestigial,small,00000000 eab4731a 00000000 00000000 c6a07e46 00000000 00000000 00000000 00000000 70f7bdbd 6da21177 00000000 00000000 f78c79f1 cb2acacf a685321c 00000000 9e904e89 00000000 00000000 00000000 1761e8b6 00b851f2 00000000 00000000 00000000 3e09474f 00000000 00000000 00000000 54d6fe48 00000000 00000000 00000000 3fc51c6e 00000000 00000000 00000000 4d8e56ad 500b6625 00000000 c4e77eb6 00000000 00000000 cc0081bb 95146663 d536eddc 00000000 00000000 00000000 00000000 00000000 00000000 00000000 59d7a078 00000000 2e7eb8b7 00000000 c17306ec 95d123f0 0205eb93 00000000 00000000 00000000
212,22880384,0xbcd76fa66f9edc46065f4f27fd634ca15a0b1c72,0xde769ef0f73191ff175b8718a94e815c7411813d,0x517f5f5d61766fb4309d4802aa6af3bc3f3cba5497e07d70fd603404a8db2fb6,0x83622f47fe969eb259bd696de24db21768fbe0669beffa54232d0197bef1a2af,33,sepia,yellow,dumpy,small,6a06068a e5e99ac9 8ba1354a 0e734e0f 00000000 e0489f2e 00000000 886964a4 00000000 c9f57c9f 00000000 00000000 00000000 8a71310d 00000000 00834dea 0de2ef81 00000000 00000000 00000000 8471edf2 75a2aed9 7ae2dd70 2494e036 00000000 91c3b1f8 d3a347c5 18805ef4 133cadbf 957d61c9 00000000 0f07aad3 2cd9d6d6 c7026eff 7685ed3b 00000000 5d8d8f19 00000000 00000000 f0a16b21 b70f5dd3 00000000 00000000 00000000 00000000 00000000 00000000 00000000 802dcd52 00000000 967dfeec ba18cc43 00000000 f9d08bd0 00000000 00000000 3a225c47 9836222c 00000000 00000000 00000000 939b4f51 00000000 00000000
213,22881002,0xccde496b83c644f779e5b6fcc0cc4a5c276fa5d4,0x01629f5d5f08b4030514d533d5f3acd3271f89e3,0x72f9a7a40ab7466e7c6b5b8069864c865caf8df2db674325fcaf4acaf9b26bbd,0x6029f07234fa75d30d54c5f801e64ebb6514633c2e63f54e29c97cf728b10921,29,brown,yellow,curly,small,cd68dfef 00000000 00000000 00000000 00000000 534d6fbb 00000000 00000000 3e1e18d3 00000000 00000000 dccdc5ff 00000000 00000000 00000000 00000000 828f5699 00000000 00000000 00000000 f97fd8c6 1bb4f001 00000000 7ffd2427 00000000 00000000 00000000 d537322a 00000000 2b3bea5b 00000000 00000000 6dd113a2 10d351b3 ccdb4c3b 00000000 7403499e 48612c14 48206982 2522a123 00000000 00000000 0e9185e7 98251cdc 7fc122ba 8a3185f1 804fe596 00000000 1f426c11 00000000 00000000 3ab9b299 00000000 00000000 ce30d76d 0a75e6ae 21c40fa8 00000000 00000000 6b2b5272 00000000 791a3635 00000000 00000000
214,22881288,0x0824026863b82d18cc258f1299d96c17bbde6d86,0x54ecfdca3d349818172197aec8e5c870597148e6,0x0678850a302fabfb73ae87a7c1466d99a9386799d3a227c7b991d26f9271030a,0xb99b4a38d7661de1b0a9181beea873513bac27061094be93453220f259879f98,29,vermilion,yellow,curly,small,00000000 00000000 00000000 a01ef70d 40f00c21 00000000 00000000 b589f52e 7393e6a7 e2be7305 500a03be d700695d 44f21a00 00000000 00000000 0c00a1db 9dee6c6a 123ee464 48f42026 00000000 00000000 00000000 00000000 1da69fb1 43d36e24 00000000 00000000 d1902a0b ffbf526c 00000000 94721ed4 00000000 00000000 f9ef76fa 00000000 00000000 25a70ed3 76c36e3b 6d362159 c8ed96e0 00000000 00000000 00000000 00000000 00000000 94471f76 00000000 00000000 00000000 76bf08ce 00000000 00000000 d3c43fb3 98ea5127 00000000 00000000 43234bcb 00000000 f3a61683 00000000 00000000 00000000 81581688 00000000
215,22881442,0x0824026863b82d18cc258f1299d96c17bbde6d86,0x0578375e1bf251eeca1e759adc0568dceb3c1f2c,0x64eedf4fc98be406f50837e50d2812790361ef273722be5abd2fab9126f09b0b,0x150b3820ac4a6f0cb644c7c49a2cbe24a0e5e8185309a5608772a56a14014bcd,28,white,ebony,curly,small,3f917682 00000000 6de3622c 1154aa7e 00000000 00000000 c0542f36 5251f6da bd39ff6d ebaaa923 00000000 598663e4 00000000 00000000 8fda2a58 00000000 66b83312 00000000 00000000 00000000 00000000 00000000 00000000 00000000 00000000 00000000 950f1fd9 00000000 7abe9a32 00000000 00000000 00000000 00000000 8c59c092 00000000 d254923c 00000000 84b30b8e e1ed5492 00000000 3e5cbcde 00000000 76c3edee 00000000 00000000 95c91e12 00000000 c2c5ff27 00000000 3a444a0c 00000000 00000000 d6992b15 6235c642 221e99ce 00000000 46bea063 12decc95 0f578c7a 00000000 00000000 00000000 00000000 5ee7a5e0
216,22882184,0x08bf056c728966c8d6d3f2acb0ad4be521ed0631,0xb24d2997092ac844a94fbae4c75410524f6acb38,0xbfab47ea861058d0544381b738cec8540482e19be831e5fa541dca62a593d5d2,0xc718e488d26bea0038171a66bb39a39cee5d8195bdf8c4b271eafaf0c99d5363,36,brown,yellow,dumpy,large,6915a559 698906f4 00000000 00000000 00000000 ebc4d8fd 0935321e 00000000 0400b1bc 8836eb5e 00000000 00000000 fbc783f3 00000000 3458cbce 00000000 06cdd0a2 00000000 065fe6ac d50cfcfd 4a9abebb 00000000 00000000 06dd7443 ad064ac1 00000000 00000000 40d92341 00000000 00000000 50b780cf 2685277c 00000000 00000000 00000000 00000000 f92e7540 02c37471 5ac8bf57 efc85ebf 00000000 636dad4a 00000000 8397edbf 9ec1df9f d77fdd74 2996e023 ca24ee8b 00000000 a8dac8ee 00000000 092022a1 00000000 a7f16783 4cef69be e3178eca f70b6a99 00000000 00000000 00000000 b955c9a4 0b4da408 0032ff6f 00000000
217,22883192,0xd14049678140b62b8d5ea1766357b0f3646eb936,0x099ba395a894b79e156a493f9ef3a5fe538e44ff,0x26bd4b19d165d8d7034b40f40cb0bba1b0da37abdfde868fda08a1f949869264,0x7e76a3856eb6fb7c9cad0c564707a404a0c810bb85f1aeb8c02e49d8746ed76a,32,brown,yellow,curly,small,00000000 167b8355 00000000 daeac644 00000000 b6b5178c d55379a9 00000000 51cbb535 4bc5e847 dfdaf013 00000000 9860d03d 00000000 7ad9402c c45aaf1b 00000000 494d220c fe61f140 5dc8e15b 00000000 aaa6be75 d342c689 00000000 00000000 00000000 fb166618 00000000 d87e0256 df339653 3a8caccd 00000000 00000000 00000000 00000000 ce4701ac 5abe192b 00000000 3edb93de c3549277 50c0306f 00000000 00000000 5d2926c0 00000000 00000000 92e51544 00000000 00000000 87bc01a9 0869066a 99129f6b 00000000 38186961 00000000 00000000 00000000 00000000 00000000 00000000 00000000 00000000 314fadd1 58036248
218,22883204,0xb3aa0c5049d7e1c9abf88d612c10b8d792383464,0xe6a4e0ea1b76ac52e0d5c66685ea11933d46671e,0x88fdc4874630429fe4d15bcbffcb52cca6fb94956c982580c3a308cc70446ce0,0xee0a1f94aaa92a474dce17ccb21101bb717f6e94fad7b22a3e9ae7fad28ed73f,41,vermilion,ebony,dumpy,small,0c6db9c6 e3c2dab5 168b67a1 6617e695 dbcddf39 d49e0218 00000000 00000000 61ca1ab7 f130aeff e1adf417 00000000 91cb9c25 00000000 3c5b47e0 54c2ddff 00000000 a158127a 10696b6b 967ceaf6 00000000 00000000 00000000 4226c216 00000000 0f132c5c 00000000 00000000 510e04b9 00000000 848a11dd dea42605 00000000 6e71ff9e 00000000 e64d02b3 f9473bbd fe95c187 e9652d5e c1d0def5 95310df3 c3448e8a de802742 00000000 00000000 84964e5d 03272d80 4f7c63f0 00000000 0e95df81 00000000 06ab2a84 d28cc5de 00000000 00000000 9d64c900 00000000 3339c5af ef0267ce 77746864 e1966107 ecd5270a 00000000 00000000
219,22883646,0x08bf056c728966c8d6d3f2acb0ad4be521ed0631,0x0aa21422daebe296cf8f304c814a0d56fd331ffc,0x17e80e88d1d90c2685e4cd86cf1c15eb54e354265ba2abb4a894efb71c727b31,0x750fb87ff9ba1db8e63e5b254de0251d8e6c7eda73d81184878aeb6eda5462c8,32,sepia,yellow,curly,large,00000000 00000000 00000000 78004c68 00000000 00000000 07ab4194 207d97df 00000000 86be6003 00000000 00000000 00000000 e97b9b21 b1b221f1 00000000 00000000 00000000 a197a1a9 00000000 fa56a83a 00000000 c1467004 00000000 00000000 88ecbda0 00000000 72166dd2 4b8fb3ed 00000000 91c47fd6 88ded17f 00000000 4f9c864a 8a0835e8 c344d4bb 00000000 2e90f05c f6815513 00000000 c9f396fc f74b7c1f 00000000 993d5847 00000000 40b742f7 6e4f0cc3 4030bac5 00000000 302f4731 00000000 8cbffe74 00000000 00000000 00000000 961e8546 ee74419b 3ca39569 b8136673 00000000 00000000 00000000 00000000 04c2b9b2
220,22885150,0x939571499a81766380edd7040bb16a785b800855,0xf440867c2d73a9a3fb07c05591402fb77f33d93f,0x1af820cd8d3f942586791182b19d884b4f3693359c6195ef1f3fbd28c635e37c,0x9779ca016855562fad4e0f12945ad15974dfc322da8723046524d3d5e34555b7,34,brown,ebony,dumpy,small,ee72d887 886a3c01 87db14eb 00000000 36b6e676 c236a4cf 00000000 248cfa2c 40d6fee1 00000000 8e719772 00000000 eb55e4c2 00000000 38260657 00000000 3e540b8c 00000000 04046608 00000000 00000000 00000000 7fd73505 00000000 d8a1b799 db490147 00000000 00000000 00000000 73785cb5 d90c5241 3dadc864 ab1fd6c0 00000000 9a1bf1f9 00000000 06abd0d7 00000000 c24c9b27 27024560 946582d2 1adefeb0 00000000 00000000 88af6674 00000000 2b3f9fa2 a95002a6 00000000 00000000 05d933d5 00000000 00000000 3937abdf 00000000 00000000 76f90810 00000000 b14f27d3 00000000 00000000 4864b63b 752ad14c 00000000
221,22885768,0x5134143ec5c04ad5b5dcd240e92f484cdf10fef8,0xde709e334f28f35788f2c2484bc43954c145b68a,0x98bc0479014404636dac14be6afbdabe967867f73a849f4b4843eb6e949972de,0x4c7949d3a629b15ed7b2a35c04edf987827c4046eb0c3401c7e627f1fdc36d61,38,sepia,yellow,curly,small,4651bd85 00000000 00000000 00000000 00000000 9e0af98e 13563792 00000000 3b3371b8 00000000 6c845f4b 99bd06f0 00000000 85925bde 470e7f1a 00000000 7fdf36ee 47bfb4eb 00000000 00000000 00000000 00000000 82890282 55a9f964 9f507b92 00000000 80d0a49e ffc94fa8 3a3d8dd6 d859f677 357f35c6 203260e3 5840eda2 00000000 00000000 00000000 93fe77f6 de7e9e22 91378236 4e1c1179 991bd473 b6ac81bb 961e26d9 00000000 00000000 a269be93 00000000 00000000 00000000 f7db9146 a761a943 00000000 00000000 a842903b e1bb836a 630786f2 07de342d a49fee10 a60d2659 00000000 00000000 00000000 8c31a843 c5b2d8b2
222,22885818,0x5134143ec5c04ad5b5dcd240e92f484cdf10fef8,0xc084ccee1a89f8ceae466aeac16eb05fa2f8b344,0x9ee47d14442472c06e070091ce847f1fa3ead4b96c525e6863e4ca5a0f83ac18,0x364b607b5a1401008fb19f62bec727f2cba491ec8e56a9d2a10696dfd1adea92,33,vermilion,tan,dumpy,small,00000000 9a1c91dd 00000000 00000000 5aa041e2 00000000 00000000 b747cbf2 00000000 4ffc69b6 00000000 2401259a 00000000 166a31f8 9405a13c 76f28b2b 0c9a6f1e 00000000 ba8a380c 3976f3f6 00000000 b7cfd772 00000000 2c2e01b4 848988c6 00000000 00000000 00000000 39694e48 00000000 66001eb4 2ad58942 1c844bf5 22974218 1b5c6c6f 05e2be27 7bf4822d 00000000 2f35d7a2 2315692b 00000000 711613ea 807d8f31 00000000 376f9cfd 00000000 00000000 d9263a1b 00000000 55eb622a bd34ccb6 00000000 00000000 00000000 00000000 00000000 b7ac4cd5 00000000 00000000 00000000 00000000 6247bff2 00000000 7a14811e
223,22885898,0x55371363937406861291a914a07e7e39f315812b,0x5a96347fd14fd7c0ebaa847cfaf2f1a1b0b2433a,0x46ab492b390daad819aba73e83084450a65927c8a12ad5dafaf9ae2aefeff073,0x6b1434578e2f8452904e2fb2dde72c1e66dc262dc258ed3f62217f8a1a69dd28,30,brown,tan,vestigial,small,00000000 00000000 00000000 4bc99fb2 00000000 e97bcdfb 00000000 00000000 b9d4341d 00000000 7393efae 2d390abd 32670431 00000000 b8dbda0f f38d601c 8d475bf4 00000000 00000000 237ce793 00000000 775734f2 b0b2f3aa 00000000 00000000 484c8d92 00000000 32909f82 53faeaec 00000000 00000000 00000000 00000000 bb95bacd 00000000 6ede353a 00000000 00000000 00000000 869560d3 c83d5c9a f7b40240 6f189f96 21ab668f 7a3eaf6b 741025e0 e853a316 00000000 e6079be5 00000000 00000000 00000000 00000000 686c3c07 00000000 00000000 00000000 5cd79235 00000000 00000000 00000000 9d341d47 a4525271 00000000
224,22886581,0x871c8e4a223b9fdff258d117d106d990629c3d68,0xdbd5146d0193a4bb7389fa7887adb9c7165a981d,0x095374f8a694ef43b87613bc0ba352c3bd3a95b52befc708ce475d976b9e9cec,0xb37318dbd93ed3978ea4db623cdd901f55cd994a9f76de0a6892a84a0de1073b,27,vermilion,ebony,vestigial,small,deb3b0f5 e7537a4a 00000000 292b7a17 ccedd663 4114a274 00000000 00000000 706f8e08 f070f0cc 9c01d8ac 00000000 00000000 00000000 00000000 00000000 4e85de99 00000000 00000000 00000000 00000000 c04b9a95 44a73a63 3f473dc3 2e8c899e 00000000 6016990a a9f2eca1 00000000 00000000 00000000 00000000 00000000 b79273f6 00000000 20c81d5a 00000000 00000000 7df80390 00000000 00000000 00000000 00000000 91978c8a 00000000 131086db 00000000 37e295a4 00000000 151d4cf5 00000000 00000000 9ac04a0d 00000000 00000000 aeba9d6d 00000000 00000000 00000000 cb5cfab1 00000000 3ebf076e c0dedc96 00000000
225,22886582,0xca455075041d8af4723892825b3e45e685ee1e0d,0x80d3a41a761b240d81c3c82c60cef9430fa8f1ba,0x0fcd1c2cd334acf6078162cc3352a2a59af493cb7cac6ac6216056513659a50c,0x6fc914915adba14fa1958fe0aa1b7514b4aafbdff91410543348d183b4e1245b,28,vermilion,tan,curly,small,8b3c5d1e 95560b5b 00000000 b3e5cf59 9e11edd9 00000000 68ed5a3f 00000000 00000000 00000000 bc0a1949 00000000 00000000 743beba4 00000000 00000000 0bc52c7d 00000000 00000000 00000000 00000000 c10cf920 3a61a044 afd2816c 00000000 00000000 c42133e0 00000000 99c72dd6 4b95ea6e 00000000 0bc65b3c 826211a9 cc2ae9e3 00000000 00000000 00000000 00000000 00000000 7889c390 bd39d819 00000000 00000000 00000000 0f2b5e6a 00000000 663a1703 3723bf0b 00000000 00000000 00000000 9c56ec35 00000000 00000000 7f4af6e2 00000000 1db5055c ea35b075 00000000 00000000 41414495 0519d890 00000000 00000000
226,22887076,0xc32df1d89911cb9a33f6032f63ca6ad21ca0e484,0x3c0ad99434df08b1d38cd023723b6ad7868a2eb5,0x153903693289c94826fbd62ba6a4cc7186f1250a92ba7fcd4c79e8cacf2bb6f2,0xdf7fde0309baadb8f20394be1b2a0c4d9b2dddd2277ee186807ef4142b651f60,29,sepia,ebony,curly,large,00000000 00000000 00000000 00000000 00000000 79b1b8e3 6226e1e0 00000000 79c16860 5b591dc7 07f45d39 1bf9c2a6 4052f95c 00000000 00000000 00000000 8f1b5eb3 00000000 a558248d 00000000 00000000 229741b8 d8c34603 00000000 9e58d556 9d2d6bbd 00000000 ca323eee 00000000 49dfb2f9 00000000 00000000 00000000 00000000 ee1f6c43 00000000 f2e6ff70 00000000 00000000 00000000 00000000 00000000 5c65cc13 00000000 3d528a93 b062fd6e 09234e5e aa649811 00000000 28c126e0 27be81b2 403fedf3 9996958c 2e825886 da8faf42 00000000 00000000 00000000 00000000 00000000 00000000 00000000 00000000 c0b546ca
227,22887184,0xcf9ca4ebf3ed44342d01d6aa5bd48f61976d16a3,0x2dbc99456343b17de2756477183343d660d6955f,0x3b517b5501e7033ce518a251ef416060e61a5f33b35fb6f1485a177446a294ba,0x4753992e508615db8290775acb0fae3628a328ec86b3a7075f512ef90d70af9f,37,vermilion,tan,curly,large,e8433b45 29c63922 31ba57a5 4885accd a10dbfd3 00000000 00000000 1fa87f24 b5edeaf2 0be04c5a ca0dc71d 2c14815b 00000000 397665b4 00000000 e51bd934 00000000 00000000 00000000 00000000 dc926bab 31a62cc3 66f0996f 00000000 b2af467f 00000000 a4e98bf7 a03e51fe 00000000 00000000 00000000 00000000 6de4362d 00000000 00000000 46fa86ca b12bdccc f1083575 52cd68fb 2f4b1e36 00000000 af06607e 7512556e af22cb19 00000000 d44901c1 00000000 00000000 1a7ca1f5 00000000 00000000 00000000 819d77ba 00000000 0a64398f 00000000 2c68b5e3 d506626f 48bc3cc9 0b8f43bb 8157ec1a 00000000 ccf1a94a 00000000
228,22887445,0xca455075041d8af4723892825b3e45e685ee1e0d,0xbe5ffb8e9388c351a90ec387f9f9fa367491de71,0xf4740c525b5ec4ee932a98c8478bed3ac4bc8dfbedb68f5fbff881e82a2f85a8,0x027ff7fca40c19e9a88e08cc42a2196e44981e03e752183f525de653e501630f,31,sepia,tan,curly,small,fc7b3f5c 38063cf1 92fbaa32 d6c17ab2 00000000 00000000 00000000 00000000 b29f993f 08c2be0f 00000000 00000000 00000000 49b75f47 9c58d4cc 00000000 00583c53 00000000 00000000 00000000 00000000 00000000 00000000 00000000 b627473a 00000000 f4f8e908 00000000 00000000 7d4123f3 a7694775 63f7606e acdb8e0d d381f151 00000000 00000000 3135b310 00000000 537e2175 00000000 00000000 4bdb3723 bfd2b8d1 00000000 00000000 4a58400f 56fd2ff3 59078f89 92618732 00000000 ef4292ad 4d21fff6 be4c0660 00000000 5ee8f919 00000000 00000000 708ca28d 00000000 00000000 51269630 00000000 f25aa209 00000000
229,22887448,0x871c8e4a223b9fdff258d117d106d990629c3d68,0x035d8367690ff2f20f4da01eacc716d603dd5a2c,0x09fa8ac04907e9b7cb5b55cbbbbe959d851835ee0fe9ee0f569ca8e840a42d36,0x0608f8f6a3f216300f02f530bc9cbe906e573209879cdf4061e541fb6913e521,31,sepia,ebony,dumpy,small,a6321825 00000000 00000000 00000000 00000000 722b9522 00000000 00000000 633e6167 00000000 c0fd3b4f 00000000 00000000 ab29cc2d efc3c076 d0d0b5e4 2e273a15 c35d754a 00000000 00000000 59f6362a 00000000 00000000 00000000 2b7c3fbc 00000000 00000000 c863462c 00000000 de8f9855 3aaa9047 00000000 5b5421ad e979f5ee 00000000 8a7a106c 21a34d2c f9f15ff7 e62714f4 c6c53a49 481b19ab 00000000 00000000 00000000 00000000 00000000 58c925f6 00000000 1c50398d 00000000 6ea3d843 00000000 00000000 75755f60 1a0124be 3919004f bd8390c9 00000000 00000000 00000000 00000000 5b8ca187 4c786ae6 00000000
230,22887465,0xc32df1d89911cb9a33f6032f63ca6ad21ca0e484,0x302eaa5e2b4923537282b47fd392205662d2c051,0xeaaca34d7269eeed46d0cf9a74f79479769cf790242cbbe46bf4d5790cfc68c9,0xb544452cbb8448957b9e1f49c0c21e8e34dc8d255ad8e53858d35b6c37792a05,32,sepia,tan,curly,large,0f69250e 00000000 9120a840 00000000 00000000 00000000 00000000 00000000 00000000 26be9194 00000000 ba61ca92 00000000 9e83bd67 00000000 00000000 3ec403ff 00000000 00000000 acb8ea26 9595825d 86243358 a5cdab8d 00000000 93b5d228 44d5dca9 dff4c473 00000000 f44ff5a0 4b9ec3c4 00000000 00000000 00000000 00000000 0907d947 771b1e4e 00000000 89eedd3d eb34ff6d 00000000 29423fe1 a6386b6d 00000000 038a4564 c0c948af 00000000 ba38f0c7 00000000 3dcd03dc 40df7f3e 00000000 00000000 f14fd7fe 00000000 a81c2675 77a4c70f 00000000 00000000 00000000 d510437e fd084e7d 00000000 b154bee4 00000000
231,22889600,0x246e4bf851155c76cd74a4e2961cd879431a7768,0x23507468726146fdae1692aa1f0ea1747674e654,0xc9c8d205966730861bd6489e3e5f58cccb75888a87e32e46d2cc2d64e606a5e3,0x43943bca65a443c1d9f2c69f39012e7d75710c2ff53fa60f5f5c0c5d015caec4,30,brown,ebony,curly,small,00000000 00000000 403cea69 00000000 00000000 00000000 017c8f80 c90ccd3d 00000000 9e1567eb 7873838f 7ed56bfc 00000000 ef37a90f 00000000 487a86c7 00000000 00000000 8b82d6b9 b9f28b43 98a99a2b 00000000 6094dc3e 00000000 db10484a 00000000 00000000 00000000 00000000 00000000 00000000 00000000 746f33c6 00000000 71ef703c c60e7600 cb104148 00000000 746f55fd 00000000 00000000 00000000 13974368 2aeb005e 00000000 00000000 00000000 00000000 00000000 00000000 002c6839 26129a67 14029b21 00000000 7b912c0a 00000000 6dd1727c 9b4ccb0f b4e434e6 35acb376 9b57e738 00000000 e1e9a378 00000000
232,22889662,0x246e4bf851155c76cd74a4e2961cd879431a7768,0x4f04fb97262a4805f5c30826528469181caaf22c,0x3a2c830ede05db0413c767ecdfb823b1d33eb33da95096862e2eec85082f8470,0x471094a8d4fa79167c4e7dcbc02254cc074838f74ae11dd7b1026fedc44ab5fb,35,vermilion,yellow,curly,small,44792a47 7ade57bf 00000000 8e6f32fb 59c5f599 b1caabc2 46f68ddf f3efdccb f6161ec6 00000000 48964e85 00000000 335169b7 a5d6c827 00000000 062c58a6 00000000 e138025a 00000000 4bd07e5f 00000000 00000000 23e0d8e5 00000000 00000000 00000000 40434e9d 00000000 00000000 00000000 97b794a2 64a77db7 3648460a 00000000 d2e02e29 773be661 00000000 e9ff0f04 69fb6efd f50a296f dc8b3e8b efd79f60 3a74ecf1 49460e00 00000000 9ea12f59 85c63028 00000000 00000000 f352c94c 00000000 00000000 00000000 00000000 00000000 00000000 cad14014 00000000 00000000 00000000 9f00777a 88eb4d05 00000000 066a2818
233,22889730,0x246e4bf851155c76cd74a4e2961cd879431a7768,0xaf21f710add0bca288dbafccdb551d9b1a02eab1,0xcbcad138d160351c02128b665551ec65cb711b1225a337b18286c830f79fcd0d,0xc57f2f9d0d3026c50a53c44b6f537e763f14e42b6f755f4335feb631fdac328b,37,vermilion,yellow,curly,large,6fcde1d5 52413542 00000000 f737af0a 00000000 00000000 00000000 5d79ae62 00000000 70ed7b93 00000000 00000000 42eb72e0 cafe18fd 00000000 00000000 00000000 00000000 7e409340 cbd457b9 00000000 4950d499 00000000 87efed33 1f30f033 00000000 ab15d261 e73651ba a6df5872 c945aa0e 19c65d9a 69b4c046 2f65a78d 00000000 00000000 00000000 b3e29893 353f5ff7 00000000 00000000 00000000 9aa7148d 01563822 00000000 509297b3 fbe1e7f5 00000000 1bd04564 00000000 184e527f 7c167e82 c5a6c6bf d55b52da e4d15c12 bc771de5 fae0e177 6d7d0c63 00000000 3a26a37b 00000000 d83bfa7b db618042 00000000 00000000
234,22889832,0xd6ccc5beaf637fe868e7534240689c660e15f3f4,0x9b4924f000f022e2788cb5bcbaf35ee3578c1e99,0x6d71dd6e6bd2dc75c7f6c24e7d78b4c5a82c877d6bd9041c7451efba9fb34b78,0x14b811411e7ad04bf28e857e90b49dcdcf4166384cb0392a823e9ec520bdd3b7,34,sepia,yellow,curly,small,e0f1c4d6 d5a88627 0e4db361 00000000 012c86a1 11f12175 00000000 18a95c70 4fbd7ed4 e43e4a31 00000000 00000000 9b1409e2 00000000 237d9b73 419ef8f1 709b358a 00000000 18327001 9012fc7a be62be3f 8ad71bfd 00000000 c56950f7 00000000 00000000 00000000 00000000 00000000 f2509adc 00000000 00000000 0462e1ac 00000000 d9da82b2 00000000 00000000 00000000 69efefcb 99ba1d3b 00000000 579aedda 860ecb55 b4188424 ee4c2935 00000000 00000000 5a5a3d17 00000000 88858216 8d7d6e45 b3309239 79f746c8 3460f634 00000000 00000000 00000000 c2993960 00000000 00000000 00000000 00000000 00000000 10df2320
235,22889917,0xaf88695762861f15b620b242c56d919f0d0ce612,0xac3a2481605f6df4eb094a91eddfbd3b62d708cc,0x8fdc2c5480852d229441103d1a391cc904aad3a0e79f4f74eba2860d67daebca,0x928af3655508cdb48705906a4c882b8c0b9e1f878bfc1eef3589fc995037cbae,34,brown,yellow,curly,large,00000000 5deaf7c1 a8b9804e 64e5a37a 00000000 161ea367 00000000 ea041112 ecf80eb8 69f37e00 00000000 cc7269bf 00000000 00000000 2f883b26 343c555c ec3c16b8 2dbc06d0 1ceadaf0 00000000 7ba4abe1 52d5f7c9 00000000 00000000 00000000 00000000 00000000 00000000 afea90c6 00000000 e341630a 00000000 8469dd9a 00000000 00000000 9cbbc929 4bc79c34 00000000 00000000 3f3b3e35 00000000 00000000 d421c23f 89047bad 735c93b5 c793ff80 f80b209b 1aa5eb42 7f98d7fc 00000000 00000000 be508171 00000000 00000000 00000000 2d0c6280 ae9c13fe 00000000 eb9edae0 00000000 f5fa2f66 599007d7 00000000 00000000
236,22890080,0xcf44c3a44b9c291a10fe416124f7077627dfe2c0,0xa69bff72dcc5cfef7d523906411cdce6fd7cad49,0xb53b8abd283a259272e2ea2fce6463afd571bcc01ba5f38bb9bda931a4da85e4,0xaff6f17f61cbb2ec6ddf86b41b7ba14e5e05475af0f2b5a05a3248efdd849078,30,white,ebony,curly,small,00000000 00000000 00000000 f79e1f41 15104d3d 922ede83 1a34f3f8 00000000 00000000 00000000 00000000 00000000 88299708 00000000 00000000 6216042f 00000000 00000000 77936cfa 00000000 00000000 00000000 00000000 a8ad7efb 4086acc5 00000000 0db9af88 8fffd5f0 b5b7d7d3 00000000 0b604af0 3183dae3 6b15c634 6dc428ee 4401d41e 84c30a7c 00000000 f2c27499 5ba7e1a9 dab6fb2f 00000000 00000000 00000000 4357dfc2 00000000 00000000 68697b63 00000000 00000000 b49276b7 00000000 00000000 ee473406 6167dc3f 00000000 00000000 00000000 5595157d 00000000 587079e8 f4d3fdcd 00000000 8adeed1c 00000000
237,22890118,0xc3a31bd2a7acd8965942fbfde816727e7dd50db1,0x497ac02289a30847e23a5eb02df331acebaa3b05,0xc7b2f694186976df368cda6f2dff1a40bd44a033fc36805ec4320ebb648e1e50,0xf982b404cb10396ddaeaead18d33194a9c70f78a3b0aa4832bb6fb6f055b832e,36,vermilion,yellow,dumpy,small,00000000 4667ed5c f355d395 3ebcfb0d 00000000 e945bbd3 00000000 00000000 b12ceb68 ef32fb03 00000000 00000000 00000000 00000000 00000000 0d332d96 e228c2ea 23ae290e 00000000 1d51e6f7 300bb60b 00000000 afef124a 00000000 e2fdfc3b 00000000 d1746e06 00000000 00000000 00000000 00000000 00000000 6a47a358 0f07afaa 36acc590 581d8340 00000000 b066f00f dfea5e8e 00000000 bac64577 1610fdd6 00000000 5d8af391 067f4943 a78a5f65 a369da5f a4cd464a 00000000 9a6711d7 ff58b8b9 00000000 e2d1b299 e73c500d 00000000 04fbdf10 2083afd0 25f42d51 00000000 e967b5c8 00000000 1e85da8d 00000000 00000000
238,22890426,0xc048ef2d7fdd45522093c78b81f86e9cbb2d07a3,0x1f54e0dc8eeda7957910dfdf10ad61573544480c,0x239531a6c70b803972edac7d65d2d882045248f9c1c44458e31f56f1280e1b2a,0x0c8fd7773a498fb25ac7ce36a016efbee3b8020ea0b332e34239110f6ea90632,26,vermilion,ebony,curly,large,00000000 c133b59f 00000000 00000000 286ebee9 16d288cd 00000000 00000000 00000000 40280e19 1515257a 00000000 00000000 00000000 00000000 00000000 8955749e 00000000 00000000 6037e46a 00000000 1da3f330 00000000 9faee75e 00000000 3c33c696 2efef963 d664f601 00000000 4d152ad4 ef3ad22a 00000000 7360ea7d 19e1f37d 8aecec58 31f0eeac 00000000 00000000 00000000 00000000 f8035450 00000000 00000000 00000000 2d96e0f4 00000000 00000000 00000000 59061a3a 00000000 00000000 b79c1b4a 00784f5a cc199b54 00000000 00000000 00000000 8535dc24 00000000 00000000 00000000 00000000 a4ac0b99 00000000
239,22890572,0xa31dad50a74d45ef2bd052adba3d3ee326683b06,0x07fb0589e21f1bb6a75edeeea08eeb3519d7df3f,0x4db56842c149518a1fc4374d10e86510cff247103d0f323f528eb6d75fe9df6f,0x7cf12cd3d73e17b7e45c5d8b5ef2d57786b12b65b9a11de5a169ea1760e6fedb,36,vermilion,tan,dumpy,small,ea25a34b 9972fa68 00000000 32da3020 d4acf1f5 00000000 896ecd3f b723f73e 00000000 5ab7abb1 f6ccc42b dbcf0bcd ec279d4e 5bcd3ad7 3110062a 8bb0db44 00000000 6b30188c c0d542d6 00000000 00000000 060819d2 cd9b2a1d 46e035d2 00000000 00000000 00000000 00000000 00000000 1f2154b3 00a69acf 00000000 e164b0c5 299618b5 4f71fc1f 00000000 54e95946 00000000 00000000 00000000 00000000 8fa3d7ae 00000000 cfe99862 00000000 030d4f82 4b1732cc 29796004 64889a4a 00000000 00000000 0ea20455 00000000 82b6b0cb 7cc4a6bf 00000000 4b76022f 00000000 00000000 00000000 00000000 dbaf8b71 00000000 4a6bbf81
240,22890726,0x3aeb28b5341aabf1a52ec92e47afef89040c172a,0x0eaf156e01753b8614d17e26fe1cc1f956b31dcd,0x19b0a0caf6b221db77e077728ab86572af3cd9f80b653f0c9658c1454cfe668a,0x57c18a674d1a293cc63252bbd59971894d9c32368f7b3b032ecdf92ff3d2ee94,39,vermilion,yellow,dumpy,small,00000000 00000000 e232f3d5 00000000 804fde18 00000000 00000000 55086cec 00000000 0c4ef92c ac888853 6e59bd68 00000000 c36b8713 c36a1c8f 731d59e9 00000000 2bffb26c 00000000 00000000 7abdf098 00000000 f6ca56e3 dc9569ce df574f65 f0077461 00000000 00000000 2533fbf1 7e3e1cfe 23435aba 13b1f1ec bbd4a2f5 5f57d952 66ada158 cf9a1fe5 00000000 1dc9eee5 00000000 00000000 5cfa3d3b 00000000 00000000 86f0a451 e0d1e8ed 5d1cbba3 ef91d3e5 bd05d5c8 73714b4e 00000000 9338022b 1a02831c 00000000 00000000 a618919d 491d9a46 00000000 337b4379 28d6835b 3ca94b2f 00000000 5b8207a5 00000000 00000000
241,22890998,0x34ee0241ab4d91c588bcd37948bec7769e0cae90,0xc3c9412767b49fc4b0c256cb94465a77a6f28112,0x309dfdf2f17b1a494fa79ec9eaf0441816d2b993b4915aa55c6fdb91ed12a6ca,0xb6aed5258c85994143c41231a2ed8fbdfb172caf3b8e3305f25c6404c486fab3,30,vermilion,tan,dumpy,small,0d937e0e b874da86 00000000 00000000 d2443f01 83374310 00000000 de497300 00000000 bbc68142 00000000 6c6e9c8e 90b6ec16 474a6cd0 68c3940b de7b5759 00000000 685d99cd ce20c01c 00000000 00000000 00000000 00000000 869aafe9 00000000 00000000 e4062cb1 00000000 00000000 00000000 402d78a6 c1614aa7 00000000 00000000 83801eea 00000000 00000000 00000000 00000000 00000000 00000000 00000000 a49384f5 00000000 00000000 0702af6d ba303230 00000000 00000000 00000000 d3f139a6 4e4f0667 47bf3e07 00000000 dc2506ac 00000000 00000000 07ee197c 00000000 00000000 8f81a905 4e7854e5 2f779120 ea0dc922
242,22891057,0x34ee0241ab4d91c588bcd37948bec7769e0cae90,0xe00788f5b6d6f83438ee815af23081613c21c733,0xb86c212668e604e5b011160c1218c320db3a44804c8a3767a21a0f7362d5afb4,0x1db4a07638b5967e5e422da2a0eea20dc35165bb325f264b3e2a99c37f84812d,31,white,ebony,vestigial,large,dcd5b60a 00000000 18f7796a d0c0c291 00000000 bb173d1d 00000000 00000000 8a643868 00000000 00000000 00000000 00000000 00000000 00000000 0dfa8930 00000000 00000000 a858939e 00000000 00000000 00000000 00000000 5d8ab75b 2ed1066a d5109e48 24858cc8 cc5d2790 313306eb 995c4cc8 77283ff4 00000000 ee7a4314 a3b2a432 00000000 00000000 00000000 00000000 7aaf355e 0f59fa4a 625c1e1d 00000000 00000000 b3f16556 02b81351 00000000 00000000 e6e0e8e4 00000000 078dd6ea 00000000 23e3728e 00000000 db98217d 00000000 00000000 00000000 3df605ea ecfd8b3c b09a3af4 2c31e5da 02103d63 00000000 00000000
243,22891123,0x34ee0241ab4d91c588bcd37948bec7769e0cae90,0x40809c17d7c0a6178cd374f47fca9c709b5f5f64,0x8e4d3950890e1f3a0d462d1195c0677b2a734722a75677b174e9fe2b2d79e713,0xc26787e931d58503f96ce5db0a5ae04fe17d039ab11baec9a92b03d3508048b1,24,vermilion,tan,vestigial,large,6d244e49 00000000 00000000 00000000 a5a544ec d5379d8b 00000000 f75ecf81 00000000 00000000 00000000 589a297b 00000000 00000000 f6cd2c1b 00000000 00000000 00000000 00000000 00000000 00000000 00000000 00000000 7a511ae2 00000000 00000000 00000000 00000000 81fd3d8d 00000000 cc708a56 00000000 fe8a0368 aac5af02 00000000 00000000 821236ac 00000000 99048d10 8ffdd5a9 0892ff3b 6691afc4 00000000 00000000 00000000 00000000 00000000 00000000 e1d31c92 119d4667 00000000 49078b91 00000000 ae84e2c8 00000000 00000000 cfcefca4 00000000 00000000 95d4bbb4 00000000 5af0066a 00000000 3804354a
244,22891871,0x4663f73533083a058510fb48c75ca64cd885b262,0xb0b6eb05297ab1981cf1d081319ba104301a5add,0x26c34bd1db0c9620d9fc6fa9a17e76d9c993b2ebe1b40b331d813d108cf04798,0x9a6ff173d3288ab8609a82699aeef85d90b17e5e17465bcee3682904198c902e,24,sepia,ebony,dumpy,large,00000000 9a3d74d1 8abc166e 2aaa8da9 00000000 539dee3e 00000000 00000000 00000000 00000000 00000000 00000000 f6aafaa3 00000000 00000000 91e8afb1 00000000 00000000 87d30103 dc019dc6 00000000 00000000 00000000 b86019d9 af76672e 00000000 00000000 afa3dd6e 4390563f 00000000 00000000 00000000 00000000 00000000 1fad4d84 00000000 00000000 00000000 00000000 00000000 6f59a6d2 00000000 00000000 2c780d56 00000000 7a2278f9 00000000 00000000 00000000 00000000 00000000 e0478aef 00000000 e028644e c8439048 00000000 5bcb523a 71f706df 00000000 00000000 00000000 ca1db1d0 2f418c77 bd5ef103
245,22892916,0x4663f73533083a058510fb48c75ca64cd885b262,0x463df33f3b0e6bce4abb17127d8f9a4be9302692,0x914f86b441fffbe95b5d8404aeebbe6b5848abf9e14fe1dd1c454e1e35950859,0xf7b12c629152e7cd5e0c808177d3f03a256fd303b38d2316bebcab3f006e6cc3,35,sepia,yellow,dumpy,medium,eb35f73b 8b9efb6f 00000000 00000000 00000000 00000000 efc641c8 3773a44a 00000000 00000000 ce0c6bfc 0e4e5488 00000000 468c223d b3b5191e 00000000 00000000 3901a161 c4e361ad 9664f221 00000000 f6c04194 6417487b 00000000 00000000 00000000 00000000 00000000 00000000 00000000 00000000 00000000 b98bbe12 87074b9c 86793a56 7be18cb7 fa58748b a7faf79a 00000000 00000000 f792aab5 e4a7728b 00000000 7bbcded2 00000000 60b1db11 00000000 a00c58b7 00000000 00000000 796a4986 fcfa4ac3 9e0cf02f 62f3278e 00000000 d1e54ed2 00000000 e8214ba8 40cd7a82 c779a399 2d4cb64d 1fde05e1 00000000 cc62c0f9
246,22893053,0x4663f73533083a058510fb48c75ca64cd885b262,0x5e148874fde4a6d9559cfc213277d46c29dc3e88,0x0cf0a2553106fbb625ec7b6cb3de04348aab1eb1f5cdd6920b4a689a1965a58e,0x065d0f4ca2cc13a7d7b75b745afdbd67b9a9b42993cb211c4c1942e5b1dfe207,31,sepia,yellow,dumpy,small,c8e8ae9c aacd2e8f 120388ac 00000000 00000000 00000000 00000000 00000000 00000000 b599d9e1 00000000 00000000 00000000 eef86791 1fb8ea86 2e524ba6 1aacc637 f062b117 12a6311b 1c015805 17086c1a 00000000 f9e382a3 9a4c9b5d 75f2f3cb 00000000 00000000 00000000 5f216c9f c8194d0f 00000000 35d66e0d 4d9f2461 00000000 5cc53d49 00000000 00000000 cd6c30ae 62ca890e 7494b8c8 00000000 c7b78638 00000000 00000000 00000000 00000000 300cadee 00000000 3cf2e57a 00000000 00000000 f95d17a0 443c3730 00000000 00000000 00000000 00000000 00000000 47943ddf 0a478fa2 00000000 00000000 1ad3d5db 00000000
247,22893194,0xc7f1dce49db860c865ce34e4eb65dbef625919ef,0x9351f0b6313385b22789ab900d861389a549c7c1,0x7112fc1813c4a1b3f2823595662ef5673950290467f0e43c0fe0e63fd9c2e3cc,0x82a6efb66a00b9ee546abb56a1f37f44e04e436b442b526fe06b641f0648e488,26,brown,ebony,vestigial,small,00000000 00000000 00000000 1a0b1804 00000000 00000000 00000000 3428a665 00000000 00000000 690c716d 00000000 00000000 f1e2024d 7b1c880a 4f377589 00000000 00000000 00000000 7410b13f 00000000 00000000 47aeb2e1 00000000 00000000 fedaa693 004c5f76 00000000 00000000 00000000 00000000 00000000 e83a8901 9218ac91 84dfa8fc a1a830b4 59d39716 00000000 00000000 00000000 00000000 00000000 a8918d4a 00000000 00000000 550922cc 107b787d 00000000 0149a6f4 887bfbb6 00000000 2dc09e9f 00000000 11c91307 dcd42ba0 00000000 00000000 00000000 00000000 00000000 00000000 bb251aef 40d22349 a70e23ab
248,22893698,0x98397be2ed4d62c264135c6ed34d5104e7435cf3,0x5af3147d1c58dc91f06f4d0b1a06e8ebe02f2b2a,0x862cff7c08d4e4da3737c028fd85596177ec632d36976bd12f263bff034a181a,0x22ed32b53672f08d1ed091e1f85559cb16578ef6a8a233d5fbe91014dd8b14e2,31,sepia,ebony,vestigial,small,00000000 31a59095 00000000 00000000 00000000 0e88659d 1c776c10 04eda5b6 00000000 00000000 97c49891 00000000 f1bea871 00000000 00000000 00000000 94033912 1d6c6dce 00000000 1e4381ff 00000000 00000000 00000000 cec02326 74caaf2e 00000000 1ef50cd7 346fbd22 0dc3f835 00000000 2dd6d83b f9c18663 00000000 00000000 ddd65227 00000000 9fd75ef1 00000000 00000000 00000000 00000000 00000000 00000000 00000000 b49819fd 00000000 00000000 00000000 07c8f5f3 00000000 00000000 bfd88781 00000000 fb47345d dc671f18 277c87b3 d79c57bb 1ec3c49b 00000000 ae807173 f46191c2 1d584cf9 cb8a7169 9ea8bfcf
249,22893896,0x2cfff5469410317b2aac1fff1d97f1b856a24d20,0x2037cd9c5c712e05bfcf97662f0789d1762593b0,0xe1b2ae9024fd79cc681355b7927bc6f98fbd8a62f0966accc8046e368cdaca2a,0x0b0789de16f2cc44aea458d3f142f2273d8be1c74da71bb04f7ab60b73ead496,36,brown,ebony,vestigial,small,00000000 1d731098 2a41e927 00000000 ae7e5a27 00000000 00000000 b86d5efe 00000000 00000000 bdb9e383 00000000 3d0860c0 00000000 ba2d2ae7 61f5f238 00000000 fc97d2b4 00000000 3b586efd 00000000 3da5d1e7 412ab158 a2c32500 201407d4 6f23d836 00000000 00000000 fbc69002 349656bc 03d73ddc 00000000 8959e12e 961af18f 00000000 a63fb6f3 00000000 00000000 00000000 00000000 00000000 5d4c02b2 dd037723 00000000 5bbbd87a 02a564ac 00000000 89877123 00000000 f18fd400 00000000 fd73217b c346d584 c758ae4f b57f9ddc 00000000 84dd7428 5c315013 2cc8ca26 50cd0794 00000000 00000000 6d03f8d3 00000000
250,22893982,0x2cfff5469410317b2aac1fff1d97f1b856a24d20,0xade7807970101e32892c121063ce8f6e034a4586,0xc3e6b61fe4a6ee8122b08ade379e9183450566ed9050b4546daaf9803bb6ace9,0xe85f9700bc90d6aa7e85c40e4becdcb31b1034ac771d76af9949574c633b40a9,29,vermilion,tan,vestigial,large,3e21c586 00000000 00000000 1549d7b4 00000000 21fb11e7 00000000 e8e5834f 00000000 00000000 00000000 00000000 00000000 00000000 6ad554d1 00000000 f1f6f936 79bd499b 00000000 cf4d6e8c 49c63892 777b0c8c 00000000 00000000 c09efe98 87ec1262 00000000 00000000 00000000 9cc61d6a 7fb0f2f1 00000000 00000000 00000000 c8d2b87a 9de2f9a8 00000000 00000000 472e3339 00000000 2b172b1a 802edaf2 b2f1bd37 00000000 9d1b3948 00000000 9dfb4884 00000000 3d9ca716 00000000 00000000 ddf0b60b 00000000 00000000 da429c2d 00000000 e5693d28 00000000 00000000 0e74c825 4d322c5d 00000000 00000000 a62f2b81
251,22894033,0x18c50ec4262ec6c35912501330c7d349c7ad3f3a,0xfb02c7ac08bd466b93bc393c192bbea92f0d9c45,0x806e9d358ae381b85b88b72fb9643ccb2c41bbb0ba8a0d6aa889db213193f2ab,0xbc6f2f613cfd1e4d346050ee272cca2357fced482959f1f047c63c6d9779286e,34,white,ebony,vestigial,large,00000000 102c4117 03d3568a 9a1135f2 00000000 4088e28d 0fd87b32 00000000 00000000 00000000 00000000 0a0a0f54 00000000 c15a72ae 00000000 00000000 6f2b6de1 00000000 00000000 061c8158 59349246 9e3e93eb 63a2277e 00000000 590bc54e 25a956ba 8c9020a0 00000000 289ac704 00000000 00000000 acb1a339 f062e1f6 00000000 9d1e8948 adb82678 00000000 04c4819f ce5d636e 00000000 00000000 00000000 89be32f1 48b851fd 0a6c31d0 542ffb9f 00000000 00000000 00000000 746bf0b8 c82a27f6 00000000 00000000 00000000 05864d9d 126577f1 d4cb9f22 e2ad31c1 3d7c1e97 00000000 00000000 00000000 e8172aba 00000000
252,22894052,0x2cfff5469410317b2aac1fff1d97f1b856a24d20,0xeb49c0b6b2287d844667b4d1ee0d71b9ebad14f3,0xfc9972fc6919e8d5a105a32be32bac81563012bec22e358f2b19cb59254829f9,0x6f70b510d935876d2ba3ee360d305d4ad5578adf9bb8e0f72f07565b0a072026,26,brown,yellow,dumpy,large,00000000 bea85a1f 13ec9b76 00000000 00000000 c10bb2e8 00000000 00000000 00000000 00000000 00000000 00000000 00000000 2ed51952 00000000 00000000 22d5a6ae 70d99a40 e635a86d 00000000 00000000 00000000 00000000 00000000 00000000 cddfe625 00000000 0c2f3f72 00000000 00000000 00000000 00000000 d609d03c 834aaedf 00000000 15631672 8dcf53d2 00000000 1f887fbf 00000000 00000000 a3208052 5fc963d4 00000000 a846cf39 00000000 15105bb8 00000000 4d15b31c ac74da96 4fd81feb 00000000 00000000 00000000 00000000 00000000 7a5cf0c5 69f78dd1 e82ba726 c650f369 00000000 188eeb38 00000000 00000000
253,22894253,0x155bae146eab03a495360e6a0da991be5e834c70,0xf19f2542b8417f325374c5139bb4a3380ef5a54d,0x5593813ad1c7b099dd01d052d8c2c5fbb63dc1f338e66e184f3cf41a9c740cd5,0x1e9f3dbdad60a43261856f450bbad1ffc02c0281116aac3994fb64c2aa48a225,28,brown,yellow,dumpy,large,fd93128e 00000000 780950ef 00000000 00000000 30e5b1e9 00000000 00000000 00000000 a97fa56e 00000000 00000000 00000000 5df75651 00000000 0c6e2b0c 00000000 00000000 00000000 61b49bb7 00000000 00000000 cef07e42 00000000 00000000 7fc80697 00000000 86226f5a 00000000 2e092a94 00000000 74aa9396 00000000 76fe937b 00000000 00000000 00000000 00000000 a1c6b61b 8513a42d 00000000 00000000 ce108cf3 00000000 00000000 82eead6f d5d2fb31 00000000 29811e83 dfcbe0ff 00000000 39a69f55 5de0401b 8eaae79d d2c4f824 78a3d306 00000000 00000000 f25c7259 00000000 3d078754 00000000 00000000 56db1af1
254,22894592,0x816d5d6ff78a59839fbf0105a5e7f9c01fbf4dd5,0xc8c7a50c10e01b1bfac438d6d7a89f534e31d3a3,0x9e6c366d0241ead4d2d61800f24c6e1f56340d1a5f41669f96664efa6ee7d309,0x53fd6395fde500d0d5e59d28b198ee10f081ccb4b718a8a202ac2b9d323b06d6,29,brown,tan,dumpy,large,00000000 b24a1b4b 4a31da98 00000000 3095efbe 00000000 89b2bbc2 6bd5d081 00000000 89a9b117 8c17036e 00000000 00000000 00000000 00000000 00000000 7b373a14 065072ab 00000000 7800358b 54995a98 a34dcc7f 00000000 00000000 00000000 b65da470 00000000 00000000 4cac46b3 e468403e 00000000 00000000 fb45dfea 00000000 4c5a3ce0 c3da9cb8 fe92d096 00000000 00000000 e2867d69 418d9a9b c2948c63 00000000 e240bd44 00000000 adaa6631 00000000 00000000 00000000 00000000 3f236ae4 0d3a20f2 00000000 554769ae 00000000 8df285c0 00000000 06f00051 00000000 00000000 00000000 00000000 00000000 00000000
255,22894800,0x47f1c3ad5f959aaead731be40c7b6c801b91a557,0x8179b7651654803a31f7e660cb0ba63a049a79a8,0x13ebd4ba609b51954575afabb94c29e6e42c4688100ab5be88fa2f1a291054f0,0x905eb3fbbe950c1d919d483517c78d9c6457ba6e8530bbeff8bae2d26a8c0c06,29,white,yellow,curly,small,00000000 1e6cdcd6 d26c49dd 00000000 00000000 00000000 00000000 00000000 00000000 00000000 40b15db7 41290f43 00000000 00000000 00000000 00000000 00000000 00000000 1365d147 cd5cea1b 00000000 00000000 00000000 1b5ee654 00000000 f3904855 00000000 82fbffeb 00000000 2ca21e1a 9be347b0 00000000 00000000 3987c248 00000000 00000000 ff994343 00000000 81981023 f5127f13 00000000 0e2329a2 00000000 00000000 00000000 5058871a fa3388f5 defd4ce0 00000000 de561aab 00000000 9e58d32d ce9d69ed 1de463d4 00000000 e9afa86b 00000000 00000000 00000000 9267f9ef a6802ebb 560cc5aa 1ee4feb1 62e46a1b
256,22894817,0x6c06284916fb43b4371591ff27e6d38f6b1ea1d5,0x7ef59f932218bb0ed6aabe43ffd9f385983be78c,0x0498aa78e83ce9d57036f720bdfdde4db09568899d7d2afcd1cc211996656e6a,0x8342256d8717f00dfd5cedd9d39727271bd554c0c04db0b832d88680eff11a97,31,vermilion,tan,dumpy,small,69d34f81 41d04d5c ced74b63 00000000 661b1d82 00000000 00000000 9b42c289 00000000 5e5d1d78 00000000 65919ce7 e4e8de3a 00000000 00000000 00000000 201ea687 00000000 00000000 00000000 188025f9 8723c056 3d584d2c d3f542ee eb947f16 9eddb18e 61ba38e8 46a7cbea 00000000 958d218d 1c1424af e3001e37 00000000 00000000 00000000 00000000 00000000 00000000 00000000 ecb2dd7f 00000000 c31927ff 6682c0c7 00000000 00000000 00000000 00000000 f0573a21 00000000 00000000 00000000 33913cd0 bb81912e 00000000 3174005c 4f91fa89 00000000 f5e450ed 00000000 00000000 d8da1484 1729ecaa 00000000 00000000
257,22895035,0xb6e28a7dc63dd496b1591079505dd548de49bbab,0xe86e540d3a17070a25bd65febf55aa0dba42a996,0xced4e3f838555345b047686ddf3267120387c4a7f20f3757215b0e09915b1e17,0x1d28128352efdfbd6c681790de7fb49b03cf914036228f5cfe7a8e124eea8bbe,37,sepia,yellow,dumpy,small,00000000 1af65405 ddebfe81 3eaebd99 d2edbbb9 51fb1439 00000000 c37a472e 91214e75 bfc24a07 00000000 3590f117 00000000 00000000 00000000 4193e05e 00000000 d838bb80 00000000 193c92ee 00000000 bd668fec 4f8e6238 478c0e7d 00000000 de14a436 19dfc044 67cae973 00000000 00000000 68301539 00000000 00000000 2a5091bd 00000000 00000000 a6057048 00000000 00000000 00000000 00000000 ee26a2db f290b8ae b4c0096e 00000000 00000000 00000000 9471c063 00000000 49e4df38 00000000 cc0b6f95 58c49e7c e2116695 54bfbaf3 00000000 00000000 075da1b2 3218ee23 f2bc3551 762bf411 81d65e1c b5a181b9 affc62a3
258,22895308,0x2bb3da4f8b5377bd915c637c3eeeeffcd20fd7d0,0x1d5f4871ad5010c7d6b6a3d1d65a0c234f260273,0x75218b93d173649a137fe1c1de628edd7698330a6192769d63140b1e1de0bb87,0x566c2ce3e134a869fa5532b19cbb1ae1189830d5986e9c7a8fba7f457cc2dc55,37,vermilion,ebony,dumpy,small,45ef0ea6 00000000 420179fb 00000000 e4926764 00000000 5e899309 00000000 00000000 00000000 de9588bf d2e45ebf 460b6a00 00000000 5cbe6fe8 c22c542e 00000000 c00e1317 00000000 00000000 00000000 00000000 45a6f9fe 16dc9f6b 00000000 00000000 a23e8f36 3d30620f b681809c 68df4b58 43e21acf 00000000 696ee659 00000000 f2cc1b90 00000000 00000000 00000000 d21bfdac 00000000 da5fdbc1 83c1456d 76a8d2bf 10c223a9 5f966ec6 febc5f88 400f8fce 00000000 00000000 90ce1cef 00000000 3d076c58 3f723c4a 34d8a49c 00000000 76aecee4 df662125 67fbee38 c3c8ab26 681bda88 00000000 00000000 00000000 c98f3bed
259,22895396,0xbd1d06f6d75ed10fd4850e5776bea7e39d5da849,0x1944c03a9b704b8434e1ee405b374e08016a5dd4,0xf9d87addd8a079380c97f5638ab9017633682814c96964bb31cc84adc6570318,0xa852a6491d2f0d1a2f57b53b7a0fdb0daf7faca259c6a5492fcb71d6c7e711e5,37,brown,yellow,vestigial,large,7e3d25ff 00000000 f5775e2d 00000000 00000000 3027cec1 76caf60a caaa2f71 432a2807 00000000 00000000 00000000 3abc03b8 00000000 00000000 00000000 d7371a13 706feda3 6401c61e 00000000 00000000 a15aec63 9db15b9f 87d256a0 fb13dbae 9ff740c9 e7c955ba 00000000 00000000 00000000 553d641c 69c7ef50 00000000 0e6080bb ea0887e5 00000000 e1a38e54 00000000 59e4ffbd 8d7edeb4 f841c1ee 00000000 00000000 00000000 efdac5fe dd9723f2 6897941d 00000000 7f2b6dec 8da8ab0b 00000000 3fafa73f 00000000 00000000 4c813232 c86f1259 242f179e 1fa74235 4d4ca1b3 f2d08304 00000000 5d34df0d 00000000 00000000
260,22895618,0x92bcd910d5bf7b403fb33192a943a854da4ad2ac,0x51323ad1b0bb78a01d406e131f0a390e7f7f07a6,0xcd069082942122ac628f2223b5745b00c48a1a00ba5dd2dbd031e22ad0ef83ed,0x4a84106fa7498e186128c6b3c94a72ac765e0504224334aca2e7d1bf9d52df00,35,red,yellow,vestigial,small,00000000 00000000 00000000 00000000 00000000 00000000 00000000 00000000 4bbf1dd0 f7e47cfd 3390ee3b a849e193 9d44c602 00000000 a8611f2f cdb0a075 00000000 d157d48b 00000000 00000000 a35a43b9 00000000 a2fc6443 00000000 48443bd5 00000000 1653b3d3 b56de7e4 06be5636 00000000 00000000 ce1e3617 a15f3fd1 0af11921 0047a8a3 0912c296 f0ae6998 cf904daa 00000000 9e87e66a c65381ae 00000000 00000000 00000000 a74ed228 00000000 65cc2d9d a632123e 8065470a 2a338578 a23a0ed5 00000000 00000000 31a4dfed c3d69ebf da0b3d10 00000000 fc283e1a 00000000 00000000 00000000 67d84200 00000000 100cfe7e
261,22895995,0xbf60222892d983dabea288998ee4e5812e73e1be,0x925ab6e9a71a7f5bdc13ce7c14888b38fdc4ba41,0xc50e90753528dbb34eebdfd015b27283783d0dba27d7143011de7be3796d702c,0xce1c686332d1524d76e4128417141b263cd30f3e09ed4f17dff88fafcec4bd62,40,white,ebony,curly,large,00000000 94ce77f6 00000000 00000000 00000000 a7f53263 e18a0b2d 00000000 d3ad4c45 00000000 1b3208b3 4e4cf2ec 97222d83 6794ca61 00000000 c04e22f3 00000000 00000000 1dbc8ed8 00000000 00000000 00000000 85cb9d09 90f1ac57 00000000 e3924ad3 97fcc999 a2b30a4f 00000000 00000000 fa7019e3 48539d4e da15ee1f 8a907bbb b74a00df 5196827d 00000000 fc4524cc 00000000 2dc44a24 4d291bb5 b04ba98d 80243450 641b06ba 00000000 00000000 00000000 0f293aea 00000000 00000000 00000000 b51971cb d1cb851a e684ef88 7a41587f 23b5f36f c44c9152 be40266a 8565f307 d4254fa7 879a0b5c 00000000 3e68311f 876cc9eb
262,22896823,0xc3a31bd2a7acd8965942fbfde816727e7dd50db1,0x6ef9329629c640536c34000f525b9c07cf546e84,0xd5a476cfb1476f2adf1a5be22bac7015a14e239af5bd6d96bced68a49a8555d0,0x1ca17f88d526815f91e1adc81903ced8557c571ab5468f807a5a744c2ea9839f,33,vermilion,yellow,vestigial,large,6d7b6b34 7bc9db3c b2c425ed cd44eda2 672e904d 00000000 00000000 784809bd 3d3ea45c 44f83291 00000000 00000000 00000000 00000000 00000000 5c61f05e ea62ad6d 00000000 00000000 08fd1124 00000000 5936e644 00000000 adceeea7 00000000 6aa1d94e afdbe812 62256a16 00000000 a01d051d 00000000 00000000 00000000 00000000 00cc8590 951cf406 00000000 00000000 1f56e3dd 00000000 00000000 00000000 afd71d8a 00000000 937ef901 f40117f2 12753c6e 00000000 00000000 41e085c0 00000000 ff8ca85a 5db7c103 00000000 b6404203 00000000 00000000 cf32b70c 00000000 53aa04ed fc015110 20489ad8 19227a8f 00000000
263,22897379,0xf991ce4c19d613495b2689d0452e806c3b354f8c,0xe2f97ea6286d829c4875f74c181e42ac4332c5ca,0x154e1f3e959043eb3a3635c441059ccdcd87bb50b04401fe5f9b1151362da67b,0x26818f41df0503e3506f7a6c84e1effc0ed2d8b6178669dd30916afb2ee94298,30,vermilion,yellow,vestigial,small,00000000 00000000 00000000 40f175f2 3e9ec21d 00000000 00000000 0b7dbf3e 00000000 07b0fd3d 00000000 00000000 00000000 00000000 33793b64 00000000 e8bce631 00000000 00000000 2f756438 00000000 edea6c6c 24798871 a4ec2aea 00000000 a158754c fbce8e27 7d49532f 00000000 bf6d8eab 00000000 00000000 2f8a5fe4 8bedf3cc 00000000 9fb4fe7d 2275ddd2 9ee45412 de385896 9f435336 00000000 fdedcd2c 00000000 82c818e7 00000000 bb052ed8 33b56eaa 00000000 2795b18a 00000000 00000000 00000000 e3411267 00000000 00000000 d8730ddb 00000000 00000000 00000000 00000000 fa3bfbf6 51f394a7 00000000 00000000
264,22898305,0xc7f1dce49db860c865ce34e4eb65dbef625919ef,0x35a73ebbe6bc79672f6a990fec1f504ae9cf06c5,0x4a78b9f998a772076052be69e5472271a9491fd396b737d852d223b27aaf9b8e,0x6a530f4a36d982cb20038a733cf53c4f123258eb712bd0a4238f2e1e50ce0c2f,30,brown,yellow,vestigial,large,89168466 d856966d 5b22b0d7 8e818423 00000000 fc54f4e6 00000000 00000000 00000000 00000000 1d4971ba cb7a00b8 00000000 00000000 00000000 00000000 00000000 eb52d937 e4cdc617 0f83a618 00000000 00000000 e29aac82 7a0501a0 00000000 00000000 00000000 00000000 4aaf7688 00000000 8b927e95 00000000 00000000 19bfe65c a32b2abc 66e1a8e3 15d8d500 00000000 00000000 00000000 00000000 3a77a898 55deea52 9f37c34c 00000000 a9538919 00000000 00000000 6f6d622f 3c284320 5c58d3e6 a4cb6e4a 00000000 00000000 00000000 e8b160aa 24de65a5 8a13d985 00000000 00000000 00000000 13026a22 00000000 00000000
265,22900525,0xd20d985fe8fba1f1e7a08095278e9c9a0565fb90,0x95a0fb2932ae4f67f3054071d6b0d92a5455367d,0xea0f4e75b804ac8d0042183af208ffa3105d036d68590ab7cfeb07b5a2972a0b,0xb462d81a2eca9f2df1e5d22641cdb023c470bc46b7d4b507f106a829c185fa48,27,vermilion,ebony,curly,small,00000000 00000000 00000000 5aedb0ba 00000000 00000000 da31e355 00000000 00000000 e96221d4 00000000 51ccf716 06b7a589 a759df9d 92afab22 0c806d89 04fe121b 00000000 f6a5d7a0 00000000 00000000 00000000 00000000 053fc139 8d6abeb5 00000000 00000000 00000000 00000000 00000000 00300686 8290142b ad513f89 00000000 00000000 3748ea5e 00000000 29140f94 00000000 00000000 00000000 00000000 00000000 b9ac4510 00000000 f44e7f26 00000000 b291f933 00000000 91933cfb 8ad83658 00000000 00000000 00000000 00000000 00000000 98359a28 00000000 00000000 00000000 9b720e59 67f4dc63 ca3ac652 7ee036ab
266,22900559,0xd20d985fe8fba1f1e7a08095278e9c9a0565fb90,0x000f8fc9e1c8ff03327ff0cbce99e876d108c44e,0x1ce6f58dcb1c071436e3c33d75a05b310c297f083140296a46fcce5ec99c2c4a,0xe30b3f9edb76c2c9b1f77877e72023fe28301e2b7e6306101a539169e59334aa,30,vermilion,ebony,curly,large,00000000 eb3c6b8e 00000000 59cb6ca7 00000000 227ae16c 00000000 94f1bd21 00000000 00000000 2ef7ee77 00000000 c062cde5 939e26e4 00000000 00000000 63f8feef daf2f27e 00000000 00000000 70ef4c87 00000000 00000000 0ea4a944 960ab495 00000000 d35e42e7 00000000 00000000 a1f34c2d b671b885 b4e6e67f eed86f69 00000000 00000000 557fc687 00000000 0293789c 4efedec2 00000000 d803994f 00000000 00000000 00000000 c2479eb3 00000000 00000000 081175c6 d3900d70 4abc3bc8 00000000 00000000 aeb6e4f2 00000000 1a4a3d26 00000000 00000000 7340475a 00000000 3f61494d 0ba58b15 00000000 00000000 00000000
267,22900936,0xeda47da1c7ae9f6f342784e2b3c0b41194375d17,0x02e6e1251e5431adef2d5e6057b81a6fc0de1d94,0x047b23303dc2e5947266ee7805987df0fea14fe0c9a28e9f215113b42e7a7edf,0x091766326005153ae8793ccc722b9b30423c899747545e40443be56292f98fe1,33,vermilion,ebony,vestigial,large,2fb3b48b 00000000 00000000 00000000 00000000 4612a27c be136b83 8cf18df1 758fbe78 3108e23e 7541096e 54b66c5b 00000000 00000000 00000000 23200a1d 77e6be8c 00000000 00000000 4e1d628b 37f939d3 b8c334d1 81b54af4 5dc2d934 00000000 3b66461f 00000000 00000000 2c95c897 00000000 00000000 d838a93d 00000000 e08d9e32 00000000 00000000 00000000 b8697006 997d7a03 00000000 21c1753e 00000000 eb4b6b3a 00000000 00000000 36b4f12d c3f4a636 f860711e 7e6a3459 577a89a6 00000000 9774a369 ff7c1a57 2b16e6fc 00000000 00000000 00000000 00000000 e0049e78 00000000 00000000 00000000 509333e8 00000000
268,22900976,0xeda47da1c7ae9f6f342784e2b3c0b41194375d17,0xfe4ed71c639066b6ba55dcb28030dc77f34bc313,0xfb83f592a2b106a245b9fe5365a011b15ef0c19578f9ba858e6178d6a2fc1475,0x7dcc4510d87679c6e63e4d54ce4dbd95347ab6b30b466a62cc4368031718bc14,25,vermilion,tan,dumpy,large,00000000 00000000 7d5fa03e 00000000 33d46e0e 00000000 00000000 00000000 00000000 00000000 eace28be e021650f 4ccab7f0 f8afe299 00000000 e5269705 00000000 00000000 00000000 33314394 71c0ed1b 00000000 00000000 00000000 768593f7 40b238a9 865741a6 00000000 510252ef 00000000 00000000 00000000 98793c78 1029c0e3 00000000 00000000 00000000 00000000 00000000 00000000 00000000 00000000 00000000 05828801 00000000 66837ecf 1ce93f73 00000000 852d8210 c92cee51 00000000 00000000 00000000 00000000 075d26a8 00000000 00000000 00000000 eb4ba772 fa8bc292 00000000 00000000 ca482b4c 63b8d777
269,22901444,0x02743dd55d73bbd61a1ffcfa8cf5e41896370c7c,0xef83a01ce969d2402dd4107b3e50b79eb64676b5,0xb54b86dabea91718544803fc25f56ceefc36fe36f4eba67e5498423f65df276b,0x5798b3222c9488a00987b2004a9011eccaac547389dc29c0c126e7b38e357af8,35,brown,yellow,curly,small,00000000 00000000 00000000 4e7144ae 648ed886 44487fd0 762c21e3 eba36cc9 00000000 29647dcc 00000000 53498808 1c6cd0c5 a9a4e89e db3f49e9 00000000 f58541d4 00000000 6ef6a76e 00000000 fe2859d5 00a7230b 00000000 00000000 00000000 f6fb40f7 1678c84a 0c0f313e 00000000 00000000 00000000 7e180a3b a29045e0 478db77e 00000000 00000000 b1f6eea5 b7921835 00000000 3d50beef 78b11909 906605ad 52f08369 00000000 00000000 e4da9e9c 7cc56766 6af5f62f 00000000 69776d44 c40c0c38 00000000 00000000 6a4e81c7 00000000 00000000 809dadf8 00000000 00000000 00000000 00000000 00000000 37f2612d 9a77d825
270,22901515,0x02743dd55d73bbd61a1ffcfa8cf5e41896370c7c,0x6c0d9d199b6d16f5648f0b13663f54be0d64bbc6,0x25235a643ae3dfd3f9eef462d52775143581e01a55fb64a25b04c162a3934d2c,0xa3a612c344765bef329f1cc9636eb12c9a363e3cca0335681e5c3903781f80af,30,white,ebony,dumpy,large,92ecf1e8 2b37a856 a2f9a17a 51225acf 00000000 af1db648 00000000 9bce63c5 00000000 00000000 00000000 00000000 00000000 00000000 00000000 a4398585 c323975b 4b4f0dad fdfa1384 042e86e8 1c0c61f6 00000000 00000000 00000000 00000000 00000000 00000000 eda31633 46c56bf3 69cc0c75 138c3d81 00000000 d5437fa2 fb068986 00000000 00000000 00000000 00000000 00000000 00000000 6d34d589 00000000 00000000 afd70f70 05055602 b66e75e4 00000000 00000000 00000000 00000000 44e6f681 9a0e6058 5fa446d2 00000000 ae13a349 00000000 00000000 e7261c0c 533f2ec3 a4943e8c a6022cff 00000000 00000000 00000000
271,22901770,0xd00226b73bab097e97c6df416dc031df7c4b5af1,0xab363b514203d894d81110a0497bb744d5aba091,0xff974db47b93a6eebb59e95080e2e42a337a2ab2c24002685219907221bfbaf6,0xdabb8bc78483f99aa17e78a7fe4d4113014b9b0888f2a073c5874a1249cde35c,30,white,tan,dumpy,small,00000000 00000000 5d37cb5f 8dfd537d a31e3a6d 00000000 c5ce9aaa 00000000 3958c2d6 18be8447 00000000 00000000 00000000 911c1881 84153480 2d763897 d9a0c589 00000000 d2d809b3 4aaf5562 00000000 00000000 3cde71c4 a4566407 32cb80bc 00000000 00000000 e93f8acf 00000000 00000000 b500e602 00000000 00000000 d285ddea 00000000 00000000 5cb1f886 00000000 00000000 00000000 00000000 4eefce34 00000000 1f978817 00000000 00000000 37e3b1f2 00000000 b2435b86 e80f06a5 2ca56c96 00000000 00000000 00000000 00000000 0d16dd16 5393c570 00000000 a85bf22a 00000000 00000000 00000000 506ee3fb d9999a3e
272,22901954,0xc47e53967ecc82ee69635a37a6c645d109c15981,0x3a146812b329308ecfe45ab0c392cda142404b34,0xe4dd7a6c92f45a8f1cbac03269e4d95162ecd90ff179247f522d294dd3f301c0,0x0e1ca6d6cd515a5f03d76019989cf09a4b719dab472d8553e9a1818d028c547c,26,white,ebony,dumpy,large,00000000 00000000 ca502c7d 8f8a135e d3b0f30d 484b5900 972d359a 00000000 00000000 00000000 23540401 00000000 a5606310 00000000 184ce6da 00000000 00000000 00000000 eb620128 bd20904f 00000000 00000000 00000000 432f94b0 00000000 df56239a 00000000 00000000 00000000 00000000 00000000 00000000 4be2448e 00000000 5c6f00f8 b3d2e2e7 00000000 00000000 00000000 88a60c30 900c1184 00000000 00000000 00000000 00000000 00000000 00000000 e737d96e 378192f8 00000000 00000000 00000000 00000000 b48d9776 00000000 31bf30b7 6f84acf8 00000000 00000000 90c9651d 00000000 95b5c713 4f85fa88 cfa7a7ed
273,22902708,0xdf019f6095d7be78358b9f96bd16f19fd1beedf1,0xb833ebd7862a1633108b71e063b60cbf4730ddb3,0x0108f5e270c92692d7796dfe6e378d00cb069404df1b6c48e11aa63ddc4d1957,0x8b9c8c5a5cd8dd4612ff257c39485e591ca51077a97f74ad28beceff87e0a55a,36,sepia,ebony,vestigial,small,00000000 7f805f93 00000000 eb13e52c bf31fdef 00000000 5cbcb726 00000000 feed0ada 00000000 97046cd6 00000000 00000000 741e68b1 00000000 4d14324a 00000000 00000000 00000000 00000000 00000000 c3992d24 aca1549d 3b8ba632 2c00f7af 800ff47f e347954f 00000000 00000000 00000000 00000000 4f5fd797 cfcdaf74 236e3ed7 2b3e26b5 d6676948 85690014 00dcee41 a3a9e84d 2fccd4ad 00000000 b5e5ef33 03eb9763 12757cb3 00000000 00000000 d0ca74a3 ba313080 00000000 d3e81a99 4333ad77 89fbd949 cada4559 88f8c8d8 00000000 f184f191 00000000 00000000 00000000 6a303c09 00000000 6a7e5b7b 00000000 00000000
274,22902853,0xdf019f6095d7be78358b9f96bd16f19fd1beedf1,0xb9bb005b0007396e0740939864e906c4dbb577f2,0xd95629e4e05d11b238d6047910b27352d5b9134d62fdf565f86abe44208fdcd0,0x94ef3471f60df874508d1c53c3d4d7e715adb3f513b192509bf185a5607a2b8e,32,brown,yellow,dumpy,large,00000000 3e5404f2 f118c589 2e90df43 00000000 00000000 00000000 9cd68ff8 1d285fee 325a54f4 00000000 c7b4714a 00000000 0fa96bd2 00000000 00000000 00000000 3c98b69f 00000000 edcd732e a35e3712 8886e42d 680dcced 00000000 00000000 00000000 00000000 00000000 00000000 14da0a53 43b81ed4 00000000 13eb9777 00000000 e3e0dd15 00000000 00000000 115464fd 00000000 1719012f d763c405 00000000 9dd20487 00000000 00000000 00000000 00000000 50d1f056 d5fd30f0 00000000 00000000 00000000 bdd7c4fe 89794f5a 910193c3 fecd195f 141fdc59 e3870f26 00000000 e15746fd 9f63fd44 00000000 00000000 a09628e5
275,22903187,0xc47e53967ecc82ee69635a37a6c645d109c15981,0x38778afdb44bd363c11926f5e066e89128937550,0x554f707332537bf3f5ab1646b3d6dd6e5a21d6fc902b859cba4aaa6e8482c15a,0xa48c93efa4103e8d17e5a15dfbaceab6442a2f13a16121adb92a7912d44d7992,31,brown,ebony,vestigial,small,00000000 3ea3dd58 00000000 00000000 0545caa3 00000000 00000000 aefae0d6 defd5ae0 00000000 00000000 380d6a9e 3e9d1062 03b8bc38 042d2c44 00000000 fbece32f 00000000 f273277f ec4b6121 00000000 00000000 42ede2ac 00000000 00000000 00000000 7341e465 00000000 f823923a 00000000 3ca09c69 fb2e2c2a 00000000 dbebe0a9 00000000 00000000 3091522c 00000000 00000000 00000000 915e03cf 00000000 00000000 826c7f36 f23a6fe3 e79af4ab 446d4903 00000000 00000000 db3de73e 00000000 96b16a2c 00000000 58826403 00000000 00000000 137b44f6 00000000 00000000 97d1553e 813706c7 2e41651c 00000000 683a582a
276,22903438,0xa372af7cdc7e941d7282db43d98a5a52b3d4b67a,0x453ebbcacb3648881693c17acdae968a1f5bb459,0x0789828e5812932dd8051b13b513a66dbbb096452f4633a16bcee9a63f332bc2,0x18786039157a1a123e4bdf6278b497e0079e5ae60b6c02a6594c369aaccde91d,33,white,tan,dumpy,large,98877b72 00000000 bc1fe931 7c80a4b3 edb52b7e 00000000 00000000 00000000 3f09c29e 00000000 00000000 7a3c8146 00000000 adc8209f 81ca9c20 3f140459 b6f9d1db 00000000 bc498d66 6d697b11 00000000 00000000 414acb63 a98a695c 00000000 00000000 6bf0acf9 91758712 00000000 6b6ae678 00000000 f26012b1 00000000 0943d456 00000000 f28465dd d914a2f8 00000000 00000000 9e4b1660 00000000 fa3f9c5c a1c383d4 00000000 bf0b5024 34493fa6 00000000 00000000 00000000 00000000 c2f336f7 d00af982 00000000 00000000 0882d4dd 00000000 80eee449 00000000 00000000 1bd41762 8363cd55 00000000 6f16ac25 00000000
277,22903911,0x23e84ec9d22e84e93534cb9a6030f77deb2a0310,0x469ed8c0be3bd55ab4c2b7b9442d35e5b0e77aaa,0xc07f0c87ef4349f2a5ff9e2c571c6dab8074aefda57e22059a7ab2d065ef6d1b,0x3a12269ec0bbb79e55cdceef3f430fab9ff39ac2bf083eb8fa64a27e45226306,29,brown,ebony,dumpy,large,00000000 fcef60ab c8fdf939 00000000 00000000 00000000 00000000 00000000 b8a7fe7e d46d76dc 00000000 00000000 00000000 e0fda56f dd7b09ac 00000000 00000000 4d513274 00000000 00000000 00000000 fd5d217a 00000000 00000000 168ef33e 00000000 1cab2048 00000000 00000000 00000000 6aa71f92 00000000 00000000 61434502 af661897 a553e1d0 5cd69502 5672cbb6 bd91be28 00000000 00000000 36bafd11 00000000 00000000 00000000 2d5513d9 00000000 0d12e16b 00000000 00000000 567202b4 00000000 00000000 79303b51 6829e38b 00000000 00000000 e776dc47 00000000 e883cad1 0b231fbc 0e74ebf4 8c9ffe90 21699bcb
278,22904014,0x23e84ec9d22e84e93534cb9a6030f77deb2a0310,0x70e3bbc6a66a62a42c47cfa8aac818b826c874c6,0xf4c3b52a2c7633f30c1137b4024deb7f36299aab609cc7f5fb08a314cabecd16,0x638f883e89ab10786a0ff486ca8bbcb184318598c9c1094d5be1343f0af63e2d,35,brown,ebony,vestigial,small,c7357295 00000000 782829a2 9bad0a64 00000000 f2231980 00000000 00000000 00000000 520a6994 234e52f6 143a3b19 5c64eb82 91f18e10 00000000 00000000 00000000 00434128 3103e9f6 00000000 c5855f84 d8e50ff7 a5c9d81d a5a89d55 00000000 d48934f6 00000000 8d5e6bd3 00000000 00000000 00000000 00000000 b35ba6be c4a64e92 cd46a483 029055b1 014b3f15 017b65e1 00000000 00000000 00000000 00000000 671691be 00000000 8baf6c99 737f583c 00000000 00000000 1ce0e606 00000000 00000000 00000000 00000000 ba2e94c6 8426b1c5 1ac778ae 93a37864 f7118720 00000000 e25f866d db347861 00000000 5cb6fd59 00000000
279,22904386,0xea06384d2fca30fc2090ace269c6578a2f0269fc,0x86daa1b43a19222cdfe10650a4f0438e0ad0ee31,0x594085de996d6ea69343aea9314efa591661a35455f0c81fc1b218e4ad67e3c5,0xf93648740819235dc692b4aaa0755e61e5d3674a1e27dcb0519883736c7a171c,30,sepia,ebony,vestigial,large,00000000 00000000 9cba724a 3ae29f21 f7764560 00000000 00000000 00000000 75386c9c 764576c4 3f2e4425 00000000 5da5c581 00000000 00000000 00000000 00000000 f5fc72a4 00000000 586e6adf 63b4b9fd 33e8fbf5 a46865ca 00000000 00000000 00000000 a2db6c49 ebba3f26 00000000 ce0bfc0c 63e31037 00000000 fb5d79fb 6f1eeed9 00000000 00000000 8df0acfd 1866739d ee0e50ff 00000000 40113f65 60849847 00000000 00000000 00000000 00000000 00000000 c230b05f 00000000 00000000 00000000 5e463125 f0dbb128 00000000 00000000 9ceb931d c1f9a167 00000000 00000000 00000000 09bde238 00000000 118d73cc 00000000
280,22904417,0xea06384d2fca30fc2090ace269c6578a2f0269fc,0xa178a2b6a016a801b2418947f7fc233a987b4a07,0xc140cf3849273599ac517e6252bad23fb2e81a2f87b4cc9cc528bf73e83cdf78,0xf245baefa9349089a93a7ae5ccba0d187fc17b0c766c620e2072db6c245a01e0,25,vermilion,tan,dumpy,small,00000000 00000000 00000000 00000000 00000000 188e6779 cf494122 7d1e09cf 66f81f00 00000000 00000000 00000000 00000000 00000000 00000000 00000000 00000000 74413193 00000000 7bf52bda 318a22b2 00000000 3b1e95bd 00000000 00000000 00000000 42da5f9a 00000000 00000000 c0ff9bcf 00000000 00000000 00000000 00000000 166aa219 324c59e9 00000000 bb7fbc6a 5bb789e5 00000000 2b948e5f 45a53289 00000000 0a685257 959bc720 00000000 181a5225 2e932e6b 00000000 248fd7c2 00000000 00000000 ee11c9a5 ba3cfb34 a5b69145 00000000 00000000 00000000 00000000 00000000 00000000 860e8d02 00000000 00000000
281,22904624,0xa09daab5e090017fc53b09038ba55b0f1cf9ac36,0xf4ec9e9959825a5eba1f67e28e66eb4d5e3a1071,0x4a0e5c2f83b9ca87c19304b40254bd4cd5c111748da806e65523854d6f15aa88,0x5e8eda733840a757aea12350588901ebe67774f994bbcb916f1ae2d91e0d5685,32,brown,tan,curly,small,f9d48b2e 00000000 fe0d91fa 00000000 00000000 00000000 00000000 dac8c9d8 00000000 da1c8e1e 08a991f5 00000000 26f5a7ca 00000000 71f44d49 00000000 e7d754ea 00000000 8497c29d 55bb92c5 00000000 00000000 00000000 00000000 00000000 2a404c53 519f23e9 f58cd709 77429be2 00000000 00000000 00000000 9087b5e3 00000000 00000000 e9578a46 824ed7c3 00000000 67bbe0b8 6ab5f36d 00000000 14168dad 00000000 00000000 00000000 f5e51fe0 9900cfad be8d2b66 00000000 f0672b93 00000000 a300f2e8 7f8a29f0 00000000 00000000 00000000 89c7fcec d0e98c9d dd9262bf ebe5697e 00000000 46ce74c6 a5a612dd 00000000
282,22905198,0x3d23e40495043a4c7509b2d179ee1ad9e3a3a30c,0xbb4b8c2611035bfa7f8f108e6a0f3905bee05fad,0x5d94ec570fc476299907a82c12e2be4ca3ac4ff60cc056b14f94bccfe893150c,0x6030418d78f566e463abe148127c9003d1da8c624a67b4e539a3c36f1b9a2abe,35,brown,ebony,vestigial,small,00000000 53a68908 59af4041 5423c4e3 a6bd5387 a6b42310 00000000 d64e975e 00000000 a841e3db 00000000 d272d764 00000000 0d045ab1 00000000 00000000 00000000 95f1e24b 00000000 9973da1d d9b18872 00000000 00000000 fdc99c86 239ef4bb 1d35b9dd 00000000 e89fbe4b ed14ccef 00000000 00000000 00000000 a2ac20b6 eb9e2f87 1630c4ce c94d1aa9 00000000 dfd71d57 3e50654b 00000000 2dbe2115 2c58e21a 00000000 00000000 00000000 00000000 bf13cb8c af792a88 ac1f0660 c6270288 00000000 00000000 00000000 9a357f4b 00000000 4cb5d972 6cf1d394 00000000 00000000 8086c7a8 02781b9c 913ad8c4 00000000 00000000
283,22911034,0xc01dde207a84c71149cde8b3657c5535c208aa20,0x21fc661d40c6b1402046ae7da25d67d83f5b3375,0x2506a09c4cc31b91f60ced26a86449d263ebdc53bede4953227f473b495ea937,0x142a07574b77d5192038922cd1b0dccefe056caab4b0e0fcaa6a304ff6cf4f72,36,brown,tan,vestigial,large,00000000 4c6b89c9 00000000 00000000 d7c1ae27 5605ed07 ba823f56 00000000 e95cfd53 79ec08d4 9a8aab35 d424d3ec 00000000 00000000 3eb7c634 00000000 9d396486 64b30d4a 8b1167bd 772e174f 00000000 00000000 46ad0fd5 dce8c3ef 00000000 433cb7a7 79e704ff 00000000 97782ff1 d91ff7cb b8138527 2d163a36 ff75a37b fd53277d 71b4ec11 61217e3b 00000000 00000000 6f4137ad 00000000 00000000 00000000 00000000 00000000 59289b2a 41f32ebe 00000000 00000000 00000000 ad258996 00000000 f09c5a9d 00000000 aa195445 87a10ee1 00000000 00000000 05ba188d 00000000 dfc70cb9 00000000 5eb0c84b 00000000 ce22f926
284,22921471,0x26542d0bc93a63c141a21956337f18773b237882,0xad588a690693b9f5d2ef494e3f4ffed37c2f681b,0xf6983ddb3f5b9dd5e1c8199ddf83ae52e7057a279f76e7a379ec339da535b974,0xe0e8f2ba758cc7295d821ab93838a86554e103b1340218f0226c229a06869e3f,28,brown,yellow,curly,large,79de127a a6744a87 f8d7d49e 7c6a0de2 ad982b18 5293c062 00000000 00000000 00000000 3c394fb1 85f92e64 07e58018 9fd5bee7 00000000 00000000 89f61d66 00000000 451b8958 e160d144 00000000 00000000 00000000 00000000 23e0d50e 00000000 607038cc 97df3d90 00000000 00000000 00000000 00000000 00000000 00000000 5e8167aa 00000000 a0b2da17 765ee455 00000000 00000000 9d23f32e 00000000 e17d6db7 00000000 00000000 00000000 34d00f47 00000000 00000000 00000000 00000000 bfcbf502 599a2e2a 00000000 045230cf 2d0d8d1e 00000000 00000000 31b108b6 00000000 00000000 00000000 394a1183 00000000 00000000
285,22933993,0x27f48de5e0605da8b2a52ddfd06f6d273b804336,0x92b247a98e47452150a6536ac539a87019f8cb6f,0x8e7bbb6bb7e9c97137540da96b87ae82a96907afc4b7e753d8c2aace9a58dbf0,0xca18514b50ff5e44ce7826aaa88fffad0efa9dd1c2aab8ffd9657c9ba880dcde,34,vermilion,tan,dumpy,large,00000000 62cd0729 19195e2e 2421f61b 641b95f9 00000000 81313473 8f038f45 00000000 00000000 0e14c018 4727a490 19bdd401 00000000 38f624a1 530a157d 00000000 00000000 00000000 00000000 00000000 00000000 00000000 6e50cb7a 00000000 00000000 00000000 f31a85ee 00000000 787f2054 00000000 fe1eec65 b4fd53f9 707c9cfd 00000000 af1a8fcc 60637dbc 00000000 00000000 85832ba0 00000000 00000000 eb3fb6db 5fce37d2 5fbc81fb 894d3b19 386ffef2 00000000 fe913512 00000000 bd6f5159 00000000 00000000 6e7f9f00 20e81859 00000000 00a327a4 00000000 00000000 764c18ed d6c97d21 00000000 f26bef9e 47227c01
286,22934129,0x65d3f783f7a9f2a30cf70a8b3f6789fe98779086,0xbd7e02802767d1a6ff9531247b1e5a53a8b7f3d2,0x69e38ad4ca09cee76d0562dfd21d23e138a3082546dcc4ac88ba9dd97810087a,0xdac069f3204fd9c5768241e35c574f3897e1d4c51094e7f9224177b3a6526b6a,31,sepia,tan,dumpy,small,00000000 691fafa0 00000000 510fe4e9 00000000 4d906bb8 9e47f2af 00000000 0e88e5aa c758e3b5 00000000 c3494bd2 00000000 4df467a4 977dbf85 00000000 00000000 c57d740c 00000000 00000000 0e6583e4 00000000 713c1285 00000000 00000000 13f88e45 b862d3e2 00000000 00000000 b879e5c4 00000000 10a1e671 95a623ad 3ade9d3f 00000000 00000000 3c84a82f 4777d0bb 00000000 b391b646 f34611e7 411e6732 76f22966 00000000 155356c0 b17007cc 87894568 00000000 f612e7f9 00000000 00000000 00000000 00000000 00000000 21d9a386 00000000 00000000 b89fbf5d 00000000 00000000 00000000 5fdeec88 00000000 00000000
287,22934167,0x65d3f783f7a9f2a30cf70a8b3f6789fe98779086,0x504e52c830dba05dfb940fbe2d97d8f3cb0c3998,0xdb10b51d9fbf8ff764c9a140cd4bab8b6a135705c780df6d5c0fdb2aee096ccb,0xc9a5a2fba4e6708001b81f1115ada07a6997cd758a8611e124af7c34ac1f0371,31,white,yellow,dumpy,large,3ba53cb0 00000000 00000000 00000000 9e95dbf0 54233c14 c64aee46 00000000 d235774f 8cc94179 00000000 00000000 00000000 00000000 00000000 00000000 c8ac2f08 33465c12 112b2cce fb2f0078 faad7bb5 00000000 00000000 00000000 00000000 00000000 28e866c3 64089a11 00000000 a6376c12 00000000 8d311141 00000000 00000000 6ddd614c 00000000 12087f3c 93e5ec3d 00000000 00000000 00000000 00000000 6222ee19 6e637162 8ff44d8f 33cef482 34ec30b1 00000000 2ad9415d 74150e19 65959e09 ddd751cf 00000000 6654d8c0 00000000 ec25d622 00000000 00000000 a7e05576 00000000 00000000 b95bb02a 00000000 00000000
288,22934329,0xaa3b48bac2fedc58a564904d27911392ca1f84ba,0x759532a33c4a689ff0020558caa5050fea408dc6,0xf23e86e58df8c4384121c3c8f9f9853daf787a829176743514faf5ae00ad3294,0x9d67439680fd392138d7f2372be0419e76c749a5d0da4b5469b1638ae264f2ac,31,white,ebony,dumpy,large,00000000 00000000 a895a962 7ad139d5 00000000 c426cd64 00000000 f1fd2fcd 00000000 488cea12 00000000 00000000 045cdb13 f3c06b3d 086866ea a2c2d4b9 00000000 00000000 c38756b1 00000000 00000000 a6875ba2 d2177cef 00000000 00000000 d959c4b4 00000000 00000000 00000000 1b5eee99 e0c586fe 368f13c1 00000000 ed6b21c1 00000000 b5c1ebcc 00000000 00000000 00000000 011b970c d918c30b cbb73f31 00000000 00000000 00000000 a988ea5d 253a3024 00000000 98558b69 00000000 00000000 00000000 b50377cd c6ad9a13 00000000 9e3f2fa6 b0ec0997 00000000 00000000 f1e124c8 00000000 7719d332 3390b551 00000000
289,22934433,0x54d1f1895026e84e4672d09c3e759a4fd847e497,0x9d6ea3a54a606e932bbfdfda96684523f1105e5b,0x84010f2d34ef30ea266015167f4470f338c1772adce1d1b882e6bd4f06ca570d,0x225f1ff34a570ac0c6b5941e8eac59feb5794fdc3566e9662098dcb6e472450e,28,sepia,yellow,vestigial,small,00000000 1a8fdae7 c726f9a4 687099c3 00000000 00000000 00000000 00000000 5b17e00e 00000000 0e917337 00000000 00000000 00000000 bac08e50 00000000 00000000 f4f24240 00000000 00000000 235d026e 2d5123db 8e565d24 00000000 00000000 00000000 0e918f23 00000000 00000000 ed7d498c 25277d67 e7e3240d 00000000 696a3443 02a7b25d 00000000 328cdfbe 209c8bdb 00000000 0e4dc7d1 00000000 00000000 8a147750 311e2ee1 8c5c1f21 00000000 16821b8d 240893f7 00000000 00000000 00000000 0e3f41ca 429acac5 00000000 00000000 61eb250b 00000000 00000000 00000000 00000000 00000000 61bdf0a6 00000000 00000000
290,22934589,0xf574c75a9959c7c418b6474b6223c526ba42af3e,0x0adbef79b742f6b35613ef4b66119db00259242e,0x1689a8ff2f60f0ef7e192723aa0a9f970087e90964883e7ba6368b273cf86b14,0xd26a4c9d0742ff5f8bf1e81e9e5ea4ecdf12c2ed9e1a47b637a862d03cbd4268,29,vermilion,ebony,vestigial,large,00000000 00000000 00000000 817a6e9a 00000000 5c192727 ea5e1cc1 00000000 00000000 4b110cce 00000000 00000000 00000000 00000000 68fe88b0 00000000 a9a701f2 00000000 7720ee9c 01ce7696 fbcc5960 c28a5986 00000000 d8f53405 00000000 00000000 cc591a29 73003aa1 50ebdb0e 1d551ba4 00000000 00000000 00000000 00000000 00000000 00000000 ccee2816 00000000 0ddb0c03 4520cdcc 00000000 aee329b9 00000000 00000000 00000000 39056298 88d07292 00000000 00000000 00000000 00000000 ff7500c0 00000000 4e0423a6 00000000 da2e478a 1ad68172 4af60582 4e87376b 00000000 f6da497d 45a64754 00000000 00000000
291,22934642,0xf574c75a9959c7c418b6474b6223c526ba42af3e,0x0c7255157579c01fc706cf092d55c59644f91840,0x9dee8797a24ffb5994fd0f3ec534c913d31290c2d5d87a9fd8fd4f7f31acb428,0xdd1440753eadb790345a0c9a7f56f13735248ff9b39537f9552bec2d4d16e03e,32,white,tan,curly,small,00000000 6e221537 1e4b2b5f 356d9cc5 370e3089 4d05dfa8 00000000 00000000 00000000 00000000 00000000 00000000 00000000 9d9a51a6 d8c6ba2d 34af767d 00000000 e7f55d5b 5512ffe5 00000000 eb017d81 00000000 00000000 00000000 bd0cab04 00000000 df86b03d 09f24077 00000000 00000000 cda884c2 00000000 dc052dfd 00000000 07582e83 aa756abe 00000000 6fb95229 00000000 00000000 00000000 00000000 4f559ebf 5e34830b 00000000 442dbebf 13475411 e1352928 cfc6e804 9d997ba2 00000000 5327a431 00000000 377360e9 00000000 00000000 f631b9e4 00000000 40fe8e89 00000000 01e942a8 00000000 9a2e69df 00000000
292,22934700,0xf574c75a9959c7c418b6474b6223c526ba42af3e,0x42056a479a1087df1da1cf6ca18011da22402db2,0x327eeb1debd7a833e541f766f85e1229a00492d4b6455b1383e71c4e0751e822,0x0382832557ca928e5aa6a22f1cf0909aac2f04687d7e6a378f59748f38b15bc1,33,vermilion,tan,dumpy,large,25e46b41 00000000 00000000 00000000 00000000 00000000 6dd68e87 c1173158 b19ed942 400671f8 00000000 ba52d359 496b8b2c 00000000 417ecdb5 00000000 9d448876 00000000 00000000 00000000 5e8347fe 0c658661 00000000 ee02bc32 00000000 00000000 00000000 d36f8833 a74a194a c4b0f8e1 00000000 00000000 b6fd4a8a 6517d772 5cbe331e 002bbff4 00000000 00000000 00000000 0ca6e5f4 00000000 00000000 be4fef7b 00000000 8b827493 109d67f1 ed315d16 00000000 3595a739 00000000 00000000 67e3c173 40ac3848 00000000 9adb96dc 00000000 f50ec790 a5a800d4 95a24cd5 557077c4 00000000 00000000 00000000 57709c4c
293,22935025,0x9e366c1405f7951431dbdeb53dcd57db342f55c4,0xdef635632fdaee524af4e4ed29ab05da05c7f6fd,0x4942d1c050ccef2f3af15a573c9b295549c1cdb23eafcad6943bd1b023f5a469,0x9158ce98ac1f5a2fc6263e8768451523497619b83e1d48713c5b28d6fd28da56,34,white,tan,curly,large,00000000 65da9b94 917a92ca 00000000 909c69b6 00000000 7684b524 00000000 00000000 563fee43 00000000 168adddf 43c00292 00000000 ab276961 6cec197d 00000000 00000000 00000000 b04b2ad4 00000000 7cc4fa36 00000000 00000000 f9bded98 00000000 10192fa6 c8489b41 d8d7677d 57a7cbf6 39792fc8 f57d30ef 00000000 7d171acf 707287cf 00000000 cb16e88b 00000000 11ff766b 0e0eb095 00000000 00000000 00000000 b17585a9 00000000 e2887fa2 00000000 00000000 8c00ca51 ef5c7861 00000000 c9d6eb79 e458f6cc 00000000 1dbb8e8c 00000000 00000000 00000000 3722aa51 59b8d492 0cd479d3 d4e3b396 00000000 00000000
294,22936521,0xcd5504897ee44f57fc5d9f06a9cf1ca1d1eac578,0xcc3c2c79ed57c6236f27d3817d3a10b851303941,0x0b219aeac093ba714160b63216dec437e772387a535320469883e346d46f8375,0xc6a433082759428779bfacc179d46f9e21e1ccf924307534394c4f6c445e4044,26,brown,yellow,curly,small,00000000 00000000 7f89a8b1 00000000 00000000 00000000 f63cf3b5 00000000 00000000 00000000 00000000 00000000 00000000 00000000 f691c40a 00000000 00000000 5302bf47 3ff0b526 f0c06bd8 5449d6af 00000000 03043ed9 00000000 00000000 00000000 67598df5 00000000 00000000 00000000 e8866aff 00000000 00000000 00000000 bbcc4da4 c5ee8a7e 00000000 a19752ef 2039f4b4 00000000 9b918851 2275a7c7 e7f855a0 d38ebd1b 00000000 00000000 f14b8621 00000000 00000000 00000000 11bfa119 1d7cfe20 00000000 00000000 4cd2577c 00000000 42b48f1b 00000000 00000000 97e8897d 9bfe3e67 7d6f8d10 00000000 00000000
295,22937728,0xec0408f9fb4c25a98e60b6e5715cd059b1fa172f,0x127cdb5bfad06a8eefaf5e146e16293f89858c9e,0xd5b5d9352cc64f5d23796250fb9b7ed7377495f816de532357fdb661e9f604b3,0x4bcaf46e47f052889bc1b00686e9094d44cb354e7d47b1fe18d2e84304fdca5f,31,vermilion,tan,vestigial,small,ca0cd443 657bb398 e4db5ba3 44509c24 4445d756 00000000 04ece96d 00000000 00000000 22c60e2e 00000000 ff5461f5 00000000 00000000 f56de753 1e4eda0f 1751edf2 00000000 1cee0cc5 6f5c170a 108f86e6 caa04675 81658d6c 05721097 00000000 00000000 3f7f0893 00000000 00000000 00000000 00000000 00000000 98912400 a8f49e58 00000000 00000000 00000000 00000000 9ee5b983 00000000 00000000 00000000 00000000 900745bf 00000000 9a551a4f 06f0a7e8 c9866c93 00000000 39d27c03 00000000 00000000 a90980a3 00000000 0e9afcf0 e0a86db3 00000000 00000000 00000000 7c36310f 4f755332 00000000 00000000 00000000
296,22938915,0x08bf056c728966c8d6d3f2acb0ad4be521ed0631,0x17acbe6a0ea0a29980b8dfdb93d648f2b7abc92c,0x6358146f3b2674db2ab8abdb44ab2f5920c55bc074208fc0eec6fe5e48d13759,0x7cfc69aaeabcf2c50906ba75d6238b32459774b621dc00e74a4263fb4df8e740,32,brown,yellow,curly,small,00000000 00000000 00000000 00000000 00000000 00000000 72d3f0a5 00000000 023de1cd d2db3739 677a0d34 00000000 00000000 0b11afe0 cdf609a9 ee3c92d3 00000000 00000000 00000000 5447bbf7 5b1e352d 798a60b8 7530fd3d 1f766cca 55ae032f 00000000 21d4e194 c8616afb 00000000 00000000 5c35b998 00000000 e0d8d843 4c6dad1b 00000000 879c14a1 0ab10856 d2dde7d6 87558fc8 daa1c84b 44dbfbe0 f7a560a0 00000000 00000000 00000000 952980a0 9e5f2574 00000000 00000000 6464ec08 00000000 00000000 00000000 00000000 89170036 00000000 00000000 ecd983f7 00000000 e5487539 00000000 00000000 5d8d94d7 00000000
297,22947856,0xdb67846763415453a214ab8a9f7c14a0c8c99bed,0x6a6e32a5fdaec673fe0b28ae3f96bcd1c2cbf296,0x43514fc2a2523c4596b02d12f156cc3fa954a28005a482bd053e6a77e00b44f4,0x0cbec61e9dbf591246ade9ccf7bdd36793c3507ceef58c6d3794e9ec15190b4c,30,sepia,yellow,dumpy,small,00000000 00000000 6cfd9c96 1718b019 00000000 00000000 ed8d9f1e 00000000 090d0440 ebb50fc6 00000000 8de213dc 00000000 00000000 00000000 00000000 dbf3bddc 00000000 00000000 9b95d65f 4d411d09 00000000 00000000 00000000 c6c1f319 00000000 bbc68724 00000000 6f64421a 00000000 00000000 00000000 00000000 00000000 4c1c9ed4 9ff4a2cb 00000000 c9ac80a7 28b10497 0d0ec2d5 6286e499 00000000 00000000 4a1e09ea 00000000 dffb4d9e 0c1c00b8 b46e6a24 00000000 00000000 233f06de 00000000 3788eefd 00000000 00000000 e452c179 caa30167 73a452ce ba4e7885 00000000 ed81aa9a 24fa4b65 00000000 00000000
298,22948280,0xbd081f1b95d62c9a30efab2bb862eea6dcd7450a,0x96213b41fbb4696cc18634eaf0cbbbd1221b3764,0x4125828b93e42dd4fb7b699f78ce779abf0fcb9577df1b932705ecff9c580058,0xd00db01d83ac5f68d2ce120040fd5547f47dfbdd0ad33eadfa37111191ff6b1b,35,sepia,yellow,curly,small,49b6fd79 e7aecf19 00000000 86214a40 87de642b 00000000 00000000 00000000 ca6e58d6 d3dda2f8 00000000 21d52d73 00000000 7e0c8eec 6d47ccb8 00000000 015a3ee2 1a935428 f04e8f80 36935c7e 865ba946 f32ce844 f12ab964 3f7efd75 ae3b2c6c 00000000 00000000 00000000 7900c866 00000000 00000000 599b6ad9 bb9a99da 00000000 00000000 00000000 4809dacb 00000000 00000000 00000000 fe75f50e 00000000 00000000 00000000 fb564417 00000000 00000000 00000000 7b44fb8c d87982fa 32adba10 00000000 166a23c8 ada7220e 00000000 00000000 00000000 04ea196b 00000000 c1d019f6 1bc5f7fa 6cf9ccc6 538db6ff 8db531cf
299,22948938,0xccde496b83c644f779e5b6fcc0cc4a5c276fa5d4,0xebf0b5c6417e3861d5f7818d1284916d989eeb51,0x4b8af8e86f96104c059ae75a5f3aa0a8ca007c88657648b9245368aadf4331cb,0xd72a82bc36d0bb03220b0ab5d1eaf2c7e4c8e1147e9321323a7f0a5aea796238,33,white,ebony,vestigial,small,00000000 00000000 00000000 cf12c244 a42cb5e0 e373ca19 00000000 00000000 00000000 edf29b99 00000000 00000000 00000000 b6320ac3 c341feb5 00000000 9c058ea5 00000000 00000000 a2198aec 88fe1ba2 588bd2a4 f4db2381 00000000 00000000 98924d0e 00000000 9aa0d5b8 00000000 cc97316a 5c85ce4b 47de8c16 00000000 b3cfc537 00000000 193ffa82 fc6a5aef 00000000 68ec4644 00000000 00000000 b8f361d0 00000000 d87494c4 00000000 00000000 00000000 00000000 0aa39931 0e82baa6 3290eb99 9fad9e95 a74e14f2 47242fe4 6fcc99cb 00000000 00000000 c95cba70 00000000 241d31a1 dc5ee635 e4fc80e7 00000000 00000000
300,22950225,0x1b1829e31d3f85210ea84c2b62f59faa47687c7e,0x0150bccbf2002ad3a045968ce36e11c21096222a,0xef713611692cd86bcda1f482085d9fe90c2251c3003191fed92c9ba6c147c1f9,0x0ff6247516d6c15827c8d4a8204feb700b22503178e3416c36d7f784c1539415,32,vermilion,ebony,dumpy,small,6f39e6ad 00000000 98efb954 00000000 b3ba0e0b 00000000 00000000 00000000 00000000 00000000 616d926a 00000000 bbc27364 00000000 00000000 cd87250a 9c6e9bc7 7c020897 00000000 00000000 03ec7b4f 00000000 72becee4 00000000 06357a57 00000000 00000000 00000000 00000000 00000000 11a44992 c49a1e98 00000000 00000000 028ede5f 00000000 00000000 00000000 00000000 429382d4 eecd94ed cb9e7827 e9f265b8 00000000 792a514e 0869379f 1e491937 2b09b45b c8d8419f 8c67a3fe 8095038c 00000000 81301308 00000000 e8312062 200b293e 00000000 dae2ac73 fe525ad8 00000000 ce08cd68 974abd7a 00000000 00000000
301,22950330,0x08b296a897b1c8a033066a34dfde80c66a825d7b,0x9ae81dc9e88fbc4e8e96cbd45be937f92de886a7,0xb2191e4c7ab0e3be68e625a9a6ad6886333ce293c0b464e197dc4294c8d580e2,0x6425e6dc1895c74b580cadcc442b0ab0b70237d99e78119742b042edff49873c,32,white,ebony,dumpy,large,00000000 00000000 f67a9876 dfa89851 0f182d56 9b6fedbf 00000000 00000000 087bf108 82f4ae99 81df175f 00000000 00000000 00000000 00000000 61a6c78d 5528df28 00000000 00000000 708740ce 00000000 00000000 bbadc338 00000000 d81f0dc0 2512bf36 a165f373 db7cc51b 1d5fa920 fbaa6962 b9799c11 6eef7115 ff114fa4 00000000 a8ba5333 2cda926d 00000000 3f22ca0b 2f1f9f98 df85af19 00000000 b8a844a1 00000000 00000000 00000000 00000000 fc076c33 00000000 00000000 00000000 00000000 00000000 e785cd53 d420940b 00000000 5a793298 00000000 96584ff2 00000000 00000000 00000000 00000000 cc40cd05 00000000
302,22950594,0x08b296a897b1c8a033066a34dfde80c66a825d7b,0x0f52b7cfd89d5227f198ae810d11583c3aa638c4,0x473b17f8368f1646db150b5c90d3f7a89276ffff85d3e8c1266957425b75daf8,0x03a21f99b37c71192e349baa99e48933d6740fdb913eecdd9a4707a24170139a,26,white,tan,curly,small,00000000 dbaa6e9f 00000000 1d9b3173 8c580c10 00000000 00000000 f304c82e e8b854b3 7b5b746f 00000000 00000000 379e3ebf 00000000 00000000 00000000 00000000 00000000 00000000 00000000 e0a1a4d0 f2fcd765 1d439f25 00000000 2ed42081 00000000 00000000 00000000 00000000 00000000 00e590dc 00000000 00000000 3b477a01 00000000 00000000 00000000 4e9518cb 00000000 99883c35 30f17941 97e83cbb fa2985f6 00000000 00000000 00000000 00000000 00000000 b9ac4e0d 9dc67ad8 783a8580 00000000 00000000 00000000 a49df8b1 00000000 00000000 2619dfad 00000000 64be9c76 ca44c3b8 00000000 00000000 8e39b17e
303,22950936,0xbfe2643c33dade319d1634215ab68b3c098ed3e7,0x3fafbc62ebca1e32a8d0b05ce6c9b3c4ec060e74,0x5b3e6b54f5c88cc94868bedeb069bb0e37e6095d1d101b205aaafa43271c0ee6,0x3f008e375cf77a4c6ffccdd1fd2901b11f88b62bf4d4af740fd2aa809493c0e0,25,white,tan,dumpy,large,00000000 00000000 00000000 00000000 00000000 4dca2598 29fed21a da3ad857 00000000 00000000 00000000 00000000 00000000 00000000 b5d12082 a8401be7 767b04b5 76c69783 00000000 00000000 5cae06ba 00000000 00000000 051c824f 00000000 00000000 ca4300d8 00000000 857f1516 00000000 00000000 6a56db3c 00000000 00000000 00000000 00000000 00000000 00000000 00000000 2db4d337 00000000 f10d69c3 00000000 8d612c32 00000000 69b79053 00000000 9048f64b 00000000 dd00b88d 00000000 00000000 e63f8a19 00000000 03657961 d949d9b4 2ee8324a b98ed828 9e57c316 c793627d 00000000 00000000 00000000 00000000
304,22952247,0x8d97497483204a504670cdc5e1b3ff8868888888,0x3af5b51eb15b5c851e43c3e4a6862a8449aa416f,0x7963090d179df4a685fc8f2e1c10eca53652e6f8d3751ff9aef48dd98e934082,0x23703738d3dd362bce73382c90aea53fbbead318ba4eaad9c7b6f591ad50e537,36,vermilion,tan,vestigial,large,f1b795f6 012f8840 0b9dab14 00000000 25c826ea 25ca026a 00000000 00000000 9d7acd58 00000000 38010edc 00000000 00000000 4e70f07f eb011a09 2b06ffc2 00000000 00000000 00000000 00000000 4c7df648 00000000 3100aae8 00000000 8ee3470c 00000000 6377f372 8b0842d6 00000000 208bb9e3 00000000 af2a46d0 ea2fbf69 00000000 00000000 00000000 4f04decf 00000000 00000000 6dfc5011 ff035be5 00000000 35c34b08 00000000 8f33fcb7 b9f45c55 0e6ffcad 807f7979 00000000 3dcea376 794d932e 00000000 f7ea9fcf 32a6c40c 00000000 77c0a67a ab9740c0 59be1d8e 9dc0e8cf 00000000 00000000 00000000 0123035a ac8e9fff
305,22952682,0xa754afb7549fce6e666bfcd6d4a4064c7d732d0e,0xb3a1f06eaa46eeedf7a67f8712f8014f250c2da6,0x82130a4f823188d6c67515fc9f2714a70ec2623410589d3d5f38fac43c28f95a,0xf731e1fdb98bc6f3782c81bb88e9a1b844c0e0889fc94515aa72fbb5f36c8af2,38,brown,yellow,dumpy,small,00000000 f35a159e 00000000 00000000 b8007d06 98a417d2 7db1ff17 a77b296e 00000000 7512ef30 00000000 e2dbb512 00000000 00000000 00000000 4d7d14a0 00000000 00000000 579fe1eb 65aab12e 00000000 0d6a0cfb ab666070 00000000 4a281cf9 44920a13 00000000 00000000 3302612e 4b0ed9c2 e97ef525 95a58a96 6957de4c 00000000 699135a4 00000000 3df4ac0e ffacf366 00000000 41d0c8c8 7f6eac78 62af1b77 00000000 1f89fd31 19518b03 e4146527 583ae6bd a3c2aa79 00000000 e0a67272 00000000 00000000 df66e21c 8f887d5d b25d1054 00000000 00000000 016d7caf 00000000 6291b551 00000000 cbf289e5 00000000 d6701710
306,22953324,0xa754afb7549fce6e666bfcd6d4a4064c7d732d0e,0x0243b53f4b843cffed58bd1aa8a11120ce6e8fc9,0x4ac00f1f5fcd03381f1a892d8cad3dc74bbd203e9491c78bf541ff9512e6f059,0xaea99064989e74aa8c5117bcc6988b5e3859a14e91eca627b68ada1587a43942,29,white,tan,dumpy,small,00000000 339540a8 00000000 00000000 00000000 00000000 c7717799 00000000 953749b3 00000000 00000000 a844d722 ea8fb3dc 5d072863 00000000 00000000 00000000 00000000 da73bf66 00000000 00000000 1edb1f08 00000000 ec65f538 04623b0c e892f7d7 548efda8 00000000 00000000 00000000 00000000 55be7d5d 79760e44 00000000 87f41e0d 00000000 431d1c27 00000000 00000000 00000000 00000000 57805512 00000000 d8bede87 7a04d980 00000000 c7d57d33 3fac7d5c 00000000 4ad389f9 00000000 300caf2f 00000000 00000000 00000000 62c8d54c 00000000 f6c5ad08 e56d5bf0 00000000 d53ff443 bfbf1124 00000000 b558f01d
307,22953656,0xbfe2643c33dade319d1634215ab68b3c098ed3e7,0x8565b553c055473b8c5b048df63749143d07a322,0x6fb8b882436781a6ed64768601b75dbb5774b15b3bb5b8c16aff0a73e2164778,0x3560dfabc2e0c52295246f9525e1cd559ab024e80ca0847f9464c29c67432f8f,31,vermilion,tan,dumpy,large,5abacddf 7010a712 ebf767e4 ac175c2d 00000000 00000000 00000000 62f26ee2 437102be cc2abe34 3c5d202b 5f0d937c 00000000 10006d03 00000000 00000000 7be804fa 9d8621fd 00000000 00000000 00000000 00000000 bae6048f 00000000 b4030cce 928d89a3 ae9346bc 00000000 00000000 d820f86b 713fb637 00000000 00000000 00000000 2b9d47c2 47dd1a0c 4f887283 00000000 00000000 6aa2a032 00000000 9425612f 00000000 00000000 00000000 00000000 9783196d bbfd7519 00000000 00000000 f4f3095a 00000000 00000000 ccc5aa36 bc64a516 00000000 00000000 00000000 53a6ef7f 00000000 240880cf 00000000 00000000 46faec35
308,22953708,0x9f2ebf1ba9206ef97428fdab7431a3f1d53f6dc9,0x9580fb09360409e598de9d442e62ed139d4586f1,0xc089bab012cad47530060a55366d84dbb7156d6571e74d38267d99f372fa2974,0x8862430a14c252f63ef639554ed910fef3ffe876c23bd954e58915f40b131377,31,brown,tan,vestigial,small,ad69eb59 5862c518 7f2c6c0a 00000000 19835ed5 c91826a6 b354400d 00000000 d251700d ab11038e 00000000 00000000 ab4ee92c 00000000 00000000 00000000 4ffc21d0 fa99d39a 00000000 00000000 2383915f 00000000 00000000 00000000 9568e6e8 e0991f0e 00000000 250568b2 00000000 00000000 00000000 00000000 00000000 00000000 3ef52b3a 00000000 f162ee6b e12dd2bb 41bd22c8 3b605c29 0c8cd3bf 00000000 77bc5250 00000000 37d07475 00000000 00000000 00000000 7860bfa0 00000000 00000000 e9f46d8a 00000000 00000000 00000000 89dfa8f9 e342ec1c 00000000 72da3150 00000000 00000000 a4dac673 bba5f9b7 15c5bd08
309,22953837,0x3a62262930534e493d7bf823608291f2544d0b01,0x6c394c4efb42cc3b6690663ddc745b4b955e1ee7,0xe2fa6d18bd291d07320458beb99235ef58dd7eced798216f688c5dca88b66856,0x7ed5d101117e8ab53322d47d18e8686471ea58f721d80ca928b4d50622640bf7,28,sepia,ebony,vestigial,large,64b5d342 8fc3492c dd301314 00000000 90c8afde 0104e994 34e2bfa5 2695c515 7ee22e2e 846132f0 00000000 cdb4f96f 00000000 00000000 00000000 00000000 00000000 00000000 878a3a3f 00000000 00000000 9f4f869d c0045796 00000000 00000000 9dbff152 00000000 00000000 00000000 5a8426b6 00000000 00000000 00000000 045d6184 b1071ffb 00000000 00000000 00000000 00000000 00000000 adf00a8e 00000000 394ff698 00000000 32a5a1ee 00000000 ca2806dd 38742189 00000000 00000000 be0e7e90 00000000 127cc191 e26c5fb5 00000000 f250ec68 00000000 00000000 00000000 c2fe4929 00000000 1836dc98 00000000 00000000
310,22953985,0x14dcb3e1781743a32395bca8de7fe6f44fa7917a,0x981337d3db283ee3310c317ea0b90c39997e5461,0xdd4da9ac99815298123df752de4c5539e17c6d3bc45ea43c1f48109c98eb4064,0x8154d8ff4eb4f8b65f96bff13abc6d57dc2c6d603dff15ddbe836fc94a9a9293,33,brown,yellow,vestigial,large,860d6399 03b24f12 00000000 00000000 12627608 00000000 00000000 13bfe16e 00000000 87dd5304 00000000 00000000 4d5dee5c 00000000 00000000 2fd53b12 00000000 0eeba20a 00000000 4b2dad11 219de736 00000000 00000000 c350030f 00000000 5e61f0e3 00000000 ad8c8253 00000000 00000000 c58c28f8 00000000 cc215582 00000000 00000000 7e96e211 00000000 00000000 97a514a1 d91ceebe ce47620c 071b2753 54c1d7bf 906ef568 00000000 978f1928 f3114143 00000000 96189e94 02b8463c 00000000 00000000 00000000 00000000 00000000 6b9e1a3f 00000000 6558c8ea 829f61ba 949966ae 655522e4 58242e85 00000000 8c02a653
311,22954103,0x14dcb3e1781743a32395bca8de7fe6f44fa7917a,0x430f0299703ef54c1e6ca98353dec5b179e4d1bd,0x85201fa700e3afe9662ec455ff32bf94e066172cf5057db4a376f7e5cf1766c9,0x164117206bdf6e65e80694a65bffdd10028f4dce49bb9e33fed29f4ce2b40e74,35,white,tan,dumpy,large,00000000 00000000 f39d1428 00000000 93a44ed1 69ba9307 402361da 00000000 00000000 31792995 b8b4e9f6 f5471ef2 00000000 00000000 00000000 00000000 00000000 00000000 eff452c1 00000000 08e6a482 751ef9c9 00000000 eadf0be4 00000000 370f6ac4 00000000 00000000 00000000 6d4e8aac ffb29f54 d26e3e68 00000000 00000000 66357572 64a4aca3 00000000 00000000 f2173225 00000000 08dd0f57 3dd1ce40 90094f96 2da85019 9344af0b 00000000 00000000 8ba58436 00000000 7f327c0d 00000000 00000000 24e87732 00000000 c78c0c41 b26f2895 00000000 3170e12f e5f81b01 24614157 2d7c9f42 ee19175f 5c9d5221 173c720b
312,22954163,0x3a62262930534e493d7bf823608291f2544d0b01,0x4ecf4f627fefa1d6f0b30d68e088ffac09ae9dd6,0xb6dcee8478f6a978a82b95a924075cacdcf7d8935035cc3361e020575249b916,0x913ab7e070af1498acdb3492cf4164c72f4e4752104617a912a7ca13de203c08,26,white,tan,vestigial,large,00000000 00000000 00000000 6b8a9ced 00000000 00000000 00000000 00000000 00000000 00000000 5224fff6 e56508cd 8c4a7a17 b6c598e8 00000000 00000000 00000000 00000000 00000000 00000000 00000000 8b8e2ec2 00000000 00000000 00000000 38ddd404 e1321a72 5ac6234b 197701a8 00000000 b55f3729 c4333f8a 1e9b8725 7960f89a 00000000 00000000 7e24971a 00000000 00000000 00000000 00000000 976133c2 00000000 ea6d1b9a 00000000 00000000 a2840c3f abe0b769 b66acde8 9a89a39d ba3b4a17 00000000 00000000 f2f96649 00000000 42354968 00000000 8ade0015 00000000 00000000 94a2232f 00000000 00000000 00000000
313,22954268,0x14dcb3e1781743a32395bca8de7fe6f44fa7917a,0xf5d9a4d9e78e1cabe2975373c79057aa21489bad,0xda95d54aba4a4c297952740c0315d9946a9d08e2598e6006bd743ba1b41dc54d,0x27f37b0514521d4de71189b1f7f7b2db6ea4677a02d7b6b83996af47b4af0ab2,34,sepia,ebony,curly,large,00000000 0da3fa6a 00000000 00000000 e4398d03 7f40b6af 00000000 41cfb6bd 00000000 e8ec4e19 00000000 784bc25a 00000000 00000000 00000000 00000000 e1d8b7a7 dcb62aa4 74887e63 28708527 00000000 518d77c4 00000000 33294f28 00000000 00000000 239686d7 00000000 8bd2730e a239ce82 00000000 f31968c4 ee487b94 39d4ca37 e9763a2e 00000000 00000000 00000000 2879a02f 00000000 fbce1c6b c29008a8 1ebb30ae d826bb1b 00000000 5b210b38 00000000 40af36c8 00000000 7fe35e80 00b23a61 00000000 bfaab9f3 00000000 00000000 71d20c54 76331783 00000000 00000000 9cb18bc0 f44187c8 f93544b6 00000000 00000000
314,22954579,0x8d97497483204a504670cdc5e1b3ff8868888888,0x98c0b1ec5278ff910b018c3c8c036ba2ecfbe5a4,0x7c268be235f8d1d98ea003a74c305bd7e25ee4ed69fa46d928e08e5ac43d69e2,0x8669fdb07b388a391ac4e1616c44a164d9b89aef7aecf6a55f94a2265991b2e4,30,white,ebony,curly,large,00000000 00000000 5cd72981 00000000 00000000 6e954bc6 bc2e40fb 0b94e171 00000000 fa0f29f9 00000000 00000000 b9a00d51 e4d8c2b6 00000000 a2e57545 91834134 00000000 00000000 00000000 50fe8165 00000000 00000000 b6d9bd83 66fe34fd 00000000 00000000 596fe3ba 10601326 00000000 2682e417 00000000 00000000 bb1cfc5e 2f02615c 00000000 00000000 20469331 00000000 00000000 00000000 ee3ce86a 00000000 00000000 00000000 107ab86e 00000000 089754ae 00000000 00000000 973106e9 00000000 d53df5f8 00000000 00000000 beda8113 fb14fcf9 5c6c246a ccdc0b94 26db70ba c973ba50 00000000 be5f4d6b 00000000
315,22955295,0xec0408f9fb4c25a98e60b6e5715cd059b1fa172f,0xf1b22052f1cf9361906a97f5bdea0ad2f4810f84,0xefed5e19b4d6d383b211aea105c970e4b8eb564f681e3d2538314b80030efe87,0xcca8c1349778ab11dc0e31fe9776da253c4670b36a0b157ce5c904128a3c3a17,27,sepia,ebony,curly,small,f52e498c b71c82e9 b5e57389 00000000 cad48aaf 00000000 00000000 00000000 00000000 42742143 00000000 e0594a96 26f08289 6f5086c5 00000000 00000000 00000000 00000000 f31b1374 ca4a4c88 6defff6b add62c7a 00000000 00000000 00000000 6bd0c733 00000000 79d193d1 00000000 00000000 00000000 db5d169e 00000000 9479e8bd 00000000 00000000 a5c639af 00000000 00000000 00000000 00000000 00000000 0c9fe5cf 00000000 00000000 00000000 00000000 00000000 0f7ac470 00000000 00000000 1e6f85ba 00000000 00000000 67cf6c9a 2bcd8259 1c1db379 00000000 6a9aeeae 00000000 00000000 1f5f02e8 3e86bd8b ff77d478
316,22956033,0xb371b7b19ed98486ab48695d8ca1b8d401979037,0x908d99780c3e10fc6d1d9a3481789e662b62de62,0x8603d1a662dc593d0945182d9ff02d76406c00496018cc5534c3e3ea8d16f979,0xf1afbbda1ec88267677b86670b11fc73cb85a7e5bb4ceae1bc831252245b2912,25,brown,ebony,curly,small,00000000 af743b31 00000000 00000000 43b66fc7 00000000 00000000 00000000 f273e450 00000000 00000000 eaac9901 00000000 0309c685 00000000 00000000 c0407234 10e43b81 00000000 b9a37bc8 3264a6e1 00000000 015184d0 00000000 00000000 00000000 d16957f3 00000000 00000000 b085b3c6 00000000 00000000 00000000 b3cebeb7 00000000 00000000 ea9f1241 00000000 f2de38f2 00000000 00000000 867a9f6a 00000000 00000000 ddf9a38c 00000000 00000000 00000000 68a16ec3 08f95b03 00000000 00000000 00000000 00000000 00000000 a60a302c 00000000 00000000 fb0076ea f2d03dc9 4eb564f1 1b36920e 00000000 749b34c8
317,22956110,0xa3fa3ab71f00afdcb295052989423eeb9db83926,0xe779cce440d2bc85935aa11a73d49277c9f5403d,0x50d3d7ac54de9e94a971b585e70233a9e44822688b5e5a323ec29891e3ee6bd3,0xb68dbffb6859903a069da3254929652195df32bdbb873258698be4789a4480ad,28,vermilion,ebony,dumpy,large,d9206e0a 00000000 42e064d2 ad1b2abd 00000000 79584f8d 00000000 824ba376 00000000 00000000 00000000 00000000 00000000 00000000 00000000 7e35b475 00000000 00000000 0b875f2c 00000000 00000000 00000000 6d353fc6 00000000 00000000 ee0ab907 00000000 2d74ee0e 7d0e21b0 00000000 00000000 c2b1b220 00000000 00000000 00000000 801c28cc e0a0c1c8 b1a50fea 1dcfabff 00000000 00000000 00000000 52d796d9 00000000 00000000 ba7a26c6 22772a1a 8f08997d ed68621c 79246907 00000000 0453e637 00000000 00000000 00000000 f34c3f3b d5fdf46d 00000000 00000000 1782132b 00000000 04a03183 de67ab8e 00000000
318,22956198,0xa3fa3ab71f00afdcb295052989423eeb9db83926,0x7bc699e3ec5ab5d67a1c1db57aa72db6e6c4be09,0xca7d7b365997124c35f0cfb3c2941b0ea48b255553d2d9127f369b8ad34a2318,0xfb3d75141c81685f73e058e3b558d3cf989e5f6b176c20b0a03e104ad8415e72,26,vermilion,tan,curly,large,00000000 63135531 00000000 00000000 73dfb4c9 72a97789 4663dc15 00000000 00000000 20c4bd58 5b78fa92 11ad73bc e0c5b451 00000000 ab58af29 00000000 85295f7c 00000000 00000000 00000000 00000000 00000000 792ec349 00000000 00000000 00000000 00000000 d6f1aa77 7a8b94e2 00000000 d26307cd c58841c5 00000000 aeea32d8 00000000 8d8b690a 00000000 00000000 7105a7d0 00000000 00000000 00000000 00000000 00000000 6ab02854 00000000 00000000 00000000 00000000 9922375f 2f6ef95c 51eb6b74 b69a8d33 1f9b8537 00000000 00000000 00000000 00000000 00000000 00000000 00000000 d9c1a03b 00000000 bf5c17af
319,22956379,0xf5122a7f966ef24b32eeaea1fa4f40bfb281e8d2,0xa40c3b61598809f57975447da58cd24dc459f67f,0xa10737ecb815fdfdb29e1b0f6d7fee47acde0790686e4d2b6e72fb44c6bdbc5e,0x40226d3ad4d3a1281c608eff1bd6063c9569e51463c9f171e35437669fce2a71,35,sepia,ebony,curly,large,cf1c044f 00000000 00000000 00000000 dca888f2 22850a55 2fd1fc4f 00000000 00000000 70a3bdf1 00000000 32486209 00000000 d2f46cf6 00000000 00000000 00000000 d6510eb2 6a8d9d6c f5caa74b 00000000 00000000 b6db4109 99478cc5 e2846718 f4639e8f 02f6fc62 c3a96d5c 34c3578a 00000000 00000000 e62b893c 00000000 7bee1c78 657e7559 00000000 00000000 881123b7 a337ef63 00000000 9196727c 8fbc90c9 a7f0d233 00000000 b2b6dd79 b0a7167c 00000000 00000000 00000000 00000000 ff990d15 00000000 0d784e3a 00000000 d746ff9b 00000000 9ef502e7 06d0565c 00000000 00000000 00000000 1f68505b 1c5cf8fc 7eac9a02
320,22956391,0xa754afb7549fce6e666bfcd6d4a4064c7d732d0e,0xeb4aa65179b3c33a3ae09dca2d99f1bcf16e7bdb,0x29c11441f7e45968322eda23cdb2f73f00c018084cc9c11a3a2dffadba941b3c,0x33d12607320f166667813311d5ffa662025a60b8c04381f90f7149f0a46e8b5e,32,brown,yellow,curly,large,00000000 81ed088f 9d182055 b96c22b0 d4281854 00000000 a892e2fb 00000000 ac671140 7da351d4 00000000 c484c020 00000000 00000000 00000000 d33fc133 00000000 d818f59d 94deaffc 008a4c92 00000000 06c8fa64 c91f2dca 00000000 00000000 00000000 32f015ff 00000000 00000000 e2c57937 00000000 99b361f4 00000000 00000000 00000000 00000000 10b1f194 928f0876 08cba4cb 56c8b218 45a8eba1 00000000 00000000 1f6688a1 00000000 00000000 b7e8b4d1 00000000 fa3fb360 00000000 00000000 00000000 0f55806b 26b727cf b1409e28 00000000 00a2b4fa 6d7e020b 52e1fad1 870646a0 00000000 00000000 00000000 00000000
321,22956458,0xec0408f9fb4c25a98e60b6e5715cd059b1fa172f,0x63ee55b849b7a7a977f97746aa3ac2fdd65060b6,0x5b44cae196222863c069136583af483b0b6dad4a36e6c9f59ae6eb1d235d5e08,0x56b1aa441392353cd644b53883ac2876fa312f5996bed11e8fb3fd1353109b49,33,vermilion,tan,vestigial,small,6d16e5fb 00000000 00000000 76d8d25f 00000000 00000000 95f3cc15 00000000 c7af55b9 4acd1f17 00000000 bb780dcf 02f8bab6 00000000 00000000 87772bdb 00000000 00000000 00000000 00000000 1f6602d3 00000000 00000000 00000000 884b1fa3 8c365919 00000000 00000000 8501e357 00000000 c08eb5fc 00000000 d1423a28 45af164d 00000000 00000000 bfc83046 00000000 00000000 00000000 cd7d45db 00000000 a267dda5 dda92f5e f24aea0d 9a7c062f 37c68fc5 9a34163a 2b828d32 8805c370 00000000 00000000 3867d628 b70b5805 00000000 dc5236b5 351d3532 ded53d65 f749e8ed bc69fe20 00000000 00000000 00000000 89ddc7a3
322,22956542,0x2122e553875fe2d0e24eb0eb220ea7da258ddd5d,0xbc05911dfe2e121ab68a94787383fbad88b0c912,0x5c954670c6033b4b98ba4f6f34897be8e20bee6cf29a67c7ee7565af2fe1bb29,0x8b03bdb7b5d0843a20a1944d2dee050a48404b8961daf37ea3e5e326e07be77c,37,brown,yellow,vestigial,small,00000000 00000000 a0185dbf 440f5507 d098f73f 708bc6f6 7dcb8df8 00000000 1cd5562d 2f1c74d4 2075accb 00000000 00000000 edca37f4 c9599135 f7d716c3 076aaab6 29efb31c 00000000 0fbcea85 de601a5e 4183f670 a399db44 00000000 00000000 00000000 00000000 00000000 00000000 451947c0 8e844892 3ec0a73b 00000000 2e1f941f 1fa00595 00000000 00000000 a7dacb41 00000000 00000000 8eb39033 7dc5a39c 00000000 00000000 00000000 1328bbca c8b5c277 fd38eaba 203aceb0 00000000 92a32267 00000000 00000000 7f8b826a e08673d3 2fe32b61 aa11855a d9220edd 00000000 00000000 00000000 6a58fbee 00000000 3801f26e
323,22957152,0xac0e67aaaa15dc791153b64df4a9d121dce797e5,0xaafe207d0ecdafc0f8d6e8efc9d1d7ee2a5da11b,0x33084258c3f38a521ec4eebacd4306e17e18411ec7c7db070433160c4352988c,0x7d5b3a467d873b273411b435efd2abbc73b848801ca41565e45bf487352cf400,30,red,yellow,curly,large,00000000 00000000 00000000 00000000 00000000 00000000 00000000 00000000 00000000 00000000 5aa0c7b3 00000000 be6cf721 fb9ddb9a 97bd4e02 904e120a 00000000 00000000 95c4a9e0 13cd9dc9 00000000 8aeb75a3 00000000 00000000 6dc6c77e 00000000 6cbf711a 00000000 a9a0e723 5e513d82 00000000 00000000 9f56a831 06f297e3 27a91326 00000000 00000000 00000000 00000000 fa83ef72 00000000 00000000 97d54707 00000000 78893121 9a186a2c b61d8f5e f63cce21 05c53d6f 0ea76d3f 00000000 edbade8a e2e9fc56 00000000 086ab708 00000000 00000000 00000000 54415701 00000000 00000000 e3e10d1e 3628d282 e24dd890
324,22960521,0x1df89c0350e94575d0e20fd86c12e2a38e4c0ce1,0x0ca71eb30c589a0f9dfa4fdeebc426676dc55400,0x65d1e8fdc3af46f4196fe35305d02c887b8d1ed1abc33ae11f5452f456f2c2df,0x4d364d7b2ac1e5cc49ed210a303ab51cccb0ab5a5322559feed7ac70ecd0a0f3,35,vermilion,yellow,curly,large,47486033 08a7e602 00000000 00000000 6bd2306a 840a8627 d0c88bc5 c6bc4064 00000000 00000000 00000000 00000000 00000000 81c04b87 00000000 d675c3c7 00000000 00000000 00000000 00000000 5d2d743b 00000000 d1090809 6189cd63 00000000 00000000 d55561d5 09baa63d 00000000 e3c26edd 100d9df1 7fd7f664 00000000 00000000 00000000 00000000 e25ae437 c804bbd3 74363a04 00000000 00000000 00000000 aca8b2d2 a2aad8b5 00000000 885b8360 00000000 8f68561f 2d283f0a 450cc4d5 af552a6d 00000000 ca0e89bb 00000000 89be1861 2884ec8b 00000000 cd798a10 f9434618 b003dc32 00000000 faeee23b 8f4d417f 2ed5e787
325,22960686,0x346790c85882719d3806c1a7933dd7455a4f5b09,0x79cd9e1896885f2f3d896f9a66e45fff41d0144a,0x299005836a9cdf00736b0e3c5797a39cf5fe6dbe494ac0b6e8285f1f75792f66,0x7065875dd8025c8c763d0043e98091280908611a8e343b2b1bad81b89ce7c765,34,brown,tan,curly,large,85063e38 00000000 794db364 00000000 00000000 a9c256f5 8292f527 00000000 b885a028 bd26c712 30851536 00000000 00000000 00000000 afc7f547 e90d0ce9 afc8d4d4 e379b59c d9850b6c 00000000 00000000 31149421 6611463c 580fd29d 00000000 00000000 3ff1a2ce 8f30f0dc 5b67ff2a 00000000 00000000 b60614a7 00000000 00000000 00000000 2a9f396b 50d88e21 5bf98ce3 00000000 bfbe623a 24d9b69b 00000000 00000000 00000000 00000000 00000000 00000000 436fc649 07362574 00000000 f5a18c18 815feaa5 00000000 e91977ab 00000000 9a9e71e4 e45b6197 50451780 00000000 64e09b3d 621a271c 00000000 00000000 00000000
326,22960853,0xdb67846763415453a214ab8a9f7c14a0c8c99bed,0xee238579f6d6adf66ff09af6e14facc78bfbc9a6,0xa15828d89ea0c29a31fb973802bb2cf70f7552db8857bc91ac957a76f93fdbe4,0x1203c31680b6f457b881323768acf57af1a1964d9eb4b6abc61cc11b5bd753b8,33,sepia,yellow,dumpy,large,00000000 00000000 00000000 d702a161 178973be c210bdd3 00000000 43452d49 1f7f835f 21afb557 00000000 00000000 156b9585 00000000 ee31e9cd 00000000 fd98eb5d a9cc0e27 1fb63acb 00000000 19cfd37e 00000000 bbca78ff 5217de6b 23ce51f4 1a949a83 00000000 e10e3cc1 3dc9f993 00000000 bc3f02b6 00000000 ac86624b aba0614d 00000000 29457728 74bc0731 00000000 00000000 00000000 54877375 00000000 00000000 00000000 00000000 00000000 a878e2cd 79480e66 00000000 00000000 d1be0c5e 539240df 77f7142c 00000000 00000000 00000000 00000000 e26c573c 4fb3b090 00000000 00000000 00000000 f26137e0 36512fdd
327,22961411,0x54012e1e43de8dd719a2deca0d6a254ee4db42b5,0xea22ff0ba09cabebb4db66b4c68b2b5769f3b95e,0xe4efcce61f1c3bac0a047a1b37620961257fa9c4a46f6c519b54504a6ce79fee,0x654562012426b34f7cca273690e565c379fa4e9ca5efdcdb87a8460c9523ad61,27,white,tan,curly,large,02a0af30 00000000 00000000 00000000 00000000 bd9022cf 1144fc7f 00000000 f40ad3d6 00000000 2c3c809f 1142f17b 00000000 ffd9dc47 00000000 a4080d0d 75d7bb86 5caacba6 00000000 00000000 00000000 bc7317b8 00000000 00000000 1268c5a8 00000000 5092199b 00000000 4902d025 00000000 00000000 a0bc6a76 00000000 00000000 b21eabfb 67d727e2 00000000 00000000 00000000 00000000 00000000 76b7db79 c334170a 00000000 00000000 00000000 0c495c43 00000000 00000000 00000000 00000000 fa81ea47 00000000 8b22e14d 00000000 4ed0f7d4 37a297b0 b7f26d1f 3ed3cbbf 00000000 00000000 00000000 00000000 3d9caa58
328,22961991,0x0b1ba22af3fb3ad6247ba5d4413b6649edd40819,0xa883cd4561dd2a1d9c9f95d5b033c947f11ed0c3,0x9fdfc9ae07aabbcac3a2f346108b1a108e1cd1da41ccd0339c389ad06b6bf767,0x3c900586fc0208191dfb84c68a4f4cab8106445924ebc46496d0fef22fa2ea2b,36,brown,tan,curly,large,6823df6c fc666efa 00000000 2c80db64 00000000 ea255dfc 00000000 00000000 00000000 d7c9e730 00000000 331d53d0 00000000 41d140b4 78530364 16583df1 00000000 24d6d7bb 00000000 00000000 00000000 4c8d4dc2 00000000 12da4d5f d0414eeb 8ca58645 86131a59 7d46a538 00000000 14a6ca13 00000000 00000000 00000000 b21ba7cc 00000000 00000000 43b55f62 1a6a3d2d d46a7981 b0523c89 00000000 a2df7e5f 46391c58 104b3368 954b850e 493fd9a6 ab8e85cb 2c9edac7 00000000 00000000 00000000 00000000 5274082d 00000000 0b34bef4 52987be5 00000000 7dacab19 1edb13e7 00000000 6d6a1c64 00000000 00000000 440ee994
329,22962255,0x346790c85882719d3806c1a7933dd7455a4f5b09,0x59a03c337f2689fc32497d09101fbb419777d611,0x2646b8430bc260075efe2773c0021b90c4d5e6d5a06fb9fad86d591e9407bfcc,0x3168901e75bda2becf002b3685a2c980dc388a8a670da0f85d9928d82a837e8c,30,sepia,tan,curly,small,00000000 00000000 0f1d344f 42338220 00000000 00000000 00000000 bdd57c19 00000000 fdd51fd9 fe2a2e5c eeef90f9 bc360936 55758507 324573ec 00000000 0f517ad1 e4bd8ef9 00000000 00000000 00000000 00000000 00000000 caef8cea 00000000 9f6a38da 00000000 72fd9405 00000000 d6e47b95 00000000 00000000 00000000 00000000 00000000 6b6f57ee 86b3236e 00000000 60d9b1a3 dcf12fe7 00000000 00000000 00000000 dfd0d8b1 00000000 f61ac67a 00000000 00000000 306d56d5 00000000 00000000 1ad14f87 758a2fbb 00000000 00000000 6b1c54b1 06fecf0a 00000000 58e5ab68 51eb2edd ab4cc1bd 00000000 9c11519a 00000000
330,22962822,0xe72d42810212c856636cd9d019e98cfe985535fd,0xbb4b87926c02c3a9a2ae4c18dac1d96c088885af,0x83d1690bb444ed7a87c97fcc90fccb237d5ef8ca85189c2247fda9e702537243,0x1808f0006443061f89d32b001222bf2648f41c945620f611314b2fd8cd81914f,31,white,ebony,curly,large,f5a5b150 742a0a88 897cf45c f2d24209 00000000 00000000 b8b26959 00000000 6f3e96e0 00000000 00000000 00000000 81cd00e5 00000000 00000000 74c43ec1 2472b8dc 00000000 00000000 00000000 00000000 00000000 00000000 1e9be706 390cd11c 00000000 baaca78a e284416f 00000000 00000000 fdf52634 bdd014fc 00000000 00000000 00000000 b1c19354 c75c2744 00000000 bbbd4311 329c2aef 1d7444a1 343ed47b 7646c872 6abda6da 00000000 3f3b8386 00000000 00000000 6b46438e 82eafda7 00000000 58a9349c 00000000 00000000 af79548c 00000000 eef01893 00000000 00000000 00000000 ef28a5fe 2312b1e5 00000000 00000000
331,22962950,0x54012e1e43de8dd719a2deca0d6a254ee4db42b5,0xc972a37c28e07e19933a27a80de3e53965f5b2ec,0xa7ee43346771dd4247bc9fdffcfa979b5681ceca71e1774bedae1b6fd70fef1b,0xf52a36bf0dbe9a75c552775058ac507b0115fab69cdb3c6525f013c11b2d35a3,29,sepia,ebony,dumpy,large,19341799 be7c52c5 00000000 00000000 00000000 547d15d1 00000000 8e65b928 557b789e 00000000 5e7ce33e 00000000 06bd3092 fc53fc29 00000000 00000000 19e223b6 00000000 ce479527 5c9255fa 00000000 dbdc6c2d 00000000 00000000 62108179 8d3c25bf 00000000 b754aa36 e9163941 00000000 00000000 00000000 e7f26d7c 00000000 00000000 00000000 00000000 00000000 0c344fa5 70f705d2 7f8893ff 6c08bf10 00000000 00000000 1974634f 00000000 00000000 00000000 00000000 00000000 00000000 00000000 3f01c8c5 b4748adc 33ef70e8 40434170 f47987a3 00000000 c00d6264 00000000 00000000 569e9ef8 00000000 00000000
332,22964103,0x7d0aa09db8d2018d8de6def866824d111444bf4b,0x81ea8c223fb3a25ec43afe35086e4f6c992090db,0x30d584b5487e4b9632ecfd90a0e5aac787c3a1d3c44aa9fd57ec5653f19d7dc4,0xb1bc612d94e53c8e2cd360738077bdfdc3402ec844c8abb2fb2e0bb84377044e,32,brown,tan,dumpy,large,00000000 f24ab5d8 cd23c6a2 b3527e29 00000000 00000000 0758691b 00000000 00000000 00000000 625a73a0 00000000 00000000 00000000 00000000 00000000 56e67ef0 a1c6c951 06023f8b 00000000 93e34f08 d1333dca eef5a543 00000000 26438d2f 4de05534 00000000 00000000 00000000 00000000 31a27abb 00000000 00000000 00000000 00000000 1545d254 fd7f44f9 e47872bd 00000000 2c4a6a93 009bb7f4 627d7357 00000000 0cc5a554 00000000 00000000 00000000 00000000 00000000 9883e77c 64db379c 4cfb9367 00000000 6b6752d8 00000000 00000000 41df9a52 50150e31 00000000 de600a1b 15568f3d d88ad612 6d621720 da8e4f98
333,22964932,0x22b033b7212cb9b8a8bce73dbad80ed77a229322,0xbe37f2fc714ac832d9455e25aa0dfcafebf4a410,0xa4138b4eae0b9e995aee224d2f8ed0b6792650ebe34791bc79943486c676634e,0x79bc8fa6fbfa95767a8d376a33c458964a5f924802ee8dc9d70bea8993150ccb,31,sepia,yellow,curly,small,79aec03e 61374252 00000000 536a45ed 00000000 00000000 e255a552 c840e220 00000000 00000000 4fcd6262 7d174ed5 00000000 00000000 00000000 00000000 b7fae85d 00000000 80352ed8 00000000 93ff0c39 00000000 00000000 00000000 17eb6195 3352fb1d 00000000 00000000 f71f933f 00000000 00000000 e0e69ea9 2fda0a05 00000000 00000000 8d393f2e 00000000 00000000 00000000 bcce57cb 00000000 1eea4c01 00000000 414dff34 00000000 185fa689 42ad11e6 85861afb 4a9b1a1b 9895df93 00000000 47f82ec8 00000000 00000000 00000000 00000000 2bf10935 46081baf c62d1725 00000000 dd254cfb 00000000 92f50c46 7efca98a
