fly,tick,block,timestamp,keeper,sensillum,tier,fee_obrain,input_agg,synapses,spiked,root,fired
2,1,22823719,1790408315,0xb1368c0b6e4dafbb5375c121df88154a3f72b299,1,2,4000,0x7f803c,19,10,0xc91e4b8cf6b806ddd75a7c0caf8a61c49013bb12b08de7e5fa33402897cb760d,4 5 64 65 124 125 184 185 244 245
3,1,22824843,1790408885,0x734617dec820db2cfb6dc750efa08ef30dc9236f,12,2,4000,0x3fc0000000000000000000000000001,9,8,0x34d473336feaadf64b5ee6d13f3183696483efcf8e067f1cc668c7d64290c00b,37 38 97 98 157 158 217 218
5,1,22825062,1790408996,0x734617dec820db2cfb6dc750efa08ef30dc9236f,19,2,4000,0x1fe0000000000000000000000000000000000000000002d,16,8,0xda8ec9629f1d50f59623b5ca5b2389ebbabb65f0804900bc2900746a6c419e03,58 59 118 119 178 179 238 239
6,1,22825202,1790409067,0x1a3a0e6f222e823cc8d0f39d87042f88ab763872,1,1,2000,0x3f8020,9,5,0x39ba80e1866ffc1d09de2e597461e3e9deef25f301dfaeff660571953e4a380e,4 64 124 184 244
8,1,22825230,1790409081,0x734617dec820db2cfb6dc750efa08ef30dc9236f,16,2,4000,0x3fc000000000000000000000000000000000001c,13,8,0xe5b1efbc45f01621b75739a47f55f1da34f0bbd462386f8d4d14e4608049636a,49 50 109 110 169 170 229 230
9,1,22825542,1790409240,0x9e366c1405f7951431dbdeb53dcd57db342f55c4,1,1,2000,0x3f8020,9,5,0x2096fe90a70617281f1b9d2977e7e8fc7841d2eafbf2da74d7047907c22b6194,4 64 124 184 244
14,1,22825561,1790409249,0x1b1829e31d3f85210ea84c2b62f59faa47687c7e,1,1,2000,0x3f8020,9,5,0xe8ae0c6d944789b18782e39091c5817492b8636b397fa1068cc1fb1e23841ccc,4 64 124 184 244
6,2,22825576,1790409257,0x1a3a0e6f222e823cc8d0f39d87042f88ab763872,12,1,2000,0x1fc0000000000000000000000000019,5,4,0x8a816c5c236b37b8d04f4a7e7471b0c5180b9fa58f444a106527d6d3ad6d4201,37 97 157 217
4,1,22825604,1790409271,0x1a3a0e6f222e823cc8d0f39d87042f88ab763872,1,1,2000,0x3f8020,9,5,0x39ba80e1866ffc1d09de2e597461e3e9deef25f301dfaeff660571953e4a380e,4 64 124 184 244
16,1,22825742,1790409341,0xb1368c0b6e4dafbb5375c121df88154a3f72b299,2,2,4000,0xff00001c,18,10,0x1b62d34ddf8ae06a458f3d4a060dfb2921355e591731d39fb9876bdfdc0ed6f9,7 8 67 68 127 128 187 188 247 248
18,1,22825874,1790409408,0xb1368c0b6e4dafbb5375c121df88154a3f72b299,3,2,4000,0x1fe00000036,19,10,0xacdc1d862a18dbb60998889deb741afc0bd4d7d51a52cdf8a9e5f4d88a65c75c,10 11 70 71 130 131 190 191 250 251
4,2,22826270,1790409608,0x1a3a0e6f222e823cc8d0f39d87042f88ab763872,12,0,500,0x7c000000000000000000000000002c,5,4,0x3d4a594a194daf63e856b2422fa0d0f45cdb5b49d585a19a1b2e52fa6913189b,37 97 157 217
6,3,22826304,1790409626,0x1a3a0e6f222e823cc8d0f39d87042f88ab763872,16,0,500,0x7c0000000000000000000000000000000000020,6,4,0x02b5f40ddbdc69b7bd7b9ab3df62bbad068444100e4af48ae41b8ec1576efe2d,49 109 169 229
22,1,22826440,1790409695,0x23834a83a168310b6b0dc000f22f9a4f8ae86106,13,1,2000,0x3f800000000000000000000000000003e,8,4,0xb2339b7203ed4edd2a80f69c6fe71c1a84b3943cfcf889cfaf739348d2614e95,40 100 160 220
14,2,22827100,1790410029,0x1b1829e31d3f85210ea84c2b62f59faa47687c7e,2,1,2000,0x7f000000,16,10,0x17c4e9d6f6d8d582d2863d5f3d3126d94039f1c082681cc8ac902678c5cea356,6 7 66 67 126 127 186 187 246 247
22,2,22827788,1790410378,0x23834a83a168310b6b0dc000f22f9a4f8ae86106,12,1,2000,0x1fc0000000000000000000000000019,5,4,0x6f27808b9ebfd93cf1d2d5bc8f78f1aadb8570ec185e7043bfb2ab4b5a2401f3,37 97 157 217
23,1,22827848,1790410409,0x0349cd3a83006bc4f057f553f221d69bd7a6c504,1,0,500,0xf8000,9,5,0x75d24ebcdf5e95a5dae6cb424a0865c25f593b2cc23b44e8c7e4115d71a8205a,4 64 124 184 244
14,3,22828115,1790410544,0x1b1829e31d3f85210ea84c2b62f59faa47687c7e,3,1,2000,0xfe0000001e,19,10,0xd973b88a997ad533c9f8c2f1f651b0eeaec6cff04613748e07a30661fc0043bd,9 10 69 70 129 130 189 190 249 250
23,2,22828285,1790410630,0x0349cd3a83006bc4f057f553f221d69bd7a6c504,1,1,2000,0x3f803c,19,10,0xf3ddfa1263243fefd2dc61afdde339d7f07b37e3ef669a8a47089d0f9abeb51c,3 4 63 64 123 124 183 184 243 244
20,1,22828304,1790410640,0xb528bf440e6c9dad0c15f7e5f4dc75655f7ae27b,1,0,500,0xf8000,9,5,0x75d24ebcdf5e95a5dae6cb424a0865c25f593b2cc23b44e8c7e4115d71a8205a,4 64 124 184 244
15,1,22828516,1790410748,0xe6e5a8b9c4a0cd805f06b565b6f2857923cc6b11,12,0,500,0x7c0000000000000000000000000003,5,4,0xcb53290f5b6269f2d6e0abb57d53598abb29cba4761a63234a72f8a272263a55,37 97 157 217
24,1,22828619,1790410800,0x2d631f41f6023db409f15e1ccc337e69f62a8a58,1,1,2000,0x3f8020,9,5,0x39ba80e1866ffc1d09de2e597461e3e9deef25f301dfaeff660571953e4a380e,4 64 124 184 244
17,1,22828796,1790410890,0x18749122cc2211c977736f418159c2f440243bd5,5,0,500,0xf800000000000d,6,4,0x0754142c75264138e3b4b6604028a0b9bf7946c4330b3635b083266e8e443020,16 76 136 196
19,1,22828989,1790410987,0x18749122cc2211c977736f418159c2f440243bd5,9,1,2000,0x3f8000000000000000000028,5,4,0x6381e63db0d9e16f4e18e3582718a31231485ae167bafe4b52c144c3121bab3f,28 88 148 208
21,1,22829034,1790411010,0x18749122cc2211c977736f418159c2f440243bd5,16,0,500,0x7c0000000000000000000000000000000000024,6,4,0x6d7845b72214bce3f8081e983e0b6c3a9d860156fb992a8cdcce59858346b47d,49 109 169 229
25,1,22829108,1790411048,0x23834a83a168310b6b0dc000f22f9a4f8ae86106,6,1,2000,0x7f00000000000003a,5,4,0xb6aa06fc81f8b345872e7647b680fb2d3936607a2d9e0e02d437fcf29b77e9c1,19 79 139 199
7,1,22829950,1790411475,0xb403f53ee827030a8963ce363477e4ea98b2f679,7,0,500,0x3e0000000000000000a,8,4,0x5c20e5fd7a6829dfb153d2fb989210ef2967de2fd20388753bbbf22ccd5238c6,22 82 142 202
10,1,22829994,1790411497,0xb403f53ee827030a8963ce363477e4ea98b2f679,11,0,500,0x3e0000000000000000000000003f,6,4,0xf55135510930815d961c49e51f30b6a9aaf07437b1ce06be212f174e6c3bbf2b,34 94 154 214
26,1,22830009,1790411505,0x0dd5ff179c68dd64fa712da08b550ec3a7d3bd73,18,2,4000,0xff000000000000000000000000000000000000000018,14,8,0x41981c3433782fc4e22eb2b8248f7ecab73c32e6d7826d1e3e93e5304dc056ae,55 56 115 116 175 176 235 236
12,1,22830031,1790411516,0xb403f53ee827030a8963ce363477e4ea98b2f679,19,2,4000,0x1fe0000000000000000000000000000000000000000002d,16,8,0x07ab8751a2052357f398acd2a3c0998c7b9968bd71e6c15b86b301ff95b84215,58 59 118 119 178 179 238 239
27,1,22830430,1790411718,0x81b4bf458a73ea46fadd46ee8236e5f94c4eb8e0,16,2,4000,0x3fc000000000000000000000000000000000001c,13,8,0x2963af27850a4b35336afd39dd9b1605d0c17b3b33d52a5ab76cce0ad8494023,49 50 109 110 169 170 229 230
29,1,22830489,1790411748,0x0818404d4e07ff38c42d15cff5d2f22fc907977e,19,1,2000,0xfe00000000000000000000000000000000000000000003,8,4,0xe5936971863e4f8d753637425b951521b27b3975e6b33c05d373260d658f7658,58 118 178 238
30,1,22830816,1790411914,0xb39e79d3540fc34f516af70574b94d4ef8f885d2,19,1,2000,0xfe00000000000000000000000000000000000000000003,8,4,0xe5936971863e4f8d753637425b951521b27b3975e6b33c05d373260d658f7658,58 118 178 238
33,1,22830968,1790411991,0xbd5764383846bbd5aabc92ab9c9c2f9bbfa15a55,19,2,4000,0x1fe0000000000000000000000000000000000000000002d,16,8,0x23ccf25e8d413d95fe147f287699c678c91fc76d2b85bfabc92751e110e92468,58 59 118 119 178 179 238 239
28,1,22831144,1790412080,0xa9a3dbee74753ccd9b40521d1f92f9cf2f49b9dd,19,0,500,0x3e0000000000000000000000000000000000000000001a,8,4,0xaf05ac1ce4056b5302d5e0b9afc20b41ca46adb782a1acc393af9c768bc310ea,58 118 178 238
31,1,22831145,1790412081,0xac79fd6008b971723d16974cdb23ad70ecc00bee,4,0,500,0x7c000000000b,8,5,0x335fd92f5f43c9bbf3f1d4c327d087a3f9f15b31e47e0c0363f88dcfcd63e6f2,13 73 133 193 253
34,1,22831324,1790412172,0xa9db421e7f6afa0d7158d51bdc4aa279eb788e0c,2,2,4000,0xff00001c,18,10,0x1b62d34ddf8ae06a458f3d4a060dfb2921355e591731d39fb9876bdfdc0ed6f9,7 8 67 68 127 128 187 188 247 248
27,2,22831735,1790412380,0x81b4bf458a73ea46fadd46ee8236e5f94c4eb8e0,19,0,500,0x3e00000000000000000000000000000000000000000015,8,4,0x734f28ac52a3b9fb68f19db0fcafc371eaea9d496667f321dd76068067daa7a5,58 118 178 238
35,1,22831900,1790412464,0x0e8fc50331bac5eb968b6106125c2643a98ba319,3,2,4000,0x1fe00000036,19,10,0x5fdca0b3181241cdb7ff11e93ed970d70a2535ac2df05fdd2f81f832d3718c85,10 11 70 71 130 131 190 191 250 251
36,1,22832073,1790412551,0xf410f5824a53bdeedb76f7d280bccad40538c523,6,1,2000,0x7f00000000000003a,5,4,0xb6aa06fc81f8b345872e7647b680fb2d3936607a2d9e0e02d437fcf29b77e9c1,19 79 139 199
38,1,22832221,1790412626,0x9fe1c07a4b2ee2842eee679ae719bb23ed341c18,19,1,2000,0xfe00000000000000000000000000000000000000000003,8,4,0xe5936971863e4f8d753637425b951521b27b3975e6b33c05d373260d658f7658,58 118 178 238
37,1,22832672,1790412855,0xa372af7cdc7e941d7282db43d98a5a52b3d4b67a,15,2,4000,0x1fe00000000000000000000000000000000000,11,8,0xe7f3fcc8b37edc77c066f24347bfe48e89075bce07904b139bb4ffb05be1c788,46 47 106 107 166 167 226 227
41,1,22832759,1790412899,0xe5aac01d46d2aeb58a8ee19c457e2d0d023274f3,19,2,4000,0x1fe0000000000000000000000000000000000000000002d,16,8,0x17289c481b11f33edf417e850a54036ad3643a164356e740bec5916edde83d75,58 59 118 119 178 179 238 239
41,2,22832777,1790412908,0xe5aac01d46d2aeb58a8ee19c457e2d0d023274f3,18,2,4000,0xff000000000000000000000000000000000000000034,19,12,0x8afb608d94f6732b0dafd300f9db59a7829b4a13df694da2ea40952abe988bb5,55 56 57 115 116 117 175 176 177 235 236 237
38,2,22833048,1790413046,0x9fe1c07a4b2ee2842eee679ae719bb23ed341c18,10,2,4000,0xff000000000000000000000019,13,8,0x87bf2f6ec82e247375f9544d55bb404073dc33c32b143d2f6f02c42ab82ab516,31 32 91 92 151 152 211 212
39,1,22833121,1790413083,0x67c4b71569377c6624daf1d1f3460f1f13640085,1,2,4000,0x7f803c,19,10,0xc91e4b8cf6b806ddd75a7c0caf8a61c49013bb12b08de7e5fa33402897cb760d,4 5 64 65 124 125 184 185 244 245
43,1,22833516,1790413283,0x2f694c711225e97dc71e2a98c0a186ae3e1ad167,11,2,4000,0x1fe0000000000000000000000003b,12,8,0x75b8819dd96fbfeb4926c171e490c5dbeb5b772f415a71fceb17f97b5537cd59,34 35 94 95 154 155 214 215
40,1,22833695,1790413374,0xca6f14b85541f79aff1e985e6d6373aa142ef93a,10,2,4000,0xff000000000000000000000036,13,8,0xa2efcd4cda86b019500703f9f3f1e25e0ca798da14c695a3d6c6e09cff9fffec,31 32 91 92 151 152 211 212
43,2,22833794,1790413424,0x2f694c711225e97dc71e2a98c0a186ae3e1ad167,9,0,500,0xf8000000000000000000011,5,4,0x7faa13b19ebf842de5552667f18a0dc51bb74db2827ff0fcb1c699e11a39120a,28 88 148 208
40,2,22834533,1790413799,0xca6f14b85541f79aff1e985e6d6373aa142ef93a,14,1,2000,0x7f00000000000000000000000000000003d,7,4,0xd3ed19bf9c7710c998ca8e93eac4e35ae2905fc6e045e0d9bdf25d171d36fded,43 103 163 223
42,1,22834665,1790413866,0x1b25bd7ce0fb701d9aac3fd43fa221ac63e3fb3e,1,1,2000,0x3f8020,9,5,0xe8ae0c6d944789b18782e39091c5817492b8636b397fa1068cc1fb1e23841ccc,4 64 124 184 244
47,1,22834870,1790413970,0x9fe1c07a4b2ee2842eee679ae719bb23ed341c18,8,1,2000,0x1fc000000000000000000b,8,4,0xebebce280c885fb3fdda62f3a37e4720f75660051c601673ab52dc45608d70ac,25 85 145 205
45,1,22835005,1790414038,0x5f30161457bc022e0280588a34de9aac6781a2c9,1,2,4000,0x7f803c,19,10,0xc91e4b8cf6b806ddd75a7c0caf8a61c49013bb12b08de7e5fa33402897cb760d,4 5 64 65 124 125 184 185 244 245
24,2,22835365,1790414221,0x2d631f41f6023db409f15e1ccc337e69f62a8a58,19,1,2000,0xfe00000000000000000000000000000000000000000033,8,4,0xeeb07a27795157aa9a4a66f0b3fb92e14a8c614b0b72d55cdee05a8e72cebebc,58 118 178 238
48,1,22835371,1790414224,0xfa6b24f09f51c49ab35ce49a40058b14eaad3869,1,2,4000,0x7f803c,19,10,0xb7485ce3849b4aa08b136bf81828155d47e5e5e3d15ce5396a8eae6cc30987e9,4 5 64 65 124 125 184 185 244 245
48,2,22835391,1790414234,0xfa6b24f09f51c49ab35ce49a40058b14eaad3869,9,2,4000,0x7f800000000000000000003f,10,8,0x5b9d966c6f9ae29956f303e85fcd12d8283b22ee72843eae85c7a33601f6b58b,28 29 88 89 148 149 208 209
48,3,22835407,1790414242,0xfa6b24f09f51c49ab35ce49a40058b14eaad3869,12,2,4000,0x3fc0000000000000000000000000026,9,8,0xc5cf009bc0ef6889ad31eecd85de4fca04c7623cf58e53f3ca766f2b52f85ed2,37 38 97 98 157 158 217 218
48,4,22835420,1790414249,0xfa6b24f09f51c49ab35ce49a40058b14eaad3869,16,2,4000,0x3fc0000000000000000000000000000000000017,13,8,0x942b075d041685b8e2042b6297595cc72c20b9d3f71d91b54ebbc7a8532aaee9,49 50 109 110 169 170 229 230
48,5,22835434,1790414256,0xfa6b24f09f51c49ab35ce49a40058b14eaad3869,19,2,4000,0x1fe00000000000000000000000000000000000000000008,16,8,0xf56c574f845e9ec9fa3aeb89231ab72338eec4fdab931f25d96603537ce36cee,58 59 118 119 178 179 238 239
54,1,22835478,1790414278,0xbd5764383846bbd5aabc92ab9c9c2f9bbfa15a55,18,2,4000,0xff000000000000000000000000000000000000000018,14,8,0xb89be67ecae7afd869ad48c77c60b451a0bd1ebde79ff7604c8b771209cdff0a,55 56 115 116 175 176 235 236
53,1,22835549,1790414314,0xe0be2740456040536765022e7db612418e3de99e,1,2,4000,0x7f803c,19,10,0xa8b0c6964e9cf3767b5ee85d2bab07262d6273e9c0b4c5b1fd80d15c7c7e58b3,4 5 64 65 124 125 184 185 244 245
55,1,22835610,1790414345,0x2d631f41f6023db409f15e1ccc337e69f62a8a58,1,2,4000,0x7f803c,19,10,0xdd411391b3914b75ecf72e7021220a0260a65ed9e2e77df3c42da4eea583ce37,4 5 64 65 124 125 184 185 244 245
56,1,22835642,1790414361,0xbd5764383846bbd5aabc92ab9c9c2f9bbfa15a55,11,2,4000,0x1fe0000000000000000000000003b,12,8,0x75b8819dd96fbfeb4926c171e490c5dbeb5b772f415a71fceb17f97b5537cd59,34 35 94 95 154 155 214 215
44,1,22835680,1790414381,0xf04ecec3cac1ad5e55e03cb5842b07be2c2249c9,19,1,2000,0xfe00000000000000000000000000000000000000000003,8,4,0xe5936971863e4f8d753637425b951521b27b3975e6b33c05d373260d658f7658,58 118 178 238
44,2,22835772,1790414427,0xf04ecec3cac1ad5e55e03cb5842b07be2c2249c9,1,2,4000,0x7f8022,19,10,0x1b6cb127f7f365455e4c2db0f4edd3fcff9295472449f03705def9d8584ef4a2,4 5 64 65 124 125 184 185 244 245
50,1,22835846,1790414465,0xc01dde207a84c71149cde8b3657c5535c208aa20,10,2,4000,0xff000000000000000000000036,13,8,0xa2efcd4cda86b019500703f9f3f1e25e0ca798da14c695a3d6c6e09cff9fffec,31 32 91 92 151 152 211 212
42,2,22835859,1790414471,0x1b25bd7ce0fb701d9aac3fd43fa221ac63e3fb3e,6,0,500,0x1f00000000000000d,5,4,0x532bbd237d38b75bff215b3e64b1e861a38d81c74f56665e12e75aae0ce0a6c6,19 79 139 199
51,1,22835882,1790414483,0xc01dde207a84c71149cde8b3657c5535c208aa20,1,2,4000,0x7f803c,19,10,0xedaabd5f3125521d8146f3274a3bea648c377c1c7c86118286e743b2e4d4e723,4 5 64 65 124 125 184 185 244 245
42,3,22835901,1790414493,0x1b25bd7ce0fb701d9aac3fd43fa221ac63e3fb3e,16,0,500,0x7c0000000000000000000000000000000000020,6,4,0xde47e718b0947bfe2f566e185a08dcbc1fd349f8057a567540c45c794b56fd55,49 109 169 229
59,1,22835932,1790414508,0xf04ecec3cac1ad5e55e03cb5842b07be2c2249c9,1,1,2000,0x3f8020,9,5,0x39ba80e1866ffc1d09de2e597461e3e9deef25f301dfaeff660571953e4a380e,4 64 124 184 244
43,3,22835933,1790414509,0x2f694c711225e97dc71e2a98c0a186ae3e1ad167,9,1,2000,0x3f8000000000000000000000,12,8,0xe2033b5e8fb26f5e5d328d02d9827a8ec70227fdb7d6a46755f2fa9e5df82722,27 28 87 88 147 148 207 208
24,3,22836046,1790414566,0x2d631f41f6023db409f15e1ccc337e69f62a8a58,16,1,2000,0x1fc000000000000000000000000000000000002c,6,4,0x7720362a42dd1e4e712d46c40ef4bd01120c2ad3533cda84011a80a14a409336,49 109 169 229
55,2,22836074,1790414580,0x2d631f41f6023db409f15e1ccc337e69f62a8a58,16,1,2000,0x1fc0000000000000000000000000000000000034,6,4,0x9166dbeecd5417fabc91ad933144ddfcd5a3a92c4d1e7e81a930c09ac1409248,49 109 169 229
50,2,22836116,1790414602,0xc01dde207a84c71149cde8b3657c5535c208aa20,19,2,4000,0x1fe00000000000000000000000000000000000000000036,16,8,0xd4f4070e4aa13ef03f487ec30e3f88f4da50386073be0a7aef2c90dc993c6d04,58 59 118 119 178 179 238 239
60,1,22836123,1790414605,0xe0be2740456040536765022e7db612418e3de99e,12,2,4000,0x3fc0000000000000000000000000001,9,8,0x34d473336feaadf64b5ee6d13f3183696483efcf8e067f1cc668c7d64290c00b,37 38 97 98 157 158 217 218
61,1,22836257,1790414673,0xe0be2740456040536765022e7db612418e3de99e,10,2,4000,0xff000000000000000000000036,13,8,0xc45135723128ca4276b27edd6a93fc3287f7a7178bbf14d90f500c9b1df30a3f,31 32 91 92 151 152 211 212
59,2,22836318,1790414704,0xf04ecec3cac1ad5e55e03cb5842b07be2c2249c9,16,1,2000,0x1fc0000000000000000000000000000000000034,6,4,0x6da3dff31d24a4c9779d1b435a3a9540d657d3371977e3a4ae41e809681e7f83,49 109 169 229
62,1,22836423,1790414757,0xd6ed92a915f940db5d288b1724a4e45b20c4f027,19,2,4000,0x1fe0000000000000000000000000000000000000000002d,16,8,0xf5fe182ce8bd3408f7f6b177de56489847566fbc409bd8df34ed5e0fbf27606a,58 59 118 119 178 179 238 239
64,1,22836614,1790414854,0x7a293aa02ef51e4e25394ffeeb5989ad4674cdd5,3,0,500,0x3e00000006,10,5,0xb2ca0105049acab04d5e6bbb08931332178fb42d5c0a9cd1be9dbb218ccd1864,10 70 130 190 250
63,1,22836633,1790414864,0x62ff01f014f0da446e02a62392538f36a83a2659,19,2,4000,0x1fe0000000000000000000000000000000000000000002d,16,8,0x07ab8751a2052357f398acd2a3c0998c7b9968bd71e6c15b86b301ff95b84215,58 59 118 119 178 179 238 239
53,2,22836638,1790414866,0xe0be2740456040536765022e7db612418e3de99e,9,1,2000,0x3f800000000000000000001a,5,4,0x19c2779acb9906f7c5eb9149135a4dd6aef0caba0270151638973cadd1e224c0,28 88 148 208
59,3,22836718,1790414907,0xf04ecec3cac1ad5e55e03cb5842b07be2c2249c9,10,1,2000,0x7f00000000000000000000000f,5,4,0x4c96c5497ab1b223339988dddbb7dc0272848ac6ab7c47e05c349227523e7c39,31 91 151 211
66,1,22836726,1790414911,0x7a293aa02ef51e4e25394ffeeb5989ad4674cdd5,14,0,500,0x1f000000000000000000000000000000015,7,4,0xc50b3301204674e11d5dd47dbeebf3027cb9fc84fbbc64ab5952584438f582c5,43 103 163 223
67,1,22836850,1790414974,0x7a293aa02ef51e4e25394ffeeb5989ad4674cdd5,19,0,500,0x3e0000000000000000000000000000000000000000001a,8,4,0xaf05ac1ce4056b5302d5e0b9afc20b41ca46adb782a1acc393af9c768bc310ea,58 118 178 238
68,1,22836866,1790414982,0x62ff01f014f0da446e02a62392538f36a83a2659,10,2,4000,0xff000000000000000000000036,13,8,0xa2efcd4cda86b019500703f9f3f1e25e0ca798da14c695a3d6c6e09cff9fffec,31 32 91 92 151 152 211 212
69,1,22836880,1790414989,0xf04ecec3cac1ad5e55e03cb5842b07be2c2249c9,16,2,4000,0x3fc000000000000000000000000000000000001c,13,8,0xe5b1efbc45f01621b75739a47f55f1da34f0bbd462386f8d4d14e4608049636a,49 50 109 110 169 170 229 230
65,1,22836947,1790415023,0x94de35a17ab7c0f3ca734046306743dfce6bfa2b,1,1,2000,0x3f8020,9,5,0x572e5802c7f33dae7c3037442c029e5d1afd496b9750a22d1625ff01bc2be5b1,4 64 124 184 244
44,3,22836970,1790415035,0xf04ecec3cac1ad5e55e03cb5842b07be2c2249c9,8,2,4000,0x3fc0000000000000000033,14,8,0x247668083bfb2ceb04e7cbd1c500d31f0513a7ed1f71b915f06863a89e819740,25 26 85 86 145 146 205 206
61,2,22836995,1790415048,0xe0be2740456040536765022e7db612418e3de99e,16,2,4000,0x3fc000000000000000000000000000000000000f,13,8,0xca8dfb1a9d916d2ef183f493aab5b445ad5d655302b24d268ed1b7341134eb91,49 50 109 110 169 170 229 230
61,3,22837110,1790415106,0xe0be2740456040536765022e7db612418e3de99e,8,1,2000,0x1fc0000000000000000017,8,4,0xceb22e1472196e0f3bd20eb00243b09aedb2cf4918e153f215511f3cdab72af8,25 85 145 205
70,1,22837138,1790415120,0x62ff01f014f0da446e02a62392538f36a83a2659,15,2,4000,0x1fe00000000000000000000000000000000000,11,8,0xe7f3fcc8b37edc77c066f24347bfe48e89075bce07904b139bb4ffb05be1c788,46 47 106 107 166 167 226 227
60,2,22837192,1790415147,0xe0be2740456040536765022e7db612418e3de99e,2,0,500,0x1f00002c,8,5,0x88400a0fe73912c59c0ac628e89e1a52c607c33f8043813ed7fe065b0d2dce98,7 67 127 187 247
69,2,22837207,1790415155,0xf04ecec3cac1ad5e55e03cb5842b07be2c2249c9,19,2,4000,0x1fe00000000000000000000000000000000000000000036,16,8,0xbef45744ed0a77f9c8481a7481c75da0fa8bc531cb07c664735092bfdfc07922,58 59 118 119 178 179 238 239
61,4,22837240,1790415172,0xe0be2740456040536765022e7db612418e3de99e,14,1,2000,0x7f000000000000000000000000000000000,7,4,0xf3fc974eb7c43ea330dc39405e4c72e599fcdd7ebec5db5574798c2c69eec6ce,43 103 163 223
69,3,22837294,1790415199,0xf04ecec3cac1ad5e55e03cb5842b07be2c2249c9,9,1,2000,0x3f8000000000000000000000,5,4,0x9a36ada2fea8822ef5353ceae2c6f266c3f345bf9ee66c67172e779451d115b1,28 88 148 208
71,1,22837314,1790415209,0xd13699e25eb3550ec997be63686ca837e4d956ba,8,2,4000,0x3fc0000000000000000033,14,8,0x0efa612ead503b3f1c4aff83462e52356ccefb2923c117876aef1174d2e4f5a9,25 26 85 86 145 146 205 206
72,1,22837385,1790415245,0xd13699e25eb3550ec997be63686ca837e4d956ba,15,2,4000,0x1fe00000000000000000000000000000000000,11,8,0x01b6e023b44a690237668f74aa1f7818e96be32870b95868370721505819ddf2,46 47 106 107 166 167 226 227
73,1,22837461,1790415284,0xd13699e25eb3550ec997be63686ca837e4d956ba,11,2,4000,0x1fe0000000000000000000000003b,12,8,0x75b8819dd96fbfeb4926c171e490c5dbeb5b772f415a71fceb17f97b5537cd59,34 35 94 95 154 155 214 215
74,1,22837739,1790415425,0x74107b9b65801d477d5a7980905beecd72b57a29,16,2,4000,0x3fc000000000000000000000000000000000001c,13,8,0xe5b1efbc45f01621b75739a47f55f1da34f0bbd462386f8d4d14e4608049636a,49 50 109 110 169 170 229 230
42,4,22837916,1790415515,0x1b25bd7ce0fb701d9aac3fd43fa221ac63e3fb3e,1,0,500,0xf8037,19,10,0x5f1119f5e47dd15ec1c79c6925de4e7457d4abf56e412902c24ac94c2477853c,3 4 63 64 123 124 183 184 243 244
44,4,22838126,1790415621,0xf04ecec3cac1ad5e55e03cb5842b07be2c2249c9,6,2,4000,0xff000000000000005,11,8,0x0505d3358e0cf682ad0d1c50e6e55e8e00e0680d0b09f578547408f83557f275,19 20 79 80 139 140 199 200
69,4,22838195,1790415656,0xf04ecec3cac1ad5e55e03cb5842b07be2c2249c9,15,2,4000,0x1fe00000000000000000000000000000000037,19,12,0xc6e22381936016ddc73010293fdcf29683180a3535edaca16270ee3bebbddd13,46 47 48 106 107 108 166 167 168 226 227 228
78,1,22838267,1790415693,0xd6ed92a915f940db5d288b1724a4e45b20c4f027,11,2,4000,0x1fe0000000000000000000000003b,12,8,0x75b8819dd96fbfeb4926c171e490c5dbeb5b772f415a71fceb17f97b5537cd59,34 35 94 95 154 155 214 215
29,2,22838322,1790415721,0x0818404d4e07ff38c42d15cff5d2f22fc907977e,8,1,2000,0x1fc0000000000000000024,8,4,0x210468643c0ab81803ed9adcb871cd56563645f3701f726baf12338fa46e512c,25 85 145 205
80,1,22838669,1790415897,0x0420e243d8ab4a22dadded1ead8cdcca14074d7c,19,0,500,0x3e0000000000000000000000000000000000000000001a,8,4,0xaf05ac1ce4056b5302d5e0b9afc20b41ca46adb782a1acc393af9c768bc310ea,58 118 178 238
81,1,22838780,1790415953,0xd6ed92a915f940db5d288b1724a4e45b20c4f027,8,2,4000,0x3fc0000000000000000033,14,8,0xb9880e90e650a94455c2ce12c4950d22ca9746d2e04ab1b91ed8d15f3edf5a60,25 26 85 86 145 146 205 206
80,2,22838805,1790415965,0x0420e243d8ab4a22dadded1ead8cdcca14074d7c,17,1,2000,0x3f8000000000000000000000000000000000000033,7,4,0x06b19423dea6d65fb9cc6e5a71552104ac66f6b510df5b18e8fe043ab9edcf5f,52 112 172 232
83,1,22839048,1790416089,0x0420e243d8ab4a22dadded1ead8cdcca14074d7c,16,2,4000,0x3fc000000000000000000000000000000000001c,13,8,0xf27d81669be42c3464fb47e9c2ebb0776699f752d5711a57cccd8c5db2f092ae,49 50 109 110 169 170 229 230
83,2,22839106,1790416118,0x0420e243d8ab4a22dadded1ead8cdcca14074d7c,6,2,4000,0xff00000000000001b,11,8,0xc816b2a7b4dfd5398539641b764d222ed8eb2ba95ce0cfe28b72897fadcbbb8f,19 20 79 80 139 140 199 200
85,1,22839109,1790416120,0xc9d6c183b4acafbdaf8c398adee039f17c86321d,18,2,4000,0xff000000000000000000000000000000000000000018,14,8,0x41981c3433782fc4e22eb2b8248f7ecab73c32e6d7826d1e3e93e5304dc056ae,55 56 115 116 175 176 235 236
87,1,22839173,1790416152,0xc9d6c183b4acafbdaf8c398adee039f17c86321d,8,2,4000,0x3fc0000000000000000033,14,8,0xf09b0e193440ae3f69646f39537cdaa0b40c3daddf3eda752d99450038c4e217,25 26 85 86 145 146 205 206
86,1,22839181,1790416156,0x0dd5ff179c68dd64fa712da08b550ec3a7d3bd73,8,2,4000,0x3fc0000000000000000033,14,8,0x0efa612ead503b3f1c4aff83462e52356ccefb2923c117876aef1174d2e4f5a9,25 26 85 86 145 146 205 206
89,1,22839231,1790416181,0xc9d6c183b4acafbdaf8c398adee039f17c86321d,11,2,4000,0x1fe0000000000000000000000003b,12,8,0x75b8819dd96fbfeb4926c171e490c5dbeb5b772f415a71fceb17f97b5537cd59,34 35 94 95 154 155 214 215
90,1,22839319,1790416226,0x0dd5ff179c68dd64fa712da08b550ec3a7d3bd73,15,2,4000,0x1fe00000000000000000000000000000000000,11,8,0x9af10469ab5a59ed9780633d66c189f9be1df78c38f374f4ef5745fb964dd279,46 47 106 107 166 167 226 227
69,5,22839407,1790416271,0xf04ecec3cac1ad5e55e03cb5842b07be2c2249c9,8,1,2000,0x1fc0000000000000000002,8,4,0x7f97fb96934fef4b57cbb5efd47328ca6886b9548992c173c05cbb0ecdca881e,25 85 145 205
91,1,22839567,1790416352,0xafd6e6a4c331a0112ed9fbc306fba05b44d87020,14,2,4000,0xff000000000000000000000000000000032,14,8,0x7829de223ed847ca16436821eea9837ba70c0da6dca5e615e2a3ec8ca3104834,43 44 103 104 163 164 223 224
63,2,22839601,1790416369,0x62ff01f014f0da446e02a62392538f36a83a2659,10,2,4000,0xff000000000000000000000019,13,8,0x3aa0fc909ef0f314a9ab1fdb1df1598dedf96d666de0a8042f99e14b735a38e9,31 32 91 92 151 152 211 212
84,1,22839642,1790416390,0x45828555f1ccd93c76f7e1b19822e7294946415a,8,0,500,0x7c000000000000000001f,8,4,0x539ed63b218cf0954ab59a8770876db3249320a02420d4899201e2c990905abc,25 85 145 205
93,1,22839673,1790416406,0xafd6e6a4c331a0112ed9fbc306fba05b44d87020,2,2,4000,0xff00001c,18,10,0x1b62d34ddf8ae06a458f3d4a060dfb2921355e591731d39fb9876bdfdc0ed6f9,7 8 67 68 127 128 187 188 247 248
84,2,22839737,1790416438,0x45828555f1ccd93c76f7e1b19822e7294946415a,9,0,500,0xf8000000000000000000011,5,4,0x11e8c0653639dba5bf89c94cc83b2d72bffe8e2bf5ee44b0268088bd4562aba5,28 88 148 208
94,1,22839740,1790416440,0x8746cbcd1d09ea15b3625692f11fbb0e17b52029,18,2,4000,0xff000000000000000000000000000000000000000018,14,8,0x83332b258d2cb7c534002fb2fed8c31468e5f7879be7bfbb24954749de71be8d,55 56 115 116 175 176 235 236
93,2,22839784,1790416462,0xafd6e6a4c331a0112ed9fbc306fba05b44d87020,14,2,4000,0xff000000000000000000000000000000021,14,8,0xa1c0c9683363b61d50b526f73fb117ad8a06f43525341ec0531df66934524a62,43 44 103 104 163 164 223 224
84,3,22839853,1790416497,0x45828555f1ccd93c76f7e1b19822e7294946415a,19,0,500,0x3e0000000000000000000000000000000000000000000a,8,4,0x93a1531642f91d3d25e85143ddc834186b680f02bbd6e02c2c70b5c315cd385e,58 118 178 238
95,1,22839854,1790416497,0x8746cbcd1d09ea15b3625692f11fbb0e17b52029,8,2,4000,0x3fc0000000000000000033,14,8,0x0efa612ead503b3f1c4aff83462e52356ccefb2923c117876aef1174d2e4f5a9,25 26 85 86 145 146 205 206
74,2,22839875,1790416508,0x74107b9b65801d477d5a7980905beecd72b57a29,16,2,4000,0x3fc000000000000000000000000000000000000f,21,12,0x20fe994d6d756316ea01aa291fa9d39a92446c3b195296212c9596a56186ebe1,48 49 50 108 109 110 168 169 170 228 229 230
93,3,22839914,1790416528,0xafd6e6a4c331a0112ed9fbc306fba05b44d87020,13,1,2000,0x3f800000000000000000000000000002a,8,4,0x64a864076a6f9284e43bdd004cfb7da08bd426e8bf26a977f7d17c09f1cdfcd9,40 100 160 220
96,1,22839983,1790416563,0xafd6e6a4c331a0112ed9fbc306fba05b44d87020,1,1,2000,0x3f8020,9,5,0x39ba80e1866ffc1d09de2e597461e3e9deef25f301dfaeff660571953e4a380e,4 64 124 184 244
69,6,22840132,1790416638,0xf04ecec3cac1ad5e55e03cb5842b07be2c2249c9,13,2,4000,0x7f8000000000000000000000000000009,14,8,0x1ae88b0019a001301e5b9a6dd31f86b3f052ffa2eb6b6ccda0f81dbb3010969b,40 41 100 101 160 161 220 221
99,1,22840149,1790416647,0xcbc381d3f2139da5159cd9863d7e1d0111ccdd19,10,1,2000,0x7f00000000000000000000000e,5,4,0x7a96b67774d4ed8d624e0fba9b5f4bbe60983e50f1ad28f3ad3485ff4a29607f,31 91 151 211
100,1,22840226,1790416686,0xcbc381d3f2139da5159cd9863d7e1d0111ccdd19,2,1,2000,0x7f000033,8,5,0x110fcbdb301b9377d62967d6d93f205b32da00c76a635eab7e4c75ad1805605b,7 67 127 187 247
59,4,22840261,1790416704,0xf04ecec3cac1ad5e55e03cb5842b07be2c2249c9,19,2,4000,0x1fe0000000000000000000000000000000000000000003a,16,8,0x15e322c1208d3dce28e7914acff691507219c8cfc7ee0f53c710645bc335437f,58 59 118 119 178 179 238 239
100,2,22840311,1790416729,0xcbc381d3f2139da5159cd9863d7e1d0111ccdd19,2,1,2000,0x7f000000,26,15,0xd67ffd4c8ee6586986703a319c4b392a6931746e54194f9bb5689239d9934df0,6 7 8 66 67 68 126 127 128 186 187 188 246 247 248
101,1,22840366,1790416757,0xcbc381d3f2139da5159cd9863d7e1d0111ccdd19,6,1,2000,0x7f00000000000003a,5,4,0xb6aa06fc81f8b345872e7647b680fb2d3936607a2d9e0e02d437fcf29b77e9c1,19 79 139 199
20,2,22840541,1790416846,0xb528bf440e6c9dad0c15f7e5f4dc75655f7ae27b,19,0,500,0x3e00000000000000000000000000000000000000000015,8,4,0x05e0c215edd781808dbebeb8645102a4837d1c7aa2559f898158e815444abf65,58 118 178 238
42,5,22840670,1790416911,0x1b25bd7ce0fb701d9aac3fd43fa221ac63e3fb3e,19,0,500,0x3e0000000000000000000000000000000000000000002e,8,4,0xf5155cf2effe8da17e1d84b1eaeb23f8d186f109903cf2c3ee8fbf575487918f,58 118 178 238
20,3,22840748,1790416951,0xb528bf440e6c9dad0c15f7e5f4dc75655f7ae27b,9,0,500,0xf8000000000000000000036,5,4,0x15a9f95bac68b0ac21d299668ea282d39c45e4a060e4ddaf489fb15acd8db8ec,28 88 148 208
102,1,22840751,1790416952,0x42a08b2a271f7305d0f6ef5e6c37f7ebb3d05c39,2,1,2000,0x7f000033,8,5,0x110fcbdb301b9377d62967d6d93f205b32da00c76a635eab7e4c75ad1805605b,7 67 127 187 247
103,1,22840839,1790416997,0x42a08b2a271f7305d0f6ef5e6c37f7ebb3d05c39,7,1,2000,0xfe00000000000000030,8,4,0x642f312bebc7fce64252bdee4d14a8a1483fae178df6ed977152de60caf1b1c5,22 82 142 202
104,1,22840859,1790417007,0x0420e243d8ab4a22dadded1ead8cdcca14074d7c,13,2,4000,0x7f8000000000000000000000000000006,14,8,0x48f71dfe3e103c9be34117e4a7d086c2ec431d6adb7205133c4e7637cc4e0708,40 41 100 101 160 161 220 221
105,1,22840898,1790417027,0x42a08b2a271f7305d0f6ef5e6c37f7ebb3d05c39,9,1,2000,0x3f8000000000000000000028,5,4,0x819811b7abd6ac623313f2ce18f8eba5acdbe5162e1d54ae071f5f9860a9e39b,28 88 148 208
106,1,22841169,1790417164,0x661d1d56530e9a07bb5d6058f32d431fecc9a7fa,6,1,2000,0x7f00000000000003a,5,4,0xb6aa06fc81f8b345872e7647b680fb2d3936607a2d9e0e02d437fcf29b77e9c1,19 79 139 199
107,1,22841221,1790417191,0x661d1d56530e9a07bb5d6058f32d431fecc9a7fa,17,1,2000,0x3f800000000000000000000000000000000000000d,7,4,0x3e540c36529b49c8f33956e57fbd584efc241fc8d660ee2bcc52abb7ac15e27f,52 112 172 232
22,3,22841277,1790417219,0x23834a83a168310b6b0dc000f22f9a4f8ae86106,1,2,4000,0x7f8039,19,10,0xe5e19a782895fc87160e0189b3bc00a0d8afca4466a53a2828f50cef24a32d36,4 5 64 65 124 125 184 185 244 245
108,1,22841298,1790417230,0x661d1d56530e9a07bb5d6058f32d431fecc9a7fa,1,1,2000,0x3f8020,9,5,0x39ba80e1866ffc1d09de2e597461e3e9deef25f301dfaeff660571953e4a380e,4 64 124 184 244
25,2,22841312,1790417237,0x23834a83a168310b6b0dc000f22f9a4f8ae86106,1,2,4000,0x7f8022,19,10,0x91afe4a7e99b5fde60bcfa1e41ebd0468cacb2e16cac177580f915013a5031eb,4 5 64 65 124 125 184 185 244 245
109,1,22841425,1790417294,0xb7c3e773bf48d10039faf6be963ab96853819742,17,1,2000,0x3f800000000000000000000000000000000000000d,7,4,0x3e540c36529b49c8f33956e57fbd584efc241fc8d660ee2bcc52abb7ac15e27f,52 112 172 232
61,5,22841464,1790417314,0xe0be2740456040536765022e7db612418e3de99e,2,1,2000,0x7f00003a,8,5,0x7884467dd648cf4eeed294f95bc81ce80c729b97ee13fcc2f4a3e3dc0d9587eb,7 67 127 187 247
110,1,22841472,1790417318,0xb7c3e773bf48d10039faf6be963ab96853819742,18,1,2000,0x7f00000000000000000000000000000000000000000f,7,4,0xe3687dd28d25b8a5f0723941c69957776f4b28dd599dce81b5ff8803e8d93b98,55 115 175 235
111,1,22841543,1790417354,0xb7c3e773bf48d10039faf6be963ab96853819742,4,1,2000,0x1fc0000000005,8,5,0xbbc026f50244554c0c3ace741513aa3319c361a656c49e22cdb91fd6921c44af,13 73 133 193 253
111,2,22841615,1790417390,0xb7c3e773bf48d10039faf6be963ab96853819742,17,1,2000,0x3f8000000000000000000000000000000000000033,7,4,0xeca308c2a2e20abc8b4ab272cdd39532b8c5081a484b0f35019d2e941e37f65d,52 112 172 232
22,4,22841765,1790417466,0x23834a83a168310b6b0dc000f22f9a4f8ae86106,2,0,500,0x1f000032,16,10,0x27095d4b78765bd874efd83bfec10eae0dd194035450da985ff7fba3556ca883,6 7 66 67 126 127 186 187 246 247
22,5,22841787,1790417478,0x23834a83a168310b6b0dc000f22f9a4f8ae86106,3,0,500,0x3e00000000,10,5,0x30fe1d09ca32000c778c370b72a40b970aa0ea083bc359af5302c273b28fd4a8,10 70 130 190 250
22,6,22841809,1790417489,0x23834a83a168310b6b0dc000f22f9a4f8ae86106,4,0,500,0x7c0000000030,18,10,0x5072f156e41f06393fe93e71db54783ecb3fdfa64a5b8bec21a0f2b0ef0b7d63,0 13 60 73 120 133 180 193 240 253
25,3,22841830,1790417499,0x23834a83a168310b6b0dc000f22f9a4f8ae86106,2,0,500,0x1f000028,16,10,0x6ed8095c7fcc1301e37499c13b4dd3289061951d5228033a56feb0e17f5998e1,6 7 66 67 126 127 186 187 246 247
25,4,22841862,1790417516,0x23834a83a168310b6b0dc000f22f9a4f8ae86106,3,0,500,0x3e00000002,10,5,0xfe8c1298d3da9249a211fb0e2b41692e29e3dec8f4c40532edb9c6f73cdac67e,10 70 130 190 250
25,5,22841884,1790417527,0x23834a83a168310b6b0dc000f22f9a4f8ae86106,4,0,500,0x7c0000000035,8,5,0x391ef61256286538f8f34844c359927035590ebf245526001a48fc9b6d2fb88a,13 73 133 193 253
112,1,22841989,1790417580,0xd9a63b1c97f1b186ea7e6fe60a985694e6bd5a74,3,1,2000,0xfe00000027,10,5,0x494fdc0201ad6e241d2a37f40274edfe8fc8091e7b2f626ae68e55725acaaa69,10 70 130 190 250
113,1,22842039,1790417605,0xd9a63b1c97f1b186ea7e6fe60a985694e6bd5a74,10,1,2000,0x7f00000000000000000000000e,5,4,0x7a96b67774d4ed8d624e0fba9b5f4bbe60983e50f1ad28f3ad3485ff4a29607f,31 91 151 211
20,4,22842059,1790417616,0xb528bf440e6c9dad0c15f7e5f4dc75655f7ae27b,18,0,500,0x1f000000000000000000000000000000000000000010,7,4,0x76219f53f5318dd9eaf66e749e0f5b2c8f57892bc2f128fadf43623205bb9cdd,55 115 175 235
114,1,22842112,1790417642,0xd9a63b1c97f1b186ea7e6fe60a985694e6bd5a74,18,1,2000,0x7f00000000000000000000000000000000000000000f,7,4,0xe3687dd28d25b8a5f0723941c69957776f4b28dd599dce81b5ff8803e8d93b98,55 115 175 235
63,3,22842338,1790417757,0x62ff01f014f0da446e02a62392538f36a83a2659,4,2,4000,0x3fc000000002a,16,10,0x1cb305a7370595f1c28d4de1fb7273acc364e6e3236af6a4893f55cfbcecb030,13 14 73 74 133 134 193 194 253 254
80,3,22842468,1790417823,0x0420e243d8ab4a22dadded1ead8cdcca14074d7c,16,1,2000,0x1fc000000000000000000000000000000000002c,6,4,0xd612aa8311d9fe24187a9a702dd6a098755c593feb6a6cbed0d498458e137b11,49 109 169 229
82,1,22843059,1790418123,0x0818404d4e07ff38c42d15cff5d2f22fc907977e,1,1,2000,0x3f8020,9,5,0x39ba80e1866ffc1d09de2e597461e3e9deef25f301dfaeff660571953e4a380e,4 64 124 184 244
104,2,22843080,1790418133,0x0420e243d8ab4a22dadded1ead8cdcca14074d7c,15,2,4000,0x1fe00000000000000000000000000000000031,11,8,0x30bd8b500921612ac9b8a250c8fcbde2113a8d3eaa4904aa417c9839b4d944e8,46 47 106 107 166 167 226 227
97,1,22843107,1790418147,0x0818404d4e07ff38c42d15cff5d2f22fc907977e,9,2,4000,0x7f8000000000000000000007,10,8,0x1959f78985d16863dd9b094592e53482f3087b9ec3af2ee23c3be1e50d2020c7,28 29 88 89 148 149 208 209
3,2,22843230,1790418209,0x734617dec820db2cfb6dc750efa08ef30dc9236f,15,2,4000,0x1fe00000000000000000000000000000000031,11,8,0x1ebdc3934b261b4404c956fcea175e3f9cbd48ada6967f30ba5e9e2b7638a07b,46 47 106 107 166 167 226 227
95,2,22843254,1790418221,0x8746cbcd1d09ea15b3625692f11fbb0e17b52029,13,1,2000,0x3f8000000000000000000000000000016,8,4,0xb83c821aec6af2bb0ea5fdbd881619317f9fbbedca21ddc434c6d0fb809167be,40 100 160 220
61,6,22843360,1790418275,0xe0be2740456040536765022e7db612418e3de99e,7,1,2000,0xfe0000000000000000f,8,4,0xe00944ebee2f22de625f5a38b3b6930f4c140ff85888c96879d9346cf751d891,22 82 142 202
61,7,22843399,1790418295,0xe0be2740456040536765022e7db612418e3de99e,6,2,4000,0xff000000000000007,19,12,0x0a2d7c30ecded69e29dedeae4b3961efff11849a1eb749a805c740a99b4c184a,19 20 21 79 80 81 139 140 141 199 200 201
53,3,22843465,1790418328,0xe0be2740456040536765022e7db612418e3de99e,17,2,4000,0x7f800000000000000000000000000000000000003d,12,8,0xc80d0b45eec5f99f7ffc89ddcb3fde57787a483ae07b9addf549d79a4f344c3f,52 53 112 113 172 173 232 233
83,3,22843540,1790418366,0x0420e243d8ab4a22dadded1ead8cdcca14074d7c,19,2,4000,0x1fe0000000000000000000000000000000000000000003d,16,8,0xe76d7655b846aef56d9e66d6bcead60f4dfe90349c7e913a05253a37aefeeb83,58 59 118 119 178 179 238 239
104,3,22843670,1790418432,0x0420e243d8ab4a22dadded1ead8cdcca14074d7c,15,2,4000,0x1fe00000000000000000000000000000000025,15,12,0xbb74d254de68ac47298c74b5c1a259deade547d88841429145496b78ccb44f13,45 46 47 105 106 107 165 166 167 225 226 227
83,4,22843745,1790418470,0x0420e243d8ab4a22dadded1ead8cdcca14074d7c,11,1,2000,0xfe00000000000000000000000038,6,4,0xec19d193ddfe48833e490728a1e3b67068cbc4100cc09cca71eaba647a7e692e,34 94 154 214
116,1,22843754,1790418475,0xb39e79d3540fc34f516af70574b94d4ef8f885d2,19,1,2000,0xfe00000000000000000000000000000000000000000003,8,4,0x0d5049ee43ebaaa8cb5b8a2ee95e512420880158694e0a7571057f67f7399932,58 118 178 238
61,8,22843854,1790418526,0xe0be2740456040536765022e7db612418e3de99e,8,2,4000,0x3fc0000000000000000000,22,12,0x228c0f6d7a1ae4887b5bdb89d0da98839b82c79c6fc1c9f5e4325923dca3d93e,24 25 26 84 85 86 144 145 146 204 205 206
104,4,22843957,1790418578,0x0420e243d8ab4a22dadded1ead8cdcca14074d7c,5,2,4000,0x7f8000000000018,11,8,0xd8c7d06765165b44ef6a46f4b647da98fa612cdeff14ade2b91b586e7ef2b505,16 17 76 77 136 137 196 197
43,4,22843999,1790418599,0x2f694c711225e97dc71e2a98c0a186ae3e1ad167,1,0,500,0xf8037,9,5,0x8041ca759d06b4932f9a46eb2442c0ef0a664ac4ead53b660924398d2d22c30d,4 64 124 184 244
104,5,22844025,1790418612,0x0420e243d8ab4a22dadded1ead8cdcca14074d7c,13,2,4000,0x7f800000000000000000000000000002f,19,12,0xc74785a393bd20085b85807cac3612b20ab917c98d7c2e1c0566b53f24bcf05e,39 40 41 99 100 101 159 160 161 219 220 221
104,6,22844378,1790418792,0x0420e243d8ab4a22dadded1ead8cdcca14074d7c,2,1,2000,0x7f00002b,8,5,0xa45b6e5a78fca447f623771d510f76d4293445315fe8acdcdbd1a6bfd49470af,7 67 127 187 247
104,7,22844440,1790418823,0x0420e243d8ab4a22dadded1ead8cdcca14074d7c,16,2,4000,0x3fc0000000000000000000000000000000000020,31,17,0xa05ac164fd27b3f0842993ccd82224632ec760dbffd358bb6d54af543da8ff2b,0 48 49 50 60 108 109 110 120 168 169 170 180 228 229 230 240
118,1,22844449,1790418827,0xec56dc68b5091297a987c4b93195e6561629d501,17,0,500,0xf800000000000000000000000000000000000003e,7,4,0x417c12421e1e8de3c26a82d9a6b0d3233539c859bf82a6578d8cd9a870113039,52 112 172 232
115,1,22844475,1790418841,0x46f440d3d4e6466034b2a5034fc501ac0a31bf29,6,1,2000,0x7f00000000000003a,5,4,0xb6aa06fc81f8b345872e7647b680fb2d3936607a2d9e0e02d437fcf29b77e9c1,19 79 139 199
119,1,22844492,1790418849,0xec56dc68b5091297a987c4b93195e6561629d501,1,0,500,0xf8000,9,5,0x75d24ebcdf5e95a5dae6cb424a0865c25f593b2cc23b44e8c7e4115d71a8205a,4 64 124 184 244
120,1,22844536,1790418872,0xec56dc68b5091297a987c4b93195e6561629d501,17,0,500,0xf800000000000000000000000000000000000003e,7,4,0x825ad70db97d890dfa09605865f57c29bf66b5ed19e430b7c9dcd6864997a2d6,52 112 172 232
94,2,22844551,1790418879,0x8746cbcd1d09ea15b3625692f11fbb0e17b52029,15,2,4000,0x1fe00000000000000000000000000000000031,11,8,0xd72060cb1135e3bccf9991f16d347e6595a9ebd1412493c86f97ecb1a584c9f4,46 47 106 107 166 167 226 227
120,2,22844621,1790418915,0xec56dc68b5091297a987c4b93195e6561629d501,12,0,500,0x7c000000000000000000000000002c,5,4,0x42089fd60fccb749d04acba786a0a1a7d538278e627703faa1ec49a2c56adabc,37 97 157 217
94,3,22844624,1790418916,0x8746cbcd1d09ea15b3625692f11fbb0e17b52029,9,2,4000,0x7f800000000000000000001a,10,8,0xe64c6f102e8d67de07875eda55b707a83563a911a78690f90d0faad0b925ec4d,28 29 88 89 148 149 208 209
61,9,22844910,1790419061,0xe0be2740456040536765022e7db612418e3de99e,3,2,4000,0x1fe00000036,38,20,0x13cc717e26a3579a6d60000b6bdf8b1c06eb97843469f09b366815271f118cad,0 9 10 11 60 69 70 71 120 129 130 131 180 189 190 191 240 249 250 251
60,3,22844965,1790419089,0xe0be2740456040536765022e7db612418e3de99e,17,2,4000,0x7f800000000000000000000000000000000000003d,12,8,0x218561f086ef122b3650cb2db40647285fc288c0ae68e75c69b764bbb34840cb,52 53 112 113 172 173 232 233
104,8,22845098,1790419157,0x0420e243d8ab4a22dadded1ead8cdcca14074d7c,4,1,2000,0x1fc000000000f,8,5,0x13cd327377c87aa86d20ad7197df9db8f00740df8d6770876bd523ac637b0578,13 73 133 193 253
42,6,22845182,1790419199,0x1b25bd7ce0fb701d9aac3fd43fa221ac63e3fb3e,2,0,500,0x1f000008,16,10,0x69a5f9830608d115240a04bbad1feea9ed57cb24f343daa34a3de77d5a2f9ee1,6 7 66 67 126 127 186 187 246 247
121,1,22845451,1790419335,0x32a1048431ee2db5868c4ade81da84b9f075ab05,5,0,500,0xf800000000000d,6,4,0x0754142c75264138e3b4b6604028a0b9bf7946c4330b3635b083266e8e443020,16 76 136 196
122,1,22845599,1790419411,0x32a1048431ee2db5868c4ade81da84b9f075ab05,16,0,500,0x7c0000000000000000000000000000000000024,6,4,0xa955f8d84737c2175415ac8b854a8949283f32126ead49a17693f571864e2d4e,49 109 169 229
123,1,22845694,1790419459,0x32a1048431ee2db5868c4ade81da84b9f075ab05,2,0,500,0x1f000006,8,5,0x8318f8a23c511f1c13c1425742f91eae99da672ef6027c03788b656298400c1f,7 67 127 187 247
124,1,22845798,1790419511,0x682e5537cce3e03a3020d896498786bb81c4a5e7,7,0,500,0x3e0000000000000000a,8,4,0xc8df1895d1a9e5a732401b0b4c8c945d6d3838483a49a8f8df94abd62392dba7,22 82 142 202
125,1,22845849,1790419537,0x682e5537cce3e03a3020d896498786bb81c4a5e7,7,0,500,0x3e0000000000000000a,8,4,0x5c20e5fd7a6829dfb153d2fb989210ef2967de2fd20388753bbbf22ccd5238c6,22 82 142 202
126,1,22845929,1790419578,0x682e5537cce3e03a3020d896498786bb81c4a5e7,15,0,500,0x3e00000000000000000000000000000000002,6,4,0x1d41ef37350151e04b703a15ee8b2d27d4ece6bd0484e3a2fe953c1c5230b57f,46 106 166 226
94,4,22845962,1790419595,0x8746cbcd1d09ea15b3625692f11fbb0e17b52029,16,2,4000,0x3fc0000000000000000000000000000000000017,21,12,0xdb22a4ada34c50e1942f9adbec3efcd3ac9a2ff5fbeb463c761a22699b5db93e,48 49 50 108 109 110 168 169 170 228 229 230
127,1,22846056,1790419642,0xa7c48ec145b032aa0fd76ebdae085bdb42173f19,7,0,500,0x3e0000000000000000a,8,4,0x5c20e5fd7a6829dfb153d2fb989210ef2967de2fd20388753bbbf22ccd5238c6,22 82 142 202
128,1,22846126,1790419678,0xa7c48ec145b032aa0fd76ebdae085bdb42173f19,8,0,500,0x7c000000000000000001f,8,4,0xefe99620a27704c0ae8a132ef7091b74386b7bd7eb165be0c1668c84aec13f5a,25 85 145 205
129,1,22846177,1790419704,0xa7c48ec145b032aa0fd76ebdae085bdb42173f19,14,0,500,0x1f000000000000000000000000000000015,7,4,0x1e57d09f23a732a0ed0a6f016423274648c5fe2cb6e0de73315f1c2d1a555ded,43 103 163 223
44,5,22846280,1790419756,0xf04ecec3cac1ad5e55e03cb5842b07be2c2249c9,7,2,4000,0x1fe00000000000000010,32,16,0x31f56b2919af35723b7b4fc8644215edb01d1dd45f3c0acce04a69e745e6a27d,21 22 23 24 81 82 83 84 141 142 143 144 201 202 203 204
59,5,22846420,1790419827,0xf04ecec3cac1ad5e55e03cb5842b07be2c2249c9,7,2,4000,0x1fe00000000000000010,16,8,0x708355849bf280a976b2d85e9f4340ef3efb163ca7e9826cbb5899f3f8b69bdb,22 23 82 83 142 143 202 203
130,1,22846565,1790419900,0x2f1e4cf291e6dbd9236679ecdd1de9c324fcb879,19,0,500,0x3e0000000000000000000000000000000000000000001a,8,4,0xaf05ac1ce4056b5302d5e0b9afc20b41ca46adb782a1acc393af9c768bc310ea,58 118 178 238
104,9,22846625,1790419931,0x0420e243d8ab4a22dadded1ead8cdcca14074d7c,19,2,4000,0x1fe00000000000000000000000000000000000000000036,16,8,0xca7fedfa408ebd44a895c4da8a6b4b561e9b05897d0a095c1f1e93274644ad90,58 59 118 119 178 179 238 239
104,10,22846661,1790419949,0x0420e243d8ab4a22dadded1ead8cdcca14074d7c,10,2,4000,0xff00000000000000000000002b,13,8,0x5407c78a3df0972cea906b6fcf0947adfc044a6f9e0098ac155053abdb6c492e,31 32 91 92 151 152 211 212
131,1,22846670,1790419954,0x2f1e4cf291e6dbd9236679ecdd1de9c324fcb879,13,0,500,0xf800000000000000000000000000002d,8,4,0x5d6a3067794c725d3d6da49b254f9a43adafa37586e01ec7f57a6e6854e4b6a4,40 100 160 220
132,1,22846743,1790419991,0x2f1e4cf291e6dbd9236679ecdd1de9c324fcb879,17,0,500,0xf800000000000000000000000000000000000003e,7,4,0x825ad70db97d890dfa09605865f57c29bf66b5ed19e430b7c9dcd6864997a2d6,52 112 172 232
133,1,22846854,1790420047,0x49c7a4f1ae750cec95634648ce57e4ee53f64058,7,0,500,0x3e0000000000000000a,8,4,0x5c20e5fd7a6829dfb153d2fb989210ef2967de2fd20388753bbbf22ccd5238c6,22 82 142 202
134,1,22846920,1790420080,0x49c7a4f1ae750cec95634648ce57e4ee53f64058,13,0,500,0xf800000000000000000000000000002d,8,4,0x5d6a3067794c725d3d6da49b254f9a43adafa37586e01ec7f57a6e6854e4b6a4,40 100 160 220
135,1,22846995,1790420118,0x49c7a4f1ae750cec95634648ce57e4ee53f64058,17,0,500,0xf800000000000000000000000000000000000003e,7,4,0x9cbf48112f68f3667dc5a35532a6cdf9c7d2eb80cd358e5cbc06c8a9abf7c973,52 112 172 232
136,1,22847103,1790420173,0x1a3a0e6f222e823cc8d0f39d87042f88ab763872,11,0,500,0x3e0000000000000000000000003f,6,4,0xf55135510930815d961c49e51f30b6a9aaf07437b1ce06be212f174e6c3bbf2b,34 94 154 214
137,1,22847398,1790420323,0x0139a84b829cef5f6f7b83a456d498a153155057,14,0,500,0x1f000000000000000000000000000000015,7,4,0xc50b3301204674e11d5dd47dbeebf3027cb9fc84fbbc64ab5952584438f582c5,43 103 163 223
138,1,22847480,1790420364,0x0139a84b829cef5f6f7b83a456d498a153155057,14,0,500,0x1f000000000000000000000000000000015,7,4,0xc50b3301204674e11d5dd47dbeebf3027cb9fc84fbbc64ab5952584438f582c5,43 103 163 223
139,1,22847583,1790420417,0x0139a84b829cef5f6f7b83a456d498a153155057,12,0,500,0x7c0000000000000000000000000003,5,4,0xcb53290f5b6269f2d6e0abb57d53598abb29cba4761a63234a72f8a272263a55,37 97 157 217
63,4,22847603,1790420427,0x62ff01f014f0da446e02a62392538f36a83a2659,6,1,2000,0x7f00000000000001e,5,4,0xcb8a793e50ee9047babbeda3de3cdf6a0af33a0197ce668317a11cef77ad805d,19 79 139 199
80,4,22847891,1790420573,0x0420e243d8ab4a22dadded1ead8cdcca14074d7c,17,1,2000,0x3f8000000000000000000000000000000000000028,15,12,0x1f731ac9386ed823be68849eb284124be8b70a16aa3d9d061badc911464c0c9f,51 52 53 111 112 113 171 172 173 231 232 233
104,11,22847947,1790420601,0x0420e243d8ab4a22dadded1ead8cdcca14074d7c,9,2,4000,0x7f8000000000000000000032,13,12,0x8da23070fc562f087758b9f655316d1c8201b793370ec40bd3080b0e983e4181,28 29 30 88 89 90 148 149 150 208 209 210
53,4,22848171,1790420715,0xe0be2740456040536765022e7db612418e3de99e,6,2,4000,0xff000000000000005,11,8,0x8cc019f9de4add6e93b1f7fc0e9c8f7a7fda58cd661626f66153bfc347978336,19 20 79 80 139 140 199 200
94,5,22848389,1790420825,0x8746cbcd1d09ea15b3625692f11fbb0e17b52029,18,2,4000,0xff000000000000000000000000000000000000000011,19,12,0x38e4cf3496392e5bb3d02707de7f005a951ac02b154633f2aa117882e65273ff,54 55 56 114 115 116 174 175 176 234 235 236
95,3,22848488,1790420875,0x8746cbcd1d09ea15b3625692f11fbb0e17b52029,5,2,4000,0x7f8000000000006,11,8,0x963ca2e3a728911b7436ee824049582c7b894111e05db0338a2da71f2ef8cfe5,16 17 76 77 136 137 196 197
61,10,22848628,1790420947,0xe0be2740456040536765022e7db612418e3de99e,13,2,4000,0x7f800000000000000000000000000000a,14,8,0xa833ecd030e5396a004a4ad81c5617c9e5df77ba2af7a567d5e70921b221d82e,40 41 100 101 160 161 220 221
53,5,22848676,1790420971,0xe0be2740456040536765022e7db612418e3de99e,10,2,4000,0xff00000000000000000000002a,16,12,0x3918c50ae8f4475c7ff062b370a0f62a1284e69bf5c0b98ce2dd0c6c96b2682d,30 31 32 90 91 92 150 151 152 210 211 212
60,4,22848733,1790421000,0xe0be2740456040536765022e7db612418e3de99e,3,1,2000,0xfe0000002e,10,5,0x1a2ff7407c81af7fc19168e8d8508310af7470667c3abe3104c2a6284a7a7083,10 70 130 190 250
140,1,22848862,1790421065,0x7d7337fcdefe5771e3280f25c3ba670700e8560c,3,2,4000,0x1fe00000036,19,10,0x8f42ebfbf776b7c3128d1e75b83b4c0b8d99d2fdff1ebe8abf4b7bd285b7c78e,10 11 70 71 130 131 190 191 250 251
140,2,22848904,1790421086,0x7d7337fcdefe5771e3280f25c3ba670700e8560c,11,2,4000,0x1fe00000000000000000000000039,12,8,0x9f93863e3e1322fc6c7f2a3c9fb5e9ff1c9e538cb8e227770d4a513d1fa93c06,34 35 94 95 154 155 214 215
140,3,22848937,1790421103,0x7d7337fcdefe5771e3280f25c3ba670700e8560c,14,2,4000,0xff00000000000000000000000000000002c,14,8,0x25fadec1964899a7913c101b945f9ebac75eccfe56524f1cb569a8b8c407e8f6,43 44 103 104 163 164 223 224
140,4,22848968,1790421119,0x7d7337fcdefe5771e3280f25c3ba670700e8560c,18,2,4000,0xff00000000000000000000000000000000000000001f,14,8,0x2d6b856951dfbc0b1a7604ca67863200d881659468ba8470a3a78d19fd4f1cb9,55 56 115 116 175 176 235 236
140,5,22849059,1790421165,0x7d7337fcdefe5771e3280f25c3ba670700e8560c,19,2,4000,0x1fe00000000000000000000000000000000000000000008,21,12,0xddf68ffc84295305b5f3b1e12aad8eb3b072dcd35f4ffb97919d6e656a689cba,57 58 59 117 118 119 177 178 179 237 238 239
15,2,22849238,1790421256,0xe6e5a8b9c4a0cd805f06b565b6f2857923cc6b11,19,0,500,0x3e00000000000000000000000000000000000000000015,8,4,0x6a1e4ebb350cfa694f2a991e71ed42da5ea9ff2223177f5ad707d063ab4b087f,58 118 178 238
94,6,22849400,1790421338,0x8746cbcd1d09ea15b3625692f11fbb0e17b52029,19,2,4000,0x1fe00000000000000000000000000000000000000000034,21,12,0xa95988194d3ef1c3d00a57e336f35c4bd08e10df091e85d3f2d38d70627bccdf,57 58 59 117 118 119 177 178 179 237 238 239
104,12,22849511,1790421394,0x0420e243d8ab4a22dadded1ead8cdcca14074d7c,11,2,4000,0x1fe00000000000000000000000018,20,12,0xece6ff096c1102846b28024cc70c4388524c3bfa2dbdecea7fc0779ee1abc26f,33 34 35 93 94 95 153 154 155 213 214 215
141,1,22849609,1790421444,0x88c58b42f2783131d51a58af7f1a9b491089afeb,19,1,2000,0xfe00000000000000000000000000000000000000000003,8,4,0xe5936971863e4f8d753637425b951521b27b3975e6b33c05d373260d658f7658,58 118 178 238
23,3,22849757,1790421519,0x0349cd3a83006bc4f057f553f221d69bd7a6c504,15,0,500,0x3e00000000000000000000000000000000001,6,4,0x6c5ad0bef2126b4a790d3dc27f1cb3fe81a3882f0fc98793d6a2ec2badd47a9c,46 106 166 226
23,4,22849803,1790421542,0x0349cd3a83006bc4f057f553f221d69bd7a6c504,18,0,500,0x1f000000000000000000000000000000000000000010,7,4,0x20b1620fd030b59ec6eb58692788a03f0998306a38d239d69a2136c59c7ec46c,55 115 175 235
23,5,22849827,1790421554,0x0349cd3a83006bc4f057f553f221d69bd7a6c504,19,0,500,0x3e0000000000000000000000000000000000000000002e,8,4,0x8443da3c9c915811f7811f12046b9eb2d4e306538e4d9d58be50e69bbd6fb635,58 118 178 238
23,6,22849854,1790421568,0x0349cd3a83006bc4f057f553f221d69bd7a6c504,11,0,500,0x3e00000000000000000000000012,6,4,0xf4f21867216993bd5c6cf1bdbc1e532701db144345b40370aad4846ec0c07e88,34 94 154 214
23,7,22849891,1790421587,0x0349cd3a83006bc4f057f553f221d69bd7a6c504,8,0,500,0x7c0000000000000000011,8,4,0x9c30f599dce603e243772a40aac585cd6610041968924953f36bf3f07f5901cb,25 85 145 205
142,1,22850305,1790421797,0x22fdae531a69647a0ade9154093ac83769f9dc49,19,1,2000,0xfe00000000000000000000000000000000000000000003,8,4,0xe5936971863e4f8d753637425b951521b27b3975e6b33c05d373260d658f7658,58 118 178 238
15,3,22850957,1790422128,0xe6e5a8b9c4a0cd805f06b565b6f2857923cc6b11,4,1,2000,0x1fc0000000013,8,5,0x83e4b5ff8df9986e7d12096e82f48f661ea02428233a4691df057fb269b92095,13 73 133 193 253
143,1,22851142,1790422221,0xb2732bc83797a44d7368b04b95879f582723346f,4,0,500,0x7c000000000b,8,5,0x335fd92f5f43c9bbf3f1d4c327d087a3f9f15b31e47e0c0363f88dcfcd63e6f2,13 73 133 193 253
53,6,22851175,1790422238,0xe0be2740456040536765022e7db612418e3de99e,16,2,4000,0x3fc000000000000000000000000000000000003b,26,17,0xa6339aafcf523651613a7e1dc46339e9d2a39f9b36f9bad4b57672b8c76943f1,0 49 50 51 60 109 110 111 120 169 170 171 180 229 230 231 240
143,2,22851364,1790422334,0xb2732bc83797a44d7368b04b95879f582723346f,15,2,4000,0x1fe00000000000000000000000000000000031,11,8,0xf49bb7ab13f7612a86ebcce143acd1b443840ee2ba60c52f89109d00ef9e483e,46 47 106 107 166 167 226 227
144,1,22851605,1790422456,0x3db88affb909228a6f134074bdfdeaee28dc207a,11,1,2000,0xfe00000000000000000000000031,6,4,0xc64bfff68f4f47fdcb3339ac17cf5a0a63569000e6de779ff6644f7fb154713e,34 94 154 214
145,1,22851837,1790422574,0x3db88affb909228a6f134074bdfdeaee28dc207a,16,2,4000,0x3fc000000000000000000000000000000000001c,13,8,0xe5b1efbc45f01621b75739a47f55f1da34f0bbd462386f8d4d14e4608049636a,49 50 109 110 169 170 229 230
146,1,22852232,1790422774,0x3db88affb909228a6f134074bdfdeaee28dc207a,3,2,4000,0x1fe00000036,19,10,0x5fdca0b3181241cdb7ff11e93ed970d70a2535ac2df05fdd2f81f832d3718c85,10 11 70 71 130 131 190 191 250 251
143,3,22852276,1790422796,0xb2732bc83797a44d7368b04b95879f582723346f,5,0,500,0xf8000000000011,6,4,0x874a1640be3641e7b61fe15261bc6d86308f0fc18515512bc4bf06366c7fac21,16 76 136 196
147,1,22852726,1790423025,0xc3cd0c6505333261ab1d4679763483d9a0d9327d,7,1,2000,0xfe00000000000000030,8,4,0x642f312bebc7fce64252bdee4d14a8a1483fae178df6ed977152de60caf1b1c5,22 82 142 202
147,2,22852809,1790423067,0xc3cd0c6505333261ab1d4679763483d9a0d9327d,19,1,2000,0xfe00000000000000000000000000000000000000000033,8,4,0xb629b82822a99647463a280b7a9eab33040cb28c8152c5144b2aae7ba3269d31,58 118 178 238
147,3,22853567,1790423451,0xc3cd0c6505333261ab1d4679763483d9a0d9327d,19,2,4000,0x1fe0000000000000000000000000000000000000000003d,21,12,0x4bbbb97f674671aa8ac60e7ca5f46724105d9a3e66352e99d21839161a6da4d3,57 58 59 117 118 119 177 178 179 237 238 239
149,1,22853594,1790423465,0x38c16e94e79383a5906449fc84477c1a7b19b613,15,2,4000,0x1fe00000000000000000000000000000000000,11,8,0xe7f3fcc8b37edc77c066f24347bfe48e89075bce07904b139bb4ffb05be1c788,46 47 106 107 166 167 226 227
151,1,22853673,1790423505,0x38c16e94e79383a5906449fc84477c1a7b19b613,9,2,4000,0x7f8000000000000000000007,10,8,0x51241343b5d8566cb676a324dd9c275f17e801ba9057dbfba03b80d167a8e77e,28 29 88 89 148 149 208 209
148,1,22853708,1790423523,0x9628149b8268f15adc99911e64a79cdea7fb71ab,9,2,4000,0x7f8000000000000000000007,10,8,0x1959f78985d16863dd9b094592e53482f3087b9ec3af2ee23c3be1e50d2020c7,28 29 88 89 148 149 208 209
147,4,22853722,1790423530,0xc3cd0c6505333261ab1d4679763483d9a0d9327d,11,2,4000,0x1fe00000000000000000000000012,12,8,0x46c8c0216d3daf1ea29f050026479918d66479adb65b9c74ef6f5d220abed9e4,34 35 94 95 154 155 214 215
76,1,22853824,1790423582,0x3f62ae0c7ed24dcd2b52c1c224296519b02df00d,1,2,4000,0x7f803c,19,10,0xc91e4b8cf6b806ddd75a7c0caf8a61c49013bb12b08de7e5fa33402897cb760d,4 5 64 65 124 125 184 185 244 245
150,1,22853835,1790423587,0x9f2ebf1ba9206ef97428fdab7431a3f1d53f6dc9,19,2,4000,0x1fe0000000000000000000000000000000000000000002d,16,8,0x07ab8751a2052357f398acd2a3c0998c7b9968bd71e6c15b86b301ff95b84215,58 59 118 119 178 179 238 239
152,1,22853836,1790423588,0x38c16e94e79383a5906449fc84477c1a7b19b613,19,2,4000,0x1fe0000000000000000000000000000000000000000002d,16,8,0x6d33fc3eef1e16a093bf44bbcb7110e2b23520102ba509783bafbf0e512d9836,58 59 118 119 178 179 238 239
77,1,22853857,1790423598,0x3f62ae0c7ed24dcd2b52c1c224296519b02df00d,9,1,2000,0x3f8000000000000000000028,5,4,0x6381e63db0d9e16f4e18e3582718a31231485ae167bafe4b52c144c3121bab3f,28 88 148 208
79,1,22853878,1790423609,0x3f62ae0c7ed24dcd2b52c1c224296519b02df00d,19,1,2000,0xfe00000000000000000000000000000000000000000003,8,4,0xe5936971863e4f8d753637425b951521b27b3975e6b33c05d373260d658f7658,58 118 178 238
153,1,22853982,1790423662,0x9f2ebf1ba9206ef97428fdab7431a3f1d53f6dc9,12,2,4000,0x3fc0000000000000000000000000001,9,8,0x34d473336feaadf64b5ee6d13f3183696483efcf8e067f1cc668c7d64290c00b,37 38 97 98 157 158 217 218
143,4,22854165,1790423755,0xb2732bc83797a44d7368b04b95879f582723346f,13,0,500,0xf800000000000000000000000000002b,8,4,0x93c48a5f6d9e1d034cb839171f4446096388b7ec8edd92f8b45753f42f88df68,40 100 160 220
143,5,22854182,1790423763,0xb2732bc83797a44d7368b04b95879f582723346f,16,0,500,0x7c000000000000000000000000000000000002c,14,8,0x6c20578904aa9fbf220731bb3e414d56e388a8578000a4b7340a401989c6992a,48 49 108 109 168 169 228 229
143,6,22854204,1790423775,0xb2732bc83797a44d7368b04b95879f582723346f,10,0,500,0x1f00000000000000000000003d,15,9,0x077387751ed00112cb60265e41fa9343d9137d2172c63d7505d86fb5836eec27,0 31 60 91 120 151 180 211 240
44,6,22854216,1790423780,0xf04ecec3cac1ad5e55e03cb5842b07be2c2249c9,5,2,4000,0x7f8000000000026,18,12,0x9d84a53cdbe2ff93bdb59228b459ff9aafd7c1fea7bf7434aa02832dfb7403fe,16 17 18 76 77 78 136 137 138 196 197 198
69,7,22854300,1790423823,0xf04ecec3cac1ad5e55e03cb5842b07be2c2249c9,6,2,4000,0xff000000000000007,11,8,0x07688320c0c99bfdd523feef48f59013d04f2b50678d23f0366e7c539e2a06c8,19 20 79 80 139 140 199 200
150,2,22854502,1790423925,0x9f2ebf1ba9206ef97428fdab7431a3f1d53f6dc9,4,1,2000,0x1fc0000000024,8,5,0xb7d8dc814103af1813f184c9511abf824764ccd9fc9b80b59c94cfd82e811f78,13 73 133 193 253
153,2,22854528,1790423939,0x9f2ebf1ba9206ef97428fdab7431a3f1d53f6dc9,11,1,2000,0xfe00000000000000000000000012,6,4,0x77831607cfd4231368e7e8cfb1172094c2afe4ea21ca41da6a4bc12656129a49,34 94 154 214
44,7,22854574,1790423962,0xf04ecec3cac1ad5e55e03cb5842b07be2c2249c9,11,2,4000,0x1fe0000000000000000000000000e,12,8,0x157f0418bd232e1e6e6d373b10c4782a364df3a0cdea64bf14e3898f843ac651,34 35 94 95 154 155 214 215
153,3,22854639,1790423995,0x9f2ebf1ba9206ef97428fdab7431a3f1d53f6dc9,3,1,2000,0xfe0000001e,10,5,0x9a71ff270d36abe40f40e3aa69253369b721c867df03e5437594b1ebde16af07,10 70 130 190 250
150,3,22854659,1790424005,0x9f2ebf1ba9206ef97428fdab7431a3f1d53f6dc9,10,1,2000,0x7f00000000000000000000000f,5,4,0x706203e1cc2ca18a55d3fe59b41b60d6000e084e4aa5dd089e71622f4ba7a216,31 91 151 211
44,8,22854677,1790424014,0xf04ecec3cac1ad5e55e03cb5842b07be2c2249c9,13,2,4000,0x7f8000000000000000000000000000034,14,8,0x1209372de3dbb972075790f70e6ffe9154bf1692554ca70a5c858cbeb7cd4ee2,40 41 100 101 160 161 220 221
150,4,22854680,1790424016,0x9f2ebf1ba9206ef97428fdab7431a3f1d53f6dc9,13,1,2000,0x3f8000000000000000000000000000034,8,4,0x300e2d86af807d314654672415e3b0cdca04d2d28e013255bce58fd00cdf3f57,40 100 160 220
153,4,22854709,1790424030,0x9f2ebf1ba9206ef97428fdab7431a3f1d53f6dc9,18,1,2000,0x7f000000000000000000000000000000000000000012,7,4,0x4ddc9bbbdc39d96979e42e21c8716c8fc67e48609859b7b349272370771ad15d,55 115 175 235
44,9,22855167,1790424263,0xf04ecec3cac1ad5e55e03cb5842b07be2c2249c9,8,2,4000,0x3fc0000000000000000037,24,13,0x370c327a0d95325a5fd66a170e93609bdaa322efe4c28520798bae4a33d4f339,0 25 26 60 85 86 120 145 146 180 205 206 240
44,10,22855360,1790424361,0xf04ecec3cac1ad5e55e03cb5842b07be2c2249c9,2,2,4000,0xff00002c,26,15,0x7d3b0953ab2590621c8a5ceb801ab917c16cc6b9179bb7934ccf6974eca5c27f,6 7 8 66 67 68 126 127 128 186 187 188 246 247 248
157,1,22855833,1790424601,0xbdc08bbec6b4f455cd2a94e000b0f205b7149444,13,1,2000,0x3f800000000000000000000000000003e,8,4,0xb2339b7203ed4edd2a80f69c6fe71c1a84b3943cfcf889cfaf739348d2614e95,40 100 160 220
156,1,22857249,1790425319,0x574b60bc1a42becb1de3972751e9238c26c9cccf,8,2,4000,0x3fc0000000000000000033,14,8,0x0efa612ead503b3f1c4aff83462e52356ccefb2923c117876aef1174d2e4f5a9,25 26 85 86 145 146 205 206
158,1,22857455,1790425423,0x574b60bc1a42becb1de3972751e9238c26c9cccf,11,2,4000,0x1fe0000000000000000000000003b,12,8,0x75b8819dd96fbfeb4926c171e490c5dbeb5b772f415a71fceb17f97b5537cd59,34 35 94 95 154 155 214 215
159,1,22857658,1790425526,0x574b60bc1a42becb1de3972751e9238c26c9cccf,19,2,4000,0x1fe0000000000000000000000000000000000000000002d,16,8,0x07ab8751a2052357f398acd2a3c0998c7b9968bd71e6c15b86b301ff95b84215,58 59 118 119 178 179 238 239
156,2,22857844,1790425621,0x574b60bc1a42becb1de3972751e9238c26c9cccf,19,1,2000,0xfe00000000000000000000000000000000000000000033,8,4,0xb9b578a75630912e17e9aa97020ad24ec6b42c493bfc55c3083879c334b75e69,58 118 178 238
158,2,22857957,1790425678,0x574b60bc1a42becb1de3972751e9238c26c9cccf,19,1,2000,0xfe00000000000000000000000000000000000000000033,8,4,0x75c940a066660a890c023e211a898990d500faa933be2f8480367c0138e52e55,58 118 178 238
158,3,22858066,1790425733,0x574b60bc1a42becb1de3972751e9238c26c9cccf,17,1,2000,0x3f800000000000000000000000000000000000002d,7,4,0xede8fbebd5328ea9c4ea275521955912cd53e355d71d905395c539b9fc20e550,52 112 172 232
159,2,22858147,1790425774,0x574b60bc1a42becb1de3972751e9238c26c9cccf,7,2,4000,0x1fe0000000000000003c,16,8,0x7855476af8ad08af2abde4ead008954a01bff9b20045b40668be7852250f3772,22 23 82 83 142 143 202 203
161,1,22859274,1790426346,0x7d7337fcdefe5771e3280f25c3ba670700e8560c,3,2,4000,0x1fe00000036,19,10,0x5fdca0b3181241cdb7ff11e93ed970d70a2535ac2df05fdd2f81f832d3718c85,10 11 70 71 130 131 190 191 250 251
165,1,22859589,1790426506,0xa5552389c0c7601030cb8d82b487150855478342,19,1,2000,0xfe00000000000000000000000000000000000000000003,8,4,0xe5936971863e4f8d753637425b951521b27b3975e6b33c05d373260d658f7658,58 118 178 238
160,1,22859593,1790426508,0x9fe572857e7c845215886792aba4be3b958afa59,1,0,500,0xf8000,9,5,0x75d24ebcdf5e95a5dae6cb424a0865c25f593b2cc23b44e8c7e4115d71a8205a,4 64 124 184 244
70,2,22859601,1790426512,0x62ff01f014f0da446e02a62392538f36a83a2659,16,1,2000,0x1fc0000000000000000000000000000000000034,14,8,0x1d14c51a7b5693a2138328c40327930269e18b506661065e1f7ad6f496329abb,48 49 108 109 168 169 228 229
164,1,22859616,1790426520,0x2f694c711225e97dc71e2a98c0a186ae3e1ad167,17,1,2000,0x3f800000000000000000000000000000000000000d,7,4,0x3e540c36529b49c8f33956e57fbd584efc241fc8d660ee2bcc52abb7ac15e27f,52 112 172 232
160,2,22859641,1790426532,0x9fe572857e7c845215886792aba4be3b958afa59,9,0,500,0xf8000000000000000000011,5,4,0x5f5b58bd9b99e0fa78c8b73c43c1b7c694fd30d917720b130c5095d2bf35fa80,28 88 148 208
161,2,22859653,1790426538,0x7d7337fcdefe5771e3280f25c3ba670700e8560c,11,2,4000,0x1fe00000000000000000000000039,12,8,0x387b20a01270276aa470f0274afc1f5fc665fbdebe26fcf6b993373f6be37c89,34 35 94 95 154 155 214 215
161,3,22859673,1790426548,0x7d7337fcdefe5771e3280f25c3ba670700e8560c,15,2,4000,0x1fe00000000000000000000000000000000025,11,8,0xa22b918abf5b4883a3e5c1ee06989e6fe70db6b7ca9b3e15bfa5dc0f4f2960d4,46 47 106 107 166 167 226 227
43,5,22859675,1790426549,0x2f694c711225e97dc71e2a98c0a186ae3e1ad167,8,0,500,0x7c000000000000000002a,8,4,0x8d3d192b272b1a98c18cfde6e8ba2b9e6de049a842839f95a71f8db6a624fb23,25 85 145 205
160,3,22859677,1790426550,0x9fe572857e7c845215886792aba4be3b958afa59,12,0,500,0x7c0000000000000000000000000014,5,4,0xed8d40019005d59401018bf456dfb1d9571c947ef62f5273ba98e638b6d20358,37 97 157 217
68,2,22859690,1790426557,0x62ff01f014f0da446e02a62392538f36a83a2659,19,2,4000,0x1fe00000000000000000000000000000000000000000036,16,8,0x7ea9f68a6d724aac3d941d5fa35502216bf0fbcbfe8e87bce04d8e1bb2cc4779,58 59 118 119 178 179 238 239
161,4,22859700,1790426562,0x7d7337fcdefe5771e3280f25c3ba670700e8560c,16,2,4000,0x3fc0000000000000000000000000000000000017,21,12,0x84c9b9eedb4a1656cbf6e6a9c7c0a3357f13cdfc3ca38d10f65a7fc3b057b9ab,48 49 50 108 109 110 168 169 170 228 229 230
160,4,22859707,1790426566,0x9fe572857e7c845215886792aba4be3b958afa59,16,0,500,0x7c0000000000000000000000000000000000007,6,4,0x56c36392bdaca8cf6f897891ef80577c76bed39d4df40b40c572112aa09d42f6,49 109 169 229
161,5,22859718,1790426571,0x7d7337fcdefe5771e3280f25c3ba670700e8560c,19,2,4000,0x1fe00000000000000000000000000000000000000000008,16,8,0x3afc6d979ffd9336ee6cbc32e6181da2c9ebade022e9180df76e4533ae3729f1,58 59 118 119 178 179 238 239
160,5,22859732,1790426578,0x9fe572857e7c845215886792aba4be3b958afa59,19,0,500,0x3e0000000000000000000000000000000000000000002e,8,4,0x8705b7bbd1f3926e63702f5658b1187319f14720832af02b82404e9af8b74d6c,58 118 178 238
163,1,22859751,1790426588,0x7d7337fcdefe5771e3280f25c3ba670700e8560c,1,2,4000,0x7f803c,19,10,0x1aa6d6c51be0ee6f0662d04a4734a21b174e3e4a17007c00631a40386427b4cb,4 5 64 65 124 125 184 185 244 245
163,2,22859772,1790426599,0x7d7337fcdefe5771e3280f25c3ba670700e8560c,4,2,4000,0x3fc000000003f,16,10,0xfc15094e26eedce43bf8c1c8a29f32eb2e3c5916337f601ec330731cc5c2d124,13 14 73 74 133 134 193 194 253 254
163,3,22859789,1790426607,0x7d7337fcdefe5771e3280f25c3ba670700e8560c,12,2,4000,0x3fc0000000000000000000000000026,9,8,0x1151825e61894a06ed602b72e0b4e2ab143243f55555d3201e72f1ebcbc780cf,37 38 97 98 157 158 217 218
163,4,22859805,1790426615,0x7d7337fcdefe5771e3280f25c3ba670700e8560c,19,2,4000,0x1fe0000000000000000000000000000000000000000003a,26,13,0xd855b5bad4fb5043153152d37321ee204a85c3991fe1f242d225216ab148f25d,0 58 59 60 118 119 120 178 179 180 238 239 240
163,5,22859826,1790426626,0x7d7337fcdefe5771e3280f25c3ba670700e8560c,10,2,4000,0xff00000000000000000000002a,13,8,0x4e1743ae7865dcd126cfdd3530dd935a1adf47b5a19687e546ddbc77b1c6de21,31 32 91 92 151 152 211 212
163,6,22859917,1790426672,0x7d7337fcdefe5771e3280f25c3ba670700e8560c,17,2,4000,0x7f800000000000000000000000000000000000000d,12,8,0xb81d010dcd3f0a4cd2a7c31344ca0a96e32ca54b40cf1e1122cfe3b19204555a,52 53 112 113 172 173 232 233
160,6,22859961,1790426694,0x9fe572857e7c845215886792aba4be3b958afa59,2,0,500,0x1f000008,8,5,0x4cc189bbd5203984f441f481845eed32c3833a7dfecd5e6661e6e33258e8a43c,7 67 127 187 247
160,7,22859987,1790426708,0x9fe572857e7c845215886792aba4be3b958afa59,10,0,500,0x1f00000000000000000000003d,5,4,0x153a9f863216aa8e436049b4dac20d57e55d71e62351e88aa88bb807fdb02f12,31 91 151 211
160,8,22860010,1790426719,0x9fe572857e7c845215886792aba4be3b958afa59,13,0,500,0xf800000000000000000000000000001b,8,4,0x18b453109ff5baadb5f702faec7fb2e223f5f91e9c62b3a009661c83654b2ed9,40 100 160 220
169,1,22860102,1790426766,0x52c2947e6df632d9be6323f7fee666e95e4aa386,1,1,2000,0x3f8020,9,5,0x39ba80e1866ffc1d09de2e597461e3e9deef25f301dfaeff660571953e4a380e,4 64 124 184 244
170,1,22860118,1790426774,0x52c2947e6df632d9be6323f7fee666e95e4aa386,9,2,4000,0x7f8000000000000000000007,10,8,0x1959f78985d16863dd9b094592e53482f3087b9ec3af2ee23c3be1e50d2020c7,28 29 88 89 148 149 208 209
171,1,22860135,1790426783,0x52c2947e6df632d9be6323f7fee666e95e4aa386,16,1,2000,0x1fc0000000000000000000000000000000000019,6,4,0x1d1d018b23d4eaf3c7595262b3447ee9fc61511196ee180064ba4772b294078d,49 109 169 229
156,3,22860167,1790426799,0x574b60bc1a42becb1de3972751e9238c26c9cccf,15,2,4000,0x1fe00000000000000000000000000000000025,11,8,0x7652246bfa161c3e276614c3d91ebcc278938a46f6c6812f507879068642956b,46 47 106 107 166 167 226 227
158,4,22860224,1790426828,0x574b60bc1a42becb1de3972751e9238c26c9cccf,14,2,4000,0xff000000000000000000000000000000030,14,8,0x0bf5665cdbb5914b072f3dc21e696a1c08f860a28f7df04bdd03a30536506b8a,43 44 103 104 163 164 223 224
159,3,22860265,1790426849,0x574b60bc1a42becb1de3972751e9238c26c9cccf,11,2,4000,0x1fe00000000000000000000000023,12,8,0x6fee7888b0b0575d06bb477739d5f4e081826e4b969784fda609c2fb4e4ada8b,34 35 94 95 154 155 214 215
172,1,22860715,1790427077,0xed39205dd38074eea517a0e3dbd099b4e4a85af3,19,1,2000,0xfe00000000000000000000000000000000000000000003,8,4,0xc3ae5475f0dbdcda655993feb4b1f0671215b29c1ff0455772f4d0aab03a153c,58 118 178 238
172,2,22861334,1790427391,0xed39205dd38074eea517a0e3dbd099b4e4a85af3,8,1,2000,0x1fc0000000000000000024,8,4,0xb75c4829c1490f10acfe41b50c154b8e7a3eff2ab17a0f11741f793b3bd3a901,25 85 145 205
175,1,22862113,1790427786,0x224e633c9632a51de2f6225a7620dc46b2d58b08,1,2,4000,0x7f803c,19,10,0xc91e4b8cf6b806ddd75a7c0caf8a61c49013bb12b08de7e5fa33402897cb760d,4 5 64 65 124 125 184 185 244 245
175,2,22862157,1790427808,0x224e633c9632a51de2f6225a7620dc46b2d58b08,9,2,4000,0x7f800000000000000000003f,10,8,0xc75ebe1146c62fa84bb6d32b3ef9d9055a050a4f83367a22543728c13d4b503b,28 29 88 89 148 149 208 209
177,1,22862325,1790427894,0x224e633c9632a51de2f6225a7620dc46b2d58b08,9,2,4000,0x7f8000000000000000000007,10,8,0x1959f78985d16863dd9b094592e53482f3087b9ec3af2ee23c3be1e50d2020c7,28 29 88 89 148 149 208 209
41,3,22862908,1790428190,0xe5aac01d46d2aeb58a8ee19c457e2d0d023274f3,1,2,4000,0x7f8039,19,10,0x8d37a2e7bdd13cd437ea2ea59c8c7fc0afb4f3d5bcfab0d006488031063c6fb4,4 5 64 65 124 125 184 185 244 245
181,1,22863119,1790428296,0x224e633c9632a51de2f6225a7620dc46b2d58b08,1,2,4000,0x7f803c,19,10,0xc91e4b8cf6b806ddd75a7c0caf8a61c49013bb12b08de7e5fa33402897cb760d,4 5 64 65 124 125 184 185 244 245
76,2,22863365,1790428421,0x3f62ae0c7ed24dcd2b52c1c224296519b02df00d,2,2,4000,0xff000035,28,16,0xa4ad5d43165f040f0b87558b697d131033a9819ea4d5ad50a8fcae0d807a9b71,6 7 8 66 67 68 126 127 128 186 187 188 246 247 248 82570
77,2,22863443,1790428461,0x3f62ae0c7ed24dcd2b52c1c224296519b02df00d,18,2,4000,0xff000000000000000000000000000000000000000034,14,8,0x03c193bbdf63a3c68f6cdd0c59258f771a342191647c2cb6355b57a78f9a3aa4,55 56 115 116 175 176 235 236
79,2,22863538,1790428509,0x3f62ae0c7ed24dcd2b52c1c224296519b02df00d,15,2,4000,0x1fe00000000000000000000000000000000031,11,8,0x1c36915780c841646f7eb6c3b6257ddd76ff99f01386e3e331d85583dd4078f1,46 47 106 107 166 167 226 227
185,1,22864021,1790428754,0xed39205dd38074eea517a0e3dbd099b4e4a85af3,6,1,2000,0x7f00000000000003a,5,4,0xb6aa06fc81f8b345872e7647b680fb2d3936607a2d9e0e02d437fcf29b77e9c1,19 79 139 199
187,1,22864142,1790428815,0x65d3f783f7a9f2a30cf70a8b3f6789fe98779086,11,1,2000,0xfe00000000000000000000000031,6,4,0xc64bfff68f4f47fdcb3339ac17cf5a0a63569000e6de779ff6644f7fb154713e,34 94 154 214
190,1,22864422,1790428957,0x024bd508a0752afb7e927b7defe681b51dd42377,13,0,500,0xf800000000000000000000000000002d,8,4,0x5d6a3067794c725d3d6da49b254f9a43adafa37586e01ec7f57a6e6854e4b6a4,40 100 160 220
191,1,22864500,1790428997,0x024bd508a0752afb7e927b7defe681b51dd42377,10,1,2000,0x7f00000000000000000000000e,5,4,0x71a7ea7548f84cdfa98818e840d51c1ce7b1d0b2e5eea9b80569c64a3430aed6,31 91 151 211
192,1,22864613,1790429054,0x024bd508a0752afb7e927b7defe681b51dd42377,3,2,4000,0x1fe00000036,19,10,0xafb36241c8acda53d66f13882c51b32f6a778896310c96ace775a9da42759fc1,10 11 70 71 130 131 190 191 250 251
63,5,22864770,1790429134,0x62ff01f014f0da446e02a62392538f36a83a2659,15,1,2000,0xfe0000000000000000000000000000000001b,6,4,0xaa4a185adfd39f0c5fccaf336522e3b2279070c10b7a34176cf909cbda9a83ec,46 106 166 226
23,8,22865392,1790429449,0x0349cd3a83006bc4f057f553f221d69bd7a6c504,1,0,500,0xf803d,19,10,0x289135193ca27a93fcd5c9a2f9309d04dff90f129e7058d9dc59853d32ac3e92,0 4 60 64 120 124 180 184 240 244
173,1,22865420,1790429464,0x1ffb740eabe3d5fde7052df1e82a1df6fac2633e,15,1,2000,0xfe0000000000000000000000000000000001f,6,4,0xa5a87e0db65c0410c953e12bec1455b0db1d979cf41ccd86f101f7f1eeeb4596,46 106 166 226
174,1,22865499,1790429504,0x1ffb740eabe3d5fde7052df1e82a1df6fac2633e,18,1,2000,0x7f00000000000000000000000000000000000000000f,7,4,0xe3687dd28d25b8a5f0723941c69957776f4b28dd599dce81b5ff8803e8d93b98,55 115 175 235
167,1,22865518,1790429513,0x4e4036db402290a8333fc81f2690bec313baa18f,4,0,500,0x7c000000000b,8,5,0xe8f8902fb2275507a692a2f28f24a5d5bbb20464397573a74a6665694601877a,13 73 133 193 253
176,1,22865530,1790429519,0x1ffb740eabe3d5fde7052df1e82a1df6fac2633e,19,0,500,0x3e0000000000000000000000000000000000000000001a,8,4,0x087b3b40d5a87a9cb3e3e44ca1e9c8662b5b20decd627693fd9a205deba309df,58 118 178 238
167,2,22865666,1790429588,0x4e4036db402290a8333fc81f2690bec313baa18f,18,0,500,0x1f000000000000000000000000000000000000000031,7,4,0x82948f9eb32848cbdd5cacebe03f8d1cb272915fe2bad29a06e9548781a8667c,55 115 175 235
167,3,22865699,1790429605,0x4e4036db402290a8333fc81f2690bec313baa18f,12,1,2000,0x1fc0000000000000000000000000026,5,4,0x0c98e21188195794cd67aed388bf881456aeef78c5b46a0ab73f3fd6ad1ff47a,37 97 157 217
167,4,22866048,1790429782,0x4e4036db402290a8333fc81f2690bec313baa18f,13,1,2000,0x3f8000000000000000000000000000034,13,8,0x7ab77a641a879f765dacbe3563bc8b59c05533aea90be5666bf7f93c17e458cf,39 40 99 100 159 160 219 220
196,1,22866066,1790429791,0xac0e67aaaa15dc791153b64df4a9d121dce797e5,1,2,4000,0x7f803c,19,10,0x667bffc7d572c8ba7567eb0fef0a359ff2ab0f7bda764ee668c3258f399e1b02,4 5 64 65 124 125 184 185 244 245
196,2,22866104,1790429811,0xac0e67aaaa15dc791153b64df4a9d121dce797e5,9,2,4000,0x7f800000000000000000003f,10,8,0x0acb931e2fdc3b99c9c96f2362f389c119b352ca190127ed16c6042eea80f7af,28 29 88 89 148 149 208 209
196,3,22866167,1790429842,0xac0e67aaaa15dc791153b64df4a9d121dce797e5,12,1,2000,0x1fc0000000000000000000000000026,5,4,0x6b8b2958abe785d83c97b4472e9d0f1ec5b8ad6af7ef309b7e1a3b1802d5af15,37 97 157 217
196,4,22866193,1790429856,0xac0e67aaaa15dc791153b64df4a9d121dce797e5,16,1,2000,0x1fc0000000000000000000000000000000000031,6,4,0xbd3fa4621c61f55a7c07d2e3f612ad71024f9bfa88102d879bf929fe426e2fcb,49 109 169 229
196,5,22866217,1790429868,0xac0e67aaaa15dc791153b64df4a9d121dce797e5,19,2,4000,0x1fe00000000000000000000000000000000000000000008,26,13,0xd1d2e6df5a00cb4bd6eaf119ade9d418aef92bdd3dfb259542b4dec81bed380a,0 58 59 60 118 119 120 178 179 180 238 239 240
185,2,22866343,1790429932,0xed39205dd38074eea517a0e3dbd099b4e4a85af3,19,1,2000,0xfe00000000000000000000000000000000000000000033,8,4,0xb0492273851d72c7fc1aa19163c5a9ce80d605e2653e30f82fdc1e980020958f,58 118 178 238
172,3,22866370,1790429945,0xed39205dd38074eea517a0e3dbd099b4e4a85af3,9,1,2000,0x3f8000000000000000000000,12,8,0x24084dd7e897c3653ed23965cfb78f3b3d49c0ab421a3c6ddde30aa3f278ca0f,27 28 87 88 147 148 207 208
185,3,22866447,1790429985,0xed39205dd38074eea517a0e3dbd099b4e4a85af3,14,2,4000,0xff00000000000000000000000000000002c,14,8,0x8796b90bbd0b828cfe9d021aeacd9e146d241013dd8150921a4808412922eeeb,43 44 103 104 163 164 223 224
31,2,22866524,1790430024,0xac79fd6008b971723d16974cdb23ad70ecc00bee,10,0,500,0x1f00000000000000000000002c,5,4,0x1e62f3d6c2ec54dbaa462f86906d7b842e2a05e229cc3098a94181573eddb925,31 91 151 211
31,3,22866550,1790430037,0xac79fd6008b971723d16974cdb23ad70ecc00bee,15,0,500,0x3e00000000000000000000000000000000001,6,4,0x64ce8689472d2d7529906dfc25a47bd4d1a7a5149ba72a82cd01dc2914b99cbc,46 106 166 226
31,4,22866572,1790430048,0xac79fd6008b971723d16974cdb23ad70ecc00bee,19,0,500,0x3e00000000000000000000000000000000000000000008,8,4,0xc9d9a71d53e398e6f2b18aff111c4193d4f711a0f8d96991bcbbb09c584d05bb,58 118 178 238
26,2,22866694,1790430110,0x0dd5ff179c68dd64fa712da08b550ec3a7d3bd73,7,2,4000,0x1fe0000000000000003c,16,8,0x19811b18978abf0ee08173e771b5754889849271b595323a49106337bc1f6a4a,22 23 82 83 142 143 202 203
86,2,22866755,1790430141,0x0dd5ff179c68dd64fa712da08b550ec3a7d3bd73,10,2,4000,0xff000000000000000000000019,13,8,0xea2359893d19386198d22efbe11e91af46baf2c895161fe66fe4ae8a4a18cd59,31 32 91 92 151 152 211 212
90,2,22866818,1790430173,0x0dd5ff179c68dd64fa712da08b550ec3a7d3bd73,19,2,4000,0x1fe00000000000000000000000000000000000000000036,16,8,0x545c717f164e38b7ac4e1aa65d7455d358aab6f257b0114ad18c07593bccbe1c,58 59 118 119 178 179 238 239
31,5,22866949,1790430239,0xac79fd6008b971723d16974cdb23ad70ecc00bee,15,0,500,0x3e00000000000000000000000000000000027,10,8,0x74d86a1164effb5eec91cf79f09860b7d857ec22873d5179759464c11b14122a,45 46 105 106 165 166 225 226
31,6,22867352,1790430444,0xac79fd6008b971723d16974cdb23ad70ecc00bee,6,0,500,0x1f00000000000002b,5,4,0xd8b2e0af0cc6b2b3a0856df5a20e23efee9ccc1c697d47a208566893864af3df,19 79 139 199
196,6,22867568,1790430553,0xac0e67aaaa15dc791153b64df4a9d121dce797e5,2,1,2000,0x7f00002b,16,10,0x14a2cbec6878f8f92a53f6c7d2397dbc320a90af7d62e3dfb008f059b64d2887,6 7 66 67 126 127 186 187 246 247
31,7,22867573,1790430556,0xac79fd6008b971723d16974cdb23ad70ecc00bee,9,0,500,0xf8000000000000000000023,5,4,0x8e808882fd4b3e8f40f40ccdc2cf6bf6385156124df415da7b51ca650b8c7fc7,28 88 148 208
196,7,22867625,1790430582,0xac0e67aaaa15dc791153b64df4a9d121dce797e5,3,1,2000,0xfe00000030,19,10,0x8d11f36e7955bc09a0c15ea8d46a0981c8d657e86b13c6724477e0077a19035c,9 10 69 70 129 130 189 190 249 250
196,8,22867701,1790430621,0xac0e67aaaa15dc791153b64df4a9d121dce797e5,4,1,2000,0x1fc000000000f,17,10,0x7f42e0b8fa4e84ba4e523b1b374db0e823b5964ea2373cddfc10b88cdd10d8f1,12 13 72 73 132 133 192 193 252 253
196,9,22867754,1790430647,0xac0e67aaaa15dc791153b64df4a9d121dce797e5,17,1,2000,0x3f8000000000000000000000000000000000000027,10,8,0x6ae3ed7dd019dae37a533b95392d8890787f774a49e3ed6272138d6b4059fe25,51 52 111 112 171 172 231 232
196,10,22867788,1790430665,0xac0e67aaaa15dc791153b64df4a9d121dce797e5,18,1,2000,0x7f000000000000000000000000000000000000000017,12,8,0x4b6cb6e86bff31fe38f5d425b9d0cf3d0aa243ab1c8f71cdf59b7dd6977cc8ac,54 55 114 115 174 175 234 235
59,6,22867970,1790430757,0xf04ecec3cac1ad5e55e03cb5842b07be2c2249c9,8,2,4000,0x3fc000000000000000002b,32,17,0x23c1b1e2f3142c5760033b86181242ab77088f68aa864365403cafe7a60741c7,0 24 25 26 60 84 85 86 120 144 145 146 180 204 205 206 240
196,11,22868617,1790431085,0xac0e67aaaa15dc791153b64df4a9d121dce797e5,10,1,2000,0x7f000000000000000000000020,8,8,0xd32857db0e285a070951ed1136fccbb687deb438e09da30ff0cacbff1768aa89,30 31 90 91 150 151 210 211
196,12,22869041,1790431300,0xac0e67aaaa15dc791153b64df4a9d121dce797e5,5,2,4000,0x7f800000000001f,29,18,0x1a06dbe5cc2a396f13c570f65d4d3c7fbf2df03acf646ae8559c959597ad618c,0 15 16 17 60 75 76 77 120 135 136 137 180 195 196 197 240 255
196,13,22869280,1790431421,0xac0e67aaaa15dc791153b64df4a9d121dce797e5,6,1,2000,0x7f000000000000022,12,8,0xc2ff91db4ba484c8c231655552dd54a8eeaeb24c816493713289e1b86b078053,18 19 78 79 138 139 198 199
31,8,22869308,1790431436,0xac79fd6008b971723d16974cdb23ad70ecc00bee,9,0,500,0xf8000000000000000000022,12,8,0xcd1a86d1ac7dcdb358325841963b540f8e75ac07b47f8b04c8cc0b4c4697983e,27 28 87 88 147 148 207 208
31,9,22869330,1790431447,0xac79fd6008b971723d16974cdb23ad70ecc00bee,6,0,500,0x1f000000000000033,22,13,0x93e078d64b36995743c5d4e07cee8604816925cf1acc1d3417ae3a683ce191a6,0 18 19 60 78 79 120 138 139 180 198 199 240
31,10,22869357,1790431461,0xac79fd6008b971723d16974cdb23ad70ecc00bee,3,0,500,0x3e0000000c,10,5,0x4755e3dfcabbfc59229d3b848ba82d854d438f2d1c8feaffc5f3fdf65cee4df3,10 70 130 190 250
31,11,22869381,1790431473,0xac79fd6008b971723d16974cdb23ad70ecc00bee,3,0,500,0x3e0000002f,19,10,0xe0994f8db92b9cd5ab2f14e7deffe59f65af7295688724809b18cf7bc7a0a0e2,9 10 69 70 129 130 189 190 249 250
31,12,22869478,1790431522,0xac79fd6008b971723d16974cdb23ad70ecc00bee,8,0,500,0x7c000000000000000003b,8,4,0xb7167f4063c1ebf1929760d50ab1fc4785eecf698524172369ee96d7f6ee3ea9,25 85 145 205
31,13,22869503,1790431535,0xac79fd6008b971723d16974cdb23ad70ecc00bee,16,0,500,0x7c0000000000000000000000000000000000005,6,4,0xb8d851ae8985b30440ff904b9e83f77e5fb22c925192c750557b61c05ab6a9a0,49 109 169 229
31,14,22869934,1790431753,0xac79fd6008b971723d16974cdb23ad70ecc00bee,10,1,2000,0x7f000000000000000000000001,8,8,0xaa181b05f19fb4e0ba7ffaf587bcdaf6c89365a710e72a5d787c4f2fd025c588,30 31 90 91 150 151 210 211
167,5,22870091,1790431833,0x4e4036db402290a8333fc81f2690bec313baa18f,19,1,2000,0xfe00000000000000000000000000000000000000000037,8,4,0x1332d74f318d05d872903209b3acd705f7d88b3e04c9bd980ff75faff23baf3f,58 118 178 238
178,1,22870133,1790431855,0x3103136150ed5dde8332551f0be87fcb7131a954,11,0,500,0x3e0000000000000000000000003f,6,4,0x3fc6b164ac3c3be38ba3cef84dfe0b4885cab01d3566d74131ad590301c82242,34 94 154 214
179,1,22870165,1790431870,0x3103136150ed5dde8332551f0be87fcb7131a954,18,0,500,0x1f00000000000000000000000000000000000000001a,7,4,0x82947bfb75f91da701d63be91bc831ab04c0119aad4cd20fc0d3ae0b84fdcc3e,55 115 175 235
179,2,22870181,1790431879,0x3103136150ed5dde8332551f0be87fcb7131a954,19,0,500,0x3e00000000000000000000000000000000000000000015,8,4,0x3c9eabef39f57890d26633a9bf1763130d922af89894204c60b9fb8b1f663a99,58 118 178 238
167,6,22870196,1790431886,0x4e4036db402290a8333fc81f2690bec313baa18f,17,0,500,0xf800000000000000000000000000000000000000c,17,9,0x2fbd65725c9d648095c5947c6864a7cecef845fe68339f981af702b9ad4cabd4,0 52 60 112 120 172 180 232 240
23,9,22870779,1790432182,0x0349cd3a83006bc4f057f553f221d69bd7a6c504,9,0,500,0xf8000000000000000000032,5,4,0x302db854857109d6c0d69333b83def72909fca0b7c09135d3cd7c38a208600c8,28 88 148 208
23,10,22870810,1790432198,0x0349cd3a83006bc4f057f553f221d69bd7a6c504,16,0,500,0x7c000000000000000000000000000000000001e,6,4,0xfc0ab0ee2b85f1f80bd0cd56617f7002a716800611c7828fba423da6315c8786,49 109 169 229
23,11,22870894,1790432240,0x0349cd3a83006bc4f057f553f221d69bd7a6c504,19,0,500,0x3e0000000000000000000000000000000000000000001f,13,8,0x6e449d66b8c26a9c89d9016703aa96d7239f6919a01ea02898a1e82c3bf29c03,57 58 117 118 177 178 237 238
27,3,22871165,1790432378,0x81b4bf458a73ea46fadd46ee8236e5f94c4eb8e0,1,1,2000,0x3f8000,9,5,0x7bc64a56998048a3da275387f80119806e28f895472bb9ebb6be24bc609d0178,4 64 124 184 244
156,4,22871170,1790432381,0x574b60bc1a42becb1de3972751e9238c26c9cccf,15,2,4000,0x1fe00000000000000000000000000000000037,15,12,0x77676306975c2ad461f42669d3e0b961a05c6700a369edd4a836053534eb4b78,45 46 47 105 106 107 165 166 167 225 226 227
74,3,22871236,1790432414,0x74107b9b65801d477d5a7980905beecd72b57a29,12,2,4000,0x3fc0000000000000000000000000026,9,8,0x073e0a9b458cbc928fff6159a964f9b66340b199d646774547afaa94629322fa,37 38 97 98 157 158 217 218
92,1,22871277,1790432435,0x74107b9b65801d477d5a7980905beecd72b57a29,19,2,4000,0x1fe0000000000000000000000000000000000000000002d,16,8,0xe854626760dd3ddf1c926b301c83a00e314be569c15d16655f9e5733e6080932,58 59 118 119 178 179 238 239
27,4,22871300,1790432446,0x81b4bf458a73ea46fadd46ee8236e5f94c4eb8e0,2,2,4000,0xff00001f,26,15,0xe6032ad98869be532aee5eb1616f847fd4d3200f342c40c55dbfc53d4dc952da,6 7 8 66 67 68 126 127 128 186 187 188 246 247 248
159,4,22871365,1790432479,0x574b60bc1a42becb1de3972751e9238c26c9cccf,15,2,4000,0x1fe00000000000000000000000000000000037,11,8,0x325ea8b9e416d9f1e48b9282daabce51c9280e3823324204ca72f55124ef1941,46 47 106 107 166 167 226 227
197,1,22871490,1790432543,0xb39e79d3540fc34f516af70574b94d4ef8f885d2,19,2,4000,0x1fe0000000000000000000000000000000000000000002d,16,8,0x07ab8751a2052357f398acd2a3c0998c7b9968bd71e6c15b86b301ff95b84215,58 59 118 119 178 179 238 239
198,1,22872065,1790432834,0x9194331dc33cde506a635cb2bde30a88246cb9cf,10,1,2000,0x7f00000000000000000000000e,5,4,0x7a96b67774d4ed8d624e0fba9b5f4bbe60983e50f1ad28f3ad3485ff4a29607f,31 91 151 211
200,1,22872815,1790433215,0x20f41835d1c6e437f28f054e2e0540b82740df25,19,1,2000,0xfe00000000000000000000000000000000000000000003,8,4,0xe5936971863e4f8d753637425b951521b27b3975e6b33c05d373260d658f7658,58 118 178 238
199,1,22872840,1790433227,0x0b1ba22af3fb3ad6247ba5d4413b6649edd40819,15,1,2000,0xfe0000000000000000000000000000000001f,6,4,0xa5a87e0db65c0410c953e12bec1455b0db1d979cf41ccd86f101f7f1eeeb4596,46 106 166 226
201,1,22872989,1790433303,0xaf88695762861f15b620b242c56d919f0d0ce612,9,2,4000,0x7f8000000000000000000007,10,8,0x1959f78985d16863dd9b094592e53482f3087b9ec3af2ee23c3be1e50d2020c7,28 29 88 89 148 149 208 209
50,3,22873122,1790433370,0xc01dde207a84c71149cde8b3657c5535c208aa20,2,2,4000,0xff000014,18,10,0x30162ff65efaeab62ebfd8fb50128f322601337ddc1f57cfb8d72813ecbca3fe,7 8 67 68 127 128 187 188 247 248
50,4,22873250,1790433435,0xc01dde207a84c71149cde8b3657c5535c208aa20,3,2,4000,0x1fe00000012,28,15,0xd8ba64f8ff8956eb09ac01360e2fc7b338c84fa16e467fd07aa6f06bf870ed0e,9 10 11 69 70 71 129 130 131 189 190 191 249 250 251
167,7,22873363,1790433493,0x4e4036db402290a8333fc81f2690bec313baa18f,11,0,500,0x3e00000000000000000000000013,6,4,0xc54a07c01e46fb07734ca8017216ba71fddc00c9a5ee79abca9ce1344ab31462,34 94 154 214
202,1,22873598,1790433612,0x51ff767cdd5112be157b12b5b1c7713608fc2601,8,2,4000,0x3fc0000000000000000033,14,8,0x0efa612ead503b3f1c4aff83462e52356ccefb2923c117876aef1174d2e4f5a9,25 26 85 86 145 146 205 206
203,1,22873827,1790433728,0x5eee54755344c65af3e0a76d4e970cdc42984b67,17,1,2000,0x3f800000000000000000000000000000000000000d,7,4,0x3e540c36529b49c8f33956e57fbd584efc241fc8d660ee2bcc52abb7ac15e27f,52 112 172 232
156,5,22873995,1790433813,0x574b60bc1a42becb1de3972751e9238c26c9cccf,15,2,4000,0x1fe00000000000000000000000000000000023,21,13,0x4dda010cd7b3146f7b30d3f39e4360a72b02d13327b7c8a58387fa0c574238ec,0 46 47 60 106 107 120 166 167 180 226 227 240
204,1,22874111,1790433872,0x5eee54755344c65af3e0a76d4e970cdc42984b67,14,1,2000,0x7f00000000000000000000000000000000e,7,4,0x3884353d7a1915c9b5e7b22b677334e24fe727af245badf20233b8619d812730,43 103 163 223
158,5,22874125,1790433879,0x574b60bc1a42becb1de3972751e9238c26c9cccf,15,2,4000,0x1fe00000000000000000000000000000000023,25,17,0x051ed97b805300fd9d882de7664f127563a7916efc449ba20eebb7361d1a0375,0 45 46 47 60 105 106 107 120 165 166 167 180 225 226 227 240
31,15,22874170,1790433902,0xac79fd6008b971723d16974cdb23ad70ecc00bee,15,0,500,0x3e0000000000000000000000000000000000d,6,4,0x3235378731562a948f72b824eec51a57fa61d951a107bcad99f064f2dd17b7e7,46 106 166 226
159,5,22874201,1790433918,0x574b60bc1a42becb1de3972751e9238c26c9cccf,19,2,4000,0x1fe00000000000000000000000000000000000000000008,21,12,0xd0af07ed431be2f79df56c16a5971eb83d9cd63672e77d6da966824147c826b0,57 58 59 117 118 119 177 178 179 237 238 239
205,1,22874270,1790433953,0x5eee54755344c65af3e0a76d4e970cdc42984b67,7,1,2000,0xfe00000000000000030,8,4,0x807283ff580d9885a09dcb08febde77829dc69491a719fcc27fce2b858ca9e57,22 82 142 202
167,8,22874350,1790433993,0x4e4036db402290a8333fc81f2690bec313baa18f,10,0,500,0x1f00000000000000000000001b,5,4,0x8e937c735b9eee289d8647b47dc25cbb553c95676c4b3cf0739f34961716825a,31 91 151 211
158,6,22874361,1790433999,0x574b60bc1a42becb1de3972751e9238c26c9cccf,8,1,2000,0x1fc0000000000000000017,8,4,0xe0d6d12b50ad2f68cb1b8d6dca973992c1f04b6cf22bb90e556227de259f48ac,25 85 145 205
202,2,22874382,1790434009,0x51ff767cdd5112be157b12b5b1c7713608fc2601,11,2,4000,0x1fe00000000000000000000000039,12,8,0x3a086e0e5ab14d7417ad7e523a82b433c34dd58681574a6d88ec6535ecaf663c,34 35 94 95 154 155 214 215
199,2,22874518,1790434078,0x0b1ba22af3fb3ad6247ba5d4413b6649edd40819,8,1,2000,0x1fc0000000000000000024,8,4,0x9bd85edcb29cdfd401e75fc9b4afde5a904af6894ac26af95ed5d8f8819f9f75,25 85 145 205
198,2,22874521,1790434080,0x9194331dc33cde506a635cb2bde30a88246cb9cf,1,2,4000,0x7f8022,19,10,0x513a30c1c7d452506c72232f1e45e6271be9f93d2bddb007484139d56312f23b,4 5 64 65 124 125 184 185 244 245
159,6,22874775,1790434209,0x574b60bc1a42becb1de3972751e9238c26c9cccf,8,1,2000,0x1fc0000000000000000017,26,13,0x6bf7e9d7a79057d2982d425dd19af70ae20f5c3c3fdf0e097a9aeac956b70198,0 24 25 60 84 85 120 144 145 180 204 205 240
148,2,22874961,1790434303,0x9628149b8268f15adc99911e64a79cdea7fb71ab,1,0,500,0xf8007,9,5,0xf5c50feb20249e56f348cecc9b6495ce8bba5534962bdd0ea48220a9330729c9,4 64 124 184 244
201,2,22875162,1790434405,0xaf88695762861f15b620b242c56d919f0d0ce612,12,2,4000,0x3fc000000000000000000000000002e,9,8,0xe5a5db1a0b99050595a66725bbe721137fd9051a9151c1ac2a4e073db64a9683,37 38 97 98 157 158 217 218
167,9,22875277,1790434463,0x4e4036db402290a8333fc81f2690bec313baa18f,19,1,2000,0xfe00000000000000000000000000000000000000000013,21,12,0xd8a7d51b01f128b50ca41c480b1cc89c1008349b35cbaabe11ca4332810bfbf4,57 58 59 117 118 119 177 178 179 237 238 239
27,5,22875294,1790434472,0x81b4bf458a73ea46fadd46ee8236e5f94c4eb8e0,9,1,2000,0x3f8000000000000000000013,5,4,0x740d9925eca9899bb0c58f01ef3da4f8b4dae999637a22762fbe9f41d2e0a944,28 88 148 208
1,1,22875322,1790434486,0x5e7293bbccad7d606add851b1a8887c02d0102ab,9,1,2000,0x3f8000000000000000000028,5,4,0x6381e63db0d9e16f4e18e3582718a31231485ae167bafe4b52c144c3121bab3f,28 88 148 208
57,1,22876182,1790434922,0xdb67846763415453a214ab8a9f7c14a0c8c99bed,3,2,4000,0x1fe00000036,19,10,0x5fdca0b3181241cdb7ff11e93ed970d70a2535ac2df05fdd2f81f832d3718c85,10 11 70 71 130 131 190 191 250 251
52,1,22876415,1790435040,0x346790c85882719d3806c1a7933dd7455a4f5b09,9,2,4000,0x7f8000000000000000000007,10,8,0x1959f78985d16863dd9b094592e53482f3087b9ec3af2ee23c3be1e50d2020c7,28 29 88 89 148 149 208 209
26,3,22876443,1790435055,0x0dd5ff179c68dd64fa712da08b550ec3a7d3bd73,7,2,4000,0x1fe00000000000000039,24,12,0x2a9e7f05361a647d289b8d70a81567ab9e5d746e3378a37cc095d4d8e9bb00de,21 22 23 81 82 83 141 142 143 201 202 203
63,6,22876513,1790435090,0x62ff01f014f0da446e02a62392538f36a83a2659,13,2,4000,0x7f8000000000000000000000000000009,14,8,0xcb0f5015d7cb77d4b80ad24fd983274372a5ab4cb56afed5d0eca976c2a44fa8,40 41 100 101 160 161 220 221
86,3,22876514,1790435091,0x0dd5ff179c68dd64fa712da08b550ec3a7d3bd73,13,2,4000,0x7f8000000000000000000000000000020,14,8,0x2bb32f504e059920a6a8223506ab06b66e02ca0369dd43c1b2e1e94fc3528902,40 41 100 101 160 161 220 221
90,3,22876554,1790435111,0x0dd5ff179c68dd64fa712da08b550ec3a7d3bd73,17,2,4000,0x7f800000000000000000000000000000000000003d,12,8,0x239c3461c2b6f3a980d10681cadb6f8902eebd44bbcec9bbed2e910f3ffc51a7,52 53 112 113 172 173 232 233
43,6,22876559,1790435114,0x2f694c711225e97dc71e2a98c0a186ae3e1ad167,2,0,500,0x1f000008,8,5,0x8b5883e1ccaa77c06f3a823a6d17f073acb013f502be415d91756b5a7a2570f0,7 67 127 187 247
68,3,22876584,1790435126,0x62ff01f014f0da446e02a62392538f36a83a2659,3,2,4000,0x1fe0000003a,19,10,0xfdcb28cc124e5cbc871de1764e42d32facb6aa4263694061fa7d4bf26c1d4767,10 11 70 71 130 131 190 191 250 251
164,2,22876596,1790435132,0x2f694c711225e97dc71e2a98c0a186ae3e1ad167,10,0,500,0x1f00000000000000000000002c,5,4,0x0352c247237eccbdb8f8a146aa2fb253904e66cf4850b1069416f737f5cdcf61,31 91 151 211
62,2,22876638,1790435154,0xd6ed92a915f940db5d288b1724a4e45b20c4f027,12,2,4000,0x3fc000000000000000000000000002e,9,8,0x3b47fce1e5c66fdfa8c8e5c6970960bd0ef8e4b5d4c6d06f60a94777e6e8f7df,37 38 97 98 157 158 217 218
70,3,22876659,1790435164,0x62ff01f014f0da446e02a62392538f36a83a2659,16,2,4000,0x3fc0000000000000000000000000000000000005,13,8,0x1fc44882cc0f4cda99ab81962b39dc0d130c9fddfae08ca260cf3f117c7cef58,49 50 109 110 169 170 229 230
78,2,22876692,1790435181,0xd6ed92a915f940db5d288b1724a4e45b20c4f027,11,2,4000,0x1fe00000000000000000000000039,20,12,0x2ee3b5af12212a10a30852da5962439bf5e4504e329f0370eb2e01de7be07f4e,33 34 35 93 94 95 153 154 155 213 214 215
81,2,22876732,1790435201,0xd6ed92a915f940db5d288b1724a4e45b20c4f027,19,2,4000,0x1fe00000000000000000000000000000000000000000036,16,8,0x94901f769b292e19402b59c044985e180830015ea64dab6e690ab037b1bd9373,58 59 118 119 178 179 238 239
167,10,22876740,1790435205,0x4e4036db402290a8333fc81f2690bec313baa18f,5,2,4000,0x7f8000000000001,11,8,0xa91204cd3ac63e9f5112b2cf7023212c792a8d7bc4c53d2b8e2e27832a4b989d,16 17 76 77 136 137 196 197
44,11,22876769,1790435220,0xf04ecec3cac1ad5e55e03cb5842b07be2c2249c9,12,2,4000,0x3fc0000000000000000000000000023,22,16,0x6b4af7789d47c5f7583199e3259da4852b3bdcb6e034903c49f143cb71ce87ca,36 37 38 39 96 97 98 99 156 157 158 159 216 217 218 219
59,7,22876840,1790435256,0xf04ecec3cac1ad5e55e03cb5842b07be2c2249c9,19,2,4000,0x1fe00000000000000000000000000000000000000000036,21,12,0xc71cfa47be5b0177b5cb4e7aa12d13e69d975abeeedba69313ea46ad8b2e10e5,57 58 59 117 118 119 177 178 179 237 238 239
69,8,22876883,1790435278,0xf04ecec3cac1ad5e55e03cb5842b07be2c2249c9,19,2,4000,0x1fe00000000000000000000000000000000000000000028,21,12,0x3c3570486beabc563cca109360d781d393575feaa9ec90685b1e5f3f50f68af3,57 58 59 117 118 119 177 178 179 237 238 239
207,1,22876899,1790435286,0x4fe840d7588f2a7cc776b24c74b710d80c68c887,1,1,2000,0x3f8020,9,5,0x39ba80e1866ffc1d09de2e597461e3e9deef25f301dfaeff660571953e4a380e,4 64 124 184 244
57,2,22876914,1790435294,0xdb67846763415453a214ab8a9f7c14a0c8c99bed,10,2,4000,0xff000000000000000000000019,13,8,0x58c1bb99015789d373c2b86ffc27b3fc9361134f375a33e1bca36ff9a1bc6aea,31 32 91 92 151 152 211 212
208,1,22877205,1790435442,0x019d9319cbefec30f672fe0f79acd709958ab271,2,0,500,0x1f000006,8,5,0x8318f8a23c511f1c13c1425742f91eae99da672ef6027c03788b656298400c1f,7 67 127 187 247
172,4,22877363,1790435522,0xed39205dd38074eea517a0e3dbd099b4e4a85af3,9,1,2000,0x3f8000000000000000000019,10,8,0x1e390219fbb3857ec18ec8f587dd6c7a02dfd71339b7e03e6e50a1fcad2e94c1,28 29 88 89 148 149 208 209
185,4,22877411,1790435546,0xed39205dd38074eea517a0e3dbd099b4e4a85af3,16,1,2000,0x1fc0000000000000000000000000000000000031,6,4,0x986337905022116353181092e084fac401c9b346a7212c69f23bd116d5697d62,49 109 169 229
207,2,22877423,1790435552,0x4fe840d7588f2a7cc776b24c74b710d80c68c887,9,1,2000,0x3f800000000000000000001a,5,4,0xad59141372bd9b862f8a41e68d73c0feb723aa083ebc36044423ac646354e0c5,28 88 148 208
23,12,22877606,1790435645,0x0349cd3a83006bc4f057f553f221d69bd7a6c504,16,0,500,0x7c000000000000000000000000000000000000d,14,8,0x36978a29dfa9ebdc00d2f722d734e70e8a98fc00c8fe5fee184243a7372ac7a8,48 49 108 109 168 169 228 229
208,2,22877640,1790435662,0x019d9319cbefec30f672fe0f79acd709958ab271,3,1,2000,0xfe0000002a,10,5,0x8319fdbb6d8f77d1b6413865b211a6717f11bbbeccaa72680defda40ea74014b,10 70 130 190 250
76,3,22877681,1790435683,0x3f62ae0c7ed24dcd2b52c1c224296519b02df00d,17,2,4000,0x7f800000000000000000000000000000000000003d,14,9,0xaa3857832fca5b0e9214bc9315d9a478596e95fbee21fdf8defaa395b75460b3,52 53 112 113 172 173 232 233 247
77,3,22877712,1790435699,0x3f62ae0c7ed24dcd2b52c1c224296519b02df00d,19,2,4000,0x1fe0000000000000000000000000000000000000000003d,21,12,0x8fe7907234e6fdace0742570d6055753de2437b246a6064c849a21b1c8eea61e,57 58 59 117 118 119 177 178 179 237 238 239
15,4,22877742,1790435714,0xe6e5a8b9c4a0cd805f06b565b6f2857923cc6b11,9,0,500,0xf8000000000000000000021,5,4,0x06db029fc3a76a6e42bb166beedef3bf650813d2c24216c10dcfef620247885f,28 88 148 208
79,3,22877752,1790435719,0x3f62ae0c7ed24dcd2b52c1c224296519b02df00d,9,2,4000,0x7f800000000000000000001a,10,8,0x0cbd619950008f986bf226ab05432932973dde453f43f53f0d72b3e3c4d84c1e,28 29 88 89 148 149 208 209
178,2,22877976,1790435833,0x3103136150ed5dde8332551f0be87fcb7131a954,19,0,500,0x3e00000000000000000000000000000000000000000015,8,4,0x32f36c8487f4a2f4601fb4ec575828c3e5f35c0cb00ac843584d1194c77b4e45,58 118 178 238
179,3,22877996,1790435843,0x3103136150ed5dde8332551f0be87fcb7131a954,19,0,500,0x3e0000000000000000000000000000000000000000000a,13,8,0x4403b4ffa1b22882946640c4a00243bb5aeee1f9e7a1b9efd828b4874b91cbb5,57 58 117 118 177 178 237 238
180,1,22878075,1790435883,0x3103136150ed5dde8332551f0be87fcb7131a954,19,0,500,0x3e0000000000000000000000000000000000000000001a,8,4,0xaf05ac1ce4056b5302d5e0b9afc20b41ca46adb782a1acc393af9c768bc310ea,58 118 178 238
187,2,22878076,1790435884,0x65d3f783f7a9f2a30cf70a8b3f6789fe98779086,1,2,4000,0x7f8022,19,10,0x05e390c69f046679a096e609fd5a7482fd1e4c33eddb770a2902ac52b0afe1ae,4 5 64 65 124 125 184 185 244 245
180,2,22878121,1790435907,0x3103136150ed5dde8332551f0be87fcb7131a954,19,1,2000,0xfe00000000000000000000000000000000000000000033,13,8,0x57e08c955f7c27fc5b2223087a5db983af665eddeb9d18cccf42ad404a3ac63a,57 58 117 118 177 178 237 238
182,1,22878398,1790436047,0x549ae637381f77c13bb0e9308a0d8f56769f4dc4,1,0,500,0xf8000,9,5,0x75d24ebcdf5e95a5dae6cb424a0865c25f593b2cc23b44e8c7e4115d71a8205a,4 64 124 184 244
182,2,22878433,1790436065,0x549ae637381f77c13bb0e9308a0d8f56769f4dc4,9,0,500,0xf8000000000000000000011,5,4,0x5f5b58bd9b99e0fa78c8b73c43c1b7c694fd30d917720b130c5095d2bf35fa80,28 88 148 208
182,3,22878456,1790436077,0x549ae637381f77c13bb0e9308a0d8f56769f4dc4,12,0,500,0x7c0000000000000000000000000014,5,4,0xed8d40019005d59401018bf456dfb1d9571c947ef62f5273ba98e638b6d20358,37 97 157 217
182,4,22878479,1790436088,0x549ae637381f77c13bb0e9308a0d8f56769f4dc4,16,0,500,0x7c0000000000000000000000000000000000007,6,4,0x56c36392bdaca8cf6f897891ef80577c76bed39d4df40b40c572112aa09d42f6,49 109 169 229
182,5,22878494,1790436096,0x549ae637381f77c13bb0e9308a0d8f56769f4dc4,19,1,2000,0xfe00000000000000000000000000000000000000000037,8,4,0x924b89ec701302e535872d1398d95b01f1fcdc6473684c08115d3556ca8f457e,58 118 178 238
183,1,22878520,1790436109,0x549ae637381f77c13bb0e9308a0d8f56769f4dc4,1,0,500,0xf8000,9,5,0x75d24ebcdf5e95a5dae6cb424a0865c25f593b2cc23b44e8c7e4115d71a8205a,4 64 124 184 244
183,2,22878539,1790436119,0x549ae637381f77c13bb0e9308a0d8f56769f4dc4,9,0,500,0xf8000000000000000000011,5,4,0x5f5b58bd9b99e0fa78c8b73c43c1b7c694fd30d917720b130c5095d2bf35fa80,28 88 148 208
183,3,22878555,1790436127,0x549ae637381f77c13bb0e9308a0d8f56769f4dc4,12,0,500,0x7c0000000000000000000000000014,5,4,0xed8d40019005d59401018bf456dfb1d9571c947ef62f5273ba98e638b6d20358,37 97 157 217
183,4,22878573,1790436136,0x549ae637381f77c13bb0e9308a0d8f56769f4dc4,16,0,500,0x7c0000000000000000000000000000000000007,6,4,0x56c36392bdaca8cf6f897891ef80577c76bed39d4df40b40c572112aa09d42f6,49 109 169 229
183,5,22878616,1790436158,0x549ae637381f77c13bb0e9308a0d8f56769f4dc4,19,0,500,0x3e0000000000000000000000000000000000000000002e,8,4,0x8705b7bbd1f3926e63702f5658b1187319f14720832af02b82404e9af8b74d6c,58 118 178 238
184,1,22878650,1790436175,0x549ae637381f77c13bb0e9308a0d8f56769f4dc4,19,1,2000,0xfe00000000000000000000000000000000000000000003,8,4,0xe5936971863e4f8d753637425b951521b27b3975e6b33c05d373260d658f7658,58 118 178 238
165,2,22878678,1790436189,0xa5552389c0c7601030cb8d82b487150855478342,19,2,4000,0x1fe00000000000000000000000000000000000000000036,21,12,0xff9e042a4dc1fbc3a1e49e6d8ee687e6bd2918458a70ca87f9801743a6476ee0,57 58 59 117 118 119 177 178 179 237 238 239
186,1,22878967,1790436336,0x703ca793c3ce69082c70bea3a8fb71cc5bd05155,19,1,2000,0xfe00000000000000000000000000000000000000000003,8,4,0xe5936971863e4f8d753637425b951521b27b3975e6b33c05d373260d658f7658,58 118 178 238
188,1,22878982,1790436344,0x703ca793c3ce69082c70bea3a8fb71cc5bd05155,19,1,2000,0xfe00000000000000000000000000000000000000000003,8,4,0xe5936971863e4f8d753637425b951521b27b3975e6b33c05d373260d658f7658,58 118 178 238
189,1,22879021,1790436364,0x703ca793c3ce69082c70bea3a8fb71cc5bd05155,19,1,2000,0xfe00000000000000000000000000000000000000000003,8,4,0xe5936971863e4f8d753637425b951521b27b3975e6b33c05d373260d658f7658,58 118 178 238
63,7,22879055,1790436381,0x62ff01f014f0da446e02a62392538f36a83a2659,2,2,4000,0xff000003,18,10,0xafb69921af331880858b044536d8a0e9cb8d5ee030bf701f7de910a24abcc65a,7 8 67 68 127 128 187 188 247 248
167,11,22879161,1790436435,0x4e4036db402290a8333fc81f2690bec313baa18f,15,1,2000,0xfe0000000000000000000000000000000000c,6,4,0xc231e15ef086231a8b34dbeeb0ce3c85db4ec5eda2b52b2595a422910b366453,46 106 166 226
70,4,22879284,1790436497,0x62ff01f014f0da446e02a62392538f36a83a2659,7,2,4000,0x1fe00000000000000009,16,8,0x62c3d1499d708fbc17a93f22fa433697314cfee370d7f26aacc41aa4ec876866,22 23 82 83 142 143 202 203
193,1,22879355,1790436533,0xbfdd7a87be2ad35e150fe97ec3e9459cf922296f,19,1,2000,0xfe00000000000000000000000000000000000000000003,8,4,0xe5936971863e4f8d753637425b951521b27b3975e6b33c05d373260d658f7658,58 118 178 238
194,1,22879390,1790436551,0xbfdd7a87be2ad35e150fe97ec3e9459cf922296f,19,1,2000,0xfe00000000000000000000000000000000000000000003,8,4,0xe5936971863e4f8d753637425b951521b27b3975e6b33c05d373260d658f7658,58 118 178 238
195,1,22879417,1790436565,0xbfdd7a87be2ad35e150fe97ec3e9459cf922296f,19,1,2000,0xfe00000000000000000000000000000000000000000003,8,4,0xe5936971863e4f8d753637425b951521b27b3975e6b33c05d373260d658f7658,58 118 178 238
143,7,22879645,1790436680,0xb2732bc83797a44d7368b04b95879f582723346f,1,0,500,0xf8006,9,5,0xa4c4ceadef0795763423cb36fa60b2e6806e819071ee5669875c9332272e8c34,4 64 124 184 244
143,8,22879680,1790436698,0xb2732bc83797a44d7368b04b95879f582723346f,12,0,500,0x7c0000000000000000000000000010,5,4,0x34e26336e39e7064e9395aa95db7fb67a1b50c03bf013f7dea6b551bfa0150b7,37 97 157 217
143,9,22879696,1790436706,0xb2732bc83797a44d7368b04b95879f582723346f,19,1,2000,0xfe00000000000000000000000000000000000000000013,8,4,0xcdcebc0c05307e089c380340cfefcc10df734bf0ff602c01ca9f83ecf1c868a4,58 118 178 238
143,10,22879714,1790436715,0xb2732bc83797a44d7368b04b95879f582723346f,9,0,500,0xf8000000000000000000011,5,4,0xa4378c65a68dba80ee52cbcc4e9d119af0423eeb217b90650b79f83e806fd389,28 88 148 208
211,1,22879979,1790436850,0xbcd76fa66f9edc46065f4f27fd634ca15a0b1c72,19,1,2000,0xfe00000000000000000000000000000000000000000003,8,4,0xe5936971863e4f8d753637425b951521b27b3975e6b33c05d373260d658f7658,58 118 178 238
212,1,22880522,1790437126,0xbcd76fa66f9edc46065f4f27fd634ca15a0b1c72,19,2,4000,0x1fe0000000000000000000000000000000000000000002d,16,8,0xd0698d8c55e7329f26319366ff51ebccc66adad5bd5daf99fe0022a28cdb9a14,58 59 118 119 178 179 238 239
176,2,22882372,1790438065,0x1ffb740eabe3d5fde7052df1e82a1df6fac2633e,19,2,4000,0x1fe00000000000000000000000000000000000000000036,21,12,0x70c6625b61c014d786fea1cdaedd0b5673abf7882e29a14a5a329605c9c49779,57 58 59 117 118 119 177 178 179 237 238 239
213,1,22882731,1790438248,0xccde496b83c644f779e5b6fcc0cc4a5c276fa5d4,1,0,500,0xf8000,9,5,0x75d24ebcdf5e95a5dae6cb424a0865c25f593b2cc23b44e8c7e4115d71a8205a,4 64 124 184 244
216,1,22882852,1790438309,0x08bf056c728966c8d6d3f2acb0ad4be521ed0631,18,0,500,0x1f00000000000000000000000000000000000000001a,7,4,0x82947bfb75f91da701d63be91bc831ab04c0119aad4cd20fc0d3ae0b84fdcc3e,55 115 175 235
218,1,22883307,1790438540,0xb3aa0c5049d7e1c9abf88d612c10b8d792383464,8,0,500,0x7c000000000000000001f,8,4,0x9d13145a545831a36585cccd009d21d6db47613410e5420fd3e06423332872e5,25 85 145 205
36,2,22883591,1790438684,0xf410f5824a53bdeedb76f7d280bccad40538c523,18,1,2000,0x7f000000000000000000000000000000000000000007,7,4,0x83d6f4b45ad46dfacc3694c90648f6d43bfb56a4afb50a490972104a2158760f,55 115 175 235
219,1,22883830,1790438806,0x08bf056c728966c8d6d3f2acb0ad4be521ed0631,1,0,500,0xf8000,9,5,0x75d24ebcdf5e95a5dae6cb424a0865c25f593b2cc23b44e8c7e4115d71a8205a,4 64 124 184 244
211,2,22885331,1790439568,0xbcd76fa66f9edc46065f4f27fd634ca15a0b1c72,1,1,2000,0x3f803c,9,5,0xf314352d39bb2582c7a71d1e7a351b1ee2b4b4c9b9e91d3d66fe7407f2f32890,4 64 124 184 244
157,2,22885438,1790439622,0xbdc08bbec6b4f455cd2a94e000b0f205b7149444,1,1,2000,0x3f803c,9,5,0x8f43fc93791367c14076e2c68c81f5ddcae569d30f17a32673fda96d848830ed,4 64 124 184 244
157,3,22885455,1790439631,0xbdc08bbec6b4f455cd2a94e000b0f205b7149444,7,1,2000,0xfe00000000000000008,8,4,0xca8047592072435c4a4ab257603942936f855810c7d36d60c40db02fc5aa808d,22 82 142 202
157,4,22885473,1790439640,0xbdc08bbec6b4f455cd2a94e000b0f205b7149444,6,1,2000,0x7f00000000000001e,5,4,0x9df7f9c2bb8f44fa585204bd52e1c35ef833d6da89a8f20aea01ba8b004a1adf,19 79 139 199
220,1,22886429,1790440125,0x939571499a81766380edd7040bb16a785b800855,1,0,500,0xf8000,9,5,0x9571b0c3744c2e1b89beea8dd0c046ee07bb806236cffe62c1472b0bfac4389d,4 64 124 184 244
217,1,22886726,1790440276,0xd14049678140b62b8d5ea1766357b0f3646eb936,9,1,2000,0x3f8000000000000000000028,5,4,0x6381e63db0d9e16f4e18e3582718a31231485ae167bafe4b52c144c3121bab3f,28 88 148 208
227,1,22887599,1790440720,0xcf9ca4ebf3ed44342d01d6aa5bd48f61976d16a3,9,2,4000,0x7f8000000000000000000007,10,8,0x9e4c3868958315f9f05013ef7c8411ce177627f14c1407280f0cb61fdf53a76b,28 29 88 89 148 149 208 209
196,14,22887751,1790440797,0xac0e67aaaa15dc791153b64df4a9d121dce797e5,15,1,2000,0xfe0000000000000000000000000000000003f,6,4,0x5f2fed2a9e2b65bed185fc292f5fc04e23eb30ec50b47b544c4d09121b91d9f1,46 106 166 226
23,13,22888166,1790441008,0x0349cd3a83006bc4f057f553f221d69bd7a6c504,10,0,500,0x1f00000000000000000000003b,5,4,0xee479da20105383aba4700fceb77ff07a21b3c9cb138793c9642d4fcd272c267,31 91 151 211
53,7,22888861,1790441361,0xe0be2740456040536765022e7db612418e3de99e,18,2,4000,0xff000000000000000000000000000000000000000027,19,12,0x540e25f98b154b5760b96cd0ef53cee0fd146524e59addd6936fc623d3142555,54 55 56 114 115 116 174 175 176 234 235 236
60,5,22888975,1790441418,0xe0be2740456040536765022e7db612418e3de99e,12,1,2000,0x1fc000000000000000000000000003b,23,13,0x560bf46b699b956bae43e14f21bee1cec4864df35b1e81185f340a9b5003b47c,0 36 37 60 96 97 120 156 157 180 216 217 240
61,11,22889067,1790441465,0xe0be2740456040536765022e7db612418e3de99e,2,1,2000,0x7f00002f,26,15,0xc5b968d647bfb7f1d4e1df15a00527e9ddaa431c6c54d3642d6ef43bd87e90bc,6 7 8 66 67 68 126 127 128 186 187 188 246 247 248
231,1,22889632,1790441752,0x246e4bf851155c76cd74a4e2961cd879431a7768,17,0,500,0xf800000000000000000000000000000000000003e,7,4,0x825ad70db97d890dfa09605865f57c29bf66b5ed19e430b7c9dcd6864997a2d6,52 112 172 232
232,1,22889698,1790441786,0x246e4bf851155c76cd74a4e2961cd879431a7768,14,0,500,0x1f000000000000000000000000000000015,7,4,0xf21ad1df8474d6392d94166077e0bbdd58fd40f667e7a79ad4ebe1ddda9947ca,43 103 163 223
241,1,22891037,1790442466,0x34ee0241ab4d91c588bcd37948bec7769e0cae90,14,0,500,0x1f000000000000000000000000000000015,7,4,0xc50b3301204674e11d5dd47dbeebf3027cb9fc84fbbc64ab5952584438f582c5,43 103 163 223
242,1,22891100,1790442498,0x34ee0241ab4d91c588bcd37948bec7769e0cae90,19,0,500,0x3e0000000000000000000000000000000000000000001a,8,4,0xd1b2c2b95fe5d5f7b824d6a948d2820adcb0853aa02aa09c910c975015604a7f,58 118 178 238
243,1,22891160,1790442528,0x34ee0241ab4d91c588bcd37948bec7769e0cae90,7,0,500,0x3e0000000000000000a,8,4,0x10846df2ddeebe476d875f183dedab1c341918f30f460b9d67800bf894961427,22 82 142 202
220,2,22891629,1790442766,0x939571499a81766380edd7040bb16a785b800855,2,1,2000,0x7f000000,8,5,0xa22add75f611ff1b232da1e0bfe747ee494788c2caab607b6a56da822d60d5ea,7 67 127 187 247
38,3,22891651,1790442778,0x9fe1c07a4b2ee2842eee679ae719bb23ed341c18,12,1,2000,0x1fc0000000000000000000000000026,5,4,0x972ae84007bc0f5b2345f2de2a955ff95cfa2ecff2c892f9328206b3ab2b06cd,37 97 157 217
47,2,22891711,1790442808,0x9fe1c07a4b2ee2842eee679ae719bb23ed341c18,19,1,2000,0xfe00000000000000000000000000000000000000000033,8,4,0xae61ddbc12fdd67dd52b577dfe83c5cd88ff01b27ec58341304da2c6a08af2d7,58 118 178 238
70,5,22891925,1790442917,0x62ff01f014f0da446e02a62392538f36a83a2659,1,2,4000,0x7f8010,19,10,0xa03af03729184d69a91ca805c60a766318868cd408aa820c166528512d435811,4 5 64 65 124 125 184 185 244 245
68,4,22891988,1790442949,0x62ff01f014f0da446e02a62392538f36a83a2659,9,2,4000,0x7f800000000000000000001a,13,12,0x1244a7d56f8a0ec30ff3e344ae3ad4d4b76b8069bdd8494a8f9b7de79883d322,28 29 30 88 89 90 148 149 150 208 209 210
244,1,22892046,1790442978,0x4663f73533083a058510fb48c75ca64cd885b262,19,2,4000,0x1fe0000000000000000000000000000000000000000002d,16,8,0x07ab8751a2052357f398acd2a3c0998c7b9968bd71e6c15b86b301ff95b84215,58 59 118 119 178 179 238 239
14,4,22892588,1790443253,0x1b1829e31d3f85210ea84c2b62f59faa47687c7e,5,0,500,0xf8000000000006,6,4,0x08742a187267aaecc0811db723152fbffb9d0628bd9d171e4e42dc49f6ce16c1,16 76 136 196
142,2,22892743,1790443332,0x22fdae531a69647a0ade9154093ac83769f9dc49,10,1,2000,0x7f00000000000000000000003d,5,4,0x9d5c2df81047fb96edd2f69ba99ba7fccc99fdb5d64cb8c78002c80d3d32eeeb,31 91 151 211
245,1,22892966,1790443445,0x4663f73533083a058510fb48c75ca64cd885b262,1,1,2000,0x3f8020,9,5,0xfaa3d12ddac83b857772d4ed0c7592c4f794aafaacc802cbbdf6494de6cd2ea3,4 64 124 184 244
246,1,22893100,1790443514,0x4663f73533083a058510fb48c75ca64cd885b262,19,1,2000,0xfe00000000000000000000000000000000000000000003,8,4,0xe5936971863e4f8d753637425b951521b27b3975e6b33c05d373260d658f7658,58 118 178 238
247,1,22893616,1790443776,0xc7f1dce49db860c865ce34e4eb65dbef625919ef,19,2,4000,0x1fe0000000000000000000000000000000000000000002d,16,8,0x07ab8751a2052357f398acd2a3c0998c7b9968bd71e6c15b86b301ff95b84215,58 59 118 119 178 179 238 239
220,3,22893926,1790443933,0x939571499a81766380edd7040bb16a785b800855,3,0,500,0x3e00000004,19,10,0xec5f82f45f803619788aecb95d86ec2b164201a3ee6c862fbcaeb7845ee2df12,9 10 69 70 129 130 189 190 249 250
249,1,22893936,1790443938,0x2cfff5469410317b2aac1fff1d97f1b856a24d20,4,1,2000,0x1fc0000000005,8,5,0xbbc026f50244554c0c3ace741513aa3319c361a656c49e22cdb91fd6921c44af,13 73 133 193 253
250,1,22894013,1790443977,0x2cfff5469410317b2aac1fff1d97f1b856a24d20,4,1,2000,0x1fc0000000005,8,5,0xbbc026f50244554c0c3ace741513aa3319c361a656c49e22cdb91fd6921c44af,13 73 133 193 253
252,1,22894092,1790444017,0x2cfff5469410317b2aac1fff1d97f1b856a24d20,18,1,2000,0x7f00000000000000000000000000000000000000000f,7,4,0xe3687dd28d25b8a5f0723941c69957776f4b28dd599dce81b5ff8803e8d93b98,55 115 175 235
247,2,22894884,1790444420,0xc7f1dce49db860c865ce34e4eb65dbef625919ef,14,1,2000,0x7f00000000000000000000000000000003d,7,4,0xdb20e87812ecaaddec55b5c1841de3c22e6edac7bb5cb61918db6c8d6068dc92,43 103 163 223
247,3,22895845,1790444908,0xc7f1dce49db860c865ce34e4eb65dbef625919ef,14,1,2000,0x7f00000000000000000000000000000003a,20,12,0x97d9ec8f1c546179d3ed07e7d1ea7e03c4a67abfe23168f71337ac35e6db20ab,42 43 44 102 103 104 162 163 164 222 223 224
247,4,22896392,1790445185,0xc7f1dce49db860c865ce34e4eb65dbef625919ef,11,1,2000,0xfe00000000000000000000000038,16,9,0xce7633876a668655e6fb6451ecaf72ead1076286bb9da32a91e99a4d198e98b2,0 34 60 94 120 154 180 214 240
261,1,22896466,1790445223,0xbf60222892d983dabea288998ee4e5812e73e1be,19,2,4000,0x1fe0000000000000000000000000000000000000000002d,16,8,0x07ab8751a2052357f398acd2a3c0998c7b9968bd71e6c15b86b301ff95b84215,58 59 118 119 178 179 238 239
247,5,22896543,1790445262,0xc7f1dce49db860c865ce34e4eb65dbef625919ef,18,1,2000,0x7f000000000000000000000000000000000000000038,7,4,0x1d5ff5a9762ec4a6772ec3854a62c250953e5e4cdfb814727b173cf19328f4b9,55 115 175 235
143,11,22897356,1790445675,0xb2732bc83797a44d7368b04b95879f582723346f,17,0,500,0xf800000000000000000000000000000000000003b,7,4,0xea80c8da57ba3069a3109ec3fc3782b082a548544ce628f5e717ff2dff01af84,52 112 172 232
263,1,22898097,1790446051,0xf991ce4c19d613495b2689d0452e806c3b354f8c,10,2,4000,0xff000000000000000000000036,13,8,0xa2efcd4cda86b019500703f9f3f1e25e0ca798da14c695a3d6c6e09cff9fffec,31 32 91 92 151 152 211 212
264,1,22898407,1790446209,0xc7f1dce49db860c865ce34e4eb65dbef625919ef,19,2,4000,0x1fe0000000000000000000000000000000000000000002d,16,8,0x07ab8751a2052357f398acd2a3c0998c7b9968bd71e6c15b86b301ff95b84215,58 59 118 119 178 179 238 239
20,5,22900627,1790447336,0xb528bf440e6c9dad0c15f7e5f4dc75655f7ae27b,12,0,500,0x7c0000000000000000000000000016,5,4,0xe40b4fa7775050bd40db8187b9ecd1c38688016ce20e270c94682c6750b6e167,37 97 157 217
271,1,22901871,1790447968,0xd00226b73bab097e97c6df416dc031df7c4b5af1,1,1,2000,0x3f8020,9,5,0x39ba80e1866ffc1d09de2e597461e3e9deef25f301dfaeff660571953e4a380e,4 64 124 184 244
94,7,22902181,1790448126,0x8746cbcd1d09ea15b3625692f11fbb0e17b52029,2,1,2000,0x7f000024,18,10,0xc9d37cbfc3efd3e4500bf5979dea1622ef79eb9451b7b66fb19dd9fb2d1bd7f6,0 7 60 67 120 127 180 187 240 247
95,4,22902298,1790448185,0x8746cbcd1d09ea15b3625692f11fbb0e17b52029,14,1,2000,0x7f000000000000000000000000000000000,13,8,0x75b8897c133ec7ce8d8f8fec6e08316611197052bf1c503686c96fe3acd684c1,42 43 102 103 162 163 222 223
37,2,22902731,1790448405,0xa372af7cdc7e941d7282db43d98a5a52b3d4b67a,1,2,4000,0x7f8022,19,10,0x840a6a580f4d51034168ea2cae0903e5592642307d1fc5313af47a5a7effbaa6,4 5 64 65 124 125 184 185 244 245
80,5,22903021,1790448552,0x0420e243d8ab4a22dadded1ead8cdcca14074d7c,1,0,500,0xf8007,9,5,0x26a3c3ea48bb5f2c530fae92b701c98e1027e27bdfeb9209231232bcc055d501,4 64 124 184 244
83,5,22903088,1790448586,0x0420e243d8ab4a22dadded1ead8cdcca14074d7c,5,1,2000,0x3f8000000000018,6,4,0x2d82c67babd32bb932b7d4287928aad4ba54bb3a4a95f20913760425338baa9d,16 76 136 196
104,13,22903149,1790448617,0x0420e243d8ab4a22dadded1ead8cdcca14074d7c,18,2,4000,0xff000000000000000000000000000000000000000007,19,12,0x57ee5faf4c4f5e7d528aca048a088bef708ef6e73c2e490307d308e27f8f4eb2,55 56 57 115 116 117 175 176 177 235 236 237
271,2,22903276,1790448682,0xd00226b73bab097e97c6df416dc031df7c4b5af1,16,0,500,0x7c000000000000000000000000000000000000c,6,4,0x7f026441aba5eb2fe975977be5d179361d7c19b83d3aab0dbd3ca73c9c21c322,49 109 169 229
264,2,22903449,1790448770,0xc7f1dce49db860c865ce34e4eb65dbef625919ef,1,1,2000,0x3f803c,9,5,0x475795270534596d7d1c6ef2d5ce3a8982b9fdeeca4fbcb5bf82f5c07a84b215,4 64 124 184 244
37,3,22903575,1790448834,0xa372af7cdc7e941d7282db43d98a5a52b3d4b67a,9,2,4000,0x7f800000000000000000001a,10,8,0x7ff049e85f34433ad12621cf09f6b004a6dfa1c21c3ae497363328e74adf841f,28 29 88 89 148 149 208 209
37,4,22903641,1790448867,0xa372af7cdc7e941d7282db43d98a5a52b3d4b67a,19,2,4000,0x1fe0000000000000000000000000000000000000000003a,16,8,0xf60e6684b78ec042233d0209b35029d73c379a0d4cb3dfbbf8c3e3eead4b9322,58 59 118 119 178 179 238 239
281,1,22904703,1790449407,0xa09daab5e090017fc53b09038ba55b0f1cf9ac36,9,1,2000,0x3f8000000000000000000028,5,4,0x6381e63db0d9e16f4e18e3582718a31231485ae167bafe4b52c144c3121bab3f,28 88 148 208
282,1,22905282,1790449701,0x3d23e40495043a4c7509b2d179ee1ad9e3a3a30c,1,2,4000,0x7f803c,19,10,0xc91e4b8cf6b806ddd75a7c0caf8a61c49013bb12b08de7e5fa33402897cb760d,4 5 64 65 124 125 184 185 244 245
281,2,22906071,1790450102,0xa09daab5e090017fc53b09038ba55b0f1cf9ac36,1,2,4000,0x7f8022,19,10,0x256b71bb397b05f845f673e74af3c51e2603a6c7c8c37ecb7876335b1d4ecf76,4 5 64 65 124 125 184 185 244 245
281,3,22909558,1790451872,0xa09daab5e090017fc53b09038ba55b0f1cf9ac36,19,2,4000,0x1fe0000000000000000000000000000000000000000003d,16,8,0x4e92d801f06741469cad773e4b407fcf0a23258e969b5d689edd72d1165236d9,58 59 118 119 178 179 238 239
70,6,22909641,1790451915,0x62ff01f014f0da446e02a62392538f36a83a2659,19,2,4000,0x1fe00000000000000000000000000000000000000000034,16,8,0xc677f25d6283cf003dc487eafa8b16d4a6d20f165d41ac461f12c8945e6f08cc,58 59 118 119 178 179 238 239
63,8,22909695,1790451942,0x62ff01f014f0da446e02a62392538f36a83a2659,11,1,2000,0xfe00000000000000000000000002,14,8,0xfd78ea5d8391be4e0c8e48ca2801833c8653e0cbc7852ae1fdd7460ebbf80aea,33 34 93 94 153 154 213 214
68,5,22909768,1790451979,0x62ff01f014f0da446e02a62392538f36a83a2659,1,2,4000,0x7f8010,19,10,0x0b67d09e3cb205782796544405634f8d27f4579478d698a33831837f969d7903,4 5 64 65 124 125 184 185 244 245
50,5,22910862,1790452534,0xc01dde207a84c71149cde8b3657c5535c208aa20,1,1,2000,0x3f802d,9,5,0x909f1bbf29223df8d7749c7b5f640dae3e3060c17597e116776e47521d85071f,4 64 124 184 244
50,6,22910886,1790452547,0xc01dde207a84c71149cde8b3657c5535c208aa20,10,2,4000,0xff000000000000000000000011,16,12,0x8675e4cff78994f9926af8948ec5d2a11d2e1558a27d721279ef2966ac2ca7ea,30 31 32 90 91 92 150 151 152 210 211 212
283,1,22911103,1790452657,0xc01dde207a84c71149cde8b3657c5535c208aa20,4,1,2000,0x1fc0000000005,8,5,0xbbc026f50244554c0c3ace741513aa3319c361a656c49e22cdb91fd6921c44af,13 73 133 193 253
51,2,22911158,1790452685,0xc01dde207a84c71149cde8b3657c5535c208aa20,1,1,2000,0x3f803c,19,10,0x7a6409bf945e8710782631e08635acdaf82b61c3bc247c87548240db5fb86390,3 4 63 64 123 124 183 184 243 244
63,9,22913516,1790453882,0x62ff01f014f0da446e02a62392538f36a83a2659,7,1,2000,0xfe00000000000000026,16,8,0x1147cba9d0b66bef3cd9f5fe5ee06ce166d5c04ebef9fd47a404c13e8df71afc,21 22 81 82 141 142 201 202
68,6,22913589,1790453919,0x62ff01f014f0da446e02a62392538f36a83a2659,17,2,4000,0x7f800000000000000000000000000000000000000d,22,13,0xcb8f771781d9bc80d6d622b9d688e66a2ff02e29192ebfdc8220d9d277597cab,0 52 53 60 112 113 120 172 173 180 232 233 240
141,2,22915328,1790454802,0x88c58b42f2783131d51a58af7f1a9b491089afeb,12,1,2000,0x1fc0000000000000000000000000019,5,4,0xbc5f30d99e3f1f3205ec685df60be515ec3aee9da6c7ff5b53204b48f764af0b,37 97 157 217
263,2,22915384,1790454831,0xf991ce4c19d613495b2689d0452e806c3b354f8c,4,0,500,0x7c000000000e,8,5,0x085fe7bc467a5ea42d47ab51067a33586724e596e7983ddc2a9376394df28b59,13 73 133 193 253
65,2,22917773,1790456044,0x94de35a17ab7c0f3ca734046306743dfce6bfa2b,16,1,2000,0x1fc0000000000000000000000000000000000034,6,4,0x063c18056e3da0e1a9f7e71b77efc9730ad251db717f887b641836712bb81328,49 109 169 229
24,4,22921114,1790457741,0x2d631f41f6023db409f15e1ccc337e69f62a8a58,12,2,4000,0x3fc0000000000000000000000000011,9,8,0x72ab40a349b7416dc963e0688fdd78c39be0525e796f67759ab44d1046ade422,37 38 97 98 157 158 217 218
55,3,22921150,1790457760,0x2d631f41f6023db409f15e1ccc337e69f62a8a58,10,2,4000,0xff000000000000000000000030,13,8,0xa7214ea7603647189d4edf46db88b8af778b58910ebc540bbc1db6bc29f49740,31 32 91 92 151 152 211 212
284,1,22921983,1790458183,0x26542d0bc93a63c141a21956337f18773b237882,19,1,2000,0xfe00000000000000000000000000000000000000000003,8,4,0x41f3ee9754b57072b85129f8b02e845e0f2015f09e8777a1a8c883f21a420a67,58 118 178 238
284,2,22922258,1790458322,0x26542d0bc93a63c141a21956337f18773b237882,2,1,2000,0x7f000000,8,5,0x96eafae33fad885896734c3da5d02fb16b1cf0367451b827c43ebe1335c44687,7 67 127 187 247
141,3,22922429,1790458409,0x88c58b42f2783131d51a58af7f1a9b491089afeb,14,1,2000,0x7f00000000000000000000000000000003a,7,4,0x4c1af34a5256157ac5b0506d60ae2b881a22086e4dd814630d19d83466016fe0,43 103 163 223
284,3,22923194,1790458797,0x26542d0bc93a63c141a21956337f18773b237882,5,2,4000,0x7f8000000000006,11,8,0x9fae688a7109e1ab4bedaab990e2782bb97d79daaf1a90777d978c97bf0c3f45,16 17 76 77 136 137 196 197
53,8,22923880,1790459146,0xe0be2740456040536765022e7db612418e3de99e,16,1,2000,0x1fc000000000000000000000000000000000003a,14,8,0x187afcaab84d24849900e8c0594d7678b01653ed1d1889c024506d30072a7fee,48 49 108 109 168 169 228 229
53,9,22923964,1790459188,0xe0be2740456040536765022e7db612418e3de99e,18,0,500,0x1f000000000000000000000000000000000000000021,7,4,0xdd43c3798dd0312484a4ef9be17e537430e72f674abd4af9fa6fbd57a3677043,55 115 175 235
74,4,22924012,1790459213,0x74107b9b65801d477d5a7980905beecd72b57a29,12,2,4000,0x3fc0000000000000000000000000011,17,12,0xf41400816b5aebdf0c3f73cbf8844618ec3f278efbb6d1cfdfef4f21b5ead88b,36 37 38 96 97 98 156 157 158 216 217 218
92,2,22924055,1790459235,0x74107b9b65801d477d5a7980905beecd72b57a29,14,2,4000,0xff000000000000000000000000000000021,14,8,0x4ab314bf7be7d38e3a59b8337850f1031da07ce04c466362966e4f60b5d2bdf9,43 44 103 104 163 164 223 224
74,5,22924323,1790459371,0x74107b9b65801d477d5a7980905beecd72b57a29,18,2,4000,0xff000000000000000000000000000000000000000011,14,8,0x0f465311d8408260d12beda41ad7b75f5ff914f5bcd07e8f65f0cf0b1600b6ef,55 56 115 116 175 176 235 236
284,4,22926410,1790460431,0x26542d0bc93a63c141a21956337f18773b237882,18,1,2000,0x7f000000000000000000000000000000000000000012,7,4,0xa03e77f79f1c73d38ec4777daecebe743b9ac0ef3f8c6d07582806c7da0b0170,55 115 175 235
167,12,22932293,1790463419,0x4e4036db402290a8333fc81f2690bec313baa18f,5,0,500,0xf8000000000014,14,9,0x72d7111da36ac896d048cc8f86925a2a155e49340faff11672aff539dcfe8c4e,15 16 75 76 135 136 195 196 255
44,12,22933258,1790463909,0xf04ecec3cac1ad5e55e03cb5842b07be2c2249c9,1,1,2000,0x3f8037,19,10,0xff767cf0a36116e3e5498b55f1c28032f2dc383d94d05bf26fa4577688892f2a,3 4 63 64 123 124 183 184 243 244
59,8,22933385,1790463973,0xf04ecec3cac1ad5e55e03cb5842b07be2c2249c9,19,0,500,0x3e0000000000000000000000000000000000000000000c,8,4,0x3d365a2d7abb278ecba29c4f9d705ff475bce08605e4710d92f106ae6c8d85d9,58 118 178 238
69,9,22933479,1790464021,0xf04ecec3cac1ad5e55e03cb5842b07be2c2249c9,2,0,500,0x1f00001a,8,5,0x901f6451832ee0537180a205524d8de3bdcee604d533728f0c66372aaa8fdfe3,7 67 127 187 247
44,13,22933666,1790464116,0xf04ecec3cac1ad5e55e03cb5842b07be2c2249c9,8,2,4000,0x3fc0000000000000000036,22,12,0x861fbc3a1f7aae6e76ee1bb4cf356586661d55c7b1f6c1370caf2269e9a88c87,24 25 26 84 85 86 144 145 146 204 205 206
285,1,22934168,1790464371,0x27f48de5e0605da8b2a52ddfd06f6d273b804336,1,0,500,0xf8000,9,5,0x75d24ebcdf5e95a5dae6cb424a0865c25f593b2cc23b44e8c7e4115d71a8205a,4 64 124 184 244
286,1,22934245,1790464410,0x65d3f783f7a9f2a30cf70a8b3f6789fe98779086,16,2,4000,0x3fc000000000000000000000000000000000001c,13,8,0xe5b1efbc45f01621b75739a47f55f1da34f0bbd462386f8d4d14e4608049636a,49 50 109 110 169 170 229 230
287,1,22934271,1790464423,0x65d3f783f7a9f2a30cf70a8b3f6789fe98779086,7,2,4000,0x1fe0000000000000002b,16,8,0x6f21d1ab05994bced7e01806acc3f72d403e28221287a1a8251158443864566b,22 23 82 83 142 143 202 203
289,1,22934589,1790464585,0x54d1f1895026e84e4672d09c3e759a4fd847e497,1,2,4000,0x7f803c,19,10,0xc91e4b8cf6b806ddd75a7c0caf8a61c49013bb12b08de7e5fa33402897cb760d,4 5 64 65 124 125 184 185 244 245
285,2,22934664,1790464623,0x27f48de5e0605da8b2a52ddfd06f6d273b804336,9,0,500,0xf8000000000000000000011,5,4,0x5f5b58bd9b99e0fa78c8b73c43c1b7c694fd30d917720b130c5095d2bf35fa80,28 88 148 208
288,1,22934693,1790464638,0xaa3b48bac2fedc58a564904d27911392ca1f84ba,14,1,2000,0x7f00000000000000000000000000000000e,7,4,0x3884353d7a1915c9b5e7b22b677334e24fe727af245badf20233b8619d812730,43 103 163 223
290,1,22934981,1790464784,0xf574c75a9959c7c418b6474b6223c526ba42af3e,19,2,4000,0x1fe0000000000000000000000000000000000000000002d,16,8,0x07ab8751a2052357f398acd2a3c0998c7b9968bd71e6c15b86b301ff95b84215,58 59 118 119 178 179 238 239
285,3,22935010,1790464799,0x27f48de5e0605da8b2a52ddfd06f6d273b804336,19,0,500,0x3e0000000000000000000000000000000000000000000a,8,4,0x66408e7072f945d3e2a06d025901260ddde58451d90cbebca162da0adba89852,58 118 178 238
291,1,22935045,1790464816,0xf574c75a9959c7c418b6474b6223c526ba42af3e,18,2,4000,0xff000000000000000000000000000000000000000018,14,8,0x41981c3433782fc4e22eb2b8248f7ecab73c32e6d7826d1e3e93e5304dc056ae,55 56 115 116 175 176 235 236
292,1,22935080,1790464834,0xf574c75a9959c7c418b6474b6223c526ba42af3e,10,2,4000,0xff000000000000000000000036,13,8,0xa2efcd4cda86b019500703f9f3f1e25e0ca798da14c695a3d6c6e09cff9fffec,31 32 91 92 151 152 211 212
292,2,22935109,1790464849,0xf574c75a9959c7c418b6474b6223c526ba42af3e,3,2,4000,0x1fe0000003e,19,10,0x0b84ac5f057a4970dcc1ce9de59c76ba4fc3444982ef0d8189a6b204ac43c18a,10 11 70 71 130 131 190 191 250 251
293,1,22935161,1790464875,0x9e366c1405f7951431dbdeb53dcd57db342f55c4,2,1,2000,0x7f000033,8,5,0x110fcbdb301b9377d62967d6d93f205b32da00c76a635eab7e4c75ad1805605b,7 67 127 187 247
9,2,22935187,1790464888,0x9e366c1405f7951431dbdeb53dcd57db342f55c4,2,1,2000,0x7f000000,16,10,0x136aec5dd96bacb8d23dffdf1e5d1364586485e69796ce46b4b686396034a2ac,6 7 66 67 126 127 186 187 246 247
290,2,22935410,1790465002,0xf574c75a9959c7c418b6474b6223c526ba42af3e,2,2,4000,0xff000035,20,11,0x67c7c0158870db3c92945262066812e71b38432f1b6d54b23eb1df3459cf19d8,7 8 67 68 127 128 187 188 247 248 82570
291,2,22935436,1790465015,0xf574c75a9959c7c418b6474b6223c526ba42af3e,13,2,4000,0x7f8000000000000000000000000000006,14,8,0x3ec4bfcbf38c4ddab7950717832db4134d5c0a40fe6226ea26e7c7ce602d6634,40 41 100 101 160 161 220 221
290,3,22935454,1790465024,0xf574c75a9959c7c418b6474b6223c526ba42af3e,19,2,4000,0x1fe0000000000000000000000000000000000000000003d,23,13,0xf95110d50c96925930d187a4f5f00f9f7b38e78bc3f7a48ca23b14a232b4ce04,57 58 59 117 118 119 177 178 179 237 238 239 247
290,4,22935674,1790465136,0xf574c75a9959c7c418b6474b6223c526ba42af3e,16,2,4000,0x3fc0000000000000000000000000000000000017,13,8,0xf0b0c77cde529ca96546d36d92506d19c24356597f2ef04fbf04551aa814bc4d,49 50 109 110 169 170 229 230
291,3,22935698,1790465148,0xf574c75a9959c7c418b6474b6223c526ba42af3e,7,2,4000,0x1fe00000000000000039,16,8,0xe61d941bb0be204e5712509b988c52e58192d8010bf14562ab69750918929737,22 23 82 83 142 143 202 203
291,4,22935714,1790465156,0xf574c75a9959c7c418b6474b6223c526ba42af3e,10,2,4000,0xff00000000000000000000000d,13,8,0x43e9e01c76e92bddddbdf14f55604e30d53f3f1e1d857559e5641cff8aae4e7f,31 32 91 92 151 152 211 212
291,5,22935753,1790465176,0xf574c75a9959c7c418b6474b6223c526ba42af3e,17,2,4000,0x7f8000000000000000000000000000000000000008,17,12,0x309210d4df2da58c316e100e78bc562726cf1836b2a50aac3a7d8b8e4e88b0b4,52 53 54 112 113 114 172 173 174 232 233 234
292,3,22935775,1790465187,0xf574c75a9959c7c418b6474b6223c526ba42af3e,14,2,4000,0xff00000000000000000000000000000002c,14,8,0x3f68a9ab05c941b87f24c2d613a4b23fccbd17fbe4a31342eddd1ce052033704,43 44 103 104 163 164 223 224
290,5,22935921,1790465261,0xf574c75a9959c7c418b6474b6223c526ba42af3e,15,2,4000,0x1fe00000000000000000000000000000000023,29,17,0xc8c6a90481e469411b184feb3b75e55af229a100c7756825ab8932d406626274,0 46 47 48 60 106 107 108 120 166 167 168 180 226 227 228 240
290,6,22935944,1790465273,0xf574c75a9959c7c418b6474b6223c526ba42af3e,1,2,4000,0x7f8029,27,15,0x2644c24562df4cd353980bf7f072ac009ff4f1d6c5fad708f222a7921e753919,4 5 6 64 65 66 124 125 126 184 185 186 244 245 246
290,7,22935970,1790465286,0xf574c75a9959c7c418b6474b6223c526ba42af3e,4,2,4000,0x3fc000000003c,16,10,0xbf3b1f859dcb567cebe8716a0340e3525289daf14d1e0abd7e3a616d8018632a,13 14 73 74 133 134 193 194 253 254
291,6,22936018,1790465310,0xf574c75a9959c7c418b6474b6223c526ba42af3e,8,2,4000,0x3fc000000000000000002b,22,12,0x48a939d4869457af5aa2973b780bcf803cdff7b17762bc7268f86955a2beae19,24 25 26 84 85 86 144 145 146 204 205 206
292,4,22936053,1790465328,0xf574c75a9959c7c418b6474b6223c526ba42af3e,5,2,4000,0x7f8000000000018,11,8,0x9d1f5b77f99183b06426a73ef3a0c4c61cd05efeadec30098f61cfa8cd0bd00a,16 17 76 77 136 137 196 197
292,5,22936071,1790465337,0xf574c75a9959c7c418b6474b6223c526ba42af3e,12,2,4000,0x3fc000000000000000000000000000c,9,8,0x2237c95d65c1ba097277242ec7e9c8acd878f3554c346017094f26d6db945379,37 38 97 98 157 158 217 218
27,6,22936331,1790465470,0x81b4bf458a73ea46fadd46ee8236e5f94c4eb8e0,9,2,4000,0x7f8000000000000000000002,17,12,0x12a528ca6e450f4d1c658b84842088f51f9b0b3bd795bb85d0e9dedd9f4a3f1d,27 28 29 87 88 89 147 148 149 207 208 209
294,1,22937093,1790465856,0xcd5504897ee44f57fc5d9f06a9cf1ca1d1eac578,19,1,2000,0xfe00000000000000000000000000000000000000000003,8,4,0xe5936971863e4f8d753637425b951521b27b3975e6b33c05d373260d658f7658,58 118 178 238
295,1,22937917,1790466275,0xec0408f9fb4c25a98e60b6e5715cd059b1fa172f,16,0,500,0x7c0000000000000000000000000000000000024,6,4,0x58996c826f2a913f2f044c8a1970502bb3c7d5bb756d47b62dabd094eca0df85,49 109 169 229
30,2,22938194,1790466415,0xb39e79d3540fc34f516af70574b94d4ef8f885d2,1,2,4000,0x7f8022,19,10,0x1b6cb127f7f365455e4c2db0f4edd3fcff9295472449f03705def9d8584ef4a2,4 5 64 65 124 125 184 185 244 245
116,2,22938262,1790466450,0xb39e79d3540fc34f516af70574b94d4ef8f885d2,1,2,4000,0x7f8022,19,10,0x37fa941fa26d8aff6dd18bec609f0827e1851b888f93738b32ed46a5e6221294,4 5 64 65 124 125 184 185 244 245
197,2,22938297,1790466468,0xb39e79d3540fc34f516af70574b94d4ef8f885d2,1,2,4000,0x7f8022,19,10,0x8f4ad41e984ced0b7d35ceef98e0ee636a5c69d18605a3be6ea91cf7897c52fb,4 5 64 65 124 125 184 185 244 245
150,5,22939042,1790466846,0x9f2ebf1ba9206ef97428fdab7431a3f1d53f6dc9,13,1,2000,0x3f800000000000000000000000000001f,19,12,0x15c106f481fb81b2bd6fd30389abe66cfc9c7afa90b4837efa61c1b8ddf1efcf,39 40 41 99 100 101 159 160 161 219 220 221
153,5,22939065,1790466858,0x9f2ebf1ba9206ef97428fdab7431a3f1d53f6dc9,16,1,2000,0x1fc0000000000000000000000000000000000020,6,4,0x1c0573ff09d1d34328779477415b028b859889c1383f3446f46d060fa2893b08,49 109 169 229
296,1,22939085,1790466868,0x08bf056c728966c8d6d3f2acb0ad4be521ed0631,12,0,500,0x7c0000000000000000000000000003,5,4,0xcb53290f5b6269f2d6e0abb57d53598abb29cba4761a63234a72f8a272263a55,37 97 157 217
150,6,22939126,1790466889,0x9f2ebf1ba9206ef97428fdab7431a3f1d53f6dc9,7,1,2000,0xfe0000000000000000f,8,4,0x59d8431f2034cb57eaea1c84cdb11b2af58dc1cd5ec5eec07a0f0f4f98082664,22 82 142 202
42,7,22939413,1790467035,0x1b25bd7ce0fb701d9aac3fd43fa221ac63e3fb3e,7,1,2000,0xfe00000000000000006,8,4,0x6cc94c5ba1bb1d0257d5dea03afa92265bffbbbe3fdaba1305fc24b97ea43844,22 82 142 202
169,2,22939543,1790467101,0x52c2947e6df632d9be6323f7fee666e95e4aa386,2,1,2000,0x7f000000,16,10,0xde9e93f085415ee6bb8a0ed921980581f6a64dbe8900108533e1652676855161,6 7 66 67 126 127 186 187 246 247
170,2,22939559,1790467109,0x52c2947e6df632d9be6323f7fee666e95e4aa386,6,1,2000,0x7f000000000000037,5,4,0x07a1f401568d3b49c551e93208687139118f250af22ef46d39fff4540a4c96a6,19 79 139 199
171,2,22939575,1790467117,0x52c2947e6df632d9be6323f7fee666e95e4aa386,10,1,2000,0x7f00000000000000000000003d,5,4,0x547122465044bd0ed5b0c68ddf76fedc9b2e1c7552d3ec951cd742172ba9b7fe,31 91 151 211
57,3,22940853,1790467766,0xdb67846763415453a214ab8a9f7c14a0c8c99bed,9,2,4000,0x7f800000000000000000001a,13,12,0x8f5bf92ed9c7d6080f9147e99fd8fba1f18c87ab56e7d3b88a6f7cbb6b6ccc22,28 29 30 88 89 90 148 149 150 208 209 210
219,2,22941095,1790467889,0x08bf056c728966c8d6d3f2acb0ad4be521ed0631,19,0,500,0x3e00000000000000000000000000000000000000000015,8,4,0x05e0c215edd781808dbebeb8645102a4837d1c7aa2559f898158e815444abf65,58 118 178 238
296,2,22941131,1790467907,0x08bf056c728966c8d6d3f2acb0ad4be521ed0631,11,0,500,0x3e00000000000000000000000035,6,4,0x25117fd6e1a6358ae09e8f5e195fc92ff19122330a878f4bd353e48ada85a0de,34 94 154 214
140,6,22941307,1790467996,0x7d7337fcdefe5771e3280f25c3ba670700e8560c,3,1,2000,0xfe00000026,29,15,0xd37c24c45537ea49355cc0fdab484513fcd8739c367dc8e4172c5b1c82e4192f,0 9 10 60 69 70 120 129 130 180 189 190 240 249 250
161,6,22941332,1790468009,0x7d7337fcdefe5771e3280f25c3ba670700e8560c,3,1,2000,0xfe00000026,29,15,0xd1e795dad394b061efe43b828d0a645240fa3d91a1c43d62f8f0392f899fc8f6,0 9 10 60 69 70 120 129 130 180 189 190 240 249 250
163,7,22941352,1790468019,0x7d7337fcdefe5771e3280f25c3ba670700e8560c,8,1,2000,0x1fc0000000000000000020,8,4,0x1101aa53878fc3f1f792fe58654b63da94ee60c1e28f570547ce3ae256cb6d1e,25 85 145 205
163,8,22941387,1790468037,0x7d7337fcdefe5771e3280f25c3ba670700e8560c,18,1,2000,0x7f00000000000000000000000000000000000000000a,12,8,0xa9547f0383590b99cbeea742223427b873c84d271f25a5867f53252539c63547,54 55 114 115 174 175 234 235
161,7,22941425,1790468056,0x7d7337fcdefe5771e3280f25c3ba670700e8560c,13,1,2000,0x3f800000000000000000000000000003d,8,4,0x0d09d84a6aa36d57b06ca816e6a1190b6a5cdeb20a7f9b174ad071edf0127b0b,40 100 160 220
244,2,22941428,1790468058,0x4663f73533083a058510fb48c75ca64cd885b262,11,1,2000,0xfe00000000000000000000000012,6,4,0xe2af7b25cdf51b004be0d0d6f4f622b31a844f16637ff899e9ff50e17528fb4a,34 94 154 214
161,8,22941445,1790468067,0x7d7337fcdefe5771e3280f25c3ba670700e8560c,14,1,2000,0x7f000000000000000000000000000000016,13,8,0x95ebb1e3d8b981599b7f663fdf8eb058152d399f9ca53ece7d5ede42a5e9797a,42 43 102 103 162 163 222 223
140,7,22941464,1790468076,0x7d7337fcdefe5771e3280f25c3ba670700e8560c,2,1,2000,0x7f000024,8,5,0x9d29625dc67490c6e07cbfaa682f31bcf4fd56a7e88b4783f3a63056b74a5807,7 67 127 187 247
140,8,22941482,1790468086,0x7d7337fcdefe5771e3280f25c3ba670700e8560c,17,1,2000,0x3f800000000000000000000000000000000000003c,7,4,0xb04802decf0e758020372110dcc71a03e58be548fa0adbf7b2394b68004efc16,52 112 172 232
140,9,22941511,1790468100,0x7d7337fcdefe5771e3280f25c3ba670700e8560c,11,1,2000,0xfe00000000000000000000000029,14,8,0xafc9e1a10004be09132dca6f8e7b4657518d4f1412901464ac2a34911445d176,33 34 93 94 153 154 213 214
249,2,22941601,1790468146,0x2cfff5469410317b2aac1fff1d97f1b856a24d20,13,1,2000,0x3f8000000000000000000000000000016,8,4,0xcad61ceef1f556c42e0a811b289411e5a33ba4e1d4f2c258552ee75695374600,40 100 160 220
250,2,22941629,1790468160,0x2cfff5469410317b2aac1fff1d97f1b856a24d20,14,1,2000,0x7f00000000000000000000000000000003d,7,4,0x33c8b4d20e5a510977333074ec18622441510320e0ef1ef127b89aa3addda7c0,43 103 163 223
252,2,22941649,1790468170,0x2cfff5469410317b2aac1fff1d97f1b856a24d20,4,1,2000,0x1fc0000000024,8,5,0xb6c90b3c99f529187d017abb5188d3d45561fc3c3c961141fbe4f99c5eb12ce9,13 73 133 193 253
245,2,22941697,1790468195,0x4663f73533083a058510fb48c75ca64cd885b262,18,1,2000,0x7f000000000000000000000000000000000000000007,7,4,0x1a02dac0da24c9004ef9022f6556355332dc844dfe9a73047f73daa2d06bc529,55 115 175 235
246,2,22941721,1790468207,0x4663f73533083a058510fb48c75ca64cd885b262,18,1,2000,0x7f000000000000000000000000000000000000000007,7,4,0x6a6b775912486be056000ca41b7409f5ecdb03db242a022d93c59753f920dc7b,55 115 175 235
24,5,22942123,1790468411,0x2d631f41f6023db409f15e1ccc337e69f62a8a58,13,1,2000,0x3f800000000000000000000000000001f,13,8,0x2a74691da55e2e2e39a68ba3d9a2545671c5de4050ad90e1e51cea563dbca827,39 40 99 100 159 160 219 220
55,4,22942149,1790468424,0x2d631f41f6023db409f15e1ccc337e69f62a8a58,13,1,2000,0x3f8000000000000000000000000000034,18,9,0x5fab0f44e30d6ec7a0fc4d125c1833dd26477d6abac18890343a04c05c865cce,0 40 60 100 120 160 180 220 240
52,2,22942672,1790468690,0x346790c85882719d3806c1a7933dd7455a4f5b09,6,2,4000,0xff00000000000001b,11,8,0x13f7eff068f3472c07a51551f781b5318ec267ef3f0798bca6ba8c677d20b3bd,19 20 79 80 139 140 199 200
24,6,22942771,1790468740,0x2d631f41f6023db409f15e1ccc337e69f62a8a58,14,2,4000,0xff000000000000000000000000000000007,20,12,0x58595a6b8f2e15e1fe428da0024b537600b03cb9f5cdc6458bb94f8cd3a325be,42 43 44 102 103 104 162 163 164 222 223 224
196,15,22942781,1790468745,0xac0e67aaaa15dc791153b64df4a9d121dce797e5,14,1,2000,0x7f000000000000000000000000000000001,7,4,0xdb76b041c48b9b3396a9d90af3149eda8f4e0cf386c0fd79069231057e2688a5,43 103 163 223
213,2,22942944,1790468828,0xccde496b83c644f779e5b6fcc0cc4a5c276fa5d4,1,0,500,0xf8007,19,10,0xec3af8fc75e43823be4268213fbf562f341621a93aacd5507723d8ef0b063b21,3 4 63 64 123 124 183 184 243 244
115,2,22943241,1790468979,0x46f440d3d4e6466034b2a5034fc501ac0a31bf29,19,2,4000,0x1fe00000000000000000000000000000000000000000036,16,8,0xf9b0a8fc08e5801092ad92f66bdfc2b9f7ea17071b72391bc91ebb1d2d32b31b,58 59 118 119 178 179 238 239
70,7,22944153,1790469442,0x62ff01f014f0da446e02a62392538f36a83a2659,2,1,2000,0x7f000024,16,10,0xc73db4e66742cdf01ed55d34e69640f329760a62846a11c335d5c01c17f24445,6 7 66 67 126 127 186 187 246 247
68,7,22944215,1790469473,0x62ff01f014f0da446e02a62392538f36a83a2659,11,1,2000,0xfe00000000000000000000000025,14,8,0xfaf5e64db53d2117dcb61d7babf3d6a01f091f526c81a8375a3b73e90968c254,33 34 93 94 153 154 213 214
199,3,22944345,1790469539,0x0b1ba22af3fb3ad6247ba5d4413b6649edd40819,15,2,4000,0x1fe00000000000000000000000000000000025,15,12,0xf19f82a427e3f94c465dd288b8181f667b305a591181f4c2ff71790a4658c10b,45 46 47 105 106 107 165 166 167 225 226 227
63,10,22944413,1790469574,0x62ff01f014f0da446e02a62392538f36a83a2659,13,1,2000,0x3f8000000000000000000000000000015,23,13,0xaa665652d7fc9afcf331d66c103fdb4c27fe32a0451fab8b3317a1c4ce17b527,0 39 40 60 99 100 120 159 160 180 219 220 240
285,4,22945052,1790469899,0x27f48de5e0605da8b2a52ddfd06f6d273b804336,12,0,500,0x7c000000000000000000000000001e,5,4,0x97283e73d23e820830c875cf7e571b365c9bc2ee0d96d56d6bdf6b99f47b1ff1,37 97 157 217
213,3,22945390,1790470070,0xccde496b83c644f779e5b6fcc0cc4a5c276fa5d4,9,1,2000,0x3f8000000000000000000000,5,4,0x22f9d080f266cea85afcf15aca4345161c93037c74f18a6351cb4f424c696e46,28 88 148 208
295,2,22947600,1790471192,0xec0408f9fb4c25a98e60b6e5715cd059b1fa172f,1,0,500,0xf8007,9,5,0x4139693af69d0001c0fddb941669f5cb7de14f2fcf0975a2c18798f4396d3803,4 64 124 184 244
297,1,22947939,1790471364,0xdb67846763415453a214ab8a9f7c14a0c8c99bed,1,0,500,0xf8000,9,5,0x75d24ebcdf5e95a5dae6cb424a0865c25f593b2cc23b44e8c7e4115d71a8205a,4 64 124 184 244
70,8,22948116,1790471454,0x62ff01f014f0da446e02a62392538f36a83a2659,8,2,4000,0x3fc0000000000000000000,22,12,0x5670e69e9ad33316c3052595681e832ce593d7eac38ac1290a627f4aec14c083,24 25 26 84 85 86 144 145 146 204 205 206
27,7,22948402,1790471599,0x81b4bf458a73ea46fadd46ee8236e5f94c4eb8e0,1,2,4000,0x7f803e,29,15,0x40b8158805ff1c17ddbcc3ecd34caf4eafbfb5f4946a8e24381339a6ab0fcb05,3 4 5 63 64 65 123 124 125 183 184 185 243 244 245
298,1,22948488,1790471643,0xbd081f1b95d62c9a30efab2bb862eea6dcd7450a,2,2,4000,0xff00001c,18,10,0x35f4b9368a2de20771b55a455d0b7e1e58266ab6aa35cf059860067cbffe3e8d,7 8 67 68 127 128 187 188 247 248
44,14,22948806,1790471805,0xf04ecec3cac1ad5e55e03cb5842b07be2c2249c9,1,0,500,0xf8002,9,5,0xccc95aaea075ff79dea455a55c325f7633fc1afc23d19d64c52eb01811a2f5b0,4 64 124 184 244
59,9,22948823,1790471813,0xf04ecec3cac1ad5e55e03cb5842b07be2c2249c9,1,0,500,0xf803a,19,10,0xe12457b98b4a30bbebe26a0b06bc639b080b1ca707b747879289ca602813f007,3 4 63 64 123 124 183 184 243 244
69,10,22948836,1790471820,0xf04ecec3cac1ad5e55e03cb5842b07be2c2249c9,1,0,500,0xf803b,19,10,0x920b1617b678afb66ee57e7ab0ba435f1b1a803755c12ced93ec8b92f20b7390,0 4 60 64 120 124 180 184 240 244
298,2,22948949,1790471877,0xbd081f1b95d62c9a30efab2bb862eea6dcd7450a,19,1,2000,0xfe00000000000000000000000000000000000000000033,8,4,0x512917b4372a9d533cbe14a4953b0ecd9223584f411b62eb6d86f7e2cf22d3a5,58 118 178 238
44,15,22949012,1790471909,0xf04ecec3cac1ad5e55e03cb5842b07be2c2249c9,19,2,4000,0x1fe00000000000000000000000000000000000000000032,31,17,0x750844a415e5052c2f0147d4debf6e2a6b1288bd73f7100eb75b872d2f3cd3d1,0 57 58 59 60 117 118 119 120 177 178 179 180 237 238 239 240
299,1,22949224,1790472017,0xccde496b83c644f779e5b6fcc0cc4a5c276fa5d4,1,0,500,0xf8000,9,5,0x75d24ebcdf5e95a5dae6cb424a0865c25f593b2cc23b44e8c7e4115d71a8205a,4 64 124 184 244
36,3,22950013,1790472418,0xf410f5824a53bdeedb76f7d280bccad40538c523,19,2,4000,0x1fe0000000000000000000000000000000000000000003d,21,12,0xfee2128a3960a917f67257c0635eb32746c399e34f72372d2febd35e876d451d,57 58 59 117 118 119 177 178 179 237 238 239
218,2,22950227,1790472526,0xb3aa0c5049d7e1c9abf88d612c10b8d792383464,1,0,500,0xf8007,9,5,0x4c0564294828156216092043d2dea28a3767c0353c6f1f890e879d04d55ba425,4 64 124 184 244
218,3,22950265,1790472546,0xb3aa0c5049d7e1c9abf88d612c10b8d792383464,7,1,2000,0xfe00000000000000008,8,4,0xae13ddc32a4630dedaf8755b78816e38d0a5b6d6a791e294caf8e96eb887df6c,22 82 142 202
14,5,22950385,1790472607,0x1b1829e31d3f85210ea84c2b62f59faa47687c7e,1,0,500,0xf8007,19,10,0x5637f974d319dab94ac3857f7fe09a8b0c4080fdb16c906282f81b69e1f81b88,3 4 63 64 123 124 183 184 243 244
301,1,22950482,1790472656,0x08b296a897b1c8a033066a34dfde80c66a825d7b,15,1,2000,0xfe0000000000000000000000000000000001f,6,4,0xa5a87e0db65c0410c953e12bec1455b0db1d979cf41ccd86f101f7f1eeeb4596,46 106 166 226
300,1,22950503,1790472666,0x1b1829e31d3f85210ea84c2b62f59faa47687c7e,1,0,500,0xf8000,9,5,0x75d24ebcdf5e95a5dae6cb424a0865c25f593b2cc23b44e8c7e4115d71a8205a,4 64 124 184 244
4,3,22951236,1790473039,0x1a3a0e6f222e823cc8d0f39d87042f88ab763872,2,0,500,0x1f000028,16,10,0x07a5666071845408fda00ebd1aade5c3463e55acc984dedd45d0219abdde6e5a,6 7 66 67 126 127 186 187 246 247
136,2,22951637,1790473242,0x1a3a0e6f222e823cc8d0f39d87042f88ab763872,10,1,2000,0x7f00000000000000000000003d,5,4,0x41b9433719fd04df3b08adb1a67391a5ac127ccb488a74852716b0ff6e5660b9,31 91 151 211
6,4,22951667,1790473258,0x1a3a0e6f222e823cc8d0f39d87042f88ab763872,9,1,2000,0x3f8000000000000000000019,5,4,0x2cea8a0dbed6dda1b45376e191100443078dd9f32d00d46fdd1997abcd3c1207,28 88 148 208
156,6,22951939,1790473396,0x574b60bc1a42becb1de3972751e9238c26c9cccf,19,1,2000,0xfe0000000000000000000000000000000000000000000c,21,12,0x58b6c8c42362b73efb6ca02c9cafd5de7402576b7b8d7ab60e6001b1a95a76ce,57 58 59 117 118 119 177 178 179 237 238 239
156,7,22952011,1790473432,0x574b60bc1a42becb1de3972751e9238c26c9cccf,15,2,4000,0x1fe0000000000000000000000000000000000b,15,12,0x48a11a9abdbc9d55ad7dbc952889feb373b189b7e02dde3c5d880031390c4226,45 46 47 105 106 107 165 166 167 225 226 227
29,3,22952119,1790473487,0x0818404d4e07ff38c42d15cff5d2f22fc907977e,19,2,4000,0x1fe0000000000000000000000000000000000000000003d,21,12,0xc13d7958270c8236fa257ac3cd385116945278c2eb4ba44ef6a50388b83f0260,57 58 59 117 118 119 177 178 179 237 238 239
82,2,22952161,1790473508,0x0818404d4e07ff38c42d15cff5d2f22fc907977e,15,2,4000,0x1fe00000000000000000000000000000000031,11,8,0x0fc1da0c3bb71fe34e606fb2a02b846b7e81305cebdd5e4d29ca3310de5e0a78,46 47 106 107 166 167 226 227
97,2,22952192,1790473524,0x0818404d4e07ff38c42d15cff5d2f22fc907977e,18,1,2000,0x7f000000000000000000000000000000000000000007,7,4,0x5967590eb62bea02504a59e56eb67af8aaedc49473da420cb3ce9499146fb547,55 115 175 235
158,7,22952195,1790473526,0x574b60bc1a42becb1de3972751e9238c26c9cccf,1,1,2000,0x3f801a,9,5,0xbc9b364ae409d23d40246cfbdf731b8acda47b7d4650000b47ea92e8a38efd7d,4 64 124 184 244
159,7,22952213,1790473535,0x574b60bc1a42becb1de3972751e9238c26c9cccf,1,1,2000,0x3f801a,9,5,0xce2b7de6844a07a9a7604995f81e56c2c012b6e1998f2356b717e7a651011001,4 64 124 184 244
304,1,22952312,1790473585,0x8d97497483204a504670cdc5e1b3ff8868888888,9,1,2000,0x3f8000000000000000000028,5,4,0x6381e63db0d9e16f4e18e3582718a31231485ae167bafe4b52c144c3121bab3f,28 88 148 208
303,1,22952421,1790473640,0xbfe2643c33dade319d1634215ab68b3c098ed3e7,1,1,2000,0x3f8020,9,5,0x39ba80e1866ffc1d09de2e597461e3e9deef25f301dfaeff660571953e4a380e,4 64 124 184 244
158,8,22952579,1790473721,0x574b60bc1a42becb1de3972751e9238c26c9cccf,9,1,2000,0x3f800000000000000000002f,12,8,0xe377993af7a48e58f32ecbc647b4be3a8f047bc02c7854b04a85bbf165e87cbf,27 28 87 88 147 148 207 208
156,8,22952718,1790473791,0x574b60bc1a42becb1de3972751e9238c26c9cccf,4,2,4000,0x3fc0000000020,16,10,0x859a7c9c4dc2318edbf86f38b0bfd66e79523e82fb339ebb46133175edc84dad,13 14 73 74 133 134 193 194 253 254
159,8,22953024,1790473947,0x574b60bc1a42becb1de3972751e9238c26c9cccf,18,1,2000,0x7f00000000000000000000000000000000000000000a,7,4,0x84b0e6871dc4ce6ec8919498292d9dded37188f2af65923cd0884d873d26df02,55 115 175 235
70,9,22953220,1790474046,0x62ff01f014f0da446e02a62392538f36a83a2659,2,1,2000,0x7f00001d,18,10,0x302876b852edf926b5e4c0f35bd34cf3124c815c8e34b98226a6b85f1be7abd2,7 8 67 68 127 128 187 188 247 248
169,3,22953473,1790474175,0x52c2947e6df632d9be6323f7fee666e95e4aa386,1,0,500,0xf801c,19,10,0x981538d5b8b9460cb5992a02caeb6aed705ea08bdd22f0b2efa4e3217662e4a1,3 4 63 64 123 124 183 184 243 244
169,4,22953528,1790474203,0x52c2947e6df632d9be6323f7fee666e95e4aa386,2,1,2000,0x7f00001a,18,10,0x746ec8c6f455d9d9d5817f3ffcceb7485176876a84a0d8fab32a4dd687b5f539,7 8 67 68 127 128 187 188 247 248
170,3,22953540,1790474209,0x52c2947e6df632d9be6323f7fee666e95e4aa386,4,1,2000,0x1fc0000000013,8,5,0xf2661de553a4bdc5819fca43932568ee644730dec0e07494ebaaf0d6a38e1276,13 73 133 193 253
4,4,22953541,1790474209,0x1a3a0e6f222e823cc8d0f39d87042f88ab763872,1,0,500,0xf8037,19,10,0x5e65c3252567e5023dd95a73c8fcdcff4574e4e6d177d9a29ce33a499070bbdb,3 4 63 64 123 124 183 184 243 244
171,3,22953552,1790474215,0x52c2947e6df632d9be6323f7fee666e95e4aa386,6,1,2000,0x7f000000000000020,5,4,0x699b621c5ec8d0444fcda2d74773d26c3a4049d1875825fc6e1aacd3c278387d,19 79 139 199
4,5,22953580,1790474229,0x1a3a0e6f222e823cc8d0f39d87042f88ab763872,2,0,500,0x1f000033,18,10,0xd44db8b8070a40cd7ed046dfebed6b7222cf01b70cbba52205c4237c2f965e76,0 7 60 67 120 127 180 187 240 247
4,6,22953615,1790474247,0x1a3a0e6f222e823cc8d0f39d87042f88ab763872,3,0,500,0x3e00000027,10,5,0x4547abe756ecba24371e04738e11ace76205bd2af064b659f345ccbe495258c2,10 70 130 190 250
4,7,22953645,1790474262,0x1a3a0e6f222e823cc8d0f39d87042f88ab763872,4,0,500,0x7c0000000012,8,5,0xea9c60c6f5e9c15a23e2914cf7a93b4685b7c72ea54f6ec5b8709ef04c9876d9,13 73 133 193 253
4,8,22953676,1790474278,0x1a3a0e6f222e823cc8d0f39d87042f88ab763872,5,0,500,0xf8000000000023,6,4,0x071560bba9e9541e16ffce2b912ad7585841935cb3ee768d38e47dcf88ea4719,16 76 136 196
4,9,22953701,1790474290,0x1a3a0e6f222e823cc8d0f39d87042f88ab763872,6,0,500,0x1f000000000000033,5,4,0x32da6ee64eab3af92058ddb666628d6dab191d32f55fcddd0f5367769f67d0c6,19 79 139 199
4,10,22953738,1790474309,0x1a3a0e6f222e823cc8d0f39d87042f88ab763872,7,0,500,0x3e00000000000000036,8,4,0x4d29fa041032bbf5ecfa0181467797483448327f4187c223f41e98a6bc97f1bc,22 82 142 202
4,11,22953760,1790474320,0x1a3a0e6f222e823cc8d0f39d87042f88ab763872,8,0,500,0x7c0000000000000000035,18,9,0xf5e57b91fa459c208e4d4b3f9fbbe4d0dc900be13abeccfdccb8e5a9e8289fc9,0 25 60 85 120 145 180 205 240
307,1,22953764,1790474322,0xbfe2643c33dade319d1634215ab68b3c098ed3e7,1,1,2000,0x3f8020,9,5,0x39ba80e1866ffc1d09de2e597461e3e9deef25f301dfaeff660571953e4a380e,4 64 124 184 244
4,12,22953806,1790474344,0x1a3a0e6f222e823cc8d0f39d87042f88ab763872,9,0,500,0xf800000000000000000000c,5,4,0xa46ef08877309fdfb684fcf482fafce6ea21e4bcf372ad6d9fe1a0df850681f0,28 88 148 208
308,1,22953820,1790474351,0x9f2ebf1ba9206ef97428fdab7431a3f1d53f6dc9,18,1,2000,0x7f00000000000000000000000000000000000000000f,7,4,0xc69dde1c50eadb3d109a038004b215c7dc61001746c0bb25fc727ad5ca7d9cdb,55 115 175 235
4,13,22953828,1790474355,0x1a3a0e6f222e823cc8d0f39d87042f88ab763872,10,0,500,0x1f00000000000000000000003b,5,4,0xb3be2bcf50e2896cfcff75c1bf88ef1e9a62fe68255147d1673f220cc838661c,31 91 151 211
4,14,22953875,1790474379,0x1a3a0e6f222e823cc8d0f39d87042f88ab763872,12,0,500,0x7c000000000000000000000000000f,13,8,0x465b659d68bfcdab4d7b8deed9c9c2de7c386e582800bfb64952e9301be45fd8,36 37 96 97 156 157 216 217
4,15,22953898,1790474390,0x1a3a0e6f222e823cc8d0f39d87042f88ab763872,13,0,500,0xf8000000000000000000000000000030,8,4,0x3bd75818d6212c532c4eba3fedfbb07085673ae75e85b7f02a94fe7bf12f63f0,40 100 160 220
196,16,22953956,1790474420,0xac0e67aaaa15dc791153b64df4a9d121dce797e5,2,1,2000,0x7f000037,18,10,0xa6adaf29ec084310da620882debf6472d2918c3fd65d1684bfe9c0f5fbf07488,7 8 67 68 127 128 187 188 247 248
196,17,22953990,1790474437,0xac0e67aaaa15dc791153b64df4a9d121dce797e5,5,1,2000,0x3f800000000001e,6,4,0x16dcb191094b2e09601aae6fc514873ba60adfcbc4148b4bf94dc0cbd64f896c,16 76 136 196
4,16,22954107,1790474497,0x1a3a0e6f222e823cc8d0f39d87042f88ab763872,15,0,500,0x3e0000000000000000000000000000000000c,6,4,0x9572eec5a9d6970a957737b8dadab578337bf75a7d595423a414d87cc5f3d432,46 106 166 226
4,17,22954134,1790474510,0x1a3a0e6f222e823cc8d0f39d87042f88ab763872,16,0,500,0x7c0000000000000000000000000000000000024,6,4,0x690a6d8a9750b6a942838cc74c942f6a4fc786e426cfba417182d10c4128a73e,49 109 169 229
196,18,22954138,1790474512,0xac0e67aaaa15dc791153b64df4a9d121dce797e5,7,1,2000,0xfe0000000000000000c,16,8,0x82aeb139e09be279b5d858c4635d863e9a392401f7d6482add7779446a4e14f7,21 22 81 82 141 142 201 202
295,3,22954138,1790474512,0xec0408f9fb4c25a98e60b6e5715cd059b1fa172f,7,0,500,0x3e00000000000000037,8,4,0xdc4812bba010839d6b4ba38db6a336905b75fa4562c6e23254bc9465ba8a7bf0,22 82 142 202
310,1,22954187,1790474537,0x14dcb3e1781743a32395bca8de7fe6f44fa7917a,6,2,4000,0xff000000000000028,11,8,0xb2512407ce2b73d8ada2e9a0325527e7dcd24028047cc15be7769ebdefd3441a,19 20 79 80 139 140 199 200
295,4,22954608,1790474751,0xec0408f9fb4c25a98e60b6e5715cd059b1fa172f,3,1,2000,0xfe0000002e,10,5,0x1fb0e39393d4618c6200b90c6a587916c743a9165c0c20560ed644e9737bf432,10 70 130 190 250
314,1,22954668,1790474781,0x8d97497483204a504670cdc5e1b3ff8868888888,12,2,4000,0x3fc0000000000000000000000000001,9,8,0x34d473336feaadf64b5ee6d13f3183696483efcf8e067f1cc668c7d64290c00b,37 38 97 98 157 158 217 218
98,1,22954790,1790474843,0xa2e8a61f22e3b61c65e9b2b068012b47081bed7c,6,1,2000,0x7f00000000000003a,5,4,0xb6aa06fc81f8b345872e7647b680fb2d3936607a2d9e0e02d437fcf29b77e9c1,19 79 139 199
305,1,22954827,1790474862,0xa754afb7549fce6e666bfcd6d4a4064c7d732d0e,1,1,2000,0x3f8020,9,5,0x39ba80e1866ffc1d09de2e597461e3e9deef25f301dfaeff660571953e4a380e,4 64 124 184 244
305,2,22954870,1790474884,0xa754afb7549fce6e666bfcd6d4a4064c7d732d0e,2,1,2000,0x7f000000,16,10,0xde9e93f085415ee6bb8a0ed921980581f6a64dbe8900108533e1652676855161,6 7 66 67 126 127 186 187 246 247
306,1,22954895,1790474897,0xa754afb7549fce6e666bfcd6d4a4064c7d732d0e,3,1,2000,0xfe00000027,10,5,0x494fdc0201ad6e241d2a37f40274edfe8fc8091e7b2f626ae68e55725acaaa69,10 70 130 190 250
306,2,22954932,1790474915,0xa754afb7549fce6e666bfcd6d4a4064c7d732d0e,19,1,2000,0xfe00000000000000000000000000000000000000000033,8,4,0x454e48e0583fffde7a9374b33a98d477973edce36e2e0149a8ff8a99eaf2648f,58 118 178 238
302,1,22954943,1790474921,0x08b296a897b1c8a033066a34dfde80c66a825d7b,11,1,2000,0xfe00000000000000000000000031,6,4,0xc64bfff68f4f47fdcb3339ac17cf5a0a63569000e6de779ff6644f7fb154713e,34 94 154 214
167,13,22955001,1790474950,0x4e4036db402290a8333fc81f2690bec313baa18f,13,0,500,0xf8000000000000000000000000000033,8,4,0xcfa2a5c122d0e99d727700df84e036c59baea96362d9937586f3ff2ed07984fb,40 100 160 220
88,1,22955017,1790474959,0xa2e8a61f22e3b61c65e9b2b068012b47081bed7c,6,1,2000,0x7f00000000000003a,5,4,0xb6aa06fc81f8b345872e7647b680fb2d3936607a2d9e0e02d437fcf29b77e9c1,19 79 139 199
309,1,22955106,1790475004,0x3a62262930534e493d7bf823608291f2544d0b01,1,1,2000,0x3f8020,9,5,0x7590e592d0213c4472cc41be314fab57dc87631787ef50589d2beb713ba36621,4 64 124 184 244
305,3,22955178,1790475040,0xa754afb7549fce6e666bfcd6d4a4064c7d732d0e,7,1,2000,0xfe00000000000000008,8,4,0xb6625ad15a8643e6bcbefe59500a0fb1c29413ab2200fbd44eaee3d733b8b194,22 82 142 202
305,4,22955196,1790475049,0xa754afb7549fce6e666bfcd6d4a4064c7d732d0e,12,1,2000,0x1fc0000000000000000000000000029,5,4,0x9b22de50e766eacd872d2ba5a2d3abc57d2ce6fd15343e91614636a994aa5bfd,37 97 157 217
303,2,22955328,1790475116,0xbfe2643c33dade319d1634215ab68b3c098ed3e7,2,1,2000,0x7f000000,16,10,0xde9e93f085415ee6bb8a0ed921980581f6a64dbe8900108533e1652676855161,6 7 66 67 126 127 186 187 246 247
315,1,22955354,1790475130,0xec0408f9fb4c25a98e60b6e5715cd059b1fa172f,11,1,2000,0xfe00000000000000000000000031,6,4,0xc64bfff68f4f47fdcb3339ac17cf5a0a63569000e6de779ff6644f7fb154713e,34 94 154 214
307,2,22955381,1790475143,0xbfe2643c33dade319d1634215ab68b3c098ed3e7,2,1,2000,0x7f000000,16,10,0xd019629993bba47afc05fe3448c6ab99d7aa76ce4f634554546cd094b76d9e77,6 7 66 67 126 127 186 187 246 247
306,3,22956026,1790475471,0xa754afb7549fce6e666bfcd6d4a4064c7d732d0e,19,1,2000,0xfe0000000000000000000000000000000000000000002e,21,12,0x64d06ca5b80157fd2335360b128304be4d00b04cddde89f341a91843194ad8b0,57 58 59 117 118 119 177 178 179 237 238 239
315,2,22956290,1790475605,0xec0408f9fb4c25a98e60b6e5715cd059b1fa172f,19,0,500,0x3e00000000000000000000000000000000000000000015,8,4,0x2141eeb642517032cbd87403b544223fe36413d4b6743af29a4584c04abb8b2c,58 118 178 238
320,1,22956472,1790475697,0xa754afb7549fce6e666bfcd6d4a4064c7d732d0e,12,1,2000,0x1fc0000000000000000000000000023,5,4,0xf0364c687bc5007648dad79a07bea3b95ea8f524a3ad452c67febf04b7276e0b,37 97 157 217
316,1,22956483,1790475703,0xb371b7b19ed98486ab48695d8ca1b8d401979037,19,2,4000,0x1fe0000000000000000000000000000000000000000002d,16,8,0x07ab8751a2052357f398acd2a3c0998c7b9968bd71e6c15b86b301ff95b84215,58 59 118 119 178 179 238 239
33,2,22956553,1790475738,0xbd5764383846bbd5aabc92ab9c9c2f9bbfa15a55,1,0,500,0xf8007,9,5,0x75ed74a8a5ccd9d4430ffd414d7223731c884dbc9ce7f71e6d94a3419f87af67,4 64 124 184 244
54,2,22956573,1790475748,0xbd5764383846bbd5aabc92ab9c9c2f9bbfa15a55,1,0,500,0xf8007,9,5,0xe4bb04f3a512ede9d84e6212207cbd311140412c4d49de6cf1092e22bf690f85,4 64 124 184 244
56,2,22956591,1790475757,0xbd5764383846bbd5aabc92ab9c9c2f9bbfa15a55,1,0,500,0xf8007,9,5,0x3e216938ae855891af8a202e8ec8c40d9a9e455bdc881b91fc933276baa7b350,4 64 124 184 244
322,1,22956615,1790475770,0x2122e553875fe2d0e24eb0eb220ea7da258ddd5d,19,2,4000,0x1fe0000000000000000000000000000000000000000002d,16,8,0x07ab8751a2052357f398acd2a3c0998c7b9968bd71e6c15b86b301ff95b84215,58 59 118 119 178 179 238 239
319,1,22956672,1790475799,0xf5122a7f966ef24b32eeaea1fa4f40bfb281e8d2,1,1,2000,0x3f8020,9,5,0x3553924dd49e12a2e5a0f3910cfb33d98e2c75adb7be08e346086bc9ee719412,4 64 124 184 244
321,1,22956683,1790475804,0xec0408f9fb4c25a98e60b6e5715cd059b1fa172f,5,0,500,0xf800000000000d,6,4,0x0754142c75264138e3b4b6604028a0b9bf7946c4330b3635b083266e8e443020,16 76 136 196
64,2,22956750,1790475838,0x7a293aa02ef51e4e25394ffeeb5989ad4674cdd5,12,0,500,0x7c000000000000000000000000002c,5,4,0x366cb70ae3a46e7569008512b84a24bc0e5ad7c87e6efdd5cb98ebabc265ed3f,37 97 157 217
320,2,22956759,1790475843,0xa754afb7549fce6e666bfcd6d4a4064c7d732d0e,9,1,2000,0x3f800000000000000000001a,5,4,0x60f6d6531e7ddc2999129c3d0a1c4ce01f94bf978dbf1edd1879c92a0bcd5728,28 88 148 208
66,2,22956770,1790475848,0x7a293aa02ef51e4e25394ffeeb5989ad4674cdd5,12,0,500,0x7c000000000000000000000000002c,5,4,0x29c759b6c3059aade709b617dbab12d7dda9db80fbdefda6bbebe217649ae6a6,37 97 157 217
67,2,22956787,1790475857,0x7a293aa02ef51e4e25394ffeeb5989ad4674cdd5,12,0,500,0x7c000000000000000000000000002c,5,4,0x575d759b1e61b85bf379c4a4c13a9eadccdde49e5de24c76513b43f3f85d77c5,37 97 157 217
271,3,22956891,1790475910,0xd00226b73bab097e97c6df416dc031df7c4b5af1,1,0,500,0xf801c,19,10,0x6fa4be9d156ec1a5fe7d8a8ec48747b4543453e6f81202bb717a9e790a56fd76,3 4 63 64 123 124 183 184 243 244
71,2,22956932,1790475930,0xd13699e25eb3550ec997be63686ca837e4d956ba,1,0,500,0xf8007,9,5,0xb59b875604fe7ea39d44bd28e56d5171288e8175b14274c88f4918e8ff614b08,4 64 124 184 244
72,2,22956949,1790475939,0xd13699e25eb3550ec997be63686ca837e4d956ba,1,0,500,0xf8007,9,5,0x2d04bc98d215909dee4bad95b6ec0e673e7e8802285a26d9625d9e72d3d0817e,4 64 124 184 244
73,2,22956966,1790475948,0xd13699e25eb3550ec997be63686ca837e4d956ba,1,0,500,0xf8007,9,5,0x3e216938ae855891af8a202e8ec8c40d9a9e455bdc881b91fc933276baa7b350,4 64 124 184 244
85,2,22957098,1790476015,0xc9d6c183b4acafbdaf8c398adee039f17c86321d,1,0,500,0xf8007,9,5,0xea6fcbebd60bb64bd9d201d784118114cd93358636477f7dc7120a28ca846aaa,4 64 124 184 244
87,2,22957116,1790476024,0xc9d6c183b4acafbdaf8c398adee039f17c86321d,1,0,500,0xf8007,9,5,0xf5a9f9966b51d4e2a5db36d7341fb3049bd9e0de76da12d050aa3faff79cf300,4 64 124 184 244
89,2,22957133,1790476033,0xc9d6c183b4acafbdaf8c398adee039f17c86321d,1,0,500,0xf8007,9,5,0x3e216938ae855891af8a202e8ec8c40d9a9e455bdc881b91fc933276baa7b350,4 64 124 184 244
323,1,22957202,1790476068,0xac0e67aaaa15dc791153b64df4a9d121dce797e5,5,1,2000,0x3f8000000000003,6,4,0x81d5cd3ac93f8db1f403e56a242f2a0fea2efbe1a9de79c2ed59db7d0c689307,16 76 136 196
323,2,22957236,1790476085,0xac0e67aaaa15dc791153b64df4a9d121dce797e5,2,1,2000,0x7f000000,8,5,0x89206865c8b6e0588055bd4f0c4bb3ca1edeebcd068ca7cebe9855039935c80c,7 67 127 187 247
91,2,22957306,1790476120,0xafd6e6a4c331a0112ed9fbc306fba05b44d87020,1,0,500,0xf8007,9,5,0xf7798c2a6bd9b19c32c3c39bed73187c0c18baa32294c1ad4c3ba9deb1bf83d7,4 64 124 184 244
93,4,22957323,1790476129,0xafd6e6a4c331a0112ed9fbc306fba05b44d87020,1,0,500,0xf8037,9,5,0x21b6d9eb3b2041f88ba216c08e2b1144232849b2bea8b180e02636925b1c03b2,4 64 124 184 244
323,3,22957325,1790476130,0xac0e67aaaa15dc791153b64df4a9d121dce797e5,7,1,2000,0xfe00000000000000008,8,4,0x0846ca0f58377efe0d1154a0f573aeb8f402fae2a5a77a1c1e670fab911546f4,22 82 142 202
319,2,22957332,1790476134,0xf5122a7f966ef24b32eeaea1fa4f40bfb281e8d2,9,1,2000,0x3f800000000000000000001a,5,4,0x83b987b780f864f57c6e6c0466e48f79fce31ee54d845d48d85438b891e71155,28 88 148 208
96,2,22957338,1790476137,0xafd6e6a4c331a0112ed9fbc306fba05b44d87020,1,0,500,0xf8007,19,10,0x6d108b5e48059c40e463680c6469d7c26f7704836ab03c416f783b7d2256b882,3 4 63 64 123 124 183 184 243 244
271,4,22957348,1790476142,0xd00226b73bab097e97c6df416dc031df7c4b5af1,9,1,2000,0x3f8000000000000000000019,5,4,0x2a88c89ef7a5cdbfa4180bf207db6aeb7e4483ad4e29e1d391fe9533f613ead2,28 88 148 208
323,4,22957437,1790476187,0xac0e67aaaa15dc791153b64df4a9d121dce797e5,19,0,500,0x3e00000000000000000000000000000000000000000008,8,4,0xa9434b58a9adb8d39f3801a9bd73b4f2413bd8a63c97103bed81524de5c8189f,58 118 178 238
99,2,22957517,1790476228,0xcbc381d3f2139da5159cd9863d7e1d0111ccdd19,1,0,500,0xf8007,9,5,0xae3e5a6ef72334df4fbd9d8494eb47ab532759016267449b234c3a0f5cee385b,4 64 124 184 244
100,3,22957534,1790476236,0xcbc381d3f2139da5159cd9863d7e1d0111ccdd19,1,0,500,0xf801c,9,5,0x7b1dbe54b5b359e1ba11c334578d7ebef5fbb659f5d8b824c7c8146b5f13dc52,4 64 124 184 244
101,2,22957549,1790476244,0xcbc381d3f2139da5159cd9863d7e1d0111ccdd19,1,0,500,0xf8007,9,5,0x4b02dcca1167b830f1870567a99ccceab4c344a834f427ac02337429cd65a352,4 64 124 184 244
99,3,22957644,1790476292,0xcbc381d3f2139da5159cd9863d7e1d0111ccdd19,1,0,500,0xf801c,19,10,0x07d59ce596024f9702351f9ea0448ad73bf8a2a3d4ae79cab9c5dbd488bc8288,3 4 63 64 123 124 183 184 243 244
100,4,22957660,1790476300,0xcbc381d3f2139da5159cd9863d7e1d0111ccdd19,1,0,500,0xf8037,19,10,0xe83c48c4271b7648db3e7a5d72dac9bb77ff9fd3e5ab6e940c4d060a1a311f96,3 4 63 64 123 124 183 184 243 244
321,2,22957671,1790476306,0xec0408f9fb4c25a98e60b6e5715cd059b1fa172f,17,1,2000,0x3f8000000000000000000000000000000000000033,7,4,0x84d048568b6f4455a2ae2c7d40267db619eae5ae7b63704bd944bbd30e33aedb,52 112 172 232
101,3,22957675,1790476308,0xcbc381d3f2139da5159cd9863d7e1d0111ccdd19,1,0,500,0xf801c,19,10,0xc7a60a5ce0cd724f1d658b3abd53426bbd21af5b0ec74dfc0ae060ff43aa46ba,3 4 63 64 123 124 183 184 243 244
323,5,22957679,1790476310,0xac0e67aaaa15dc791153b64df4a9d121dce797e5,10,0,500,0x1f000000000000000000000016,5,4,0xe3d87cbbde41b46b219b9c4997c1e3447a829a8766b1c1228ea594193d278563,31 91 151 211
102,2,22957868,1790476406,0x42a08b2a271f7305d0f6ef5e6c37f7ebb3d05c39,1,0,500,0xf8007,9,5,0x8948fbad2dc50f34b705c7aa839f277d81b5345b7824c0123538094dc00b349f,4 64 124 184 244
103,2,22957888,1790476416,0x42a08b2a271f7305d0f6ef5e6c37f7ebb3d05c39,1,0,500,0xf8007,9,5,0x0df0788ebe88a2cd506440b137e2852ca4602099b498ff6b736aeb3b0cdbdb3b,4 64 124 184 244
105,2,22957904,1790476424,0x42a08b2a271f7305d0f6ef5e6c37f7ebb3d05c39,1,0,500,0xf8007,9,5,0xf92ae86439f912fb5fa327fd37dab61b9429db80524b719421a2cd2cbfb584c6,4 64 124 184 244
106,2,22958006,1790476476,0x661d1d56530e9a07bb5d6058f32d431fecc9a7fa,1,0,500,0xf8007,9,5,0x4b02dcca1167b830f1870567a99ccceab4c344a834f427ac02337429cd65a352,4 64 124 184 244
107,2,22958024,1790476485,0x661d1d56530e9a07bb5d6058f32d431fecc9a7fa,1,0,500,0xf8007,9,5,0xf7b875ce77ad7fb94bc1add6b57da798ad214f11d585b884fb9d5529b884cd54,4 64 124 184 244
108,2,22958166,1790476557,0x661d1d56530e9a07bb5d6058f32d431fecc9a7fa,1,0,500,0xf8007,19,10,0x6d108b5e48059c40e463680c6469d7c26f7704836ab03c416f783b7d2256b882,3 4 63 64 123 124 183 184 243 244
295,5,22958253,1790476601,0xec0408f9fb4c25a98e60b6e5715cd059b1fa172f,14,0,500,0x1f00000000000000000000000000000000d,7,4,0xe41633c1a8d97a9e1464a4de5127d340b5dd5295537272ca12a08b969d960d92,43 103 163 223
109,2,22958309,1790476630,0xb7c3e773bf48d10039faf6be963ab96853819742,1,0,500,0xf8007,9,5,0xf7b875ce77ad7fb94bc1add6b57da798ad214f11d585b884fb9d5529b884cd54,4 64 124 184 244
110,2,22958328,1790476639,0xb7c3e773bf48d10039faf6be963ab96853819742,1,0,500,0xf8007,9,5,0xc45e577b112397deef7fe27c29645156f0371c5c4db5e44304604f2ef1effa9b,4 64 124 184 244
111,3,22958344,1790476647,0xb7c3e773bf48d10039faf6be963ab96853819742,1,0,500,0xf801c,9,5,0x806e42d9bb6a6a8b1616b7d152e8dc9fe1ef59d1797c134aee253462a06467f1,4 64 124 184 244
112,2,22958535,1790476744,0xd9a63b1c97f1b186ea7e6fe60a985694e6bd5a74,1,0,500,0xf8007,9,5,0xe98f03521fa029cd3b11cf9f3137997b32f1f5c13a29f5b89166750a8b8f5e31,4 64 124 184 244
113,2,22958550,1790476752,0xd9a63b1c97f1b186ea7e6fe60a985694e6bd5a74,1,0,500,0xf8007,9,5,0xae3e5a6ef72334df4fbd9d8494eb47ab532759016267449b234c3a0f5cee385b,4 64 124 184 244
114,2,22958566,1790476760,0xd9a63b1c97f1b186ea7e6fe60a985694e6bd5a74,1,0,500,0xf8007,9,5,0xc45e577b112397deef7fe27c29645156f0371c5c4db5e44304604f2ef1effa9b,4 64 124 184 244
316,2,22958660,1790476808,0xb371b7b19ed98486ab48695d8ca1b8d401979037,18,2,4000,0xff000000000000000000000000000000000000000034,19,12,0x54c2c1236f905c2ef2f7a15e19d7d1e5bede0c8a9421841307504015fcb64185,55 56 57 115 116 117 175 176 177 235 236 237
118,2,22958707,1790476832,0xec56dc68b5091297a987c4b93195e6561629d501,1,0,500,0xf8007,9,5,0x00730c74c5def9b0cb391f31b6ff561ca756dabef08c0e4f76ed1a29ef4f76b0,4 64 124 184 244
119,2,22958725,1790476841,0xec56dc68b5091297a987c4b93195e6561629d501,1,0,500,0xf8007,19,10,0xec3af8fc75e43823be4268213fbf562f341621a93aacd5507723d8ef0b063b21,3 4 63 64 123 124 183 184 243 244
120,3,22958747,1790476852,0xec56dc68b5091297a987c4b93195e6561629d501,1,0,500,0xf801c,9,5,0x96fd8ee4b0d4ca1a21712ad2ac56c12fd5f396230531b87e0200ee307fa64bd5,4 64 124 184 244
316,3,22958879,1790476919,0xb371b7b19ed98486ab48695d8ca1b8d401979037,15,2,4000,0x1fe00000000000000000000000000000000025,11,8,0xc58a1ba0a4669ff8b2a452880bded6d5fb4939675a5e472bbb60a63103b72dcf,46 47 106 107 166 167 226 227
316,4,22958931,1790476946,0xb371b7b19ed98486ab48695d8ca1b8d401979037,11,2,4000,0x1fe00000000000000000000000012,12,8,0xb7f3fd33082c048e552d22c3a764ad14d512fee1f9a06084bfda4ca3ba7c7834,34 35 94 95 154 155 214 215
316,5,22958980,1790476970,0xb371b7b19ed98486ab48695d8ca1b8d401979037,6,2,4000,0xff00000000000002e,11,8,0xfc186e523dc9c76b9f697688390b3684e1a13f9662e11bf8f1ca384e067eee49,19 20 79 80 139 140 199 200
121,2,22959228,1790477096,0x32a1048431ee2db5868c4ade81da84b9f075ab05,1,0,500,0xf8007,9,5,0x79fe30274fec0d9456df05546ede3eb935dabbfb0d458437a836902633b2ff33,4 64 124 184 244
122,2,22959242,1790477103,0x32a1048431ee2db5868c4ade81da84b9f075ab05,1,0,500,0xf8007,9,5,0x037cf25eb5677f7ee3a9239e0338491541a5fce095f14752ca90cc35f2eb4a53,4 64 124 184 244
123,2,22959256,1790477111,0x32a1048431ee2db5868c4ade81da84b9f075ab05,1,0,500,0xf8007,9,5,0x5347b13b26d4353bc104eda823b6639299a3a1a4a56d3c8427444d8cd65ff48d,4 64 124 184 244
124,2,22959359,1790477163,0x682e5537cce3e03a3020d896498786bb81c4a5e7,1,0,500,0xf8007,9,5,0xbfa7fd1c54ac24a78687c24dda41f4dc6e500295e2e60611b2bd487c34ad57d9,4 64 124 184 244
125,2,22959373,1790477170,0x682e5537cce3e03a3020d896498786bb81c4a5e7,1,0,500,0xf8007,9,5,0x4d4aac25594e99d2b3cf91135274d86db4ffb3d9ed42da875f7be551d09d416c,4 64 124 184 244
126,2,22959388,1790477178,0x682e5537cce3e03a3020d896498786bb81c4a5e7,1,0,500,0xf8007,9,5,0x1779a3985d6407d7b088affe2dca95a94f70e41226e349d7b6ed92d992ddac87,4 64 124 184 244
127,2,22959498,1790477234,0xa7c48ec145b032aa0fd76ebdae085bdb42173f19,1,0,500,0xf8007,9,5,0x4d4aac25594e99d2b3cf91135274d86db4ffb3d9ed42da875f7be551d09d416c,4 64 124 184 244
128,2,22959514,1790477242,0xa7c48ec145b032aa0fd76ebdae085bdb42173f19,1,0,500,0xf8007,9,5,0x21f6ea8bd36d070709aa038122e658999d65850b1716e2aaa37488fc9d25eec9,4 64 124 184 244
129,2,22959528,1790477249,0xa7c48ec145b032aa0fd76ebdae085bdb42173f19,1,0,500,0xf8007,9,5,0xe984ff90654ce346455bee70575b3e069a738b41076f6f9ed2aa24ac6bddc939,4 64 124 184 244
130,2,22959581,1790477276,0x2f1e4cf291e6dbd9236679ecdd1de9c324fcb879,1,0,500,0xf8007,9,5,0x870d8260476627dbea0327fab7a299c7891f064fa0a2acde3a2f82ed065d8596,4 64 124 184 244
131,2,22959596,1790477283,0x2f1e4cf291e6dbd9236679ecdd1de9c324fcb879,1,0,500,0xf8007,9,5,0xc83dd128bc76c1ea3cc0f65fec6563ba1e4a25c7020277d7b48d2d7ac5db60ed,4 64 124 184 244
132,2,22959621,1790477296,0x2f1e4cf291e6dbd9236679ecdd1de9c324fcb879,1,0,500,0xf8007,9,5,0x8429eb62beab43c0f680117ef85afa4382663696bb316cced4bc735b8ddfd13f,4 64 124 184 244
76,4,22959653,1790477312,0x3f62ae0c7ed24dcd2b52c1c224296519b02df00d,2,0,500,0x1f000032,18,10,0x596bf576be91295c9743ece535b3e74329e9943bece00629de71d670076907c2,0 7 60 67 120 127 180 187 240 247
76,5,22959692,1790477332,0x3f62ae0c7ed24dcd2b52c1c224296519b02df00d,5,0,500,0xf800000000002a,6,4,0x32b71fc871084f15ec73184d8a612ff8754769b3c70cc1b8be988dfe1aa3eb98,16 76 136 196
52,3,22959746,1790477359,0x346790c85882719d3806c1a7933dd7455a4f5b09,15,2,4000,0x1fe00000000000000000000000000000000025,11,8,0xdb3bb70e840c02517a91ecdd6c9cd3c33c4d14e7123b3035771949a8f16b9ed4,46 47 106 107 166 167 226 227
70,10,22959756,1790477364,0x62ff01f014f0da446e02a62392538f36a83a2659,7,2,4000,0x1fe00000000000000018,34,17,0xd6646f01c280fb22cfa02710cdc815ed80aed5745c2653dab20a32aca8de0535,0 21 22 23 60 81 82 83 120 141 142 143 180 201 202 203 240
76,6,22959761,1790477367,0x3f62ae0c7ed24dcd2b52c1c224296519b02df00d,7,0,500,0x3e00000000000000011,8,4,0xe19ea919d8791b82f232bd8cf4c5f8818db0ed674d87e1958ddbc5489ac78730,22 82 142 202
76,7,22959814,1790477394,0x3f62ae0c7ed24dcd2b52c1c224296519b02df00d,8,0,500,0x7c0000000000000000011,8,4,0x8bd634af556d25da50ce96474e179f0fe3d966bf1f3326dd87aa08c80708ca98,25 85 145 205
63,11,22959973,1790477475,0x62ff01f014f0da446e02a62392538f36a83a2659,16,2,4000,0x3fc0000000000000000000000000000000000037,21,12,0x6d39f5b0a399421733ea39f4aaade2ff2573b4e9f1377e269bb055570367379e,48 49 50 108 109 110 168 169 170 228 229 230
133,2,22960434,1790477709,0x49c7a4f1ae750cec95634648ce57e4ee53f64058,1,0,500,0xf8007,9,5,0x4d4aac25594e99d2b3cf91135274d86db4ffb3d9ed42da875f7be551d09d416c,4 64 124 184 244
134,2,22960453,1790477718,0x49c7a4f1ae750cec95634648ce57e4ee53f64058,1,0,500,0xf8007,9,5,0xc83dd128bc76c1ea3cc0f65fec6563ba1e4a25c7020277d7b48d2d7ac5db60ed,4 64 124 184 244
135,2,22960469,1790477727,0x49c7a4f1ae750cec95634648ce57e4ee53f64058,1,0,500,0xf8007,9,5,0x5e6444281ac2dacd90b9a87c812ff16defddc98ef5ddbd260f2639d927c237d7,4 64 124 184 244
137,2,22960705,1790477846,0x0139a84b829cef5f6f7b83a456d498a153155057,1,0,500,0xf8007,9,5,0xc2fbb8bcf5f83ef2cf7eb7c04bc54d53d90f8ec6498751cb81ff1b91f976de63,4 64 124 184 244
138,2,22960721,1790477855,0x0139a84b829cef5f6f7b83a456d498a153155057,1,0,500,0xf8007,9,5,0xc2fbb8bcf5f83ef2cf7eb7c04bc54d53d90f8ec6498751cb81ff1b91f976de63,4 64 124 184 244
139,2,22960737,1790477863,0x0139a84b829cef5f6f7b83a456d498a153155057,1,0,500,0xf8007,9,5,0x7dea5e5063994d7df796b23ea2f5c4a4792c909fdecb7d15bff007eeac9e184a,4 64 124 184 244
315,3,22960814,1790477902,0xec0408f9fb4c25a98e60b6e5715cd059b1fa172f,16,0,500,0x7c0000000000000000000000000000000000020,6,4,0xd839518d179b0b1af1655a6b39df18e5a505020a760c31b8185f32b77f72c42b,49 109 169 229
190,2,22960951,1790477971,0x024bd508a0752afb7e927b7defe681b51dd42377,1,0,500,0xf8007,9,5,0xc83dd128bc76c1ea3cc0f65fec6563ba1e4a25c7020277d7b48d2d7ac5db60ed,4 64 124 184 244
191,2,22960972,1790477982,0x024bd508a0752afb7e927b7defe681b51dd42377,1,0,500,0xf8007,9,5,0xdf13ca3ab09c16d026bd40b8aa8fe45c6a9f4ca9e457cb9a87eb9aee7a158516,4 64 124 184 244
192,2,22960988,1790477990,0x024bd508a0752afb7e927b7defe681b51dd42377,1,0,500,0xf8007,9,5,0xe372d765d2941bbdc96a3daf0e51049c820fcd9cdda63867af543ad10c37c679,4 64 124 184 244
233,1,22961306,1790478152,0x246e4bf851155c76cd74a4e2961cd879431a7768,1,0,500,0xf8000,9,5,0x62f0584b684cd25d35f162761c25d6356ffb3f56be8f2e2c2a3bda1ae8d12df0,4 64 124 184 244
150,7,22961337,1790478167,0x9f2ebf1ba9206ef97428fdab7431a3f1d53f6dc9,13,1,2000,0x3f800000000000000000000000000003d,18,9,0x810c727010c78c782a3a813938f3047cbb046330caf327be466968c806fbbab2,0 40 60 100 120 160 180 220 240
308,2,22961370,1790478184,0x9f2ebf1ba9206ef97428fdab7431a3f1d53f6dc9,6,1,2000,0x7f000000000000037,5,4,0x84a017be4fb2eb9301a41540239a36a015b5b57f173c8e115eb7b4f1ed188190,19 79 139 199
315,4,22961726,1790478365,0xec0408f9fb4c25a98e60b6e5715cd059b1fa172f,1,0,500,0xf8037,9,5,0x97f9c16dada6f78b7a737cf566dc8ca7d7808b1d4dda1f66c11fb77eb0a62778,4 64 124 184 244
327,1,22961756,1790478380,0x54012e1e43de8dd719a2deca0d6a254ee4db42b5,12,1,2000,0x1fc0000000000000000000000000023,5,4,0xf0364c687bc5007648dad79a07bea3b95ea8f524a3ad452c67febf04b7276e0b,37 97 157 217
327,2,22962087,1790478548,0x54012e1e43de8dd719a2deca0d6a254ee4db42b5,19,2,4000,0x1fe00000000000000000000000000000000000000000036,16,8,0x1784dc8a7c17ba7065d48f935add25d5b1bb58bc2f2d89fde89ecffe7a68911b,58 59 118 119 178 179 238 239
327,3,22962128,1790478569,0x54012e1e43de8dd719a2deca0d6a254ee4db42b5,11,2,4000,0x1fe00000000000000000000000023,20,12,0xb28e29bfb9273a75ce6ebdeb7672f6f669caf7bab5db4d597871761207366854,34 35 36 94 95 96 154 155 156 214 215 216
328,1,22962249,1790478631,0x0b1ba22af3fb3ad6247ba5d4413b6649edd40819,15,2,4000,0x1fe00000000000000000000000000000000000,11,8,0xe7f3fcc8b37edc77c066f24347bfe48e89075bce07904b139bb4ffb05be1c788,46 47 106 107 166 167 226 227
116,3,22962953,1790478988,0xb39e79d3540fc34f516af70574b94d4ef8f885d2,9,2,4000,0x7f800000000000000000001a,10,8,0x98a0270dd3ca8916ca8634d0505e7420841f953a9cc65edc52f25d3f03b3fec4,28 29 88 89 148 149 208 209
30,3,22963021,1790479023,0xb39e79d3540fc34f516af70574b94d4ef8f885d2,9,2,4000,0x7f800000000000000000001a,10,8,0xd7b3999f5693507896a5b6c18b91412104c6cc5fde90077cdd266cd6e3da35a9,28 29 88 89 148 149 208 209
208,3,22963036,1790479030,0x019d9319cbefec30f672fe0f79acd709958ab271,5,1,2000,0x3f800000000000f,6,4,0x2082c91e6c3d0445bba05d398bdd1a6ef59dbe6446f3712f0585bfc94a2dcdcf,16 76 136 196
197,3,22963059,1790479042,0xb39e79d3540fc34f516af70574b94d4ef8f885d2,9,2,4000,0x7f800000000000000000001a,10,8,0x2470ae1f96309039b7c58db5b52debbeecad1920ad3227ddc4245cbae3330a51,28 29 88 89 148 149 208 209
324,1,22963117,1790479071,0x1df89c0350e94575d0e20fd86c12e2a38e4c0ce1,8,1,2000,0x1fc000000000000000000b,8,4,0x21986eea82fc54342af4f8fad6b7ba2ba7ba788a5680c191d07a176321819d24,25 85 145 205
330,1,22963233,1790479130,0xe72d42810212c856636cd9d019e98cfe985535fd,19,1,2000,0xfe00000000000000000000000000000000000000000003,8,4,0xe5936971863e4f8d753637425b951521b27b3975e6b33c05d373260d658f7658,58 118 178 238
327,4,22963316,1790479172,0x54012e1e43de8dd719a2deca0d6a254ee4db42b5,8,1,2000,0x1fc0000000000000000026,8,4,0xc9a78ec44cf50e0a1b90a78a32d9460bdf74ca972f2bbcb7b01e0c7a211a09ff,25 85 145 205
331,1,22963344,1790479187,0x54012e1e43de8dd719a2deca0d6a254ee4db42b5,11,1,2000,0xfe00000000000000000000000031,6,4,0xf91ec6ee84b6f23281443a09b2eb2ae2c6c162fb128d157a24347ea07ef37ef1,34 94 154 214
331,2,22963370,1790479200,0x54012e1e43de8dd719a2deca0d6a254ee4db42b5,15,1,2000,0xfe00000000000000000000000000000000037,6,4,0x5fda3e8735cb3ce5cf619c53b42f93aa8c144887d7cd646c8a14032b4c9eae4b,46 106 166 226
331,3,22963384,1790479207,0x54012e1e43de8dd719a2deca0d6a254ee4db42b5,18,1,2000,0x7f00000000000000000000000000000000000000000c,7,4,0xbaa20015acc7972dac4da99065f62e5923faf8acdd55876b76f88a4362cc62b1,55 115 175 235
327,5,22963420,1790479225,0x54012e1e43de8dd719a2deca0d6a254ee4db42b5,18,1,2000,0x7f000000000000000000000000000000000000000038,17,9,0x7add2ac974f77b49f423a7d99253ee9c5ed3a541ba44f5176c4549e8dbb638e3,0 55 60 115 120 175 180 235 240
327,6,22963438,1790479234,0x54012e1e43de8dd719a2deca0d6a254ee4db42b5,11,1,2000,0xfe0000000000000000000000002b,14,8,0xea668d129396c4eefaeb6083e2d03330a7a566ad7c59ad3fa1049a4ebcd81ba5,33 34 93 94 153 154 213 214
9,3,22964054,1790479547,0x9e366c1405f7951431dbdeb53dcd57db342f55c4,1,0,500,0xf801c,19,10,0x4a414d46a166b2247f2d976d8ef6e554ce326125df5c0663b2f2761dcaadc464,3 4 63 64 123 124 183 184 243 244
293,2,22964076,1790479558,0x9e366c1405f7951431dbdeb53dcd57db342f55c4,1,0,500,0xf8007,9,5,0x8948fbad2dc50f34b705c7aa839f277d81b5345b7824c0123538094dc00b349f,4 64 124 184 244
331,4,22964140,1790479591,0x54012e1e43de8dd719a2deca0d6a254ee4db42b5,5,1,2000,0x3f8000000000024,6,4,0xfd19f3a26aaf409dcb042a564aedc00fec9429cadd91c63bff968a4998ae66da,16 76 136 196
332,1,22964176,1790479609,0x7d0aa09db8d2018d8de6def866824d111444bf4b,19,0,500,0x3e0000000000000000000000000000000000000000001a,8,4,0xaf05ac1ce4056b5302d5e0b9afc20b41ca46adb782a1acc393af9c768bc310ea,58 118 178 238
31,16,22964582,1790479815,0xac79fd6008b971723d16974cdb23ad70ecc00bee,16,0,500,0x7c000000000000000000000000000000000000f,14,8,0xb9c9563715283af0a10c70615cd1fbd869982607ef751d7a5358fe2a07c6c78a,48 49 108 109 168 169 228 229
207,3,22964679,1790479865,0x4fe840d7588f2a7cc776b24c74b710d80c68c887,1,2,4000,0x7f8039,29,15,0x144d8fb1dd4cd6b4e9d7ce0d59be5ac1becc72cb01a0e9abe828dd0e569ef49c,3 4 5 63 64 65 123 124 125 183 184 185 243 244 245
70,11,22964710,1790479880,0x62ff01f014f0da446e02a62392538f36a83a2659,19,2,4000,0x1fe00000000000000000000000000000000000000000030,21,12,0x6992eb71a086d0fdac0a412979e01675bd8ae602930a34755ae2b1fe326db145,57 58 59 117 118 119 177 178 179 237 238 239
143,12,22965149,1790480103,0xb2732bc83797a44d7368b04b95879f582723346f,1,0,500,0xf800f,19,10,0x29dcf55ed312d6e477ccdee91bd0b607090d9c841562239c2ac62d849270df92,3 4 63 64 123 124 183 184 243 244
143,13,22965180,1790480119,0xb2732bc83797a44d7368b04b95879f582723346f,9,0,500,0xf8000000000000000000023,12,8,0x67635eacdd889f4b21df2c9a16c55a41b23f9e42ff378f0f8cace7c23944fee0,27 28 87 88 147 148 207 208
324,2,22965254,1790480157,0x1df89c0350e94575d0e20fd86c12e2a38e4c0ce1,9,0,500,0xf8000000000000000000011,12,8,0x5b90e87c3ebafa47c2c7157b1459c5068d10bdabb3874987c682ad5d56928436,27 28 87 88 147 148 207 208
324,3,22965304,1790480182,0x1df89c0350e94575d0e20fd86c12e2a38e4c0ce1,12,0,500,0x7c0000000000000000000000000014,5,4,0x22842ecb89c0142f42cd3761be771e5c3e888f45cbc25ead1806a3b3b9934495,37 97 157 217
324,4,22965361,1790480211,0x1df89c0350e94575d0e20fd86c12e2a38e4c0ce1,16,0,500,0x7c0000000000000000000000000000000000007,6,4,0x9f9414c7f5f944990463efe90c5db36c4a9b52deec77414452d1f93ed059ae42,49 109 169 229
143,14,22965405,1790480233,0xb2732bc83797a44d7368b04b95879f582723346f,12,0,500,0x7c000000000000000000000000000f,13,8,0x1e5d2f5c79574ddfcb06129f7d22186f3a414190166e365e403158a39113594d,36 37 96 97 156 157 216 217
324,5,22965406,1790480234,0x1df89c0350e94575d0e20fd86c12e2a38e4c0ce1,19,0,500,0x3e0000000000000000000000000000000000000000002e,8,4,0x7565cf359255718b96178b8fad3f934abc6497dc42bea218ef47d2c0e4cb6968,58 118 178 238
143,15,22965435,1790480249,0xb2732bc83797a44d7368b04b95879f582723346f,11,1,2000,0xfe0000000000000000000000001a,6,4,0x77db06ddd3f0ba3856ed55699a32ab4b15545e4bfb8cacbea1422009f0a6607b,34 94 154 214
143,16,22965461,1790480262,0xb2732bc83797a44d7368b04b95879f582723346f,19,0,500,0x3e00000000000000000000000000000000000000000000,13,8,0x5eb2c6f87733ae2dc43e529f3e0e7672a4ee454063815119f128cc136db954d5,57 58 117 118 177 178 237 238
22,7,22965518,1790480291,0x23834a83a168310b6b0dc000f22f9a4f8ae86106,9,0,500,0xf8000000000000000000023,5,4,0x7798e3c213a682f1d40daae3d0c6624a03e0efcc4bcc53a9a84e98b7fd4d4b6d,28 88 148 208
25,6,22965548,1790480306,0x23834a83a168310b6b0dc000f22f9a4f8ae86106,9,0,500,0xf8000000000000000000032,15,9,0xf734c27599ee4174fb5231f837bf4feb797d517253ce42e4b7dcd001766f6e84,0 28 60 88 120 148 180 208 240
312,1,22965563,1790480313,0x3a62262930534e493d7bf823608291f2544d0b01,12,1,2000,0x1fc0000000000000000000000000023,5,4,0xf0364c687bc5007648dad79a07bea3b95ea8f524a3ad452c67febf04b7276e0b,37 97 157 217
207,4,22965897,1790480483,0x4fe840d7588f2a7cc776b24c74b710d80c68c887,12,2,4000,0x3fc0000000000000000000000000011,9,8,0x8418adbacf7fb93123d9d316f11bcadbe230bccecfbfe437e835b8aa9839f7f2,37 38 97 98 157 158 217 218
284,5,22967024,1790481055,0x26542d0bc93a63c141a21956337f18773b237882,1,0,500,0xf8007,9,5,0xd3bea567f7f8b0fb58a0fd678cad02b1e0c62f1fdd8ced119a28ac842936a943,4 64 124 184 244
207,5,22968034,1790481568,0x4fe840d7588f2a7cc776b24c74b710d80c68c887,15,1,2000,0xfe0000000000000000000000000000000001b,6,4,0x7b5e3bfafc6f1954459e16bb6104ed6bcea8b55e346c502a37662f3284e6f50c,46 106 166 226
28,2,22968154,1790481629,0xa9a3dbee74753ccd9b40521d1f92f9cf2f49b9dd,1,0,500,0xf8007,9,5,0x870d8260476627dbea0327fab7a299c7891f064fa0a2acde3a2f82ed065d8596,4 64 124 184 244
284,6,22968769,1790481942,0x26542d0bc93a63c141a21956337f18773b237882,18,0,500,0x1f000000000000000000000000000000000000000031,12,8,0x81b3b0556099db14c66a943c469e120ba9ea83d18ea9ff80b9bb735b3aed38ba,54 55 114 115 174 175 234 235
284,7,22968856,1790481986,0x26542d0bc93a63c141a21956337f18773b237882,10,0,500,0x1f00000000000000000000003d,5,4,0xafcf9ed9afc0acd1e96bda83eb9606cad086a602dadb5edc80db5e12c7baaa7f,31 91 151 211
77,4,22968871,1790481993,0x3f62ae0c7ed24dcd2b52c1c224296519b02df00d,1,0,500,0xf8037,9,5,0x7cb2256d287e57c687827896af2506ac7814e94f0d3c19d7b0460041213393dd,4 64 124 184 244
79,4,22968889,1790482002,0x3f62ae0c7ed24dcd2b52c1c224296519b02df00d,1,0,500,0xf8037,9,5,0x4f6758b11b33681457f7c8b2c53cc400cfe0bf86fbccb943ff61364cf2d77bb5,4 64 124 184 244
284,8,22968952,1790482034,0x26542d0bc93a63c141a21956337f18773b237882,3,1,2000,0xfe0000000e,19,10,0x3c477f7ebe9652f7b124a1c493ef2aac80250a94b14ad653f8c6c471c5f7ec5e,9 10 69 70 129 130 189 190 249 250
165,3,22969143,1790482131,0xa5552389c0c7601030cb8d82b487150855478342,18,2,4000,0xff000000000000000000000000000000000000000003,14,8,0x7682a0c81fe9ca77906f1f297a6a62e8372b7a1c4fd3191b1a4e45ad0266094c,55 56 115 116 175 176 235 236
165,4,22969328,1790482225,0xa5552389c0c7601030cb8d82b487150855478342,18,2,4000,0xff00000000000000000000000000000000000000001f,19,12,0x32843010a2967da86be700f4f967e755a2aacd157fb06322361123efdd299758,54 55 56 114 115 116 174 175 176 234 235 236
187,3,22970190,1790482662,0x65d3f783f7a9f2a30cf70a8b3f6789fe98779086,1,0,500,0xf801c,19,10,0x54840eb0433f8ab6fd3e769a293d19f03db17c207e435ca2d928927f7d45111c,3 4 63 64 123 124 183 184 243 244
286,2,22970211,1790482673,0x65d3f783f7a9f2a30cf70a8b3f6789fe98779086,1,0,500,0xf8007,9,5,0xc536042b9c333ab0a93c9fc6b7574ce08cfcc3b2ffe86c99d70a1bd3b123c16f,4 64 124 184 244
287,2,22970233,1790482684,0x65d3f783f7a9f2a30cf70a8b3f6789fe98779086,1,0,500,0xf8007,9,5,0xe7056498767a29e2707676d53482359b13c59fcd97524176128dcacf8f605db8,4 64 124 184 244
