block,timestamp,usdc_per_obrain
21703461,1789838697,3.5221857828e-05
21703510,1789838722,3.53370749364e-05
21703704,1789838820,3.5337656907e-05
21703708,1789838823,3.54381089586e-05
21703815,1789838877,3.56149349128e-05
21704026,1789838984,3.5624943143e-05
21704042,1789838992,3.51038248832e-05
21704114,1789839028,3.51044049299e-05
21704345,1789839146,3.53950285029e-05
21704397,1789839172,3.53956109505e-05
21704414,1789839181,3.54289549547e-05
21704430,1789839189,3.54348265865e-05
21704527,1789839238,3.53002688689e-05
21704567,1789839258,3.53060857587e-05
21704577,1789839263,3.5306667474e-05
21704630,1789839290,3.5312484891e-05
21704774,1789839363,3.53183027872e-05
21704779,1789839366,3.54050679363e-05
21705060,1789839508,3.54056504665e-05
21706149,1789840061,3.54698876136e-05
21706270,1789840122,3.72406350701e-05
21707384,1789840687,3.78404686874e-05
21707412,1789840701,3.96687229346e-05
21707413,1789840702,3.96678217034e-05
21707414,1789840702,3.96670541987e-05
21707415,1789840703,3.96664912943e-05
21707578,1789840785,3.98825909989e-05
21707673,1789840834,3.99351609522e-05
21708290,1789841147,4.22107851794e-05
21708327,1789841165,4.33788685509e-05
21708328,1789841166,4.33781539542e-05
21708329,1789841166,4.31981666734e-05
21708330,1789841167,4.31975739376e-05
21708490,1789841248,4.33782920315e-05
21708516,1789841261,4.4032042635e-05
21708517,1789841262,4.40314878486e-05
21708597,1789841302,4.42265922964e-05
21708762,1789841386,4.4886680492e-05
21709052,1789841533,4.4887336402e-05
21709063,1789841539,4.48879923168e-05
21709125,1789841570,4.72130550029e-05
21709126,1789841571,4.72123001873e-05
21709127,1789841571,4.7211595193e-05
21709255,1789841636,4.92511991349e-05
21709256,1789841637,4.92505340196e-05
21709321,1789841670,4.92779456993e-05
21709587,1789841805,4.96221661594e-05
21709595,1789841809,4.96566540986e-05
21709840,1789841933,5.00056888206e-05
21709855,1789841940,4.99872606367e-05
21709862,1789841944,5.00218751937e-05
21709877,1789841952,5.00911402494e-05
21709951,1789841990,5.03385397309e-05
21710066,1789842048,4.44435252229e-05
21710090,1789842060,4.44761643028e-05
21710171,1789842101,4.45289396589e-05
21710288,1789842160,4.4561610082e-05
21710319,1789842176,4.37309395447e-05
21710385,1789842209,4.37633159561e-05
21710393,1789842214,4.37598683545e-05
21710425,1789842230,4.37924190726e-05
21710477,1789842256,4.38586701413e-05
21710501,1789842268,4.24028059622e-05
21710512,1789842274,4.19335975198e-05
21710772,1789842406,3.90078981097e-05
21710773,1789842406,3.9008384176e-05
21710826,1789842433,3.89528097927e-05
21710828,1789842434,3.87146623198e-05
21710829,1789842434,3.82315023377e-05
21710853,1789842447,3.81104864608e-05
21711111,1789842578,3.81048002374e-05
21711530,1789842790,3.8135022702e-05
21711811,1789842933,3.82620878814e-05
21712036,1789843047,3.82592694568e-05
21712110,1789843085,3.80931468391e-05
21712127,1789843093,3.85426626603e-05
21712265,1789843163,3.87556832954e-05
21712293,1789843177,3.88166541592e-05
21712565,1789843315,4.00243136498e-05
21712664,1789843365,4.00875262188e-05
21712674,1789843370,4.04011943815e-05
21712844,1789843457,4.04670514718e-05
21713059,1789843566,4.05293534422e-05
21713132,1789843603,4.05917033349e-05
21713327,1789843701,4.05979409599e-05
21713335,1789843706,4.06041790641e-05
21713337,1789843707,4.06104176476e-05
21713339,1789843708,4.06166567102e-05
21713341,1789843709,4.06228962521e-05
21713343,1789843710,4.06291362732e-05
21713344,1789843710,4.06353767736e-05
21713633,1789843857,4.06978081342e-05
21713657,1789843869,4.07602874172e-05
21713682,1789843882,4.08228146225e-05
21713700,1789843891,4.12681357866e-05
21713703,1789843892,3.93295517358e-05
21713727,1789843904,3.54959961329e-05
21713780,1789843931,3.53829714105e-05
21713782,1789843932,3.53299062097e-05
21713871,1789843977,3.53881210854e-05
21713898,1789843991,3.63367083596e-05
21714061,1789844074,3.63986997165e-05
21714218,1789844154,3.63643821644e-05
21714310,1789844200,3.66033054338e-05
21714337,1789844214,3.66625597169e-05
21714340,1789844215,3.67218619224e-05
21714354,1789844223,3.67723064759e-05
21714460,1789844276,3.68019959165e-05
21714482,1789844287,3.68614107394e-05
21714600,1789844347,3.69243773354e-05
21714694,1789844395,3.70136655416e-05
21714816,1789844457,3.68642459358e-05
21714949,1789844525,3.7221754957e-05
21715339,1789844722,3.836524841e-05
21715407,1789844757,3.83773771941e-05
21715461,1789844784,3.87150540278e-05
21717113,1789845622,3.87156631797e-05
21717632,1789845885,3.87494310923e-05
21717891,1789846017,3.80888870313e-05
21718119,1789846132,3.79826429271e-05
21719555,1789846861,3.8871492173e-05
21720314,1789847246,3.92422989246e-05
21721136,1789847663,3.93650514356e-05
21722683,1789848447,3.96061837392e-05
21723157,1789848688,3.96124074199e-05
21725154,1789849701,4.01564913356e-05
21725876,1789850067,4.02186793e-05
21726268,1789850266,4.02499638554e-05
21726520,1789850393,4.02813390268e-05
21726955,1789850614,4.02958364489e-05
21727809,1789851047,4.1548343339e-05
21728185,1789851238,4.1515476581e-05
21728480,1789851387,4.18715582738e-05
21728507,1789851401,4.19607805379e-05
21729240,1789851773,4.02733320516e-05
21729269,1789851788,3.90736621772e-05
21729343,1789851825,3.73722245196e-05
21729375,1789851841,3.57795467441e-05
21729402,1789851855,3.5428707036e-05
21729617,1789851964,3.6131424129e-05
21729720,1789852016,3.61608537651e-05
21730107,1789852213,3.67519139353e-05
21730125,1789852222,3.8099554637e-05
21730145,1789852232,4.01665990001e-05
21730160,1789852240,4.06917452504e-05
21730173,1789852246,4.22880508166e-05
21730246,1789852283,4.23070564397e-05
21731239,1789852787,4.27261781286e-05
21731392,1789852865,4.30316626598e-05
21731415,1789852876,4.31081666518e-05
21732162,1789853255,4.08438668519e-05
21732639,1789853497,3.95952882284e-05
21732923,1789853641,3.96326325105e-05
21733234,1789853799,3.98284851628e-05
21733999,1789854187,3.98909183829e-05
21734028,1789854202,3.99221533287e-05
21734208,1789854293,4.14963008459e-05
21734231,1789854304,4.1815422309e-05
21736057,1789855231,4.17967469705e-05
21736611,1789855512,4.05045661836e-05
21736832,1789855624,4.01062507006e-05
21737547,1789855987,4.00418910526e-05
21738511,1789856476,3.85490171216e-05
21739107,1789856778,3.79787037437e-05
21739376,1789856914,3.79817433047e-05
21740390,1789857429,3.8072986597e-05
21743443,1789858977,3.80465987502e-05
21743673,1789859094,3.80019847143e-05
21745147,1789859842,3.86109445118e-05
21746312,1789860433,3.86722934301e-05
21746590,1789860574,3.89772989503e-05
21746594,1789860576,3.90081742086e-05
21746778,1789860669,3.90698377735e-05
21746852,1789860707,3.91640160686e-05
21747104,1789860835,3.92235979036e-05
21747395,1789860982,3.9893639975e-05
21747439,1789861005,3.96498817922e-05
21748176,1789861378,3.97120502898e-05
21748488,1789861537,3.99367100688e-05
21748626,1789861607,4.00047944896e-05
21749004,1789861798,4.18939220161e-05
21749061,1789861827,4.20092129733e-05
21749285,1789861941,4.32945319883e-05
21749353,1789861975,4.33469259459e-05
21749424,1789862011,4.36731138849e-05
21749424,1789862011,4.61483425671e-05
21749465,1789862032,4.63366325266e-05
21749496,1789862048,4.70938919661e-05
21749497,1789862048,4.70935294361e-05
21749505,1789862052,4.76517243567e-05
21749543,1789862072,4.76855890286e-05
21749923,1789862265,4.77499684826e-05
21749952,1789862280,4.80888196022e-05
21750083,1789862346,4.83131176374e-05
21750145,1789862377,4.82705631219e-05
21750156,1789862383,4.82774167139e-05
21750552,1789862584,4.880619373e-05
21750553,1789862584,4.88055979991e-05
21750720,1789862669,4.9080396968e-05
21750737,1789862677,4.94982289028e-05
21750792,1789862705,5.30020178708e-05
21750793,1789862706,5.30008607757e-05
21750794,1789862706,5.2999867236e-05
21750808,1789862713,5.33568282224e-05
21750812,1789862716,5.33929515076e-05
21750843,1789862731,5.41323221384e-05
21750844,1789862732,5.41316550062e-05
21750859,1789862739,5.41347101938e-05
21750860,1789862740,5.41359438258e-05
21750869,1789862744,5.42808326783e-05
21750876,1789862748,5.6099022111e-05
21751223,1789862924,5.65071316885e-05
21751243,1789862934,5.65813063771e-05
21751284,1789862955,5.66181329308e-05
21751427,1789863028,5.68402952088e-05
21751557,1789863093,5.69946584289e-05
21751828,1789863231,5.71437695844e-05
21751926,1789863281,6.24416166028e-05
21751983,1789863310,6.26971682136e-05
21752024,1789863330,6.27954002379e-05
21752033,1789863335,6.35735929272e-05
21752172,1789863405,6.39644863591e-05
21752201,1789863420,6.69003186872e-05
21752202,1789863421,6.6899559907e-05
21752212,1789863426,6.72208908896e-05
21752250,1789863445,6.72770894065e-05
21752252,1789863446,6.84869861939e-05
21752262,1789863451,6.88926812394e-05
21752318,1789863480,6.92995743429e-05
21752321,1789863481,6.97076655046e-05
21752348,1789863495,6.98718463508e-05
21752511,1789863577,6.99127245937e-05
21752553,1789863599,7.34349208273e-05
21752555,1789863600,7.34343560589e-05
21752556,1789863600,7.3433539052e-05
21752572,1789863608,7.36020437007e-05
21752676,1789863661,7.40225939829e-05
21752682,1789863664,7.39317935653e-05
21752718,1789863682,7.39107527388e-05
21752812,1789863730,7.40893949304e-05
21752903,1789863776,7.39414311734e-05
21752956,1789863803,7.37717603619e-05
21752960,1789863805,8.00124564397e-05
21752961,1789863806,8.00116324447e-05
21753005,1789863828,8.00470185946e-05
21753047,1789863849,8.0134632958e-05
21753234,1789863944,8.01100051694e-05
21753237,1789863946,8.16608414458e-05
21753289,1789863972,8.25131214252e-05
21753303,1789863979,8.27806651672e-05
21753402,1789864029,8.56165298967e-05
21753403,1789864030,8.56159619107e-05
21753443,1789864050,8.92952965641e-05
21753444,1789864051,8.92941153795e-05
21753452,1789864055,8.93403770811e-05
21753454,1789864056,7.47639054007e-05
21753455,1789864056,7.55277014608e-05
21753456,1789864057,7.54669328907e-05
21753522,1789864091,7.55094627033e-05
21753622,1789864141,7.985608105e-05
21753641,1789864151,8.16236425104e-05
21753713,1789864187,9.07081337531e-05
21753721,1789864191,9.08947116551e-05
21753731,1789864196,9.27798318351e-05
21753842,1789864253,9.66463299108e-05
21753844,1789864254,9.6589736153e-05
21753845,1789864254,9.57822463307e-05
21753970,1789864318,9.58590212406e-05
21754032,1789864349,9.73131642902e-05
21754034,1789864350,9.73121539024e-05
21754065,1789864366,9.7507384079e-05
21754244,1789864457,9.77008248094e-05
21754297,1789864483,9.7985343126e-05
21754303,1789864486,9.81792571435e-05
21754342,1789864506,9.89387164414e-05
21754350,1789864510,9.79629720745e-05
21754452,1789864562,9.77687526593e-05
21754456,1789864564,9.3117901151e-05
21754462,1789864567,8.89682435148e-05
21754465,1789864569,8.53598587045e-05
21754468,1789864570,8.15567504497e-05
21754473,1789864573,8.12951134773e-05
21754494,1789864583,8.14717505556e-05
21754495,1789864584,8.14735312834e-05
21754502,1789864587,7.56435259876e-05
21754503,1789864588,7.56446306537e-05
21754554,1789864614,7.60752808061e-05
21754556,1789864615,7.60925322378e-05
21754565,1789864619,7.95468471956e-05
21754677,1789864676,7.94182258291e-05
21754735,1789864706,7.95061568068e-05
21754756,1789864716,7.9510521566e-05
21754756,1789864716,7.9514886445e-05
21754761,1789864719,7.99552952439e-05
21754766,1789864721,8.02186629263e-05
21754852,1789864765,8.10058023249e-05
21754884,1789864781,8.13524179632e-05
21754916,1789864798,8.14314326209e-05
21754952,1789864816,8.23240038895e-05
21754971,1789864825,8.46130075057e-05
21755324,1789865005,8.45340369814e-05
21755889,1789865291,8.44551769619e-05
21755949,1789865322,8.45642665508e-05
21756108,1789865402,8.46552283264e-05
21756180,1789865439,8.49830955814e-05
21756310,1789865505,8.6013759768e-05
21756314,1789865507,8.60596225712e-05
21756389,1789865545,8.63333297847e-05
21756497,1789865600,8.68343607993e-05
21756632,1789865668,8.64151594339e-05
21756769,1789865738,8.73322123106e-05
21756789,1789865748,8.74246503771e-05
21757011,1789865860,8.81239528992e-05
21757020,1789865865,8.84392304939e-05
21757066,1789865888,8.80704952877e-05
21757139,1789865925,8.87717736887e-05
21757213,1789865963,8.9036794433e-05
21757293,1789866003,8.92123991905e-05
21757389,1789866052,8.95864028091e-05
21757463,1789866090,9.09923465448e-05
21757515,1789866116,9.1288016086e-05
21757520,1789866118,9.12009551303e-05
21757547,1789866132,9.19390617391e-05
21757581,1789866149,9.1974539526e-05
21757700,1789866210,9.31132537152e-05
21757813,1789866267,9.40811632884e-05
21757862,1789866292,9.89381821419e-05
21757863,1789866292,9.89364251371e-05
21758068,1789866396,9.9920017521e-05
21758073,1789866399,9.99397884225e-05
21758073,1789866399,8.40068185921e-05
21758074,1789866400,8.39625867191e-05
21758097,1789866411,8.54775257392e-05
21758114,1789866420,9.19806150247e-05
21758146,1789866436,9.20754806418e-05
21758153,1789866440,9.32719683511e-05
21758260,1789866494,9.60877516766e-05
21758280,1789866504,9.77079179882e-05
21758324,1789866526,9.80287686717e-05
21758351,1789866540,9.9008342025e-05
21758354,1789866542,9.90575469521e-05
21758394,1789866562,9.90968212534e-05
21758475,1789866603,9.91950903075e-05
21758479,1789866605,0.000100884329686
21758501,1789866616,0.000101349796562
21758503,1789866617,0.000103629324281
21758505,1789866618,0.000103628484668
21758514,1789866623,0.000104635579086
21758516,1789866624,0.000105325010546
21758522,1789866627,0.000106334176867
21758530,1789866631,0.000106852074615
21758550,1789866641,0.000107363790924
21758556,1789866644,0.000109914787782
21758557,1789866645,0.00010991341209
21758644,1789866689,0.00011017223343
21758655,1789866694,0.000110224008268
21758656,1789866695,0.000109998830134
21758696,1789866715,0.000110307080191
21758697,1789866716,0.000110587568832
21758741,1789866738,0.000110691325648
21758742,1789866738,0.000110546899338
21758751,1789866743,0.000110615359915
21758757,1789866746,0.000110719129765
21758764,1789866750,0.000110771032934
21758772,1789866754,0.000111080362316
21758773,1789866754,0.000111184349999
21758787,1789866761,0.000111288386332
21758802,1789866769,0.000113031558215
21758805,1789866770,0.000113241400463
21758824,1789866780,0.000113451437315
21758828,1789866782,0.000114505008876
21758840,1789866788,0.000114716213788
21758858,1789866797,0.000114927613305
21758863,1789866800,0.000115990192503
21758900,1789866819,0.000116287844409
21758925,1789866831,0.000116293855628
21758925,1789866831,0.000116295162068
21758925,1789866831,0.000118076887248
21758938,1789866838,0.000118130028774
21758996,1789866868,0.000118183237516
21759015,1789866877,0.000106655658351
21759016,1789866877,0.00010660068566
21759057,1789866898,0.000106556418112
21759066,1789866903,0.000106559823955
21759068,1789866904,0.000106456825286
21759069,1789866904,0.000106507337012
21759125,1789866933,0.00010651751734
21759131,1789866936,0.000113742659074
21759160,1789866950,0.000114799758886
21759166,1789866954,0.000114894958563
21759168,1789866955,0.000115510571593
21759194,1789866968,0.000115989335542
21759224,1789866983,0.00011611717315
21759241,1789866992,0.000116223491751
21759252,1789866997,0.000119443778174
21759272,1789867007,0.000119596745174
21759273,1789867008,0.00011991815294
21759279,1789867011,0.000120025384706
21759281,1789867012,0.000120203875477
21759283,1789867013,0.000118356151345
21759284,1789867013,0.000119967275372
21759291,1789867017,0.000121071835704
21759298,1789867020,0.00012148294625
21759302,1789867023,0.000121493845991
21759306,1789867025,0.000121507907554
21759307,1789867025,0.000121509247133
21759464,1789867105,0.000120680547464
21759488,1789867117,0.000122841093107
21759491,1789867118,0.000122895900484
21759536,1789867141,0.000123559265227
21759538,1789867142,0.000124218026819
21759542,1789867144,0.00012488494551
21759566,1789867156,0.000124929043116
21759573,1789867160,0.000125094893231
21759591,1789867169,0.000125127993493
21759596,1789867172,0.000126900130465
21759627,1789867187,0.000127276215944
21759631,1789867189,0.0001276528579
21759642,1789867195,0.000128030079525
21759643,1789867196,0.000130272084543
21759655,1789867202,0.000130653130221
21759674,1789867211,0.000130684271074
21759679,1789867214,0.000130797116684
21759681,1789867215,0.000131360170567
21759687,1789867218,0.000146850816207
21759688,1789867218,0.00014684690579
21759689,1789867219,0.000146327663269
21759726,1789867238,0.000146386882273
21759727,1789867238,0.000146683157
21759727,1789867238,0.000146979731242
21759744,1789867247,0.000147267604423
21759758,1789867254,0.000145687517231
21759760,1789867255,0.000145011078156
21759763,1789867256,0.000145784209548
21759790,1789867270,0.000145370151911
21759797,1789867274,0.000144784537728
21759826,1789867288,0.000144819879863
21759830,1789867290,0.000144986200467
21759842,1789867297,0.000145081474247
21759850,1789867300,0.000143737043836
21759856,1789867304,0.000133028289814
21759857,1789867304,0.000133015801627
21759857,1789867304,0.00013295408788
21759863,1789867307,0.000129566260881
21759864,1789867308,0.000130691506907
21759889,1789867320,0.000130702783936
21759891,1789867321,0.00013183294373
21759900,1789867326,0.000131418463406
21759922,1789867337,0.000131095679352
21759930,1789867341,0.000131660997967
21759946,1789867349,0.000132798132969
21759950,1789867351,0.000132855118069
21759956,1789867354,0.000133148670807
21759969,1789867361,0.000134292198386
21759973,1789867363,0.00013430127464
21760039,1789867396,0.000134873455802
21760042,1789867398,0.000136702434074
21760046,1789867400,0.000136116987821
21760068,1789867411,0.00013647744144
21760152,1789867454,0.000137623543496
21760152,1789867454,0.000138774437784
21760154,1789867455,0.000139833897168
21760166,1789867461,0.000140413338384
21760166,1789867461,0.000140993977658
21760167,1789867461,0.000142756375786
21760198,1789867477,0.000142861669941
21760263,1789867510,0.000142920774574
21760265,1789867511,0.000143506569976
21760270,1789867513,0.000142729803968
21760281,1789867519,0.000141629080944
21760295,1789867526,0.000141804329343
21760317,1789867537,0.000142910644444
21760335,1789867547,0.000148883235522
21760342,1789867550,0.000148978941242
21760350,1789867554,0.000149871676328
21760352,1789867555,0.00014986179149
21760356,1789867557,0.000150224458886
21760358,1789867558,0.000148402028544
21760376,1789867567,0.000149167357051
21760389,1789867574,0.000148313680152
21760414,1789867587,0.000148412255283
21760427,1789867593,0.000148502691425
21760436,1789867598,0.000148622922488
21760467,1789867613,0.000148646974539
21760469,1789867614,0.00014607470629
21760477,1789867618,0.000145316038144
21760486,1789867623,0.000143170361486
21760519,1789867640,0.00014315846345
21760543,1789867652,0.000143744745264
21760543,1789867652,0.000144333413177
21760584,1789867673,0.000144299100377
21760628,1789867695,0.000140897552604
21760630,1789867696,0.000140835316143
21760648,1789867705,0.00012978672313
21760662,1789867713,0.000128946624127
21760672,1789867717,0.000128849456629
21760714,1789867739,0.000128536214052
21760780,1789867772,0.000130765664152
21760785,1789867775,0.000133014283182
21760795,1789867780,0.000135282071143
21760806,1789867785,0.000134693642148
21760810,1789867787,0.00013697564076
21760811,1789867788,0.000141597144775
21760815,1789867790,0.000141714841998
21760835,1789867800,0.000141726496683
21760863,1789867814,0.000141731092168
21760874,1789867820,0.000143133156196
21760903,1789867835,0.000143192316956
21760944,1789867855,0.000143684771337
21761182,1789867976,0.000143744045974
21761251,1789868011,0.00013564810758
21761252,1789868012,0.000135649075395
21761253,1789868012,0.000123895719723
21761254,1789868013,0.000123901682029
21761273,1789868022,0.000124044534042
21761287,1789868029,0.000124704586264
21761300,1789868036,0.000125257351126
21761301,1789868036,0.00012478134138
21761315,1789868044,0.000125851085239
21761444,1789868109,0.000126060266536
21761467,1789868121,0.000127161853367
21761506,1789868140,0.000129026256108
21761523,1789868149,0.00012905995669
21761539,1789868157,0.000130700511362
21761581,1789868179,0.000130706150016
21761592,1789868184,0.000129571548787
21761610,1789868193,0.000129942535696
21761621,1789868199,0.000116986810741
21761622,1789868199,0.000116989265398
21761623,1789868200,0.000116990164188
21761623,1789868200,0.000116901878163
21761625,1789868201,0.000117994389429
21761639,1789868208,0.000118132677642
21761640,1789868208,0.000120270396057
21761659,1789868218,0.000120767679322
21761674,1789868226,0.000122390155752
21761677,1789868227,0.000121368574494
21761677,1789868227,0.000121477542579
21761769,1789868274,0.00012158655956
21761790,1789868285,0.000116401746341
21761832,1789868306,0.000109127076476
21761834,1789868307,0.000109129821518
21761865,1789868323,0.000110165314207
21761922,1789868352,0.000106780379644
21761941,1789868361,0.000105411332127
21761965,1789868373,0.000105919590993
21761987,1789868384,0.000106072307018
21762026,1789868404,0.000106123236807
21762038,1789868410,0.000111225793928
21762041,1789868412,0.000111569362425
21762062,1789868423,0.000111726097042
21762087,1789868435,0.000111809733821
21762093,1789868438,0.000111852609799
21762099,1789868441,0.000113954100456
21762104,1789868444,0.000114006782723
21762165,1789868475,0.000114534275019
21762167,1789868476,0.000114608369309
21762260,1789868523,0.000115306398398
21762396,1789868592,0.000115317015115
21762396,1789868592,0.000115327526144
21762403,1789868596,0.000115317015115
21762403,1789868596,0.000115306398398
21762409,1789868599,0.000109923873689
21762411,1789868600,0.000109934239656
21762411,1789868600,0.000109944502442
21762411,1789868600,0.000109965189505
21762418,1789868603,0.000109954923822
21762418,1789868603,0.00010994455493
21762426,1789868607,0.000109954818198
21762426,1789868607,0.000109965185623
21762432,1789868610,0.000109954920904
21762433,1789868611,0.00010994455493
21762441,1789868615,0.000109704346409
21762467,1789868628,0.000109494921378
21762498,1789868644,0.000109906326871
21762509,1789868649,0.000110209654479
21762513,1789868651,0.000112794042333
21762577,1789868684,0.00011321453266
21762601,1789868696,0.000113475102839
21762601,1789868696,0.000113735972533
21762612,1789868702,0.000113840404274
21762644,1789868718,0.000119123092317
21762660,1789868726,0.000119229968098
21762720,1789868756,0.000121377547389
21762770,1789868782,0.000126830359688
21762789,1789868791,0.000128502176405
21762853,1789868824,0.000129614358369
21762854,1789868824,0.000130731332565
21762855,1789868825,0.000130728467899
21762893,1789868844,0.000130841558816
21762982,1789868889,0.000134568637761
21763058,1789868928,0.000134614527722
21763099,1789868949,0.000135412424191
21763109,1789868954,0.000135569045875
21763112,1789868955,0.000135565223692
21763135,1789868967,0.000136707497063
21763135,1789868967,0.000137854562667
21763136,1789868967,0.000137851839445
21763152,1789868975,0.000143658994186
21763153,1789868976,0.000147219399492
21763154,1789868976,0.000147215149596
21763184,1789868992,0.000153276479477
21763185,1789868992,0.000153197940283
21763188,1789868994,0.000159316556572
21763189,1789868994,0.000159314865448
21763189,1789868994,0.000159310104457
21763218,1789869009,0.000159509872711
21763220,1789869010,0.000151099052509
21763220,1789869010,0.000143336351494
21763220,1789869010,0.000136156850477
21763220,1789869010,0.000129503559637
21763220,1789869010,0.000123326284066
21763220,1789869010,0.000117580674275
21763221,1789869010,0.000117588595496
21763221,1789869010,0.000117533476058
21763221,1789869010,0.000117429770394
21763223,1789869011,0.000117430873086
21763228,1789869014,0.000117441482341
21763231,1789869016,0.000118515593246
21763241,1789869021,0.000118504838114
21763242,1789869021,0.000118511238817
21763242,1789869021,0.00011853224952
21763263,1789869032,0.000119600510642
21763266,1789869033,0.000120803956713
21763297,1789869049,0.000120301917474
21763297,1789869049,0.000119807260042
21763302,1789869052,0.000119311414711
21763302,1789869052,0.000118822847592
21763310,1789869056,0.000116029784106
21763322,1789869062,0.000116562998155
21763351,1789869076,0.000117940872126
21763379,1789869091,0.00011902532351
21763382,1789869092,0.000119133234787
21763386,1789869094,0.000119347043367
21763413,1789869108,0.000119362238365
21763423,1789869113,0.000119469221347
21763431,1789869117,0.000121079716753
21763440,1789869122,0.000121122861104
21763441,1789869122,0.000123940428047
21763488,1789869146,0.00012449149858
21763527,1789869166,0.000126697127411
21763540,1789869172,0.000128372270257
21763567,1789869186,0.000128427737484
21763579,1789869192,0.000128472415586
21763617,1789869211,0.000128505707462
21763628,1789869217,0.000129172450721
21763642,1789869224,0.000128933582862
21763699,1789869253,0.000129315643292
21763739,1789869274,0.000118646689078
21763747,1789869277,0.000120789032369
21763748,1789869278,0.000121867392363
21763751,1789869279,0.000122107077704
21763760,1789869284,0.000123191292209
21763765,1789869286,0.000125935697118
21763772,1789869290,0.000127036740719
21763795,1789869302,0.000129253204618
21763815,1789869312,0.000129659762824
21763820,1789869315,0.000129071865572
21763831,1789869320,0.000129941465472
21763914,1789869362,0.000130453874898
21763916,1789869363,0.00013213653891
21763917,1789869364,0.000132132681496
21763926,1789869368,0.000127371336476
21763929,1789869370,0.000128478624501
21763941,1789869376,0.000129590704759
21763967,1789869389,0.000129703302578
21763968,1789869389,0.000127419062425
21764011,1789869412,0.000128526557432
21764045,1789869429,0.000129084436929
21764053,1789869432,0.000131880155904
21764101,1789869457,0.000134138296131
21764197,1789869506,0.000128025701245
21764203,1789869509,0.000125919527291
21764204,1789869509,0.000125802267593
21764208,1789869511,0.000123196602315
21764228,1789869521,0.000128689675422
21764337,1789869577,0.000128663962457
21764337,1789869577,0.00012866008573
21764340,1789869578,0.000127353920513
21764396,1789869606,0.000127112784365
21764419,1789869618,0.000128227768666
21764419,1789869618,0.000128222289624
21764433,1789869625,0.000127681592251
21764437,1789869627,0.000126614246802
21764453,1789869636,0.000127171223297
21764564,1789869692,0.000126850287479
21764592,1789869706,0.00012796426227
21764592,1789869706,0.000127997491579
21764617,1789869719,0.000128452353144
21764626,1789869723,0.000128385500096
21764738,1789869780,0.000128940740078
21764761,1789869792,0.000129497178118
21764767,1789869795,0.000130624950309
21764770,1789869796,0.00013343721298
21764771,1789869797,0.00013343415329
21764785,1789869804,0.000134000193516
21764799,1789869811,0.000134147560216
21764849,1789869836,0.000134434051777
21764896,1789869860,0.000135580771053
21764906,1789869865,0.000137309112129
21764908,1789869866,0.000137423854633
21764909,1789869867,0.000137539804802
21764917,1789869871,0.000137551533401
21764945,1789869885,0.00013870212718
21765014,1789869920,0.000140665616205
21765016,1789869921,0.000140662840548
21765031,1789869929,0.000141828702747
21765048,1789869938,0.00014299701149
21765107,1789869967,0.00014648410138
21765119,1789869973,0.000146709772734
21765134,1789869981,0.000147910000841
21765146,1789869987,0.000148148707371
21765147,1789869988,0.000148145798066
21765152,1789869990,0.000149938581569
21765214,1789870022,0.000149838482117
21765222,1789870026,0.000150439485534
21765224,1789870027,0.000150802850848
21765242,1789870036,0.000150814874634
21765244,1789870037,0.000150936098637
21765251,1789870040,0.00015105737134
21765255,1789870042,0.000150835077191
21765274,1789870052,0.000151436857045
21765274,1789870052,0.000152039834956
21765276,1789870053,0.000152038827623
21765283,1789870057,0.000151814364315
21765285,1789870058,0.000154225067608
21765286,1789870058,0.000154659165413
21765291,1789870061,0.000154671463716
21765312,1789870071,0.000154441147383
21765329,1789870080,0.000154502600435
21765340,1789870085,0.000154272661031
21765393,1789870112,0.000154043234559
21765433,1789870133,0.000153404494632
21765455,1789870144,0.000153177001357
21765492,1789870163,0.000158442147679
21765493,1789870163,0.000158438093132
21765522,1789870178,0.000158258959548
21765560,1789870197,0.000158020586961
21765569,1789870202,0.000159423896687
21765597,1789870216,0.000159413624069
21765599,1789870217,0.000159784663787
21765606,1789870220,0.000159542837153
21765621,1789870228,0.00015935765177
21765636,1789870236,0.000159116793516
21765639,1789870237,0.00015985861345
21765659,1789870247,0.000159440774852
21765669,1789870252,0.000160844149761
21765693,1789870264,0.000161843776154
21765722,1789870279,0.000157854283333
21765769,1789870303,0.000157866997295
21765783,1789870310,0.00015937300216
21765794,1789870316,0.000161848204597
21765804,1789870321,0.00016197378372
21765849,1789870344,0.000161980060815
21765878,1789870358,0.000163234074322
21765878,1789870358,0.000156443122895
21765879,1789870359,0.000156430612688
21765889,1789870364,0.000152865663209
21765890,1789870364,0.000152729807215
21765898,1789870369,0.000145320457203
21765926,1789870383,0.000158695097045
21765937,1789870388,0.000150883847266
21765953,1789870396,0.000151004369866
21765976,1789870408,0.000151125654797
21765995,1789870418,0.000152340724168
21765998,1789870419,0.000152462803947
21766019,1789870430,0.000152424804788
21766019,1789870430,0.00015242025913
21766024,1789870432,0.000152426348296
21766043,1789870442,0.000152386207951
21766044,1789870443,0.00015238179873
21766075,1789870458,0.000152366620664
21766075,1789870458,0.000152333399859
21766092,1789870467,0.000157343712134
21766095,1789870468,0.00015794602167
21766096,1789870469,0.000157904383729
21766097,1789870469,0.000157900428818
21766126,1789870484,0.000157873557747
21766126,1789870484,0.000157823495744
21766157,1789870500,0.000157168106732
21766162,1789870502,0.000157341284238
21766172,1789870508,0.000158818358122
21766173,1789870508,0.000158745230959
21766174,1789870509,0.000158739029293
21766175,1789870509,0.000158737638021
21766176,1789870510,0.000158733365463
21766183,1789870513,0.000159356926184
21766200,1789870522,0.000161833249685
21766206,1789870525,0.000163081071486
21766207,1789870525,0.000163046958153
21766207,1789870525,0.000163036985013
21766207,1789870525,0.000162977881921
21766209,1789870526,0.000162727881231
21766218,1789870531,0.000163294619826
21766221,1789870533,0.0001633072568
21766226,1789870535,0.000163228590972
21766226,1789870535,0.00016322276807
21766227,1789870535,0.000163217200336
21766228,1789870536,0.000163215830266
21766245,1789870545,0.000163182248762
21766245,1789870545,0.00016316488491
21766245,1789870545,0.000163155031071
21766245,1789870545,0.000163106320222
21766245,1789870545,0.000163120790489
21766247,1789870546,0.000163114599523
21766268,1789870556,0.00016303862871
21766268,1789870556,0.000163031800045
21766268,1789870556,0.00016303029622
21766269,1789870557,0.000163025680885
21766282,1789870563,0.000163179262707
21766288,1789870566,0.000163145673434
21766288,1789870566,0.000163128307211
21766288,1789870566,0.000163118223694
21766288,1789870566,0.000163108388943
21766288,1789870566,0.000163089732678
21766289,1789870567,0.000163083454721
21766307,1789870576,0.000163050229538
21766307,1789870576,0.000163040355322
21766307,1789870576,0.000162982306409
21766322,1789870584,0.000164881503016
21766326,1789870586,0.000164801679138
21766326,1789870586,0.000164796205315
21766326,1789870586,0.000164794844109
21766327,1789870586,0.000164789801025
21766347,1789870596,0.000164755648207
21766347,1789870596,0.000164738016152
21766347,1789870596,0.000164728033269
21766347,1789870596,0.000164678663595
21766347,1789870596,0.000164023639591
21766347,1789870596,0.000164038574426
21766349,1789870597,0.000164032626918
21766366,1789870606,0.000163956007739
21766366,1789870606,0.000163949065748
21766366,1789870606,0.000163947555051
21766368,1789870607,0.000163942881893
21766382,1789870614,0.000164254023336
21766389,1789870618,0.00016422003302
21766389,1789870618,0.000164202479239
21766389,1789870618,0.000164192292898
21766389,1789870618,0.000164182341207
21766389,1789870618,0.000164163601577
21766390,1789870618,0.000164157667771
21766402,1789870624,0.000164126723322
21766415,1789870631,0.000164047427953
21766415,1789870631,0.00016403746419
21766416,1789870631,0.000164030207123
21766435,1789870641,0.00016399582254
21766435,1789870641,0.000163936373422
21766435,1789870641,0.000163942598404
21766435,1789870641,0.000163935070788
21766436,1789870641,0.000163928010076
21766455,1789870651,0.000163851452924
21766455,1789870651,0.000163844992419
21766455,1789870651,0.000163843546347
21766456,1789870652,0.00016383883495
21766508,1789870678,0.000163828917188
21766508,1789870678,0.000163749666129
21766509,1789870678,0.000163743452197
21766513,1789870681,0.000163850760594
21766534,1789870691,0.000163816789576
21766534,1789870691,0.000163799252785
21766534,1789870691,0.000163789306045
21766534,1789870691,0.000163740207984
21766534,1789870691,0.000163754868946
21766536,1789870692,0.000163747846677
21766538,1789870693,0.000163897237807
21766570,1789870709,0.000163820715229
21766571,1789870710,0.000163813727764
21766572,1789870710,0.000163812222642
21766573,1789870711,0.000163808206156
21766590,1789870720,0.000163774431774
21766590,1789870720,0.000163764522073
21766590,1789870720,0.000163705774724
21766590,1789870720,0.000163711783448
21766650,1789870750,0.000163630339616
21766650,1789870750,0.000163620412669
21766651,1789870751,0.000163613945522
21766655,1789870753,0.000163579742394
21766677,1789870764,0.000163546610432
21766677,1789870764,0.000163529422237
21766677,1789870764,0.000163519423937
21766677,1789870764,0.000163509508544
21766677,1789870764,0.000163490868286
21766679,1789870765,0.000163485247511
21766698,1789870774,0.000163451945119
21766698,1789870774,0.000163442034336
21766698,1789870774,0.000163383847583
21766719,1789870785,0.00016330510609
21766719,1789870785,0.000163300275071
21766719,1789870785,0.000163299032231
21766720,1789870786,0.000163294187041
21766736,1789870794,0.00016253101123
21766740,1789870796,0.000163665357647
21766758,1789870805,0.000161593777212
21766791,1789870822,0.000161561871435
21766791,1789870822,0.000161558302157
21766806,1789870829,0.000159671494622
21766812,1789870832,0.000160382366292
21766816,1789870835,0.000160370067287
21766852,1789870852,0.000160177458213
21766870,1789870862,0.000160800485823
21766881,1789870867,0.000151245140045
21766881,1789870867,0.00015136652161
21766918,1789870886,0.000150572386909
21766928,1789870891,0.000151776097218
21766944,1789870899,0.00015178578329
21766950,1789870902,0.000151801743808
21766954,1789870904,0.000151546529473
21766986,1789870921,0.000151530609186
21766994,1789870925,0.000155182754918
21767020,1789870938,0.000156404718048
21767063,1789870960,0.000156386146107
21767107,1789870982,0.000166830505552
21767128,1789870993,0.000168224363947
21767144,1789871001,0.000168605513515
21767212,1789871035,0.000167621052128
21767212,1789871035,0.000168281198097
21767234,1789871046,0.000168267205561
21767293,1789871076,0.000169732890294
21767343,1789871102,0.000168613766558
21767377,1789871119,0.000169122649339
21767380,1789871120,0.000167526254543
21767448,1789871155,0.000167486725791
21767461,1789871161,0.000167401838605
21767461,1789871161,0.000167378336938
21767509,1789871186,0.000166726317032
21767526,1789871194,0.000165350997508
21767648,1789871256,0.000165414583859
21767654,1789871259,0.000165982824548
21767695,1789871280,0.000167259094086
21767705,1789871285,0.000163655138987
21767706,1789871286,0.000163769750999
21767731,1789871298,0.000165306560461
21767751,1789871309,0.000167833584071
21767774,1789871320,0.000168915558594
21767820,1789871344,0.000169945313694
21767826,1789871347,0.000173150934859
21767827,1789871347,0.000173146439103
21767828,1789871348,0.000173142755602
21767860,1789871364,0.000173168728938
21767891,1789871380,0.000175754923301
21767897,1789871383,0.000181660329126
21767898,1789871383,0.000181656544098
21767899,1789871384,0.000181652879
21767925,1789871397,0.000182993567263
21767926,1789871397,0.000182863625393
21767929,1789871399,0.000183532524029
21767956,1789871413,0.00018664209756
21767972,1789871421,0.000187043558548
21767978,1789871424,0.000187082999745
21767999,1789871434,0.000187116816003
21768000,1789871435,0.000189664564567
21768001,1789871435,0.000189663366888
21768006,1789871438,0.000166402202969
21768008,1789871439,0.000166263007588
21768022,1789871446,0.000166641929958
21768070,1789871470,0.000167781284874
21768094,1789871483,0.000167819330223
21768098,1789871485,0.000180804507579
21768131,1789871501,0.000181070545189
21768138,1789871505,0.000181413223426
21768177,1789871525,0.000181690570943
21768206,1789871539,0.000184339402981
21768247,1789871560,0.000184738381107
21768298,1789871586,0.00018477007864
21768299,1789871587,0.000184773529046
21768300,1789871587,0.000184777729388
21768321,1789871598,0.00018520468809
21768335,1789871605,0.000189244320682
21768344,1789871609,0.000189380093931
21768366,1789871621,0.000189649641583
21768399,1789871637,0.000194103979713
21768404,1789871640,0.0001986771316
21768405,1789871640,0.000197596773195
21768409,1789871642,0.000197564902545
21768418,1789871647,0.000200326616307
21768428,1789871652,0.00020738596333
21768430,1789871653,0.0002028955302
21768431,1789871654,0.000202758167621
21768441,1789871659,0.000195359152291
21768463,1789871670,0.000194303743306
21768499,1789871688,0.000194341548167
21768501,1789871689,0.000194343649879
21768521,1789871699,0.000194618775126
21768522,1789871700,0.000194620409116
21768544,1789871711,0.000196695261005
21768567,1789871723,0.000197389323069
21768581,1789871730,0.000198065234255
21768598,1789871738,0.000207194203783
21768599,1789871739,0.000208026466076
21768605,1789871742,0.000215146507803
21768610,1789871744,0.000215291581638
21768613,1789871746,0.000218174112084
21768615,1789871747,0.000217991533487
21768631,1789871755,0.000220148935185
21768639,1789871759,0.000217141190783
21768686,1789871783,0.000218542358106
21768695,1789871787,0.000221509383394
21768698,1789871789,0.000221879937447
21768724,1789871802,0.000224835750545
21768725,1789871803,0.000226306114783
21768737,1789871809,0.000226603107257
21768768,1789871824,0.000226634941482
21768769,1789871825,0.000226638499275
21768778,1789871830,0.00023033807877
21768781,1789871831,0.000230024128807
21768796,1789871839,0.000229151194004
21768799,1789871840,0.000229521841031
21768801,1789871841,0.00022955260431
21768802,1789871842,0.000229556530685
21768803,1789871842,0.000229565069459
21768831,1789871856,0.000228094164618
21768833,1789871857,0.000228109099883
21768835,1789871859,0.000227971508595
21768841,1789871861,0.000227984380389
21768841,1789871861,0.000227993390854
21768841,1789871861,0.000228009597776
21768842,1789871862,0.000228013629397
21768870,1789871876,0.000228175367551
21768884,1789871883,0.000231142612477
21768886,1789871884,0.000231185680451
21768907,1789871895,0.000231936203727
21768909,1789871896,0.000232682286568
21768916,1789871899,0.000232757715091
21768923,1789871903,0.000232748844439
21768923,1789871903,0.00023272720683
21768924,1789871904,0.000232724456351
21768927,1789871905,0.000233173627741
21768931,1789871907,0.000233188728386
21768944,1789871914,0.00023315979086
21768955,1789871919,0.000231639469708
21768994,1789871939,0.000231654370084
21768995,1789871940,0.000230016799463
21769006,1789871945,0.000233177125892
21769011,1789871948,0.000233251879425
21769016,1789871950,0.000233158287814
21769017,1789871951,0.000233309311298
21769026,1789871956,0.000233273718513
21769035,1789871960,0.000233266888234
21769083,1789871984,0.000233297020529
21769084,1789871985,0.000234794751777
21769115,1789872000,0.000236309436379
21769115,1789872000,0.000236341358267
21769123,1789872004,0.00023710057805
21769124,1789872005,0.000237402168984
21769135,1789872011,0.000237478358625
21769137,1789872012,0.000237640949763
21769147,1789872017,0.000237142048667
21769162,1789872025,0.000234947431851
21769171,1789872029,0.000243840345094
21769172,1789872029,0.000251559686651
21769174,1789872030,0.000251344772614
21769174,1789872030,0.000251105268778
21769176,1789872031,0.000247936121818
21769178,1789872032,0.000246794319998
21769193,1789872040,0.000247007875886
21769195,1789872041,0.000250094756807
21769238,1789872063,0.000252624090946
21769259,1789872073,0.000251052832175
21769266,1789872077,0.000252063036485
21769266,1789872077,0.000252078553418
21769268,1789872078,0.000250535561383
21769269,1789872079,0.000250580760414
21769337,1789872113,0.000234812199634
21769338,1789872114,0.000235175651635
21769338,1789872114,0.000235182437525
21769338,1789872114,0.000235016804882
21769338,1789872114,0.000235001526321
21769339,1789872114,0.000235002942723
21769345,1789872117,0.000235753937899
21769351,1789872120,0.000235829103309
21769360,1789872125,0.000235904280701
21769361,1789872125,0.000235193662956
21769366,1789872128,0.000235268739005
21769366,1789872128,0.000238100292498
21769375,1789872132,0.000238175830997
21769376,1789872133,0.000238327422375
21769382,1789872136,0.00023834253632
21769401,1789872146,0.000238265369659
21769405,1789872148,0.000236323947892
21769405,1789872148,0.000234414227049
21769410,1789872150,0.000229376176222
21769411,1789872151,0.000229525970004
21769423,1789872157,0.000229439158338
21769434,1789872163,0.000228533908626
21769436,1789872163,0.000228565953629
21769438,1789872164,0.000228552556431
21769442,1789872166,0.000221786732908
21769445,1789872168,0.000221748834464
21769452,1789872171,0.00022911298521
21769459,1789872175,0.000216952144752
21769460,1789872175,0.000216955600746
21769461,1789872176,0.000217464439806
21769476,1789872184,0.000217443621177
21769476,1789872184,0.000214598709696
21769489,1789872190,0.0002143616001
21769511,1789872201,0.000211754920557
21769533,1789872212,0.000212196519015
21769542,1789872217,0.000212210888399
21769559,1789872226,0.000212216017012
21769562,1789872227,0.000212117096872
21769571,1789872232,0.000212227869395
21769572,1789872232,0.000212241122813
21769572,1789872232,0.000212313018168
21769577,1789872235,0.000213026867979
21769578,1789872235,0.000213741915849
21769596,1789872244,0.000214028270453
21769602,1789872247,0.000214816734013
21769607,1789872250,0.00021841892967
21769611,1789872252,0.000218433544748
21769636,1789872265,0.000217848739037
21769649,1789872271,0.00021059526924
21769658,1789872276,0.000209854273802
21769663,1789872278,0.000209940308285
21769664,1789872279,0.000209942799257
21769689,1789872292,0.000202753634386
21769691,1789872293,0.000202770672709
21769692,1789872293,0.000202778194915
21769694,1789872294,0.000202751271098
21769694,1789872294,0.000202662875127
21769698,1789872296,0.000202664282913
21769699,1789872297,0.000202675690311
21769700,1789872297,0.000202677261236
21769701,1789872298,0.000202175006184
21769717,1789872306,0.000197851860263
21769721,1789872308,0.000194744425372
21769722,1789872308,0.000194750815596
21769730,1789872312,0.000193326548742
21769743,1789872319,0.000193187702721
21769746,1789872321,0.000192245202007
21769748,1789872322,0.000192301117473
21769755,1789872325,0.000192308328579
21769769,1789872332,0.000191195822511
21769808,1789872352,0.000190639972778
21769815,1789872356,0.000190307868843
21769819,1789872358,0.000190365457984
21769875,1789872386,0.000190568125814
21769885,1789872391,0.000190624003974
21769890,1789872394,0.000194714259019
21769900,1789872399,0.000201604667073
21769909,1789872403,0.000202648561533
21769952,1789872425,0.000202663857104
21769956,1789872427,0.000202972913659
21769961,1789872430,0.000201547681489
21769963,1789872431,0.000201850196645
21769972,1789872435,0.00019968938524
21769995,1789872447,0.000199827753553
21770014,1789872456,0.000199869357274
21770042,1789872471,0.000206920712771
21770046,1789872473,0.00020706156373
21770051,1789872475,0.000207105914942
21770053,1789872476,0.00020724682891
21770059,1789872479,0.00020794274969
21770070,1789872485,0.000212208188818
21770080,1789872490,0.000213651188489
21770103,1789872502,0.000213937510983
21770112,1789872506,0.000214911388714
21770126,1789872513,0.00021459702969
21770126,1789872513,0.000216033579823
21770129,1789872515,0.000216178952376
21770133,1789872517,0.000216191633604
21770154,1789872527,0.000216193073079
21770165,1789872533,0.000216214829371
21770176,1789872539,0.000216616836138
21770204,1789872553,0.000216602403007
21770214,1789872558,0.000216659703544
21770240,1789872571,0.000216687511727
21770245,1789872574,0.000220131961922
21770246,1789872574,0.000220191658157
21770249,1789872576,0.000218680825909
21770270,1789872586,0.000217431188418
21770296,1789872600,0.000216755028331
21770339,1789872621,0.00021628359118
21770352,1789872628,0.000215954499716
21770481,1789872693,0.000224917051403
21770492,1789872699,0.000226095550829
21770549,1789872728,0.000226158304961
21770552,1789872729,0.000235151024018
21770560,1789872733,0.000235902255578
21770587,1789872747,0.000236061362923
21770660,1789872784,0.000239079475099
21770728,1789872819,0.000241494644415
21770739,1789872824,0.000237789189748
21770740,1789872825,0.000237940485082
21770754,1789872832,0.000237525637277
21770754,1789872832,0.000234605012935
21770755,1789872832,0.000234674953908
21770794,1789872852,0.000236189062697
21770833,1789872872,0.00023694928922
21770842,1789872876,0.000238470705488
21770870,1789872891,0.000238501187293
21770896,1789872904,0.000240027569725
21770896,1789872904,0.000244636509692
21770942,1789872927,0.000246182369057
21770943,1789872928,0.000245956797022
21770945,1789872929,0.000249062093243
21770948,1789872930,0.000252193151082
21770950,1789872931,0.000252457521755
21770956,1789872934,0.000251688214392
21770971,1789872942,0.000251820250055
21770978,1789872945,0.00025338860676
21770982,1789872948,0.000253443153512
21771006,1789872960,0.000253482119072
21771018,1789872966,0.00025426836668
21771019,1789872966,0.000254291783686
21771023,1789872968,0.000258217676517
21771032,1789872973,0.000258082897219
21771056,1789872985,0.000258566632437
21771058,1789872986,0.000258562479388
21771100,1789873008,0.000258548503701
21771103,1789873009,0.000258544351089
21771124,1789873020,0.000266475101017
21771143,1789873029,0.000271339923832
21771144,1789873030,0.000271257772218
21771145,1789873030,0.00027119371089
21771146,1789873031,0.000271191737369
21771151,1789873034,0.000272822679173
21771153,1789873034,0.000272773651358
21771159,1789873037,0.000272789820672
21771161,1789873038,0.000272785320279
21771182,1789873049,0.00027109543395
21771185,1789873051,0.000275989739002
21771222,1789873069,0.000273812313958
21771253,1789873085,0.000271595464244
21771278,1789873098,0.000273292188227
21771278,1789873098,0.000272779701052
21771287,1789873103,0.000269074851945
21771287,1789873103,0.000264719616961
21771289,1789873103,0.000264880536135
21771306,1789873112,0.000264928821421
21771327,1789873123,0.000264498613856
21771333,1789873126,0.000258631752369
21771334,1789873126,0.000258791381905
21771334,1789873126,0.000259171377598
21771334,1789873126,0.000258980558399
21771337,1789873128,0.00024898278759
21771338,1789873128,0.000249482363022
21771338,1789873128,0.000249837879833
21771354,1789873136,0.000248513269798
21771361,1789873140,0.000249110260541
21771382,1789873150,0.00024916069207
21771392,1789873156,0.000246147171237
21771393,1789873156,0.000246348734074
21771442,1789873181,0.000247117630059
21771450,1789873185,0.000242788086938
21771451,1789873185,0.000243003854884
21771467,1789873194,0.000241639030746
21771468,1789873194,0.000241753991039
21771469,1789873195,0.000241800573013
21771524,1789873222,0.000239223747055
21771525,1789873223,0.000239328068532
21771527,1789873224,0.000239400967638
21771538,1789873230,0.000236352921735
21771539,1789873230,0.000236466617787
21771539,1789873230,0.000236625868487
21771543,1789873232,0.000233275477465
21771544,1789873233,0.000233426538891
21771589,1789873255,0.00023492468516
21771614,1789873268,0.000235074763359
21771729,1789873327,0.000234375777113
21771763,1789873344,0.000233441184356
21771763,1789873344,0.000220938845302
21771763,1789873344,0.00022112910347
21771765,1789873345,0.000221249052612
21771775,1789873350,0.000221250811897
21771783,1789873354,0.000224066098162
21771786,1789873355,0.00022366133652
21771804,1789873365,0.000223668657226
21771827,1789873376,0.000223673094076
21771851,1789873388,0.000224175765719
21771865,1789873396,0.000224174245786
21771964,1789873446,0.000224308054357
21771967,1789873448,0.000223967656542
21772023,1789873476,0.000224260778678
21772050,1789873489,0.00022467230177
21772053,1789873491,0.000224820551919
21772055,1789873492,0.000226305742651
21772067,1789873498,0.000227552702229
21772071,1789873500,0.000232013738074
21772074,1789873502,0.000239529725038
21772077,1789873503,0.000241062652607
21772080,1789873505,0.000252829626754
21772094,1789873512,0.000254404470407
21772096,1789873513,0.000254385628383
21772097,1789873513,0.000254332353216
21772133,1789873531,0.000254217696078
21772145,1789873537,0.000258386756364
21772153,1789873542,0.000260361135705
21772175,1789873553,0.000260708783597
21772209,1789873570,0.000261267932266
21772260,1789873596,0.000262063084989
21772384,1789873659,0.000262131389058
21772426,1789873680,0.000262289918198
21772477,1789873706,0.000258487996368
21772484,1789873709,0.000251374170594
21772493,1789873714,0.000243298530436
21772494,1789873715,0.000243131636061
21772500,1789873718,0.000236638170649
21772510,1789873723,0.000239001930418
21772528,1789873732,0.000239261376267
21772542,1789873739,0.000238955720036
21772552,1789873744,0.000239123900885
21772606,1789873771,0.000239276461488
21772694,1789873816,0.000239665234894
21772706,1789873822,0.000239680506021
21772778,1789873859,0.000238490230529
21772856,1789873898,0.000238023437956
21772929,1789873935,0.000238784970506
21773035,1789873989,0.000238961951004
21773039,1789873991,0.000239267782359
21773067,1789874005,0.000238898518466
21773262,1789874104,0.000239655707628
21773263,1789874105,0.000239322523274
21773271,1789874109,0.000238735057306
21773380,1789874164,0.000238450910747
21773395,1789874172,0.000239773944318
21773411,1789874180,0.00023567719125
21773425,1789874187,0.000235939073964
21773426,1789874187,0.000236090995232
21773446,1789874198,0.000227429228435
21773448,1789874199,0.000227679831991
21773448,1789874199,0.000227931528692
21773483,1789874216,0.000228140144053
21773484,1789874217,0.000228230180402
21773484,1789874217,0.000228272284963
21773550,1789874250,0.000228134546025
21773644,1789874298,0.000235663836617
21773705,1789874329,0.000235678979728
21773761,1789874357,0.000235662162024
21773861,1789874408,0.000235812475564
21774101,1789874530,0.000227952890369
21774157,1789874558,0.000227500798295
21774163,1789874561,0.000211284713195
21774164,1789874562,0.000211305422163
21774164,1789874562,0.000211325383266
21774165,1789874562,0.000211329086947
21774206,1789874583,0.000209838541163
21774207,1789874584,0.000209839715126
21774208,1789874584,0.000210125594836
21774213,1789874587,0.000208950659116
21774269,1789874615,0.000209205988543
21774277,1789874619,0.000209390484369
21774277,1789874619,0.000195141395683
21774278,1789874620,0.000195156412137
21774279,1789874620,0.000195160063061
21774309,1789874635,0.000196532895826
21774340,1789874651,0.000196657685257
21774352,1789874657,0.000192589798162
21774366,1789874664,0.000190863946254
21774367,1789874665,0.000190868673641
21774381,1789874672,0.000186512651311
21774383,1789874673,0.000186847461732
21774385,1789874674,0.000186084446879
21774386,1789874674,0.000186089712632
21774387,1789874675,0.000186091798468
21774391,1789874677,0.000186058108346
21774404,1789874684,0.000182670639851
21774406,1789874685,0.000182343854436
21774415,1789874689,0.000181820534145
21774417,1789874690,0.000181825207268
21774418,1789874691,0.00018024578122
21774420,1789874692,0.000180246852549
21774428,1789874696,0.000179564789752
21774429,1789874696,0.000181552992654
21774432,1789874698,0.000188276354633
21774448,1789874706,0.000188746812702
21774451,1789874707,0.000189421275019
21774452,1789874708,0.000189556039531
21774457,1789874710,0.000189569518618
21774461,1789874712,0.000190406881597
21774461,1789874712,0.000190390380753
21774469,1789874717,0.000190458440912
21774470,1789874717,0.000190471952045
21774474,1789874719,0.00019048560014
21774489,1789874727,0.000190567498993
21774492,1789874728,0.000194568650689
21774527,1789874746,0.000194980749938
21774531,1789874748,0.000195118858785
21774563,1789874764,0.000196477796174
21774577,1789874771,0.000196505242602
21774606,1789874786,0.000204607117201
21774672,1789874820,0.000205223746032
21774710,1789874839,0.000205459902594
21774715,1789874841,0.000205474077487
21774735,1789874851,0.000206181670585
21774762,1789874865,0.000193829514994
21774763,1789874866,0.00019381550595
21774885,1789874927,0.000195865314097
21774894,1789874932,0.000191338138084
21774987,1789874979,0.000198238681167
21774987,1789874979,0.000194121898088
21774995,1789874983,0.000194610669845
21775015,1789874993,0.000194069434074
21775051,1789875012,0.000194411915951
21775054,1789875013,0.000201592834074
21775060,1789875016,0.000208602843968
21775067,1789875020,0.000223059704767
21775068,1789875020,0.000223038741082
21775069,1789875021,0.000223034739356
21775077,1789875025,0.000223079046915
21775086,1789875029,0.000223810756973
21775213,1789875094,0.00022395872265
21775261,1789875118,0.000224691872797
21775276,1789875126,0.000225433359653
21775342,1789875159,0.000225426597873
21775352,1789875164,0.000224574196429
21775384,1789875181,0.000232026153001
21775386,1789875182,0.000232015664184
21775387,1789875182,0.000232013024445
21775398,1789875188,0.000231586549695
21775414,1789875196,0.000231691946007
21775421,1789875199,0.000231992337627
21775446,1789875212,0.000232738510674
21775459,1789875219,0.000232893568036
21775465,1789875222,0.000232968276106
21775473,1789875226,0.000233375169792
21775494,1789875236,0.000211277262124
21775495,1789875237,0.000211388055783
21775495,1789875237,0.000211232321627
21775496,1789875237,0.000211269274579
21775497,1789875238,0.000211272977769
21775513,1789875246,0.000211315993468
21775535,1789875257,0.000213141007553
21775670,1789875326,0.000212885753955
21775683,1789875332,0.000212322283682
21775712,1789875347,0.000212068498965
21775730,1789875356,0.000212097229548
21775748,1789875365,0.000212384422203
21775794,1789875389,0.000212416835101
21775860,1789875422,0.000212880475439
21775909,1789875447,0.000212976256961
21775910,1789875447,0.000212992256755
21775910,1789875447,0.000213006942772
21775928,1789875457,0.000212975967624
21775934,1789875460,0.000213119947015
21775992,1789875489,0.000220683764259
21776121,1789875554,0.000219207309146
21776127,1789875557,0.000225028870484
21776148,1789875568,0.000225756742576
21776151,1789875570,0.000226492827435
21776151,1789875570,0.000227303904537
21776158,1789875573,0.000227746921238
21776222,1789875606,0.000233580247894
21776237,1789875613,0.00023353277537
21776251,1789875621,0.000260326425649
21776253,1789875621,0.000260066422562
21776253,1789875621,0.00026004015206
21776280,1789875635,0.000261633261085
21776281,1789875636,0.000261562311445
21776281,1789875636,0.000261514810363
21776294,1789875642,0.00026073775057
21776294,1789875642,0.000260729339739
21776297,1789875644,0.000261368440864
21776297,1789875644,0.000260659736083
21776336,1789875664,0.000261181593745
21776341,1789875666,0.000261173161429
21776348,1789875670,0.000261434281749
21776357,1789875674,0.000261553015933
21776367,1789875679,0.000261415617196
21776367,1789875679,0.000261494767499
21776373,1789875682,0.000260315845685
21776377,1789875684,0.000260355336012
21776382,1789875687,0.000259166793841
21776387,1789875690,0.000259182554712
21776391,1789875691,0.000259979181603
21776428,1789875710,0.00025997080745
21776462,1789875727,0.000262367983906
21776470,1789875731,0.000263969948704
21776470,1789875731,0.000264835394134
21776471,1789875732,0.000264996348489
21776472,1789875733,0.000265027028895
21776538,1789875766,0.000260668161912
21776538,1789875766,0.000261153641699
21776539,1789875766,0.000261269403273
21776563,1789875779,0.0002639937959
21776595,1789875795,0.000264100292358
21776690,1789875843,0.000264173781577
21776694,1789875845,0.000263339222424
21776717,1789875857,0.000251428648112
21776718,1789875857,0.00025213655297
21776718,1789875857,0.000252499883172
21776727,1789875862,0.000252657044938
21776729,1789875863,0.000243336747049
21776729,1789875863,0.000243921059969
21776730,1789875863,0.000244172545258
21776740,1789875868,0.000243680772898
21776746,1789875872,0.000244066847562
21776814,1789875906,0.000241009377945
21776814,1789875906,0.000240628721465
21776815,1789875907,0.000240843527958
21776815,1789875907,0.000241019139183
21776996,1789875998,0.000240645815134
21776999,1789876000,0.000241106248454
21777021,1789876011,0.000242201409933
21777048,1789876025,0.000242247120228
21777271,1789876138,0.000242167905085
21777422,1789876214,0.000243141455164
21777461,1789876234,0.000243913055488
21777513,1789876261,0.000239390635279
21777514,1789876261,0.000239432624943
21777542,1789876275,0.000237260556724
21777543,1789876276,0.000237328357115
21777545,1789876277,0.000237362925131
21777547,1789876278,0.000236622172682
21777557,1789876283,0.000232297089262
21777558,1789876283,0.000232508145055
21777558,1789876283,0.00023273043744
21777594,1789876302,0.000232193387641
21777627,1789876318,0.000219206348883
21777628,1789876319,0.000219301742977
21777628,1789876319,0.000219354253354
21777628,1789876319,0.000219384332578
21777854,1789876434,0.000209800399462
21777855,1789876434,0.000209814518332
21777855,1789876434,0.000209828699404
21777855,1789876434,0.000209841243186
21777857,1789876435,0.000205333443127
21777858,1789876436,0.000205334697929
21777858,1789876436,0.000205339343948
21777904,1789876459,0.000206819892668
21777911,1789876463,0.000206755599194
21778005,1789876510,0.000203495500389
21778007,1789876511,0.000203523644275
21778010,1789876513,0.000203528464206
21778039,1789876527,0.000203563647224
21778056,1789876536,0.000203860045828
21778079,1789876548,0.000203847136446
21778147,1789876582,0.000204430122804
21778147,1789876582,0.000205008097077
21778182,1789876600,0.000205288542201
21778192,1789876605,0.000205299763993
21778270,1789876645,0.000205649205862
21778295,1789876657,0.000205660437507
21778310,1789876665,0.000207334755987
21778317,1789876669,0.000214443050086
21778418,1789876720,0.00021584720881
21778455,1789876738,0.000215926323957
21778657,1789876841,0.000217381888929
21778661,1789876843,0.00021752771435
21778677,1789876851,0.000218250270232
21778691,1789876858,0.000215860064638
21778694,1789876860,0.000218768324856
21778744,1789876885,0.000221696045542
21778764,1789876895,0.000224643226698
21778781,1789876904,0.000227609868322
21778783,1789876905,0.00022790760281
21778798,1789876912,0.00023089565095
21778862,1789876945,0.000233903159558
21778895,1789876962,0.000237340260376
21778946,1789876987,0.00023885089369
21778954,1789876992,0.00023961566116
21778963,1789876996,0.000237770098549
21778977,1789877003,0.000239300274887
21779015,1789877022,0.000237720204739
21779079,1789877055,0.000237871173094
21779142,1789877087,0.000238099432123
21779231,1789877132,0.000238627396389
21779235,1789877134,0.000239130508153
21779356,1789877195,0.000239145800466
21779409,1789877222,0.000239160940338
21779423,1789877229,0.000243650049325
21779424,1789877230,0.000243644829594
21779472,1789877254,0.000244101081055
21779473,1789877255,0.000244095044951
21779492,1789877264,0.000244286276027
21779519,1789877278,0.000210599932656
21779520,1789877279,0.00021060884488
21779520,1789877279,0.000210469920087
21779521,1789877279,0.000210475906083
21779540,1789877289,0.000210443841696
21779549,1789877294,0.000183302893176
21779551,1789877294,0.000183326917233
21779551,1789877294,0.000183354524977
21779552,1789877295,0.000183686087907
21779556,1789877297,0.000178040344368
21779557,1789877297,0.000178046172308
21779558,1789877298,0.000178051193639
21779564,1789877301,0.00017671816232
21779566,1789877302,0.000177369481923
21779581,1789877310,0.000175406121191
21779583,1789877311,0.000175407192472
21779588,1789877313,0.000175472544505
21779594,1789877316,0.000176294241623
21779596,1789877317,0.000175975700056
21779606,1789877322,0.000177221636615
21779617,1789877328,0.00017761284039
21779637,1789877338,0.00017893319568
21779643,1789877341,0.00018554095887
21779647,1789877343,0.000185941234486
21779647,1789877343,0.0001899677122
21779657,1789877348,0.000191306795714
21779666,1789877353,0.000191717347565
21779672,1789877356,0.000192124227378
21779677,1789877358,0.000194112875056
21779734,1789877387,0.000197855484708
21779735,1789877388,0.000198551588954
21779773,1789877407,0.000193194952962
21779773,1789877407,0.000187381701696
21779773,1789877407,0.000182046768867
21779773,1789877407,0.000176508927554
21779773,1789877407,0.000171823923399
21779773,1789877407,0.000166537490353
21779774,1789877408,0.000166549850182
21779774,1789877408,0.000166562111797
21779787,1789877414,0.000161514835535
21779787,1789877414,0.00015757691316
21779787,1789877414,0.000153110089189
21779787,1789877414,0.00014899846447
21779787,1789877414,0.000145206879662
21779787,1789877414,0.000141704615424
21779789,1789877415,0.00014335745108
21779789,1789877415,0.000143383761908
21779789,1789877415,0.000143975250639
21779792,1789877417,0.000139443998603
21779793,1789877417,0.000139723635144
21779794,1789877418,0.000139727075997
21779807,1789877424,0.000138511158557
21779808,1789877425,0.000138604197294
21779813,1789877427,0.000137777747581
21779829,1789877435,0.000138292104296
21779832,1789877437,0.000138850410291
21779833,1789877437,0.000138908555508
21779833,1789877437,0.000139025130215
21779853,1789877448,0.000134713401628
21779854,1789877448,0.000134720019323
21779855,1789877449,0.000134553296231
21779855,1789877449,0.000134599089128
21779867,1789877455,0.000134690703628
21779869,1789877456,0.000146381981637
21779870,1789877456,0.000146500453604
21779873,1789877458,0.000146512423134
21779874,1789877458,0.000146572150923
21779875,1789877459,0.000146927941334
21779876,1789877459,0.000147284163045
21779876,1789877459,0.000131227654999
21779876,1789877459,0.000131591845794
21779877,1789877460,0.00013159496978
21779878,1789877460,0.000131707299903
21779879,1789877461,0.000134232698286
21779889,1789877466,0.000130836258942
21779891,1789877467,0.000130840563387
21779891,1789877467,0.000130841431026
21779898,1789877470,0.000129509651677
21779898,1789877470,0.000129565807281
21779899,1789877471,0.000129678394285
21779913,1789877478,0.000129524774729
21779923,1789877483,0.000129625831465
21779926,1789877485,0.000128785273994
21779926,1789877485,0.000129203644417
21779940,1789877492,0.000134870664183
21779956,1789877500,0.000135042984866
21779958,1789877501,0.000135613575269
21779960,1789877502,0.000136761830946
21779974,1789877509,0.000137139907872
21779974,1789877509,0.000137197672145
21779978,1789877511,0.000138356093366
21779995,1789877520,0.000138385195739
21779997,1789877521,0.000138419580515
21780017,1789877531,0.00014156898392
21780019,1789877532,0.000142449271745
21780032,1789877538,0.000142460980196
21780042,1789877544,0.000143641218116
21780047,1789877546,0.000143940594632
21780055,1789877550,0.000144116832699
21780068,1789877557,0.00014470507166
21780080,1789877563,0.000144312173812
21780097,1789877571,0.000144512175997
21780114,1789877580,0.000148064413385
21780123,1789877585,0.000148136620215
21780141,1789877594,0.000144379900148
21780161,1789877604,0.000144675851332
21780166,1789877606,0.000145581727396
21780168,1789877607,0.000146765361417
21780195,1789877621,0.000146198679966
21780212,1789877630,0.000146795940601
21780215,1789877631,0.000146869410076
21780216,1789877632,0.000148058256671
21780232,1789877640,0.000148129739859
21780236,1789877642,0.000148728001058
21780260,1789877654,0.000149330098662
21780265,1789877657,0.000149785056994
21780267,1789877658,0.000150389591478
21780269,1789877659,0.00015047356773
21780284,1789877666,0.00015412551416
21780285,1789877667,0.00015382253586
21780285,1789877667,0.000153813869194
21780288,1789877668,0.000158708911555
21780288,1789877668,0.000158508650603
21780292,1789877670,0.000157898882443
21780308,1789877678,0.000169279673258
21780309,1789877679,0.00016926277289
21780310,1789877680,0.000169192247494
21780321,1789877685,0.000169707154754
21780322,1789877686,0.000169667160892
21780345,1789877697,0.000168942875608
21780352,1789877701,0.000171526247826
21780353,1789877701,0.000171379388179
21780395,1789877723,0.000173978191369
21780396,1789877723,0.000173972703278
21780396,1789877723,0.000173971505509
21780419,1789877735,0.000174006281949
21780419,1789877735,0.000174039107011
21780419,1789877735,0.000174651171769
21780425,1789877738,0.000174664110084
21780442,1789877747,0.000175314683038
21780464,1789877758,0.000163461728058
21780465,1789877758,0.000163598298618
21780465,1789877758,0.000163609653197
21780465,1789877758,0.000163460835499
21780465,1789877758,0.000163446730128
21780497,1789877774,0.000161640806027
21780498,1789877775,0.000161791426301
21780517,1789877784,0.0001619169834
21780525,1789877789,0.000162042589198
21780531,1789877792,0.00015169683243
21780532,1789877792,0.000151709399507
21780541,1789877797,0.00015062612455
21780550,1789877801,0.000150435823482
21780585,1789877819,0.0001507446523
21780592,1789877823,0.000154409083053
21780598,1789877826,0.000160551601495
21780618,1789877836,0.000160799819032
21780619,1789877836,0.000164574255105
21780641,1789877847,0.000164637691946
21780653,1789877853,0.000170784542804
21780654,1789877854,0.000170529720573
21780659,1789877857,0.000172472267793
21780660,1789877857,0.000172318667124
21780697,1789877876,0.000164711870017
21780718,1789877886,0.00016508902169
21780767,1789877911,0.000161723264151
21780776,1789877916,0.00016024752164
21780797,1789877927,0.00016065986713
21780804,1789877930,0.000166924282289
21780852,1789877954,0.000168191542019
21780895,1789877976,0.00016820821468
21780922,1789877990,0.000157056892751
21781021,1789878040,0.000157179607637
21781025,1789878042,0.000157204342348
21781091,1789878076,0.000156512294689
21781143,1789878102,0.000155889336409
21781145,1789878103,0.000158299205598
21781203,1789878133,0.000158422404768
21781231,1789878147,0.000162158301737
21781306,1789878185,0.000162283941251
21781477,1789878272,0.00016328320171
21781514,1789878290,0.000187296710924
21781515,1789878291,0.00018648531227
21781515,1789878291,0.000186084509942
21781515,1789878291,0.000185247253717
21781529,1789878298,0.000176562589784
21781557,1789878312,0.000183177019882
21781591,1789878329,0.000183538564701
21781594,1789878331,0.000183672560646
21781626,1789878347,0.000183308965816
21781708,1789878389,0.000184636849913
21781884,1789878478,0.000173192323519
21781890,1789878481,0.00017286800906
21781894,1789878483,0.000159799087386
21781894,1789878483,0.000160210609424
21781895,1789878484,0.000160407932781
21781933,1789878503,0.00016110746872
21781997,1789878536,0.000161350150584
21782001,1789878537,0.000161357627137
21782020,1789878547,0.000162616227667
21782208,1789878642,0.000162409287578
21782323,1789878701,0.0001630400201
21782354,1789878717,0.000163163917564
21782410,1789878745,0.000166818029536
21782490,1789878786,0.000168978908588
21782526,1789878804,0.000169513833443
21782540,1789878811,0.000172715401612
21782541,1789878812,0.000173362023277
21782543,1789878812,0.000173491926513
21782726,1789878905,0.000174532903836
21782868,1789878977,0.000176504909341
21782887,1789878987,0.000177807961117
21782919,1789879003,0.000204043221613
21782920,1789879004,0.000203676905192
21782920,1789879004,0.000203664128945
21782947,1789879017,0.000203498912787
21782948,1789879018,0.000203497561685
21782954,1789879021,0.000204225345973
21782960,1789879024,0.000203499219145
21783011,1789879050,0.000204198107363
21783064,1789879077,0.00020490527133
21783111,1789879100,0.000211847348923
21783112,1789879101,0.000211841075578
21783140,1789879115,0.000200819392312
21783141,1789879116,0.000200666204976
21783181,1789879136,0.000200425538713
21783193,1789879142,0.000199455245824
21783280,1789879186,0.000199483108931
21783366,1789879230,0.000199538427941
21783469,1789879282,0.000203158675918
21783506,1789879301,0.000202898604929
21783543,1789879320,0.000204564838189
21783567,1789879332,0.000204617285992
21783669,1789879384,0.000195812472651
21783678,1789879388,0.000195845968721
21783717,1789879408,0.000195901051985
21783765,1789879433,0.000195984106721
21783781,1789879440,0.000195542245821
21783896,1789879499,0.000195568670794
21784159,1789879632,0.000198258704402
21784233,1789879670,0.000198955516977
21784239,1789879673,0.00017524930883
21784240,1789879673,0.000175432632469
21784241,1789879674,0.000175439697584
21784250,1789879678,0.000172162441479
21784251,1789879679,0.00017229221909
21784269,1789879688,0.000172179890645
21784290,1789879699,0.00017184986672
21784291,1789879699,0.000171853682694
21784314,1789879711,0.000171574638992
21784318,1789879713,0.000171575934309
21784364,1789879736,0.000170956153231
21784389,1789879749,0.000158594686962
21784389,1789879749,0.000158935184798
21784396,1789879752,0.000156371960102
21784397,1789879753,0.000156420685144
21784419,1789879764,0.000156568763893
21784426,1789879768,0.000156630507263
21784432,1789879771,0.000156935807023
21784437,1789879773,0.000157618833269
21784444,1789879777,0.000157871680991
21784445,1789879778,0.000159104164754
21784462,1789879786,0.000152524024451
21784464,1789879787,0.000152743935392
21784465,1789879787,0.000152810718084
21784467,1789879788,0.000152811686896
21784489,1789879800,0.000152973091713
21784495,1789879803,0.000153320473451
21784495,1789879803,0.000153469048654
21784496,1789879803,0.000153836052276
21784501,1789879806,0.000154201923897
21784508,1789879809,0.000154384333826
21784517,1789879814,0.000154445161097
21784533,1789879822,0.000154506000348
21784538,1789879824,0.00015566468578
21784541,1789879826,0.000155788089952
21784544,1789879827,0.000157018557834
21784545,1789879828,0.000154310768933
21784545,1789879828,0.000154323053377
21784564,1789879838,0.000155553966996
21784567,1789879839,0.000156052805188
21784590,1789879851,0.000156542380989
21784598,1789879855,0.000155282273522
21784603,1789879857,0.000155531665229
21784781,1789879948,0.000155775948528
21784799,1789879957,0.000158117391486
21784806,1789879960,0.000156591752076
21784848,1789879982,0.000158397356926
21784858,1789879987,0.00016461792932
21784886,1789880001,0.000164922578032
21785041,1789880080,0.000164935277841
21785137,1789880128,0.000183243816131
21785137,1789880128,0.000183008971065
21785138,1789880129,0.000182993106961
21785187,1789880154,0.000182124636108
21785228,1789880174,0.000187754151197
21785229,1789880175,0.000187740372347
21785230,1789880175,0.000187545951745
21785267,1789880194,0.000187924577535
21785330,1789880226,0.000187035640926
21785359,1789880241,0.000188395620073
21785399,1789880261,0.000189129288971
21785438,1789880281,0.000189808180293
21785465,1789880295,0.000192520814917
21785512,1789880319,0.000192795333862
21785519,1789880322,0.000192715139457
21785521,1789880323,0.000192756222629
21785573,1789880350,0.000193090047444
21785595,1789880361,0.000192409738234
21785652,1789880390,0.000169298596581
21785654,1789880391,0.000169158799681
21785706,1789880417,0.000169797338027
21785713,1789880420,0.000173685105838
21785732,1789880430,0.000173352721918
21785749,1789880439,0.00017374354473
21785771,1789880450,0.000176360276072
21785799,1789880464,0.000176399478918
21785870,1789880500,0.000175470578859
21786041,1789880587,0.000174385504388
21786054,1789880593,0.000167608806203
21786210,1789880673,0.00016025368732
21786211,1789880673,0.000160378896903
21786291,1789880714,0.000159851342945
21786292,1789880714,0.00015553544365
21786293,1789880715,0.000155656894792
21786300,1789880718,0.000155134987695
21786400,1789880769,0.000155800259649
21786446,1789880792,0.000155219133965
21786462,1789880800,0.000155231331304
21786473,1789880806,0.000153994154192
21786474,1789880807,0.000154038774957
21786498,1789880819,0.00015416153309
21786515,1789880827,0.000154897262554
21786536,1789880838,0.000146529795222
21786538,1789880839,0.000146538604893
21786544,1789880842,0.000131456790441
21786544,1789880842,0.000132506693304
21786545,1789880843,0.000132521460723
21786548,1789880844,0.000127501848689
21786549,1789880845,0.000127508753658
21786549,1789880845,0.000127509643566
21786553,1789880847,0.000124636117332
21786555,1789880848,0.000124693368549
21786555,1789880848,0.000124696004158
21786560,1789880850,0.000124805571735
21786561,1789880851,0.000124970925342
21786570,1789880856,0.000120502285384
21786572,1789880856,0.00012050861323
21786578,1789880859,0.000120562789255
21786589,1789880865,0.000121106307387
21786595,1789880868,0.000121703188297
21786597,1789880869,0.00012194893851
21786622,1789880882,0.000122490096358
21786626,1789880884,0.000120102668538
21786628,1789880885,0.000125527084089
21786630,1789880886,0.000126186064906
21786632,1789880887,0.000126241495348
21786654,1789880898,0.000126140498716
21786656,1789880899,0.000125599637964
21786662,1789880902,0.000126208700259
21786676,1789880909,0.000127097238849
21786677,1789880909,0.00013045532331
21786682,1789880912,0.000130466618383
21786695,1789880919,0.000130137833788
21786707,1789880925,0.000131257056448
21786711,1789880927,0.000131257030912
21786745,1789880944,0.000130658249397
21786755,1789880949,0.000131779702899
21786766,1789880955,0.000133602284119
21786785,1789880964,0.00013310645775
21786878,1789881011,0.000132800196534
21786925,1789881035,0.000133873859572
21786925,1789881035,0.000133949197655
21786925,1789881035,0.000132827442913
21786965,1789881056,0.000133958147494
21787061,1789881104,0.000133942295534
21787100,1789881124,0.00013378758719
21787189,1789881169,0.000138743093432
21787190,1789881170,0.000138527354441
21787193,1789881171,0.000138454195019
21787247,1789881199,0.00014041480961
21787247,1789881199,0.000138730934055
21787275,1789881213,0.000138718548969
21787306,1789881229,0.000137992395421
21787342,1789881247,0.000145050253896
21787372,1789881262,0.0001464716806
21787408,1789881280,0.000170033821
21787408,1789881280,0.000170001253599
21787409,1789881281,0.000170000062957
21787410,1789881281,0.000169737760641
21787495,1789881324,0.000169211809973
21787544,1789881349,0.000169145869226
21787566,1789881360,0.000168584765929
21787579,1789881367,0.000168286347085
21787629,1789881392,0.00016806797111
21787648,1789881402,0.00016804838512
21787663,1789881410,0.000169329547584
21787670,1789881413,0.00016900568016
21787682,1789881419,0.000168729638984
21787730,1789881444,0.000170881623199
21787817,1789881488,0.000168296343954
21787830,1789881494,0.000159918647476
21787857,1789881508,0.000160168853677
21787979,1789881570,0.0001602775232
21788028,1789881595,0.000160900423469
21788070,1789881616,0.000158880953106
21788185,1789881675,0.000156779715785
21788187,1789881675,0.000156869266044
21788246,1789881705,0.000157625698435
21788247,1789881706,0.000155244960064
21788287,1789881726,0.000155092966784
21788364,1789881765,0.000155203824236
21788447,1789881807,0.00015317487476
21788448,1789881808,0.000153230119302
21788736,1789881954,0.000151425817124
21788737,1789881954,0.000151597161102
21788760,1789881966,0.00015169936508
21788792,1789881982,0.000151137282407
21788816,1789881995,0.000148789125299
21788817,1789881995,0.000148794678754
21789010,1789882093,0.000148818563744
21789035,1789882106,0.000148939224295
21789089,1789882133,0.000145096418237
21789091,1789882134,0.000148134382241
21789097,1789882137,0.000150330863318
21789103,1789882140,0.000156392517875
21789103,1789882140,0.000156460435361
21789176,1789882177,0.000156646032385
21789192,1789882185,0.00015726548368
21789254,1789882217,0.000157011359477
21789343,1789882262,0.000158882519587
21789487,1789882335,0.000160159144628
21789571,1789882378,0.00015828482477
21789590,1789882387,0.000157050104846
21789612,1789882398,0.000156863789445
21789630,1789882408,0.000158098523535
21789647,1789882416,0.000159338099307
21789664,1789882425,0.000161830879268
21789666,1789882426,0.000161750652422
21789737,1789882462,0.000162703852827
21789752,1789882469,0.000162594526562
21789803,1789882495,0.000172838174958
21789804,1789882496,0.00017282592513
21789847,1789882518,0.000173083947205
21789955,1789882572,0.000174380821258
21790017,1789882604,0.000171760226114
21790048,1789882620,0.000171704040004
21790413,1789882805,0.000171658708411
21790483,1789882840,0.000172306935136
21790544,1789882871,0.000171335940141
21790640,1789882920,0.000172578335773
21790676,1789882938,0.000172609859705
21790677,1789882939,0.000170366733696
21790785,1789882993,0.000169948059734
21790793,1789882997,0.000163089980043
21790845,1789883024,0.000162368899198
21790845,1789883024,0.00015776911677
21790846,1789883024,0.000158166842026
21790846,1789883024,0.000158259821719
21790878,1789883041,0.0001575959601
21790879,1789883041,0.000157684307515
21790937,1789883070,0.000169067054016
21790939,1789883072,0.000169704131105
21791046,1789883126,0.000171599310316
21791139,1789883173,0.000171583616458
21791178,1789883193,0.000172390637625
21791376,1789883293,0.000172391241378
21791861,1789883539,0.000173041716142
21791867,1789883542,0.000173171463821
21791898,1789883558,0.000172488961479
21791992,1789883606,0.00016864325007
21792084,1789883652,0.000168067241492
21792222,1789883722,0.000168075370458
21792256,1789883740,0.000154687382646
21792257,1789883740,0.000154995014968
21792257,1789883740,0.000155159517684
21792670,1789883950,0.000154940625087
21792769,1789884000,0.000155223867038
21792977,1789884105,0.000155321460657
21793124,1789884180,0.000155938289996
21793141,1789884188,0.000155851855632
21793275,1789884256,0.000155594149429
21793425,1789884333,0.000158064747428
21793608,1789884426,0.00015864058165
21793636,1789884440,0.000158437990424
21793652,1789884448,0.00016092500813
21793664,1789884454,0.00016122320838
21793708,1789884476,0.000167498491839
21793708,1789884476,0.000167193818233
21793852,1789884549,0.00016744965026
21793857,1789884552,0.000168143498967
21793910,1789884579,0.000168524884323
21794158,1789884704,0.000168589077981
21794167,1789884709,0.000169863427699
21794319,1789884786,0.000170131483007
21794367,1789884810,0.000170578711492
21794533,1789884895,0.000168836297503
21794695,1789884977,0.000169282836615
21794755,1789885007,0.000169404844413
21795065,1789885165,0.000169540178285
21795384,1789885326,0.000171529560498
21795478,1789885374,0.000171020487995
21795503,1789885387,0.000171367039745
21795556,1789885414,0.000171979628065
21795559,1789885415,0.000172109336767
21795605,1789885438,0.000172588482405
21795814,1789885545,0.000172482204704
21795854,1789885565,0.000172728435468
21795919,1789885598,0.000172755706947
21795919,1789885598,0.000173088184787
21795948,1789885612,0.000173338049574
21796068,1789885673,0.000173988007358
21796113,1789885696,0.000174240122338
21796144,1789885712,0.000176164251426
21796159,1789885720,0.000176814550409
21796219,1789885750,0.000177088033243
21796257,1789885769,0.000177262270796
21796277,1789885780,0.000179340803029
21796279,1789885780,0.000179317053079
21796300,1789885791,0.000179700272302
21796316,1789885799,0.000180350688587
21796420,1789885852,0.000180542822572
21796433,1789885859,0.000176426239705
21796527,1789885906,0.000176491395358
21796550,1789885918,0.000176593157729
21796798,1789886044,0.000176790331035
21796826,1789886058,0.000168979238394
21796828,1789886059,0.000170260680155
21796886,1789886088,0.000170231451602
21796940,1789886116,0.000170921828754
21796952,1789886122,0.000179517394196
21797208,1789886252,0.000180159047152
21797260,1789886278,0.000178661012307
21797271,1789886284,0.000179320864999
21797286,1789886291,0.000179158177127
21797296,1789886296,0.00017981894643
21797337,1789886317,0.000181140771192
21797535,1789886418,0.000185131270112
21797537,1789886419,0.000185089559882
21797586,1789886444,0.000184189097357
21797589,1789886445,0.000184762022869
21797657,1789886479,0.000185352686734
21797750,1789886527,0.00018669466099
21797794,1789886549,0.000188045578244
21797795,1789886549,0.000188013897171
21797796,1789886550,0.000188007133451
21797819,1789886562,0.000189362782351
21797820,1789886562,0.000189326661985
21797840,1789886572,0.00019068705135
21797841,1789886573,0.000190651103085
21797871,1789886588,0.00019201623398
21797872,1789886588,0.000192008852665
21797896,1789886601,0.00019337882727
21797897,1789886601,0.000193346700392
21797935,1789886620,0.000193014893133
21798064,1789886686,0.000193004179378
21798105,1789886707,0.000193829355799
21798106,1789886707,0.00019380470675
21798231,1789886771,0.000194686909331
21798248,1789886779,0.000194796205073
21798490,1789886902,0.000194719886621
21798574,1789886945,0.000195061566571
21798574,1789886945,0.000195403546036
21798647,1789886982,0.000186342485686
21798676,1789886996,0.000178990361189
21798677,1789886997,0.000178996933409
21798677,1789886997,0.000178859362696
21798680,1789886998,0.000179652367351
21798717,1789887017,0.000179718646248
21798725,1789887022,0.000181181365425
21798729,1789887023,0.000181314498287
21798829,1789887074,0.000182019504552
21798839,1789887079,0.0001819207822
21798992,1789887157,0.000182274857481
21799067,1789887195,0.000182581290306
21799190,1789887257,0.000183360415339
21799190,1789887257,0.000183413881107
21799353,1789887340,0.000182607101518
21799372,1789887349,0.000182954707671
21799511,1789887420,0.000183624110055
21799529,1789887429,0.000183275151435
21799679,1789887505,0.000178067686586
21799680,1789887506,0.000178075768529
21799732,1789887532,0.000177729635382
21799733,1789887533,0.000177749631983
21800218,1789887779,0.00017840945214
21800334,1789887837,0.000178296185964
21800417,1789887880,0.000178078440766
21800602,1789887973,0.000177512709037
21800652,1789887999,0.000176711743382
21800973,1789888162,0.000176398951923
21801423,1789888390,0.000177667184977
21801630,1789888495,0.000181633528552
21801724,1789888543,0.000181844696551
21801895,1789888629,0.000181977739354
21801955,1789888660,0.000182110830807
21802022,1789888694,0.000182778689025
21802023,1789888695,0.000182740842054
21802072,1789888719,0.000182782565259
21802174,1789888771,0.000213378584837
21802175,1789888771,0.000213222946402
21802175,1789888771,0.000213001967805
21802175,1789888771,0.000212845824808
21802176,1789888772,0.000212833681813
21802227,1789888798,0.000215721551448
21802243,1789888806,0.000215823233598
21802267,1789888818,0.000223074364239
21802268,1789888818,0.000223050651332
21802270,1789888819,0.000223014839995
21802271,1789888820,0.000222969461687
21802280,1789888825,0.000217547061496
21802280,1789888825,0.000217372099594
21802305,1789888837,0.000217340090655
21802309,1789888839,0.000217298869086
21802359,1789888865,0.000217286071131
21802386,1789888878,0.000216706340704
21802393,1789888882,0.000215656765059
21802409,1789888890,0.000215801720256
21802486,1789888929,0.000215548613545
21802508,1789888940,0.000215687035234
21802536,1789888954,0.000215706888981
21802617,1789888995,0.000215980168469
21802661,1789889018,0.000214609237044
21802666,1789889020,0.000213243406158
21802718,1789889047,0.000213530004761
21802733,1789889054,0.000213429938744
21802896,1789889137,0.000213417481054
21802997,1789889188,0.000213403965162
21803395,1789889390,0.00021275814491
21803427,1789889406,0.000206010172045
21803476,1789889431,0.000208032707057
21803493,1789889440,0.000207661813788
21803569,1789889478,0.0002022601161
21803570,1789889479,0.000202269550787
21803586,1789889487,0.000201553087889
21803592,1789889490,0.000201748111952
21803621,1789889505,0.000201794372355
21803621,1789889505,0.000201808651292
21803622,1789889505,0.000201561782273
21803638,1789889514,0.000186575083548
21803640,1789889515,0.000186953407269
21803640,1789889515,0.000186979596372
21803640,1789889515,0.000187140274058
21803712,1789889551,0.00018716719951
21803743,1789889567,0.000181733024088
21803744,1789889567,0.000181738820277
21803835,1789889613,0.000180931976329
21804012,1789889704,0.00017852524721
21804014,1789889704,0.000178530992017
21804062,1789889729,0.000176171852866
21804063,1789889729,0.000176231165812
21804088,1789889742,0.000177533208596
21804091,1789889743,0.000174853676576
21804092,1789889744,0.00017488951722
21804093,1789889744,0.000174896821523
21804152,1789889774,0.000174697662323
21804190,1789889794,0.000174959170169
21804313,1789889856,0.000174382690797
21804526,1789889964,0.000174513302392
21804564,1789889983,0.00017472134199
21804633,1789890018,0.000174806617192
21804633,1789890018,0.000174821828328
21804674,1789890039,0.000174534221244
21804717,1789890061,0.000174795083812
21804736,1789890071,0.000175918448604
21805156,1789890284,0.000175863073047
21805184,1789890298,0.000175792417965
21805185,1789890299,0.000175607300734
21805311,1789890362,0.000173092386
21805312,1789890363,0.000172758880124
21805376,1789890395,0.00017263023281
21805427,1789890421,0.000171385634781
21805497,1789890457,0.000173198312961
21805599,1789890508,0.000173087549949
21805775,1789890598,0.000172086834754
21805857,1789890639,0.000171017358454
21805886,1789890654,0.000166480350037
21805916,1789890669,0.000168285439222
21806025,1789890724,0.000164384236425
21806071,1789890748,0.000166106088458
21806099,1789890762,0.000165170274809
21806105,1789890765,0.000165457239874
21806226,1789890826,0.000166092264619
21806229,1789890828,0.000166219734257
21806349,1789890889,0.000166113290793
21806439,1789890934,0.000167197022534
21806556,1789890994,0.000167287483713
21806633,1789891033,0.000192469913276
21806634,1789891033,0.000192224220941
21806685,1789891059,0.000213288566882
21806686,1789891060,0.000212743719105
21806687,1789891060,0.00021267364896
21806687,1789891060,0.000212664421567
21806719,1789891076,0.000212046209218
21806728,1789891081,0.000199654087402
21806731,1789891082,0.000199486293486
21806738,1789891086,0.000199232506071
21806784,1789891109,0.000199265463716
21806919,1789891178,0.000198607481905
21806941,1789891189,0.000198291560327
21806988,1789891213,0.000198988430588
21807199,1789891320,0.000197705568941
21807270,1789891356,0.000198729509011
21807318,1789891380,0.000196634023105
21807400,1789891422,0.000201852855076
21807429,1789891437,0.000203181441421
21807459,1789891452,0.000201456735084
21807675,1789891561,0.000201526920595
21807841,1789891646,0.000201241666593
21807908,1789891680,0.000204499727088
21808005,1789891729,0.000207454214363
21808011,1789891732,0.00020887741366
21808180,1789891818,0.00020808731029
21808237,1789891847,0.000207949791285
21808237,1789891847,0.000206861751327
21808279,1789891868,0.000206863159399
21808287,1789891872,0.000202954873937
21808333,1789891895,0.000203234510855
21808335,1789891896,0.00020461496524
21808384,1789891921,0.000202054885134
21808401,1789891930,0.000194091517839
21808425,1789891942,0.000194406504167
21808496,1789891978,0.000194144882113
21808558,1789892009,0.000194035281097
21808599,1789892030,0.000191670584043
21808677,1789892070,0.000191328057171
21809087,1789892278,0.000186428183986
21809088,1789892278,0.000186474305457
21809088,1789892278,0.000186487743236
21809472,1789892473,0.000182187361037
21809473,1789892474,0.000182298627489
21809664,1789892570,0.000181722806129
21810072,1789892777,0.000178849342785
21810073,1789892778,0.000178938578818
21810073,1789892778,0.000178949763021
21810161,1789892823,0.000179610148232
21810183,1789892834,0.000177362387386
21810185,1789892835,0.0001774038563
21810492,1789892991,0.000177712420096
21810496,1789892993,0.000177844272535
21810906,1789893201,0.000154993532343
21810907,1789893201,0.00015545481183
21810907,1789893201,0.000155568012648
21810931,1789893214,0.000155938256898
21810980,1789893238,0.000156000007056
21810984,1789893240,0.000156209523748
21810986,1789893241,0.000156872061581
21810992,1789893244,0.000157080582635
21811019,1789893258,0.000157976360703
21811028,1789893262,0.000158107973974
21811051,1789893274,0.000158481226689
21811063,1789893280,0.000159146356953
21811073,1789893285,0.000159233258497
21811376,1789893439,0.00016033959156
21811413,1789893458,0.000161261463249
21811434,1789893468,0.000156613504501
21811436,1789893469,0.000156760560146
21811492,1789893498,0.000163462857581
21811595,1789893550,0.000164094363872
21811611,1789893558,0.000165356533503
21811613,1789893559,0.000165250137233
21811940,1789893725,0.000165879988631
21812061,1789893786,0.000165952593896
21812124,1789893818,0.000166086001316
21812183,1789893848,0.000166723826443
21812206,1789893860,0.000166202043279
21812209,1789893862,0.000166349004865
21812210,1789893862,0.000166360615147
21812492,1789894005,0.00016577519206
21812493,1789894006,0.000165796430889
21812515,1789894017,0.000166433700283
21812683,1789894102,0.000169622283578
21812783,1789894153,0.000169750842732
21812784,1789894154,0.000174048864081
21812963,1789894244,0.000176667885015
21813027,1789894277,0.000171806580937
21813125,1789894326,0.000174408739867
21813150,1789894339,0.000174335744362
21814047,1789894794,0.000174207773705
21814504,1789895026,0.000173079915176
21814539,1789895044,0.0001735189893
21814589,1789895069,0.000172440717622
21814724,1789895137,0.000172161451255
21814792,1789895172,0.000172226347434
21815027,1789895291,0.000171243943906
21815069,1789895312,0.000171006604466
21815247,1789895403,0.000172777894722
21815388,1789895474,0.000171264895937
21815449,1789895505,0.000170151543546
21815529,1789895546,0.000170013309747
21815604,1789895584,0.000169746704324
21815716,1789895641,0.000170835016203
21815742,1789895654,0.000170217395484
21815909,1789895739,0.000170121350056
21815913,1789895741,0.000169713000297
21815962,1789895765,0.000164802458809
21815963,1789895766,0.000164839762059
21815984,1789895777,0.000164724768563
21816045,1789895807,0.000164851712466
21816204,1789895888,0.000164298827287
21816205,1789895889,0.000164326306543
21816683,1789896131,0.000173908887729
21816805,1789896193,0.00017412843637
21816843,1789896212,0.000173674344756
21816906,1789896244,0.000173799349195
21817128,1789896357,0.000173588061723
21817190,1789896388,0.00017345089623
21817540,1789896566,0.0001723397764
21817544,1789896568,0.000173245008407
21817687,1789896640,0.00017414427961
21817913,1789896755,0.000174534033523
21817934,1789896766,0.000175829803272
21818326,1789896965,0.000175809751164
21818394,1789896999,0.000176976317435
21818398,1789897001,0.000177107896569
21818520,1789897063,0.000176217348061
21818654,1789897131,0.000175923418718
21818655,1789897131,0.000175871678407
21818802,1789897206,0.000175708154187
21819123,1789897369,0.000170829679043
21819166,1789897391,0.000169776339388
21819292,1789897454,0.00017106977611
21819450,1789897535,0.000170521529275
21819471,1789897545,0.00017122770382
21819487,1789897553,0.000171815331749
21819610,1789897616,0.000170934017008
21819701,1789897662,0.000170720480205
21820139,1789897884,0.000171130712847
21820440,1789898037,0.000168805072454
21820466,1789898050,0.000168908331008
21820491,1789898063,0.000167495626127
21820512,1789898073,0.000159543307714
21820919,1789898280,0.000159668239537
21820935,1789898288,0.000160288624033
21820937,1789898289,0.000160321153048
21820944,1789898293,0.000160446388978
21820977,1789898309,0.000160356659118
21821286,1789898466,0.000160794369544
21821358,1789898502,0.000160329155112
21821389,1789898518,0.000160579180869
21821498,1789898574,0.000159769226286
21821853,1789898754,0.000160118705366
21821949,1789898802,0.000160005594288
21822103,1789898880,0.000160253865501
21822522,1789899093,0.000159196944932
21822624,1789899145,0.000158530811231
21822728,1789899197,0.000154234549213
21822729,1789899198,0.00015435536295
21822729,1789899198,0.000154367159088
21822731,1789899199,0.000154398430118
21822737,1789899202,0.000154497250979
21822789,1789899228,0.000164487012044
21823204,1789899439,0.000159134543845
21823251,1789899463,0.000160384461104
21823620,1789899650,0.000160684567112
21823639,1789899660,0.000167013352126
21823681,1789899681,0.000167396966407
21823705,1789899693,0.000167434308615
21823821,1789899752,0.000168713132595
21823902,1789899793,0.000169863585549
21823940,1789899812,0.000171154869969
21824030,1789899858,0.000171084308326
21824279,1789899984,0.00017186126593
21824280,1789899985,0.000171854731706
21824561,1789900127,0.00017157657456
21824648,1789900171,0.000169745507632
21824853,1789900275,0.000170324617394
21824908,1789900303,0.000170608096641
21824914,1789900306,0.000170737028764
21824930,1789900314,0.000172027436793
21825009,1789900355,0.000172053118803
21825493,1789900600,0.000172310044328
21825655,1789900682,0.000172335747423
21825832,1789900772,0.000172418609262
21825899,1789900806,0.000173015615421
21825938,1789900826,0.000173100045786
21825942,1789900828,0.000173267532707
21826014,1789900864,0.000173221977955
21826020,1789900867,0.000162740297525
21826074,1789900895,0.000155519645609
21826180,1789900949,0.000155766387863
21826190,1789900954,0.000155889832333
21826196,1789900957,0.00015484665196
21826197,1789900957,0.000154900132077
21826241,1789900979,0.000156020090628
21826294,1789901006,0.000156266734928
21826513,1789901117,0.0001541696992
21826514,1789901118,0.000154213727166
21826523,1789901122,0.000154294899245
21826524,1789901123,0.000154323662733
21826620,1789901172,0.00015437231403
21826693,1789901209,0.000154433599773
21826792,1789901259,0.000154678987364
21826808,1789901267,0.000154703340039
21826842,1789901284,0.000154912507554
21826860,1789901294,0.000156329996055
21826955,1789901342,0.000155764398411
21827149,1789901440,0.000156504309384
21827413,1789901574,0.000161224862671
21827416,1789901575,0.000161287650727
21827489,1789901613,0.000162304479314
21827544,1789901640,0.000162314073348
21827611,1789901674,0.00016282957427
21827839,1789901790,0.000162697797394
21827840,1789901791,0.000163201469855
21828105,1789901925,0.000164215968645
21828381,1789902065,0.000165850660279
21828755,1789902255,0.00016423852676
21828815,1789902285,0.000165261371524
21828964,1789902361,0.000154905069598
21828998,1789902378,0.000155232207823
21829029,1789902394,0.000156456839116
21829057,1789902408,0.000156704323418
21829100,1789902430,0.000155969619156
21829106,1789902433,0.000155137084692
21829270,1789902516,0.00015562998428
21829321,1789902542,0.000155652190946
21829367,1789902565,0.000156145090554
21829405,1789902584,0.000156637909287
21829432,1789902598,0.000156650261258
21829631,1789902699,0.000157928218099
21829645,1789902706,0.000159794071498
21829742,1789902755,0.000160789372505
21830602,1789903192,0.000164948786932
21830630,1789903206,0.00016570212937
21830681,1789903232,0.000165380864272
21830682,1789903232,0.000165888669613
21830824,1789903304,0.000165990375054
21831044,1789903416,0.000165776963028
21831054,1789903421,0.00016550768695
21831101,1789903445,0.00016575967981
21831224,1789903507,0.000167115777057
21831326,1789903559,0.000170972897925
21831616,1789903706,0.000171100932971
21831660,1789903728,0.000171305888722
21831778,1789903788,0.000168257518312
21831925,1789903863,0.000166587202848
21832089,1789903946,0.000161405421365
21832253,1789904029,0.000161562822849
21832543,1789904176,0.000164066243262
21832604,1789904207,0.000164808904166
21832618,1789904214,0.000164384636661
21832980,1789904398,0.000166249022487
21833026,1789904421,0.000169451935212
21833141,1789904479,0.000170728735567
21833861,1789904845,0.000170608722554
21833955,1789904892,0.000170928559009
21833992,1789904911,0.000171057224134
21834155,1789904994,0.000172026187466
21834451,1789905144,0.000170723513603
21834583,1789905211,0.000171111362998
21834602,1789905221,0.000173703058223
21834645,1789905243,0.000174576860292
21835023,1789905434,0.000174377231097
21835093,1789905470,0.000176156450335
21835148,1789905498,0.000176050049738
21835149,1789905498,0.000176016425276
21835150,1789905499,0.00017600848904
21835247,1789905548,0.000176515395366
21835248,1789905548,0.000176480047374
21835364,1789905607,0.000176144510997
21835387,1789905619,0.000174291135712
21835618,1789905736,0.000174860287865
21836379,1789906122,0.000174962744439
21836641,1789906255,0.000173371952044
21836642,1789906256,0.000173173315967
21836748,1789906309,0.000174122212157
21837019,1789906447,0.000175679024482
21837630,1789906757,0.000178289108857
21837631,1789906757,0.000178065605528
21837632,1789906758,0.000178036308612
21837672,1789906778,0.000177291576453
21837672,1789906778,0.000176745918662
21837676,1789906780,0.000179379780397
21837677,1789906781,0.00017934156411
21837678,1789906781,0.000179335383998
21837834,1789906860,0.00017926627174
21838079,1789906984,0.000181652649795
21838080,1789906985,0.000181588847922
21838395,1789907145,0.000185065116744
21838396,1789907145,0.0001849747417
21838397,1789907146,0.000184960596595
21838560,1789907228,0.000182538179591
21838938,1789907420,0.000184285395018
21839236,1789907572,0.000181844942557
21839403,1789907656,0.00018196011678
21839517,1789907714,0.000179891242543
21839684,1789907799,0.000180288367703
21839702,1789907808,0.000180354763805
21839906,1789907911,0.000180487260547
21840031,1789907975,0.000168831392976
21840151,1789908036,0.000169301110725
21840188,1789908055,0.000169333215511
21840201,1789908061,0.000169460892708
21840283,1789908102,0.000170391045935
21840291,1789908106,0.000170649311557
21840316,1789908119,0.000170391044469
21840329,1789908126,0.000170379936556
21840420,1789908172,0.000169865850728
21840505,1789908215,0.000169111661427
21840616,1789908271,0.000169748924169
21840718,1789908323,0.000169359044024
21840812,1789908371,0.000170645183399
21840814,1789908372,0.000179649161588
21840824,1789908377,0.000179566480093
21840833,1789908381,0.000180890738636
21840834,1789908382,0.000180884371591
21840847,1789908389,0.000182213471902
21840861,1789908396,0.000183547437331
21840862,1789908396,0.000183491717894
21840884,1789908407,0.000184830345579
21840885,1789908408,0.000184726682397
21840885,1789908408,0.000184673814173
21840887,1789908409,0.000184666643054
21840897,1789908414,0.000186009541843
21840898,1789908414,0.000185910833114
21840899,1789908415,0.000185877357796
21841034,1789908483,0.000187884861408
21841048,1789908491,0.000185690821696
21841103,1789908518,0.000187040813598
21841147,1789908541,0.000187025966406
21841353,1789908645,0.000188367221683
21841354,1789908646,0.000188260555331
21841355,1789908646,0.000188218728816
21841412,1789908675,0.000187919585514
21841627,1789908784,0.000194689757997
21841628,1789908785,0.000194489785361
21841629,1789908785,0.000194479278294
21841667,1789908805,0.000192361833949
21841731,1789908837,0.000193722053797
21841864,1789908904,0.000195894670802
21841907,1789908926,0.00019719215863
21842151,1789909050,0.000199934210593
21842173,1789909061,0.000200073381448
21842220,1789909085,0.000200087369299
21842254,1789909102,0.000200101357639
21842313,1789909133,0.000202963760729
21842386,1789909169,0.000202531209336
21842585,1789909271,0.000203074942369
21842597,1789909276,0.000202930486136
21842632,1789909294,0.000202670850173
21842727,1789909342,0.000202642032814
21842768,1789909363,0.000201780362016
21842809,1789909384,0.0002016144778
21842869,1789909414,0.000198242457728
21842976,1789909469,0.000197936122059
21842981,1789909471,0.000197681579706
21843061,1789909512,0.000196618437958
21843125,1789909544,0.00019674225585
21843342,1789909654,0.000197545562015
21843458,1789909713,0.0001972935486
21843505,1789909737,0.000184957247886
21843506,1789909737,0.000185577981478
21843735,1789909854,0.000182806957468
21843941,1789909958,0.000182342511734
21844020,1789909998,0.000182449354804
21845368,1789910682,0.000183656083811
21845387,1789910692,0.000184866782345
21845549,1789910774,0.000182605103898
21845573,1789910786,0.000182872462448
21845960,1789910982,0.0001806629653
21846795,1789911406,0.000182657221911
21846957,1789911488,0.000181715879984
21847064,1789911542,0.000180444913396
21847092,1789911557,0.000179165575009
21847216,1789911620,0.000172781269713
21847217,1789911620,0.000173106387883
21847217,1789911620,0.000173123580556
21847218,1789911621,0.000173184306142
21847226,1789911625,0.000170736501625
21847228,1789911626,0.000170878290622
21847228,1789911626,0.000170982331708
21847714,1789911872,0.000169656587321
21847715,1789911873,0.000169760269356
21847809,1789911920,0.000169889138567
21847892,1789911962,0.000163554731444
21847892,1789911962,0.000163724403842
21847893,1789911963,0.000163738076121
21847929,1789911981,0.000164496666838
21847976,1789912005,0.000167017515976
21847994,1789912014,0.000167222058045
21848004,1789912019,0.000171041597003
21848045,1789912040,0.000171183889696
21848054,1789912045,0.000171440165635
21848299,1789912169,0.00017145311395
21848416,1789912229,0.000170752761466
21848416,1789912229,0.000169907377242
21848606,1789912325,0.000166847516662
21848724,1789912385,0.000167613268165
21849074,1789912562,0.000167997570409
21849199,1789912625,0.000168124743165
21849228,1789912640,0.000162697868466
21849271,1789912662,0.0001632017937
21849349,1789912701,0.000164009694809
21849477,1789912766,0.00016426307995
21849821,1789912941,0.000164509275444
21850881,1789913479,0.000160732785359
21850883,1789913480,0.000160738236382
21850937,1789913507,0.000160656843324
21850967,1789913522,0.000160424353806
21851132,1789913606,0.000160880697555
21851317,1789913700,0.000160820127525
21851329,1789913706,0.00016333803024
21851337,1789913710,0.000166481012173
21851499,1789913792,0.000163899197956
21851549,1789913817,0.000164359717646
21851663,1789913876,0.000164562771273
21851698,1789913893,0.000164793133224
21851731,1789913910,0.000166052292657
21851748,1789913919,0.000168418112163
21851759,1789913924,0.000166232491577
21851772,1789913930,0.000166423795051
21851811,1789913950,0.000166487587324
21851843,1789913967,0.000164114915404
21851910,1789914000,0.000165893287252
21851914,1789914003,0.00016598985961
21851931,1789914011,0.000165018020356
21852031,1789914062,0.000165070420765
21852060,1789914077,0.000165124382428
21852172,1789914133,0.000165383333812
21852230,1789914163,0.000163279155009
21852360,1789914229,0.000162019612722
21852394,1789914246,0.000161157784811
21852430,1789914264,0.000161607957162
21852455,1789914277,0.000160963402279
21852641,1789914371,0.000161376667196
21852904,1789914505,0.000159568428821
21852915,1789914510,0.000156618274613
21852916,1789914511,0.000156697245016
21852917,1789914511,0.000156704452001
21852927,1789914516,0.000156672558315
21852946,1789914526,0.000155750991513
21852947,1789914527,0.000155819250193
21852948,1789914527,0.000155849961923
21853045,1789914576,0.000155948740071
21853185,1789914647,0.000156963235204
21853229,1789914669,0.000157087152921
21853268,1789914689,0.000156498819125
21853283,1789914697,0.000156920741074
21853525,1789914820,0.000155996986874
21853824,1789914971,0.00015319147411
21853825,1789914972,0.000153362875961
21853826,1789914972,0.000153412484052
21853826,1789914972,0.000154262471753
21853839,1789914979,0.000153923085917
21853841,1789914980,0.00015392807638
21854027,1789915074,0.000142422323999
21854028,1789915075,0.000142442196
21854029,1789915075,0.000142448698448
21854029,1789915075,0.000141447814631
21854059,1789915090,0.000140627520673
21854115,1789915119,0.000140744814305
21854119,1789915121,0.000139091651802
21854120,1789915121,0.000139128221449
21854121,1789915122,0.000139132966019
21854121,1789915122,0.000139483119146
21854127,1789915125,0.000139986959695
21854188,1789915156,0.000140103985941
21854243,1789915184,0.000140174225158
21854294,1789915210,0.000140176566768
21854324,1789915225,0.000138941059045
21854331,1789915228,0.000140522674426
21854345,1789915235,0.000140480310483
21854348,1789915237,0.000140439170701
21854430,1789915278,0.000140903628958
21854595,1789915362,0.000140119325573
21854619,1789915374,0.000140353068947
21854698,1789915414,0.000140370642701
21854700,1789915415,0.000143285378685
21854752,1789915442,0.0001415846225
21854765,1789915448,0.000144929379077
21854771,1789915451,0.000145285853133
21854785,1789915458,0.000148673792555
21854838,1789915485,0.000149287756579
21854875,1789915504,0.000149354085404
21854902,1789915518,0.000149474962813
21855093,1789915615,0.000150680316408
21855187,1789915662,0.000150241787328
21855441,1789915791,0.000150483823044
21855688,1789915916,0.000151687180006
21855756,1789915951,0.000152290655574
21855779,1789915963,0.000151891218209
21855797,1789915972,0.000152193008904
21855903,1789916026,0.000152459823714
21855910,1789916029,0.00015059669124
21855935,1789916042,0.000147457252122
21856057,1789916104,0.000145370032586
21856124,1789916138,0.000145162110141
21856206,1789916179,0.000143785483592
21856250,1789916201,0.000145968213959
21856282,1789916218,0.000146147123173
21856301,1789916227,0.000148037970538
21856306,1789916230,0.00015405367894
21856307,1789916230,0.000154002770453
21856328,1789916241,0.000154493284045
21856329,1789916242,0.000154457016163
21856438,1789916297,0.000154265449116
21856469,1789916313,0.000143005276764
21856492,1789916324,0.00014322976028
21856512,1789916334,0.000137831090989
21856513,1789916335,0.000137833889301
21856525,1789916341,0.000135216882331
21856527,1789916342,0.00013542394551
21856528,1789916343,0.000135428256419
21856556,1789916357,0.000135926406045
21856563,1789916360,0.000136110061385
21856669,1789916414,0.000137331479975
21856720,1789916440,0.000137188272473
21856831,1789916496,0.000136518521083
21856847,1789916504,0.000137017573318
21856856,1789916509,0.000138042878563
21856865,1789916514,0.000135364145316
21856992,1789916578,0.000133804605724
21856993,1789916578,0.000133914544297
21857093,1789916629,0.000128167835989
21857094,1789916630,0.000128447872921
21857094,1789916630,0.000128454170882
21857095,1789916630,0.000128461004838
21857096,1789916631,0.00012849337075
21857123,1789916644,0.000128189421265
21857133,1789916649,0.000126593839862
21857134,1789916650,0.00012674965751
21857135,1789916650,0.000126750320265
21857171,1789916669,0.000128320047026
21857306,1789916737,0.000128375944155
21857332,1789916750,0.000129720183915
21857334,1789916751,0.000128908611608
21857341,1789916755,0.000128502371503
21857373,1789916771,0.00012902314431
21857429,1789916799,0.000128876877585
21857444,1789916807,0.000129595665347
21857472,1789916821,0.000130721038774
21857530,1789916851,0.000131001020092
21857575,1789916874,0.000131281300924
21857645,1789916909,0.000131293388645
21857935,1789917056,0.000130977043184
21857936,1789917057,0.000130977793391
21858038,1789917109,0.000129023956489
21858121,1789917150,0.000110913283822
21858122,1789917151,0.000110929172072
21858123,1789917152,0.000110938332651
21858123,1789917152,0.000111668631434
21858125,1789917153,0.00011167376697
21858125,1789917153,0.000111881822634
21858126,1789917153,0.000111882424904
21858136,1789917158,0.00011192308475
21858138,1789917159,0.000111923761094
21858218,1789917200,0.000111950371526
21858232,1789917207,0.000112054765548
21858239,1789917210,0.000108854735548
21858240,1789917211,0.000108915960446
21858284,1789917233,0.000109069581414
21858315,1789917249,0.000109664601108
21858403,1789917293,0.000102674959263
21858404,1789917294,0.000102682846904
21858404,1789917294,0.000104576388974
21858405,1789917294,0.000104580213036
21858405,1789917294,0.000104780543284
21858405,1789917294,0.00010669324114
21858406,1789917295,0.000107250145602
21858441,1789917313,0.00010727057762
21858491,1789917338,0.000108295174301
21858492,1789917339,0.000108250405359
21858493,1789917339,0.000108246664297
21858570,1789917378,0.000106096693555
21858622,1789917405,0.000105840495365
21858693,1789917441,0.000105677535466
21858874,1789917532,0.000107863375133
21858935,1789917563,0.000107618247683
21858973,1789917583,0.000108643984092
21858978,1789917585,0.000109410660688
21858979,1789917586,0.00010938420372
21858986,1789917589,0.000113309656808
21858987,1789917590,0.000113016170681
21858988,1789917590,0.000113011125497
21858988,1789917590,0.000113073503142
21859005,1789917599,0.000113594618512
21859006,1789917599,0.000113552275856
21859036,1789917615,0.000113647813438
21859066,1789917630,0.000114366559051
21859067,1789917630,0.000114306860535
21859068,1789917631,0.000114304329565
21859073,1789917633,0.00011632259302
21859074,1789917634,0.000116169001652
21859075,1789917635,0.000116165714878
21859078,1789917636,0.00011637684496
21859107,1789917651,0.000117443408138
21859108,1789917651,0.000117355044081
21859118,1789917656,0.000117676645616
21859122,1789917658,0.000117687373246
21859194,1789917695,0.000117899881004
21859196,1789917696,0.000117859503843
21859324,1789917761,0.000117857245249
21859425,1789917812,0.000117869525463
21859575,1789917888,0.000119702056412
21859576,1789917888,0.000119590859167
21859577,1789917889,0.000119587271779
21859591,1789917896,0.000119640915834
21859716,1789917959,0.000119629919996
21859737,1789917970,0.000119748926119
21859786,1789917995,0.000117753955632
21859842,1789918023,0.000119244306311
21860037,1789918122,0.000125811947041
21860038,1789918123,0.000125805301547
21860153,1789918181,0.000126314822963
21860168,1789918189,0.000126190884428
21860222,1789918216,0.000133009080996
21860223,1789918217,0.000132891136879
21860223,1789918217,0.000132882370729
21860379,1789918296,0.000135666899304
21860455,1789918334,0.000136801023917
21860456,1789918335,0.00013678905269
21860843,1789918531,0.000136603106356
21860856,1789918538,0.000136334638803
21861019,1789918620,0.000136315850069
21861063,1789918643,0.000136454087653
21861689,1789918960,0.000136295006847
21862169,1789919204,0.000137104345072
21862745,1789919496,0.000135372551749
21862780,1789919513,0.000131243004118
21862874,1789919561,0.00012962073621
21862909,1789919579,0.000129510226471
21862914,1789919581,0.000125279527624
21862955,1789919602,0.000125378366686
21862992,1789919621,0.000120846288772
21862992,1789919621,0.000121024172641
21862993,1789919622,0.000121076013821
21863098,1789919675,0.000122350494914
21863921,1789920092,0.000122406286831
21864410,1789920340,0.000125702225783
21864480,1789920376,0.000128489295034
21864634,1789920454,0.000131278596315
21864653,1789920463,0.000131503034321
21864693,1789920484,0.000131840050746
21864710,1789920492,0.00013159844505
21864740,1789920508,0.000132608829104
21864911,1789920594,0.000133750041114
21864912,1789920595,0.000133645488623
21865063,1789920671,0.000134252938184
21865064,1789920672,0.000134208074081
21865615,1789920951,0.000134013378611
21865616,1789920952,0.000134009219661
21866052,1789921173,0.000135145046265
21866053,1789921174,0.000135111974553
21866054,1789921174,0.00013494046936
21866065,1789921180,0.000136080227332
21866066,1789921180,0.000136007620072
21866067,1789921181,0.000135991579326
21866072,1789921183,0.000137135758406
21866073,1789921184,0.000137054861814
21866074,1789921184,0.000137041639091
21866078,1789921186,0.000138190217835
21866079,1789921187,0.000138106509604
21866081,1789921188,0.000138102221628
21866082,1789921188,0.000138088949347
21866084,1789921189,0.000139241899475
21866085,1789921190,0.000139158782145
21866086,1789921190,0.000139145459557
21866286,1789921292,0.000139844483153
21866287,1789921292,0.00013979457004
21866566,1789921434,0.000139743903696
21866581,1789921441,0.00014032901579
21866582,1789921442,0.000140289892389
21866583,1789921442,0.000140275676467
21866839,1789921572,0.000141645713635
21866840,1789921573,0.000141628642844
21866841,1789921573,0.000141624971247
21867122,1789921716,0.000143680057838
21867123,1789921716,0.000143654374148
21867124,1789921717,0.000143653608011
21867171,1789921741,0.000143591713735
21867384,1789921849,0.000144181642387
21867400,1789921857,0.000143745576166
21867464,1789921889,0.000144931261213
21867465,1789921890,0.00014491531853
21867466,1789921891,0.000144911901779
21867968,1789922145,0.000145504532633
21869159,1789922749,0.000144209977589
21869186,1789922763,0.000141001023037
21869265,1789922803,0.000141763403926
21869300,1789922821,0.000145308721464
21869301,1789922821,0.000144225440036
21869417,1789922880,0.00014458193965
21869639,1789922993,0.000144480516847
21869728,1789923038,0.000144622476313
21870025,1789923188,0.000147420010875
21870039,1789923196,0.000147393341194
21870171,1789923263,0.000146585161148
21870392,1789923375,0.000147182909968
21870481,1789923420,0.000147543043958
21870919,1789923642,0.000147602508362
21871661,1789924018,0.000149575545858
21871662,1789924019,0.000149554831329
21871662,1789924019,0.000149484171736
21871839,1789924109,0.000150694063441
21871840,1789924109,0.000150679843784
21871842,1789924111,0.000150169747374
21871985,1789924183,0.000150885575251
21872075,1789924228,0.000154471065485
21872076,1789924229,0.000154422411658
21872077,1789924229,0.000154413637508
21872078,1789924230,0.000154365528525
21872120,1789924251,0.000155584276162
21872121,1789924252,0.000155489161207
21872169,1789924276,0.000155870470421
21872268,1789924326,0.000156386903085
21872397,1789924392,0.000157153879641
21872867,1789924630,0.000157847130457
21872868,1789924631,0.000157768259673
21872869,1789924631,0.000157755200657
21872896,1789924645,0.000158302177863
21872898,1789924646,0.000158262932189
21873041,1789924718,0.000157159871395
21873056,1789924726,0.000156717911136
21873106,1789924751,0.000156326703354
21873153,1789924775,0.000158359075503
21873173,1789924785,0.000156272948986
21873446,1789924924,0.000156875288369
21873525,1789924964,0.000152456752683
21873932,1789925170,0.000152234861939
21874329,1789925372,0.000153637719655
21874539,1789925478,0.000153470376817
21874956,1789925690,0.000154057500957
21875214,1789925821,0.000153909686102
21875614,1789926024,0.000153762083883
21877167,1789926811,0.000149681300175
21877225,1789926841,0.000142818143829
21877452,1789926956,0.000139745851442
21877727,1789927096,0.000138078267567
21877728,1789927096,0.000138095714787
21877746,1789927105,0.000137055684332
21877747,1789927106,0.000137068374176
21877747,1789927106,0.000137072170113
21877851,1789927158,0.000122991988662
21877852,1789927159,0.000123956223878
21877852,1789927159,0.000124105585217
21877852,1789927159,0.000124115098587
21877866,1789927166,0.00012383719842
21877909,1789927188,0.000123946993641
21878087,1789927278,0.00012395805738
21878207,1789927339,0.000124453919838
21878321,1789927397,0.000124890262985
21878429,1789927452,0.000125426292395
21878658,1789927568,0.000125437986685
21878670,1789927574,0.000118568526804
21878670,1789927574,0.000118919675173
21878671,1789927574,0.000118980880097
21878672,1789927575,0.000118988404244
21878673,1789927575,0.000118989148854
21878739,1789927609,0.000120049836988
21878945,1789927713,0.000121236421645
21879107,1789927796,0.000121823636311
21879171,1789927828,0.000120017114853
21879748,1789928121,0.00011936312804
21879764,1789928129,0.00011979943825
21880170,1789928335,0.00011936838023
21880171,1789928335,0.000119393284971
21880787,1789928648,0.000118035597881
21880788,1789928648,0.000118143059669
21880789,1789928649,0.000118153386054
21880992,1789928752,0.00011687423929
21880993,1789928752,0.000116955462164
21880994,1789928753,0.00011696988487
21881039,1789928776,0.000116515787301
21881187,1789928851,0.000117298634728
21881814,1789929169,0.000117362775823
21881926,1789929226,0.000117302941967
21882191,1789929360,0.000118871862658
21882336,1789929434,0.000118882617672
21882800,1789929669,0.000117584402685
21883191,1789929868,0.000117523542098
21883221,1789929883,0.000118307727581
21883589,1789930070,0.000118297050483
21883608,1789930079,0.000118467480945
21886193,1789931391,0.000118627370921
21889876,1789933259,0.000119241523516
21889948,1789933296,0.000119213949665
21890126,1789933386,0.000123104419602
21890127,1789933386,0.000123099685103
21890152,1789933399,0.00012370387272
21890153,1789933400,0.000123691872637
21890632,1789933643,0.000110366331648
21890633,1789933643,0.000110511823322
21890967,1789933813,0.000110984998773
21890986,1789933822,0.000110448820358
21891061,1789933860,0.000111235678571
21891174,1789933918,0.000111761714708
21891233,1789933948,0.000112280849816
21891267,1789933965,0.000112292450707
21891519,1789934093,0.000112417983484
21891667,1789934168,0.000111939972412
21891738,1789934204,0.000112033967581
21892406,1789934543,0.000112211621639
21893165,1789934928,0.000109687408057
21893166,1789934928,0.000109716564176
21893258,1789934975,0.000109332597355
21893259,1789934975,0.000109360531895
21893412,1789935053,0.000109395642792
21893627,1789935162,0.000110232441819
21893627,1789935162,0.000110374642704
21893628,1789935162,0.000110437270975
21893679,1789935188,0.000110601101951
21893680,1789935189,0.000110612882328
21893876,1789935288,0.000110657512059
21894070,1789935387,0.000110721837127
21895885,1789936307,0.000110423227136
21896791,1789936767,0.000110682647679
21897463,1789937108,0.000105889724922
21897464,1789937108,0.000105894028875
21900571,1789938684,0.000106378152682
21900950,1789938877,0.000104347251937
21901137,1789938971,0.000104357328505
21901495,1789939153,0.000104438160683
21901551,1789939181,0.000104895655182
21901589,1789939201,0.000105239381204
21901920,1789939369,0.000105457314122
21901935,1789939376,0.000105649943575
21901947,1789939382,0.000105791973253
21901948,1789939383,0.000105796316552
21901958,1789939388,0.000106311853408
21903366,1789940102,0.000105001883759
21903367,1789940103,0.000105059521742
21904191,1789940521,0.000105038630269
21904219,1789940535,0.000106049453773
21904249,1789940550,0.0001060284641
21904277,1789940564,0.0001116491124
21904309,1789940580,0.000112691186049
21904328,1789940590,0.00011794744523
21904344,1789940598,0.000118269856901
21904345,1789940599,0.000118225537129
21904356,1789940604,0.000119137326904
21904357,1789940605,0.000119070301034
21904833,1789940846,0.000119605040763
21905013,1789940938,0.000120169900899
21905050,1789940956,0.000120492077386
21905051,1789940957,0.000120449569486
21905052,1789940957,0.000120446115394
21905073,1789940968,0.000121528371803
21905074,1789940968,0.000121448987174
21905409,1789941138,0.000121729662955
21905712,1789941292,0.00012166181742
21906492,1789941688,0.000123853099874
21906493,1789941688,0.000123731409043
21906496,1789941690,0.000123716623051
21906497,1789941690,0.000123713222327
21906601,1789941743,0.000123551653914
21906954,1789941922,0.000125168491465
21906955,1789941923,0.000125055027263
21906956,1789941923,0.000125038257534
21906998,1789941945,0.000125443820344
21908056,1789942481,0.000126795305097
21908057,1789942482,0.000126680939997
21908057,1789942482,0.000126643349573
21908138,1789942523,0.000127120139238
21908139,1789942523,0.000127116578478
21908139,1789942523,0.00012707837916
21908300,1789942605,0.000127409680972
21908986,1789942953,0.000125342323874
21909196,1789943060,0.000129237381411
21909197,1789943060,0.000129222439036
21909197,1789943060,0.000129061162297
21910240,1789943589,0.000127347210373
21910283,1789943611,0.000127489108204
21911197,1789944075,0.000129020317603
21911230,1789944092,0.000130143759642
21911367,1789944162,0.000132397544148
21911369,1789944162,0.000132357539666
21911609,1789944284,0.000130577731093
21911610,1789944285,0.000130574135646
21912278,1789944623,0.000130797970915
21912336,1789944653,0.000129101078627
21912339,1789944654,0.000131345865097
21912553,1789944763,0.000133617734704
21912554,1789944763,0.000133516993597
21912627,1789944800,0.00013401729687
21912628,1789944801,0.000133996668434
21912629,1789944801,0.000133993036705
21912995,1789944987,0.000135130980148
21912996,1789944988,0.000135013008108
21912997,1789944988,0.000135000277396
21913767,1789945379,0.0001371160946
21913768,1789945379,0.000136949542754
21913768,1789945379,0.000136906170801
21913788,1789945389,0.000137020744857
21914980,1789945994,0.000133964564984
21915057,1789946033,0.000133833013006
21915333,1789946173,0.000134049205834
21915758,1789946389,0.000154417211739
21915759,1789946389,0.000153046220502
21915759,1789946389,0.000152851904481
21915759,1789946389,0.000152834157271
21915760,1789946390,0.000152833352894
21915781,1789946401,0.000152359868821
21915833,1789946427,0.000152358694804
21916010,1789946517,0.000151407329776
21916148,1789946587,0.000155084847503
21916149,1789946587,0.00015505685528
21916150,1789946588,0.000155050964721
21916157,1789946591,0.000145916233202
21916660,1789946847,0.000145060497686
21916889,1789946963,0.000145064035072
21916937,1789946987,0.000144837420758
21917912,1789947482,0.000145343017364
21918063,1789947558,0.000146528076624
21918064,1789947559,0.000146587807604
21918346,1789947702,0.000146446602314
21919225,1789948148,0.000146447762035
21919588,1789948332,0.000120159968931
21919588,1789948332,0.000121554430038
21919589,1789948333,0.000121761624716
21919589,1789948333,0.000121783449674
21919589,1789948333,0.000121898133076
21919892,1789948486,0.000121899610642
21919892,1789948486,0.000122019740108
21920067,1789948575,0.00012220328474
21920137,1789948611,0.00012329670963
21920389,1789948738,0.000123141976619
21920418,1789948753,0.000123315860857
21920429,1789948759,0.000134513075934
21920430,1789948759,0.000134461170261
21920777,1789948935,0.000132985639946
21920836,1789948966,0.000134117016233
21921319,1789949210,0.000134084852056
21921455,1789949279,0.000134136385936
21922106,1789949609,0.00013425065467
21922236,1789949676,0.000133791936487
21922468,1789949793,0.000133008684071
21922493,1789949806,0.000132813908679
21922726,1789949924,0.00012975705634
21922830,1789949977,0.000128574956321
21922975,1789950050,0.000128356800732
21922977,1789950051,0.000128362402601
21922993,1789950059,0.000125244399971
21922994,1789950060,0.000125266810595
21923155,1789950142,0.00012860078436
21923805,1789950471,0.000121615250065
21923806,1789950472,0.000121697391253
21923807,1789950472,0.000121719210454
21923842,1789950490,0.00012193696404
21923951,1789950545,0.000125740710971
21923971,1789950556,0.000125726767689
21924020,1789950581,0.000127229862373
21924021,1789950581,0.000127218420525
21924090,1789950616,0.000127553255242
21924164,1789950654,0.000124223268129
21924166,1789950655,0.000125208385444
21924843,1789950998,0.000125186381649
21925025,1789951090,0.000125185174403
21925655,1789951410,0.000124766503157
21925866,1789951517,0.000124137632214
21925972,1789951571,0.000122274806422
21926182,1789951677,0.000121663174714
21926357,1789951766,0.000121750450982
21926360,1789951768,0.000121446717274
21926410,1789951793,0.000122690608675
21926668,1789951924,0.000124063452309
21926727,1789951954,0.000125113401747
21926740,1789951960,0.000125395632483
21926745,1789951963,0.000125724734901
21926750,1789951965,0.000119713184991
21926759,1789951970,0.000120840546228
21926805,1789951993,0.000120894790018
21926808,1789951995,0.000120960037292
21927409,1789952300,0.000122050083319
21927474,1789952333,0.000123178915999
21927630,1789952412,0.000122916454696
21927712,1789952454,0.000124015260918
21927882,1789952540,0.00012505143116
21927919,1789952559,0.000124926814531
21928401,1789952803,0.000125001652845
21928401,1789952803,0.000125247851498
21928451,1789952828,0.00011070307382
21928452,1789952829,0.000111662373318
21928452,1789952829,0.000111825536434
21928452,1789952829,0.000111908472946
21928454,1789952830,0.000111914392398
21928457,1789952832,0.000111915207863
21928466,1789952836,0.000111639987241
21928508,1789952857,0.000113650129874
21928521,1789952864,0.000113692173344
21928537,1789952872,0.000113609655409
21928629,1789952919,0.000113672906504
21928780,1789952995,0.000113389945009
21929152,1789953184,0.000113442490146
21929319,1789953269,0.000113765262626
21929356,1789953288,0.000113484392228
21929358,1789953289,0.000113547608449
21929439,1789953330,0.000114552571145
21929547,1789953384,0.000114308027635
21929774,1789953500,0.000118880312035
21929775,1789953500,0.000118858065446
21929896,1789953561,0.000119927790463
21929897,1789953562,0.000119920363295
21929948,1789953588,0.000120865656229
21929950,1789953589,0.000120860085035
21930834,1789954037,0.000120763729292
21930847,1789954044,0.000120667488732
21930877,1789954059,0.00012297291768
21930878,1789954060,0.000122957296466
21930947,1789954095,0.000123124706143
21931806,1789954530,0.000125655031543
21931807,1789954531,0.000125569470707
21931809,1789954532,0.000125546678416
21931928,1789954592,0.000126650983806
21931929,1789954593,0.000126593901501
21931930,1789954593,0.000126571170435
21932094,1789954677,0.000126556947831
21932733,1789955001,0.000126834524265
21932735,1789955002,0.000126822645287
21933027,1789955150,0.00012591023489
21933297,1789955287,0.000125562815869
21933305,1789955291,0.000125662564744
21933739,1789955511,0.000125519773693
21934028,1789955658,0.000125516095874
21934280,1789955785,0.000125363178659
21934701,1789955999,0.000121452183048
21934905,1789956102,0.000120658696865
21935357,1789956332,0.000118668777903
21935358,1789956332,0.000118679550659
21936203,1789956761,0.000118211277285
21936204,1789956762,0.000118216653209
21936322,1789956821,0.000114341405733
21936323,1789956822,0.000114439823544
21936325,1789956823,0.000114460982167
21936337,1789956829,0.000113573431156
21936338,1789956829,0.000113635370706
21936339,1789956830,0.000113645912525
21936693,1789957009,0.000113688084694
21936726,1789957026,0.000113709482702
21937002,1789957166,0.000112937277613
21937003,1789957167,0.000112989829452
21937043,1789957187,0.000114146157085
21937380,1789957358,0.000114148270143
21937605,1789957472,0.000114359674703
21938098,1789957722,0.000114887981815
21938534,1789957943,0.000114355069194
21938622,1789957988,0.000114254679225
21938669,1789958012,0.000112682280437
21938671,1789958013,0.000112687529135
21938691,1789958023,0.00011114726071
21938692,1789958024,0.000111229247119
21938693,1789958024,0.000111240882497
21938693,1789958024,0.000111251593081
21938809,1789958083,0.000111459881697
21938878,1789958118,0.000101729044238
21938878,1789958118,0.000102374051425
21938879,1789958118,0.000102433234181
21938879,1789958118,0.000102467157317
21938879,1789958118,0.000102477034147
21938880,1789958119,0.000102576073345
21938881,1789958119,0.000102577123192
21938881,1789958119,0.000101985290453
21938881,1789958119,0.000102013428379
21938883,1789958120,0.000102508432138
21938950,1789958154,0.000101682184179
21938952,1789958155,0.000101702128647
21938958,1789958159,9.8888286759e-05
21938960,1789958160,9.90911962832e-05
21938960,1789958160,9.85422356982e-05
21938960,1789958160,9.85816614459e-05
21938961,1789958160,9.86012994992e-05
21938962,1789958161,9.95778012558e-05
21938982,1789958171,9.96270426006e-05
21938994,1789958177,9.71081153457e-05
21938995,1789958177,9.72055885964e-05
21938996,1789958178,9.72207583725e-05
21938997,1789958178,9.72249977918e-05
21938998,1789958179,9.72281947716e-05
21939003,1789958181,9.54277544677e-05
21939004,1789958182,9.5563045179e-05
21939005,1789958182,9.55727124683e-05
21939006,1789958183,9.55733534757e-05
21939007,1789958183,9.55755269328e-05
21939032,1789958196,9.43418592734e-05
21939033,1789958197,9.44379345155e-05
21939034,1789958197,9.4447544729e-05
21939039,1789958200,9.44503026011e-05
21939048,1789958204,9.49221042079e-05
21939155,1789958258,8.84443175829e-05
21939156,1789958259,8.84828386679e-05
21939156,1789958259,8.8489442517e-05
21939158,1789958260,8.84902274524e-05
21939173,1789958268,8.80628168734e-05
21939206,1789958284,8.78357184999e-05
21939207,1789958285,8.78430092434e-05
21939234,1789958299,8.78892586019e-05
21939279,1789958321,8.84135062873e-05
21939281,1789958323,8.85977288166e-05
21939288,1789958326,8.87083432941e-05
21939389,1789958377,8.87213506145e-05
21939409,1789958387,9.32486717245e-05
21939410,1789958388,9.30708892852e-05
21939411,1789958388,9.3058168176e-05
21939543,1789958455,9.35357547886e-05
21939544,1789958456,9.35308539618e-05
21939551,1789958459,9.43914059984e-05
21939553,1789958461,9.43864750253e-05
21939556,1789958462,9.20266938919e-05
21939658,1789958514,9.19742060695e-05
21939742,1789958556,9.28773721917e-05
21939927,1789958650,9.29534390521e-05
21940039,1789958707,9.28123335223e-05
21940160,1789958768,9.28845664842e-05
21940160,1789958768,9.30561966062e-05
21940339,1789958859,9.3361707986e-05
21940339,1789958859,9.34211788917e-05
21940340,1789958860,9.3426268773e-05
21940341,1789958860,9.34392852755e-05
21940393,1789958887,9.27217153109e-05
21940394,1789958887,9.27819363645e-05
21940482,1789958932,9.3560529927e-05
21940510,1789958946,9.30556698281e-05
21940589,1789958986,9.34441040978e-05
21940646,1789959015,9.32770419095e-05
21940874,1789959131,9.56079518151e-05
21941036,1789959213,9.51124084593e-05
21941055,1789959222,9.24773957526e-05
21941081,1789959236,9.23596595253e-05
21941082,1789959236,9.23899328509e-05
21941083,1789959237,9.2397108549e-05
21941106,1789959248,9.05352812945e-05
21941107,1789959249,9.0547772838e-05
21941108,1789959249,9.0550614173e-05
21941118,1789959254,9.0533019279e-05
21941138,1789959264,9.03485002707e-05
21941167,1789959279,9.06486071146e-05
21941178,1789959285,9.04337882014e-05
21941185,1789959289,9.04431924781e-05
21941242,1789959317,9.02944840839e-05
21941264,1789959328,9.00624019326e-05
21941374,1789959384,9.00847757038e-05
21941746,1789959573,8.82702777085e-05
21941748,1789959574,8.82888604097e-05
21941753,1789959576,8.92181539625e-05
21941831,1789959616,8.9962916111e-05
21942040,1789959722,9.0886299427e-05
21942043,1789959724,9.06272082145e-05
21942095,1789959750,8.97977894289e-05
21942239,1789959823,8.89612452231e-05
21942306,1789959857,8.89564056915e-05
21942402,1789959906,8.8951615266e-05
21942498,1789959954,8.84755625627e-05
21942500,1789959955,8.85306667263e-05
21942548,1789959980,8.84626648564e-05
21942560,1789959986,8.87391196411e-05
21942590,1789960001,8.81809065351e-05
21942722,1789960068,8.82735951236e-05
21942738,1789960076,8.81802064573e-05
21942854,1789960135,8.71067930492e-05
21942858,1789960137,8.71160227211e-05
21942894,1789960155,8.63089393665e-05
21943119,1789960269,8.58303770856e-05
21943245,1789960333,8.65585883009e-05
21943273,1789960348,8.65632162169e-05
21943318,1789960370,9.25379341415e-05
21943319,1789960371,9.25109416784e-05
21943460,1789960442,9.72789968054e-05
21943461,1789960443,9.71386943993e-05
21943461,1789960443,9.71203178162e-05
21943462,1789960443,9.70985984293e-05
21943463,1789960444,9.70935802989e-05
21943487,1789960456,9.76020146138e-05
21943692,1789960560,9.75550429392e-05
21944166,1789960801,9.75695672367e-05
21944829,1789961137,9.29285473032e-05
21944830,1789961137,9.29595802752e-05
21944884,1789961165,9.30317090567e-05
21944989,1789961218,9.28441442633e-05
21945223,1789961337,9.5701487704e-05
21945284,1789961368,9.57302217733e-05
21945820,1789961640,9.58267954869e-05
21945962,1789961712,9.63304216692e-05
21946006,1789961734,9.64265328598e-05
21946057,1789961760,0.000101728227128
21946058,1789961760,0.000101684369243
21946122,1789961793,0.000102163581437
21946123,1789961793,0.000102116074225
21946249,1789961857,0.000102314031431
21946272,1789961869,0.00010431348283
21946272,1789961869,0.000104131142634
21946273,1789961870,0.000104121279689
21946274,1789961870,0.000104118081451
21946586,1789962028,0.000104491763909
21947141,1789962310,0.000103312731338
21947254,1789962368,9.7888347815e-05
21947256,1789962368,9.7903963168e-05
21947483,1789962483,9.79396625726e-05
21947833,1789962661,9.80666739643e-05
21947908,1789962699,9.72112461237e-05
21947909,1789962699,9.63696103211e-05
21947910,1789962700,9.63791771488e-05
21947980,1789962736,9.60526078594e-05
21948452,1789962975,9.61187086264e-05
21948452,1789962975,9.64151631194e-05
21948453,1789962976,9.64203128782e-05
21948454,1789962976,9.64287956075e-05
21948470,1789962984,9.67297068075e-05
21948470,1789962984,9.67980711134e-05
21948471,1789962985,9.68084746703e-05
21948472,1789962985,9.68330663039e-05
21948473,1789962986,9.68379318999e-05
21948492,1789962995,9.68885555818e-05
21948493,1789962996,9.69218057617e-05
21948676,1789963089,9.71987722327e-05
21948677,1789963089,9.72015405188e-05
21949217,1789963363,9.78347058131e-05
21950068,1789963795,0.000101776353214
21950139,1789963831,0.000102075864095
21950140,1789963831,0.000102065603525
21950253,1789963889,0.00010226551188
21950607,1789964068,0.000101400170305
21950889,1789964211,0.000101358103738
21950922,1789964228,0.000104835609254
21950923,1789964229,0.000104817446215
21951079,1789964308,0.000105677618867
21951081,1789964309,0.000105672403475
21951157,1789964347,0.00010519524804
21951578,1789964561,0.000105296482278
21951651,1789964598,0.0001042582985
21951700,1789964623,0.000104344297559
21951751,1789964649,0.000104204901566
21952324,1789964939,0.000103906110611
21952326,1789964940,0.000103911150774
21952785,1789965173,0.000102917519315
21952787,1789965174,0.000102922535444
21953887,1789965732,0.000102992774085
21953955,1789965767,0.000102879553518
21954463,1789966025,0.000102831832162
21954967,1789966280,9.94527379706e-05
21954968,1789966281,9.94724625906e-05
21954970,1789966282,9.94773940512e-05
21955340,1789966469,9.84942405837e-05
21955342,1789966471,9.84991477365e-05
21955406,1789966503,9.77712617987e-05
21955407,1789966503,9.7778414914e-05
21955423,1789966512,9.7635497711e-05
21955661,1789966632,9.76452692616e-05
21955725,1789966665,9.76940121708e-05
21955866,1789966736,9.8470658564e-05
21955982,1789966795,9.94027591491e-05
21956146,1789966878,9.95011304188e-05
21956149,1789966880,9.95995503397e-05
21956159,1789966885,9.96980189117e-05
21956428,1789967021,9.99944581818e-05
21956529,1789967073,9.98946532054e-05
21956596,1789967107,0.000100749276626
21956620,1789967119,0.000100772431482
21957159,1789967392,0.000101090346991
21957311,1789967469,0.000102359664333
21957391,1789967510,0.000103352546507
21957393,1789967511,0.000103342186535
21957394,1789967512,0.000104339811058
21957395,1789967512,0.000104329451867
21958057,1789967848,0.000104330565133
21958434,1789968039,0.0001053405496
21958436,1789968040,0.000105335351009
21958694,1789968171,9.81030227613e-05
21958695,1789968172,9.81226130851e-05
21958781,1789968215,9.82692352441e-05
21958810,1789968230,9.84634298323e-05
21960695,1789969186,0.000100227249838
21960918,1789969299,0.00010210191455
21960977,1789969329,0.000102211859489
21961026,1789969354,0.000103214072621
21961028,1789969355,0.000103208917425
21961520,1789969605,0.00010350916243
21961559,1789969624,0.000103752656032
21961790,1789969742,0.000104255642928
21961791,1789969742,0.00010424686792
21961850,1789969772,0.00010458032587
21961904,1789969800,0.000104600552556
21962320,1789970011,0.000104610646403
21962341,1789970021,0.000104620740738
21962450,1789970077,0.000104635883154
21962480,1789970092,0.000104636892687
21962690,1789970199,0.000105138213357
21962706,1789970206,0.000105339077082
21962966,1789970338,0.000110300188536
21962967,1789970339,0.000110288528188
21963084,1789970398,0.000110791753965
21963524,1789970621,0.00011104952259
21963539,1789970629,0.000111486537174
21963576,1789970648,0.000111849358317
21963638,1789970679,0.000112677098164
21963757,1789970740,0.000115049293598
21963758,1789970740,0.000115045500125
21963831,1789970777,0.000115255610215
21963832,1789970778,0.000115225542692
21963933,1789970829,0.000115646283098
21963934,1789970829,0.000115615659069
21963956,1789970841,0.000115668830335
21963958,1789970842,0.000118063991742
21963959,1789970842,0.000117924472618
21963959,1789970842,0.000117902214298
21963960,1789970843,0.000117862255345
21963984,1789970855,0.00012110501091
21963985,1789970855,0.000120863825137
21963986,1789970856,0.000120832978286
21963987,1789970856,0.000120827284847
21963987,1789970856,0.000120508821929
21963988,1789970857,0.000120504892224
21964091,1789970909,0.000137338904597
21964092,1789970910,0.000137140477489
21964092,1789970910,0.000137106305804
21964094,1789970911,0.000137102078053
21964103,1789970915,0.000137140873427
21964105,1789970916,0.000136375324532
21964116,1789970922,0.000135912961942
21964280,1789971005,0.00014396367097
21964281,1789971005,0.000143876065329
21964281,1789971005,0.000143846679246
21964282,1789971006,0.000143824434293
21964283,1789971006,0.000143817310421
21964305,1789971018,0.000144640325061
21964326,1789971028,0.000146430924406
21964327,1789971029,0.000146321518272
21964327,1789971029,0.00014627280026
21964328,1789971029,0.000146255777445
21964329,1789971030,0.00014625467712
21964348,1789971039,0.000147266191736
21964349,1789971040,0.000147193086259
21964400,1789971066,0.000147657613272
21964401,1789971066,0.000147653627357
21964402,1789971067,0.000147641324653
21964454,1789971093,0.000151998697048
21964455,1789971094,0.000151757996665
21964456,1789971094,0.000151707592717
21964457,1789971095,0.000151681809007
21964458,1789971096,0.000151675551996
21964463,1789971098,0.000152137542839
21964467,1789971100,0.000152108731196
21964469,1789971101,0.000153112546589
21964470,1789971101,0.000153094749193
21964472,1789971102,0.000153082222721
21964494,1789971114,0.000152520697481
21964494,1789971114,0.000152378892849
21964614,1789971174,0.000151658116182
21964637,1789971186,0.000151471730947
21964652,1789971194,0.000151285689097
21964674,1789971205,0.000151173604596
21964689,1789971212,0.000139612593154
21964690,1789971213,0.000139665509601
21964702,1789971219,0.00012975774372
21964703,1789971220,0.00013039128512
21964703,1789971220,0.000130432150429
21964703,1789971220,0.000130441828013
21964704,1789971220,0.000130501324799
21964705,1789971221,0.0001305201691
21964763,1789971250,0.000138137026266
21964764,1789971251,0.000138125020907
21964832,1789971285,0.000135272171826
21964858,1789971298,0.000135295175724
21964860,1789971299,0.000135300927004
21964881,1789971310,0.000132534681031
21964882,1789971310,0.00013255057607
21964914,1789971327,0.000132777807533
21964959,1789971349,0.000127591281753
21964960,1789971350,0.000127790307596
21964960,1789971350,0.000127807335053
21964961,1789971350,0.000127839633732
21964961,1789971350,0.000127858913421
21964962,1789971351,0.000127859796123
21964963,1789971351,0.000127865387136
21964977,1789971359,0.000126725855319
21964978,1789971359,0.000126801913919
21964979,1789971360,0.000126814676569
21964980,1789971360,0.000126820244685
21965063,1789971402,0.000127153719018
21965074,1789971408,0.000121810188428
21965075,1789971408,0.00012216153119
21965075,1789971408,0.000122220960478
21965076,1789971409,0.000122252073003
21965077,1789971409,0.000122255714752
21965212,1789971478,0.00012263870799
21965337,1789971541,0.000125912785568
21965417,1789971582,0.000126301460445
21965520,1789971634,0.000126802065404
21965657,1789971704,0.00012691233137
21965750,1789971751,0.000127516791932
21965753,1789971752,0.000127520848322
21965779,1789971765,0.000133817237502
21965780,1789971766,0.000133769315183
21965835,1789971794,0.000133940506191
21965845,1789971799,0.000135340132192
21965846,1789971799,0.000135329287364
21965893,1789971823,0.000140834717054
21965894,1789971824,0.000140423013169
21965895,1789971824,0.000140386989243
21965896,1789971825,0.000140354762506
21965896,1789971825,0.000140338154567
21965897,1789971825,0.000140332996251
21965920,1789971837,0.000140316392175
21965920,1789971837,0.000142468007648
21965922,1789971838,0.000142443724635
21965923,1789971838,0.000142429353521
21965924,1789971839,0.000142386132539
21965942,1789971848,0.000140039559069
21965979,1789971867,0.000141112080393
21965980,1789971867,0.000141370635026
21966009,1789971882,0.00014244823012
21966068,1789971912,0.000140765054617
21966081,1789971919,0.000143969898159
21966082,1789971919,0.000143948522725
21966083,1789971920,0.000143937860091
21966084,1789971920,0.000143934062522
21966135,1789971946,0.000144527584017
21966185,1789971971,0.000144680628468
21966253,1789972006,0.00014471595792
21966357,1789972059,0.000143309413664
21966416,1789972089,0.000149154041364
21966417,1789972089,0.000149088085891
21966418,1789972090,0.000149051883474
21966419,1789972090,0.000149046518153
21966420,1789972091,0.000149045228264
21966421,1789972091,0.000149020552605
21966563,1789972163,0.000153876119513
21966564,1789972164,0.000153507824446
21966564,1789972164,0.000153428215703
21966565,1789972164,0.000153397460696
21966566,1789972165,0.000153392902877
21966621,1789972193,0.000160514959626
21966622,1789972193,0.000159871495566
21966622,1789972193,0.000159850054398
21966623,1789972194,0.00015979293874
21966624,1789972194,0.000159768746911
21966625,1789972195,0.000159762013823
21966634,1789972200,0.000159713343836
21966645,1789972205,0.000159664696085
21966713,1789972239,0.000161795994292
21966714,1789972240,0.000161771383932
21966715,1789972240,0.000161757430741
21966724,1789972245,0.000161756156059
21966741,1789972254,0.000164781115913
21966742,1789972254,0.000164536615522
21966742,1789972254,0.00016447842653
21966743,1789972255,0.000164459377241
21966744,1789972255,0.000164454459164
21966754,1789972260,0.000164413793479
21966773,1789972270,0.000159298284537
21966811,1789972289,0.000160736597633
21966835,1789972301,0.000160716243882
21966919,1789972344,0.000155773925551
21966920,1789972344,0.000155790999535
21966924,1789972346,0.000156928401685
21966983,1789972376,0.000150463426038
21966984,1789972377,0.000150498796241
21967025,1789972398,0.000157847083746
21967027,1789972399,0.000157834361059
21967076,1789972424,0.000162426772253
21967078,1789972425,0.000162396138869
21967133,1789972452,0.000162360224008
21967243,1789972508,0.00016084990776
21967258,1789972516,0.000160692588688
21967319,1789972547,0.000160498854035
21967445,1789972611,0.000160427378351
21967604,1789972691,0.000161074133737
21967646,1789972713,0.000162328480458
21967647,1789972713,0.000162315740486
21967729,1789972755,0.000161337592966
21967749,1789972765,0.000160237869486
21968028,1789972907,0.000159631763803
21968103,1789972945,0.000159532538739
21968110,1789972948,0.000153637538893
21968111,1789972949,0.000153654932487
21968141,1789972964,0.0001325777584
21968142,1789972964,0.000132706495261
21968142,1789972964,0.000133032776639
21968142,1789972964,0.000133180482374
21968143,1789972965,0.000133185335908
21968148,1789972967,0.000133191042168
21968222,1789973005,0.000133532784458
21968232,1789973010,0.00013171397211
21968234,1789973011,0.000131725321539
21968270,1789973029,0.000132633037893
21968290,1789973039,0.000133315528018
21968303,1789973046,0.000133359516053
21968305,1789973047,0.000133530526133
21968379,1789973085,0.000133987088714
21968446,1789973119,0.000134021431008
21968493,1789973142,0.000139993379603
21968494,1789973143,0.000139983447609
21968578,1789973185,0.000140100179764
21968700,1789973247,0.000142450940905
21968701,1789973248,0.000142433736418
21968816,1789973306,0.000144803913145
21968817,1789973307,0.000144792261118
21968990,1789973395,0.000144271570725
21969090,1789973445,0.000144508750715
21969121,1789973461,0.000142145787541
21969172,1789973487,0.000142108275869
21969242,1789973522,0.000144462946152
21969333,1789973569,0.000145220880917
21969335,1789973569,0.000145214772388
21969892,1789973852,0.000144917676078
21970256,1789974037,0.000144667068404
21970344,1789974081,0.000146442331704
21970345,1789974082,0.000146432210991
21970637,1789974230,0.000148835289567
21970638,1789974231,0.000148711629548
21970639,1789974231,0.000148695677337
21970804,1789974315,0.000140250620158
21970805,1789974315,0.000140269908648
21970916,1789974372,0.000140281591609
21970936,1789974382,0.000140340013715
21970989,1789974409,0.000140632453275
21970994,1789974411,0.000140366292
21971038,1789974434,0.000141408861223
21971149,1789974490,0.000141420503319
21971755,1789974797,0.0001406604168
21973048,1789975453,0.000138929174299
21973048,1789975453,0.000139161923281
21973050,1789975454,0.000139167756167
21973218,1789975540,0.000141305253727
21973562,1789975714,0.000141654597112
21974146,1789976010,0.000141665084077
21974157,1789976016,0.000141654597112
21974304,1789976091,0.000140940505595
21974663,1789976273,0.000134141090963
21974664,1789976273,0.000134175452986
21974855,1789976370,0.000134186879334
21975335,1789976614,0.00013447269614
21975548,1789976722,0.000129600946422
21975549,1789976722,0.000129843614394
21975550,1789976723,0.000129872828352
21975551,1789976723,0.000129902117023
21975552,1789976724,0.000129903036897
21975614,1789976755,0.00012847946731
21975615,1789976756,0.00012849645813
21975621,1789976759,0.00012850588389
21975622,1789976759,0.00012850926878
21975889,1789976895,0.000128690236992
21975919,1789976910,0.000128740768512
21976130,1789977017,0.000124595181062
21976131,1789977017,0.000124641894461
21976132,1789977018,0.000124735060246
21976132,1789977018,0.000124768398233
21976133,1789977018,0.00012477207727
21976258,1789977082,0.000127119184984
21976281,1789977093,0.000129535737062
21976282,1789977094,0.00012952996232
21976290,1789977098,0.000129698415479
21976365,1789977136,0.000131086866417
21976366,1789977137,0.00013107522144
21976431,1789977170,0.000128442338224
21976539,1789977224,0.000128721973493
21976583,1789977247,0.000130401292173
21976609,1789977260,0.000131515638114
21976656,1789977284,0.000132080228814
21976658,1789977285,0.000132074395835
21976895,1789977405,0.000131497043002
21977030,1789977474,0.000127488251421
21977326,1789977624,0.000127026307841
21977626,1789977776,0.000127037425619
21977824,1789977876,0.000128375763297
21977964,1789977947,0.000129397392106
21978153,1789978043,0.000129847740773
21978414,1789978176,0.000130186015674
21978707,1789978324,0.00012985887169
21978774,1789978358,0.000133254718896
21978775,1789978359,0.00013324395762
21978820,1789978382,0.000133301038284
21978850,1789978397,0.000133870109579
21979110,1789978529,0.000134053239364
21980720,1789979346,0.00013398828214
21980938,1789979456,0.000134192753236
21981554,1789979769,0.000136481184581
21981640,1789979812,0.000136763217078
21981841,1789979914,0.000136586587822
21982365,1789980180,0.000136564451177
21982419,1789980207,0.000136606785064
21982488,1789980242,0.000136664581468
21982535,1789980266,0.000136601990665
21982535,1789980266,0.000135988365951
21982562,1789980280,0.00013200606077
21982827,1789980414,0.000131929550305
21982856,1789980429,0.000131952328724
21983307,1789980658,0.000131978009087
21984192,1789981107,0.000131446473904
21984361,1789981192,0.000130199937824
21984362,1789981193,0.000130212012328
21984424,1789981224,0.000129679343026
21984614,1789981321,0.000128329464212
21984615,1789981321,0.000128342077623
21984684,1789981356,0.000128597547568
21984712,1789981370,0.000127144667225
21984932,1789981482,0.000125834070251
21984933,1789981483,0.000125850896128
21985019,1789981526,0.000125698118706
21985020,1789981527,0.000125731731649
21985043,1789981538,0.000125787041419
21985046,1789981540,0.000126338935643
21985166,1789981601,0.000126394378793
21985194,1789981615,0.000125673943822
21985264,1789981651,0.000125893540694
21985268,1789981653,0.000126336644015
21985274,1789981656,0.000126381134125
21985451,1789981745,0.000126492051104
21985506,1789981773,0.000121053701548
21985507,1789981774,0.00012109344645
21985507,1789981774,0.000121136344092
21985508,1789981774,0.000121142423133
21985508,1789981774,0.000122121523371
21985524,1789981782,0.000122016977758
21985587,1789981814,0.00012212596326
21985605,1789981824,0.000122590236721
21985718,1789981881,0.000121915135178
21985732,1789981888,0.00012154218467
21985796,1789981920,0.00012165095797
21986139,1789982094,0.000122239174482
21986219,1789982135,0.000122347985693
21986486,1789982270,0.00012289002724
21986583,1789982320,0.00012294470847
21986614,1789982335,0.000123492189727
21987111,1789982588,0.000123920069449
21987272,1789982670,0.00012397497934
21987431,1789982750,0.000123562359473
21987556,1789982813,0.000123617190063
21987630,1789982851,0.000124437153071
21987791,1789982933,0.000124567474231
21987806,1789982940,0.00012381376128
21987856,1789982966,0.0001238137544
21987894,1789982985,0.000123868640733
21988450,1789983267,0.000126517488206
21989699,1789983901,0.000126573109585
21989767,1789983935,0.000126517651554
21990114,1789984111,0.000126479919519
21990588,1789984352,0.000127572164861
21990652,1789984384,0.000127284793853
21990709,1789984413,0.000127273175792
21991129,1789984626,0.000125971591231
21991537,1789984833,0.000126191447884
21991960,1789985048,0.000126521592281
21992202,1789985171,0.000126891910165
21992348,1789985244,0.000127498217716
21992352,1789985246,0.000127777837684
21992360,1789985251,0.000127856180848
21992362,1789985252,0.000127998273009
21992466,1789985304,0.0001291082769
21992467,1789985305,0.000129096725609
21993197,1789985675,0.000130219935306
21993198,1789985676,0.000130181274389
21993299,1789985727,0.000129510918286
21993805,1789985984,0.000128956876313
21994440,1789986306,0.000129638855737
21994688,1789986432,0.000129513612457
21995230,1789986707,0.000130075513257
21995570,1789986879,0.000125279831848
21995743,1789986967,0.000124979378493
21995826,1789987009,0.000124700718833
21995870,1789987031,0.000119548266275
21995871,1789987032,0.000119586628002
21995872,1789987032,0.000119605132088
21995993,1789987094,0.000119637579074
21996491,1789987346,0.00011853590777
21996492,1789987347,0.000118548867747
21996511,1789987357,0.00011825489429
21996525,1789987364,0.00011826379551
21996588,1789987396,0.00011955650244
21996679,1789987442,0.000118458169509
21998338,1789988284,0.000118544288753
21998424,1789988327,0.000122322291666
21998661,1789988447,0.000122679647259
21998883,1789988560,0.000122929174925
21999026,1789988633,0.000124017025042
21999178,1789988710,0.000124052315167
21999338,1789988791,0.000124908443775
21999474,1789988860,0.000127658813236
21999886,1789989069,0.000127673338695
22000619,1789989441,0.000127066945985
22000910,1789989588,0.00012592830166
22001381,1789989827,0.000125646464127
22001460,1789989867,0.000125681430945
22001580,1789989928,0.0001259365389
22001676,1789989977,0.000126189355421
22002157,1789990221,0.000126356039727
22002422,1789990355,0.000126241219734
22002517,1789990404,0.000126242319716
22002703,1789990498,0.000124819633361
22002784,1789990539,0.000125082275805
22003401,1789990852,0.000125477349228
22003510,1789990907,0.000125197023396
22006294,1789992320,0.00012491763592
22006775,1789992564,0.000124974392467
22006952,1789992654,0.000125029120772
22007037,1789992697,0.000126137308885
22007095,1789992726,0.000126637588746
22007411,1789992887,0.000126737763545
22007489,1789992926,0.00012679287656
22007590,1789992977,0.000132274588039
22007591,1789992978,0.000132262798106
22007653,1789993009,0.000132353796194
22007679,1789993022,0.000133617086288
22007680,1789993023,0.00013360762705
22007685,1789993026,0.000133950761403
22007837,1789993103,0.000136244952547
22007838,1789993103,0.000136226539801
22007892,1789993131,0.000137371590072
22007950,1789993160,0.000140870703242
22007951,1789993161,0.000140567613583
22007952,1789993161,0.000140527316233
22007953,1789993162,0.000140492200221
22008038,1789993205,0.000143238025148
22008038,1789993205,0.000143546339305
22008038,1789993205,0.000143951582855
22008040,1789993206,0.000143962383295
22008067,1789993219,0.000146913983828
22008072,1789993222,0.000148108374148
22008093,1789993233,0.000148168554215
22008123,1789993248,0.000150585575125
22008154,1789993264,0.000153022357832
22008155,1789993264,0.000152997275444
22008191,1789993282,0.000153057828876
22008196,1789993285,0.000162190921132
22008197,1789993285,0.000161957877446
22008197,1789993285,0.000161882300829
22008241,1789993308,0.000156770404952
22008283,1789993329,0.000156632463239
22008334,1789993355,0.000151142540537
22008335,1789993356,0.000151180292577
22008384,1789993380,0.000151035206667
22008404,1789993390,0.000144462638447
22008405,1789993391,0.00014450701033
22008406,1789993391,0.000144543348315
22008596,1789993488,0.000150284442617
22008645,1789993513,0.000150644707764
22008667,1789993524,0.000150347363071
22008848,1789993616,0.000147217237943
22008876,1789993630,0.000143896529635
22008950,1789993667,0.000215090529696
22008951,1789993668,0.000212721654043
22008951,1789993668,0.000212164072241
22008951,1789993668,0.000211824949449
22008951,1789993668,0.000211151841434
22008952,1789993668,0.000209627729127
22008952,1789993668,0.000209625160095
22008954,1789993669,0.000207817941636
22008954,1789993669,0.000206329719103
22008965,1789993675,0.000204394182646
22008969,1789993677,0.000203268220446
22008969,1789993677,0.000202627074152
22008978,1789993682,0.000201598905867
22008978,1789993682,0.000199947834982
22008979,1789993682,0.000199989769034
22008980,1789993683,0.000199542929289
22008983,1789993684,0.000201622724694
22009000,1789993693,0.000200794496821
22009027,1789993706,0.000201465989722
22009039,1789993712,0.000201520401926
22009040,1789993713,0.00020149182958
22009041,1789993714,0.000200254210586
22009041,1789993714,0.000198278482747
22009052,1789993719,0.000199313741185
22009062,1789993724,0.00019928563684
22009070,1789993728,0.000199347498137
22009077,1789993732,0.000199417315295
22009083,1789993735,0.000199332954379
22009083,1789993735,0.00019849228139
22009096,1789993741,0.000198201448542
22009100,1789993744,0.000197337622539
22009102,1789993744,0.000197351312418
22009124,1789993756,0.000197282577331
22009133,1789993760,0.000194670636481
22009134,1789993761,0.000194688667551
22009152,1789993770,0.000195163372551
22009262,1789993826,0.000194739652337
22009272,1789993831,0.000187015867028
22009273,1789993831,0.000187066656605
22009308,1789993849,0.000185097810251
22009309,1789993849,0.000185111068786
22009349,1789993870,0.000185189992255
22009380,1789993885,0.000185230366315
22009383,1789993887,0.000182284523745
22009384,1789993887,0.000182453409353
22009385,1789993888,0.000182489031028
22009385,1789993888,0.000182517219663
22009395,1789993893,0.000173607349859
22009395,1789993893,0.00017275884176
22009395,1789993893,0.000173438847431
22009396,1789993894,0.000173545630897
22009396,1789993894,0.000173578179865
22009397,1789993894,0.000173604307355
22009399,1789993895,0.000173605776813
22009472,1789993932,0.000180877203745
22009477,1789993935,0.000181820824922
22009484,1789993938,0.000187139549667
22009485,1789993939,0.000187094382564
22009503,1789993948,0.000190457118347
22009504,1789993948,0.000190433684786
22009508,1789993951,0.000177660251722
22009510,1789993951,0.000177697719865
22009514,1789993953,0.000178633035375
22009525,1789993959,0.000179943904684
22009670,1789994033,0.000177924398204
22009799,1789994098,0.000178159533385
22009819,1789994108,0.000178300444964
22009829,1789994113,0.000177908022319
22010016,1789994208,0.000177963404396
22010109,1789994255,0.000175947973877
22010110,1789994256,0.000175961525151
22010114,1789994258,0.000171996286815
22010115,1789994258,0.000172022866528
22010116,1789994259,0.000172041423601
22010116,1789994259,0.000172098901398
22010127,1789994264,0.000170848688207
22010128,1789994265,0.000170937942286
22010293,1789994349,0.000174049526449
22010412,1789994409,0.000171778370862
22010435,1789994421,0.000160125466725
22010435,1789994421,0.000160997037138
22010435,1789994421,0.000161145680118
22010436,1789994421,0.000161216211528
22010437,1789994422,0.000161219907556
22010445,1789994426,0.000161226123554
22010484,1789994446,0.000158591612561
22010485,1789994446,0.000158649802205
22010485,1789994446,0.000158667477238
22010532,1789994470,0.000159028195281
22010583,1789994496,0.000160957418508
22010595,1789994502,0.000162214460275
22010687,1789994549,0.000164081423265
22010690,1789994550,0.000167231515295
22010691,1789994551,0.000167215608438
22010742,1789994576,0.000180114888961
22010743,1789994577,0.000180020905016
22010743,1789994577,0.000179829215588
22010745,1789994578,0.00018250365718
22010746,1789994578,0.000182311499078
22010747,1789994579,0.000182287078978
22010748,1789994579,0.000182271401333
22010784,1789994598,0.000182456490692
22010873,1789994643,0.000183781289119
22010874,1789994643,0.000183671533932
22010875,1789994644,0.000183654487079
22010877,1789994645,0.000182140731147
22010956,1789994685,0.000184393793739
22010957,1789994686,0.000184340708629
22010958,1789994686,0.000184152745506
22010958,1789994686,0.000184138619635
22010986,1789994700,0.000189399278735
22010986,1789994700,0.000189089097858
22010987,1789994701,0.000189020512288
22010989,1789994702,0.000188987299208
22010990,1789994702,0.000188924732388
22010991,1789994703,0.000188922054246
22011066,1789994741,0.000189340749985
22011066,1789994741,0.000189475451934
22011066,1789994741,0.000189852077237
22011067,1789994741,0.000189865851081
22011187,1789994802,0.000189892831755
22011191,1789994805,0.000189345116334
22011202,1789994810,0.000188326009803
22011239,1789994829,0.000180949394127
22011240,1789994829,0.000181375318634
22011240,1789994829,0.000181403854503
22011241,1789994830,0.000181431418048
22011252,1789994835,0.000179014750137
22011252,1789994835,0.000179030796457
22011253,1789994836,0.00017918489335
22011400,1789994910,0.000177992931729
22011401,1789994911,0.000178079306621
22011495,1789994959,0.000177842169399
22011507,1789994965,0.000180484156494
22011568,1789994996,0.000180616767199
22011732,1789995079,0.000180669286803
22011735,1789995081,0.000188096569562
22011737,1789995081,0.00018762769606
22011772,1789995099,0.000188984697621
22011927,1789995178,0.000191707892482
22011928,1789995178,0.000191679750384
22011945,1789995187,0.000188809258195
22011950,1789995189,0.000191501873891
22012072,1789995251,0.000191844144172
22012210,1789995321,0.000189217217018
22012211,1789995322,0.000189242490851
22012239,1789995336,0.000189257190024
22012273,1789995353,0.000189297097546
22012300,1789995367,0.000189973992403
22012530,1789995484,0.000200944731198
22012531,1789995484,0.000200914701868
22012560,1789995499,0.00020651513438
22012561,1789995499,0.000206251802408
22012561,1789995499,0.00020624387987
22012562,1789995500,0.000206206417133
22012562,1789995500,0.000206132593333
22012675,1789995557,0.000207543424225
22012676,1789995558,0.000207445541815
22012681,1789995560,0.000207442795399
22012697,1789995568,0.000208866670176
22012698,1789995569,0.000208762076677
22012699,1789995569,0.000208744593627
22012701,1789995570,0.000208714471239
22012709,1789995575,0.00021880919643
22012709,1789995575,0.000218135426628
22012710,1789995575,0.000217983625962
22012710,1789995575,0.000217951348786
22012711,1789995576,0.000217917829668
22012712,1789995576,0.00021791606969
22012713,1789995577,0.000217913259637
22012748,1789995594,0.000217881131096
22012772,1789995607,0.000217849009659
22012806,1789995624,0.000218572098521
22012810,1789995626,0.000219025552142
22012825,1789995633,0.00021887806301
22012829,1789995635,0.000219312795202
22012829,1789995635,0.000219530323035
22012830,1789995636,0.000219823460215
22012831,1789995636,0.000219808978169
22012840,1789995641,0.000219810429637
22012847,1789995645,0.000221264295834
22012863,1789995653,0.000221965060544
22012863,1789995653,0.000224385639276
22012874,1789995659,0.000226785791793
22012877,1789995660,0.000226800654377
22012887,1789995665,0.000226949604952
22012899,1789995671,0.000228438810681
22012905,1789995674,0.000231407762518
22012922,1789995683,0.000249032496148
22012922,1789995683,0.000248876965382
22012923,1789995683,0.000248859549327
22012923,1789995683,0.000248853240561
22012924,1789995684,0.000248015980868
22012924,1789995684,0.000244486196482
22012927,1789995685,0.000242322699885
22012938,1789995691,0.000241478716935
22012953,1789995698,0.000246670589197
22012954,1789995699,0.000246655915481
22012959,1789995702,0.000239359533792
22012962,1789995703,0.000239322547626
22013000,1789995722,0.0002478482859
22013001,1789995723,0.000247801513691
22013016,1789995730,0.000240149295757
22013036,1789995740,0.000241668828171
22013055,1789995750,0.000241457349133
22013059,1789995752,0.000239594309621
22013074,1789995760,0.00024035834896
22013079,1789995762,0.000243250812286
22013090,1789995768,0.000242193181707
22013114,1789995780,0.000238471700108
22013147,1789995797,0.000238884685756
22013153,1789995800,0.000240392628745
22013156,1789995801,0.000236562409265
22013160,1789995803,0.000236713009591
22013174,1789995810,0.00023666359632
22013183,1789995815,0.000235610601745
22013192,1789995820,0.000235305332713
22013194,1789995821,0.00023986405295
22013195,1789995821,0.00023984172818
22013205,1789995826,0.000244609077546
22013206,1789995827,0.000244575576574
22013208,1789995828,0.000244730252932
22013223,1789995835,0.000237218769012
22013235,1789995841,0.000237710923066
22013252,1789995850,0.000237401831262
22013260,1789995854,0.000237705900632
22013282,1789995866,0.000235881718947
22013335,1789995892,0.000235917630233
22013344,1789995897,0.000236182182675
22013346,1789995898,0.000232644957801
22013347,1789995898,0.000232667045324
22013355,1789995902,0.000231662131125
22013380,1789995915,0.000232109372709
22013388,1789995919,0.000230353271125
22013389,1789995920,0.000230368928024
22013427,1789995939,0.000230519045561
22013528,1789995990,0.000227935134482
22013572,1789996012,0.000225336834894
22013631,1789996042,0.00022515462733
22013656,1789996055,0.00022516419985
22013841,1789996149,0.000224877606135
22013848,1789996152,0.000225025923992
22013853,1789996155,0.000225246266228
22013886,1789996172,0.000225513492284
22013931,1789996194,0.000225564547585
22013944,1789996201,0.000221362047616
22013945,1789996202,0.000221390362576
22014047,1789996254,0.000221623492254
22014060,1789996260,0.0002231238779
22014116,1789996288,0.000223286392924
22014166,1789996314,0.000224005382701
22014230,1789996346,0.000214822060878
22014230,1789996346,0.000215165807099
22014231,1789996347,0.000215207289208
22014232,1789996347,0.000215208807843
22014233,1789996348,0.000215214242229
22014234,1789996348,0.000215217096834
22014268,1789996366,0.000215941257458
22014302,1789996383,0.000199373604228
22014303,1789996383,0.000199876873734
22014304,1789996384,0.000200016705537
22014304,1789996384,0.00020002444479
22014312,1789996388,0.000200170243824
22014312,1789996388,0.000200378283796
22014313,1789996388,0.000200385363882
22014533,1789996500,0.000194198130298
22014534,1789996500,0.000194247600578
22014535,1789996501,0.000194272415121
22014536,1789996501,0.000194276934257
22014537,1789996502,0.000194278121491
22014549,1789996508,0.000192211623466
22014550,1789996508,0.000192330168081
22014551,1789996509,0.00019235359026
22014552,1789996509,0.000192366766525
22014576,1789996522,0.000181895627445
22014577,1789996522,0.000182018365533
22014577,1789996522,0.000182037621459
22014578,1789996523,0.000182077431771
22014629,1789996548,0.000194732757639
22014630,1789996549,0.000194683952349
22014631,1789996549,0.000194556560002
22014638,1789996553,0.000194831835859
22014640,1789996554,0.0001955156916
22014641,1789996555,0.00019544479073
22014649,1789996559,0.000198191697812
22014649,1789996559,0.000197839166512
22014650,1789996559,0.000197817124479
22014667,1789996568,0.000197599585444
22014667,1789996568,0.000195375424653
22014667,1789996568,0.000195267439201
22014667,1789996568,0.000194965880556
22014812,1789996642,0.000196335260096
22014822,1789996646,0.000199513483404
22014822,1789996646,0.000200101080871
22014822,1789996646,0.000200152265258
22014823,1789996647,0.00020017137542
22014824,1789996647,0.000200966237084
22014855,1789996663,0.000201387020587
22014863,1789996667,0.000202778728357
22014873,1789996672,0.00020282097613
22014884,1789996678,0.000199260668208
22014884,1789996678,0.000198904769744
22014937,1789996705,0.000199002408598
22015037,1789996755,0.000200385866495
22015046,1789996760,0.000200665934794
22015128,1789996802,0.000200765709781
22015129,1789996802,0.000200779518054
22015299,1789996888,0.000200894618353
22015300,1789996889,0.000201004837267
22015301,1789996889,0.00020101039681
22015302,1789996890,0.000201023866303
22015315,1789996896,0.000209495725964
22015319,1789996899,0.000212339321352
22015319,1789996899,0.000212315365182
22015329,1789996904,0.000209995126536
22015343,1789996911,0.000210278961061
22015351,1789996915,0.00021171251984
22015365,1789996922,0.000213150948614
22015370,1789996924,0.000214594247385
22015371,1789996925,0.000214578190213
22015372,1789996925,0.000220866412129
22015373,1789996926,0.000220822220046
22015375,1789996927,0.000220820694756
22015417,1789996948,0.0002210823143
22015480,1789996980,0.000219446671865
22015637,1789997060,0.000219486247056
22015638,1789997060,0.000218563468873
22015648,1789997065,0.000218583773141
22015670,1789997077,0.00021540385736
22015676,1789997080,0.00021543151845
22015827,1789997156,0.000210335737103
22015828,1789997157,0.000210383764801
22015835,1789997160,0.000213255743489
22015872,1789997179,0.000216277765403
22015882,1789997184,0.000222532211302
22015883,1789997185,0.000222489511651
22015886,1789997186,0.00022322173247
22015887,1789997187,0.000223338762974
22015908,1789997197,0.000224810829842
22015909,1789997198,0.000224794559029
22015922,1789997204,0.000225970729816
22016060,1789997274,0.000225310373721
22016063,1789997276,0.000223975553917
22016064,1789997277,0.000223995512656
22016067,1789997278,0.000231441701359
22016080,1789997285,0.000229693157263
22016101,1789997295,0.000230123643539
22016121,1789997306,0.000228389987017
22016123,1789997306,0.000229584730468
22016134,1789997312,0.000229715904363
22016145,1789997318,0.000230015012674
22016208,1789997350,0.000226346391283
22016216,1789997354,0.000226644042893
22016223,1789997357,0.000222928857204
22016242,1789997367,0.000223718613487
22016300,1789997396,0.000224708841681
22016318,1789997405,0.00022442450648
22016405,1789997450,0.000224869158323
22016509,1789997502,0.000224617406757
22016634,1789997566,0.000216826096794
22016635,1789997566,0.000216873851614
22016646,1789997572,0.000205755172699
22016647,1789997572,0.000205828129151
22016648,1789997573,0.000206007545075
22016659,1789997578,0.00021854095745
22016660,1789997579,0.000218507926267
22016665,1789997582,0.000217356714578
22016760,1789997630,0.000209267148502
22016784,1789997642,0.000209037587155
22016917,1789997709,0.000209714850283
22016939,1789997720,0.000216863484858
22016969,1789997736,0.000210744240094
22017026,1789997765,0.000209224530856
22017073,1789997789,0.00020904869689
22017254,1789997880,0.000205118414278
22017255,1789997881,0.000205153309939
22017262,1789997884,0.000205143193936
22017279,1789997893,0.00020527068721
22017405,1789997957,0.000203134341716
22017406,1789997957,0.0002031672672
22017406,1789997957,0.000203171961901
22017407,1789997958,0.000203185292282
22017408,1789997958,0.000199404373986
22017409,1789997959,0.000199544040442
22017415,1789997962,0.000199568558994
22017416,1789997963,0.000199571196981
22017446,1789997978,0.000201651139313
22017504,1789998007,0.000202596852744
22017541,1789998026,0.00020275132605
22017625,1789998069,0.000202843675689
22017723,1789998118,0.000201384620253
22017724,1789998119,0.000201397394789
22017736,1789998125,0.000193153205759
22017738,1789998126,0.000193290665954
22017738,1789998126,0.000193356792097
22017739,1789998126,0.000193358104955
22017789,1789998152,0.000189295226804
22017790,1789998152,0.000189344304617
22017791,1789998153,0.000189359007744
22017792,1789998153,0.000189361449851
22017813,1789998164,0.000188986815459
22017886,1789998201,0.000187288397122
22017887,1789998201,0.000187313320658
22017888,1789998202,0.000187327218996
22017891,1789998203,0.000187383658219
22017897,1789998207,0.00018623886365
22017899,1789998208,0.000186253595198
22017974,1789998246,0.00018626779478
22017997,1789998257,0.00018628118344
22018029,1789998274,0.000186299563202
22018035,1789998277,0.000187570492278
22018098,1789998309,0.000188658117867
22018121,1789998320,0.000190206614708
22018201,1789998361,0.000191228814239
22018253,1789998387,0.00019124238002
22018291,1789998406,0.000192446932642
22018314,1789998418,0.000192569183214
22018330,1789998426,0.000192665908224
22018331,1789998427,0.000192937810576
22018410,1789998467,0.000192821051479
22018482,1789998503,0.000193177357863
22018607,1789998567,0.000191968234453
22018677,1789998602,0.000191361165564
22018768,1789998648,0.000191427014399
22018775,1789998652,0.000191032773861
22019101,1789998817,0.00019116947759
22019162,1789998848,0.000186696198411
22019163,1789998849,0.000186729490246
22019164,1789998850,0.000186787128188
22019239,1789998887,0.000182811280082
22019239,1789998887,0.0001831620472
22019240,1789998888,0.000183211851478
22019263,1789998900,0.000182846699815
22019264,1789998900,0.000182885073423
22019272,1789998904,0.000183152636776
22019278,1789998907,0.000183220896726
22019289,1789998913,0.000183261055579
22019394,1789998966,0.000182321702181
22019394,1789998966,0.000173435427348
22019395,1789998967,0.000174055716093
22019395,1789998967,0.000174163889021
22019395,1789998967,0.000174184332759
22019396,1789998967,0.000174210920758
22019398,1789998968,0.000174212022109
22019401,1789998970,0.000175506598185
22019402,1789998970,0.000175342292806
22019408,1789998973,0.000185586381941
22019408,1789998973,0.000185556607711
22019440,1789998989,0.000184300616527
22019448,1789998993,0.000184313907451
22019449,1789998994,0.000185656199112
22019462,1789999001,0.000196426033381
22019462,1789999001,0.000196349146604
22019463,1789999001,0.00019622931824
22019512,1789999026,0.000199847272638
22019513,1789999026,0.000199808262017
22019513,1789999026,0.000199771381729
22019514,1789999027,0.000199769877793
22019543,1789999042,0.000200323750095
22019548,1789999044,0.00020060097378
22019549,1789999045,0.000200547043469
22019612,1789999077,0.000200170164145
22019622,1789999082,0.000201568197867
22019623,1789999083,0.000201491699925
22019625,1789999083,0.000201470843443
22019753,1789999148,0.000201821905523
22019753,1789999148,0.000202102975217
22019753,1789999148,0.000202246278661
22019790,1789999167,0.000203356024547
22019823,1789999184,0.000202962648977
22019963,1789999255,0.000204303238382
22019991,1789999269,0.000204444609757
22020051,1789999299,0.000205148388652
22020112,1789999330,0.000207983816605
22020137,1789999343,0.000209694414401
22020150,1789999350,0.000224756126282
22020150,1789999350,0.000224453366811
22020152,1789999351,0.000224299238873
22020165,1789999357,0.000227265106508
22020177,1789999363,0.000229502290973
22020178,1789999364,0.000229466079248
22020210,1789999380,0.000231437966603
22020211,1789999381,0.000231432363954
22020212,1789999381,0.000231582827524
22020266,1789999408,0.000227074420285
22020277,1789999414,0.000229310668301
22020315,1789999433,0.000230058144324
22020413,1789999483,0.000231510360799
22020422,1789999488,0.000233002504614
22020424,1789999489,0.000232981926552
22020517,1789999536,0.000232183757822
22020538,1789999547,0.00023233446541
22020544,1789999550,0.000233380212517
22020546,1789999551,0.000233179613533
22020550,1789999553,0.000238679937633
22020607,1789999581,0.000238521779561
22020756,1789999657,0.000252402292326
22020757,1789999658,0.000251981817399
22020757,1789999658,0.000251948983766
22020758,1789999658,0.00025189270801
22020759,1789999659,0.000251882261481
22020761,1789999660,0.000251880491292
22020921,1789999741,0.000251593749619
22020973,1789999767,0.000247654383623
22020983,1789999773,0.000248116797425
22020992,1789999777,0.000239664150974
22020993,1789999777,0.000239699439397
22021042,1789999802,0.000246327478274
22021042,1789999802,0.000247233950599
22021042,1789999802,0.000247848210884
22021043,1789999803,0.000248003918492
22021056,1789999809,0.000245539941172
22021113,1789999838,0.00024467784243
22021114,1789999839,0.000244734075178
22021121,1789999842,0.000244320861863
22021130,1789999847,0.000242663675078
22021131,1789999847,0.000242743557463
22021131,1789999847,0.000242296076341
22021178,1789999871,0.000249933237272
22021190,1789999877,0.000250089266041
22021214,1789999889,0.000250230032725
22021217,1789999891,0.000264442379451
22021217,1789999891,0.000264329598477
22021218,1789999892,0.000264317447733
22021225,1789999895,0.000263699338864
22021226,1789999896,0.000263691970629
22021227,1789999896,0.000263689028931
22021252,1789999909,0.000269418393731
22021252,1789999909,0.000269261131403
22021254,1789999910,0.000266792111568
22021264,1789999915,0.000270941042555
22021265,1789999915,0.000270912962903
22021266,1789999916,0.000270907137896
22021270,1789999918,0.000271213383913
22021270,1789999918,0.000271519802931
22021280,1789999923,0.000271826394948
22021280,1789999923,0.000272133159964
22021281,1789999923,0.000272128235043
22021301,1789999934,0.000271990463123
22021301,1789999934,0.000270944512699
22021314,1789999940,0.000285725463548
22021315,1789999941,0.000285271796249
22021315,1789999941,0.000285213033031
22021316,1789999941,0.00028516906169
22021317,1789999942,0.000285157512877
22021317,1789999942,0.000285307823918
22021317,1789999942,0.000283212892694
22021318,1789999942,0.000283205844307
22021319,1789999943,0.000283203996006
22021320,1789999943,0.000283201854497
22021339,1789999953,0.00027896985883
22021339,1789999953,0.000276890585217
22021339,1789999953,0.000276388868644
22021354,1789999960,0.000276342976295
22021357,1789999962,0.000277574180403
22021360,1789999964,0.000244275783111
22021360,1789999964,0.00024467554204
22021361,1789999964,0.000244869061176
22021362,1789999965,0.000244870911989
22021363,1789999965,0.000244877368676
22021367,1789999967,0.000244113622272
22021371,1789999969,0.000242868011446
22021407,1789999987,0.000247466675993
22021408,1789999988,0.00024698324312
22021408,1789999988,0.000247759354073
22021452,1790000010,0.000247370263157
22021457,1790000013,0.000247447880202
22021485,1790000027,0.000245495402852
22021492,1790000030,0.000245804821203
22021518,1790000044,0.000247147045258
22021548,1790000059,0.000247161980731
22021590,1790000080,0.000247167367709
22021604,1790000087,0.000247172754746
22021607,1790000089,0.000248321695084
22021637,1790000104,0.000256096055339
22021648,1790000110,0.000256155562785
22021678,1790000125,0.000256234071088
22021687,1790000129,0.00025631442468
22021694,1790000133,0.0002559222748
22021745,1790000159,0.000255953662375
22021770,1790000172,0.000255982598367
22021775,1790000174,0.000256093362456
22021791,1790000182,0.00027053402595
22021792,1790000183,0.000270502126622
22021825,1790000199,0.000270006448428
22021874,1790000224,0.000245461622607
22021874,1790000224,0.000245575639712
22021911,1790000243,0.000245652509741
22021940,1790000258,0.00024423659144
22021943,1790000259,0.000244098544438
22021949,1790000262,0.000253299206748
22021951,1790000263,0.000235335356378
22021951,1790000263,0.000235790683485
22021952,1790000264,0.000235998668897
22021954,1790000265,0.000236046126497
22021956,1790000266,0.000236050040815
22021958,1790000267,0.000236056646643
22021974,1790000275,0.000236360613756
22021988,1790000282,0.00023277224999
22021988,1790000282,0.000232983508018
22021989,1790000283,0.000233004186857
22022005,1790000291,0.000233049111483
22022052,1790000315,0.000234632949214
22022102,1790000340,0.000235162352459
22022247,1790000413,0.000234298764105
22022319,1790000450,0.000234362212736
22022368,1790000475,0.000230183705439
22022369,1790000475,0.000230211853502
22022388,1790000485,0.000230961171386
22022391,1790000487,0.00023126123944
22022513,1790000549,0.000238822430157
22022600,1790000593,0.000239013313663
22022600,1790000593,0.000239371815751
22022660,1790000623,0.000239674847286
22022668,1790000627,0.000239925417351
22022694,1790000641,0.000243714685294
22022721,1790000654,0.000243236225325
22022722,1790000655,0.000243282495887
22022764,1790000676,0.000243745443546
22022888,1790000739,0.000243427124811
22022926,1790000758,0.000243658149309
22023049,1790000820,0.000246755159987
22023111,1790000852,0.000247298059103
22023141,1790000867,0.0002476060653
22023178,1790000886,0.000249098400654
22023179,1790000886,0.000249074678384
22023227,1790000911,0.0002492446653
22023298,1790000947,0.000250023927568
22023333,1790000965,0.000249542986821
22023406,1790001001,0.000249522029407
22023424,1790001011,0.00024999087335
22023431,1790001014,0.00024891074308
22023433,1790001015,0.000253122579636
22023434,1790001016,0.000253097423618
22023444,1790001021,0.000253331574582
22023546,1790001072,0.000253475471649
22023648,1790001124,0.000253094334027
22023679,1790001140,0.000253110828351
22023683,1790001142,0.000249735807839
22023785,1790001194,0.00025004851625
22023805,1790001204,0.000254199696553
22023807,1790001205,0.000253391960293
22023822,1790001213,0.000257145934123
22023824,1790001214,0.000257117756409
22023843,1790001223,0.000257434989639
22023868,1790001236,0.000256945059214
22023887,1790001246,0.000256960752385
22023925,1790001265,0.000258540439792
22023944,1790001274,0.000258733502189
22023944,1790001274,0.000259046854753
22023950,1790001277,0.000259053666892
22023961,1790001283,0.000259212456859
22023985,1790001295,0.000259690313858
22024020,1790001313,0.000261289709542
22024036,1790001321,0.000261481563535
22024053,1790001330,0.000263067204326
22024062,1790001334,0.000264657638307
22024070,1790001338,0.00026625286548
22024080,1790001343,0.000265909282548
22024123,1790001365,0.000266635537594
22024175,1790001392,0.000266653300241
22024242,1790001426,0.000268336142622
22024247,1790001428,0.0002678342357
22024276,1790001443,0.000267850257949
22024278,1790001444,0.000267590013134
22024287,1790001448,0.000268137542834
22024314,1790001462,0.000268070927916
22024336,1790001473,0.000267907319577
22024378,1790001495,0.000268717233563
22024451,1790001532,0.000268378925858
22024453,1790001533,0.000269871422346
22024454,1790001533,0.000269855681094
22024484,1790001548,0.000252748890633
22024485,1790001549,0.000252940795665
22024488,1790001550,0.000253003027624
22024510,1790001561,0.000253782230964
22024515,1790001564,0.000255070066662
22024516,1790001565,0.000254258181678
22024519,1790001566,0.000254415889612
22024552,1790001583,0.000254263003717
22024701,1790001658,0.00025407753757
22024831,1790001724,0.00026200002118
22025023,1790001822,0.000265581653167
22025024,1790001822,0.000265548381856
22025069,1790001845,0.00027037636047
22025070,1790001846,0.00027034279074
22025089,1790001855,0.000270298575968
22025093,1790001857,0.000270125874263
22025177,1790001900,0.000268713790125
22025365,1790001995,0.000269119202915
22025389,1790002008,0.000269281453598
22025495,1790002061,0.000268840604894
22025513,1790002071,0.000283366384844
22025514,1790002071,0.000283273547491
22025516,1790002072,0.000283270188398
22025539,1790002084,0.000280279375268
22025557,1790002093,0.00028010708545
22025596,1790002113,0.000280723268614
22025611,1790002120,0.000278388831565
22025625,1790002127,0.000278553852481
22025655,1790002143,0.000281893185184
22025735,1790002183,0.000281942996897
22025765,1790002198,0.000281333924084
22025832,1790002232,0.000281341610628
22025858,1790002246,0.000297383092321
22025859,1790002246,0.000297280308469
22025860,1790002247,0.000297269400647
22025861,1790002247,0.000294695467295
22025882,1790002258,0.000294515898895
22025921,1790002277,0.000294685653965
22025936,1790002285,0.00029519514564
22025940,1790002287,0.000294907845776
22025960,1790002297,0.000292734960641
22025971,1790002303,0.000293193762055
22025976,1790002305,0.000288443043575
22026005,1790002320,0.000287934157641
22026017,1790002326,0.000297043708467
22026018,1790002327,0.000297038010184
22026025,1790002330,0.000293412498736
22026075,1790002356,0.000277116023675
22026076,1790002356,0.000277175933558
22026085,1790002361,0.000275392777069
22026151,1790002395,0.000275119080245
22026173,1790002405,0.000359483157443
22026174,1790002406,0.000357047766082
22026174,1790002406,0.000356727658007
22026174,1790002406,0.00035601347471
22026174,1790002406,0.000355972225944
22026174,1790002406,0.00035569446865
22026175,1790002406,0.000355686650098
22026175,1790002406,0.000355675475068
22026177,1790002407,0.000355671644093
22026177,1790002407,0.000355651277165
22026228,1790002433,0.000324374252729
22026229,1790002434,0.000324552380463
22026230,1790002434,0.000326318660028
22026238,1790002438,0.000328089732785
22026245,1790002442,0.000329865598732
22026253,1790002446,0.000327208802003
22026269,1790002454,0.000333323127963
22026278,1790002459,0.000333418542334
22026290,1790002465,0.000317587119197
22026290,1790002465,0.000317713597277
22026308,1790002474,0.000317668304795
22026309,1790002474,0.000315571002146
22026328,1790002484,0.000315644269341
22026342,1790002491,0.000292068114413
22026343,1790002492,0.000292237140462
22026343,1790002492,0.000292543672519
22026344,1790002492,0.000292545869162
22026345,1790002493,0.000292548782115
22026359,1790002500,0.000293392979048
22026368,1790002504,0.000293071974233
22026372,1790002507,0.000293574986493
22026388,1790002514,0.000292708335797
22026390,1790002515,0.000292877546972
22026401,1790002521,0.0002946561611
22026412,1790002527,0.000294825486002
22026431,1790002536,0.000291313579044
22026432,1790002537,0.000291336563468
22026451,1790002546,0.000298249026486
22026468,1790002555,0.000298468861475
22026472,1790002557,0.00029897750802
22026473,1790002558,0.000299490433705
22026488,1790002565,0.0002975702746
22026492,1790002567,0.000297519007146
22026514,1790002578,0.000297604298937
22026525,1790002584,0.000297324246262
22026537,1790002590,0.000297494786228
22026539,1790002591,0.000296982902062
22026579,1790002611,0.000297835601302
22026596,1790002620,0.000298173608077
22026601,1790002622,0.000300069988438
22026647,1790002646,0.000299893657635
22026675,1790002660,0.000299905525427
22026681,1790002663,0.000292935731253
22026682,1790002664,0.000296465056206
22026686,1790002666,0.00030002719669
22026805,1790002726,0.000299741893055
22026871,1790002759,0.000297166785634
22026876,1790002762,0.000297295018626
22026899,1790002774,0.000298913794377
22026929,1790002789,0.000299665679247
22026979,1790002814,0.000301302739482
22026991,1790002820,0.000300054196323
22026997,1790002823,0.000300376393496
22027006,1790002828,0.000302714006108
22027006,1790002828,0.000303265163423
22027006,1790002828,0.000303312012131
22027043,1790002847,0.000304864007961
22027046,1790002848,0.000304872619648
22027050,1790002850,0.000305045310544
22027166,1790002909,0.000304513824192
22027245,1790002949,0.000305504247589
22027258,1790002956,0.000305676685021
22027319,1790002987,0.000305762282114
22027326,1790002990,0.000305372639311
22027405,1790003030,0.000303251598048
22027427,1790003041,0.000309247916069
22027633,1790003146,0.000313220317817
22027669,1790003164,0.000319313918159
22027740,1790003200,0.00031931832268
22027769,1790003215,0.000320202482934
22027770,1790003215,0.000320179361671
22027783,1790003222,0.000317337059607
22027831,1790003246,0.000316844661257
22027867,1790003265,0.000316286533443
22027867,1790003265,0.000316041412905
22027874,1790003268,0.000315129785289
22027883,1790003273,0.000315234728694
22027923,1790003293,0.000316278514234
22027926,1790003295,0.00031624438403
22027932,1790003298,0.000316772175662
22027940,1790003302,0.000317123400719
22027966,1790003315,0.000318798570738
22027967,1790003315,0.000318781024368
22027978,1790003321,0.000317082258615
22027990,1790003327,0.000317025867129
22027994,1790003329,0.000317466205804
22028019,1790003342,0.000317409711868
22028026,1790003345,0.000317584507389
22028162,1790003414,0.000311380922231
22028163,1790003415,0.000311445034667
22028226,1790003447,0.000311685778048
22028256,1790003462,0.000311508231695
22028264,1790003466,0.000311178391135
22028294,1790003481,0.000306318101738
22028446,1790003559,0.000303669480834
22028451,1790003561,0.000303701498399
22028482,1790003577,0.000298544690749
22028483,1790003577,0.000298579498974
22028484,1790003578,0.000298585101442
22028500,1790003586,0.000293557513782
22028518,1790003595,0.000286940460959
22028519,1790003596,0.000287135901322
22028519,1790003596,0.000287230355832
22028520,1790003596,0.00028723883255
22028529,1790003601,0.000283379330846
22028530,1790003601,0.000283545824086
22028562,1790003617,0.000283547229161
22028587,1790003630,0.000284193687455
22028671,1790003673,0.000272750839597
22028672,1790003673,0.000272828373853
22028673,1790003674,0.000272839061911
22028703,1790003689,0.000272841719435
22028718,1790003697,0.000270774359071
22028735,1790003705,0.000270705684499
22028736,1790003706,0.000271513296311
22028837,1790003757,0.000272240340517
22028894,1790003786,0.000273050236605
22028943,1790003811,0.000273276182992
22028977,1790003828,0.000273635944904
22028995,1790003837,0.000273637564368
22029028,1790003854,0.000272668152153
22029044,1790003862,0.000272700729958
22029070,1790003875,0.000274332101439
22029080,1790003880,0.000274333722961
22029219,1790003951,0.000273908322039
22029233,1790003958,0.000273909942308
22029268,1790003976,0.000274237367709
22029271,1790003977,0.000274646924496
22029311,1790003997,0.000274648546948
22029381,1790004033,0.000274271621437
22029391,1790004038,0.000275898643726
22029393,1790004039,0.000275900269872
22029408,1790004047,0.000275901896022
22029601,1790004145,0.000275672686073
22030039,1790004367,0.000275467062153
22030082,1790004389,0.000275143581568
22030082,1790004389,0.000274640464963
22030082,1790004389,0.000274584820778
22030083,1790004389,0.000274568578571
22030084,1790004390,0.000274523319296
22030107,1790004401,0.00027432939735
22030133,1790004414,0.000273876099717
22030152,1790004424,0.000273549320913
22030214,1790004456,0.0002568736989
22030216,1790004456,0.000256952951234
22030217,1790004457,0.000256954503678
22030218,1790004458,0.000256956648918
22030303,1790004501,0.000243726907965
22030304,1790004501,0.000243782404269
22030312,1790004505,0.000244855743202
22030314,1790004506,0.000246867461122
22030314,1790004506,0.000247177531214
22030321,1790004510,0.000254992530025
22030342,1790004520,0.00025462612543
22030396,1790004548,0.000255415724319
22030397,1790004548,0.000251173034801
22030398,1790004549,0.000251199177757
22030470,1790004601,0.000251395218366
22030485,1790004608,0.000250600801813
22030520,1790004634,0.00025349884605
22030530,1790004643,0.00025412902862
22030538,1790004651,0.000255728252508
22030582,1790004681,0.000256257310893
22030606,1790004701,0.000256492443534
22030621,1790004708,0.000276164815367
22030622,1790004709,0.000275995113376
22030623,1790004713,0.000278997814069
22030625,1790004714,0.000278828351763
22030626,1790004715,0.000278826353931
22030627,1790004715,0.000278814847612
22030635,1790004719,0.00027986222645
22030642,1790004727,0.000281534689232
22030643,1790004727,0.00028145057276
22030644,1790004728,0.000280979518225
22030657,1790004738,0.000280246937728
22030674,1790004751,0.0002805191609
22030674,1790004751,0.000281344908386
22030676,1790004752,0.000281357722304
22030725,1790004788,0.000281689567979
22030742,1790004801,0.00028385038785
22030791,1790004833,0.00028401113485
22030854,1790004881,0.000283846602575
22030861,1790004889,0.000272230997699
22030863,1790004889,0.000272654148418
22030863,1790004889,0.00027268515217
22030864,1790004890,0.000272726577218
22030865,1790004890,0.000272733053103
22030942,1790004945,0.000272286727812
22031008,1790004994,0.000280486051581
22031127,1790005081,0.000280469456019
22031187,1790005127,0.000291753376563
22031189,1790005128,0.000291696275062
22031235,1790005164,0.000292368550993
22031241,1790005166,0.000305568948845
22031242,1790005167,0.00030547016464
22031243,1790005168,0.000305334657579
22031252,1790005176,0.000304960177788
22031252,1790005176,0.00031518957398
22031252,1790005176,0.000314670802097
22031255,1790005178,0.000314606120126
22031256,1790005178,0.000314603894938
22031257,1790005179,0.000314596431993
22031269,1790005189,0.000315287064571
22031307,1790005216,0.000313452667773
22031335,1790005234,0.000313223201196
22031354,1790005251,0.000312151169118
22031360,1790005254,0.00031487786779
22031401,1790005283,0.000315755513248
22031408,1790005290,0.000314080842318
22031425,1790005303,0.000314957726597
22031433,1790005307,0.00031583583326
22031438,1790005309,0.000316715162306
22031439,1790005314,0.000317595713737
22031445,1790005317,0.000317572683443
22031501,1790005357,0.000318449251478
22031575,1790005414,0.000318978892616
22031575,1790005414,0.000322512109407
22031577,1790005415,0.000322329586196
22031578,1790005415,0.00032229494332
22031581,1790005417,0.000323931548502
22031582,1790005417,0.000323865295074
22031583,1790005418,0.000323857987932
22031643,1790005464,0.000303012371536
22031645,1790005465,0.000303059278669
22031670,1790005481,0.000302568773214
22031694,1790005502,0.000300705726685
22031813,1790005589,0.000283669108725
22031813,1790005589,0.000283804052309
22031815,1790005590,0.000283907019002
22031934,1790005677,0.000283908454206
22032153,1790005839,0.000283974441198
22032170,1790005852,0.00028424113338
22032183,1790005858,0.000280899608216
22032184,1790005859,0.000281015613326
22032202,1790005872,0.000281019757668
22032224,1790005890,0.000281847165073
22032255,1790005914,0.000281012278784
22032305,1790005947,0.000265011166063
22032306,1790005952,0.000265172173813
22032306,1790005952,0.000265187364035
22032392,1790006014,0.000266154465011
22032418,1790006032,0.0002663367629
22032418,1790006032,0.000266650826321
22032430,1790006042,0.000268264027339
22032470,1790006069,0.00027069905224
22032478,1790006077,0.000274779588128
22032503,1790006094,0.000283016082168
22032504,1790006094,0.000282952349585
22032525,1790006109,0.00028354783642
22032561,1790006139,0.000284047611287
22032561,1790006139,0.000284140058554
22032578,1790006152,0.000284164100018
22032590,1790006157,0.000285613324994
22032595,1790006164,0.000285375935506
22032598,1790006165,0.000287049259877
22032616,1790006178,0.000283750891872
22032731,1790006264,0.000283730868471
22032806,1790006317,0.000281925448048
22032840,1790006342,0.000284027595159
22032918,1790006401,0.00028658905567
22033001,1790006458,0.000286622203591
22033043,1790006491,0.000287451524604
22033141,1790006564,0.000287493593564
22033260,1790006651,0.000286996123013
22033671,1790006952,0.000286389746244
22033836,1790007075,0.000285711901691
22033857,1790007089,0.000285705206693
22033861,1790007091,0.000284043604041
22033862,1790007091,0.000284065044362
22033870,1790007100,0.000284398482312
22033938,1790007150,0.000284391833571
22033948,1790007155,0.000284589985989
22033972,1790007175,0.000279603463045
22033980,1790007179,0.00027963579003
22034023,1790007212,0.000270848055344
22034025,1790007213,0.000270998481657
22034026,1790007214,0.000271053907703
22034057,1790007237,0.000266650731843
22034057,1790007237,0.000266918835624
22034091,1790007262,0.000263550945083
22034091,1790007262,0.000263605542517
22034093,1790007263,0.000263661494967
22034111,1790007275,0.000263484790097
22034112,1790007275,0.000263496383233
22034123,1790007281,0.000263498063631
22034162,1790007300,0.000263060802447
22034163,1790007301,0.000263110366469
22034182,1790007310,0.000254730738021
22034183,1790007311,0.000254790101133
22034184,1790007311,0.000254812283469
22034185,1790007312,0.000254814826857
22034194,1790007316,0.000254390153473
22034201,1790007320,0.000231718015377
22034202,1790007320,0.000231868571761
22034202,1790007320,0.000231897990241
22034203,1790007321,0.000231901029804
22034203,1790007321,0.000231914062286
22034204,1790007322,0.000231915863473
22034205,1790007322,0.000232216400167
22034223,1790007331,0.000231159610108
22034307,1790007374,0.000232982429895
22034364,1790007403,0.000240571480113
22034381,1790007411,0.000240938813709
22034649,1790007547,0.000238234718335
22034746,1790007596,0.000236367296098
22034782,1790007615,0.000236508461301
22034783,1790007615,0.000236582692147
22034790,1790007619,0.000236734440071
22034803,1790007625,0.000230582939291
22034804,1790007626,0.000230793215116
22034804,1790007626,0.000230829655234
22034806,1790007627,0.000230849997202
22034854,1790007651,0.000232351924445
22034956,1790007703,0.000232833328275
22034990,1790007720,0.000232797557013
22035070,1790007761,0.000234061429956
22035129,1790007791,0.000234814434365
22035215,1790007834,0.000234965690014
22035236,1790007845,0.000235095436406
22035337,1790007896,0.000236598920131
22035383,1790007919,0.0002370554208
22035409,1790007933,0.000237173278317
22035434,1790007945,0.000228308574348
22035435,1790007946,0.000228505105535
22035436,1790007946,0.000228520679658
22035436,1790007946,0.000228570969095
22035458,1790007957,0.000228585882584
22035487,1790007972,0.000210269699869
22035487,1790007972,0.000211011832352
22035488,1790007973,0.000211695360864
22035488,1790007973,0.000211839266632
22035490,1790007974,0.000211841916221
22035491,1790007974,0.000211843437649
22035491,1790007974,0.000211852261448
22035516,1790007987,0.00021186661917
22035533,1790007996,0.000213140641569
22035535,1790007997,0.000213155042883
22035556,1790008007,0.000213169444684
22035575,1790008017,0.000214601359992
22035599,1790008029,0.000215231493165
22035665,1790008062,0.000215407659644
22035665,1790008062,0.000215563498425
22035666,1790008063,0.000215582084641
22035672,1790008066,0.000216735900948
22035719,1790008090,0.000216750423213
22035748,1790008105,0.000219091972687
22035809,1790008136,0.000219106573671
22035847,1790008155,0.000220412744429
22035847,1790008155,0.000221722796895
22035942,1790008203,0.00022200265926
22035997,1790008231,0.000222739982612
22036032,1790008249,0.000222890821463
22036032,1790008249,0.000223054130261
22036033,1790008249,0.000223068899571
22036068,1790008267,0.000223512207115
22036086,1790008276,0.000225286275583
22036375,1790008423,0.000225301081529
22036662,1790008569,0.000236755289364
22036663,1790008569,0.0002367181668
22036670,1790008573,0.000244309366095
22036670,1790008573,0.000252020371204
22036671,1790008573,0.000251857625241
22036675,1790008575,0.000251904237788
22036696,1790008586,0.000263328033453
22036697,1790008586,0.000263300463852
22036698,1790008587,0.000263260828414
22036701,1790008588,0.00026485168738
22036701,1790008588,0.000266447338579
22036702,1790008589,0.000266425127351
22036729,1790008603,0.000266584949383
22036739,1790008608,0.000272770221019
22036740,1790008608,0.000272607850045
22036741,1790008609,0.000272582492889
22036741,1790008609,0.000272539371745
22036742,1790008609,0.000272536651129
22036777,1790008627,0.000280677578143
22036778,1790008627,0.000280368739109
22036779,1790008628,0.000280347732904
22036779,1790008628,0.000280156267388
22036781,1790008629,0.000280082029287
22036793,1790008635,0.000279460296241
22036806,1790008642,0.00028498224223
22036807,1790008642,0.000284810250865
22036808,1790008643,0.000284798319701
22036822,1790008650,0.000286287206433
22036823,1790008650,0.000286204289485
22036824,1790008651,0.000286181498
22036894,1790008686,0.000286265149023
22036937,1790008708,0.000299135746027
22036937,1790008708,0.000298604398975
22036938,1790008709,0.000298447869007
22036938,1790008709,0.000298406718681
22036939,1790008709,0.000298361789729
22036940,1790008710,0.000298316170685
22036941,1790008710,0.000298314133981
22036977,1790008728,0.000298226126926
22036997,1790008739,0.000298173973741
22037011,1790008746,0.000304337455526
22037012,1790008746,0.000304088813979
22037012,1790008746,0.000303735253924
22037012,1790008746,0.00030367301298
22037013,1790008747,0.000303670392086
22037112,1790008797,0.000302278772898
22037242,1790008863,0.000302278774617
22037261,1790008873,0.000301835957207
22037356,1790008921,0.000301719487472
22037356,1790008921,0.000299035305172
22037429,1790008958,0.000298977789983
22037643,1790009067,0.000298672007
22037653,1790009071,0.000298842591098
22037716,1790009103,0.000296750686849
22037829,1790009161,0.000295376461017
22037864,1790009179,0.000291947514547
22037886,1790009190,0.00029369046527
22037937,1790009215,0.000292912348389
22037972,1790009233,0.000292949149829
22038150,1790009323,0.000292479045967
22038170,1790009334,0.000287545956466
22038172,1790009335,0.000287582300362
22038291,1790009395,0.000286093974765
22038317,1790009408,0.000282824936853
22038466,1790009484,0.000283289852898
22038467,1790009484,0.000283318784136
22038533,1790009518,0.000283445663042
22038534,1790009518,0.000283461657729
22038592,1790009548,0.000283544702181
22038728,1790009617,0.000283068382786
22038957,1790009733,0.000283398571852
22039201,1790009857,0.000284129699132
22039233,1790009873,0.000282565232532
22039306,1790009910,0.000263198893283
22039307,1790009910,0.000263865610148
22039308,1790009911,0.000263966841558
22039309,1790009912,0.000263975801333
22039309,1790009912,0.000263979216134
22039589,1790010054,0.000259844459804
22039875,1790010199,0.000260322898728
22040045,1790010285,0.000261905027825
22040058,1790010292,0.000261984892424
22040330,1790010430,0.000261370192242
22040385,1790010458,0.000261077539724
22040443,1790010487,0.000262274893236
22041060,1790010801,0.000262089785703
22041180,1790010862,0.000261351243032
22042313,1790011437,0.000262151193283
22042422,1790011492,0.000262952365918
22042541,1790011553,0.000296398653346
22042541,1790011553,0.000295698493423
22042542,1790011553,0.000295515485028
22042543,1790011554,0.000295455426386
22042544,1790011554,0.000295442724606
22042545,1790011555,0.000295423295994
22042745,1790011656,0.000295593289989
22042800,1790011684,0.000296443993389
22042833,1790011701,0.000297296733321
22043319,1790011948,0.000296034201627
22043397,1790011988,0.000281184559525
22043398,1790011988,0.000281241588188
22043709,1790012146,0.000281083314798
22044583,1790012590,0.000277763618618
22044708,1790012653,0.000278949147476
22044710,1790012654,0.000278964374659
22044814,1790012707,0.000279051849271
22045041,1790012823,0.000279713011761
22045358,1790012984,0.000280623387576
22045418,1790013014,0.000280720848165
22045737,1790013176,0.000280828246024
22046461,1790013544,0.000282471412827
22046580,1790013604,0.000282511906602
22046802,1790013717,0.0002664416596
22046803,1790013718,0.000266519952513
22046906,1790013770,0.000266839701369
22047124,1790013881,0.000265230924193
22047124,1790013881,0.000263646171191
22047125,1790013881,0.000263667154821
22047291,1790013965,0.000263749714452
22047390,1790014016,0.000262930846763
22047391,1790014016,0.000262946011349
22047745,1790014196,0.00026408027577
22048525,1790014592,0.000252592873058
22048526,1790014593,0.000252704120306
22048526,1790014593,0.000252794287564
22048527,1790014593,0.000252812856781
22048528,1790014594,0.000252814847503
22048560,1790014610,0.000251766114423
22048561,1790014610,0.000251803373565
22048778,1790014721,0.000251803373376
22049172,1790014921,0.000251819026433
22049261,1790014966,0.000252752025421
22049278,1790014975,0.000217177069395
22049279,1790014975,0.000218457752551
22049279,1790014975,0.000218658958168
22049279,1790014975,0.000218715503719
22049280,1790014976,0.000218719866275
22049280,1790014976,0.000206309017979
22049281,1790014976,0.000206763793381
22049281,1790014976,0.00020685454959
22049281,1790014976,0.000206924957821
22049281,1790014976,0.000206935745671
22049282,1790014977,0.000206938204988
22049283,1790014977,0.000206939419004
22049283,1790014977,0.00020694783245
22049284,1790014978,0.000207372692847
22049301,1790014986,0.000208148811632
22049317,1790014994,0.000208220153245
22049337,1790015005,0.000208573474242
22049361,1790015017,0.000211468686765
22049364,1790015018,0.000211540415226
22049387,1790015030,0.000218719836602
22049388,1790015031,0.000218681267389
22049388,1790015031,0.000219405735015
22049388,1790015031,0.000220131400698
22049404,1790015039,0.00020398245668
22049405,1790015039,0.000204048692628
22049405,1790015039,0.000204091872262
22049408,1790015041,0.000207603374327
22049414,1790015044,0.00020901636156
22049688,1790015183,0.000208714843178
22049690,1790015184,0.000210688142908
22049821,1790015250,0.000214581212729
22049822,1790015251,0.000214564640926
22049868,1790015274,0.000214693724455
22049894,1790015288,0.000223598919567
22049895,1790015288,0.000223534828204
22049900,1790015291,0.000224443472615
22049910,1790015296,0.00022492305651
22049972,1790015327,0.000225368201724
22049973,1790015328,0.000225355528261
22049991,1790015337,0.00022542901745
22050189,1790015438,0.000226090959277
22050227,1790015457,0.000225710688826
22050235,1790015461,0.000225743454461
22050280,1790015484,0.000223555449064
22050281,1790015484,0.000223570250972
22050357,1790015523,0.000223535079417
22050513,1790015602,0.000221864283683
22050851,1790015774,0.00022209337036
22050851,1790015774,0.00022265737335
22050852,1790015774,0.000222689698871
22051049,1790015874,0.000220186776222
22051050,1790015875,0.000220242799824
22051101,1790015901,0.000220758855695
22051353,1790016029,0.000220977099318
22051588,1790016148,0.000222434812341
22051747,1790016229,0.000222581953724
22051789,1790016250,0.000222729143758
22051812,1790016262,0.000222876382443
22051821,1790016267,0.000223023669779
22051844,1790016278,0.000223171005767
22052871,1790016800,0.000222313624178
22053483,1790017110,0.000211961521053
22053484,1790017111,0.00021202292955
22053486,1790017112,0.000212032257406
22053613,1790017176,0.000212463599871
22053726,1790017234,0.000212607405997
22053818,1790017280,0.000212506065105
22055099,1790017930,0.000212483516906
22055129,1790017946,0.000212627329771
22055529,1790018149,0.000212771191287
22055715,1790018243,0.000213059204618
22056003,1790018390,0.000213209614329
22056617,1790018701,0.000213135455756
22057414,1790019105,0.00021712480163
22057416,1790019106,0.000217096923731
22057436,1790019116,0.000217276506747
22057934,1790019369,0.000214112354693
22058740,1790019778,0.000215561803054
22059256,1790020040,0.000203628426572
22059257,1790020040,0.000203664091499
22059270,1790020047,0.000203281648936
22059322,1790020073,0.000204065276921
22059441,1790020134,0.000204619773073
22060434,1790020638,0.00020495864471
22060490,1790020666,0.000206362618145
22060587,1790020715,0.000208351718963
22060740,1790020793,0.000212122704981
22060990,1790020920,0.00021243651061
22061133,1790020993,0.000206195143191
22061233,1790021044,0.000205895059936
22061328,1790021092,0.000205220852517
22062001,1790021434,0.000209605822114
22062572,1790021723,0.000209526708719
22063121,1790022002,0.000210083707855
22063203,1790022044,0.000220549230513
22063204,1790022044,0.000220470332164
22063205,1790022045,0.000220413206005
22063206,1790022045,0.00022040292613
22063357,1790022122,0.00022084357797
22063625,1790022258,0.000220882101623
22063625,1790022258,0.000221255074815
22063625,1790022258,0.00022146687816
22063755,1790022324,0.00022083054722
22063757,1790022325,0.000220882592264
22065087,1790023001,0.000219918423285
22065088,1790023001,0.000219956442683
22065611,1790023267,0.000223276807844
22065620,1790023271,0.000223759815897
22065807,1790023366,0.000223966957963
22065819,1790023372,0.000223483279413
22066786,1790023863,0.000223440910202
22066975,1790023959,0.00022360354062
22067120,1790024033,0.0002227709019
22067403,1790024177,0.000229943561919
22067404,1790024177,0.000229897867892
22067405,1790024178,0.00022989663522
22067950,1790024454,0.000232688529432
22067951,1790024455,0.000232669111613
22068168,1790024565,0.000232714365979
22068375,1790024670,0.000232669111613
22068500,1790024733,0.000232769762139
22068501,1790024734,0.000232779575292
22068502,1790024734,0.000232792795098
22068980,1790024977,0.000232084839691
22069034,1790025004,0.00023155599034
22069107,1790025041,0.000231355231081
22069113,1790025044,0.000231502064
22069563,1790025273,0.00023154107184
22069659,1790025321,0.000237473150834
22070367,1790025680,0.000237235727785
22070551,1790025774,0.000238188581966
22070708,1790025854,0.000238277015757
22070852,1790025926,0.000244360196371
22070877,1790025939,0.000245892972106
22070972,1790025987,0.000244741154226
22071381,1790026194,0.00024343986494
22071568,1790026289,0.000241530873754
22072269,1790026645,0.000241594922065
22073271,1790027153,0.000241360594907
22073495,1790027267,0.000241352388664
22074116,1790027582,0.000241694723132
22074180,1790027614,0.000242037293748
22074346,1790027699,0.00024203409631
22074617,1790027836,0.000241825758614
22074620,1790027837,0.000241746521575
22075238,1790028151,0.000241540944385
22076490,1790028786,0.000241615084939
22076664,1790028874,0.000240203309409
22076684,1790028884,0.000240204073822
22077049,1790029070,0.000236528169419
22077051,1790029071,0.000236578041585
22077801,1790029451,0.000236616970637
22077801,1790029451,0.000236848804973
22077801,1790029451,0.000237695934102
22077802,1790029452,0.000237717097018
22077941,1790029522,0.000237724701433
22078835,1790029976,0.000236170466304
22078949,1790030034,0.000236006793226
22080728,1790030937,0.000236864192644
22081193,1790031173,0.000229086566374
22081194,1790031173,0.000229241104974
22081195,1790031174,0.00022927084028
22081520,1790031339,0.000220841197007
22081522,1790031340,0.000221164916965
22081522,1790031340,0.000221192083462
22081522,1790031340,0.00022120366077
22081523,1790031340,0.000221230141121
22081524,1790031341,0.000221231656835
22081525,1790031341,0.000221240625346
22081613,1790031386,0.000221605281247
22082039,1790031602,0.000221563062492
22082039,1790031602,0.000221278965892
22082039,1790031602,0.000221028937731
22082327,1790031749,0.000223009546463
22082647,1790031911,0.000223006058474
22082673,1790031924,0.000222927285927
22082703,1790031940,0.000223518272887
22082707,1790031942,0.000221088583486
22082723,1790031950,0.000219791050169
22083623,1790032407,0.000219651332312
22083803,1790032498,0.000219771629281
22084408,1790032805,0.000222713412329
22084460,1790032832,0.000215790968274
22084812,1790033011,0.000215633526924
22086195,1790033713,0.000215677093164
22086509,1790033872,0.000214888294208
22086992,1790034117,0.000214776879797
22087640,1790034447,0.000213963323135
22089383,1790035332,0.000214394018033
22089501,1790035392,0.000214209587018
22089589,1790035436,0.000214013942481
22090451,1790035874,0.000213866501301
22090485,1790035891,0.000210014057585
22090486,1790035892,0.000210044479603
22090775,1790036038,0.000210149627977
22090812,1790036057,0.00021365308433
22091291,1790036300,0.000213097746964
22091312,1790036311,0.000212919674905
22092059,1790036690,0.000209418973389
22092060,1790036691,0.000209437205054
22092313,1790036819,0.000205703292273
22092314,1790036820,0.000205860052857
22092315,1790036821,0.000205883951721
22092381,1790036854,0.000204681489423
22092467,1790036897,0.000201053542996
22092468,1790036898,0.000201085864239
22092468,1790036898,0.000202476532825
22092481,1790036905,0.000202089669027
22092823,1790037078,0.000201094042465
22093361,1790037351,0.000199169888542
22093362,1790037352,0.000199189692454
22093491,1790037417,0.000196676750649
22093492,1790037418,0.000196736071378
22093493,1790037418,0.000196752603334
22093505,1790037425,0.000198319218295
22093688,1790037517,0.000200063807307
22093845,1790037597,0.000199920068096
22093933,1790037642,0.00020061804076
22094222,1790037788,0.000200638946203
22094634,1790037998,0.000200409209264
22094724,1790038043,0.000202791374551
22096165,1790038775,0.000202972654202
22096555,1790038973,0.000205487202176
22096708,1790039051,0.00020815479707
22096709,1790039051,0.000208128605987
22096772,1790039083,0.000209260560023
22096786,1790039091,0.00020990478687
22096803,1790039099,0.000211041553622
22096823,1790039109,0.000213895585596
22096824,1790039110,0.000213855174497
22096882,1790039139,0.000213843873364
22096934,1790039165,0.000214408222689
22097004,1790039201,0.000223973665838
22097004,1790039201,0.000223780515941
22097006,1790039202,0.000223734422777
22097101,1790039250,0.000223882363224
22097102,1790039251,0.000223854702161
22097412,1790039408,0.000219363236951
22097958,1790039685,0.000219624840884
22097992,1790039702,0.000204260399019
22097993,1790039703,0.000204333048625
22097997,1790039705,0.000206111385672
22098008,1790039710,0.000206266021118
22098010,1790039712,0.000206280110167
22098070,1790039742,0.000205960618973
22098615,1790040018,0.000207379050544
22098625,1790040023,0.000208802349672
22098634,1790040028,0.000210230516355
22098635,1790040029,0.000210217641361
22098643,1790040032,0.000213088489782
22098643,1790040032,0.000213792555092
22098644,1790040033,0.000213767738039
22098647,1790040034,0.00021582060119
22098648,1790040035,0.00021580629244
22098742,1790040083,0.000216242327347
22098758,1790040091,0.000223078716078
22098760,1790040092,0.000223027368857
22098795,1790040110,0.000224022672643
22098833,1790040129,0.000228484788912
22098834,1790040129,0.00022841880525
22098834,1790040129,0.000228380561076
22098848,1790040136,0.000228379276815
22098868,1790040147,0.000228601254357
22099004,1790040216,0.00022794813544
22099006,1790040217,0.000228693389264
22099101,1790040265,0.00022884176321
22099396,1790040415,0.000231730785216
22099436,1790040435,0.000232676419315
22099720,1790040579,0.000232825777767
22099856,1790040648,0.000232489767635
22100027,1790040735,0.000233242591805
22100043,1790040743,0.000233996632864
22100274,1790040860,0.000234447777059
22100479,1790040964,0.00023472535246
22100488,1790040969,0.000235070457513
22100549,1790040999,0.000234782162592
22100764,1790041109,0.000234611943766
22101343,1790041402,0.000235871872927
22101550,1790041507,0.000235917437683
22101810,1790041639,0.000236677178713
22101907,1790041689,0.000235147920287
22102243,1790041859,0.000245958326662
22102245,1790041860,0.000245873126627
22102402,1790041940,0.000246012701876
22102534,1790042007,0.000242447866358
22102556,1790042018,0.000240694435226
22102717,1790042099,0.000239148059998
22102718,1790042100,0.000239575373863
22102788,1790042136,0.000247270198132
22102790,1790042137,0.000247213981401
22102791,1790042137,0.000247191675782
22102872,1790042178,0.000247036166827
22102981,1790042233,0.000254848947956
22102982,1790042234,0.000254554417011
22102983,1790042234,0.000254502578581
22103187,1790042338,0.000255284164127
22103188,1790042338,0.000255237883788
22103189,1790042339,0.000255235508417
22103216,1790042353,0.000254921118216
22103530,1790042512,0.000254574684828
22103605,1790042550,0.000254795626984
22103608,1790042552,0.000256506279232
22103609,1790042552,0.000256455293324
22103946,1790042723,0.000255602943395
22103982,1790042741,0.000256394054225
22103983,1790042742,0.000256379287494
22104209,1790042857,0.000255527316139
22104292,1790042899,0.000255749181393
22104408,1790042958,0.000253184896113
22104453,1790042981,0.000252974616169
22104541,1790043025,0.000253270836143
22104622,1790043066,0.000253602525173
22104829,1790043171,0.000242290047881
22104830,1790043172,0.000242320322019
22104875,1790043194,0.000242781198107
22104895,1790043205,0.000241024156207
22105369,1790043445,0.000237960180505
22105370,1790043445,0.000237989537798
22105386,1790043454,0.000237951682977
22105456,1790043489,0.000237266718121
22105468,1790043495,0.000237569397472
22105533,1790043528,0.000238905090844
22105634,1790043579,0.000238986951489
22105663,1790043594,0.000235928008162
22105664,1790043595,0.00023594869261
22105804,1790043666,0.00023602464868
22105972,1790043751,0.000236100616974
22107828,1790044693,0.000230219572228
22107829,1790044693,0.000230290816468
22107829,1790044693,0.000230329114913
22107963,1790044761,0.000231828596658
22108404,1790044985,0.000232056971543
22108438,1790045002,0.000232207336603
22108585,1790045077,0.000227102108501
22108586,1790045077,0.000227227346545
22108587,1790045078,0.000227247967831
22108774,1790045173,0.000227085875012
22109047,1790045311,0.000223231616558
22109048,1790045311,0.000223387525298
22109049,1790045312,0.00022341334221
22109198,1790045388,0.000230895431139
22109221,1790045399,0.000217217581285
22109222,1790045400,0.000217480003046
22109223,1790045400,0.000217520633893
22109301,1790045440,0.000214979494229
22109302,1790045440,0.000215054682377
22109303,1790045441,0.000215071269553
22109570,1790045577,0.00021652104429
22109807,1790045697,0.000218709224978
22109818,1790045702,0.00022118496085
22109874,1790045731,0.000221053332598
22110166,1790045879,0.000221019305689
22110171,1790045881,0.000221092672633
22110264,1790045928,0.000223435017738
22110392,1790045993,0.000230868204261
22110393,1790045994,0.000230831539503
22110413,1790046004,0.000238385758861
22110414,1790046004,0.000238332464006
22110428,1790046011,0.00024213039733
22110429,1790046012,0.00024210400121
22110612,1790046105,0.000242484975513
22110717,1790046158,0.000242515774395
22110747,1790046173,0.000245122403358
22110748,1790046174,0.000245041880966
22110749,1790046174,0.000245021439961
22110763,1790046181,0.000245082794275
22110779,1790046189,0.000247703145682
22110779,1790046189,0.000247497822845
22110780,1790046190,0.000247480751557
22110819,1790046210,0.000257073623373
22110820,1790046210,0.00025700553031
22110821,1790046211,0.000257003863851
22110856,1790046229,0.000257025049014
22110978,1790046290,0.000257500540355
22111201,1790046404,0.000257318447316
22111573,1790046593,0.000257397945677
22111714,1790046664,0.000257429598141
22111722,1790046668,0.000256457909528
22111769,1790046692,0.000256052137732
22111814,1790046715,0.000256208108232
22111817,1790046716,0.000256366023816
22111912,1790046765,0.000256383397508
22112091,1790046855,0.000256457198078
22112174,1790046898,0.000256480893832
22112197,1790046909,0.000254039227808
22112198,1790046910,0.000254068512401
22112342,1790046983,0.000255631392671
22112347,1790046985,0.000248814477481
22112348,1790046986,0.000248849872087
22112509,1790047067,0.000251979599851
22113143,1790047389,0.000243643414425
22113144,1790047390,0.000243811133386
22113145,1790047390,0.000243844959464
22113384,1790047511,0.000243869969715
22113401,1790047520,0.000243900779206
22113420,1790047529,0.000248509165219
22113594,1790047618,0.000248623787728
22113608,1790047625,0.00024862764346
22113827,1790047736,0.000248650974707
22113996,1790047822,0.000243613727461
22113997,1790047822,0.000243645981374
22113998,1790047823,0.000243681217527
22114044,1790047846,0.000243712015093
22114322,1790047987,0.000243742814605
22114498,1790048076,0.000243773616063
22114755,1790048207,0.000245471545315
22114759,1790048209,0.0002332233139
22114760,1790048209,0.000233355758951
22114760,1790048209,0.000233412362655
22114761,1790048210,0.000233414514027
22115011,1790048337,0.000229330880708
22115012,1790048337,0.000229487303941
22115029,1790048346,0.000229512872748
22115076,1790048370,0.000229539772632
22115255,1790048460,0.00022956966324
22115481,1790048575,0.000226565832211
22115482,1790048576,0.000226679362791
22115483,1790048576,0.000226698516185
22115495,1790048582,0.000226728221229
22115746,1790048709,0.000226754957433
22115888,1790048781,0.000226784666176
22116148,1790048913,0.000226814376864
22116206,1790048943,0.000237403499282
22116508,1790049096,0.000233510516842
22116633,1790049160,0.000233537649978
22116784,1790049236,0.000240984393387
22116981,1790049336,0.000237213286192
22117054,1790049373,0.000237258736916
22117122,1790049408,0.000237289125934
22117260,1790049478,0.000220035182504
22117261,1790049478,0.000220278116433
22117261,1790049478,0.00022039066369
22117262,1790049479,0.000220392464832
22117367,1790049532,0.000216675150963
22117368,1790049532,0.000216814827952
22117371,1790049534,0.000216960463081
22117390,1790049544,0.000210750193501
22117392,1790049545,0.000210800634067
22117476,1790049587,0.000210866519494
22117488,1790049593,0.000213885295062
22117498,1790049598,0.000214589292806
22117620,1790049660,0.000214632644778
22117810,1790049757,0.0002146601033
22118127,1790049918,0.000214687563577
22118218,1790049964,0.000214484490578
22118319,1790050015,0.000214506160731
22118368,1790050040,0.000214438250342
22118410,1790050062,0.000214391443411
22118436,1790050075,0.000213509618385
22118467,1790050090,0.00021361032215
22118519,1790050117,0.000213637715201
22118630,1790050173,0.000213998313577
22118688,1790050202,0.000214034390146
22118757,1790050237,0.000213453059957
22118757,1790050237,0.000213375593782
22118835,1790050277,0.000213402971779
22118840,1790050279,0.000213284910453
22118900,1790050310,0.000213207535789
22118992,1790050357,0.000213082473752
22119037,1790050379,0.000213092558298
22119379,1790050553,0.000214043030949
22119432,1790050580,0.000214115375527
22119546,1790050638,0.000214260101355
22119589,1790050660,0.000214262261765
22120008,1790050872,0.000217151386472
22120047,1790050892,0.000217297134573
22120114,1790050926,0.000211036563855
22120115,1790050926,0.00021106471339
22120144,1790050941,0.00021535361484
22120164,1790050951,0.000215642156752
22120226,1790050983,0.000215277223015
22120255,1790050998,0.000214982820576
22120403,1790051073,0.000215095478013
22120404,1790051073,0.000215134193782
22120537,1790051141,0.000223864573159
22120770,1790051259,0.000223962420342
22120967,1790051359,0.000224095525009
22121030,1790051391,0.000224253084626
22121045,1790051399,0.000224407575813
22121058,1790051405,0.000225127764493
22121078,1790051415,0.00023235135269
22121083,1790051418,0.000233522765557
22121083,1790051418,0.000236332269708
22121083,1790051418,0.00023752831227
22121084,1790051418,0.000237487788673
22121118,1790051435,0.00023698613272
22122130,1790051949,0.000236975200605
22122349,1790052060,0.000237124310132
22122614,1790052195,0.000239409388553
22122615,1790052195,0.000239396208304
22122741,1790052259,0.000247109567745
22122742,1790052260,0.000247055035978
22122946,1790052363,0.000254639455671
22122947,1790052364,0.000254586054014
22123065,1790052424,0.000255369269672
22123085,1790052434,0.000255831581192
22123096,1790052439,0.000254915377145
22123240,1790052512,0.000254072164986
22123508,1790052648,0.000254115403406
22123826,1790052810,0.000254667440114
22124168,1790052983,0.000255589893364
22124214,1790053006,0.000258767698735
22124215,1790053007,0.00025873852491
22124216,1790053008,0.000258736262649
22125482,1790053650,0.000257162439903
22125523,1790053671,0.000258741921376
22125766,1790053794,0.000258683641105
22126027,1790053927,0.000258560784957
22126120,1790053974,0.000241252963981
22126121,1790053974,0.000241614994162
22126121,1790053974,0.000241666956152
22126191,1790054010,0.000241691491298
22126351,1790054091,0.000230817480855
22126351,1790054091,0.000231485342774
22126352,1790054092,0.000231552665589
22126354,1790054093,0.000232298131795
22126688,1790054262,0.000232358273066
22126703,1790054270,0.000222053185872
22126703,1790054270,0.000222788617869
22126703,1790054270,0.000223129084554
22126704,1790054270,0.000223174768618
22126910,1790054375,0.000221518898702
22126912,1790054376,0.000221540322513
22126913,1790054376,0.00022154203874
22127024,1790054433,0.000221209321536
22127025,1790054433,0.000221239284236
22127086,1790054464,0.000221754394833
22127488,1790054668,0.000221774805541
22127733,1790054792,0.000232203275117
22127734,1790054793,0.000232189037231
22128013,1790054934,0.000232218934068
22128116,1790054987,0.00023327235075
22128440,1790055151,0.000234192272001
22128442,1790055152,0.000234178334867
22128559,1790055212,0.000227212031454
22129277,1790055576,0.000227583593657
22129277,1790055576,0.000227695215257
22129587,1790055733,0.000228052586952
22130198,1790056043,0.00022954008864
22130225,1790056057,0.000231032429651
22130262,1790056075,0.000232529605088
22130587,1790056240,0.000232628825741
22130588,1790056241,0.000232706400029
22130763,1790056330,0.000235718049051
22130912,1790056405,0.000232515791565
22131017,1790056459,0.000233087715521
22131299,1790056602,0.000232697345689
22131299,1790056602,0.000232553094249
22131395,1790056650,0.000232919750121
22131683,1790056797,0.000232696916095
22131955,1790056935,0.000232691134244
22132206,1790057062,0.000276841614425
22132207,1790057062,0.000275472597062
22132207,1790057062,0.000275138369139
22132208,1790057063,0.000275022696815
22132209,1790057063,0.000275017925148
22132229,1790057074,0.000274392654881
22132334,1790057127,0.00027496484739
22132422,1790057171,0.000276427838106
22132423,1790057172,0.000276372021619
22132848,1790057388,0.000288006670251
22132848,1790057388,0.000287915011489
22132862,1790057395,0.000287905354229
22132868,1790057398,0.000296292921606
22132869,1790057398,0.000296233879482
22132870,1790057399,0.000296138612919
22133086,1790057508,0.00027223400799
22133087,1790057509,0.00027231581701
22133136,1790057534,0.000273941946624
22133678,1790057809,0.000273994080774
22134593,1790058273,0.000274255521609
22134675,1790058315,0.000268528041437
22134677,1790058315,0.000268564811427
22134866,1790058412,0.000269366232758
22134879,1790058418,0.000268811417915
22135748,1790058859,0.000268358548309
22136048,1790059011,0.000271592333627
22136064,1790059019,0.000273216257104
22136669,1790059326,0.000273379737984
22136670,1790059327,0.000273363226471
22136837,1790059411,0.000268501615024
22136924,1790059456,0.00026374038334
22137920,1790059961,0.000263585471042
22137988,1790059995,0.000263243835285
22138712,1790060363,0.000262723511862
22139078,1790060549,0.000263201540904
22139147,1790060584,0.000263505688841
22139388,1790060706,0.000261282860112
22139677,1790060853,0.0002615214922
22139706,1790060867,0.000259723310225
22139707,1790060868,0.000259746283568
22139903,1790060967,0.000260000710227
22140912,1790061479,0.000255303471754
22140913,1790061480,0.000255333294536
22141119,1790061584,0.000245496223512
22141121,1790061585,0.000245561429205
22141122,1790061586,0.000245651611216
22141978,1790062020,0.000246334048179
22142005,1790062034,0.000247027378866
22142589,1790062330,0.00024565719714
22143157,1790062618,0.000238235525927
22143158,1790062619,0.000238328078573
22143158,1790062619,0.000238506403414
22143158,1790062619,0.000238569190085
22143160,1790062620,0.000242364508124
22143414,1790062749,0.000240156052794
22143477,1790062781,0.000239414270684
22143696,1790062892,0.000232250629906
22143696,1790062892,0.000232532240992
22143696,1790062892,0.000232793399536
22143697,1790062892,0.000232884897481
22143698,1790062893,0.000232909127856
22143700,1790062894,0.000234412278984
22143729,1790062909,0.000235920356259
22143747,1790062918,0.000236041651644
22143747,1790062918,0.000236406956556
22143750,1790062919,0.000237921432487
22143919,1790063005,0.000238677148483
22143995,1790063044,0.0002402039014
22144015,1790063054,0.000241888951636
22144036,1790063064,0.000243425926421
22144080,1790063087,0.00024465901089
22144243,1790063169,0.000245340782766
22144299,1790063198,0.000246114193325
22144614,1790063358,0.000249209912792
22144615,1790063358,0.000249185158311
22145130,1790063620,0.000250748627983
22145168,1790063639,0.000252316987188
22145170,1790063640,0.000252295268275
22145349,1790063730,0.000244469704874
22146218,1790064171,0.000243787106724
22146499,1790064314,0.000243532513942
22146823,1790064478,0.000243547792038
22146871,1790064503,0.000241510885646
22146872,1790064503,0.000241536926927
22147022,1790064579,0.000240870938298
22147295,1790064718,0.000233687419931
22147296,1790064718,0.000233739392215
22147297,1790064719,0.000233785606528
22147512,1790064828,0.000233800689174
22147566,1790064855,0.000233846053447
22147930,1790065040,0.000231095831416
22147931,1790065041,0.000231113748922
22148720,1790065441,0.000231414517776
22149319,1790065745,0.000231857398331
22149373,1790065772,0.000231376670063
22149474,1790065823,0.000224502636464
22149475,1790065824,0.000224638782823
22149475,1790065824,0.000224696971019
22149476,1790065824,0.000224775176802
22149493,1790065833,0.000225219062683
22149994,1790066087,0.000236959335751
22149995,1790066088,0.000236920230848
22152032,1790067121,0.000235408393339
22152237,1790067225,0.000234734649959
22152320,1790067267,0.000234764952661
22152706,1790067463,0.000233255874234
22152727,1790067474,0.000231270774663
22152860,1790067541,0.000231198680905
22152947,1790067586,0.000231158778826
22153004,1790067614,0.000225981527215
22153005,1790067615,0.000225995232693
22153209,1790067719,0.000226024891626
22153225,1790067727,0.000226093373767
22153248,1790067738,0.000226539674993
22153569,1790067901,0.000227282997431
22154398,1790068322,0.000227280352501
22154678,1790068464,0.000227668134968
22154693,1790068471,0.000232121256815
22154939,1790068596,0.000232114935043
22154973,1790068614,0.000232265243523
22154988,1790068621,0.000232415600655
22154989,1790068622,0.000232641227573
22155008,1790068631,0.000234137005466
22155062,1790068659,0.000235637426269
22155152,1790068704,0.000243288529885
22155153,1790068705,0.000243231539312
22155375,1790068817,0.000243729427579
22155392,1790068826,0.000244177890468
22155409,1790068835,0.000245189174262
22155435,1790068848,0.000245948888069
22155436,1790068849,0.000245929924386
22155445,1790068853,0.000246500369277
22155451,1790068856,0.000247071433302
22155459,1790068860,0.000247356938821
22155469,1790068865,0.000247928980103
22155507,1790068884,0.000249437865665
22155750,1790069008,0.000249996571368
22155757,1790069011,0.00025055593342
22155761,1790069013,0.000250578893288
22155765,1790069015,0.000250688482172
22155765,1790069015,0.000251248617357
22155773,1790069019,0.000251809379541
22155783,1790069024,0.000247847447681
22155836,1790069051,0.000252539938214
22155851,1790069059,0.000255534609667
22155933,1790069101,0.000256008116722
22156437,1790069356,0.000263900166307
22156438,1790069357,0.000263710271087
22156439,1790069358,0.000263675154111
22156556,1790069417,0.000268273399985
22156557,1790069417,0.000268106597723
22156558,1790069418,0.000268075739182
22156580,1790069429,0.000268078824339
22156626,1790069453,0.000265900010586
22156668,1790069474,0.000264959600318
22156706,1790069493,0.000262758964054
22156760,1790069520,0.000262755970274
22157034,1790069660,0.000262670902128
22157067,1790069676,0.000262887030184
22157113,1790069699,0.000263093571486
22157139,1790069713,0.000263196981394
22157163,1790069725,0.000263351943238
22157469,1790069880,0.000255569131146
22157505,1790069898,0.000255220080856
22157506,1790069899,0.000255238910345
22158479,1790070393,0.000255270192789
22158834,1790070573,0.00025605618111
22159365,1790070842,0.000270297019023
22159366,1790070843,0.000270195589949
22159367,1790070843,0.000270160650418
22159435,1790070878,0.00027011630046
22159478,1790070900,0.00026931986505
22159491,1790070906,0.000272687011002
22159492,1790070907,0.000272587707136
22159493,1790070907,0.000272570956022
22159508,1790070915,0.000273415469489
22159515,1790070918,0.000274261290313
22159516,1790070919,0.000274194429869
22159520,1790070921,0.000274829453262
22159521,1790070921,0.000274813723018
22159546,1790070934,0.000275343374947
22159651,1790070987,0.000275379103034
22159768,1790071047,0.000275404789314
22159833,1790071080,0.000275420555501
22159894,1790071111,0.000274949145419
22160018,1790071174,0.000270366773209
22160019,1790071174,0.000270400751963
22160041,1790071185,0.000270806417768
22160098,1790071214,0.000270699614452
22160426,1790071381,0.000269722015749
22160622,1790071480,0.000268088973532
22160623,1790071481,0.000268104528907
22160947,1790071645,0.000268680591095
22160964,1790071654,0.00027010533585
22161106,1790071726,0.000270591905415
22161137,1790071741,0.000270497850375
22161310,1790071829,0.000270448044602
22161494,1790071923,0.000270997889232
22161539,1790071946,0.000271633147895
22161761,1790072058,0.000272285145981
22162344,1790072354,0.000272308668319
22162362,1790072363,0.000275610567805
22162620,1790072494,0.000275154092308
22162684,1790072526,0.000275103327194
22163011,1790072692,0.000274875338831
22163042,1790072708,0.000276596076092
22163166,1790072771,0.000276842334
22163201,1790072789,0.000277001412908
22163322,1790072850,0.00027686217056
22163521,1790072951,0.000286722310698
22163522,1790072951,0.000286654053011
22163549,1790072965,0.000277198848088
22163650,1790073016,0.000281718051187
22163656,1790073020,0.000281246325269
22164270,1790073331,0.000281296079799
22164351,1790073372,0.000281461960017
22164454,1790073424,0.000267592443226
22164455,1790073425,0.00026764805791
22165111,1790073758,0.000260668356545
22165112,1790073758,0.000260715191418
22165269,1790073838,0.000269801204697
22166580,1790074503,0.000268346886113
22166580,1790074503,0.000264922920764
22166580,1790074503,0.000263514407981
22167386,1790074912,0.000263434224939
22167393,1790074916,0.000262793706866
22167628,1790075035,0.000263304657813
22167938,1790075192,0.000262878398709
22168103,1790075276,0.000267047454489
22168179,1790075315,0.000266995019486
22168270,1790075361,0.000267156628667
22168331,1790075392,0.000267172759947
22168662,1790075560,0.000266995292655
22168883,1790075672,0.000265588893762
22168891,1790075676,0.00026454137427
22168898,1790075679,0.000262464842118
22168899,1790075680,0.00026249313117
22168905,1790075683,0.000262235243227
22168934,1790075698,0.00026146385557
22169640,1790076056,0.000261337208691
22169691,1790076082,0.000262132488272
22169921,1790076198,0.000253711084507
22169922,1790076199,0.000253769317562
22170395,1790076439,0.000253909697826
22170409,1790076446,0.00025391905789
22170414,1790076449,0.000238511476961
22170415,1790076449,0.000238937027386
22170415,1790076449,0.000238998202772
22170416,1790076450,0.000239033786384
22170417,1790076450,0.000239035322311
22170435,1790076459,0.000236835701096
22170436,1790076460,0.000236918126205
22170437,1790076460,0.000236932381886
22170451,1790076467,0.00023649620713
22170497,1790076491,0.000238320976352
22170622,1790076554,0.000238625633596
22170686,1790076587,0.000238778035195
22170715,1790076601,0.000239538227882
22171142,1790076818,0.000228987999313
22171142,1790076818,0.000229291526753
22171143,1790076819,0.000229342509873
22172053,1790077280,0.000231588742338
22172109,1790077309,0.000232791208894
22172111,1790077310,0.000240396334296
22172112,1790077310,0.000240381616918
22172172,1790077341,0.000241146909546
22172508,1790077511,0.000241192520229
22172532,1790077523,0.00024119860198
22172660,1790077588,0.000241732128263
22173008,1790077765,0.000248295091456
22173009,1790077765,0.000248239207446
22173010,1790077766,0.000248159965374
22173024,1790077773,0.00025570635418
22173025,1790077773,0.000255401667538
22173026,1790077774,0.00025535118858
22173031,1790077777,0.000255097391321
22173682,1790078107,0.000248264741729
22173707,1790078119,0.0002501333373
22174468,1790078506,0.00025028976095
22174923,1790078736,0.000248323774871
22174939,1790078745,0.000281247442683
22174939,1790078745,0.000281065651105
22174978,1790078764,0.000280900985695
22174980,1790078765,0.000280511913299
22175112,1790078832,0.000280693762435
22175182,1790078868,0.000282583572468
22175183,1790078868,0.000282563252769
22175337,1790078947,0.000279849074968
22175368,1790078962,0.000279796019499
22175394,1790078976,0.000279959802282
22175526,1790079043,0.000270420014
22175611,1790079086,0.000270461765308
22175620,1790079090,0.000256182200282
22175620,1790079090,0.000256275638272
22175709,1790079135,0.000256750781804
22175717,1790079140,0.000256627543393
22175720,1790079141,0.000256785984328
22175994,1790079280,0.000257896439943
22176307,1790079439,0.000256248417029
22176376,1790079474,0.00025688046528
22176380,1790079476,0.00025692801584
22176728,1790079652,0.000257084963911
22176773,1790079675,0.000258344816801
22176892,1790079735,0.000263903241136
22176893,1790079736,0.0002638820316
22176938,1790079759,0.000264363206865
22177012,1790079796,0.000264037199988
22177079,1790079830,0.00026360916152
22177120,1790079851,0.000264007493015
22177269,1790079927,0.000263166557683
22177302,1790079943,0.000265571662401
22177371,1790079978,0.000270416072461
22177586,1790080087,0.000270351033623
22177768,1790080180,0.000271798102675
22177911,1790080252,0.000271162068466
22178566,1790080584,0.000264339638242
22178567,1790080585,0.000264362676018
22178632,1790080618,0.000262131816429
22178633,1790080618,0.000262146957956
22178770,1790080688,0.000274262093197
22178871,1790080739,0.000272816018761
22180196,1790081411,0.000270881133281
22180339,1790081483,0.000271140828149
22180339,1790081483,0.000271550539049
22180363,1790081495,0.000273166213402
22180627,1790081629,0.000279726448653
22180690,1790081661,0.000281544160001
22180691,1790081662,0.000281528238339
22180721,1790081677,0.000281056988892
22180988,1790081812,0.000279103337819
22181016,1790081826,0.000277480295137
22181072,1790081855,0.000283261125772
22181098,1790081868,0.000281837896314
22181365,1790082003,0.00028221283313
22181644,1790082145,0.000289149159464
22181645,1790082145,0.000289095569003
22181646,1790082146,0.000289093631454
22181916,1790082283,0.000289396360566
22181977,1790082314,0.000292763908216
22181978,1790082315,0.000292738143898
22182037,1790082344,0.00030639561596
22182038,1790082345,0.000306297309138
22182067,1790082360,0.000309761514739
22182067,1790082360,0.000309737325553
22182068,1790082360,0.000309558615122
22182102,1790082377,0.000316539671605
22182103,1790082378,0.000316285500027
22182103,1790082378,0.000316239563795
22182104,1790082378,0.00031623743077
22182114,1790082384,0.000319757241908
22182114,1790082384,0.000319733275841
22182114,1790082384,0.000319577771739
22182156,1790082405,0.000326670277992
22182157,1790082405,0.000326411927506
22182157,1790082405,0.000326364012294
22182158,1790082406,0.000329903728373
22182159,1790082406,0.000329719437498
22182159,1790082406,0.000329696107802
22182235,1790082445,0.000329098943515
22182259,1790082457,0.00032992261534
22182332,1790082494,0.000324539558236
22182352,1790082504,0.000326309198776
22182352,1790082504,0.000321016983739
22182398,1790082528,0.000319729584715
22182494,1790082576,0.000308796966632
22182495,1790082577,0.00030885395603
22182568,1790082614,0.000308940672587
22182665,1790082663,0.00031239178642
22182805,1790082734,0.000315888432365
22182870,1790082767,0.000319378029278
22183004,1790082835,0.000319413588962
22183304,1790082987,0.000319119148358
22183613,1790083144,0.000316979528631
22183682,1790083179,0.000318724933421
22184505,1790083597,0.000313116273747
22184568,1790083629,0.000312425555294
22184584,1790083637,0.000312379034745
22184633,1790083662,0.000298516860526
22184634,1790083662,0.000298585371532
22184850,1790083772,0.000298319249787
22184862,1790083778,0.000293400136969
22184863,1790083779,0.000293435191038
22184891,1790083792,0.000290336885422
22184891,1790083792,0.000290357884627
22184892,1790083793,0.000290423237785
22184925,1790083810,0.000288370953009
22184926,1790083810,0.000288450707276
22184978,1790083837,0.000286979566505
22184979,1790083837,0.000287037279377
22184980,1790083838,0.000287059521168
22185308,1790084004,0.00029040207236
22185372,1790084037,0.000290228560751
22185401,1790084051,0.000290401118482
22186070,1790084391,0.000290985329017
22186266,1790084490,0.000291146580329
22186267,1790084491,0.000291199710617
22186291,1790084503,0.000291777348066
22186327,1790084521,0.000290889151708
22186823,1790084773,0.000291080525757
22186823,1790084773,0.000293653703396
22186823,1790084773,0.00029431351799
22186823,1790084773,0.000294596824341
22187657,1790085196,0.000294720282863
22187660,1790085198,0.000294885841978
22187741,1790085239,0.00029237292664
22187940,1790085340,0.000285320984537
22187942,1790085341,0.0002856274445
22187942,1790085341,0.000285680077598
22188228,1790085486,0.000286474894169
22188510,1790085629,0.000283949266301
22188511,1790085630,0.000284020542553
22188721,1790085736,0.000272592943963
22188722,1790085737,0.000272679125024
22188858,1790085806,0.000273004997205
22188903,1790085828,0.000273173573168
22189169,1790085963,0.000275461980627
22189262,1790086011,0.000291965981097
22189263,1790086011,0.000291905183657
22189263,1790086011,0.000291813765214
22189515,1790086139,0.000297400943123
22189516,1790086140,0.000297155099953
22189516,1790086140,0.000297118685255
22190082,1790086427,0.000305656814714
22190082,1790086427,0.000305342696673
22190084,1790086428,0.000305284469216
22190084,1790086428,0.000305231607827
22190257,1790086516,0.000306788500776
22190258,1790086516,0.000306721508766
22190334,1790086555,0.000315420135187
22190335,1790086555,0.00031503883137
22190336,1790086556,0.000314970311074
22190337,1790086556,0.000314566510435
22190831,1790086807,0.000315262843141
22191085,1790086936,0.000316845080135
22191087,1790086937,0.000316767439123
22191419,1790087105,0.000313297539767
22191493,1790087143,0.000322604248207
22191495,1790087144,0.000322348284153
22191495,1790087144,0.000322296649252
22191510,1790087152,0.000323896417496
22191510,1790087152,0.000323832721463
22191578,1790087186,0.000323302306922
22191697,1790087247,0.000325772369745
22191699,1790087247,0.000325687987501
22191700,1790087248,0.00032566406697
22191925,1790087362,0.000329341414108
22191927,1790087363,0.000329183205742
22191928,1790087364,0.000329158774681
22192112,1790087457,0.000331597177004
22192113,1790087457,0.000331493852788
22192170,1790087486,0.000333287705311
22192171,1790087487,0.000333210053169
22192172,1790087487,0.000333181948478
22192214,1790087509,0.00033543642232
22192215,1790087509,0.000335340403729
22192252,1790087528,0.000332642081197
22192275,1790087540,0.00034513488872
22192277,1790087541,0.000344660372616
22192277,1790087541,0.000344578778262
22192278,1790087541,0.000344576554659
22192581,1790087695,0.00034334941075
22192733,1790087772,0.000343897971107
22192736,1790087774,0.000348052186577
22192737,1790087774,0.000347951162148
22192738,1790087775,0.000347928623503
22192759,1790087785,0.000347494696048
22192769,1790087790,0.000344984890572
22192878,1790087846,0.000345166752253
22192960,1790087887,0.000345718140896
22192971,1790087893,0.000344541988686
22193018,1790087917,0.000340571804458
22193030,1790087923,0.00033952929667
22193248,1790088033,0.000353887361158
22193249,1790088034,0.000353619520262
22193249,1790088034,0.000353578538613
22193631,1790088228,0.000348010707186
22193779,1790088303,0.000349839437467
22193838,1790088333,0.000352353134779
22193919,1790088374,0.000352798895857
22193928,1790088379,0.000352817470397
22194122,1790088477,0.000345559808446
22194137,1790088485,0.000338523806259
22194138,1790088485,0.000338605743478
22194183,1790088508,0.000340427871951
22194408,1790088622,0.000338744570577
22194414,1790088625,0.000334924290202
22194424,1790088630,0.000333061777017
22194726,1790088783,0.000330869147961
22194727,1790088784,0.000330899370036
22195024,1790088935,0.000331286804521
22195051,1790088948,0.000331376614885
22195207,1790089028,0.000331028328582
22195357,1790089104,0.000330493565517
22195556,1790089205,0.000327158198825
22195558,1790089206,0.0003271834857
22195910,1790089384,0.000325529279376
22195937,1790089398,0.0003067804377
22195938,1790089398,0.000307274423118
22195938,1790089398,0.000307413728152
22195976,1790089418,0.000307612016671
22195978,1790089419,0.000304158506378
22195979,1790089419,0.000304290046483
22196171,1790089517,0.00030410762575
22196278,1790089571,0.00030445176017
22196287,1790089576,0.000304538039897
22196417,1790089642,0.000304883281042
22196487,1790089677,0.000305225262433
22196524,1790089696,0.000304699975476
22196661,1790089766,0.000305041854075
22196683,1790089777,0.000305212865258
22196742,1790089807,0.000304077722989
22196790,1790089831,0.000304265919941
22196991,1790089933,0.000307725590195
22197043,1790089959,0.000307668610292
22197130,1790090003,0.000311147517458
22197131,1790090004,0.000311012354563
22197131,1790090004,0.000310979029261
22197259,1790090069,0.000311851575837
22197650,1790090267,0.000312725344796
22197651,1790090268,0.000312651279996
22197990,1790090440,0.000313456131783
22198322,1790090608,0.000306701704479
22198707,1790090804,0.000306218695265
22198745,1790090823,0.000306656463091
22198775,1790090838,0.00030748824648
22198776,1790090839,0.000306515937564
22198786,1790090844,0.000287490838197
22198788,1790090845,0.000287587660206
22198789,1790090845,0.000287589291881
22198990,1790090948,0.000287755675121
22199027,1790090966,0.000287558473296
22199060,1790090983,0.000287724847621
22199104,1790091005,0.000287237960829
22199115,1790091011,0.000286970699702
22199180,1790091044,0.000285479211865
22199222,1790091065,0.000285512562892
22199378,1790091144,0.000287916237866
22199416,1790091163,0.000291281938647
22199470,1790091191,0.000290898916914
22199534,1790091224,0.000291236340687
22199551,1790091232,0.000292160368954
22199660,1790091287,0.000292676533289
22199712,1790091314,0.000292760451362
22199713,1790091314,0.000294115630323
22200071,1790091496,0.000294149210686
22200202,1790091563,0.000294657220118
22200205,1790091564,0.000283206076256
22200345,1790091635,0.000282493325043
22200416,1790091671,0.000282748583968
22200709,1790091820,0.000282914891843
22201007,1790091971,0.000260671648234
22201008,1790091971,0.000260831332505
22201009,1790091972,0.000260832824719
22201010,1790091972,0.000260834623951
22201361,1790092150,0.000260312663394
22201437,1790092189,0.000260426451935
22201498,1790092220,0.000260585741831
22201667,1790092306,0.000260665405041
22202128,1790092540,0.000267250749135
22202368,1790092661,0.000267379771051
22202535,1790092746,0.000266683056409
22202538,1790092748,0.000267004454788
22203020,1790092992,0.00026724446627
22203090,1790093028,0.000262555771126
22203695,1790093335,0.000262844274761
22204027,1790093503,0.00026298743134
22204141,1790093561,0.000263467549885
22204606,1790093797,0.000263198652611
22204624,1790093806,0.00026320185484
22204634,1790093811,0.000262933364116
22205099,1790094047,0.000263414637059
22205560,1790094281,0.000263521700716
22205700,1790094352,0.000263428054159
22206434,1790094724,0.000264700761492
22206470,1790094743,0.000262562918119
22206684,1790094851,0.000262883491854
22207806,1790095420,0.000262683508286
22207826,1790095430,0.000261661245164
22208276,1790095659,0.00026109141376
22208345,1790095694,0.000260531821092
22208346,1790095694,0.000260547550924
22209012,1790096032,0.000277369823501
22209013,1790096033,0.000277234418709
22209013,1790096033,0.000277169501034
22209020,1790096036,0.000274879161167
22209169,1790096112,0.000276517848185
22209188,1790096121,0.000274235564131
22209238,1790096147,0.000282401639373
22209239,1790096147,0.000282176822329
22209348,1790096202,0.000279707925648
22209821,1790096442,0.000288038390306
22209822,1790096443,0.000287796100445
22209823,1790096443,0.000287741157941
22209839,1790096452,0.000291105838209
22209840,1790096452,0.000290932750474
22209841,1790096453,0.000290910703622
22209843,1790096454,0.000290033172022
22209850,1790096457,0.000294767870096
22209851,1790096458,0.000294619651294
22209852,1790096458,0.000294593701248
22210447,1790096760,0.000284746327412
22210893,1790096986,0.000284850450873
22211012,1790097047,0.000275483608217
22211013,1790097047,0.000275689712809
22211013,1790097047,0.00027572072934
22211014,1790097048,0.000275762635318
22211252,1790097169,0.000275805226479
22211475,1790097282,0.000276132960744
22211915,1790097505,0.000276313733813
22211916,1790097505,0.000276412025
22212624,1790097865,0.000274096066801
22212626,1790097866,0.000274193962792
22213928,1790098526,0.0002743479912
22215285,1790099215,0.000274282899746
22215554,1790099351,0.000292407948008
22215555,1790099352,0.000292277089911
22215556,1790099352,0.0002921030545
22215812,1790099482,0.000291902120417
22216255,1790099707,0.000300389493644
22216256,1790099707,0.000299998616465
22216257,1790099708,0.000299944499938
22216814,1790099990,0.000300482878072
22216836,1790100001,0.000287983727788
22216841,1790100004,0.000288504191557
22216856,1790100012,0.000288512568997
22217151,1790100161,0.000290194711415
22217183,1790100178,0.000290306895546
22217324,1790100249,0.000290411029003
22218502,1790100847,0.000291929702704
22219275,1790101239,0.000292182566157
22220029,1790101672,0.000292198608864
22220311,1790101838,0.000292215513044
22220402,1790101904,0.000287289061185
22220403,1790101904,0.000287308536632
22220915,1790102206,0.000287474503313
22220983,1790102253,0.000276794834726
22220985,1790102254,0.000276997371895
22220985,1790102254,0.000277084019453
22221080,1790102302,0.000277068411106
22221113,1790102319,0.000277613093912
22221631,1790102642,0.000284659999608
22221662,1790102658,0.000284908515814
22221676,1790102665,0.000288460171246
22221677,1790102666,0.000288437065762
22221712,1790102683,0.000290939888852
22221713,1790102684,0.000290922585076
22221724,1790102689,0.0002934443518
22221725,1790102690,0.000293426804176
22221730,1790102692,0.00029595938635
22221731,1790102693,0.000295941934391
22221736,1790102696,0.000296788189033
22221743,1790102699,0.000297635624769
22221746,1790102705,0.000302383574896
22221748,1790102705,0.000302338315939
22221755,1790102709,0.000303622037083
22221763,1790102717,0.000309535922825
22221763,1790102717,0.000310401379714
22221763,1790102717,0.000302170247294
22221765,1790102718,0.000302185895212
22221797,1790102742,0.000302185449204
22221825,1790102760,0.000303633751018
22221831,1790102767,0.000305057771525
22222076,1790102903,0.000305143167565
22222121,1790102938,0.000305185729131
22222121,1790102938,0.000304804951896
22222151,1790102957,0.000305660240578
22222201,1790102987,0.000307068166649
22222328,1790103051,0.000310435467005
22222339,1790103061,0.000313280458509
22222526,1790103173,0.000314975704402
22222542,1790103181,0.000316250012935
22222551,1790103186,0.000317526903422
22222591,1790103210,0.000314674107891
22223591,1790103735,0.000307979565546
22223607,1790103743,0.000306375653474
22224489,1790104190,0.000308488037996
22225582,1790104744,0.000309352026447
22225598,1790104752,0.000305858337996
22225929,1790104920,0.000302287088584
22225930,1790104920,0.000302306754152
22225984,1790104948,0.000302244341359
22226020,1790104966,0.00030118601602
22226068,1790104991,0.000302040144661
22226422,1790105170,0.000295897404894
22227951,1790105946,0.000279725785217
22227952,1790105946,0.00027979176761
22227953,1790105947,0.000279926099697
22227988,1790105965,0.000279231494147
22228091,1790106017,0.000255811087181
22228092,1790106017,0.000255971089409
22228162,1790106053,0.000253433686316
22228200,1790106072,0.000253933300572
22228275,1790106110,0.000250186346411
22228276,1790106111,0.000250218211136
22228312,1790106129,0.000248541077579
22228671,1790106311,0.00025480043314
22228685,1790106318,0.000252906872194
22228694,1790106323,0.000252793647345
22228700,1790106326,0.000257067831931
22228701,1790106326,0.000257036825483
22228703,1790106327,0.000257825500527
22228704,1790106328,0.000262141836868
22228705,1790106328,0.000261977342035
22228706,1790106329,0.000261942890876
22228717,1790106334,0.000262478069158
22229215,1790106587,0.000262637023599
22230347,1790107161,0.000262475952531
22230348,1790107162,0.000262398839568
22230838,1790107410,0.000265604296444
22230839,1790107411,0.000265466350418
22230840,1790107412,0.000265439482318
22231013,1790107499,0.000270282692096
22231014,1790107500,0.000270072067037
22231015,1790107500,0.000270038315153
22231540,1790107767,0.000271216547029
22231541,1790107767,0.000271175508295
22231893,1790107946,0.00028830706542
22231894,1790107946,0.000287769923778
22231894,1790107946,0.000287643108435
22232620,1790108315,0.000289075419457
22233089,1790108553,0.000288683624225
22233089,1790108553,0.000288417220386
22233097,1790108557,0.00028826333192
22233190,1790108604,0.000295339780783
22233191,1790108604,0.000294985244898
22233191,1790108604,0.000294960336528
22234116,1790109074,0.000299814033835
22234117,1790109074,0.000299637702078
22234118,1790109075,0.000299605070852
22234438,1790109237,0.000302086714387
22234439,1790109237,0.000301946815261
22234798,1790109420,0.000301893623336
22235182,1790109614,0.000303597215872
22235183,1790109615,0.00030353600224
22235917,1790109987,0.000302098263256
22237170,1790110623,0.000301727481427
22237315,1790110697,0.00030016302232
22238194,1790111143,0.000317505016957
22238195,1790111143,0.000316875223338
22238195,1790111143,0.000316768157679
22238597,1790111347,0.00031716104072
22238683,1790111391,0.00031735750489
22238779,1790111439,0.000317406596451
22239414,1790111762,0.00031772241777
22239414,1790111762,0.000318942895209
22239415,1790111762,0.000319119525559
22239416,1790111763,0.000319148446228
22239636,1790111874,0.000320899804079
22239970,1790112044,0.000320915306406
22241594,1790112868,0.000321039324186
22242356,1790113254,0.000321631697206
22246758,1790115488,0.000318990778443
22246863,1790115541,0.000310453026515
22246864,1790115541,0.000310511117137
22246906,1790115563,0.000310522875874
22247277,1790115751,0.000310693826886
22247411,1790115819,0.000310747316235
22247411,1790115819,0.000310857270659
22247707,1790115969,0.000309765229549
22247708,1790115969,0.000309820669029
22247708,1790115969,0.000309844983294
22247899,1790116067,0.000309850792894
22248966,1790116608,0.00031141548073
22249617,1790116938,0.000308567386348
22249709,1790116984,0.000308405022847
22249710,1790116985,0.000308450048444
22250636,1790117455,0.000297347767594
22250636,1790117455,0.000297783548448
22250638,1790117455,0.000297861489645
22252884,1790118594,0.000297864251429
22253505,1790118909,0.000298034055673
22253506,1790118910,0.000298162738007
22253507,1790118910,0.000298183090012
22254628,1790119479,0.000298353876074
22255157,1790119748,0.000298507625335
22255314,1790119827,0.000298558538803
22255332,1790119836,0.000291907543326
22255333,1790119837,0.00029216958683
22255334,1790119837,0.000292212307347
22255682,1790120014,0.000292070643433
22255821,1790120085,0.000291488395542
22256668,1790120514,0.000291323469605
22259475,1790121938,0.000291426339922
22259476,1790121939,0.00029144516377
22259602,1790122003,0.000284507399026
22259603,1790122003,0.000284553924543
22260629,1790122524,0.000283359028765
22260630,1790122524,0.000283429256487
22262149,1790123295,0.000283363626634
22262523,1790123485,0.000280526331734
22262524,1790123485,0.000280649669331
22262525,1790123486,0.000280676109333
22262553,1790123500,0.000282331129052
22263863,1790124164,0.000282386518611
22263864,1790124165,0.000282552719986
22263874,1790124170,0.000282492998269
22264032,1790124250,0.00027589624641
22264034,1790124251,0.000275942038611
22264104,1790124287,0.000266561196996
22264105,1790124287,0.000266623627214
22264184,1790124327,0.000256638942083
22264185,1790124328,0.000256824670099
22264185,1790124328,0.000256906367363
22264187,1790124329,0.000256907653972
22264266,1790124369,0.00025502764897
22264267,1790124369,0.000255103691069
22264825,1790124652,0.000255894029506
22265519,1790125004,0.000255857233604
22265528,1790125009,0.000256405615811
22265637,1790125064,0.000254547871116
22266037,1790125267,0.000255337348755
22266086,1790125292,0.000257237082415
22266190,1790125345,0.00025758263901
22266325,1790125413,0.000257709353585
22266882,1790125696,0.00025871044915
22266925,1790125718,0.000261447413173
22267079,1790125796,0.000261253471883
22267183,1790125848,0.000245854993798
22267184,1790125849,0.0002459671308
22267184,1790125849,0.00024601254051
22267186,1790125850,0.00024647407173
22267253,1790125884,0.000246627794167
22267258,1790125887,0.000251140675144
22267422,1790125970,0.000244731842933
22267423,1790125970,0.000244783955639
22267494,1790126006,0.000241002833872
22267495,1790126007,0.000241162227846
22267496,1790126007,0.00024119412683
22267520,1790126019,0.000241201786656
22267529,1790126024,0.000235548219236
22267530,1790126025,0.000235782662069
22267531,1790126025,0.000235819025606
22267598,1790126059,0.000238087140004
22267612,1790126066,0.000238344012688
22267758,1790126140,0.000238348581337
22267823,1790126173,0.000238288839863
22267958,1790126242,0.00023836517164
22267986,1790126256,0.00023912725023
22268021,1790126274,0.000239890545098
22268058,1790126292,0.000240655056246
22268188,1790126358,0.000242176185384
22268234,1790126382,0.000243717544549
22268235,1790126382,0.000244644707024
22268249,1790126389,0.000244721431227
22268268,1790126399,0.000244798786347
22268346,1790126438,0.000244891628627
22268626,1790126581,0.000245759005399
22268626,1790126581,0.00024598107316
22268964,1790126752,0.000246136193249
22269172,1790126857,0.00025395453924
22270390,1790127476,0.000261875119712
22270390,1790127476,0.000261806063766
22270419,1790127490,0.000262037644781
22270419,1790127490,0.000262490224481
22270576,1790127570,0.000263596877379
22270576,1790127570,0.000263877116855
22270888,1790127728,0.000263446251701
22270972,1790127771,0.000263360205338
22271402,1790127989,0.000264958586934
22271556,1790128067,0.000256430531717
22271557,1790128067,0.000256715651129
22271557,1790128067,0.000256763614959
22271583,1790128080,0.000265337777484
22271991,1790128287,0.000265659234321
22272038,1790128311,0.000273736103646
22272039,1790128312,0.000273702470908
22272218,1790128403,0.000273535194679
22272255,1790128421,0.000273662918999
22272970,1790128784,0.000273712726684
22273003,1790128801,0.000274362295758
22273034,1790128816,0.000275187211056
22273528,1790129067,0.000275058418247
22274051,1790129332,0.00027452968801
22274208,1790129412,0.000274212168937
22274458,1790129539,0.000282793487177
22275599,1790130118,0.000283122850348
22275612,1790130124,0.000287923177777
22275613,1790130125,0.000287906545882
22276363,1790130505,0.000285491458633
22277292,1790130977,0.000285202573804
22277686,1790131177,0.000283259341936
22277741,1790131204,0.000285761345855
22278200,1790131437,0.000286030684861
22278352,1790131514,0.000286381305862
22278516,1790131598,0.000286464149218
22278760,1790131721,0.000286418992566
22279059,1790131873,0.000286357501097
22279355,1790132023,0.00028641529682
22279429,1790132061,0.00028807453856
22279635,1790132165,0.000287658334929
22280107,1790132405,0.000301198147817
22280108,1790132405,0.00030117304772
22280146,1790132425,0.000300974006848
22280429,1790132568,0.000300921857295
22280448,1790132578,0.000300869721294
22280695,1790132703,0.000301040931756
22280734,1790132723,0.000303547186566
22280966,1790132841,0.000301445102736
22281249,1790132984,0.000303031155456
22281306,1790133013,0.000302911214118
22281467,1790133095,0.000302878091236
22281637,1790133181,0.000293488518607
22281837,1790133283,0.000293320336781
22282008,1790133369,0.000293377311514
22282207,1790133470,0.000293450922807
22282289,1790133512,0.000293263264873
22282919,1790133832,0.000293347944498
22282993,1790133869,0.000295624508199
22283596,1790134175,0.000283548983605
22283597,1790134175,0.000283614787271
22283759,1790134258,0.000281715986378
22284525,1790134646,0.000281691800707
22284939,1790134856,0.000280887824135
22285278,1790135028,0.00028021495757
22285583,1790135183,0.000280300766714
22286239,1790135516,0.000280418947635
22286656,1790135727,0.000278970509844
22286891,1790135847,0.000274828377221
22286892,1790135847,0.000274856597448
22287169,1790135988,0.000274720097572
22287581,1790136197,0.000268345314927
22287582,1790136197,0.000268572152786
22287583,1790136198,0.000268601048613
22288179,1790136500,0.000268764354896
22288396,1790136610,0.000268746643638
22288665,1790136747,0.000268438323915
22289013,1790136923,0.000268616576472
22289292,1790137065,0.000268312192553
22289555,1790137198,0.000268391663755
22289604,1790137223,0.000254868582291
22289604,1790137223,0.000255329767306
22289604,1790137223,0.00025543260506
22289605,1790137224,0.000255434447894
22289649,1790137246,0.000255592520151
22290324,1790137588,0.00025567094213
22290538,1790137697,0.00025598475034
22290729,1790137794,0.000253141718036
22290845,1790137853,0.000252511583835
22290896,1790137879,0.000250517722332
22290897,1790137879,0.000250534050125
22290926,1790137894,0.000250690599
22291082,1790137973,0.00025137827026
22291447,1790138158,0.000250821887331
22291840,1790138358,0.000251684005618
22291854,1790138365,0.000251765055077
22291870,1790138373,0.000251921988025
22291983,1790138430,0.000252078969868
22292036,1790138457,0.00025239229472
22292039,1790138458,0.000252859108767
22292074,1790138476,0.000254418270539
22292077,1790138478,0.000255982224543
22292147,1790138513,0.000256219605326
22292169,1790138524,0.000256694696936
22292340,1790138611,0.000262866750318
22292418,1790138651,0.000264456419945
22292620,1790138753,0.000252025170236
22292885,1790138888,0.000217367501623
22292886,1790138888,0.000217571664149
22292886,1790138888,0.000217601052114
22292886,1790138888,0.000217604199345
22292887,1790138889,0.000217605583573
22292887,1790138889,0.000219342040529
22292888,1790138889,0.000219343408926
22293024,1790138958,0.000221104417059
22293049,1790138971,0.000221395660122
22293050,1790138971,0.000223608273786
22293089,1790138991,0.000192247216314
22293090,1790138992,0.000193137376323
22293090,1790138992,0.000193278033188
22293091,1790138992,0.000193279021435
22293092,1790138993,0.000194642474508
22293092,1790138993,0.000195053024976
22293096,1790138995,0.000196422709984
22293216,1790139056,0.000203395902339
22293217,1790139056,0.000203380019517
22293228,1790139062,0.000205515104574
22293230,1790139063,0.000205500407136
22293231,1790139063,0.000206906231727
22293242,1790139069,0.00020831684855
22293243,1790139069,0.000208297383433
22293243,1790139069,0.000209011604181
22293271,1790139084,0.000210443712828
22293272,1790139084,0.000210428605084
22293297,1790139097,0.000211283286718
22293329,1790139113,0.000219535086799
22293330,1790139113,0.000219450074966
22293330,1790139113,0.000219385620228
22293396,1790139147,0.00021942912439
22293589,1790139245,0.000220881731107
22293590,1790139245,0.000220862998544
22293609,1790139255,0.000224440103673
22293610,1790139255,0.000224370774548
22293611,1790139256,0.000224336309163
22293625,1790139263,0.000224334815039
22293712,1790139307,0.000223193992388
22294201,1790139555,0.000236687724181
22294202,1790139556,0.000236599256023
22294218,1790139564,0.000239643564454
22294219,1790139564,0.000239622492516
22294235,1790139573,0.000242686127142
22294236,1790139573,0.000242664587587
22294237,1790139574,0.000242662756941
22294256,1790139583,0.000244201797938
22294351,1790139631,0.000246494251566
22294352,1790139632,0.000246467736846
22294708,1790139813,0.000230300420273
22294709,1790139813,0.000230346569801
22294751,1790139835,0.000229632403103
22294949,1790139935,0.000229722132589
22295060,1790139991,0.00022928753848
22295060,1790139991,0.000228662291313
22295159,1790140042,0.000228810356003
22295249,1790140087,0.000229526961387
22295249,1790140087,0.000229741571931
22295576,1790140253,0.000229868883407
22295825,1790140379,0.000230166981774
22295903,1790140419,0.000230241813965
22295991,1790140463,0.00022882861155
22295992,1790140464,0.000228873235261
22296178,1790140558,0.000229617525431
22296481,1790140712,0.000229647196315
22296731,1790140839,0.000237125059759
22296874,1790140911,0.000246349757862
22296875,1790140912,0.000246296771039
22296997,1790140974,0.000247068850103
22297117,1790141035,0.000246731706405
22297274,1790141114,0.000247197922748
22297396,1790141176,0.000255032981466
22297397,1790141177,0.000254971404614
22297398,1790141177,0.000254969957053
22297473,1790141215,0.000255048283473
22297477,1790141217,0.000255126621922
22297480,1790141219,0.000255204972401
22297484,1790141221,0.000255283334908
22297488,1790141223,0.000255361709444
22297492,1790141225,0.000255440096009
22297496,1790141227,0.000255518494604
22298255,1790141612,0.000255522446464
22298308,1790141639,0.000256131397707
22298609,1790141792,0.000255388268179
22298641,1790141808,0.000253713749891
22298753,1790141865,0.000249897599316
22298811,1790141894,0.00025766013532
22298828,1790141903,0.000249897599316
22298853,1790141916,0.000249911829559
22298891,1790141935,0.000246920017627
22298892,1790141935,0.000246940324746
22298949,1790141964,0.000246728347609
22299057,1790142019,0.000247233224626
22299093,1790142037,0.000247788165065
22299288,1790142136,0.000241274436971
22299289,1790142137,0.000241312267915
22299953,1790142474,0.000239449323522
22299955,1790142475,0.000239461989663
22300644,1790142824,0.000239765078252
22300748,1790142877,0.000239916694431
22300957,1790142983,0.000234530775339
22300958,1790142984,0.000234563752697
22301427,1790143222,0.00023465444044
22302437,1790143734,0.00023480473537
22302644,1790143839,0.000235901128518
22303310,1790144177,0.000236082118922
22303516,1790144281,0.000236023402304
22303600,1790144324,0.00023632734802
22303862,1790144457,0.000236783633308
22303934,1790144494,0.000238303946048
22304647,1790144855,0.000241359166878
22305469,1790145272,0.000241337074035
22305616,1790145347,0.000241194321702
22305672,1790145375,0.000241157672272
22306400,1790145745,0.000241464290383
22306652,1790145873,0.000239601170689
22306653,1790145873,0.000239615876394
22306770,1790145933,0.000239162026147
22307449,1790146277,0.00023817311835
22309405,1790147270,0.000236175579208
22309407,1790147270,0.000236198834816
22309591,1790147364,0.000236111545762
22309669,1790147403,0.000208807727387
22309670,1790147404,0.000208950648479
22309670,1790147404,0.0002089523315
22309788,1790147464,0.000209667673266
22309869,1790147505,0.000212534055805
22309945,1790147543,0.000222597908881
22309946,1790147544,0.000222548718739
22310088,1790147616,0.00022328694758
22310139,1790147642,0.000222224423878
22310179,1790147662,0.000223701028705
22310404,1790147776,0.00022789315907
22310408,1790147778,0.000227846402224
22310423,1790147786,0.000227957808201
22310829,1790147992,0.000224707454564
22311579,1790148372,0.000224505317345
22311639,1790148403,0.000224491538601
22311710,1790148439,0.000224638543392
22312004,1790148588,0.000222932742596
22312074,1790148624,0.000212117765056
22312076,1790148624,0.000212173250017
22312236,1790148706,0.00021180248273
22312293,1790148734,0.000210106654736
22312294,1790148735,0.000210120780577
22312362,1790148769,0.00021298194064
22312555,1790148867,0.000212877452468
22312562,1790148871,0.000212799136791
22312573,1790148877,0.000212564448891
22312747,1790148965,0.000212348966489
22313005,1790149096,0.000213792443909
22313653,1790149424,0.000215254363768
22314392,1790149799,0.000215776989272
22314941,1790150078,0.000213607016655
22314983,1790150099,0.000213751570604
22315936,1790150583,0.000212818158212
22316028,1790150630,0.00020993345337
22316056,1790150644,0.000200963873363
22316057,1790150644,0.000201286493828
22316057,1790150644,0.000201324396228
22316363,1790150800,0.000201464733364
22316368,1790150802,0.000201605119397
22316505,1790150872,0.000200311512703
22316506,1790150872,0.000200368765738
22316554,1790150896,0.000198121386824
22316555,1790150897,0.000198209048676
22316555,1790150897,0.000198236824606
22316556,1790150897,0.000202393597672
22316618,1790150929,0.000202414532109
22316640,1790150940,0.000193262101228
22316641,1790150941,0.000193336783151
22316641,1790150941,0.000193378173721
22316642,1790150941,0.000193379555201
22316652,1790150946,0.000194060859673
22316793,1790151018,0.000190694026964
22316794,1790151018,0.000190727353052
22316823,1790151033,0.000185343264242
22316824,1790151033,0.000185411272133
22316824,1790151033,0.000185451790323
22316889,1790151066,0.000184992308354
22316941,1790151093,0.000176446736935
22316942,1790151093,0.000176557582509
22316942,1790151093,0.000176616732908
22316951,1790151098,0.000176618203459
22317003,1790151124,0.000176749649424
22317050,1790151148,0.000178053602627
22317115,1790151181,0.000191493527005
22317116,1790151181,0.000191437911385
22317126,1790151187,0.000190090519043
22317182,1790151215,0.000190226953222
22317183,1790151215,0.000190265191851
22317184,1790151216,0.000190401347804
22317281,1790151265,0.000190926407232
22317341,1790151296,0.000190939934952
22317358,1790151304,0.000190621212785
22317453,1790151352,0.000192259003363
22317467,1790151360,0.000195417684067
22317475,1790151364,0.000199576380059
22317476,1790151364,0.000199537031857
22318358,1790151812,0.000204922961553
22318359,1790151812,0.000204885017078
22318360,1790151813,0.000204883258505
22318690,1790151980,0.00021398221644
22318691,1790151981,0.000213940899733
22318692,1790151981,0.000213900748792
22318713,1790151992,0.000214045112723
22319196,1790152237,0.000214266690891
22319325,1790152302,0.000214474675104
22319325,1790152302,0.000214641403937
22319326,1790152303,0.000214716532974
22319334,1790152307,0.000214817978014
22319400,1790152340,0.000215888233514
22319656,1790152470,0.000215928435198
22319797,1790152542,0.000216091929409
22319915,1790152602,0.000216497179737
22320040,1790152665,0.000216162860797
22320467,1790152882,0.000217180500359
22320525,1790152911,0.000217320635632
22320525,1790152911,0.000217560799504
22320526,1790152912,0.000217576809999
22320673,1790152986,0.000216556386965
22320771,1790153036,0.000217430410319
22320845,1790153073,0.000217507446043
22320884,1790153093,0.000217430410319
22321031,1790153168,0.000217721752284
22321331,1790153320,0.000219817069613
22321796,1790153556,0.000220739279411
22321863,1790153590,0.000210569029371
22321864,1790153590,0.000210811661455
22321864,1790153590,0.000210861322054
22322084,1790153702,0.000213142270943
22322304,1790153813,0.000213321330047
22322322,1790153823,0.000213010779109
22322468,1790153897,0.000214969884109
22322660,1790153994,0.000215194143072
22322896,1790154114,0.000216632831171
22322903,1790154118,0.000217353972674
22322991,1790154162,0.000217382840372
22323013,1790154173,0.000217125022826
22323268,1790154303,0.000212508807904
22323515,1790154428,0.000212092104099
22324004,1790154676,0.000211092919251
22324528,1790154942,0.000205084921323
22324529,1790154942,0.000205131378487
22325725,1790155549,0.000204455910903
22326023,1790155700,0.000211569036418
22326121,1790155750,0.000209836257771
22326123,1790155751,0.000211267590593
22326184,1790155782,0.000207043624434
22326271,1790155826,0.000207753912605
22326441,1790155912,0.000195866094002
22326441,1790155912,0.00019594509165
22326441,1790155912,0.000196374193119
22326504,1790155944,0.000196089769279
22326730,1790156059,0.000197431922486
22326831,1790156110,0.000198820377727
22327064,1790156228,0.000199236514762
22327113,1790156253,0.000198252630108
22327267,1790156331,0.000197646048838
22327485,1790156442,0.000195890816203
22328052,1790156730,0.000196029246926
22328053,1790156730,0.000196072843387
22328257,1790156834,0.000198155185454
22328359,1790156885,0.000196876389456
22328440,1790156926,0.000197004165587
22328441,1790156927,0.000197086981233
22328588,1790157001,0.000197225833888
22328597,1790157006,0.000196995847941
22328758,1790157088,0.000196444638568
22329505,1790157467,0.000195896668454
22329562,1790157496,0.000195898878534
22330108,1790157773,0.000197281942107
22330109,1790157773,0.000197128065785
22330110,1790157774,0.000197090157426
22330124,1790157781,0.000197080158797
22330933,1790158191,0.000203298085168
22331046,1790158249,0.000202988619192
22331138,1790158295,0.000208663392841
22331139,1790158296,0.000208629613402
22331140,1790158296,0.000208612136449
22331369,1790158413,0.000209036556315
22331444,1790158450,0.00021046588103
22331445,1790158451,0.000210441668804
22331446,1790158451,0.000210428787768
22331807,1790158635,0.000202227015689
22332030,1790158748,0.00020183298596
22332423,1790158947,0.000203096203582
22332550,1790159012,0.000203173210215
22332674,1790159074,0.000203173211625
22332739,1790159107,0.000201999523581
22332824,1790159151,0.000202003697871
22333097,1790159289,0.000202001383681
22333114,1790159298,0.000204821191094
22333389,1790159437,0.000204821331205
22333702,1790159596,0.00021194075614
22333725,1790159607,0.000214822581935
22333726,1790159608,0.000214777150397
22333790,1790159640,0.000212500773529
22333793,1790159642,0.000220878696094
22333794,1790159642,0.000220851392267
22334417,1790159958,0.000220769822542
22335232,1790160372,0.000220757968254
22335658,1790160588,0.000220411240017
22336361,1790160944,0.000223357286534
22336361,1790160944,0.00022333975301
22336798,1790161166,0.000216187993322
22336816,1790161175,0.00021666711899
22336999,1790161268,0.000215714565377
22337087,1790161312,0.000215818775625
22337270,1790161405,0.000215833267132
22338029,1790161790,0.000227785203951
22338029,1790161790,0.000227754144885
22338377,1790161966,0.000227456558083
22339320,1790162444,0.00022688836466
22339793,1790162683,0.00022681614943
22339848,1790162711,0.000226628599129
22339991,1790162784,0.000224497511003
22340105,1790162841,0.000222923154725
22340148,1790162863,0.000222473294849
22340589,1790163087,0.000222290476698
22341715,1790163658,0.000222656865274
22342093,1790163850,0.000220351829741
22342883,1790164251,0.000220025463083
22342884,1790164251,0.000220038115039
22343598,1790164613,0.000219654914004
22344115,1790164876,0.000219492413808
22344311,1790164975,0.000227603741355
22344673,1790165159,0.000228345966377
22344811,1790165229,0.00022879336243
22346421,1790166046,0.000249588282638
22346422,1790166046,0.000248623036902
22346422,1790166046,0.00024850960427
22346957,1790166317,0.000251604719506
22346957,1790166317,0.000251449283794
22346958,1790166318,0.000251425449797
22346966,1790166322,0.000254068000853
22346966,1790166322,0.000253927729506
22346967,1790166323,0.000253910270642
22346987,1790166333,0.000255541688544
22346987,1790166333,0.000255455507171
22347295,1790166489,0.000251572218601
22347335,1790166509,0.000251239352811
22347552,1790166619,0.000251211649591
22347619,1790166653,0.000251123071053
22347812,1790166751,0.000248600119207
22347918,1790166805,0.000245384915132
22348018,1790166856,0.000245321745747
22348025,1790166859,0.00024539900204
22348172,1790166934,0.000241058374278
22348172,1790166934,0.00023367012008
22348173,1790166934,0.00023368671273
22348631,1790167167,0.000226369637421
22348632,1790167167,0.000226418092319
22348632,1790167167,0.000226495371793
22349353,1790167533,0.000226142917925
22349904,1790167813,0.000225411886514
22349905,1790167813,0.000225468793218
22350448,1790168089,0.000222940473353
22350617,1790168174,0.000221988509893
22350943,1790168340,0.000221329228806
22351365,1790168554,0.000236285584077
22351366,1790168554,0.000236199458301
22351477,1790168611,0.000234396825293
22351733,1790168740,0.000240734286424
22351734,1790168741,0.000240685844098
22352070,1790168911,0.000243557102249
22352173,1790168963,0.000244808103
22352460,1790169109,0.000244640727034
22352493,1790169126,0.000244068412025
22353078,1790169423,0.000243238495633
22353389,1790169580,0.000244783226343
22353423,1790169598,0.00024173965317
22353441,1790169607,0.000243279624732
22353457,1790169615,0.000244824485829
22353472,1790169623,0.00024637423646
22353486,1790169630,0.000247928876625
22353499,1790169636,0.000249488406325
22353511,1790169642,0.000251052825559
22353511,1790169642,0.000250993232498
22353512,1790169643,0.000250973070879
22353627,1790169701,0.000232225657706
22353628,1790169702,0.000232287463082
22353927,1790169853,0.000231675861772
22354185,1790169984,0.000233168537984
22354311,1790170048,0.000240743073529
22354317,1790170051,0.00024018437337
22354919,1790170357,0.000239569940566
22355160,1790170479,0.000238735799285
22355539,1790170671,0.000238872990187
22356125,1790170968,0.000237953708931
22356132,1790170972,0.000236715476561
22356803,1790171312,0.000236533685174
22356812,1790171317,0.000235276874627
22356954,1790171389,0.000234557047943
22360163,1790173016,0.000232772248236
22360456,1790173165,0.000231385657662
22361119,1790173502,0.000230645574937
22361231,1790173558,0.000229909037253
22361232,1790173559,0.000229925082242
22361408,1790173648,0.000230296354362
22361418,1790173653,0.000230593587709
22361514,1790173702,0.00023006756079
22361653,1790173772,0.000226621015041
22361654,1790173773,0.0002266434884
22362189,1790174044,0.000214205330967
22362190,1790174045,0.00021446107216
22362190,1790174045,0.000214489110221
22362302,1790174101,0.000215433625951
22362327,1790174114,0.000215578070564
22362592,1790174249,0.000216731432439
22363167,1790174540,0.000214266713588
22363791,1790174857,0.000215704511106
22364089,1790175008,0.000215690567441
22364631,1790175283,0.000215969311448
22365148,1790175546,0.00021502135084
22365464,1790175706,0.000213455228918
22365542,1790175745,0.000213355574673
22366041,1790175998,0.00021492764933
22366711,1790176338,0.000215214796847
22366865,1790176417,0.000215240300379
22367001,1790176486,0.000214925219675
22367440,1790176708,0.000213642136137
22367470,1790176723,0.000213589504303
22367633,1790176806,0.000208987698212
22367634,1790176806,0.00020900414829
22368019,1790177002,0.000208918238564
22368073,1790177029,0.000209615669883
22368387,1790177188,0.00020958978923
22368796,1790177396,0.000211015945734
22369013,1790177506,0.000212091997474
22369148,1790177575,0.000211937815673
22369385,1790177695,0.000212081083749
22369386,1790177695,0.000214674706838
22369481,1790177743,0.000214819259196
22370350,1790178184,0.000214775749044
22370502,1790178261,0.000217039336004
22370509,1790178265,0.00021702438241
22370560,1790178291,0.000217750480263
22370567,1790178294,0.000215437454044
22370613,1790178317,0.00021580477542
22370615,1790178318,0.00022480115503
22370616,1790178319,0.000224746458199
22370635,1790178329,0.000224749393562
22370684,1790178354,0.000226648953491
22370803,1790178414,0.000227390963842
22370887,1790178456,0.000228795598167
22370896,1790178461,0.000227513411001
22371425,1790178729,0.000227677106197
22371433,1790178733,0.000227840860261
22371437,1790178735,0.000228004673192
22371441,1790178737,0.000228168544992
22372073,1790179058,0.000228254973825
22372868,1790179461,0.000228999606311
22372955,1790179505,0.000232672301267
22373295,1790179678,0.000240256339306
22373296,1790179678,0.000240098524983
22373296,1790179678,0.000240045285874
22373297,1790179679,0.000240043532546
22373521,1790179792,0.000239920987381
22374534,1790180306,0.00023987928818
22375103,1790180595,0.000234408045434
22375152,1790180620,0.000233857712796
22375275,1790180682,0.000232079214331
22375279,1790180684,0.000231754046976
22375368,1790180729,0.000229436600653
22376113,1790181107,0.000231192479298
22376652,1790181380,0.000230841743884
22377188,1790181652,0.000230237226584
22377598,1790181860,0.000233240457894
22377641,1790181882,0.000232601314659
22377694,1790181909,0.00023247254693
22378220,1790182176,0.000228972029409
22378625,1790182381,0.000229135754428
22378814,1790182477,0.000230620089694
22379620,1790182886,0.000230919034535
22379631,1790182892,0.000231068179258
22379651,1790182902,0.000231083180764
22379687,1790182920,0.000231352763058
22379850,1790183003,0.000231652182238
22380468,1790183316,0.000231649110611
22380785,1790183477,0.000230841225583
22380907,1790183539,0.000229417740539
22380909,1790183540,0.000229433121776
22384961,1790185596,0.000229306082276
22385455,1790185846,0.000229332420075
22386955,1790186607,0.000229404712064
22387101,1790186681,0.000232892018632
22387593,1790186931,0.000232870719254
22387605,1790186937,0.0002141567379
22387605,1790186937,0.000214269740106
22388123,1790187200,0.000213151374246
22389350,1790187822,0.000213180178086
22389538,1790187918,0.000218936162987
22390152,1790188229,0.000224768823608
22390153,1790188230,0.00022472822147
22390413,1790188362,0.000224723173882
22390413,1790188362,0.000221400524534
22391952,1790189142,0.000221546956099
22392131,1790189233,0.000215479422289
22392320,1790189329,0.000215623882838
22392356,1790189347,0.000215605836193
22392408,1790189374,0.000213519673463
22392479,1790189410,0.0002136634757
22392927,1790189637,0.000214239745363
22396180,1790191287,0.000204283003435
22396181,1790191288,0.000204304994407
22396387,1790191392,0.000203569087333
22397234,1790191822,0.000203656167652
22397773,1790192095,0.000205043414083
22397911,1790192165,0.0002050575392
22398850,1790192642,0.000206788276579
22400422,1790193439,0.0002014472233
22400423,1790193440,0.000201466336598
22401583,1790194028,0.000200628933959
22401714,1790194095,0.000201059582812
22402081,1790194281,0.000201149824338
22404212,1790195362,0.000201401725336
22406891,1790196733,0.000201394610057
22407358,1790196970,0.00020096796311
22408220,1790197422,0.000200981064088
22408792,1790197721,0.000201843578587
22409226,1790197941,0.000182866924298
22409227,1790197942,0.000183217320763
22409227,1790197942,0.000183329237244
22409228,1790197942,0.000183330380344
22409229,1790197943,0.000183331402698
22409436,1790198048,0.000150852096689
22409437,1790198049,0.000151328585853
22409437,1790198049,0.000151519062154
22409437,1790198049,0.000151821403612
22409438,1790198049,0.000152062756742
22409439,1790198050,0.000152063854301
22409480,1790198070,0.000152429907431
22409558,1790198110,0.000152436555361
22409629,1790198146,0.000152558673524
22409715,1790198190,0.000153286532432
22409748,1790198206,0.000153652582408
22409756,1790198211,0.000154875901815
22409834,1790198250,0.000154893062716
22409891,1790198279,0.000155507500188
22409936,1790198302,0.000155534779048
22410040,1790198354,0.000155657823284
22410140,1790198405,0.000156063158559
22410272,1790198472,0.000158202799118
22410347,1790198510,0.000158077178548
22410390,1790198532,0.000158759003531
22410586,1790198631,0.00015697586034
22410750,1790198715,0.000158017487312
22410844,1790198763,0.000158631588035
22410983,1790198833,0.0001611005332
22411163,1790198924,0.000161288390446
22411411,1790199050,0.000162928190979
22411424,1790199057,0.000162918822176
22411712,1790199203,0.000163043805721
22411783,1790199239,0.000163669442282
22411785,1790199240,0.000163732198368
22411867,1790199281,0.000163795314525
22411940,1790199318,0.000171626099726
22411940,1790199318,0.000171549323369
22411941,1790199319,0.000171487714903
22411947,1790199322,0.000176057840587
22411947,1790199322,0.000175996629555
22411948,1790199323,0.000175964877832
22411949,1790199323,0.000175963005656
22411958,1790199328,0.000176622392223
22412013,1790199356,0.000177833985355
22412691,1790199700,0.000177389357844
22412728,1790199718,0.000177167669146
22412781,1790199745,0.000178566491857
22413524,1790200122,0.000178671958648
22414162,1790200445,0.000178132798668
22414653,1790200694,0.000171456790728
22414654,1790200695,0.000171474148844
22414696,1790200716,0.000174067275025
22416121,1790201439,0.000167616413543
22416122,1790201440,0.000167642243159
22416143,1790201450,0.000167438959103
22416723,1790201744,0.000167262802109
22417304,1790202040,0.00016555729973
22417656,1790202218,0.000166873490635
22418178,1790202483,0.000167128438338
22418230,1790202509,0.000167029808868
22418320,1790202555,0.000167284875909
22418326,1790202558,0.00016396446999
22418412,1790202601,0.000164217186588
22420125,1790203471,0.000162539910263
22420126,1790203472,0.000162552334663
22421508,1790204172,0.000162637793478
22422160,1790204503,0.000155991666464
22422161,1790204504,0.000156084312144
22422161,1790204504,0.000156138513969
22422455,1790204653,0.000156260869616
22422484,1790204668,0.000155483608183
22422679,1790204766,0.000155360770418
22422848,1790204852,0.000155485291594
22423087,1790204973,0.000149153621916
22423088,1790204974,0.000149171031513
22423438,1790205152,0.000147367679074
22423439,1790205152,0.000147379887484
22423466,1790205166,0.000156868497014
22423467,1790205166,0.000156831381237
22423499,1790205182,0.000156437337472
22423725,1790205297,0.000156147755778
22423829,1790205350,0.000156176974114
22424104,1790205490,0.000157805964726
22424763,1790205824,0.000146695810572
22424764,1790205824,0.000146755703001
22424799,1790205842,0.000146875269864
22424850,1790205868,0.000150483550652
22425364,1790206129,0.000150846240415
22426180,1790206543,0.000160556527845
22426181,1790206543,0.000160500749051
22426634,1790206773,0.000160563145349
22426769,1790206841,0.000163703165868
22426770,1790206842,0.000163680640196
22426899,1790206907,0.000163471665633
22426955,1790206936,0.000168557941908
22426955,1790206936,0.000168525298232
22426956,1790206936,0.000168491352115
22427131,1790207025,0.000171460586316
22427132,1790207026,0.000171421582536
22427133,1790207026,0.000171400990453
22427161,1790207040,0.000181090723093
22427161,1790207040,0.000180913764797
22427162,1790207041,0.000180844103584
22427162,1790207041,0.000180841229109
22427193,1790207056,0.00018083263902
22428636,1790207789,0.00018752584312
22428637,1790207789,0.000187480343372
22428680,1790207811,0.000186120088551
22428745,1790207844,0.000186075653616
22428757,1790207850,0.000185400860763
22428808,1790207876,0.00018659058099
22429590,1790208273,0.000187938410945
22430428,1790208698,0.000187494310534
22430632,1790208802,0.000188571693782
22430632,1790208802,0.000190384139617
22430632,1790208802,0.000191559654293
22430632,1790208802,0.000192894786321
22430634,1790208803,0.000192865556839
22430635,1790208803,0.000192849841574
22430636,1790208803,0.000192847833428
22430717,1790208845,0.000192634269456
22430717,1790208845,0.00019240106278
22430843,1790208908,0.000192389480419
22431478,1790209231,0.000190705334033
22431547,1790209266,0.00019062168791
22431921,1790209455,0.000194441308624
22431922,1790209456,0.000194402099684
22431923,1790209456,0.000194383108614
22432363,1790209680,0.000198345792385
22433121,1790210064,0.000200477539305
22434771,1790210901,0.000193893679286
22434772,1790210902,0.000193913722802
22435123,1790211080,0.000194595306504
22435125,1790211081,0.000190577278496
22435126,1790211082,0.000190612501312
22435185,1790211111,0.000190490335359
22435446,1790211244,0.000178074041542
22435446,1790211244,0.000178143765049
22435829,1790211438,0.000178028276537
22436371,1790211713,0.000177539947525
22436654,1790211857,0.000170430366274
22436655,1790211857,0.000170544410187
22436655,1790211857,0.000170606383311
22437155,1790212111,0.000170178833158
22437156,1790212111,0.000170180530001
22437427,1790212249,0.00016542741974
22437428,1790212249,0.000165514731732
22437428,1790212249,0.000165537348023
22438417,1790212751,0.000161184763067
22438418,1790212752,0.000161258550484
22438418,1790212752,0.000161298320662
22438500,1790212793,0.000160394764573
22438526,1790212806,0.000160401583976
22438809,1790212950,0.000159612960203
22438811,1790212951,0.000159641415938
22438812,1790212952,0.000159643013304
22439594,1790213348,0.000156032739541
22439595,1790213349,0.000156057660695
22440052,1790213581,0.000153961245723
22440053,1790213581,0.00015397550299
22440109,1790213610,0.000146248604573
22440109,1790213610,0.000146309333025
22440110,1790213610,0.000146311309961
22440215,1790213663,0.00015232401906
22440216,1790213664,0.000152312655479
22440459,1790213787,0.000153498893059
22440495,1790213806,0.000159274486043
22440496,1790213806,0.000159257179698
22440539,1790213828,0.00016024709205
22440630,1790213874,0.000160495049361
22440660,1790213889,0.00016325779544
22440795,1790213958,0.000163446905915
22440878,1790214000,0.000164449734964
22440879,1790214000,0.000164448245288
22441950,1790214544,0.000164699938275
22442634,1790214891,0.000164508649607
22443013,1790215083,0.000164251336856
22443381,1790215270,0.000160278991222
22443385,1790215272,0.000160072967178
22443781,1790215473,0.000157396038019
22444071,1790215620,0.000157304075918
22444108,1790215638,0.00015654745035
22444243,1790215707,0.000155723189315
22444909,1790216045,0.000155169294585
22445399,1790216293,0.000155230892319
22445762,1790216478,0.000154452905795
22445837,1790216515,0.000151695830885
22445838,1790216516,0.000151725173132
22445898,1790216547,0.00015312357499
22445904,1790216549,0.000153203051937
22445949,1790216573,0.000154089430337
22446212,1790216706,0.000153664274269
22446221,1790216711,0.000150043741803
22446223,1790216711,0.000150076012072
22446223,1790216711,0.000150097339459
22446234,1790216717,0.000148959969585
22446235,1790216717,0.000148979438677
22446370,1790216786,0.000146572464033
22446371,1790216786,0.000146613359671
22446371,1790216786,0.000146646205341
22446975,1790217093,0.000146741831227
22447057,1790217134,0.00014646616653
22447084,1790217148,0.000140132975375
22447084,1790217148,0.000140148995996
22447085,1790217149,0.000140239143616
22447085,1790217149,0.000140266298562
22447086,1790217149,0.000146123566054
22447087,1790217150,0.000146112401631
22447683,1790217452,0.00014886768392
22447883,1790217553,0.000148573165314
22448064,1790217645,0.000148617923668
22448533,1790217883,0.000148407954381
22448837,1790218037,0.000147381317376
22449168,1790218205,0.000146452881421
22449169,1790218206,0.000146467512805
22449863,1790218558,0.000146692716254
22449950,1790218602,0.000150493327572
22450073,1790218665,0.000151214789436
22450188,1790218723,0.000151323157515
22450352,1790218806,0.000151684664789
22450381,1790218821,0.000152046603363
22450600,1790218932,0.000151851516638
22451931,1790219607,0.000150470464725
22452027,1790219656,0.000150603394505
22452404,1790219847,0.000150294986612
22452510,1790219901,0.000150415031282
22452775,1790220036,0.0001502170742
22454567,1790220945,0.000146426856777
22455120,1790221225,0.000146226066929
22455333,1790221334,0.00014579910714
22455979,1790221661,0.000149816452662
22456409,1790221879,0.000149657641534
22457356,1790222360,0.000149191860181
22457475,1790222420,0.000149299501083
22457623,1790222495,0.000149502928695
22458066,1790222720,0.000149622656692
22458514,1790222947,0.00014963465632
22458653,1790223018,0.000149863028903
22459213,1790223302,0.000149887181086
22459675,1790223536,0.000149537436171
22459908,1790223655,0.000149778904103
22460614,1790224013,0.000149374295177
22460833,1790224124,0.000149041725773
22461513,1790224469,0.000149258677787
22462006,1790224719,0.000149231955182
22462011,1790224721,0.000148387099689
22462284,1790224860,0.000144810106986
22462285,1790224860,0.000144821361102
22462621,1790225031,0.000129838876169
22462621,1790225031,0.000129941921242
22462622,1790225031,0.000129943647364
22462625,1790225033,0.000129891848761
22462698,1790225070,0.000129892463648
22462740,1790225091,0.000129005247165
22462928,1790225187,0.000129117028569
22462952,1790225199,0.000129785353796
22463109,1790225278,0.000129352765243
22463298,1790225374,0.000128984299448
22463518,1790225486,0.000128675674345
22463543,1790225498,0.000128645922339
22463708,1790225582,0.000128526654262
22463724,1790225590,0.000128241893518
22463942,1790225701,0.000127680113582
22463972,1790225716,0.000119137959769
22463972,1790225716,0.000119193995071
22463973,1790225717,0.000119247982806
22463973,1790225717,0.000119249013818
22463974,1790225717,0.000121396763864
22463974,1790225717,0.000121940791492
22463977,1790225719,0.000122265790851
22464050,1790225756,0.000121700221631
22464101,1790225782,0.000119713286087
22464102,1790225782,0.000116837576201
22464103,1790225783,0.000116881611867
22464104,1790225783,0.00011682847898
22464104,1790225783,0.000116838208883
22464168,1790225816,0.000116944589644
22464254,1790225859,0.000117050483872
22464380,1790225923,0.000116953444326
22464433,1790225950,0.000117059342562
22464509,1790225989,0.000121170898153
22464605,1790226037,0.000121223068071
22464666,1790226069,0.000120559213084
22464697,1790226084,0.000120593613612
22464773,1790226123,0.000120587958063
22465499,1790226491,0.000121652212112
22465512,1790226498,0.000124864998398
22465756,1790226621,0.00012820907754
22465757,1790226622,0.000128186398416
22466103,1790226797,0.000128242266431
22466321,1790226908,0.00012953075183
22466322,1790226908,0.00012952143788
22466471,1790226984,0.000130580657836
22466566,1790227032,0.000131028531239
22467407,1790227459,0.000123847029396
22467408,1790227459,0.000123879178932
22467469,1790227490,0.000119630219043
22467470,1790227491,0.000119658347725
22467475,1790227493,0.00011960982717
22467513,1790227513,0.000117875429142
22467596,1790227555,0.000117810766199
22467641,1790227578,0.000117202266882
22467841,1790227679,0.000113392636181
22467842,1790227680,0.000113431123784
22467947,1790227733,0.000113432181837
22467949,1790227734,0.000113537000898
22468073,1790227797,0.000113641973785
22468225,1790227874,0.000113590042957
22468284,1790227904,0.000113821101262
22468483,1790228005,0.000114347106862
22468643,1790228086,0.000114109901978
22468990,1790228262,0.000115152837931
22468998,1790228266,0.000115163396842
22469007,1790228270,0.000116216507636
22469049,1790228292,0.000115347371688
22469208,1790228372,0.000115873694708
22469384,1790228462,0.000109696083517
22469385,1790228462,0.00010974787586
22469385,1790228462,0.00010977152496
22469475,1790228508,0.000109577736659
22469477,1790228509,0.000110604946902
22469554,1790228548,0.00011031805339
22469617,1790228580,0.000111353937221
22469946,1790228747,0.00011088592168
22470004,1790228777,0.000111455846748
22470045,1790228797,0.000111611381002
22470213,1790228882,0.000111635496111
22470256,1790228904,0.000111611381002
22470362,1790228958,0.000110675063379
22470789,1790229174,0.000110681243061
22471074,1790229319,0.000110784783589
22471098,1790229331,0.000110219991412
22471429,1790229499,0.000110323316018
22471762,1790229668,0.000111286553338
22472078,1790229829,0.000110946484635
22472105,1790229842,0.000110998050365
22472451,1790230017,0.000109119169512
22472594,1790230090,0.000108658565621
22472595,1790230090,0.000108666347476
22472597,1790230091,0.0001089880564
22472760,1790230174,0.000109364998047
22473400,1790230499,0.000109569857659
22473809,1790230706,0.00010872370979
22474636,1790231126,0.000108510596612
22474637,1790231127,0.000108523163177
22475003,1790231312,0.000108374330717
22475009,1790231315,0.000109400656372
22475289,1790231457,0.000109564944837
22475302,1790231464,0.000109687949858
22475410,1790231519,0.000114900998408
22475412,1790231520,0.000114887098952
22475537,1790231583,0.000115938948562
22475552,1790231591,0.000116995591362
22475553,1790231591,0.000116980882987
22475596,1790231613,0.00011779108395
22475793,1790231713,0.000118626058074
22475794,1790231714,0.000118614693618
22475823,1790231728,0.000118659722679
22475880,1790231757,0.000118597450778
22476290,1790231965,0.00011299834858
22476291,1790231966,0.000113029697498
22476967,1790232309,0.0001172313594
22477066,1790232359,0.000118398549099
22477067,1790232359,0.00011838384495
22477142,1790232397,0.000120204843246
22477143,1790232398,0.000120192218156
22477435,1790232546,0.00012046272857
22477478,1790232568,0.000120715370645
22477659,1790232660,0.000120823814188
22477741,1790232701,0.000121276206751
22477742,1790232702,0.000121268760156
22478308,1790232989,0.000121242292422
22479063,1790233372,0.000120976030713
22479268,1790233476,0.000120199296594
22479722,1790233707,0.000119868698777
22480893,1790234301,0.000117443835458
22481167,1790234440,0.000117656936033
22481206,1790234460,0.000117763349401
22481560,1790234639,0.000119530984336
22482136,1790234931,0.000121074258822
22482166,1790234947,0.000122221957534
22482886,1790235312,0.000123306680813
22482886,1790235312,0.000124396196325
22482887,1790235312,0.000124376326486
22482889,1790235313,0.000123257567425
22483085,1790235413,0.000123312350954
22483091,1790235416,0.000124410163845
22483208,1790235475,0.00012413340468
22483236,1790235490,0.000125713579138
22483434,1790235590,0.000126045596249
22484217,1790235987,0.000126595758655
22484430,1790236095,0.000126705934903
22484467,1790236114,0.000127301714741
22486188,1790236988,0.000127034801805
22486380,1790237085,0.000124850319467
22486380,1790237085,0.000121575418426
22486381,1790237085,0.00012158599606
22487013,1790237406,0.000121759291712
22487266,1790237534,0.000121975484437
22487309,1790237556,0.00011098823813
22487310,1790237557,0.000111060134445
22487310,1790237557,0.000111082608413
22487502,1790237654,0.000111134616253
22487537,1790237672,0.000116381531732
22487538,1790237672,0.000116369913731
22487542,1790237674,0.000116321362714
22487554,1790237680,0.000117891228702
22488891,1790238359,0.000117944383643
22488993,1790238411,0.000114878083794
22489213,1790238522,0.000114187994961
22489214,1790238523,0.000114198846493
22489662,1790238750,0.00011380749779
22490604,1790239228,0.000114332943298
22490692,1790239273,0.000114207121932
22492856,1790240370,0.000113532823933
22493814,1790240856,0.000117905415919
22493815,1790240856,0.000117877820956
22494354,1790241130,0.000117915037777
22495240,1790241579,0.000118449870603
22495373,1790241647,0.000118983216911
22495550,1790241737,0.000119036585438
22496441,1790242189,0.000119041926149
22496660,1790242300,0.00012774139569
22496662,1790242301,0.000127706422856
22496675,1790242307,0.000127709188732
22496727,1790242334,0.000124386737099
22496934,1790242439,0.000129906548529
22496935,1790242439,0.000129883986739
22496935,1790242439,0.000129866416355
22497319,1790242634,0.000131519951607
22497320,1790242635,0.000131492515151
22497321,1790242635,0.000131481332692
22497621,1790242787,0.000131398860377
22498009,1790242984,0.00013253486523
22498010,1790242985,0.000132516457926
22498060,1790243010,0.000133657273252
22498061,1790243011,0.00013363690917
22498061,1790243011,0.000133621929979
22498094,1790243028,0.0001337807321
22498112,1790243037,0.000134921221526
22498113,1790243037,0.000134898809477
22498114,1790243038,0.000134890113132
22498998,1790243486,0.000133987278321
22499229,1790243603,0.0001420397126
22499229,1790243603,0.000141978028257
22499230,1790243604,0.000141975983639
22500201,1790244108,0.000141990542681
22500498,1790244258,0.000143168390595
22500505,1790244261,0.000143344510624
22500683,1790244352,0.000143356291329
22501057,1790244542,0.000146810970832
22501058,1790244542,0.000146797461752
22502654,1790245352,0.000145231139838
22502976,1790245515,0.00012903125229
22502977,1790245516,0.000129109323235
22502978,1790245516,0.000129165511393
22503569,1790245816,0.000128750529316
22503570,1790245817,0.00012876436902
22503770,1790245918,0.000127700892097
22503771,1790245919,0.000127718807722
22503787,1790245927,0.000127830030509
22503898,1790245983,0.000114268158438
22503898,1790245983,0.00011448780781
22503898,1790245983,0.00011458235128
22503899,1790245984,0.000114585027297
22503900,1790245984,0.000114333461748
22503901,1790245985,0.00011464772239
22503922,1790245995,0.000114805809127
22504062,1790246066,0.000116667355005
22504455,1790246266,0.000115523904324
22504488,1790246282,0.000116299827476
22504713,1790246397,0.00011654751085
22504955,1790246519,0.000117073593835
22504962,1790246523,0.000119174868986
22505081,1790246583,0.000120251437475
22505082,1790246584,0.000120239324872
22505174,1790246630,0.000120454123266
22505569,1790246831,0.000120445049639
22505704,1790246900,0.000120490635861
22505844,1790246970,0.000121573102252
22505853,1790246975,0.000122660409277
22505874,1790246986,0.000124480492579
22506114,1790247107,0.000124590296593
22506146,1790247124,0.000124699596871
22506282,1790247193,0.000124714709584
22506284,1790247194,0.000124731123553
22506495,1790247301,0.000130287347192
22506929,1790247521,0.000141568138671
22506929,1790247521,0.00014146929572
22507022,1790247568,0.000141703455616
22507241,1790247679,0.000147522040027
22507242,1790247680,0.000147488113956
22507779,1790247952,0.00014697955515
22507789,1790247957,0.000147105073933
22508199,1790248165,0.000147682225513
22508269,1790248201,0.000147709504293
22508642,1790248390,0.000147351121061
22509016,1790248580,0.000147946669143
22509215,1790248681,0.000148525407938
22509664,1790248908,0.000148509050917
22509800,1790248977,0.000148632677845
22509841,1790248998,0.000148595879178
22510192,1790249177,0.000145606544341
22510430,1790249297,0.00014583028972
22510660,1790249414,0.00014575721235
22511227,1790249701,0.000146941558091
22511559,1790249870,0.000147300676748
22511751,1790249967,0.000148496108236
22511758,1790249971,0.00014701987816
22514862,1790251545,0.000152945514668
22514919,1790251574,0.000151744344862
22515037,1790251635,0.000164140349101
22515039,1790251635,0.000164050987568
22515040,1790251636,0.000163919204119
22515079,1790251655,0.000176793324718
22515080,1790251656,0.000176544066855
22515080,1790251656,0.000176447661431
22515093,1790251663,0.000182878261291
22515094,1790251663,0.000182832425973
22515095,1790251664,0.000182831430686
22515152,1790251693,0.00018246158412
22515194,1790251714,0.000182092858655
22515513,1790251876,0.000189488385993
22515515,1790251877,0.000189445864353
22515516,1790251877,0.000189415115332
22515517,1790251878,0.000189501522415
22515544,1790251891,0.00018566055805
22515574,1790251907,0.000185359340893
22515958,1790252102,0.000185386134104
22516089,1790252168,0.000184882895286
22517286,1790252775,0.00018621645768
22517319,1790252792,0.000184538949549
22517324,1790252795,0.000184687040382
22517479,1790252873,0.00018480239687
22517580,1790252924,0.000187479150279
22517672,1790252971,0.000191522156159
22517674,1790252972,0.000191485420497
22517675,1790252973,0.000191463550777
22517757,1790253015,0.000191454657512
22517885,1790253079,0.000190432692824
22518267,1790253273,0.000189053667563
22518658,1790253472,0.000188388600001
22518670,1790253477,0.00018787981255
22519110,1790253701,0.00018772786578
22519279,1790253786,0.000183688073197
22519341,1790253818,0.000183191728073
22519723,1790254012,0.00018293542519
22520159,1790254233,0.000183273434686
22520239,1790254274,0.000181107951642
22520241,1790254275,0.000181129428048
22520348,1790254329,0.00018022283149
22520699,1790254507,0.000176363302847
22520700,1790254507,0.000176344894901
22520703,1790254509,0.000176436370997
22521116,1790254719,0.000175503697333
22521253,1790254788,0.000170165690813
22521376,1790254850,0.000169309156791
22521758,1790255044,0.000169312266414
22521939,1790255136,0.000167712230866
22522400,1790255370,0.000170493897122
22523266,1790255809,0.000170292682765
22523370,1790255862,0.000171580591417
22523911,1790256137,0.0001689817733
22523945,1790256154,0.000166576645361
22524166,1790256266,0.000166212421954
22524834,1790256605,0.000155518976623
22524835,1790256605,0.000155678870161
22524835,1790256605,0.000155707159468
22524836,1790256606,0.000155740949746
22524898,1790256637,0.00015574766949
22524928,1790256653,0.000146473867242
22524929,1790256653,0.000146628058209
22524929,1790256653,0.00014665818262
22524930,1790256654,0.000146689932596
22525344,1790256864,0.000145671416661
22525346,1790256865,0.000146855414491
22525507,1790256946,0.000146881367669
22526494,1790257447,0.000149276347216
22529915,1790259238,0.000149344569257
22530016,1790259289,0.000149175047173
22530789,1790259681,0.000149223785404
22531223,1790259901,0.000149299204049
22532137,1790260364,0.000150788088862
22532444,1790260520,0.000151394642058
22533531,1790261071,0.000151459154119
22533775,1790261194,0.000150554028183
22535766,1790262204,0.000150607637422
22537810,1790263240,0.000150588582628
22539204,1790263947,0.000149359246012
22540890,1790264802,0.000149455086362
22542165,1790265449,0.000149491266026
22542363,1790265549,0.000135229309855
22542363,1790265549,0.000135307185378
22542364,1790265550,0.000135309078735
22546208,1790267499,0.000135350699557
22546486,1790267640,0.000134948686876
22549843,1790269343,0.000130194031174
22549844,1790269344,0.00013022808843
22549847,1790269345,0.000130306700227
22550260,1790269555,0.000129973793703
22551729,1790270300,0.000128757176014
22551730,1790270300,0.000128771953767
22551730,1790270300,0.000128782039739
22553427,1790271161,0.000129901049207
22553592,1790271245,0.000129604920036
22554293,1790271600,0.000131274276912
22554410,1790271660,0.000132398365378
22554569,1790271740,0.000132206733907
22554853,1790271884,0.000132271381387
22554914,1790271915,0.000132349677009
22555187,1790272054,0.000132150201747
22556222,1790272579,0.000130906885134
22556223,1790272579,0.00013092304343
22563995,1790276522,0.000130914012813
22564104,1790276577,0.000127898693942
22565702,1790277388,0.00012762809028
22566144,1790277612,0.000120878460177
22566145,1790277612,0.000120903059636
22566379,1790277731,0.000119582197441
22566380,1790277732,0.000119582816532
22568706,1790278912,0.000120661197364
22569333,1790279230,0.00012115638579
22569336,1790279231,0.000120098321989
22569990,1790279563,0.000120119823963
22570507,1790279825,0.000120345379242
22570705,1790279926,0.000120399627075
22570841,1790279995,0.00012039139746
22570933,1790280042,0.000119524505826
22572691,1790280933,0.000119583975276
22574592,1790281897,0.000119589741093
22575335,1790282274,0.000119697366912
22576797,1790283016,0.000119751333243
22576982,1790283110,0.000119643634647
22576996,1790283117,0.000119741004472
22578161,1790283708,0.000119491291704
22579757,1790284518,0.000122723686933
22580048,1790284665,0.000122694197268
22580158,1790284721,0.000122710464049
22580199,1790284742,0.000122786389948
22581200,1790285250,0.000127964277128
22581201,1790285250,0.000127924932346
22581552,1790285428,0.000128981154579
22581598,1790285452,0.000128987350227
22581714,1790285510,0.000128981154579
22584063,1790286702,0.000129519453905
22584064,1790286703,0.000129508354318
22584103,1790286722,0.000129731274606
22584734,1790287043,0.000131299066885
22584794,1790287073,0.000130214304839
22584816,1790287084,0.000130437831609
22584845,1790287099,0.000130453485662
22585031,1790287193,0.000131094252793
22585456,1790287409,0.000131994342474
22585579,1790287471,0.000132070853392
22586122,1790287747,0.000132118125757
22586172,1790287772,0.000132344141623
22586522,1790287950,0.000132192193106
22587972,1790288685,0.000132349411954
22588373,1790288889,0.000133455342917
22590936,1790290189,0.000133660641855
22590997,1790290220,0.000133671908589
22592302,1790290882,0.000133266996413
22592693,1790291081,0.000130793530401
22592695,1790291081,0.000130819942717
22592907,1790291189,0.000130133210369
22594133,1790291811,0.000129578132324
22594518,1790292006,0.000129238972375
22594751,1790292124,0.000124614693988
22594752,1790292125,0.00012464737606
22594752,1790292125,0.000124648870195
22594861,1790292180,0.000122906873821
22594862,1790292181,0.000122936502468
22594863,1790292181,0.000122948052243
22594956,1790292228,0.000121097698619
22594957,1790292229,0.000121128393698
22594958,1790292230,0.000121140648115
22595493,1790292501,0.00012139991604
22596252,1790292886,0.000122214374363
22596898,1790293214,0.000123998037836
22598818,1790294188,0.000124067935059
22599000,1790294281,0.000124127058292
22599592,1790294581,0.000124675782647
22600397,1790294989,0.000124610594724
22600494,1790295038,0.00012476406535
22602140,1790295873,0.000124625325484
22602242,1790295925,0.00012365484555
22603248,1790296435,0.000120695484101
22603249,1790296436,0.000120728085136
22603250,1790296437,0.000120737605624
22603535,1790296581,0.00011993784054
22603536,1790296582,0.000119951198213
22603539,1790296583,0.000119983432134
22603903,1790296768,0.000119832179954
22604227,1790296932,0.000118446494944
22604228,1790296933,0.000118471821093
22604229,1790296933,0.000118487059556
22604286,1790296962,0.000118647770605
22604473,1790297057,0.000118776417865
22604658,1790297151,0.000118990337642
22605230,1790297441,0.000119164472693
22605879,1790297770,0.000122408559886
22606732,1790298203,0.000125306701011
22606733,1790298204,0.000125291296432
22606978,1790298328,0.000125620927009
22607517,1790298602,0.000125731565406
22607822,1790298756,0.000125764666613
22608638,1790299170,0.000125802100985
22608845,1790299275,0.000126066307456
22609146,1790299428,0.0001243346728
22609147,1790299428,0.000124344583479
22609550,1790299633,0.000124295867691
22610208,1790299967,0.000124088924261
22610646,1790300189,0.000123951248963
22614096,1790301940,0.000122997804604
22614096,1790301940,0.000122317279023
22614096,1790301940,0.00012171692717
22614097,1790301940,0.000114491883524
22614098,1790301941,0.000114555028345
22614098,1790301941,0.000114653237354
22614099,1790301941,0.00011465470727
22614305,1790302046,0.000114688118387
22615150,1790302475,0.00011202442244
22615150,1790302475,0.000112038746528
22615873,1790302841,0.000112931700914
22616072,1790302942,0.0001134524898
22616174,1790302994,0.000113974476744
22616274,1790303045,0.000114429579945
22616364,1790303090,0.000114513545121
22616428,1790303123,0.000114424812903
22616637,1790303229,0.000110646653309
22616638,1790303229,0.000110658622917
22617457,1790303645,0.000110398399651
22618463,1790304155,0.000104312928825
22618464,1790304156,0.000104354250096
22618464,1790304156,0.000104372837942
22618465,1790304157,0.00010437365318
22618465,1790304157,0.000104375176043
22618467,1790304157,0.000104435123313
22618860,1790304357,0.000104885823304
22618889,1790304371,0.000105491313199
22620122,1790304997,0.000104885823304
22620907,1790305395,0.000102646632218
22620908,1790305396,0.000102658690347
22621262,1790305575,0.000100792976029
22621263,1790305576,0.000100797175126
22621263,1790305576,0.000100809701483
22621454,1790305673,0.000100888979248
22621675,1790305785,9.95595009348e-05
22621676,1790305785,9.9567929322e-05
22621678,1790305787,9.95972972584e-05
22621797,1790305847,9.88488262554e-05
22621799,1790305848,9.90923138857e-05
22622052,1790305976,9.98794167241e-05
22622514,1790306210,0.000101546222453
22623801,1790306863,0.000103538201866
22624026,1790306977,0.000104536769797
22624046,1790306987,0.000104330168173
22624326,1790307130,0.000104330169183
22624707,1790307323,0.000102639384543
22625000,1790307471,0.00010266211393
22625255,1790307601,9.88422577837e-05
22625901,1790307929,9.64199769924e-05
22625902,1790307929,9.64250545607e-05
22625902,1790307929,9.64460297176e-05
22625903,1790307930,9.6447209681e-05
22626085,1790308022,9.65441564223e-05
22626183,1790308072,9.47939250541e-05
22626285,1790308124,9.48897485015e-05
22626537,1790308251,9.58506453933e-05
22626538,1790308252,9.58413284704e-05
22626662,1790308315,9.68099382542e-05
22626777,1790308373,9.77561256658e-05
22626823,1790308396,9.68041305707e-05
22626931,1790308451,9.68235518577e-05
22627010,1790308491,9.53635782996e-05
22627079,1790308526,9.56032210404e-05
22627285,1790308631,9.55875594562e-05
22627575,1790308778,9.56165665107e-05
22627699,1790308841,9.75563889225e-05
22627807,1790308896,9.90240394701e-05
22627886,1790308936,0.000100008560663
22627967,1790308977,0.000100091976267
22628069,1790309028,0.000100984040062
22628400,1790309196,0.00010403675563
22628400,1790309196,0.000104022552684
22628405,1790309199,0.000104122426559
22628425,1790309209,0.000105123901413
22628426,1790309210,0.000105117311977
22628456,1790309225,0.00010591123276
22628484,1790309239,0.000106418143585
22628485,1790309239,0.000106409109121
22629026,1790309514,0.000107187789804
22629027,1790309514,0.000107184665412
22629069,1790309536,0.000107296749595
22629361,1790309684,0.000107388498403
22629394,1790309701,0.000107393571089
22629396,1790309702,0.000107386738795
22629545,1790309777,0.000107691309502
22629551,1790309780,0.000108714815492
22629552,1790309781,0.000108705657802
22629609,1790309810,0.000109494074087
22629662,1790309837,0.000110361407364
22629663,1790309837,0.000110357416579
22629663,1790309837,0.000110345987255
22629663,1790309837,0.000110864951329
22629664,1790309838,0.000110863516449
22629727,1790309870,0.000114308724745
22629728,1790309870,0.000114280543827
22629729,1790309871,0.000114275638314
22629805,1790309909,0.000113025626168
22629877,1790309946,0.00011312208673
22630035,1790310026,0.000113153326576
22630066,1790310042,0.000113310774729
22630086,1790310052,0.000113468332346
22630150,1790310084,0.000113625999429
22630164,1790310091,0.000113794298306
22630215,1790310117,0.000113898756815
22630238,1790310129,0.000114056722554
22630254,1790310137,0.000114225339997
22630331,1790310176,0.000114383531964
22630478,1790310251,0.000114541833396
22630493,1790310258,0.000114700244293
22630509,1790310266,0.000114869336572
22630525,1790310275,0.000115038553397
22630526,1790310275,0.000116184600246
22630616,1790310321,0.000116429276734
22630684,1790310355,0.000116302586366
22630739,1790310383,0.000117368809986
22630741,1790310384,0.000117355464959
22630742,1790310385,0.000117351594402
22630834,1790310431,0.000117511935804
22630851,1790310440,0.000117672386672
22630864,1790310446,0.000118175841572
22630871,1790310450,0.000118336744895
22630885,1790310457,0.000118335508172
22630890,1790310460,0.00011849652012
22630896,1790310463,0.000118488104051
22630908,1790310469,0.000118649219744
22630926,1790310478,0.000118799693153
22630938,1790310484,0.000119014928461
22630946,1790310488,0.000119165633518
22631036,1790310534,0.000119183241129
22631064,1790310548,0.000119707522517
22631071,1790310551,0.000120781054747
22631314,1790310675,0.000131893494551
22631315,1790310675,0.000131808893959
22631315,1790310675,0.000131750713997
22631316,1790310676,0.000131749963878
22631316,1790310676,0.000131747655428
22631326,1790310681,0.000131718961006
22631338,1790310687,0.000133850534321
22631339,1790310687,0.000133815112105
22631340,1790310688,0.000133801448784
22631389,1790310713,0.000140717525441
22631390,1790310713,0.000140594493237
22631390,1790310713,0.000140545854279
22631407,1790310722,0.000140544364587
22631409,1790310723,0.000140892766726
22631419,1790310728,0.000140904387558
22631425,1790310731,0.00013690374336
22631431,1790310734,0.000136909470874
22631460,1790310749,0.000136043267298
22631465,1790310751,0.000137196235764
22631488,1790310763,0.000125448634387
22631489,1790310764,0.00012551343717
22631546,1790310792,0.000136836742836
22631547,1790310793,0.000136786008418
22631558,1790310799,0.000136756760932
22631613,1790310826,0.000136336114795
22631665,1790310853,0.000147826457585
22631666,1790310853,0.000147754112637
22631680,1790310861,0.000147723728573
22631705,1790310873,0.000151308827865
22631706,1790310874,0.000151279242055
22631707,1790310874,0.000151278360684
22631707,1790310874,0.000151276572837
22631717,1790310879,0.000163620625289
22631718,1790310880,0.000163530819463
22631718,1790310880,0.000163437397122
22631719,1790310880,0.000163435335213
22631752,1790310897,0.000163018723745
22631849,1790310946,0.000163644312228
22631892,1790310968,0.000164271098769
22631906,1790310975,0.00016458557564
22631907,1790310976,0.000164565578806
22631911,1790310978,0.00016113840603
22632012,1790311029,0.000161027834445
22632066,1790311056,0.000160407593467
22632240,1790311145,0.000159122971414
22632376,1790311214,0.000157467629125
22632430,1790311241,0.000154194600152
22632430,1790311241,0.000154211405332
22632439,1790311246,0.000154161704051
22632731,1790311394,0.000153971603025
22633537,1790311803,0.000154153346818
22633866,1790311970,0.000154275167962
22633900,1790311987,0.00015674150352
22634144,1790312111,0.000162473802444
22634145,1790312111,0.00016246265402
22635003,1790312546,0.000165660240022
22635004,1790312547,0.000165637935713
22635005,1790312547,0.000165619374045
22635188,1790312640,0.000165666718098
22635471,1790312784,0.000165679414703
22635594,1790312846,0.000165799754298
22635679,1790312889,0.000163687648705
22635682,1790312891,0.000163700300877
22637007,1790313563,0.0001643303637
22637250,1790313687,0.000161434452145
22637654,1790313891,0.000161126230476
22637678,1790313904,0.000163641458925
22637751,1790313941,0.000166536988843
22637876,1790314004,0.000149288834074
22637877,1790314005,0.000149385752699
22637930,1790314032,0.000149258168449
22638267,1790314202,0.000147822172586
22638268,1790314203,0.00014784971551
22638270,1790314204,0.0001478605228
22638344,1790314241,0.000147325194712
22638418,1790314279,0.000147157124093
22638702,1790314423,0.000146604528649
22638703,1790314424,0.000146625544797
22638704,1790314424,0.000146633869865
22638715,1790314430,0.000151950083747
22638810,1790314478,0.000154161826325
22638811,1790314478,0.000154149122931
22638926,1790314537,0.000164140468255
22638926,1790314537,0.000164055680429
22638938,1790314543,0.00016403027711
22639058,1790314604,0.000164218408681
22639070,1790314610,0.000164874734325
22639770,1790314965,0.0001646210431
22639994,1790315079,0.000163966230191
22640225,1790315196,0.000164066534026
22640261,1790315214,0.000176690429815
22640261,1790315214,0.000176598483809
22640262,1790315215,0.000176596237901
22640301,1790315234,0.000174527660991
22640547,1790315359,0.000173870553122
22641125,1790315652,0.000173253874023
22641144,1790315662,0.000172992624467
22641471,1790315828,0.000172646824027
22641666,1790315927,0.000175250139934
22641911,1790316051,0.000175574295754
22642130,1790316162,0.000175807873403
22642301,1790316249,0.000177108354428
22642495,1790316348,0.000175306187957
22642579,1790316390,0.000175317645701
22642585,1790316393,0.000174666766164
22642718,1790316461,0.000178522730999
22643081,1790316645,0.000183153745102
22643083,1790316646,0.000183120924363
22643330,1790316771,0.000182814903929
22643336,1790316775,0.000181048326885
22643453,1790316834,0.000180897812123
22644114,1790317169,0.000182859216189
22644118,1790317171,0.000182775606296
22644295,1790317261,0.00018676784607
22644296,1790317261,0.000186738952228
22644296,1790317261,0.000186713468601
22644297,1790317262,0.000186711815298
22644305,1790317266,0.000186702995132
22644307,1790317267,0.000186702073193
22644683,1790317458,0.000185806300989
22644725,1790317479,0.0001866694292
22645101,1790317670,0.000192058096594
22645102,1790317670,0.000191964673646
22645102,1790317670,0.000191927710024
22645186,1790317713,0.000195223966114
22645187,1790317713,0.000195167454555
22645188,1790317714,0.000193780909405
22645189,1790317715,0.000193768100982
22645393,1790317818,0.000194040752406
22645399,1790317821,0.000196777809564
22645400,1790317821,0.000196750075786
22645400,1790317821,0.000196728989496
22645422,1790317833,0.000197871016073
22645423,1790317833,0.000197851796808
22645424,1790317834,0.000197849928164
22645528,1790317886,0.000197987657816
22645691,1790317969,0.00019795808692
22646294,1790318275,0.000197009096207
22646333,1790318295,0.000192106112384
22646378,1790318317,0.000191701479758
22646627,1790318444,0.000191492662591
22646706,1790318484,0.000191298074247
22647155,1790318712,0.000194015787009
22647640,1790318958,0.000195485031332
22647655,1790318965,0.000188360912604
22647727,1790319002,0.00018304059775
22647728,1790319002,0.00018308073684
22647849,1790319064,0.000183372303602
22648093,1790319187,0.000179645138974
22648094,1790319188,0.000179670494014
22648300,1790319293,0.000179998710607
22648307,1790319296,0.000180327226715
22648493,1790319390,0.000180366987517
22649445,1790319873,0.00018095815876
22649620,1790319962,0.000181193611038
22649679,1790319992,0.00018051338865
22649902,1790320105,0.000187183823296
22649960,1790320134,0.000187384790819
22650081,1790320196,0.000191846915905
22650082,1790320196,0.000191810189783
22650319,1790320316,0.000191945801283
22650679,1790320499,0.000189316793031
22650999,1790320661,0.000189169462507
22651264,1790320796,0.000182613769454
22651265,1790320796,0.000182627492338
22651510,1790320920,0.000185444470891
22651635,1790320984,0.000181368851592
22652372,1790321358,0.000179432638238
22652373,1790321358,0.000179454244154
22652399,1790321371,0.000179464789117
22652409,1790321376,0.000175486714157
22652409,1790321376,0.000175512915109
22652410,1790321377,0.000175514522442
22652666,1790321507,0.000175300111521
22652709,1790321529,0.000174126765524
22652710,1790321529,0.000174136870507
22652920,1790321636,0.000175397956493
22653258,1790321807,0.000168632681951
22653259,1790321808,0.000168737933854
22653259,1790321808,0.000168774095826
22653291,1790321824,0.000168763273521
22653590,1790321976,0.000167673613235
22653591,1790321976,0.000167691900346
22653698,1790322031,0.000167730127668
22653741,1790322052,0.000168112369498
22653748,1790322056,0.000168495052279
22653754,1790322059,0.000168878153342
22653768,1790322066,0.000169261706221
22653802,1790322083,0.000168167222827
22653836,1790322101,0.000168549967975
22653890,1790322128,0.00016893314811
22653897,1790322132,0.000169316763309
22653931,1790322149,0.000169700813743
22653938,1790322152,0.00017008529932
22653966,1790322167,0.000170470220224
22654074,1790322221,0.000170855576246
22654094,1790322232,0.000171241366994
22654176,1790322273,0.000171627592781
22654270,1790322321,0.000174483809959
22654496,1790322436,0.000174684311593
22654648,1790322513,0.000173909491864
22654698,1790322538,0.000173953165478
22654703,1790322541,0.000173328257606
22654815,1790322597,0.00017370708511
22654948,1790322665,0.000174096076422
22655049,1790322716,0.000174475742106
22655127,1790322756,0.000174865591564
22655444,1790322917,0.00017499507568
22655977,1790323187,0.000169652767416
22655978,1790323188,0.00016966546075
22656131,1790323265,0.000170479599919
22656200,1790323300,0.000170010978401
22656320,1790323361,0.000176486246466
22656411,1790323407,0.000173580924738
22656588,1790323497,0.000176182316885
22656751,1790323580,0.000176404970052
22657279,1790323847,0.000176787133806
22657373,1790323895,0.000177179548564
22657541,1790323980,0.000177562559166
22657638,1790324030,0.000177955844986
22657678,1790324050,0.000178008352321
22657709,1790324066,0.000184632762819
22657710,1790324066,0.00018460871044
22657811,1790324117,0.000184849124753
22657961,1790324193,0.000184631397783
22658057,1790324242,0.000184407746422
22658066,1790324247,0.00018457396569
22658066,1790324247,0.000184740259837
22658137,1790324283,0.000184767008268
22658140,1790324284,0.000183519011974
22658170,1790324299,0.000183666033803
22658284,1790324357,0.000183445057389
22658374,1790324403,0.000177714316021
22658375,1790324403,0.000177751642399
22660327,1790325393,0.000177914951694
22660538,1790325500,0.000177928076294
22660562,1790325513,0.000178119460499
22661206,1790325839,0.000178109962695
22661238,1790325856,0.000177714290738
22661313,1790325893,0.000176536948752
22662456,1790326473,0.000177022214148
22662954,1790326726,0.000162406581464
22662956,1790326727,0.000162484599202
22662956,1790326727,0.000162571095457
22662957,1790326727,0.000162573045036
22662991,1790326744,0.000158105564336
22662991,1790326744,0.000158122581297
22662992,1790326745,0.000158136017647
22663308,1790326905,0.000157826847864
22663877,1790327194,0.000160308778692
22665512,1790328023,0.000160145363301
22665911,1790328226,0.000160393241926
22666272,1790328409,0.000160252244544
22666706,1790328629,0.000158600864132
22667142,1790328850,0.00015848187915
22667509,1790329036,0.000158494266263
22667538,1790329051,0.000158519041943
22667734,1790329151,0.000158132279692
22667836,1790329202,0.000159588316971
22667907,1790329238,0.000159289070598
22668142,1790329358,0.000161036779368
22668199,1790329386,0.000161200994017
22668703,1790329642,0.000161450944472
22669258,1790329924,0.000161513462341
22669333,1790329962,0.000164555154257
22670051,1790330326,0.000163502502349
22670152,1790330377,0.000166607327607
22670153,1790330378,0.000166592788609
22670804,1790330708,0.000166719811703
22671117,1790330867,0.000166732516674
22671226,1790330922,0.00016674522213
22671578,1790331101,0.000166779111982
22672105,1790331368,0.000167197725975
22672974,1790331809,0.000164338563077
22673131,1790331889,0.000166858205091
22673476,1790332064,0.000168131625646
22674073,1790332367,0.000170705909109
22674318,1790332491,0.000171987416179
22674319,1790332492,0.000171975311193
22674689,1790332679,0.00017175025747
22674972,1790332823,0.000171314441385
22676129,1790333410,0.000175172107153
22676131,1790333411,0.000175149759451
22676918,1790333810,0.00017492598525
22676925,1790333813,0.000175001761041
22676990,1790333846,0.00017492598525
22677056,1790333880,0.000173111415822
22677056,1790333880,0.000171309239098
22677057,1790333880,0.000171322196457
22678618,1790334672,0.000184294262786
22678619,1790334673,0.000184226475831
22678619,1790334673,0.000184181933039
22678620,1790334673,0.000184180011072
22679176,1790334955,0.000188353965193
22679177,1790334956,0.000188281885406
22679177,1790334956,0.00018825337506
22679273,1790335005,0.000188924180359
22679756,1790335250,0.000188975300109
22681297,1790336032,0.000188868211703
22682625,1790336705,0.000184994817102
22682626,1790336705,0.000185021790111
22683915,1790337360,0.000185557534091
22685191,1790338007,0.00018342421806
22685192,1790338007,0.000183435025282
22685905,1790338369,0.000183372352743
22687205,1790339029,0.000183174085042
22687230,1790339042,0.000182978611075
22687426,1790339141,0.000182731624069
22687455,1790339155,0.000182559030591
22687605,1790339231,0.000182312892344
22687628,1790339243,0.000182067251552
22687738,1790339299,0.000181822106875
22687739,1790339299,0.000181833144146
22687767,1790339314,0.000181661821751
22687826,1790339344,0.000179961833784
22687827,1790339344,0.000179986843348
22687828,1790339345,0.000179999390105
22687897,1790339379,0.000182641256037
22687904,1790339383,0.000182394951535
22687927,1790339395,0.000180679452916
22687939,1790339401,0.000180558217898
22687967,1790339415,0.00018179847668
22687992,1790339428,0.000180446094908
22688110,1790339488,0.000181104242281
22688449,1790339660,0.000180861039347
22689765,1790340327,0.000181110652563
22689944,1790340418,0.000206706569901
22690168,1790340532,0.000231155816087
22690169,1790340532,0.000230537460451
22690169,1790340532,0.000230398401012
22690169,1790340532,0.000230316170603
22690171,1790340533,0.000232254873543
22690173,1790340534,0.000232237906933
22690174,1790340535,0.000231996486762
22690264,1790340580,0.000232616616537
22690358,1790340628,0.000229342529418
22690453,1790340676,0.000228460138385
22690494,1790340697,0.000225049520871
22690514,1790340707,0.000222530476576
22690515,1790340708,0.000222550251674
22690545,1790340723,0.000217864424993
22690547,1790340724,0.000217836439739
22690562,1790340732,0.000216465368086
22690830,1790340868,0.000207110914645
22690831,1790340868,0.000207128314123
22690877,1790340891,0.00020195221613
22690878,1790340892,0.000202073125319
22690878,1790340892,0.000202178569091
22690878,1790340892,0.00020221267312
22691038,1790340973,0.000202612709217
22691125,1790341017,0.000194509812465
22691126,1790341018,0.000194698396069
22691126,1790341018,0.000194747351419
22691127,1790341018,0.00019474999865
22691269,1790341090,0.000195433710878
22691336,1790341124,0.000194617558655
22691398,1790341156,0.000193911308825
22691703,1790341310,0.000193638361058
22691832,1790341376,0.000201574939478
22691833,1790341376,0.000201539711429
22691859,1790341390,0.000201322748763
22692996,1790341966,0.000201253841698
22693440,1790342192,0.000198420654022
22693443,1790342193,0.000199110773869
22693443,1790342193,0.000199802091775
22693443,1790342193,0.000200494607738
22693443,1790342193,0.00020118832176
22693443,1790342193,0.00020188323384
22693443,1790342193,0.000202579343979
22693443,1790342193,0.000203276652175
22693444,1790342194,0.000203975158429
22693444,1790342194,0.000204674862742
22693444,1790342194,0.000205375765113
22693444,1790342194,0.000206077865542
22693444,1790342194,0.000206781164029
22693444,1790342194,0.000207485660574
22693444,1790342194,0.000208191355177
22693444,1790342194,0.000208898247838
22693444,1790342194,0.000208885639107
22693445,1790342194,0.000208845709635
22693445,1790342194,0.000209553711382
22693445,1790342194,0.000210262911186
22693445,1790342194,0.000210973309049
22693445,1790342194,0.00021168490497
22693445,1790342194,0.000212397698949
22693445,1790342194,0.000212358272376
22693467,1790342205,0.000186154826028
22693467,1790342205,0.000186289447933
22693467,1790342205,0.000186307919411
22693468,1790342206,0.000186347801197
22693584,1790342265,0.000186367781621
22693931,1790342441,0.000186120870859
22694278,1790342617,0.000185907511629
22694282,1790342619,0.000185963134532
22695008,1790342987,0.000179275814203
22695009,1790342988,0.000179329594651
22695010,1790342988,0.00017934791411
22695161,1790343065,0.00017947970936
22695271,1790343121,0.000179479801642
22695530,1790343252,0.000176010128329
22695531,1790343252,0.000176065901089
22695532,1790343253,0.000176088003002
22695533,1790343253,0.00017608887286
22695722,1790343349,0.000176090047983
22695840,1790343409,0.000169663540133
22695840,1790343409,0.000169705763177
22695841,1790343410,0.000169708075082
22696053,1790343517,0.000170259700181
22696282,1790343633,0.000166053723871
22696283,1790343634,0.000166079031587
22696556,1790343772,0.000166713651244
22696781,1790343887,0.000164584114669
22696782,1790343887,0.000164594351842
22696796,1790343894,0.00016250516473
22696797,1790343895,0.00016251922132
22697853,1790344430,0.000160421320517
22697854,1790344431,0.000160435646696
22697854,1790344431,0.000158961178346
22697855,1790344432,0.000158990410696
22697857,1790344432,0.00015899203008
22697858,1790344433,0.00015900183901
22698076,1790344544,0.00015972408154
22698673,1790344846,0.000159736939055
22698809,1790344915,0.000162850244386
22698861,1790344942,0.000163214584287
22699078,1790345052,0.000163705200523
22699245,1790345137,0.000163831434593
22699359,1790345195,0.00016502644706
22699506,1790345269,0.000164709265052
22699641,1790345338,0.000164392996604
22699650,1790345342,0.000164519178427
22699688,1790345361,0.000163466871151
22699756,1790345396,0.000163154172641
22699967,1790345503,0.000164381827273
22700268,1790345656,0.00016450800481
22700999,1790346027,0.000164297444284
22701093,1790346074,0.000164087287758
22701179,1790346118,0.000163877534197
22701799,1790346433,0.000163126970509
22702190,1790346631,0.000165146315566
22703015,1790347049,0.000163432364845
22703180,1790347133,0.0001631423574
22704139,1790347619,0.000163255827296
22705275,1790348196,0.00016176008006
22705280,1790348198,0.000162385897997
22705280,1790348198,0.000163012924182
22705281,1790348199,0.000163641158614
22705281,1790348199,0.000164270601293
22705281,1790348199,0.000164901252219
22705281,1790348199,0.000165533111392
22705549,1790348335,0.000166420457711
22705550,1790348335,0.000166406443728
22705601,1790348361,0.000165756502981
22705736,1790348430,0.000169578678179
22705737,1790348430,0.000169556269759
22706321,1790348727,0.000168321795295
22706431,1790348783,0.000170884908158
22707511,1790349332,0.000172656389442
22707513,1790349332,0.000172645921281
22707593,1790349373,0.000172775231035
22708843,1790350008,0.000175893187415
22708844,1790350008,0.000175870367945
22708921,1790350047,0.000175986575148
22709285,1790350232,0.000176064905415
22710236,1790350715,0.000175937825153
22710467,1790350832,0.000179855083915
22710468,1790350832,0.000179853252605
22710468,1790350832,0.000179919568545
22710469,1790350833,0.000183880663443
22710471,1790350834,0.000183808310614
22710471,1790350834,0.000183777873991
22710581,1790350890,0.000183350989772
22710644,1790350922,0.000185344840895
22710645,1790350922,0.000185318022276
22710647,1790350923,0.000185307341182
22710771,1790350986,0.000185238024546
22711105,1790351155,0.000191344095349
22711106,1790351156,0.000191238582602
22711106,1790351156,0.000191196501574
22711107,1790351156,0.000191194609293
22711365,1790351287,0.000179957601421
22711366,1790351288,0.00017998496679
22711407,1790351309,0.000179744014212
22711425,1790351318,0.000179503545168
22711444,1790351327,0.000179263558367
22711616,1790351415,0.000179024052518
22711633,1790351423,0.000178785026338
22711651,1790351433,0.000178546478547
22711722,1790351469,0.000176445397654
22711769,1790351492,0.000176211515523
22711786,1790351501,0.000175978098108
22711803,1790351510,0.000175745144179
22712398,1790351812,0.000175856315031
22713079,1790352158,0.000174541989894
22713108,1790352172,0.000154904343837
22713109,1790352173,0.000154871755169
22713109,1790352173,0.000154872519181
22713148,1790352193,0.000141265173207
22713149,1790352193,0.000141362433875
22713149,1790352193,0.000141421227591
22713151,1790352194,0.000141770714216
22713310,1790352275,0.000144135390766
22713412,1790352326,0.00014219725115
22713484,1790352363,0.000140856048005
22713897,1790352573,0.000146753735853
22714043,1790352647,0.000146967722037
22714084,1790352668,0.000146907981947
22714254,1790352754,0.000150208828368
22714285,1790352770,0.000151114632035
22714389,1790352823,0.00015257730138
22714438,1790352847,0.000152750369893
22714565,1790352912,0.000153962737328
22714594,1790352927,0.000156977678905
22714594,1790352927,0.000156961863337
22714630,1790352945,0.000159199853501
22714630,1790352945,0.000159183930884
22714641,1790352951,0.000160421516392
22714642,1790352951,0.000160404538846
22714731,1790352996,0.000163402990254
22714845,1790353054,0.000163781678604
22715096,1790353181,0.000165882764171
22715097,1790353182,0.000165860992173
22715177,1790353223,0.000169938745302
22715178,1790353223,0.000169862537285
22715178,1790353223,0.000169840329734
22715180,1790353224,0.000169838345916
22715452,1790353362,0.000172316761798
22715453,1790353363,0.000172271399435
22715454,1790353363,0.000172254345747
22715857,1790353568,0.000178129454511
22715858,1790353569,0.000178019632111
22715858,1790353569,0.000177978582411
22716002,1790353641,0.000179287052612
22716003,1790353642,0.000179263845071
22716057,1790353669,0.00018057702266
22716058,1790353670,0.000180559047495
22716059,1790353670,0.000180535024677
22716060,1790353671,0.000180533237634
22716084,1790353683,0.000181851047951
22716085,1790353683,0.000181826938833
22716104,1790353693,0.000184738160525
22716105,1790353693,0.000184684250541
22716105,1790353693,0.000184642387577
22716925,1790354110,0.000176787031101
22716926,1790354110,0.000176805517681
22717442,1790354372,0.000181719700944
22718485,1790354901,0.000181548082599
22719329,1790355330,0.000182876271369
22720748,1790356051,0.000182790415203
22721206,1790356283,0.00018682336314
22721207,1790356284,0.000186783633846
22721208,1790356284,0.000186762000072
22721754,1790356562,0.000191521947463
22721755,1790356562,0.000191433862377
22721756,1790356563,0.000191400813562
22721757,1790356564,0.00019139902161
22722054,1790356714,0.000196217328383
22722055,1790356715,0.000196128049932
22722055,1790356715,0.000196094906074
22725298,1790358360,0.000192912291729
22726667,1790359056,0.000187986128668
22726737,1790359091,0.000186279532152
22726738,1790359092,0.000186296033438
22726749,1790359097,0.000185699763765
22726891,1790359170,0.000182340767779
22726893,1790359170,0.00018237979774
22729487,1790360488,0.000182191176413
22730221,1790360861,0.000182241239324
22730280,1790360891,0.000183228476066
22730355,1790360929,0.000185187741814
22730396,1790360950,0.000190099059433
22730397,1790360950,0.000190081887393
22731351,1790361434,0.000190058558921
22731477,1790361498,0.000188021699589
22731581,1790361551,0.000189983126102
22732418,1790361976,0.000191342652266
22733916,1790362737,0.000178758480885
22733916,1790362737,0.000178776575155
22733917,1790362738,0.000178786814167
22735761,1790363674,0.00017904628874
22737779,1790364698,0.00018339400993
22741639,1790366658,0.000183527618187
22741773,1790366726,0.000183742296787
22741776,1790366728,0.000183431223354
22743007,1790367352,0.000180362313096
22743033,1790367365,0.000180064047233
22745724,1790368730,0.000179916039357
22745958,1790368848,0.000179888139355
22746913,1790369333,0.000178080573959
22746914,1790369334,0.000178096288048
22746917,1790369336,0.00017821448705
22747276,1790369518,0.000180447725252
22752004,1790371919,0.000180363573418
22753099,1790372475,0.000177968138947
22754244,1790373057,0.000162887601308
22754246,1790373057,0.000163069015141
22754246,1790373057,0.000163165531883
22754247,1790373058,0.000163168007699
22754248,1790373059,0.000163281145336
22754248,1790373059,0.000163394322184
22754248,1790373059,0.000163507538241
22754249,1790373059,0.000163734087987
22754249,1790373059,0.000163847421675
22757465,1790374691,0.000165966712714
22758415,1790375174,0.000166588250325
22760326,1790376144,0.000168750024076
22760438,1790376201,0.000178558992022
22760438,1790376201,0.000178480605464
22760703,1790376335,0.000178706589509
22761309,1790376643,0.000179760420444
22762304,1790377148,0.000179752220404
22762827,1790377414,0.000180174867
22763010,1790377507,0.000180201150117
22763398,1790377704,0.000180272343187
22763453,1790377731,0.000181589202686
22765732,1790378889,0.000182024817976
22766838,1790379450,0.000175957583982
22767322,1790379696,0.000176349089244
22767342,1790379706,0.000176741029639
22767851,1790379965,0.000176858778127
22768395,1790380241,0.000176039124635
22769667,1790380887,0.000176420895246
22769670,1790380888,0.000176803079374
22770194,1790381155,0.000174566916109
22770219,1790381167,0.000195600524311
22770219,1790381167,0.000195529022626
22770220,1790381168,0.000195492653206
22770221,1790381168,0.000195490832462
22770388,1790381253,0.000195121972039
22770392,1790381255,0.000194754154603
22771267,1790381699,0.000201680295083
22771268,1790381700,0.000201635782435
22771276,1790381704,0.000198022110493
22771300,1790381716,0.000205004851981
22771301,1790381717,0.000204981277253
22772409,1790382279,0.000201612487355
22772443,1790382297,0.00022113860384
22772443,1790382297,0.000221003515044
22772444,1790382297,0.000221002189619
22772474,1790382312,0.000229219933466
22772475,1790382313,0.000229174779778
22772476,1790382313,0.000229109671181
22772550,1790382351,0.000229082437285
22772580,1790382366,0.000237067661543
22772581,1790382367,0.000236919381023
22772581,1790382367,0.000236864243647
22772582,1790382367,0.000236861191974
22772586,1790382369,0.000239884204939
22772587,1790382370,0.000239830219571
22772589,1790382371,0.000239809674874
22772686,1790382420,0.000240572139984
22772688,1790382421,0.000239931211925
22772787,1790382471,0.000250995936748
22772788,1790382472,0.000250888535798
22772788,1790382472,0.000250809417003
22772789,1790382472,0.000250761393952
22772790,1790382473,0.000250759113254
22772790,1790382473,0.000249157563549
22772949,1790382554,0.000264930939363
22772950,1790382554,0.000264741930898
22772950,1790382554,0.000264657182
22772951,1790382555,0.000264655234082
22772952,1790382555,0.000264638100505
22772953,1790382556,0.000264635777074
22772960,1790382559,0.000297616909139
22772961,1790382560,0.000297159490757
22772961,1790382560,0.000296895031218
22772963,1790382561,0.000296889418637
22772964,1790382561,0.000296887037696
22772965,1790382562,0.000296598741022
22772978,1790382569,0.000297442361446
22772991,1790382575,0.000297441006807
22773007,1790382583,0.000292753430653
22773080,1790382620,0.000281263383624
22773082,1790382621,0.000281309395528
22773099,1790382630,0.000281149112076
22773108,1790382634,0.000281172717513
22773119,1790382640,0.000282321774258
22773211,1790382687,0.000281848531798
22773299,1790382731,0.000281872523667
22773392,1790382779,0.000266178477618
22773393,1790382779,0.000266242410594
22773543,1790382855,0.000265809000744
22773568,1790382868,0.000265811094611
22773674,1790382922,0.000239992591917
22773674,1790382922,0.000240283066695
22773674,1790382922,0.000240451098211
22773675,1790382923,0.000240454821037
22773758,1790382964,0.00024301870874
22773988,1790383081,0.000243171350011
22774024,1790383100,0.00024301870874
22774153,1790383165,0.000247155858149
22774241,1790383210,0.000247859782132
22774801,1790383494,0.000258877651357
22774801,1790383494,0.000258811255874
22774813,1790383500,0.000258783584438
22774843,1790383516,0.000258620299206
22776217,1790384213,0.000260083991634
22776235,1790384223,0.000257909550315
22776293,1790384252,0.000258575486694
22776946,1790384584,0.000256511272397
22777134,1790384679,0.000256342218597
22777559,1790384895,0.000256141455148
22777629,1790384931,0.000244738619076
22777630,1790384931,0.000244769270258
22777632,1790384932,0.000244861642714
22777632,1790384932,0.000244954032597
22777638,1790384935,0.000229424835622
22777638,1790384935,0.000229586688462
22777638,1790384935,0.000229703985977
22777639,1790384936,0.000229706127669
22777640,1790384936,0.000229795612961
22777640,1790384936,0.000229885115679
22777720,1790384977,0.000216082786638
22777720,1790384977,0.000216174930709
22777721,1790384978,0.000216177008374
22779011,1790385633,0.000215798951311
22779120,1790385688,0.000215623761848
22779221,1790385739,0.00021527582538
22779223,1790385740,0.000215362454598
22779223,1790385740,0.000215449101243
22779223,1790385740,0.000215579103884
22780937,1790386611,0.000215055212618
22781026,1790386656,0.000215084072289
22781146,1790386717,0.000216533162523
22781714,1790387006,0.000217259532059
22782058,1790387180,0.000218704951531
22782061,1790387182,0.000220155163235
22782618,1790387465,0.000214446476247
22783257,1790387789,0.000214472069368
22784358,1790388348,0.00021498741847
22784525,1790388433,0.000214335062778
22784740,1790388542,0.000213606843999
22784806,1790388576,0.000213638323671
22785297,1790388825,0.000213127802669
22786315,1790389341,0.000216019113738
22786700,1790389536,0.00021674280145
22787694,1790390040,0.000213584298147
22788391,1790390394,0.000213618015249
22788434,1790390416,0.000213584298147
22795829,1790394170,0.000210257826409
22795835,1790394173,0.000210971232637
22795835,1790394173,0.000211685847113
22795836,1790394174,0.000212401669836
22796029,1790394272,0.000211843170947
22797222,1790394877,0.000213498293547
22797624,1790395081,0.000213642449355
22798709,1790395631,0.000212708844146
22800374,1790396475,0.000212440290411
22801589,1790397092,0.00020214442048
22801591,1790397092,0.000202190774103
22801592,1790397093,0.000202262750118
22801592,1790397093,0.000202264836983
22801606,1790397100,0.000202390799732
22802091,1790397346,0.000204611361246
22802131,1790397366,0.000204360396393
22802193,1790397398,0.000191349784951
22802194,1790397398,0.00019153810793
22802194,1790397398,0.000191609564287
22802200,1790397401,0.000191731858285
22802346,1790397475,0.00019186846943
22803613,1790398118,0.000192180494897
22804343,1790398489,0.000193551080607
22804376,1790398505,0.000194922394379
22804649,1790398644,0.000192232209705
22806563,1790399614,0.00019168312503
22806564,1790399615,0.000191696746441
22807159,1790399916,0.000191133587164
22807160,1790399917,0.000191135261088
22807194,1790399934,0.00019113744855
22808117,1790400403,0.000191409285417
22808610,1790400653,0.000190722754794
22808797,1790400747,0.000191377204423
22809019,1790400860,0.0001916487167
22809272,1790400988,0.000191806697911
22810557,1790401640,0.000195297912252
22810858,1790401792,0.00020223370559
22810859,1790401793,0.000202211598643
22810864,1790401795,0.00020663974679
22810865,1790401796,0.000206608095393
22810971,1790401850,0.000207947103371
22812263,1790402505,0.000207969924457
22812520,1790402635,0.000193268920251
22812522,1790402636,0.000193364972633
22812522,1790402636,0.000193385109417
22813527,1790403146,0.000193433745503
22813980,1790403376,0.00019349489639
22814260,1790403518,0.000193193322525
22814487,1790403633,0.000193217085934
22814706,1790403744,0.000194594115414
22814837,1790403810,0.000194709719855
22816161,1790404482,0.000195121833047
22817028,1790404921,0.000195106658685
22817449,1790405135,0.000195656799269
22817825,1790405326,0.00019568723164
22818863,1790405852,0.000195236870199
22819275,1790406061,0.000193596399874
22819282,1790406064,0.00020259750963
22819297,1790406072,0.000198909660596
22819619,1790406235,0.000198843086793
22820721,1790406794,0.000203027313507
22821085,1790406979,0.000202589916693
22821228,1790407051,0.000202010298627
22821371,1790407124,0.000202430062705
22821852,1790407368,0.000205953909052
22821853,1790407369,0.000205927599714
22822265,1790407577,0.000206860562034
22823365,1790408135,0.000207784229153
22823366,1790408136,0.000207771222349
22823772,1790408342,0.000211988978365
22823773,1790408342,0.000211958698588
22823815,1790408363,0.000234047652746
22823816,1790408364,0.000233776689848
22823816,1790408364,0.000233611167493
22823817,1790408364,0.000233607498883
22824051,1790408483,0.000232850919021
22824426,1790408673,0.000232839604236
22824498,1790408710,0.000232929697746
22825156,1790409043,0.000228185821054
22825171,1790409051,0.000228333019437
22825295,1790409114,0.000228628540363
22825334,1790409134,0.00022746960446
22825778,1790409359,0.000227407247177
22825780,1790409360,0.000227496283606
22826297,1790409622,0.000228196093799
22826428,1790409689,0.000228130476092
22826840,1790409898,0.000228862519962
22827407,1790410185,0.000229010649455
22827638,1790410302,0.000230494580106
22827731,1790410349,0.000237141107035
22827731,1790410349,0.000237100223284
22827740,1790410354,0.000240883884805
22827741,1790410355,0.000240856284105
22827742,1790410355,0.00024081928078
22827742,1790410355,0.000240427800545
22827767,1790410368,0.00024653820147
22827768,1790410368,0.000246432581786
22827768,1790410368,0.000246392486849
22827769,1790410369,0.000246391342349
22827771,1790410370,0.000252576587366
22827772,1790410370,0.000252492664541
22827772,1790410370,0.000252448827137
22827773,1790410371,0.000252445619947
22827774,1790410371,0.000258705926933
22827775,1790410372,0.000258625014111
22827775,1790410372,0.000258562584834
22827783,1790410376,0.000266493612302
22827784,1790410376,0.000266391049418
22827784,1790410376,0.000266353679172
22827785,1790410377,0.000266351375474
22827785,1790410377,0.000264598701922
22827785,1790410377,0.000262884929436
22827785,1790410377,0.000261208803353
22827785,1790410377,0.000259517234197
22827785,1790410377,0.000257820805395
22827786,1790410378,0.000256182626665
22827794,1790410381,0.000256149215776
22827805,1790410387,0.00026404342341
22827807,1790410388,0.000262336975995
22827810,1790410390,0.000269424601204
22827811,1790410390,0.000269385411058
22827812,1790410391,0.000269363838475
22827883,1790410427,0.000270973004118
22827884,1790410427,0.000270952580881
22827902,1790410436,0.000298406049524
22827903,1790410437,0.0002980295187
22827903,1790410437,0.000297811797579
22827904,1790410437,0.000297806341558
22827907,1790410439,0.000297399274052
22827934,1790410452,0.00029665203539
22827974,1790410473,0.000314180476313
22827975,1790410473,0.000313965834734
22827975,1790410473,0.000313844921558
22827975,1790410473,0.000313826694487
22827976,1790410474,0.00031382407239
22827976,1790410474,0.000294193473373
22827977,1790410474,0.000294247762706
22827977,1790410474,0.000292499545229
22827980,1790410476,0.000293881074796
22827981,1790410476,0.000270247525546
22827982,1790410477,0.000270404582049
22827982,1790410477,0.000270495397576
22827983,1790410477,0.000270499058593
22827992,1790410482,0.000303832888245
22827993,1790410482,0.000303661823215
22827993,1790410482,0.000303659099461
22828027,1790410500,0.000311280941764
22828028,1790410500,0.000311226065337
22828029,1790410501,0.000311156031334
22828036,1790410504,0.000311100669905
22828068,1790410520,0.000307716377188
22828086,1790410529,0.000311467790064
22828093,1790410533,0.000285727779035
22828094,1790410534,0.000285820954543
22828194,1790410585,0.000284888940364
22828208,1790410591,0.000267691316549
22828209,1790410592,0.000267811881654
22828209,1790410592,0.000267903693685
22828210,1790410592,0.000267906393066
22828211,1790410593,0.000248386210385
22828213,1790410594,0.000248648637049
22828213,1790410594,0.000248775264454
22828214,1790410594,0.000248778126334
22828276,1790410626,0.000248804903714
22828302,1790410639,0.000271546590171
22828303,1790410640,0.000271450789179
22828311,1790410644,0.000267108843219
22828346,1790410661,0.000267428945021
22828375,1790410676,0.000268236111638
22828386,1790410682,0.000270072203344
22828393,1790410685,0.000284259832037
22828394,1790410686,0.000284200137236
22828394,1790410686,0.000284126421345
22828395,1790410686,0.000284123581786
22828402,1790410690,0.000295682729377
22828403,1790410690,0.000295530690053
22828403,1790410690,0.000295448402043
22828431,1790410704,0.000295446032964
22828432,1790410705,0.000292966672861
22828493,1790410736,0.000294485933064
22828496,1790410737,0.000293866182329
22828505,1790410742,0.000294657088565
22828508,1790410744,0.000294622578011
22828517,1790410748,0.000295760927079
22828543,1790410761,0.000295240535833
22828625,1790410803,0.000293250667758
22828652,1790410816,0.000292034160629
22828769,1790410876,0.000293097112689
22828779,1790410881,0.000285639796849
22828780,1790410881,0.000285657163029
22828786,1790410884,0.00028640615286
22828905,1790410945,0.00028892198567
22828929,1790410957,0.000294890967759
22828955,1790410970,0.000298155158612
22828983,1790410984,0.000298493346617
22829000,1790410993,0.000299516762155
22829002,1790410994,0.000304647166147
22829003,1790410994,0.00030459888555
22829051,1790411019,0.000304769772538
22829051,1790411019,0.000308225353483
22829052,1790411019,0.000308178455236
22829053,1790411020,0.000308153980243
22829061,1790411024,0.000313331262471
22829061,1790411024,0.000322055910836
22829062,1790411024,0.000322231625822
22829063,1790411025,0.000322045801786
22829063,1790411025,0.000321945849935
22829064,1790411025,0.000321941309017
22829064,1790411025,0.000321588741825
22829086,1790411037,0.000330426822329
22829087,1790411037,0.000330317784691
22829087,1790411037,0.000330255125584
22829088,1790411038,0.000330243321876
22829099,1790411043,0.000335228633244
22829100,1790411044,0.000334100626808
22829102,1790411045,0.000333099749746
22829112,1790411050,0.0003458140138
22829114,1790411051,0.000345748002317
22829123,1790411055,0.000346658794961
22829139,1790411063,0.00034660020291
22829146,1790411067,0.000352686935885
22829148,1790411068,0.000352597176759
22829148,1790411068,0.00035138045825
22829149,1790411069,0.00035134909073
22829150,1790411069,0.000351340514095
22829152,1790411070,0.000360575670269
22829153,1790411071,0.000360471800085
22829153,1790411071,0.000360406532994
22829154,1790411071,0.00036040306658
22829154,1790411071,0.000314181384821
22829154,1790411071,0.000314336616685
22829155,1790411072,0.000314392344139
22829156,1790411072,0.000314448397436
22829160,1790411074,0.000317111144877
22829208,1790411098,0.000321340943263
22829219,1790411104,0.000326627385283
22829225,1790411107,0.000326715858057
22829228,1790411109,0.000330316541239
22829229,1790411109,0.000330293139188
22829249,1790411119,0.000330791862446
22829261,1790411125,0.000343469538412
22829262,1790411126,0.000343373977945
22829265,1790411128,0.00034461805446
22829272,1790411131,0.000346452585769
22829273,1790411131,0.000346430625058
22829282,1790411136,0.000343902480893
22829318,1790411154,0.000336638858167
22829321,1790411156,0.000330156646248
22829322,1790411156,0.000330179501997
22829327,1790411159,0.000330559290976
22829355,1790411173,0.000332714919296
22829357,1790411174,0.000332804212667
22829369,1790411180,0.000327253533514
22829370,1790411181,0.000327273984279
22829407,1790411199,0.00032727942727
22829418,1790411205,0.000327285938958
22829435,1790411214,0.000318349379253
22829437,1790411215,0.000318410631871
22829442,1790411217,0.000319116198129
22829447,1790411220,0.000316893071619
22829480,1790411236,0.000316770872125
22829488,1790411240,0.000313990445467
22829509,1790411251,0.000309909663525
22829510,1790411252,0.000310771993133
22829571,1790411283,0.000310858247711
22829590,1790411292,0.000310895815165
22829608,1790411301,0.000311759514723
22829622,1790411309,0.000316993280539
22829637,1790411316,0.000320524362091
22829639,1790411317,0.000320561080258
22829689,1790411342,0.000321438093357
22829691,1790411343,0.000322161463652
22829824,1790411411,0.000321985806044
22829833,1790411415,0.000322069925219
22829836,1790411417,0.000322022701474
22829853,1790411426,0.000322377002112
22829874,1790411436,0.000325937860156
22829927,1790411463,0.000325435877648
22829929,1790411464,0.000326319529452
22829935,1790411467,0.000330583934647
22829936,1790411468,0.000330559332158
22829944,1790411472,0.000334164973225
22829950,1790411475,0.000333552675424
22830056,1790411529,0.000339309772998
22830087,1790411544,0.000339264338746
22830118,1790411560,0.00034814096922
22830124,1790411563,0.000336607059211
22830171,1790411587,0.000335376689026
22830232,1790411618,0.00033704454704
22830233,1790411618,0.000338847912862
22830247,1790411625,0.000340670690108
22830272,1790411638,0.000342489182304
22830430,1790411718,0.000343274602944
22830523,1790411766,0.000326540160316
22830523,1790411766,0.000326597125582
22830532,1790411770,0.000327485924321
22830540,1790411774,0.000328739810799
22830541,1790411774,0.00032875770496
22830562,1790411785,0.000324724696174
22830616,1790411812,0.000326491267033
22830679,1790411844,0.000325271235401
22830778,1790411895,0.000320784675983
22830778,1790411895,0.000320824986907
22830797,1790411904,0.000317206727311
22830798,1790411905,0.00031723182885
22830831,1790411922,0.000305966077031
22830832,1790411922,0.000306043209764
22830832,1790411922,0.000306097983714
22830843,1790411928,0.000309568021243
22830857,1790411935,0.000313889274292
22830956,1790411985,0.000313471048935
22830975,1790411995,0.000313331826216
22830998,1790412006,0.000312287979497
22831001,1790412008,0.000308557087897
22831011,1790412013,0.000304345104841
22831012,1790412013,0.000304347570062
22831013,1790412014,0.000304369727959
22831040,1790412028,0.00028867083482
22831040,1790412028,0.000288787776632
22831041,1790412028,0.000288977118725
22831041,1790412028,0.000288979452349
22831173,1790412095,0.000282532420222
22831173,1790412095,0.000282575675439
22831174,1790412096,0.000282635466381
22831205,1790412111,0.000275633129879
22831205,1790412111,0.000275681907323
22831206,1790412112,0.000275768277082
22831209,1790412113,0.000276754465516
22831236,1790412127,0.000280021376198
22831238,1790412128,0.000278390330766
22831249,1790412134,0.000279207664515
22831252,1790412135,0.000282982830751
22831258,1790412138,0.000283012133155
22831261,1790412140,0.000281590777501
22831280,1790412149,0.000283252648532
22831294,1790412156,0.000281593331682
22831299,1790412159,0.000271817782831
22831300,1790412159,0.000271866885111
22831301,1790412160,0.000271893274645
22831302,1790412160,0.000271895867275
22831309,1790412164,0.000268339668471
22831310,1790412164,0.000268383805729
22831311,1790412165,0.000268413183959
22831317,1790412168,0.000276315042836
22831320,1790412169,0.000281256030404
22831321,1790412170,0.000281238886018
22831339,1790412179,0.000284532080869
22831341,1790412180,0.000284508400199
22831373,1790412197,0.000283075771993
22831417,1790412219,0.000283240511766
22831423,1790412222,0.000281722947413
22831480,1790412251,0.000282383211592
22831486,1790412254,0.000281671447715
22831492,1790412257,0.000276964806813
22831562,1790412292,0.000278831008337
22831572,1790412297,0.000281288542266
22831590,1790412306,0.000283591968832
22831628,1790412326,0.000285256385581
22831646,1790412335,0.000288215328457
22831668,1790412346,0.000289896605396
22831669,1790412347,0.000289875429249
22831688,1790412356,0.00029325252535
22831689,1790412357,0.000293228207202
22831738,1790412382,0.000294259485091
22831742,1790412384,0.000296005969977
22831743,1790412384,0.000295986392862
22831757,1790412391,0.000294314952133
22831758,1790412392,0.000299375134303
22831759,1790412392,0.000299350565336
22831774,1790412400,0.000297804532515
22831781,1790412404,0.000298831467539
22831797,1790412411,0.000299171340819
22831849,1790412438,0.000309421253699
22831851,1790412439,0.000309372544499
22831852,1790412439,0.000309369111537
22831882,1790412455,0.000307744924393
22831963,1790412496,0.000308870739584
22831967,1790412498,0.000308313677046
22831988,1790412508,0.000309966142251
22831989,1790412509,0.000309947438008
22832006,1790412517,0.000310121124684
22832102,1790412566,0.000309189299832
22832109,1790412570,0.000310407689556
22832165,1790412598,0.000310115107495
22832173,1790412602,0.000308485049835
22832175,1790412603,0.000302100820065
22832188,1790412610,0.000299754350425
22832213,1790412622,0.000294636860395
22832214,1790412623,0.00029466281413
22832228,1790412630,0.00029634574155
22832269,1790412651,0.000295836818903
22832291,1790412662,0.000296932350524
22832322,1790412678,0.000297958196929
22832422,1790412728,0.000299650495393
22832470,1790412753,0.000300729907726
22832518,1790412777,0.000303809727074
22832552,1790412794,0.000308095167644
22832584,1790412811,0.000316815314967
22832585,1790412811,0.000316737321844
22832585,1790412811,0.000316641481692
22832636,1790412837,0.00031108748568
22832750,1790412895,0.000312816614883
22832770,1790412905,0.000315732808454
22832840,1790412940,0.00031747478213
22832903,1790412973,0.000311898943892
22832905,1790412973,0.000312147362609
22832905,1790412973,0.000312223574502
22832913,1790412977,0.000323623741623
22832933,1790412988,0.000324513838447
22832960,1790413001,0.000318752373907
22833028,1790413036,0.000319898128121
22833065,1790413054,0.000319984795836
22833088,1790413066,0.000319790425915
22833093,1790413069,0.000319825706546
22833107,1790413076,0.000320178619896
22833114,1790413079,0.000319802338488
22833169,1790413107,0.000317809192359
22833179,1790413112,0.000318971451501
22833209,1790413128,0.000316298634451
22833224,1790413135,0.000313586377217
22833241,1790413144,0.000315322427766
22833361,1790413205,0.000313651196519
22833369,1790413209,0.000315039796913
22833453,1790413251,0.000313925661714
22833484,1790413267,0.000315662649873
22833546,1790413298,0.000314824014466
22833550,1790413300,0.000323569278309
22833571,1790413311,0.000332434347965
22833571,1790413311,0.000332392169521
22833590,1790413321,0.000331486036559
22833628,1790413340,0.000325538748882
22833628,1790413340,0.000325502599801
22833632,1790413342,0.000324254380469
22833666,1790413359,0.000324360964346
22833716,1790413385,0.000315342116483
22833717,1790413385,0.000315374098616
22833928,1790413492,0.000289158642849
22833928,1790413492,0.000289331321274
22833929,1790413493,0.000289605246041
22833929,1790413493,0.000289607848129
22833965,1790413511,0.00029039946184
22834056,1790413557,0.000288927284262
22834155,1790413607,0.000289022721213
22834164,1790413612,0.000288646259915
22834187,1790413624,0.000288551009352
22834217,1790413639,0.000288543204939
22834229,1790413645,0.000288272752927
22834289,1790413675,0.000284984742386
22834290,1790413676,0.000285037915269
22834291,1790413676,0.000285067644095
22834308,1790413685,0.000284647311555
22834310,1790413686,0.000288405104468
22834335,1790413699,0.000287977371493
22834361,1790413712,0.000288480025456
22834473,1790413769,0.000289383181885
22834589,1790413827,0.000290477664339
22834753,1790413911,0.000290584227119
22834804,1790413936,0.0002892258529
22834844,1790413957,0.000290225688492
22834892,1790413981,0.000290240812886
22834943,1790414007,0.000290245024704
22834979,1790414025,0.000291932200995
22835055,1790414064,0.000295287238491
22835130,1790414102,0.000297325831384
22835173,1790414124,0.000301935212924
22835173,1790414124,0.000301893761469
22835195,1790414135,0.00029501660254
22835247,1790414161,0.000296641836443
22835295,1790414185,0.000298706284495
22835349,1790414213,0.00029834041551
22835467,1790414273,0.000290649819354
22835521,1790414300,0.00029053773326
22835527,1790414303,0.000291296740458
22835547,1790414313,0.000292300146047
22835552,1790414316,0.000282882485122
22835552,1790414316,0.00028293554485
22835553,1790414316,0.000282961957987
22835593,1790414337,0.000286712602119
22835714,1790414398,0.000286879736561
22835801,1790414442,0.000287715719926
22835842,1790414463,0.000290249764659
22835900,1790414492,0.000292973809456
22835969,1790414527,0.000297470830382
22835970,1790414528,0.000297445598742
22836036,1790414561,0.000295813764003
22836040,1790414563,0.000295963115578
22836123,1790414605,0.000299341509193
22836211,1790414650,0.000296528386468
22836212,1790414650,0.00029990965655
22836247,1790414668,0.000298208444961
22836261,1790414675,0.000298377530107
22836506,1790414800,0.000299420425216
22836548,1790414821,0.000299532097678
22836697,1790414896,0.000301228853538
22836700,1790414898,0.00030293040163
22836700,1790414898,0.000302792762682
22836792,1790414945,0.000302933528988
22836800,1790414949,0.000302880413955
22837028,1790415064,0.000304586613687
22837178,1790415140,0.000305272171837
22837270,1790415187,0.000307843339508
22837280,1790415192,0.000307860516807
22837332,1790415218,0.000307843339508
22837343,1790415224,0.000310438357221
22837538,1790415323,0.000315674245042
22837687,1790415398,0.000315908764925
22837727,1790415419,0.000319160592703
22837790,1790415451,0.000348123148719
22837790,1790415451,0.000347739363288
22837790,1790415451,0.000347508479868
22837791,1790415451,0.000347501523929
22838015,1790415565,0.000348963055522
22838071,1790415594,0.000349147440854
22838143,1790415630,0.000345238718738
22838161,1790415639,0.000346148840782
22838163,1790415640,0.000345944132766
22838227,1790415672,0.000342242768536
22838264,1790415691,0.000341066693199
22838349,1790415734,0.000341091686543
22838388,1790415754,0.000331064801309
22838388,1790415754,0.000331142526025
22838395,1790415758,0.000332040643827
22838588,1790415855,0.000334749079719
22838918,1790416023,0.000336557187213
22838960,1790416044,0.000332912187916
22839216,1790416174,0.000330584386317
22839278,1790416206,0.000329984808152
22839326,1790416230,0.000331780020102
22839464,1790416300,0.000332949519404
22839550,1790416344,0.000329305817273
22839638,1790416388,0.00033191301226
22839830,1790416485,0.000331852618691
22840024,1790416584,0.000331520530557
22840423,1790416786,0.000332412488577
22840737,1790416945,0.000332420923249
22840756,1790416955,0.000332532761112
22840766,1790416960,0.000333336612744
22840802,1790416978,0.000331415925707
22840830,1790416992,0.000328898058504
22840873,1790417014,0.000327958818671
22841002,1790417080,0.000318568478216
22841003,1790417080,0.00031860852788
22841008,1790417083,0.000318116550129
22841042,1790417100,0.000316417187677
22841065,1790417111,0.000315207317824
22841255,1790417208,0.000311445159323
22841256,1790417208,0.000311447581968
22841512,1790417338,0.000311085126553
22841926,1790417548,0.00030932245716
22841927,1790417549,0.000309349946404
22841928,1790417549,0.000309369840382
22841957,1790417564,0.00030914237221
22842211,1790417693,0.00030915967265
22842361,1790417769,0.000308816150392
22842369,1790417773,0.000308989500817
22842470,1790417824,0.000310712797596
22842814,1790417999,0.000310439437205
22842861,1790418022,0.000311302503038
22843103,1790418145,0.000311145410031
22843169,1790418178,0.000310991442033
22843423,1790418307,0.00031054393126
22843624,1790418409,0.00031173288909
22843881,1790418539,0.000311532408559
22844105,1790418653,0.000312051014444
22844115,1790418658,0.000311895804625
22844129,1790418665,0.000311807514797
22844396,1790418801,0.000311258265895
22844654,1790418931,0.000309591131752
22844900,1790419056,0.000302475783135
22844901,1790419057,0.000302552263171
22844902,1790419057,0.000302599007766
22844990,1790419102,0.000302073899182
22845075,1790419145,0.000302112987231
22845480,1790419350,0.000302008109195
22845626,1790419424,0.000301183379748
22845636,1790419430,0.000294121543578
22845638,1790419430,0.000294226114538
22845638,1790419430,0.000294283866958
22845639,1790419431,0.000294286438454
22845721,1790419473,0.000293732517248
22845842,1790419534,0.000297051498958
22846105,1790419667,0.000297389742773
22846167,1790419699,0.000297897469367
22846284,1790419758,0.000297743453103
22846421,1790419827,0.000297334193007
22846467,1790419851,0.0002967716487
22846740,1790419989,0.000295240421873
22846758,1790419999,0.000285106607681
22846760,1790419999,0.00028517454454
22846761,1790420000,0.000285214594056
22846858,1790420049,0.000285245934046
22846949,1790420095,0.000285395892501
22846979,1790420111,0.000281972900677
22846981,1790420111,0.000282013175998
22846982,1790420112,0.000282035332813
22847037,1790420140,0.000272645634853
22847038,1790420140,0.000272760952443
22847038,1790420140,0.000272824721365
22847039,1790420141,0.000272827900584
22847097,1790420170,0.000259435481898
22847098,1790420171,0.000259598065728
22847098,1790420171,0.000259687584451
22847100,1790420172,0.000259689570573
22847223,1790420234,0.000259544941629
22847277,1790420261,0.000259538283906
22847811,1790420532,0.000258328813177
22847812,1790420533,0.000258329910319
22847968,1790420612,0.000256358946323
22847969,1790420612,0.000256399349618
22847970,1790420613,0.000256422173197
22848117,1790420687,0.000253081353082
22848214,1790420736,0.000252836664547
22848454,1790420858,0.000251890923705
22848464,1790420863,0.000252047282601
22849185,1790421229,0.000252911502466
22849291,1790421283,0.000235117066101
22849291,1790421283,0.000235185222373
22849293,1790421284,0.000235187327626
22849344,1790421310,0.000218811576206
22849344,1790421310,0.000218936125805
22849345,1790421310,0.000218938562046
22849356,1790421316,0.000219069613077
22849388,1790421332,0.00022140595389
22849545,1790421411,0.000224352693773
22849560,1790421419,0.000225833368708
22849587,1790421433,0.000227318168159
22849588,1790421433,0.000227304316254
22849665,1790421473,0.000228042917704
22849779,1790421530,0.000228716531956
22849867,1790421575,0.000228635602175
22849888,1790421585,0.000228669451424
22850095,1790421690,0.000228647629561
22850145,1790421716,0.000228716278111
22850209,1790421748,0.000229162913865
22850273,1790421781,0.000227143267769
22850320,1790421804,0.000228116829137
22850342,1790421816,0.0002277133559
22850498,1790421895,0.000228417165633
22850519,1790421905,0.000232877571429
22850520,1790421906,0.000232852683017
22850561,1790421927,0.000237355979398
22850562,1790421927,0.000237323608052
22850571,1790421932,0.000241869725957
22850572,1790421932,0.000241837176682
22850584,1790421938,0.000243362031331
22850808,1790422052,0.000245985056864
22850809,1790422052,0.000245955121424
22850810,1790422053,0.000245952903418
22850944,1790422121,0.000246603068501
22850945,1790422121,0.000246572811625
22850947,1790422122,0.000246562998701
22851183,1790422242,0.000245098418601
22851265,1790422284,0.000245082928425
22851541,1790422424,0.000242363094145
22851686,1790422497,0.000242363857742
22851784,1790422547,0.000243370945926
22851816,1790422563,0.000244373946709
22851846,1790422578,0.000245391877473
22851875,1790422593,0.000245450275737
22852045,1790422680,0.000245101569601
22852125,1790422720,0.000260378501782
22852126,1790422720,0.000260191947353
22852126,1790422720,0.000260086510048
22852127,1790422721,0.000260084118693
22852193,1790422754,0.00026228723297
22852385,1790422852,0.000263336301987
22852497,1790422908,0.000263672561737
22852613,1790422967,0.00026454872985
22852642,1790422982,0.000264868903809
22853096,1790423212,0.000265710482356
22853412,1790423373,0.000264856874819
22853489,1790423412,0.000265080261437
22853517,1790423426,0.000266676599998
22853670,1790423503,0.000269883653809
22853817,1790423578,0.000271952638239
22853889,1790423614,0.000272278892035
22854156,1790423750,0.000271700528663
22854374,1790423861,0.000273202742408
22854376,1790423862,0.000273200599415
22854387,1790423867,0.000274749334204
22854407,1790423877,0.000276376537722
22854507,1790423928,0.000277195028144
22854508,1790423928,0.000277193814229
22855125,1790424241,0.000277918712135
22855179,1790424269,0.000278859191876
22855200,1790424279,0.000278941352986
22855371,1790424366,0.000277319721007
22855509,1790424436,0.000277242998498
22855534,1790424449,0.000271230326842
22855567,1790424466,0.000271473451775
22855611,1790424488,0.00027090422993
22855625,1790424495,0.000268607651553
22855632,1790424499,0.000263477014508
22855632,1790424499,0.000263425738977
22855709,1790424538,0.000264997053117
22855726,1790424546,0.000268194022083
22855826,1790424597,0.00026973472635
22855864,1790424616,0.000270554691048
22855929,1790424649,0.000270659440442
22855963,1790424666,0.000249719371425
22855964,1790424667,0.000249811220726
22855968,1790424669,0.000249900683383
22855969,1790424670,0.000249931793315
22856042,1790424707,0.000245612065281
22856043,1790424707,0.00024564133942
22856044,1790424708,0.000245677810757
22856141,1790424757,0.000246110916484
22856182,1790424778,0.000246188102978
22856210,1790424792,0.000223022436716
22856210,1790424792,0.000223291989359
22856212,1790424793,0.000223438148029
22856212,1790424793,0.000223442918889
22856365,1790424870,0.000224182628117
22856394,1790424885,0.000231629078909
22856443,1790424910,0.000231704336544
22856520,1790424949,0.000231719314271
22856614,1790424997,0.000239288885635
22856615,1790424997,0.000239236935536
22856707,1790425044,0.000246927336982
22856708,1790425045,0.000246871441286
22856768,1790425075,0.000247364641774
22856790,1790425086,0.000248873506692
22856805,1790425094,0.000249654142096
22856887,1790425135,0.000250434043715
22856933,1790425159,0.000250449693278
22857042,1790425214,0.000252331190635
22857162,1790425275,0.000249502394074
22857164,1790425276,0.000257354327442
22857165,1790425276,0.000257287389445
22857166,1790425277,0.000257232214151
22857392,1790425391,0.000257233784323
22858010,1790425705,0.00025446093703
22858329,1790425867,0.000251303639741
22859511,1790426466,0.0002529051827
22859516,1790426469,0.000253849643107
22859518,1790426470,0.000254572370674
22859579,1790426501,0.000254777806011
22859698,1790426561,0.000254827922233
22859882,1790426655,0.000258344464266
22860049,1790426739,0.000257682101085
22860102,1790426766,0.00025763434104
22860158,1790426794,0.00027045806023
22860159,1790426795,0.000270414590219
22860179,1790426805,0.000260134364285
22860210,1790426821,0.000260213948518
22860222,1790426827,0.000260659677454
22860241,1790426837,0.000252451508101
22860241,1790426837,0.000252504951893
22860267,1790426850,0.000260343230116
22860503,1790426969,0.000260398485067
22860520,1790426978,0.000261354424023
22860540,1790426988,0.000261433514575
22860860,1790427151,0.00026107389162
22860975,1790427209,0.000261179503713
22861000,1790427222,0.000261128034813
22861007,1790427225,0.000261357685021
22861007,1790427225,0.000261571250082
22861028,1790427236,0.000261721029676
22861072,1790427258,0.000253820919907
22861074,1790427259,0.000253974815794
22861074,1790427259,0.000254028151411
22861245,1790427346,0.000254197006519
22861286,1790427367,0.00025384609973
22861458,1790427454,0.000253752169959
22861558,1790427505,0.000256041444356
22861657,1790427555,0.000255944364387
22861809,1790427632,0.000257678852061
22862110,1790427785,0.000257742512064
22862536,1790428001,0.000257901296762
22862604,1790428035,0.000254738092508
22862958,1790428215,0.000251635173703
22862972,1790428222,0.000251638295387
22863057,1790428265,0.000248432860622
22863069,1790428271,0.000248495211203
22863084,1790428279,0.000232239759162
22863085,1790428279,0.000232492327096
22863085,1790428279,0.00023255849704
22863086,1790428280,0.000232560613048
22863138,1790428306,0.000238046834158
22863476,1790428477,0.000241085477276
22863658,1790428570,0.00024184996627
22863865,1790428675,0.000241705770093
22864101,1790428794,0.000241834180843
22864251,1790428871,0.000229160168774
22864253,1790428872,0.000229218343815
22864254,1790428872,0.000230710456286
22864285,1790428888,0.000224877828095
22864287,1790428889,0.000224923488239
22864288,1790428889,0.00022495893202
22864316,1790428904,0.000232071354196
22864506,1790429000,0.00023200118971
22864700,1790429098,0.000221763598093
22864701,1790429099,0.000221829084705
22864760,1790429129,0.000206194468885
22864761,1790429130,0.000206471093268
22864761,1790429130,0.000206579045072
22864763,1790429130,0.000206580410948
22864764,1790429131,0.000206601751499
22864817,1790429158,0.000211454348829
22864885,1790429192,0.000211229265339
22864991,1790429246,0.000211300989124
22865097,1790429300,0.000211587142944
22865171,1790429337,0.000208754744483
22865228,1790429366,0.000209325218962
22865258,1790429381,0.000220738386103
22865259,1790429382,0.000220697519895
22865280,1790429393,0.000220292493106
22865347,1790429426,0.000220715181945
22865351,1790429429,0.000235599919985
22865352,1790429429,0.000235488882848
22865352,1790429429,0.000235455036812
22865511,1790429510,0.000235485234225
22865852,1790429683,0.000236700804148
22865853,1790429683,0.000236674417143
22865854,1790429684,0.000236672327816
22865932,1790429723,0.000235946615321
22865957,1790429736,0.000236757438765
22866011,1790429763,0.000237159418446
22866272,1790429896,0.000237390837457
22866273,1790429896,0.000237377376031
22866516,1790430019,0.000252820417913
22866517,1790430020,0.000252460871729
22866517,1790430020,0.000252348962203
22866518,1790430021,0.000252346329406
22867265,1790430399,0.00025237774829
22867332,1790430433,0.000252595221976
22867332,1790430433,0.000252749951235
22867361,1790430448,0.000253031551026
22867361,1790430448,0.000253436769166
22867423,1790430480,0.000253907600447
22867423,1790430480,0.000254779051274
22867474,1790430505,0.000257454927185
22867477,1790430507,0.000261682253336
22867544,1790430541,0.000262499087387
22867544,1790430541,0.000263952988916
22867556,1790430547,0.000262944257769
22867577,1790430558,0.000263829776615
22867577,1790430558,0.000264380522829
22867707,1790430624,0.000264658235999
22867707,1790430624,0.000265023116903
22867802,1790430672,0.000265279740992
22867802,1790430672,0.000265589708961
22867803,1790430672,0.000265708494464
22868013,1790430779,0.000258887456155
22868013,1790430779,0.000259027721969
22868013,1790430779,0.000259072976426
22868779,1790431167,0.000258124569915
22868857,1790431207,0.000258760472572
22869139,1790431350,0.000259708002885
22869139,1790431350,0.000260088291727
22869139,1790431350,0.000260378172163
22869139,1790431350,0.000260510517685
22869139,1790431350,0.000260836584666
22869140,1790431350,0.000260870819504
22869197,1790431379,0.000262458170209
22869198,1790431380,0.000262793861649
22869198,1790431380,0.0002632602587
22869244,1790431403,0.000260476163725
22869245,1790431404,0.000260534441293
22869246,1790431404,0.000260550171204
22869280,1790431421,0.000243927684278
22869280,1790431421,0.00024431059882
22869281,1790431422,0.000244419430604
22869374,1790431469,0.000258178818437
22869375,1790431470,0.00025811035097
22869425,1790431495,0.000252746563813
22869591,1790431579,0.00025174612665
22869680,1790431624,0.00025075161774
22869751,1790431660,0.00024561441679
22869752,1790431661,0.000245634130282
22869819,1790431695,0.000244675583585
22869830,1790431701,0.000188398447441
22869831,1790431701,0.000188668500586
22869831,1790431701,0.000188724646071
22869831,1790431701,0.000188855994346
22869832,1790431702,0.000188859765311
22869833,1790431702,0.000192917551175
22869834,1790431703,0.00019304056939
22869834,1790431703,0.000199483279696
22869835,1790431703,0.000199462203588
22869836,1790431704,0.000199490005316
22869842,1790431707,0.000199628304546
22869849,1790431710,0.000199642137105
22869894,1790431733,0.000201453573472
22869895,1790431734,0.00020143973265
22869901,1790431737,0.000202978823531
22869944,1790431758,0.000203399592149
22869945,1790431759,0.000203386090455
22869969,1790431771,0.000219154870689
22869970,1790431772,0.000219037056109
22869970,1790431772,0.00021890249537
22869971,1790431772,0.000218899432061
22869980,1790431777,0.000215436595539
22870030,1790431802,0.000215797800325
22870121,1790431848,0.000215803310816
22870130,1790431853,0.000217243886095
22870135,1790431855,0.000218689253606
22870164,1790431870,0.000217629306877
22871126,1790432358,0.000217339384261
22871128,1790432359,0.000217375832469
22871209,1790432400,0.000217412254246
22871317,1790432455,0.000217419530284
22871435,1790432515,0.000217855001704
22871729,1790432664,0.000218512314741
22871823,1790432711,0.000219240163238
22871903,1790432752,0.000222040129105
22872189,1790432897,0.000220279686467
22872477,1790433043,0.000218211631442
22872743,1790433178,0.000216180227674
22872819,1790433217,0.000216878698613
22873045,1790433331,0.000216743674283
22873226,1790433423,0.00021747221941
22873524,1790433574,0.000217027465207
22873751,1790433690,0.000216734884307
22874043,1790433838,0.000216050492182
22874074,1790433853,0.000215897765813
22874235,1790433935,0.00021127187522
22874236,1790433935,0.000211255509967
22874465,1790434051,0.000210810143618
22874541,1790434090,0.00021049165991
22874552,1790434096,0.000195862703708
22874553,1790434096,0.000196099135646
22874553,1790434096,0.000196148449546
22874739,1790434190,0.000196150425011
22874890,1790434267,0.000197807575987
22875249,1790434449,0.000203395859513
22875536,1790434595,0.000199706761485
22875537,1790434595,0.000199735803753
22875557,1790434605,0.000199742756774
22875799,1790434728,0.000199745361423
22875826,1790434742,0.000200652566854
22875908,1790434783,0.000201533819886
22876639,1790435154,0.000202236359323
22876740,1790435205,0.000202813353804
22877030,1790435353,0.000206775777485
22877037,1790435356,0.000206789997696
22877449,1790435565,0.000207142103729
22877513,1790435598,0.000206906219131
22878008,1790435849,0.000205949348625
22878373,1790436034,0.00020127980084
22878429,1790436063,0.000199577139743
22878897,1790436301,0.000200833289208
22879001,1790436353,0.000187024304468
22879002,1790436354,0.000187240376154
22879002,1790436354,0.00018731432293
22879003,1790436354,0.000187317072785
22879041,1790436374,0.000190707404993
22879045,1790436376,0.000191593974691
22879084,1790436396,0.000187105741625
22879113,1790436410,0.000188022078268
22879171,1790436440,0.000190051323745
22879391,1790436551,0.000191410179351
22879448,1790436580,0.000194138709362
22879640,1790436678,0.000194759241031
22879643,1790436679,0.00019538076283
22879667,1790436692,0.000194827103313
22879696,1790436706,0.000198979543564
22879697,1790436707,0.000198948874645
22879868,1790436794,0.0001988489745
22880571,1790437151,0.000199429219467
22880953,1790437345,0.000200016183696
22881126,1790437432,0.00020007898472
22881214,1790437477,0.000201227628364
22881299,1790437520,0.000199664032343
22881301,1790437521,0.000200931248181
22881668,1790437708,0.000202916669977
22881740,1790437744,0.00020302550536
22882368,1790438063,0.000203391104934
22882457,1790438108,0.00020347273732
22882513,1790438137,0.000207715831215
22882810,1790438288,0.000207950471729
22882968,1790438368,0.000210783595846
22882970,1790438369,0.000210781612096
22883018,1790438393,0.000211770929855
22883101,1790438435,0.000211852975517
22883171,1790438471,0.000211972722463
22883171,1790438471,0.000212019754989
22883171,1790438471,0.000212116496382
22883404,1790438589,0.000213414434869
22883469,1790438622,0.000211000886424
22883470,1790438623,0.000211020020243
22883471,1790438623,0.000211047788684
22883617,1790438697,0.000209958310526
22883705,1790438742,0.000208146492279
22884191,1790438989,0.000207983960753
22884383,1790439086,0.00020808814216
22884383,1790439086,0.000208092560493
22884436,1790439113,0.000208211081609
22884466,1790439129,0.00020833209712
22884491,1790439141,0.000208453267272
22884514,1790439153,0.000208574672177
22884542,1790439167,0.00020870850278
22884578,1790439185,0.000208836330324
22884604,1790439199,0.000208970381013
22884628,1790439211,0.000209104695448
22884662,1790439228,0.000209232577202
22884687,1790439241,0.000209380309072
22884709,1790439252,0.00020950243191
22884732,1790439264,0.000209630435209
22884755,1790439275,0.000209778190388
22884882,1790439340,0.000209900506004
22884936,1790439367,0.000210028810947
22884961,1790439380,0.000210642426811
22884965,1790439382,0.000210773140496
22884995,1790439397,0.00021089521899
22885021,1790439411,0.000211023516515
22885049,1790439425,0.000211152088221
22885188,1790439495,0.000211312565861
22885188,1790439495,0.000211422434004
22885299,1790439552,0.000212068769278
22885299,1790439552,0.000212415288511
22885357,1790439581,0.000212537761147
22885382,1790439594,0.000212673139551
22885402,1790439604,0.000212802161027
22885425,1790439616,0.000212937654265
22885473,1790439640,0.000213073230372
22885509,1790439658,0.000213202381111
22885554,1790439681,0.000213338049069
22885593,1790439701,0.000213027134542
22885692,1790439751,0.000213158275109
22885722,1790439767,0.000214459653849
22885737,1790439774,0.000214587296652
22885748,1790439780,0.000215922084867
22885759,1790439785,0.000216036866673
22885768,1790439790,0.000216691433191
22885784,1790439798,0.000218032739457
22885785,1790439798,0.000218137093413
22885824,1790439819,0.000218254578998
22885846,1790439829,0.000218372097202
22885869,1790439841,0.000218496286957
22885870,1790439842,0.000218501380671
22885893,1790439853,0.000218625575615
22885918,1790439866,0.000218756493773
22885950,1790439882,0.000218887339409
22886001,1790439908,0.000219024893711
22886022,1790439919,0.00021915598502
22886053,1790439935,0.000219293673247
22886072,1790439944,0.000219398089669
22886072,1790439944,0.000219425735982
22886079,1790439948,0.000220775465285
22886090,1790439953,0.000220905048486
22886109,1790439963,0.000221030026291
22886158,1790439988,0.00022115503944
22886205,1790440012,0.000251388307164
22886206,1790440012,0.000251223714632
22886206,1790440012,0.000251186838651
22886207,1790440013,0.000251183601512
22886214,1790440016,0.000254432225753
22886215,1790440017,0.000254362813304
22886217,1790440018,0.000254338935306
22886249,1790440034,0.000251092091905
22886263,1790440041,0.000251124291741
22886317,1790440069,0.000249935999488
22886327,1790440074,0.000250004635824
22886362,1790440091,0.000250094403258
22886399,1790440110,0.000250198964696
22886406,1790440114,0.00024629218415
22886407,1790440114,0.000246319508967
22886439,1790440131,0.000246451479273
22886463,1790440143,0.000246583836667
22886503,1790440163,0.00024672307521
22886504,1790440164,0.000246727307468
22886524,1790440174,0.000246866674034
22886547,1790440185,0.000247013047283
22886569,1790440197,0.000247152406937
22886575,1790440200,0.000247439216826
22886575,1790440200,0.000247832153829
22886589,1790440207,0.000247994131037
22886620,1790440222,0.000248124517884
22886672,1790440249,0.000248271453272
22886704,1790440265,0.000248418242333
22886728,1790440277,0.000248565074774
22886752,1790440290,0.000248712341995
22886787,1790440307,0.000248859319287
22886827,1790440328,0.000249006282005
22886858,1790440343,0.000249153536275
22886864,1790440346,0.000252347298235
22886976,1790440403,0.000252474599575
22886990,1790440410,0.000252662246993
22887002,1790440417,0.000252787816641
22887035,1790440433,0.000252914597568
22887056,1790440444,0.000253048679017
22887079,1790440456,0.000253182659754
22887107,1790440470,0.000253302388921
22887206,1790440520,0.000258045996732
22887394,1790440616,0.000258665897974
22887416,1790440627,0.000260092100926
22887442,1790440640,0.000260618395141
22887526,1790440683,0.000260659884417
22887555,1790440697,0.00026121227294
22887626,1790440734,0.000263076192458
22887653,1790440747,0.000263076194062
22887710,1790440776,0.000263395475968
22887788,1790440816,0.000265846603696
22887826,1790440835,0.000266005563663
22887979,1790440913,0.000266804523676
22888047,1790440947,0.000269608369943
22888094,1790440971,0.000269661974053
22888201,1790441025,0.000269709635614
22888296,1790441074,0.000271165924797
22888370,1790441111,0.000271222300025
22888422,1790441138,0.000272325089193
22888725,1790441292,0.000272357564899
22888779,1790441319,0.000273695058125
22889291,1790441579,0.000273274132309
22889312,1790441590,0.000271491769651
22889313,1790441590,0.000273729380683
22889331,1790441599,0.000273691536157
22889344,1790441606,0.000274641230121
22889594,1790441733,0.000291189540632
22889595,1790441733,0.000291078474848
22889595,1790441733,0.000290927260754
22889596,1790441734,0.000290924730726
22889605,1790441738,0.000290919285553
22889798,1790441836,0.000291932179045
22889837,1790441856,0.000291926991382
22889994,1790441936,0.000289608525872
22890018,1790441948,0.000290619136937
22890063,1790441971,0.000288380388134
22890065,1790441972,0.000288375299019
22890295,1790442089,0.000288370213219
22890341,1790442112,0.000283019897581
22890370,1790442127,0.000284018956817
22890413,1790442149,0.00028179387707
22890440,1790442163,0.000281798857165
22890538,1790442212,0.000281559278533
22890540,1790442213,0.000282522514353
22890591,1790442239,0.000282717831107
22890664,1790442276,0.00028368304495
22890679,1790442284,0.000283688041712
22890720,1790442305,0.000300502744377
22890722,1790442306,0.000300304855969
22890722,1790442306,0.000300237764967
22890750,1790442320,0.000317541817306
22890750,1790442320,0.000317160431288
22890751,1790442320,0.00031703504209
22890751,1790442320,0.000317030666434
22890752,1790442321,0.000317029103816
22890752,1790442321,0.000311464951074
22890771,1790442331,0.000311459202759
22890789,1790442340,0.000310766647921
22890864,1790442378,0.000310795182099
22890907,1790442400,0.000310800412186
22890954,1790442424,0.000311922734218
22890963,1790442428,0.000310910733017
22891163,1790442530,0.000310600688958
22891643,1790442773,0.000318956505903
22891771,1790442838,0.000318852574515
22891840,1790442873,0.000319046923386
22891857,1790442882,0.000319095318008
22891978,1790442944,0.00031934267326
22892046,1790442978,0.000314571848363
22892117,1790443014,0.000311494081182
22892119,1790443015,0.00030607438033
22892330,1790443122,0.000306420490973
22892384,1790443150,0.000295768959785
22892385,1790443150,0.000295804953638
22892606,1790443263,0.000296143102696
22892645,1790443282,0.000295770693049
22893095,1790443511,0.000281097356812
22893096,1790443511,0.000281197197765
22893096,1790443511,0.000281302375877
22893097,1790443512,0.000281304936289
22893133,1790443530,0.00028294933038
22893250,1790443590,0.000283779987931
22893312,1790443621,0.000284195773268
22893348,1790443639,0.00028461186298
22893365,1790443648,0.000293014239123
22893650,1790443793,0.000294030769909
22893808,1790443873,0.000294870732931
22893809,1790443874,0.000294851193638
22893817,1790443878,0.000295275858659
22893964,1790443952,0.000296296301541
22893994,1790443967,0.000289518822011
22894206,1790444075,0.00029051242135
22894304,1790444125,0.00028086728405
22894305,1790444125,0.000280887867355
22894429,1790444188,0.000280181799325
22894430,1790444189,0.00028022075044
22894505,1790444227,0.000281181695886
22894674,1790444313,0.000277913664967
22894675,1790444313,0.000277992693616
22894676,1790444314,0.000278012688373
22894697,1790444325,0.000278969843585
22894742,1790444347,0.000279928643637
22894801,1790444377,0.000280551420626
22894898,1790444427,0.000276589730169
22894898,1790444427,0.000276643639934
22894960,1790444458,0.000277598437553
22895243,1790444602,0.000278538375689
22895321,1790444641,0.000279479902435
22895407,1790444685,0.00027964246247
22895483,1790444724,0.000280635547915
22895557,1790444761,0.000281580609503
22895997,1790444985,0.000281561587714
22896381,1790445180,0.000280034072568
22896483,1790445232,0.000280803994372
22896625,1790445304,0.000278362823335
22896781,1790445383,0.000279268091636
22897455,1790445725,0.000277779396758
22898248,1790446128,0.000278432450582
22898671,1790446343,0.000279307432027
22899278,1790446651,0.000279803219251
22900030,1790447033,0.000279607341637
22900407,1790447225,0.000281595148143
22900860,1790447455,0.000283523387226
22900861,1790447455,0.000283494341297
22901267,1790447661,0.000285429060796
22901859,1790447962,0.000287370359652
22901860,1790447963,0.000287342491695
22902650,1790448364,0.000289307095461
22902652,1790448365,0.00028929078504
22902787,1790448433,0.000299447463461
22902788,1790448434,0.00029935880974
22903141,1790448613,0.000299353482855
22903300,1790448694,0.000303505342334
22903367,1790448728,0.000303677214794
22903761,1790448928,0.000305679504678
22904390,1790449248,0.000306993260755
22904391,1790449248,0.000306990627101
22904396,1790449251,0.000306636548722
22904601,1790449355,0.00030690996027
22904601,1790449355,0.000307142423885
22904869,1790449491,0.000306413644559
22904876,1790449494,0.000305103603392
22905212,1790449665,0.000299407734851
22905213,1790449666,0.000299458540375
22905289,1790449704,0.000302018048242
22905400,1790449760,0.000300534248711
22905757,1790449942,0.000299873872223
22906776,1790450459,0.000267105630029
22906777,1790450460,0.000267310804452
22906777,1790450460,0.000267314036287
22908142,1790451153,0.000267487109958
22908225,1790451195,0.000267312401061
22910086,1790452140,0.000267269536019
22911502,1790452859,0.000266999777687
22911902,1790453063,0.000264404102096
22912264,1790453246,0.000261846094666
22912275,1790453252,0.000262004084325
22912393,1790453312,0.000258753427923
22912394,1790453312,0.000258775689304
22914572,1790454419,0.000259006356348
22915635,1790454958,0.000259190889067
22916155,1790455223,0.000259492381271
22917418,1790455864,0.000259406998426
22917864,1790456090,0.000259163860418
22917988,1790456154,0.000258992153884
22918270,1790456297,0.000256996611115
22919765,1790457056,0.000257438466454
22921180,1790457775,0.00025723428934
22921263,1790457817,0.000263529532208
22921425,1790457899,0.000264389081672
22921624,1790458000,0.000264479491498
22921828,1790458104,0.000270813845944
22921828,1790458104,0.000270758643523
22923114,1790458757,0.000270714648452
22924940,1790459684,0.000272193246042
22925368,1790459902,0.000272040187292
22925396,1790459916,0.000272417496609
22925478,1790459957,0.00027226724253
22925691,1790460066,0.000272283478417
22925942,1790460193,0.000272706383183
22926011,1790460228,0.00027441516854
22926217,1790460333,0.000274904373177
22926863,1790460661,0.000275273967487
22927006,1790460733,0.000278548658089
22927882,1790461179,0.000281275785867
22928013,1790461245,0.000281358540643
22928094,1790461286,0.00028182875318
22928106,1790461292,0.000283556670243
22928579,1790461533,0.00028368922119
22929743,1790462124,0.000283766954416
22930242,1790462377,0.000285431883835
22930643,1790462581,0.000286842657681
22930869,1790462695,0.000286958969633
22931699,1790463117,0.000284439792432
22932275,1790463409,0.000284552858475
22932472,1790463510,0.000285466475475
22932789,1790463670,0.000285483100247
22933349,1790463955,0.000287153049247
22933546,1790464055,0.000287319180547
22933571,1790464068,0.000288991449822
22933754,1790464161,0.000289191601547
22933889,1790464229,0.000293738501046
22933990,1790464281,0.000294293586472
22933998,1790464285,0.000295648904426
22934425,1790464501,0.000297538190016
22934500,1790464539,0.000301584418252
22934839,1790464712,0.00030171325272
22934876,1790464730,0.000304154509957
22934998,1790464792,0.00030424167439
22935018,1790464803,0.000305930163998
22935103,1790464846,0.000305822461352
22935589,1790465092,0.000305576956578
22935664,1790465131,0.000306441896702
22935788,1790465194,0.000306874518449
22936161,1790465383,0.000315677579102
22936161,1790465383,0.000315638422731
22936384,1790465496,0.000316840022665
22937204,1790465913,0.000315716332624
22937218,1790465920,0.000314877483418
22937863,1790466247,0.000307365778185
22937897,1790466265,0.000307082120908
22938086,1790466361,0.000306814960102
22938408,1790466524,0.000306577309908
22938744,1790466695,0.000306709504379
22938840,1790466744,0.000305414621179
22938921,1790466785,0.000298916779968
22938922,1790466785,0.000298989789837
22939689,1790467175,0.000285522029582
22939690,1790467175,0.000285623205037
22939690,1790467175,0.000285849877109
22942070,1790468384,0.00028498290765
22942221,1790468461,0.000287467345029
22942743,1790468726,0.00028914644208
22942755,1790468732,0.000289196789634
22942887,1790468799,0.000289213459617
22943041,1790468877,0.000288208658468
22943293,1790469005,0.000304149141963
22943293,1790469005,0.000304095328379
22943532,1790469126,0.000303636028852
22943585,1790469153,0.000303168227977
22943598,1790469160,0.000303504992225
22943925,1790469326,0.000312136368632
22943925,1790469326,0.000312077889373
22944014,1790469371,0.000312118929556
22944735,1790469737,0.000301666688531
22944736,1790469738,0.000301701262309
22944816,1790469779,0.000303245649789
22944992,1790469868,0.000292965077326
22944993,1790469868,0.000293025377936
22945073,1790469909,0.000293244397806
22945113,1790469929,0.000293751371415
22945115,1790469930,0.000288786199224
22945116,1790469931,0.000288815870109
22945633,1790470193,0.000288982271522
22946817,1790470795,0.000288983935778
22947113,1790470945,0.000289036674803
22947327,1790471054,0.000290460224838
22947970,1790471380,0.00029164117314
22948417,1790471607,0.000290001546146
22948537,1790471668,0.000290839269959
22948754,1790471778,0.000291835130605
22949530,1790472172,0.000291851857018
22949624,1790472220,0.000293539456323
22949710,1790472264,0.000293453224872
22950264,1790472545,0.000295489567725
22951832,1790473341,0.000295485247172
22951888,1790473370,0.000297313127808
22951976,1790473414,0.000298157762871
22952137,1790473496,0.000299003595991
22952166,1790473511,0.000300712574999
22952260,1790473559,0.000300711155905
22952608,1790473735,0.000306346770387
22952609,1790473736,0.000306301239399
22952727,1790473796,0.000308621625559
22953010,1790473940,0.000308935552119
22953011,1790473940,0.000308916580679
22953365,1790474120,0.000311145326502
22953618,1790474248,0.000312887735194
22953619,1790474249,0.000312859214583
22953819,1790474350,0.00031720329835
22953819,1790474350,0.000317171913006
22953846,1790474364,0.000324960455738
22953846,1790474364,0.000324905211707
22953847,1790474365,0.000324807913651
22954306,1790474598,0.000329233891331
22954307,1790474598,0.000329060839971
22954307,1790474598,0.000329028300253
22954308,1790474599,0.000329025906819
22954340,1790474615,0.000336831999415
22954341,1790474615,0.000336526359226
22954341,1790474615,0.000336472185272
22954382,1790474636,0.000336432034829
22954395,1790474643,0.000338230306152
22954395,1790474643,0.000338162447894
22954522,1790474707,0.000339063200546
22954523,1790474708,0.000339044416067
22954555,1790474724,0.000341415668385
22954557,1790474725,0.000341290574584
22954606,1790474750,0.00034128907572
22954691,1790474793,0.000349708159445
22954919,1790474909,0.000344187186172
22954948,1790474923,0.000347252581808
22955034,1790474967,0.000348261770678
22955168,1790475035,0.000335376476238
22955169,1790475036,0.000335451727815
22955223,1790475063,0.000336859924885
22955306,1790475105,0.000336243201039
22955420,1790475163,0.00033805897019
22955583,1790475246,0.000332614932744
22955584,1790475246,0.000332634938392
22955669,1790475289,0.000328409074517
22955670,1790475290,0.000328438492006
22955858,1790475385,0.000323804283482
22955859,1790475386,0.000323836689437
22955959,1790475437,0.000325609735799
22955964,1790475439,0.000327387607218
22956019,1790475467,0.000329807599462
22956146,1790475532,0.000334152952133
22956262,1790475590,0.000335383304552
22956468,1790475695,0.000335401414839
22956785,1790475856,0.00033533896971
22957208,1790476071,0.00033963890252
22957255,1790476094,0.000340550479783
22957281,1790476108,0.000342186564426
22957292,1790476114,0.000340949379442
22957302,1790476118,0.000341130602218
22957422,1790476179,0.000342540323251
22957467,1790476202,0.000343587219342
22957754,1790476348,0.000319487422091
22957755,1790476348,0.000319585533461
22958822,1790476891,0.000319524821404
22959384,1790477176,0.000325604875876
22959495,1790477232,0.000327382782356
22959557,1790477263,0.000328008073781
22959604,1790477288,0.000328188987816
22959684,1790477328,0.000336149618693
22959819,1790477397,0.000327693888457
22959992,1790477484,0.000327610331354
22960038,1790477508,0.000327664755695
22960072,1790477525,0.000323556582645
22960227,1790477604,0.000326208830273
22960476,1790477730,0.000327424483094
22960681,1790477834,0.000328457952651
22961344,1790478171,0.000329713696837
22961890,1790478448,0.000320166829133
22961891,1790478449,0.000320187786686
22962023,1790478516,0.000320235962804
22962031,1790478520,0.000319936935041
22962089,1790478549,0.000319976835666
22962148,1790478579,0.000320408199247
22962362,1790478688,0.000319827530906
22962362,1790478688,0.000317460559103
22962451,1790478733,0.000318695122193
22962452,1790478734,0.000318647169175
22962814,1790478917,0.00031819311863
22962903,1790478963,0.000319411430131
22963664,1790479349,0.000318928335202
22963837,1790479437,0.000318936218758
22963959,1790479499,0.000318787699236
22963997,1790479518,0.000319936391185
22963998,1790479519,0.000319886354449
22964114,1790479578,0.000319740621048
22964138,1790479590,0.000319358328863
22964446,1790479746,0.000319244344667
22964471,1790479759,0.000318874317175
22964519,1790479783,0.00031851061062
22964561,1790479805,0.000318170200571
22964616,1790479833,0.000317835995901
22964662,1790479856,0.000317535096511
22964721,1790479886,0.000317218821702
22964723,1790479887,0.000316512545386
22964783,1790479917,0.000316197796706
22964857,1790479955,0.000317941050873
22964964,1790480009,0.000317629823947
22965001,1790480028,0.000317104606184
22965033,1790480044,0.000316811503682
22965066,1790480061,0.000316541308064
22965072,1790480064,0.000316670550662
22965103,1790480080,0.000316406157103
22965153,1790480105,0.000316147709436
22965184,1790480121,0.000316235746772
22965279,1790480169,0.000316313657751
22965281,1790480170,0.000316066548733
22965287,1790480173,0.000317204688585
22965315,1790480188,0.000316962171529
22965364,1790480212,0.000316303705677
22965399,1790480230,0.00031583783219
22965433,1790480247,0.000315711718507
22965474,1790480268,0.000315269517037
22966007,1790480539,0.000315229071607
22966199,1790480636,0.000316098765285
22966481,1790480780,0.000313568616161
22967279,1790481185,0.000312701445691
22967455,1790481274,0.000282020584657
22967456,1790481275,0.000282201330521
22967456,1790481275,0.000282427479277
22967467,1790481280,0.000282576321113
22967568,1790481332,0.00028260731455
22967665,1790481381,0.000287152501517
22967708,1790481403,0.000287323770833
22967730,1790481414,0.000283031182238
22967871,1790481486,0.000280781074023
22967872,1790481486,0.000280844337952
22967939,1790481520,0.000280366965769
22969469,1790482297,0.000280383441384
22970352,1790482744,0.000280631876141
22970747,1790482945,0.000277820809049
22970999,1790483073,0.000278148913692
22972259,1790483712,0.000270137206537
22972260,1790483713,0.000270332742732
22972260,1790483713,0.000270361733113
22972261,1790483713,0.000270364318431
22972784,1790483979,0.000269078605084
22972784,1790483979,0.000269129775022
22973278,1790484230,0.000269001712745
22973693,1790484440,0.000268689654786
22973829,1790484509,0.000268678199127
22973853,1790484521,0.000268516075303
22974125,1790484659,0.000268316262729
22974395,1790484796,0.000264209252457
22975616,1790485416,0.000273476888531
22975858,1790485539,0.000275106475963
22976298,1790485763,0.000277547577377
22976300,1790485764,0.00027751506351
22976615,1790485924,0.000277420300972
22977480,1790486363,0.000281500567811
22977481,1790486364,0.000281471878641
22978827,1790487047,0.000281158537372
22979200,1790487237,0.000281137813788
22980186,1790487737,0.000283605470273
22980832,1790488065,0.000287388903211
22980833,1790488066,0.000287349276745
22981164,1790488234,0.000287092153222
22981395,1790488351,0.000286247772738
22981469,1790488389,0.000285407111955
22982227,1790488774,0.000281662618482
22984193,1790489772,0.000269478231605
22984194,1790489772,0.000269527703565
22985050,1790490207,0.000269085886042
22985733,1790490553,0.000270694222471
22986220,1790490800,0.000270922621722
22986394,1790490888,0.00027572581075
22987897,1790491652,0.000273679289139
22988530,1790491973,0.000272687050246
22988947,1790492185,0.000274776884226
22988980,1790492202,0.000274115476294
22989086,1790492255,0.000273903434079
22989377,1790492403,0.000267235640916
22989446,1790492438,0.000267558406736
22989903,1790492670,0.000265384445132
22989904,1790492671,0.0002654074515
22990110,1790492775,0.000266081130487
22990715,1790493083,0.000264647640066
22991349,1790493405,0.00025396798405
22991350,1790493405,0.000254030043137
22991350,1790493405,0.000254032503971
22991352,1790493406,0.000254173666458
22991490,1790493476,0.000254252343527
22991944,1790493707,0.000255033466854
22992228,1790493851,0.000252882695415
22992229,1790493851,0.000252883770605
22992492,1790493985,0.000256969032254
22993000,1790494242,0.000256424819867
22993296,1790494392,0.000248397450787
22993297,1790494393,0.000248436611025
22995081,1790495298,0.000248459804703
22995435,1790495477,0.000239529481464
22995436,1790495478,0.000239590690772
22995436,1790495478,0.000239723555718
22995437,1790495478,0.000239725743621
22995556,1790495539,0.000235131323814
22995557,1790495539,0.000235318380159
22995557,1790495539,0.00023534803687
22995787,1790495656,0.000221113012072
22995788,1790495656,0.000221675032954
22995788,1790495656,0.000221767515797
22995789,1790495657,0.000221770169033
22995790,1790495657,0.000221902064679
22995820,1790495673,0.000208110407782
22995821,1790495673,0.000208431705508
22995821,1790495673,0.000208522467705
22995822,1790495674,0.000208524508265
22995823,1790495674,0.000208652405002
22995876,1790495701,0.000208652829248
22995908,1790495717,0.000210076543769
22995963,1790495745,0.00021312229856
22996206,1790495868,0.000213151172622
22996427,1790495980,0.000208568015006
22996603,1790496070,0.000208682039479
22996905,1790496223,0.000209165593107
22996995,1790496268,0.000213425920805
22997006,1790496274,0.000213998398342
22997199,1790496372,0.000214489325583
22997415,1790496482,0.000214950704778
22997463,1790496506,0.000217120027393
22997575,1790496563,0.000218636521425
22997667,1790496610,0.000218298192776
22997667,1790496610,0.000228183632592
22997669,1790496610,0.000228111736881
22998554,1790497059,0.000235640654126
22998555,1790497060,0.000235511242868
22998555,1790497060,0.000235457161728
22998556,1790497060,0.00023545481073
22999081,1790497326,0.000235274469369
22999189,1790497381,0.000235425417893
22999307,1790497441,0.000233736894532
22999316,1790497446,0.000234560828651
22999430,1790497503,0.000235318702417
22999607,1790497593,0.000227805086138
22999910,1790497747,0.000227462027923
22999964,1790497774,0.000227906094345
23000134,1790497861,0.000228083483735
23000470,1790498031,0.000225921667743
23000812,1790498205,0.0002263529214
23000943,1790498271,0.000226694386431
23001131,1790498366,0.000225977760087
23001913,1790498763,0.000229671964637
23001914,1790498763,0.000229653753727
23002212,1790498914,0.000229426914285
23002260,1790498939,0.000229424426613
23002260,1790498939,0.000227777401275
23002377,1790498998,0.000223423008391
23002420,1790499020,0.000230799655843
23002561,1790499091,0.000230792300969
23002561,1790499091,0.000225973327095
23002641,1790499132,0.000225352165812
23002963,1790499295,0.000226824214939
23003002,1790499315,0.000227672231242
23003187,1790499409,0.000231415350161
23003378,1790499506,0.000224539605622
23004561,1790500106,0.000224628078943
23004605,1790500129,0.000223048934252
23005134,1790500397,0.000223195909238
23005652,1790500661,0.000223651839326
23005869,1790500771,0.000219600505657
23006169,1790500923,0.000221060261704
23007408,1790501553,0.000221150239687
23008319,1790502015,0.000221878782181
23008505,1790502110,0.000226310898621
23008506,1790502110,0.000226290787493
23008835,1790502277,0.000226550456007
23008845,1790502282,0.000226817688189
23008858,1790502289,0.000227487112817
23008870,1790502295,0.000227922615199
23008926,1790502323,0.000229232502819
23009091,1790502407,0.000229122117997
23009136,1790502430,0.000225770247852
23010558,1790503152,0.000222332589566
23012443,1790504109,0.000222480065892
23012868,1790504325,0.000222538775072
23013719,1790504757,0.00022697148653
23014098,1790504949,0.000222538775072
23014429,1790505117,0.000223276987434
23014555,1790505181,0.000223498135115
23014831,1790505321,0.000222758826631
23015226,1790505521,0.000224428750986
23015377,1790505598,0.000224359774197
23017053,1790506448,0.00022179825553
23017113,1790506478,0.000218037452888
23017162,1790506503,0.000214462012564
23017221,1790506533,0.000210371776796
23017440,1790506644,0.000209159502846
23017754,1790506804,0.000204686132422
23017755,1790506804,0.000204781387378
23017755,1790506804,0.000204874992463
23017816,1790506835,0.000202661159489
23018676,1790507271,0.000197813515455
23018677,1790507272,0.00019781535516
23018679,1790507273,0.000197939924938
23018683,1790507275,0.000215129195383
23018683,1790507275,0.000215058586991
23018890,1790507380,0.000214249955684
23019309,1790507592,0.000214653410161
23019782,1790507832,0.000219987134153
23019782,1790507832,0.000219951555804
23021701,1790508806,0.000219922728131
23021722,1790508817,0.000220506784725
23021750,1790508830,0.000220477240335
23021988,1790508951,0.000220235782372
23022344,1790509132,0.000219140404747
23022379,1790509150,0.00021928608652
23022611,1790509267,0.000219231621974
23022688,1790509306,0.00021981637352
23022765,1790509345,0.00022138065928
23023395,1790509665,0.00022211694986
23023396,1790509665,0.000222102109426
23023677,1790509808,0.000223474815412
23023679,1790509809,0.000223472601955
23024369,1790510159,0.000224143186754
23024370,1790510159,0.000224128532974
23024798,1790510376,0.000224718144186
23025811,1790510890,0.00022619556075
23025812,1790510891,0.000226180586477
23027235,1790511613,0.000227502833665
23027504,1790511749,0.00022687311212
23028049,1790512025,0.000226954632283
23029012,1790512514,0.000230330128522
23029012,1790512514,0.000230299517526
23029012,1790512514,0.000230239702071
23031134,1790513590,0.000230235907594
23032034,1790514047,0.000228500875741
23032520,1790514293,0.000228232907943
23032672,1790514370,0.000227965411246
23033010,1790514542,0.000227784645445
23035730,1790515922,0.000229271322477
23036973,1790516552,0.000230020609164
23036975,1790516553,0.000230115105999
23037020,1790516576,0.000229979915923
23037459,1790516798,0.000229230827902
23037633,1790516887,0.000229975690725
23037878,1790517011,0.00023072462448
23037985,1790517065,0.000232221623601
23038001,1790517074,0.000233723463484
23038016,1790517081,0.000235230144128
23038016,1790517081,0.000235196726024
23038029,1790517088,0.00023670814023
23038029,1790517088,0.000236667105154
23038030,1790517088,0.00023665159748
23038031,1790517089,0.000236649422004
23038059,1790517103,0.000238165489197
23038059,1790517103,0.000238124897342
23038080,1790517114,0.000239645675889
23038080,1790517114,0.000239604304375
23038081,1790517114,0.000239583084608
23038253,1790517202,0.000241100827456
23038253,1790517202,0.000241060204243
23038504,1790517329,0.000240268913732
23038650,1790517403,0.000240727835786
23039149,1790517657,0.000240880544259
23041493,1790518847,0.000239364877705
23041578,1790518890,0.000239410778587
23041621,1790518912,0.000239181719593
23042357,1790519286,0.000239531844094
23043938,1790520088,0.000239330332035
23044159,1790520200,0.000235442574565
23044212,1790520227,0.000235262247259
23044431,1790520339,0.000199893647588
23044432,1790520339,0.000200088417557
23044432,1790520339,0.000200423834697
23044433,1790520340,0.00020042710311
23045250,1790520755,0.000208444486331
23045304,1790520782,0.000208032826787
23045344,1790520802,0.000208175197122
23045564,1790520914,0.00020383879741
23045799,1790521033,0.000201721232417
23045810,1790521039,0.000199636494105
23045972,1790521121,0.000199355035885
23045973,1790521122,0.000199383854582
23046204,1790521239,0.000197429785542
23046205,1790521239,0.000197481830103
23046206,1790521240,0.000197500131483
23046282,1790521278,0.00019722317752
23046319,1790521297,0.000194280916192
23046320,1790521298,0.000194365178363
23046320,1790521298,0.000194386628883
23046739,1790521511,0.000208347116182
23046740,1790521511,0.000208300904185
23047112,1790521700,0.000208150837064
23047186,1790521737,0.000205924346523
23047270,1790521780,0.000205803638074
23048126,1790522215,0.000205391381027
23048153,1790522229,0.00020482107264
23048213,1790522259,0.000204674749591
23048787,1790522551,0.00020340277889
23048840,1790522578,0.000203210297273
23048899,1790522607,0.000207441296139
23049092,1790522706,0.000210285301248
23049094,1790522706,0.000210271069043
23049311,1790522817,0.000210342056293
23049492,1790522909,0.000210286484565
23049661,1790522994,0.000213135423517
23049662,1790522995,0.000213114769292
23049696,1790523012,0.000214546357863
23050711,1790523528,0.000214782043122
23050957,1790523652,0.000214839727732
23052378,1790524374,0.00021700849168
23053481,1790524934,0.000214451624499
23057252,1790526848,0.000212956512468
23057252,1790526848,0.000212556653506
23057311,1790526878,0.000213274522848
23057326,1790526885,0.000213585480003
23057725,1790527088,0.000211286227926
23058783,1790527625,0.00020424342956
23058783,1790527625,0.000204262770656
23058784,1790527626,0.000204276310589
23058799,1790527634,0.000201820188455
23058801,1790527634,0.000201837364262
23059322,1790527899,0.00020132282339
23059587,1790528033,0.000204476314627
23060407,1790528450,0.000205250895427
23061153,1790528829,0.000205391885624
23061218,1790528862,0.000205817326105
23062886,1790529709,0.00018773626194
23062887,1790529709,0.000187828868261
23062887,1790529709,0.000187988790115
23062888,1790529710,0.000187990658207
23064419,1790530487,0.000187861991864
23064887,1790530725,0.000181581570259
23064887,1790530725,0.000181623605707
23065184,1790530876,0.000181626045068
23065278,1790530924,0.00018202207755
23065294,1790530932,0.000182074914469
23065302,1790530936,0.000182127759054
23065309,1790530939,0.000182140971399
23065399,1790530985,0.000182116189955
23065427,1790530999,0.000182122795857
23065514,1790531044,0.000182124806742
23066313,1790531450,0.000182258285712
23066775,1790531684,0.000182398235262
23067071,1790531834,0.000176085590306
23067072,1790531835,0.000176120333643
23067077,1790531837,0.000176129129624
23067332,1790531967,0.000176131724409
23067767,1790532188,0.000175911563073
23068785,1790532704,0.000175902300666
23070430,1790533539,0.000174098547214
23070435,1790533541,0.000174251893101
23070447,1790533547,0.000174222470336
23070934,1790533794,0.000169720419512
23071197,1790533928,0.000169722726025
23072300,1790534488,0.000169393662067
23072458,1790534568,0.000169713685013
23072467,1790534573,0.000170083937443
23072533,1790534606,0.000170404611449
23072540,1790534609,0.000170703935529
23072597,1790534638,0.000171014698985
23072611,1790534645,0.00017132509682
23074505,1790535607,0.000171335426067
23074679,1790535696,0.000171016017246
23074841,1790535778,0.000167593332351
23075018,1790535868,0.000164667869543
23075019,1790535868,0.000164717841544
23075019,1790535868,0.000164735210693
23075348,1790536035,0.000164736863548
23075720,1790536224,0.000164738702222
23075990,1790536361,0.000164740352416
23076108,1790536421,0.000148766278866
23076108,1790536421,0.000148877051427
23076113,1790536424,0.000149838568862
23076116,1790536425,0.000150078341367
23076658,1790536701,0.000152498820948
23077131,1790536941,0.000118705814634
23077131,1790536941,0.000118883032683
23077132,1790536941,0.00011884608532
23077132,1790536941,0.000118850191985
23077133,1790536942,0.000118824818531
23077136,1790536943,0.000118985758401
23077138,1790536944,0.000119199434661
23077224,1790536988,0.000124631238231
23077225,1790536988,0.000124590873685
23077225,1790536988,0.000124542709144
23077249,1790537001,0.000124591867173
23077359,1790537057,0.000124602850306
23077443,1790537099,0.000124768069611
23077471,1790537113,0.000124685242315
23077786,1790537273,0.000124740183395
23077884,1790537323,0.00012528749257
23078332,1790537551,0.000128119534875
23078868,1790537823,0.000129238494683
23078869,1790537823,0.000129222624876
23078972,1790537876,0.000129220605548
23079181,1790537982,0.000130124755685
23080156,1790538477,0.000130348205615
23080383,1790538592,0.000130346845626
23080408,1790538605,0.000131848896966
23080409,1790538606,0.000131823269938
23080410,1790538606,0.0001318083681
23080552,1790538678,0.000131806755205
23080802,1790538805,0.000132090027203
23081256,1790539036,0.000132088472959
23081599,1790539210,0.000132088457795
23081656,1790539239,0.000132201907911
23081680,1790539251,0.000132413517497
23081931,1790539379,0.000132411334732
23082111,1790539470,0.000133530371637
23082111,1790539470,0.000133506923525
23082112,1790539470,0.000133496727067
23082310,1790539571,0.000134062899859
23082361,1790539597,0.000134390098634
23082372,1790539603,0.000134799699842
23082582,1790539710,0.00013931461385
23082584,1790539710,0.000139295108381
23082585,1790539711,0.000139293092976
23082664,1790539751,0.000140400245599
23082844,1790539842,0.000140397856125
23083125,1790539985,0.000140421174597
23083478,1790540164,0.00014086576422
23083615,1790540234,0.000140960855998
23083622,1790540237,0.00014091486279
23083676,1790540265,0.00014075955268
23083676,1790540265,0.000140575179924
23084593,1790540731,0.000140853703731
23084757,1790540814,0.000141157486604
23085629,1790541257,0.000141155909821
23086462,1790541680,0.000140915709358
23087149,1790542029,0.000141149410847
23087841,1790542380,0.000138769378766
23088500,1790542715,0.000139294087188
23088726,1790542830,0.000141618288464
23089881,1790543416,0.000141723691906
23089973,1790543463,0.000142891568945
23089979,1790543466,0.000144064238216
23090600,1790543782,0.000144061930896
23091634,1790544307,0.000143857425801
23091685,1790544333,0.000143855730477
23092193,1790544591,0.00014432960141
23092194,1790544591,0.000144314974774
23092640,1790544818,0.000133759301146
23092641,1790544818,0.000133789693011
23092661,1790544828,0.000140766396936
23092661,1790544828,0.000140754452987
23092722,1790544859,0.000130707468259
23092723,1790544860,0.000130739054359
23092796,1790544897,0.000131178194699
23093603,1790545307,0.000131180414024
23093618,1790545314,0.000131202599998
23094009,1790545513,0.000132893490325
23094135,1790545577,0.000134024475393
23095078,1790546056,0.000136312367579
23095424,1790546231,0.000136224266495
23095424,1790546231,0.000136202961745
23095681,1790546362,0.000138046765781
23095682,1790546362,0.00013801706613
23095683,1790546363,0.000138004552538
23095736,1790546390,0.000140570503134
23095737,1790546390,0.000140528809942
23095738,1790546391,0.000140511137183
23096320,1790546686,0.000141674017721
23096321,1790546687,0.000141650573145
23096332,1790546692,0.000142818149495
23096333,1790546693,0.00014280194768
23096334,1790546694,0.000142777955199
23096387,1790546720,0.000142775766533
23096695,1790546877,0.000143779385877
23096696,1790546877,0.000143760881488
23096819,1790546940,0.000144521914518
23096851,1790546956,0.000144699846237
23097117,1790547091,0.000148290499793
23097227,1790547147,0.000148230202773
23097339,1790547204,0.000146904915411
23098345,1790547715,0.000147802971146
23098507,1790547797,0.000146257597955
23100826,1790548975,0.00014615634286
23101092,1790549110,0.000146235947145
23101231,1790549181,0.000146151091764
23101883,1790549512,0.000146135361459
23101997,1790549569,0.000146119545619
23102276,1790549711,0.000158255530245
23102277,1790549712,0.000158053037545
23102277,1790549712,0.000157984598037
23102278,1790549712,0.000157982660975
23102324,1790549735,0.000161641548653
23102325,1790549736,0.000161538938388
23102325,1790549736,0.000161513311084
23102774,1790549964,0.000162766209267
23102775,1790549964,0.000162735807343
23102780,1790549967,0.000163993429046
23102781,1790549968,0.000163975992359
23102782,1790549968,0.0001639454774
23102858,1790550007,0.000164560280893
23102966,1790550061,0.000146898361985
23102967,1790550062,0.000146931512306
23102967,1790550062,0.000146978950078
23104066,1790550620,0.000147098607832
23105285,1790551239,0.000146805725571
23106450,1790551831,0.000147675583391
23106649,1790551932,0.000147579208143
23106660,1790551937,0.00014763915296
23109308,1790553282,0.000151375194433
23109531,1790553396,0.000153622714923
23109532,1790553396,0.000153606118376
23110175,1790553723,0.000150127344614
23110465,1790553870,0.000145199135982
23110465,1790553870,0.000145215443616
23111372,1790554331,0.00014282570716
23111373,1790554331,0.000142843451772
23113102,1790555209,0.000142984959639
23113206,1790555262,0.000144163947946
23113219,1790555268,0.000142254216161
23113244,1790555281,0.000142536717766
23113291,1790555305,0.00014318110664
23113561,1790555442,0.000144363848442
23114060,1790555695,0.000144434648729
23114286,1790555810,0.000145618973417
23114722,1790556032,0.000145596783528
23115059,1790556203,0.000156297703802
23115060,1790556203,0.000156241030525
23115936,1790556648,0.000156376688748
23116045,1790556704,0.000156105397785
23116057,1790556710,0.000156227740458
23118163,1790557780,0.000175318212258
23118163,1790557780,0.000174874545457
23118163,1790557780,0.00017473472276
23118163,1790557780,0.000187865317009
23118163,1790557780,0.000187769827303
23118163,1790557780,0.000166671165551
23118165,1790557780,0.000166761429611
23118466,1790557933,0.000166799646523
23118754,1790558079,0.000167983562639
23119258,1790558335,0.000168136644616
23119318,1790558365,0.000170657861407
23119699,1790558558,0.000171185278245
23120194,1790558810,0.000171145544313
23121204,1790559322,0.000171663413052
23123007,1790560237,0.000172955004939
23123315,1790560393,0.000174829301749
23123316,1790560394,0.000174817572555
23123605,1790560540,0.000176142051091
23123884,1790560682,0.000176259245441
23123885,1790560682,0.000176249406236
23125026,1790561261,0.000178665134381
23125027,1790561262,0.000178648225791
23125883,1790561696,0.00017484492452
23125903,1790561706,0.000174171652032
23126033,1790561772,0.00017232606927
23126083,1790561797,0.000170626421778
23126084,1790561798,0.000170635402385
23126924,1790562224,0.000168845594938
23126925,1790562225,0.000168857716178
23127051,1790562289,0.000166888009533
23127052,1790562289,0.00016690140879
23131252,1790564422,0.000166912849468
23132367,1790564988,0.000167027277818
23132419,1790565014,0.000165089419693
23132420,1790565015,0.000165101782117
23132421,1790565015,0.000165103432472
23132630,1790565121,0.0001714854382
23133068,1790565343,0.000169253454584
23134485,1790566062,0.000169225394623
23134605,1790566123,0.00016919025535
23134776,1790566209,0.000169233448854
23135373,1790566512,0.000168404643393
23135580,1790566617,0.000170663895917
23135884,1790566771,0.000171049737622
23137488,1790567585,0.000171041880735
23138679,1790568189,0.000170818275519
23138997,1790568351,0.000167858484904
23139104,1790568405,0.00016912940646
23139220,1790568464,0.000171705457033
23139405,1790568558,0.000171705469951
23139954,1790568836,0.000169404097843
23140085,1790568903,0.000175885938932
23140086,1790568903,0.000175865876615
23142499,1790570127,0.000176126944649
23142924,1790570343,0.000176323463646
23147464,1790572646,0.0001756239352
23147866,1790572850,0.000175177387538
23148232,1790573036,0.000173996860886
23149955,1790573910,0.000172828227564
23151270,1790574577,0.000172903538058
23151308,1790574596,0.000172839520925
23153051,1790575481,0.000175436362812
23153116,1790575514,0.000176742044898
23154066,1790575996,0.000182692555409
23154067,1790575996,0.000182645769149
23154318,1790576123,0.00018289914814
23154619,1790576276,0.000182757558908
23155184,1790576563,0.00018192479133
23155271,1790576607,0.000178446535581
23157713,1790577846,0.000178398390977
23158578,1790578284,0.000178556131948
23159103,1790578551,0.000178516968396
23160058,1790579035,0.000182410034586
23160129,1790579071,0.000183075095629
23162354,1790580200,0.000183106574216
23162386,1790580216,0.000183075095629
23164931,1790581507,0.000183342262298
23165477,1790581785,0.00018467295446
23165478,1790581785,0.000184658716803
23165488,1790581790,0.00018599416919
23165489,1790581791,0.000185940212758
23165505,1790581799,0.00018728028269
23165506,1790581799,0.000187243801585
23165507,1790581800,0.000187225787316
23165519,1790581806,0.000187897528971
23165529,1790581811,0.00018857047353
23165530,1790581811,0.000188534874944
23165539,1790581816,0.000189208958827
23165540,1790581816,0.00018919525461
23165549,1790581821,0.000190546982219
23165550,1790581821,0.000190492699972
23165561,1790581827,0.000191849046303
23165562,1790581827,0.000191830525436
23165562,1790581827,0.000191793960519
23165563,1790581828,0.000191793002824
23165570,1790581831,0.000193153962293
23165571,1790581832,0.000193117978013
23165898,1790581998,0.000194483622094
23165899,1790581999,0.000194446929517
23165899,1790581999,0.000194428420578
23165907,1790582002,0.000195798682109
23165908,1790582003,0.000195762187078
23165909,1790582003,0.000195760201433
23165916,1790582007,0.000197135139686
23165918,1790582008,0.000197098163719
23165918,1790582008,0.000197079530013
23165925,1790582011,0.0001984590856
23165926,1790582012,0.000198422693958
23166132,1790582116,0.0001838399744
23166132,1790582116,0.00018385832404
23166133,1790582117,0.000183879289252
23167519,1790582820,0.00018454702092
23168143,1790583137,0.000184639428425
23168735,1790583437,0.00018431227446
23169741,1790583947,0.000184312287844
23169801,1790583978,0.000182729284628
23171381,1790584779,0.000179902220406
23171382,1790584779,0.000179928920027
23171554,1790584867,0.000173387459202
23171555,1790584867,0.000173431065012
23171556,1790584868,0.000173432688897
23171569,1790584874,0.000173432735214
23171717,1790584949,0.000171300577834
23171718,1790584950,0.000171314934835
23173195,1790585699,0.000170298975608
23175896,1790587069,0.000168918576307
23175897,1790587070,0.000168934877157
23178028,1790588151,0.000167843557137
23178029,1790588152,0.000167888931016
23178203,1790588240,0.000167952492335
23178304,1790588291,0.000167450681378
23178362,1790588320,0.000167289709276
23178363,1790588321,0.000167300729543
23178586,1790588434,0.000164831425602
23178587,1790588435,0.00016491147995
23178587,1790588435,0.0001649276587
23179572,1790588934,0.000164940295203
23181380,1790589852,0.000164940307865
23181483,1790589904,0.000164990505931
23181606,1790589966,0.000163191334988
23181607,1790589967,0.000163236505656
23181660,1790589994,0.000163286443814
23181661,1790589994,0.000163297607484
23182272,1790590304,0.0001633101182
23184543,1790591456,0.000165211218278
23185071,1790591724,0.000166484730247
23185139,1790591759,0.000166258528515
23185534,1790591960,0.000167532862975
23187430,1790592921,0.000167905113728
23187949,1790593185,0.000167666863218
23188849,1790593641,0.000167987135696
23189363,1790593902,0.000168312127393
23190954,1790594709,0.000168077120074
23191828,1790595152,0.000166732576493
23191904,1790595191,0.000166562352436
23194061,1790596285,0.000156682273332
23194061,1790596285,0.000156745709072
23194810,1790596665,0.000154769007446
23194961,1790596742,0.000155712702535
23196180,1790597360,0.000156696505643
23197188,1790597871,0.000155650149025
23197868,1790598216,0.000155712381756
23198191,1790598380,0.000155283892811
23198399,1790598485,0.000154892444135
23199344,1790598965,0.000155015234082
23199372,1790598979,0.000155137395242
23200091,1790599344,0.000166154511758
23200092,1790599344,0.000166122029366
23200106,1790599351,0.000169291556165
23200107,1790599352,0.000169269431712
23202183,1790600405,0.000158498895274
23202184,1790600406,0.000158528473483
23202480,1790600556,0.000158304201144
23202977,1790600808,0.000142993213336
23202978,1790600808,0.000143272616519
23202978,1790600808,0.000143369320287
23202979,1790600809,0.000143371532854
23202997,1790600818,0.000144756770291
23203375,1790601010,0.000143371532854
23203393,1790601019,0.00014166896123
23203394,1790601019,0.000141710250736
23203395,1790601020,0.000141722292617
23204509,1790601585,0.000143064948284
23204566,1790601614,0.000144409557802
23204710,1790601687,0.000145418893021
23204730,1790601697,0.000146107900215
23204812,1790601739,0.000146727015261
23205193,1790601932,0.000146707126877
23205612,1790602145,0.000144128024066
23206141,1790602413,0.00014547113461
23206486,1790602588,0.000141340414222
23207132,1790602916,0.000142485356796
23207216,1790602958,0.000142485368564
23207534,1790603120,0.000143273377213
23207600,1790603153,0.00014458420529
23207672,1790603190,0.000144822118039
23208047,1790603380,0.000143260599832
23208355,1790603536,0.000143264150712
23209222,1790603976,0.000144440721661
23209954,1790604348,0.000144476289253
23210040,1790604391,0.000141727244873
23210299,1790604523,0.00014219476983
23210347,1790604547,0.000140486058062
23210932,1790604844,0.000139988402411
23210934,1790604845,0.000140000229961
23211083,1790604920,0.000136098739295
23211084,1790604921,0.00013612480907
23211165,1790604962,0.00013602439824
23211825,1790605297,0.000141822771586
23211877,1790605323,0.000144176006254
23211878,1790605324,0.000144156698266
23211881,1790605325,0.000143337798378
23211905,1790605337,0.000143526343334
23211909,1790605339,0.000144707556955
23211944,1790605357,0.000150686236478
23211945,1790605358,0.00015063927081
23211993,1790605382,0.000153064251461
23211994,1790605382,0.000153012334789
23211995,1790605383,0.000152995249449
23213125,1790605956,0.000153057319592
23213420,1790606106,0.000153118190819
23213995,1790606398,0.000154786976587
23213996,1790606398,0.000154774138213
23214195,1790606499,0.000156006845925
23214196,1790606500,0.000155963724002
23214257,1790606531,0.000156705593175
23214258,1790606531,0.000156691713891
23214310,1790606557,0.000155329212342
23214523,1790606665,0.000155043416987
23214922,1790606868,0.000156009157431
23216821,1790607832,0.000157246763827
23219693,1790609289,0.000157085697415
23220906,1790609904,0.000157750177122
23220928,1790609915,0.00015841606466
23221037,1790609970,0.000158708182783
23221145,1790610025,0.000159168753276
23221332,1790610120,0.000159501040422
23221709,1790610311,0.0001595134673
23221756,1790610335,0.000160130078616
23223520,1790611230,0.000159725012715
23223782,1790611363,0.000160036047939
23224141,1790611546,0.000138769752202
23224143,1790611546,0.000138884675342
23224143,1790611546,0.000139020865619
23225322,1790612144,0.000139194941646
23227158,1790613076,0.00013903104691
23227170,1790613082,0.000142066355834
23228531,1790613772,0.000142419293497
23228584,1790613799,0.000146483739415
23228584,1790613799,0.000146468469292
23229128,1790614075,0.000146378448744
23229822,1790614427,0.00014673669937
23233768,1790616429,0.000148546542612
23233769,1790616430,0.000148533118294
23233868,1790616480,0.000149728665905
23233869,1790616480,0.000149718657065
23234069,1790616582,0.000146026641509
23235399,1790617256,0.000146086098384
23237809,1790618479,0.000146026641509
23239581,1790619378,0.00015080686046
23243972,1790621605,0.00015187081039
23245979,1790622624,0.000152474650765
23246184,1790622728,0.000152506122929
23248904,1790624110,0.000153175165397
23250044,1790624689,0.000155627792858
23250045,1790624689,0.000155615041918
23250869,1790625107,0.000155853312675
23251554,1790625455,0.000152982490149
23251644,1790625500,0.000150591887654
23256460,1790627945,0.000130665027998
23256461,1790627945,0.000130948883472
23256461,1790627945,0.000131066273487
23256462,1790627946,0.000131068412971
23257433,1790628439,0.000132196722424
23257433,1790628439,0.000130878778624
23258140,1790628798,0.000130878810918
23258393,1790628926,0.000129335236997
23258468,1790628965,0.000129274955449
23258470,1790628966,0.000129386291193
23258983,1790629226,0.000127958624575
23261536,1790630523,0.00012840062401
23263207,1790631372,0.000128411773752
23263806,1790631676,0.000128656425037
23265831,1790632704,0.000129002636254
23269060,1790634344,0.000128634247259
23269675,1790634657,0.000128704081156
23269818,1790634729,0.00012925905551
23270150,1790634898,0.000129376259057
23271002,1790635331,0.000129611625812
23271314,1790635489,0.000128150163439
23271388,1790635527,0.000126713280949
23271389,1790635527,0.000126726671202
23271390,1790635528,0.000126749648489
23274524,1790637119,0.000126798394562
23274851,1790637285,0.000126088285013
23275068,1790637395,0.00012525870704
23275069,1790637396,0.000125291408566
23275070,1790637396,0.000125301094464
23276890,1790638320,0.000124406458069
23278078,1790638922,0.000124516229432
23278088,1790638927,0.000124626049203
23278099,1790638933,0.000124735917382
23278105,1790638936,0.000124845833969
23278109,1790638938,0.000124955798963
23278954,1790639367,0.000124643802711
23279082,1790639432,0.000124974405065
23280338,1790640069,0.000125084094859
23280339,1790640069,0.000125304836451
23280341,1790640070,0.000125326755254
23281543,1790640680,0.000125290403052
23282391,1790641110,0.000125139598187
23282677,1790641256,0.000118452905756
23282677,1790641256,0.00011846763509
23282765,1790641300,0.000117007676521
23282766,1790641301,0.000117016094748
23282768,1790641302,0.00011714385459
23282783,1790641309,0.00011704443967
23282784,1790641310,0.000116845153188
23282786,1790641311,0.000116825421276
23282840,1790641338,0.00011078567647
23282840,1790641338,0.0001108342016
23282854,1790641345,0.000104048626673
23282855,1790641346,0.000104091776156
23282855,1790641346,0.000104133729626
23282856,1790641346,0.000104134530332
23282921,1790641379,0.000103746789452
23282922,1790641380,0.000103754716314
23283062,1790641451,0.000103804979668
23283174,1790641508,0.000104608522321
23283238,1790641540,0.000104709435964
23283316,1790641580,9.69837633234e-05
23283317,1790641580,9.704442499e-05
23283317,1790641580,9.70881167645e-05
23283317,1790641580,9.70961029904e-05
23283318,1790641581,9.7097537127e-05
23283318,1790641581,0.000102005860524
23283506,1790641676,0.000102842332274
23283507,1790641677,0.000102828941364
23283557,1790641702,0.0001048341586
23283558,1790641703,0.000104820189602
23283572,1790641710,0.000106844635637
23283573,1790641710,0.000106830418527
23283881,1790641867,0.00010685662161
23284021,1790641938,0.000106914529323
23284236,1790642047,0.000106965552222
23285511,1790642694,0.000107067340338
23285515,1790642696,0.000107169176862
23285519,1790642698,0.000107271061794
23285522,1790642699,0.000107372995133
23285526,1790642701,0.000107474976879
23285648,1790642763,0.000106719171708
23286109,1790642997,0.00010824160084
23286242,1790643065,0.000109317817412
23286276,1790643082,0.000109315452272
23286420,1790643155,0.00010992020263
23286687,1790643290,0.000109912125328
23287044,1790643472,0.000109605856333
23288946,1790644438,0.000110054413704
23289620,1790644780,0.000113550024301
23290370,1790645161,0.000114780074107
23290371,1790645161,0.000114766283726
23290451,1790645202,0.000112558813865
23290553,1790645254,0.000113081372184
23291346,1790645656,0.000115183707366
23291354,1790645660,0.000117305405592
23291355,1790645661,0.000117287433429
23291356,1790645661,0.00011728613434
23291364,1790645665,0.000119427020529
23291365,1790645666,0.000119411998227
23291370,1790645668,0.0001215721122
23291371,1790645669,0.000121557012243
23291372,1790645669,0.000121540855616
23291444,1790645706,0.000121757904086
23292137,1790646057,0.000122328125953
23292162,1790646070,0.000122974466651
23292642,1790646313,0.000125094879281
23293088,1790646540,0.000123651755458
23293143,1790646568,0.000122930396292
23293179,1790646586,0.000132929862208
23293180,1790646586,0.000132747786226
23293180,1790646586,0.000132701317427
23293181,1790646587,0.000132699845168
23293865,1790646934,0.000131586295321
23294990,1790647505,0.000131225907987
23295915,1790647974,0.000130572835787
23296282,1790648160,0.000131575416914
23296652,1790648348,0.000131688306097
23297798,1790648929,0.000131347139524
23298434,1790649251,0.000134753655705
23298435,1790649252,0.000134711868771
23298436,1790649253,0.0001346971728
23298591,1790649331,0.000134811048594
23298593,1790649332,0.000135039634025
23299092,1790649585,0.000137444118587
23299249,1790649665,0.000137474274299
23299894,1790649993,0.000139791300843
23299938,1790650015,0.000139520702552
23302647,1790651391,0.000139378308956
23302848,1790651493,0.000138834668176
23303491,1790651820,0.000138797423959
23303524,1790651836,0.000138778853112
23303552,1790651851,0.000138752307846
23303581,1790651865,0.000138726260174
23303606,1790651878,0.000138701545358
23303625,1790651888,0.000138672315101
23303679,1790651915,0.000138649096829
23303708,1790651930,0.000138624173665
23303777,1790651965,0.000138603313839
23303799,1790651976,0.000138579882808
23303831,1790651992,0.000138555751482
23303868,1790652011,0.000138529205322
23303890,1790652022,0.000138506814515
23303912,1790652033,0.000138484431539
23303935,1790652045,0.000138461591116
23303958,1790652057,0.000138436922852
23303981,1790652068,0.000138412119015
23304018,1790652087,0.000138394393334
23304041,1790652099,0.000138378490991
23304070,1790652114,0.000138326090894
23304221,1790652190,0.000140149251938
23305291,1790652734,0.000142488618518
23305757,1790652970,0.000142361563873
23305941,1790653064,0.000141960246263
23306106,1790653148,0.000142018869532
23306648,1790653423,0.000142065824008
23309510,1790654876,0.000142039755158
23310051,1790655150,0.000140430260612
23315174,1790657751,0.000141119741989
23315504,1790657919,0.000141705370001
23315939,1790658140,0.000131440726278
23315940,1790658140,0.000131484983256
23316346,1790658346,0.000129200775088
23316347,1790658347,0.00012921633851
23316348,1790658347,0.00012922783732
23317441,1790658902,0.000130461155304
23322100,1790661268,0.000130517354383
23322155,1790661296,0.000130573565565
23322211,1790661324,0.000136255798338
23322212,1790661325,0.000136241610469
23322749,1790661597,0.000135311413628
23324360,1790662415,0.000135471699644
23324693,1790662584,0.000136578241163
23324834,1790662655,0.000137156694891
23326242,1790663369,0.000137329600228
23326458,1790663479,0.000137185942384
23326630,1790663566,0.000137081676153
23326692,1790663598,0.000137001552225
23327065,1790663787,0.000135789265514
23327676,1790664097,0.000135774093796
23327903,1790664212,0.000135654414024
23327911,1790664216,0.000137370183532
23329126,1790664832,0.000137542701449
23329246,1790664893,0.000139837030302
23329247,1790664894,0.000139811212325
23329286,1790664914,0.000140008469789
23329759,1790665153,0.000138953755238
23330021,1790665286,0.000146981279277
23330022,1790665287,0.000146928620461
23330538,1790665548,0.000146861496457
23330587,1790665573,0.00014679444731
23331351,1790665961,0.000177281739201
23331352,1790665961,0.000177035378157
23331387,1790665979,0.000186305702681
23331387,1790665979,0.000186234862382
23331388,1790665980,0.000186232351991
23331732,1790666154,0.000149932726538
23331732,1790666154,0.000150110634247
23331732,1790666154,0.000150189867767
23331732,1790666154,0.000150303373438
23331733,1790666155,0.000150324964889
23331954,1790666267,0.000150127856104
23331967,1790666273,0.000153766433106
23333177,1790666887,0.000153925089629
23333570,1790667087,0.000155328116098
23334195,1790667404,0.000155941871385
23334242,1790667427,0.000158256021586
23334267,1790667440,0.000158875528776
23334269,1790667441,0.000158534479094
23334270,1790667442,0.000158194041244
23334295,1790667454,0.000158317821626
23334629,1790667624,0.000158815919663
23334653,1790667636,0.000158475304132
23334765,1790667693,0.000158135298379
23334777,1790667699,0.00015850708931
23335052,1790667838,0.000158166669243
23335212,1790667919,0.000153288795456
23335212,1790667919,0.000153308521655
23335430,1790668030,0.000153918277775
23335574,1790668103,0.000153979319947
23335950,1790668294,0.000151932669103
23336018,1790668329,0.000152539685679
23336982,1790668817,0.000150656607642
23337010,1790668831,0.000150751072255
23341577,1790671149,0.000151420453098
23341618,1790671169,0.000153114384099
23342537,1790671647,0.000154328192396
23342538,1790671647,0.000154317169817
23342590,1790671674,0.000153805640742
23343113,1790671939,0.000141792742369
23343113,1790671939,0.000141910310518
23343114,1790671939,0.000141955287382
23343114,1790671939,0.000141956965141
23343193,1790671980,0.000142073633073
23343248,1790672007,0.00014209720817
23343352,1790672060,0.000142155859709
23345232,1790673014,0.000142608425732
23345480,1790673140,0.000142431447933
23345642,1790673222,0.000141214902212
23346065,1790673437,0.000143049647123
23347422,1790674125,0.000143776538777
23348512,1790674678,0.000145166824492
23349613,1790675236,0.000147906303147
23349614,1790675236,0.00014787853038
23351794,1790676342,0.000146984470743
23351987,1790676440,0.000148179800777
23352109,1790676502,0.00014952113714
23352110,1790676502,0.000149509546181
23352751,1790676827,0.00015048663804
23353974,1790677448,0.000150378822121
23354125,1790677525,0.000150282303745
23354445,1790677687,0.000148458823895
23355404,1790678173,0.000148345137583
23356079,1790678516,0.000147863773842
23356269,1790678612,0.000146544628176
23357386,1790679179,0.000146471039309
23357783,1790679380,0.00014645687486
23360007,1790680508,0.000164791547704
23360007,1790680508,0.000164675215974
23360008,1790680509,0.000164596688064
23361001,1790681013,0.000164594525176
23361052,1790681039,0.000164592903038
23361086,1790681056,0.000164591686451
23361130,1790681078,0.000164590774019
23361681,1790681358,0.000164955949702
23363591,1790682326,0.000161798480717
23363862,1790682464,0.000161798377929
23363983,1790682526,0.000161823410514
23364297,1790682685,0.000162324468839
23364721,1790682900,0.000162118085248
23365238,1790683162,0.000162306638989
23365516,1790683303,0.000161938014864
23366609,1790683857,0.000162014219874
23366713,1790683910,0.000161866461197
23367404,1790684260,0.000162433116931
23367475,1790684296,0.000163689570746
23367496,1790684307,0.000164950865322
23367518,1790684318,0.00016621700066
23367519,1790684319,0.000166202707726
23369977,1790685565,0.000165101714559
23370125,1790685641,0.000171451314643
23370222,1790685690,0.00018185987087
23370222,1790685690,0.000181701524646
23370222,1790685690,0.000181602396353
23370224,1790685691,0.00018160039216
23370348,1790685754,0.000172936018385
23370348,1790685754,0.000172961787409
23370567,1790685865,0.00018143200042
23370568,1790685865,0.000181419570185
23370786,1790685976,0.000181751046226
23371210,1790686191,0.000182279366959
23371278,1790686225,0.000182415216353
23371343,1790686258,0.000182262283807
23371873,1790686527,0.000181771702543
23372281,1790686734,0.000181543587892
23372300,1790686744,0.000181315902381
23373317,1790687260,0.000181426980318
23373666,1790687437,0.000181061384981
23374904,1790688065,0.000156992256707
23374904,1790688065,0.000157129062456
23374905,1790688065,0.00015721360111
23374905,1790688065,0.000157213807237
23374911,1790688069,0.000159690432646
23374911,1790688069,0.000162186413325
23375091,1790688160,0.000150481603653
23375092,1790688160,0.000150565862282
23375092,1790688160,0.00015061187989
23375535,1790688385,0.000150307573364
23375536,1790688386,0.000150309057787
23375896,1790688568,0.000155282992011
23375937,1790688589,0.000154993469174
23376751,1790689002,0.000155172870159
23377151,1790689205,0.000155210743989
23377925,1790689598,0.000155198129009
23378418,1790689848,0.000153493313111
23378659,1790689970,0.00015179790536
23379158,1790690223,0.000150917448537
23379159,1790690224,0.000150929382044
23379328,1790690309,0.000143602253041
23379329,1790690310,0.000143689375011
23379329,1790690310,0.00014373818891
23379925,1790690612,0.000143797178104
23381089,1790691203,0.00014373818891
23381788,1790691557,0.000143304879967
23381790,1790691558,0.000141605921205
23381791,1790691559,0.000141632927912
23381792,1790691559,0.000141647529532
23382578,1790691958,0.000141562134353
23383153,1790692250,0.000145926856962
23383154,1790692251,0.000145916564483
23383184,1790692266,0.000149280446128
23383185,1790692266,0.000149256343937
23383651,1790692503,0.000149370205949
23384830,1790693101,0.000149430339593
23385061,1790693218,0.000149386504708
23385868,1790693627,0.000129981708881
23385869,1790693628,0.000130059424762
23385869,1790693628,0.000130138806954
23385870,1790693628,0.000130140600635
23385870,1790693628,0.000130151875455
23385904,1790693645,0.0001308037557
23386406,1790693900,0.00013097261045
23386573,1790693985,0.000131040182847
23386597,1790693997,0.000132406612249
23387377,1790694392,0.000132462944223
23387480,1790694445,0.000133196350112
23387835,1790694625,0.000133436038528
23388213,1790694816,0.000133594610169
23389303,1790695376,0.0001370282249
23389304,1790695377,0.000137015172567
23389451,1790695451,0.00013704955343
23389451,1790695451,0.000136991088914
23389531,1790695492,0.000137725418298
23389617,1790695535,0.000138542361636
23389618,1790695536,0.000138531647569
23390100,1790695780,0.000140520659739
23390101,1790695781,0.000140506392158
23390443,1790695954,0.000140669725204
23390638,1790696053,0.000144192519029
23390639,1790696054,0.00014416582772
23390934,1790696203,0.000149514889805
23390934,1790696203,0.000149497522476
23390935,1790696204,0.000149475987832
23390936,1790696204,0.000149454706878
23391231,1790696354,0.00014897374768
23391516,1790696498,0.000148949367039
23391596,1790696539,0.000149422598212
23391950,1790696718,0.00015305266988
23391951,1790696719,0.000153019502733
23391952,1790696719,0.000152992603594
23391952,1790696719,0.000152992598985
23393137,1790697320,0.000151263272728
23393381,1790697444,0.000153693250727
23394736,1790698131,0.000148152248924
23395953,1790698748,0.000147568851032
23396096,1790698821,0.000147000629635
23396500,1790699026,0.000147012500877
23397192,1790699376,0.000147252402365
23397273,1790699417,0.000146709670822
23397339,1790699451,0.000145810903024
23398838,1790700210,0.0001464025857
23399848,1790700722,0.000149036977108
23399957,1790700778,0.000149133089378
23400387,1790700995,0.000149650223614
23401034,1790701323,0.000149472969016
23401985,1790701805,0.000149444905443
23404754,1790703208,0.000148044035352
23407367,1790704533,0.000148115876161
23408174,1790704942,0.000135840353133
23408175,1790704942,0.000135889282141
23408175,1790704942,0.000135889352145
23409389,1790705557,0.000119028403469
23409389,1790705557,0.000119161158293
23409389,1790705557,0.000119265461395
23409390,1790705558,0.000118993910889
23409651,1790705690,0.000121150256996
23410334,1790706037,0.000121161046563
23412005,1790706884,0.000121423875144
23412063,1790706914,0.000121564866744
23413434,1790707610,0.000121727160045
23413640,1790707714,0.000123356047426
23413946,1790707870,0.000123001001992
23414470,1790708136,0.000120901018761
23416618,1790709226,0.000120922657713
23418555,1790710210,0.000121459851015
23419063,1790710468,0.000121481539918
23419243,1790710560,0.000121193482431
23423686,1790712815,0.000119004759397
23426108,1790714044,0.000118763357888
23427319,1790714658,0.000118784804696
23427837,1790714921,0.00011880625344
23428003,1790715005,0.000118827704121
23428175,1790715093,0.000118849156738
23428200,1790715105,0.000118870611291
23428755,1790715387,0.00011845978232
23430149,1790716094,0.000118481201701
23430174,1790716107,0.000118502623019
23430408,1790716226,0.000118513334404
23430429,1790716236,0.000118524046272
23430638,1790716342,0.000118534758625
23430677,1790716362,0.000118545471462
23432043,1790717055,0.00011848328907
23432176,1790717122,0.000118390107179
23432283,1790717176,0.000116699226767
23432378,1790717225,0.000116805544253
23433210,1790717647,0.000116818369733
23433210,1790717647,0.000116831195917
23433967,1790718031,0.000116293206851
23433968,1790718031,0.000116304923677
23434839,1790718473,0.000116060992071
23439489,1790720832,0.000116652372955
23439803,1790720991,0.000119024736201
23439961,1790721071,0.000119368667734
23439962,1790721072,0.000119358304159
23440011,1790721096,0.00012141052835
23440012,1790721097,0.000121396212809
23440186,1790721185,0.000124890157856
23440187,1790721186,0.000124865577223
23441739,1790721973,0.000127355655792
23441739,1790721973,0.000127336811186
23442814,1790722519,0.000130767197702
23442815,1790722520,0.000130743449478
23442816,1790722520,0.000130725743732
23446134,1790724204,0.000127501967032
23447195,1790724742,0.000127590419035
23447268,1790724779,0.000128704245643
23448620,1790725465,0.00012872657196
23448620,1790725465,0.000128748900214
23448620,1790725465,0.000128771230404
23448620,1790725465,0.00012879356253
23448620,1790725465,0.000128815896592
23448620,1790725465,0.000128838232591
23448620,1790725465,0.000128860570526
23448620,1790725465,0.000128882910398
23449066,1790725691,0.000131576812441
23449752,1790726039,0.000132009497572
23449753,1790726039,0.000131997877326
23449754,1790726040,0.00013198893787
23449854,1790726091,0.000131343064855
23451241,1790726794,0.000131325828441
23451815,1790727085,0.000130957771573
23453615,1790727998,0.000131053413162
23454621,1790728508,0.00012529943902
23454622,1790728509,0.000125311601075
23455066,1790728734,0.000125586872742
23455072,1790728737,0.000125862446421
23455334,1790728870,0.000125863550299
23459887,1790731179,0.000125610971176
23460330,1790731404,0.000125720718151
23460335,1790731406,0.000125830513048
23460339,1790731409,0.000125940355867
23460343,1790731411,0.000126050246609
23460359,1790731419,0.000126094216324
23460739,1790731611,0.00012604755631
23461781,1790732140,0.000126102796686
23462417,1790732463,0.000126655866044
23462487,1790732498,0.00013225312009
23462488,1790732499,0.000132238244839
23463022,1790732770,0.000130520262627
23463022,1790732770,0.000129131630056
23469124,1790735865,0.000111557297395
23469125,1790735865,0.000111655439425
23469125,1790735865,0.000111683669129
23469126,1790735866,0.000111685162501
23469538,1790736075,0.000111997334524
23469601,1790736107,0.000112101488681
23470032,1790736325,0.000112015134274
23470033,1790736326,0.0001118424229
23470991,1790736812,0.000108077464494
23470992,1790736812,0.000108101237121
23470992,1790736812,0.000108101262825
23470993,1790736813,0.000108121328997
23470996,1790736814,0.000108633495199
23471028,1790736830,0.000109105281806
23471116,1790736875,0.000109249216641
23471678,1790737160,0.000109294275197
23471706,1790737174,0.000109376583238
23471773,1790737208,0.000109381519603
23471929,1790737287,0.000109416706758
23472647,1790737652,0.000109529382443
23472923,1790737792,0.00011169387521
23472923,1790737792,0.000113760918121
23472923,1790737792,0.000111536361788
23472923,1790737792,0.000109529382443
23474234,1790738457,0.000108649524877
23474327,1790738504,0.000109348064474
23475326,1790739011,0.000110512927213
23475694,1790739197,0.000110523219233
23475721,1790739211,0.000110208540108
23475871,1790739287,0.000109977767786
23476094,1790739400,0.000105340056765
23476095,1790739401,0.000105359013672
23476095,1790739401,0.000105374542992
23477600,1790740164,0.000107547118469
23477805,1790740268,0.00010759814461
23477891,1790740312,0.000107649182853
23478333,1790740536,0.0001246029743
23478334,1790740536,0.000124488213075
23478334,1790740536,0.000124456130707
23478339,1790740539,0.000123828243522
23480717,1790741745,0.0001237652787
23480738,1790741756,0.000123766588971
23480759,1790741767,0.000123703641327
23481903,1790742347,0.000124471656646
23482163,1790742479,0.000124335161305
23482830,1790742818,0.000125049336014
23483315,1790743063,0.00012513737579
23483842,1790743331,0.000125685554679
23484923,1790743879,0.000125850249766
23484924,1790743879,0.00012584048089
23484925,1790743880,0.000125832348344
23485719,1790744283,0.000129275286148
23485720,1790744283,0.000129250680623
23485720,1790744283,0.000129230635579
23486171,1790744512,0.000129801724523
23487679,1790745277,0.000129412290751
23487697,1790745286,0.000121306939976
23487697,1790745286,0.000121321845694
23488075,1790745478,0.000120922389417
23488076,1790745478,0.000120931516153
23488180,1790745531,0.000120974801452
23490240,1790746576,0.000120951431148
23491029,1790746977,0.000120837687977
23491033,1790746979,0.000120752485859
23491037,1790746981,0.000120688643393
23491042,1790746983,0.000120497419487
23491423,1790747176,0.000120423952851
23492712,1790747830,0.000120986083855
23492717,1790747833,0.000120610360715
23495508,1790749249,0.000120875518862
23497472,1790750245,0.000120897155533
23497849,1790750436,0.000119549816888
23499129,1790751085,0.000119595006292
23499943,1790751498,0.000119608995219
23501087,1790752089,0.000120427754444
23501154,1790752123,0.000120443951683
23501220,1790752156,0.000121146878235
23501251,1790752172,0.000121437526174
23501512,1790752305,0.000111637176792
23501513,1790752305,0.000111677994907
23501513,1790752305,0.00011169282441
23501515,1790752306,0.000111744876877
23501516,1790752307,0.000111932177841
23502358,1790752734,0.000111596145413
23503931,1790753532,0.000112426929127
23504611,1790753877,0.000112352235258
23505450,1790754302,0.000110073800353
23505451,1790754303,0.000110084580904
23505452,1790754303,0.000110093520594
23508181,1790755688,0.000110093434057
23509948,1790756584,0.000112922356637
23511842,1790757545,0.000112974379461
23513725,1790758501,0.000113026677098
23513790,1790758534,0.000113078986837
23514524,1790758907,0.00011318364262
23514527,1790758909,0.000113288346811
23514573,1790758932,0.000113382621971
23514576,1790758934,0.000113476936341
23514810,1790759052,0.000113634214092
23515355,1790759329,0.000110497671967
23515356,1790759329,0.000110515926007
23517446,1790760390,0.000111033726039
23520865,1790762124,0.000110195408473
23521924,1790762661,0.000109478592198
23521980,1790762690,0.000109250018745
23521981,1790762690,0.00010925853704
23522381,1790762893,0.00010704766166
23522382,1790762894,0.000107064773054
23522382,1790762894,0.000107064791679
23522383,1790762894,0.000107079541863
23522383,1790762894,0.000107079544943
23522385,1790762895,0.000107262895984
23524222,1790763827,0.000109826063266
23525708,1790764581,0.000108665218642
23525810,1790764633,0.000108716251537
23528799,1790766150,0.000107532432787
23530732,1790767130,0.000108039195496
23533643,1790768607,0.000107884683311
23537825,1790770730,0.000104712800662
23537827,1790770731,0.000104728683387
23537828,1790770732,0.000104729809626
23537832,1790770734,0.000105233888652
23538081,1790770860,0.000102061578189
23538082,1790770860,0.000102079367748
23538082,1790770860,0.00010207941183
23538366,1790771004,9.81187310212e-05
23538367,1790771005,9.81449402594e-05
23538367,1790771005,9.8164396887e-05
23538372,1790771008,9.81741458767e-05
23538374,1790771009,9.82229470895e-05
23538505,1790771075,9.79617588385e-05
23538516,1790771081,9.81371335061e-05
23540103,1790771886,9.81859132764e-05
23540447,1790772060,9.82344233763e-05
23540502,1790772088,9.82829454568e-05
23541726,1790772709,9.90648650933e-05
23542148,1790772924,0.00010058334682
23542866,1790773288,0.000100730976605
23543721,1790773722,0.000101208458768
23545033,1790774388,0.000101213408202
23545185,1790774465,0.000103043016659
23548010,1790775899,0.000100856141078
23548257,1790776024,0.000100235838775
23548385,1790776089,0.000100433947994
23549440,1790776624,0.000100483258038
23549546,1790776678,0.000100552312432
23550447,1790777135,9.27313250171e-05
23550448,1790777136,9.27774587288e-05
23550448,1790777136,9.27944424974e-05
23550449,1790777136,9.27950583387e-05
23550449,1790777136,9.27979347166e-05
23550884,1790777357,9.06867553585e-05
23550885,1790777357,9.07022750525e-05
23550886,1790777358,9.07141155826e-05
23551367,1790777602,9.25507622214e-05
23551604,1790777722,9.27675105845e-05
23552170,1790778009,9.28717866064e-05
23552284,1790778067,8.55178284183e-05
23552285,1790778068,8.5551656135e-05
23552285,1790778068,8.55798893802e-05
23552286,1790778068,8.55856232493e-05
23552288,1790778069,8.56766748735e-05
23552337,1790778094,8.27048473954e-05
23552338,1790778095,8.27208760973e-05
23552338,1790778095,8.27276052256e-05
23552339,1790778095,8.27299003855e-05
23552424,1790778138,8.40319760475e-05
23552424,1790778138,8.41743444306e-05
23552426,1790778139,8.44453836486e-05
23552432,1790778142,7.87697313038e-05
23552433,1790778143,7.87915887174e-05
23552433,1790778143,7.87947943271e-05
23552434,1790778143,7.87960260149e-05
23552435,1790778144,7.87965216152e-05
23552460,1790778157,7.75710404444e-05
23552461,1790778157,7.7577789516e-05
23552502,1790778178,7.78097388037e-05
23552510,1790778182,7.75196136535e-05
23552642,1790778249,7.74996006247e-05
23552642,1790778249,7.74296160214e-05
23552753,1790778305,7.78718114908e-05
23552947,1790778404,7.81325146253e-05
23553124,1790778494,7.82021090407e-05
23553349,1790778608,7.81422114222e-05
23553352,1790778609,7.80822232289e-05
23553357,1790778612,7.80223383699e-05
23553387,1790778627,7.7962432786e-05
23553406,1790778637,7.78624778105e-05
23553482,1790778676,7.82933153309e-05
23553722,1790778797,7.87288103575e-05
23554249,1790779064,7.94126487984e-05
23554530,1790779207,7.94048554098e-05
23554938,1790779414,7.98396254532e-05
23555059,1790779475,8.2048882865e-05
23555066,1790779479,8.21947357303e-05
23555076,1790779484,8.22504645842e-05
23555505,1790779702,8.30734861176e-05
23555947,1790779927,8.31023085879e-05
23556989,1790780455,8.31107762165e-05
23557410,1790780668,8.39994803479e-05
23557458,1790780693,8.365860736e-05
23558131,1790781034,8.54682251906e-05
23558208,1790781074,8.57580956962e-05
23559171,1790781562,8.7736726997e-05
23559172,1790781562,8.77252978155e-05
23559172,1790781562,8.77252547502e-05
23559551,1790781755,8.60296917689e-05
23559670,1790781816,8.60205172024e-05
23560081,1790782024,8.76716553539e-05
23560464,1790782218,8.67554913614e-05
23560968,1790782474,8.67737296989e-05
23560985,1790782483,8.6681034114e-05
23563264,1790783639,8.69090532619e-05
23563489,1790783754,8.53939636794e-05
23564282,1790784156,8.22093081675e-05
23565229,1790784637,8.18743120607e-05
23565673,1790784862,8.184833862e-05
23567070,1790785571,8.27364392841e-05
23567150,1790785611,8.27100633383e-05
23571047,1790787598,8.27548119676e-05
23575782,1790789998,8.27271356949e-05
23580083,1790792180,8.08799350935e-05
23583191,1790793758,7.06185411795e-05
23583192,1790793758,7.06556916994e-05
23583192,1790793758,7.06619668856e-05
23583193,1790793759,7.06631547489e-05
23583194,1790793760,7.0663630651e-05
23584199,1790794270,6.96366000388e-05
23584200,1790794271,6.96424107711e-05
23587734,1790796066,7.04628422137e-05
23588875,1790796645,5.96495855039e-05
23588876,1790796646,5.9660445721e-05
23588876,1790796646,5.96685703369e-05
23588876,1790796646,5.96794504469e-05
23588876,1790796646,5.96794602238e-05
23588877,1790796646,5.96809777877e-05
23588878,1790796647,5.96813009095e-05
23588880,1790796648,5.96881423243e-05
23589275,1790796848,6.25057675268e-05
23589276,1790796849,6.25021222775e-05
23589470,1790796947,6.25332418232e-05
23591127,1790797789,6.2537132311e-05
23595663,1790800092,6.23765195881e-05
23596031,1790800279,6.31560390069e-05
23601587,1790803100,6.3285909488e-05
23603158,1790803898,6.35601699123e-05
23604932,1790804799,6.35868665513e-05
23605578,1790805127,6.35778152422e-05
23605653,1790805165,6.35902623514e-05
23605865,1790805273,6.14405954397e-05
23605884,1790805283,6.14335835633e-05
23606489,1790805590,6.17338876801e-05
23606489,1790805590,6.44865016032e-05
23606489,1790805590,6.41659159345e-05
23606946,1790805822,6.54349844835e-05
23606946,1790805822,6.54318023888e-05
23606946,1790805822,6.7549895199e-05
23606946,1790805822,6.62191175481e-05
23608081,1790806399,6.85119906844e-05
23608082,1790806399,6.85087230052e-05
23608106,1790806411,6.85079092788e-05
23608343,1790806532,6.90791810654e-05
23610843,1790807801,6.97112278801e-05
23611307,1790808037,6.98258556302e-05
23614034,1790809422,7.02601074035e-05
23615324,1790810078,7.02688218527e-05
23615353,1790810092,7.07300764692e-05
23616022,1790810432,7.08956755282e-05
23616836,1790810845,7.0617548666e-05
23616862,1790810858,7.20202250162e-05
23616862,1790810858,7.53991066373e-05
23616862,1790810858,7.38970804778e-05
23616863,1790810859,7.38947432933e-05
23616864,1790810859,7.38938497311e-05
23617735,1790811301,7.39023166358e-05
23618489,1790811684,7.37123035884e-05
23619092,1790811989,7.36792056245e-05
23621494,1790813208,7.36610110546e-05
23622116,1790813524,7.37708346952e-05
23626997,1790816001,7.09698373719e-05
23627037,1790816021,7.03127547254e-05
23630531,1790817794,6.89951129056e-05
23631284,1790818176,6.90113801522e-05
23632749,1790818919,6.79920306727e-05
23634592,1790819854,6.93452089433e-05
23634592,1790819854,7.33438906202e-05
23634592,1790819854,7.18726117739e-05
23635120,1790820122,7.1980823909e-05
23635270,1790820198,7.20058699601e-05
23635286,1790820206,7.26789806003e-05
23635814,1790820474,7.26833679566e-05
23636015,1790820576,7.26579676217e-05
23636030,1790820584,7.63568096297e-05
23636030,1790820584,7.80364348094e-05
23636030,1790820584,7.42164093079e-05
23636989,1790821070,7.43605814921e-05
23644165,1790824712,7.44451980398e-05
23644231,1790824745,7.48701427699e-05
23644408,1790824835,7.61454158722e-05
23644732,1790824999,7.62227099797e-05
23644733,1790825000,7.62204804471e-05
23644751,1790825009,7.56088320735e-05
23645920,1790825602,7.65018544805e-05
23647446,1790826376,7.65448911722e-05
23647832,1790826572,7.77808630467e-05
23648526,1790826924,7.78618249079e-05
23648957,1790827143,7.77965677512e-05
23649363,1790827349,7.77133515596e-05
23649728,1790827534,7.81473023235e-05
23650437,1790827894,7.79000729137e-05
23650891,1790828124,8.14569628191e-05
23650892,1790828125,8.14512169788e-05
23650892,1790828125,8.14512017751e-05
23650893,1790828125,8.1449898611e-05
23660288,1790832892,8.12862400215e-05
23660300,1790832898,8.22114584007e-05
23661903,1790833711,8.26849779196e-05
23663303,1790834422,8.26474544679e-05
23663420,1790834481,8.25363342292e-05
23663590,1790834567,9.14062566864e-05
23663590,1790834567,9.13973046259e-05
23663590,1790834567,9.34926130296e-05
23663590,1790834567,8.43249784228e-05
23663659,1790834602,8.40274561179e-05
23664985,1790835275,8.40210236873e-05
23665918,1790835748,6.73035818684e-05
23665918,1790835748,6.7317022449e-05
23665919,1790835749,6.73183553898e-05
23666428,1790836007,6.73991102671e-05
23667002,1790836298,6.7392381387e-05
23668445,1790837030,6.70280169954e-05
23668511,1790837064,6.7021214801e-05
23668581,1790837099,6.70172423151e-05
23668700,1790837160,6.69620017402e-05
23670999,1790838327,6.71831710846e-05
23671174,1790838415,6.74414975674e-05
23673471,1790839581,6.71666072717e-05
23673753,1790839724,6.71498534183e-05
23673819,1790839757,6.78773953212e-05
23673929,1790839813,6.8242610171e-05
23674554,1790840130,6.80161930831e-05
23675728,1790840726,7.42231391801e-05
23677250,1790841498,7.29354963417e-05
23678964,1790842368,7.28699978354e-05
23678964,1790842368,7.28615404031e-05
23678965,1790842368,7.28607382618e-05
23680040,1790842914,6.9846371436e-05
23680518,1790843156,7.02581392749e-05
23680549,1790843172,7.06711173041e-05
23680570,1790843183,7.13925839266e-05
23680600,1790843198,7.22271346209e-05
23680630,1790843213,7.39092618009e-05
23680649,1790843222,7.48568359978e-05
23680710,1790843253,7.62251276233e-05
23680711,1790843254,7.62216696163e-05
23681294,1790843550,7.62174239691e-05
23681365,1790843586,8.11037913021e-05
23681366,1790843586,8.10985579061e-05
23681367,1790843587,8.10971412264e-05
23682010,1790843913,8.03758556746e-05
23682129,1790843973,7.96990647345e-05
23682395,1790844108,7.97294606999e-05
23684593,1790845224,7.76184006453e-05
23685122,1790845492,7.69935468476e-05
23685848,1790845860,7.70971865868e-05
23685865,1790845869,7.73133265953e-05
23685889,1790845881,7.81722122882e-05
23685934,1790845904,7.83491746854e-05
23686006,1790845941,7.92225366755e-05
23686025,1790845950,7.91093693895e-05
23686033,1790845954,7.98110437382e-05
23687107,1790846499,8.02511634534e-05
23694139,1790850067,8.03832118582e-05
23700287,1790853186,8.21482792651e-05
23703486,1790854810,8.20650902779e-05
23705045,1790855600,8.25113732296e-05
23705067,1790855612,8.29588663716e-05
23705090,1790855623,8.34075697038e-05
23705091,1790855624,8.34051478593e-05
23705115,1790855636,8.38550548587e-05
23705116,1790855637,8.3854556868e-05
23705132,1790855645,8.43056727199e-05
23705147,1790855652,8.47579987622e-05
23705181,1790855669,8.46801081466e-05
23705644,1790855904,8.4950592587e-05
23706626,1790856403,8.30949496016e-05
23708689,1790857450,8.44447148608e-05
23708875,1790857544,8.44235047403e-05
23709700,1790857962,7.69257783439e-05
23711039,1790858642,7.6836898763e-05
23714901,1790860601,7.68627758006e-05
23719612,1790862991,7.73278987198e-05
23720072,1790863224,7.76743846444e-05
23720277,1790863328,7.76667340772e-05
23722568,1790864491,7.89728903173e-05
23723789,1790865110,7.94773963843e-05
23725775,1790866118,7.94976056299e-05
23727524,1790867006,8.03746677646e-05
23728678,1790867591,8.77021312299e-05
23728679,1790867591,8.76975581006e-05
23728680,1790867592,8.76964441933e-05
23731557,1790869051,8.78347133017e-05
23733454,1790870014,8.67570906282e-05
23733911,1790870246,8.5041048191e-05
23735687,1790871147,8.49101353878e-05
23736605,1790871613,8.53246101891e-05
23736605,1790871613,8.8620820055e-05
23736605,1790871613,8.81821277533e-05
23736676,1790871648,8.83729884568e-05
23736691,1790871656,8.8833752626e-05
23738642,1790872646,8.91135867146e-05
23739384,1790873022,8.95483116246e-05
23739384,1790873022,9.27771227846e-05
23739384,1790873022,9.23187049596e-05
23739384,1790873022,9.23137333913e-05
23741368,1790874029,9.10174226319e-05
23745112,1790875929,9.09307483928e-05
23745580,1790876166,9.08441979022e-05
23745763,1790876259,9.06965121402e-05
23746651,1790876710,9.04382314718e-05
23748578,1790877687,9.32700525558e-05
23749885,1790878350,9.29434093951e-05
23751009,1790878921,9.27437955169e-05
23751151,1790878993,8.59870879804e-05
23758443,1790882693,8.63067268085e-05
23758990,1790882970,8.63112973736e-05
23759088,1790883020,8.61241757337e-05
23764433,1790885732,8.18603130139e-05
23774722,1790890953,7.9951472922e-05
23775308,1790891251,7.84137168187e-05
23775309,1790891251,7.84169462841e-05
23780945,1790894111,7.84873645971e-05
23781867,1790894579,7.8574559735e-05
23784369,1790895849,7.88102284035e-05
23790435,1790898927,7.88186211655e-05
23790630,1790899026,7.88131859919e-05
23791527,1790899481,7.8808352855e-05
23793419,1790900441,7.81203746317e-05
23794853,1790901169,7.82073657347e-05
23798868,1790903206,7.75210639277e-05
23802864,1790905233,7.83985229036e-05
23805400,1790906520,7.7695737198e-05
23807849,1790907763,7.63916923424e-05
23807851,1790907764,7.63926093741e-05
23810870,1790909296,7.64439585911e-05
23812322,1790910033,7.65902773471e-05
23813845,1790910805,8.23908070687e-05
23814060,1790910914,8.30167769763e-05
23814074,1790910922,8.36451158457e-05
23814880,1790911331,8.42758236222e-05
23815751,1790911772,8.41069493222e-05
23816908,1790912359,8.52239575771e-05
23818587,1790913211,8.42298076236e-05
23818941,1790913391,8.6946864995e-05
23818942,1790913392,8.69458907464e-05
23819454,1790913651,8.71294834565e-05
23819567,1790913709,8.73205960998e-05
23823144,1790915523,8.64562216083e-05
23823310,1790915608,8.48599932381e-05
23824943,1790916436,8.53115184376e-05
23825446,1790916691,8.50758800867e-05
23825709,1790916825,8.46853137965e-05
23828318,1790918148,8.43998259243e-05
23829089,1790918539,8.48520305971e-05
23831595,1790919811,8.47278580685e-05
23832832,1790920438,8.48184523917e-05
23834221,1790921143,8.58008635524e-05
23837212,1790922661,8.58282082741e-05
23840128,1790924140,8.61032715205e-05
23840894,1790924529,8.59970996052e-05
23844241,1790926227,8.51615901247e-05
23846131,1790927186,8.51574205751e-05
23850288,1790929296,8.52587580993e-05
23852428,1790930381,8.63067734972e-05
23854228,1790931295,8.63248626981e-05
23854278,1790931320,8.63068096699e-05
23857005,1790932704,8.72233314171e-05
23857902,1790933159,8.73060558137e-05
23860240,1790934346,8.4572277102e-05
23862880,1790935685,8.28546964721e-05
23863582,1790936041,8.27826350765e-05
23863582,1790936041,8.27751198651e-05
23864104,1790936306,8.43581752664e-05
23864394,1790936453,8.31162122789e-05
23864513,1790936514,8.32054900599e-05
23867341,1790937949,8.13773323104e-05
23867469,1790938014,8.13087085489e-05
23870652,1790939629,7.97496783275e-05
23871487,1790940052,7.95049222432e-05
23874291,1790941475,7.95926806298e-05
23874319,1790941490,7.99196547753e-05
23874336,1790941498,8.03600734461e-05
23874359,1790941510,8.04483024031e-05
23874379,1790941520,8.06249055399e-05
23874401,1790941531,8.08017023072e-05
23874421,1790941542,8.12445413586e-05
23876849,1790942773,7.9596056448e-05
23881818,1790945294,7.88252776374e-05
23882162,1790945469,7.87895558386e-05
23884518,1790946664,7.83913953976e-05
23885091,1790946955,8.68611484077e-05
23885091,1790946955,9.06503313575e-05
23885091,1790946955,8.16348275819e-05
23888883,1790948879,8.3180069181e-05
23889792,1790949340,8.51531169038e-05
23889793,1790949341,8.5150638343e-05
23889794,1790949341,8.51496734213e-05
23890287,1790949591,8.60009775325e-05
23890731,1790949817,8.80584480426e-05
23890732,1790949817,8.80553918764e-05
23890733,1790949818,8.80548599522e-05
23890915,1790949910,8.7690013139e-05
23891087,1790949997,8.95331317562e-05
23891169,1790950039,9.01365536763e-05
23891606,1790950261,9.01626916386e-05
23893089,1790951013,9.01587196114e-05
23893130,1790951034,9.01625226396e-05
23894855,1790951909,8.95587784645e-05
23896830,1790952911,8.86741578802e-05
23898237,1790953625,8.87098278157e-05
23900331,1790954688,8.86768152087e-05
23902153,1790955612,8.64697431619e-05
23904581,1790956844,8.6478902238e-05
23906027,1790957578,8.68066034819e-05
23906621,1790957879,8.51164465343e-05
23906660,1790957899,8.51173552248e-05
23907780,1790958467,8.16663639385e-05
23907785,1790958470,8.31468572319e-05
23909907,1790959546,8.23940936202e-05
23910584,1790959890,8.23736291319e-05
23912710,1790960969,7.36001592779e-05
23912711,1790960969,7.3607512332e-05
23912712,1790960970,7.36093537103e-05
23912864,1790961047,7.33992288095e-05
23913328,1790961282,6.91760891722e-05
23913329,1790961283,6.91803899925e-05
23913419,1790961329,6.769531059e-05
23913421,1790961329,6.76961897345e-05
23913424,1790961331,6.99703779259e-05
23913878,1790961561,7.00522938064e-05
23915825,1790962549,7.00605314899e-05
23917095,1790963193,7.00522938064e-05
23923594,1790966491,7.00266012864e-05
23925275,1790967344,6.54667975182e-05
23925276,1790967344,6.5470389672e-05
23925276,1790967344,6.54703972936e-05
23925277,1790967345,6.54708355824e-05
23926003,1790967713,6.54132751207e-05
23926335,1790967882,6.42736894136e-05
23927914,1790968683,6.43522008855e-05
23928250,1790968853,6.44307602797e-05
23928386,1790968922,6.57365226579e-05
23930122,1790969803,6.60920075515e-05
23930300,1790969894,6.7424695359e-05
23938569,1790974089,6.63613143042e-05
23939239,1790974429,6.37914423582e-05
23947689,1790978716,6.38069291725e-05
23947697,1790978720,6.37894398194e-05
23949474,1790979622,6.38762384896e-05
23960055,1790984990,6.41123752312e-05
23961376,1790985661,6.38264928023e-05
23962613,1790986288,6.35209900169e-05
23962710,1790986337,6.32279332267e-05
23963617,1790986797,6.34236833646e-05
23963922,1790986952,6.32725935439e-05
23964909,1790987453,6.17893924059e-05
23965198,1790987600,6.20764707991e-05
23965946,1790987979,6.058318733e-05
23966444,1790988232,6.02076372922e-05
23966445,1790988232,6.02097389595e-05
23973193,1790991654,6.01960942967e-05
23975146,1790992644,6.25009032531e-05
23975233,1790992688,6.04810993064e-05
23976241,1790993199,6.06955483713e-05
23979815,1790995013,6.07569509044e-05
23980821,1790995523,6.09304063293e-05
23982450,1790996350,5.82122320124e-05
23982451,1790996350,5.82131041042e-05
23982452,1790996351,5.82150594335e-05
23986760,1790998536,6.03978192938e-05
23986990,1790998653,6.07117469265e-05
23987376,1790998849,6.45303256589e-05
23988030,1790999181,6.46473480834e-05
23988233,1790999283,6.46669168561e-05
23988925,1790999635,6.66055200031e-05
23988925,1790999635,6.87178928589e-05
23988925,1790999635,6.66870400015e-05
23991287,1791000833,6.71297039498e-05
23997469,1791003969,6.30817091163e-05
24001528,1791006029,6.29161379298e-05
24006017,1791008307,6.26829196937e-05
24006108,1791008353,6.30730328405e-05
24007269,1791008942,6.36965740888e-05
24010414,1791010538,6.39717219568e-05
24010549,1791010607,6.44156529998e-05
24010798,1791010733,6.48428020806e-05
24011872,1791011278,6.5797076015e-05
24014323,1791012521,6.57683892657e-05
24016398,1791013574,6.5776369095e-05
24016779,1791013768,6.57708235499e-05
24018082,1791014428,6.91412768258e-05
24018082,1791014428,7.25029204603e-05
24018082,1791014428,6.88868987296e-05
24018083,1791014429,6.88836398158e-05
24018220,1791014499,6.96256454586e-05
24019451,1791015123,6.69742894837e-05
24020014,1791015409,6.69694718368e-05
24021966,1791016399,6.68352664636e-05
24027287,1791019099,6.48084557406e-05
24027616,1791019266,6.43925342742e-05
24028367,1791019647,6.51845227399e-05
24028413,1791019670,6.56951320593e-05
24028444,1791019686,6.64950666344e-05
24032190,1791021586,6.70230035767e-05
24033080,1791022038,6.70471717692e-05
24033229,1791022113,6.70794028028e-05
24035700,1791023367,6.69885698781e-05
24035758,1791023397,6.70087045621e-05
24037159,1791024107,6.08905952847e-05
24038106,1791024588,6.08945464313e-05
24038430,1791024752,6.08356058645e-05
24038882,1791024982,5.89937912851e-05
24038883,1791024982,5.89956815246e-05
24039051,1791025067,5.49419303427e-05
24039052,1791025068,5.49458504523e-05
24039053,1791025068,5.49467581281e-05
24039054,1791025069,5.49471319575e-05
24039380,1791025234,5.51661590006e-05
24040165,1791025633,5.58993956387e-05
24040190,1791025645,5.66374730381e-05
24040212,1791025656,5.69467557453e-05
24040456,1791025780,5.69309811178e-05
24042317,1791026724,5.89672590212e-05
24044250,1791027705,5.97260181487e-05
24044897,1791028034,6.02289497552e-05
24048929,1791030079,6.50087934607e-05
24048930,1791030080,6.50057244655e-05
24048930,1791030080,6.50048544428e-05
24048930,1791030080,6.5004474717e-05
24049425,1791030331,6.47167162572e-05
24050167,1791030708,5.99684530051e-05
24051111,1791031186,5.98649662422e-05
24052710,1791031998,5.96599045627e-05
24058776,1791035075,5.67695802642e-05
24058777,1791035076,5.67703254885e-05
24060163,1791035780,5.64259303465e-05
24060355,1791035877,5.6677508765e-05
24067920,1791039715,5.62536847011e-05
24068119,1791039816,5.64773330684e-05
24069080,1791040304,5.64644391225e-05
24069125,1791040326,5.65531978674e-05
24072097,1791041835,5.66346212859e-05
24072131,1791041852,5.66142489537e-05
24072836,1791042209,5.66154834039e-05
24075419,1791043520,5.70011316313e-05
24077371,1791044510,5.71876550686e-05
24079538,1791045609,5.71884028959e-05
24082278,1791046999,5.99408917212e-05
24083954,1791047850,6.07046995077e-05
24089213,1791050517,6.06732649567e-05
24090051,1791050943,6.37789009748e-05
24090051,1791050943,6.65792311317e-05
24090051,1791050943,6.32694751307e-05
24094908,1791053407,6.28685236631e-05
24095334,1791053623,6.28692999136e-05
24095972,1791053947,6.29240855051e-05
24098497,1791055227,6.33149472277e-05
24123382,1791067853,6.33119556655e-05
24125374,1791068864,6.0326906801e-05
24126211,1791069289,5.95666205742e-05
24126239,1791069303,5.84528594331e-05
24126259,1791069313,5.79076564878e-05
24126571,1791069471,5.78987611703e-05
24131797,1791072123,5.7853751315e-05
24131797,1791072123,5.78152439639e-05
24132172,1791072313,5.59940849512e-05
24132224,1791072340,5.56676814617e-05
24133048,1791072758,5.54201905088e-05
24133049,1791072758,5.54222471931e-05
24133118,1791072793,5.51777129665e-05
24133194,1791072832,5.49360978612e-05
24133277,1791072874,5.46973447302e-05
24133307,1791072889,5.52983969601e-05
24133333,1791072902,5.5664847879e-05
24133343,1791072907,5.54226326256e-05
24133353,1791072912,5.57894942762e-05
24133387,1791072930,5.6157566117e-05
24133399,1791072936,5.59134386182e-05
24133416,1791072945,5.62819184226e-05
24133793,1791073136,5.62844349049e-05
24133933,1791073207,5.77723534191e-05
24134141,1791073312,5.77635819128e-05
24136295,1791074405,5.74179581297e-05
24142437,1791077522,5.75153634859e-05
24143089,1791077853,5.75107736531e-05
24144624,1791078631,5.53901112717e-05
24144738,1791078689,5.51883498169e-05
24147123,1791079899,5.51610095753e-05
24147393,1791080036,5.46611076733e-05
24147794,1791080239,4.99467236997e-05
24147795,1791080240,4.99518444499e-05
24147796,1791080240,4.9952873096e-05
24151127,1791081931,5.0092055476e-05
24152116,1791082433,5.00836012904e-05
24152242,1791082496,5.00940468931e-05
24152755,1791082757,5.0303187673e-05
24153222,1791082994,5.17327878814e-05
24153353,1791083060,5.17288635214e-05
24153907,1791083341,5.20833097425e-05
24154649,1791083718,5.27958327412e-05
24154663,1791083725,5.35131965011e-05
24154685,1791083736,5.42046088394e-05
24154889,1791083840,5.42190474406e-05
24154907,1791083849,5.42407089845e-05
24154923,1791083857,5.42479304629e-05
24155524,1791084162,5.42840458971e-05
24155553,1791084176,5.42984953019e-05
24155590,1791084195,5.43057207805e-05
24155647,1791084224,5.4378002124e-05
24155852,1791084328,5.45222427137e-05
24155864,1791084334,5.45440630998e-05
24155894,1791084349,5.46885240177e-05
24157160,1791084992,5.46957752887e-05
24160582,1791086728,5.42939445346e-05
24162558,1791087731,5.35034545346e-05
24163983,1791088454,5.35103808476e-05
24164950,1791088944,5.31215187033e-05
24164987,1791088963,5.20769392155e-05
24167100,1791090035,5.24469669801e-05
24167550,1791090263,5.24071587472e-05
24167625,1791090302,5.25844903645e-05
24167977,1791090481,5.27270464366e-05
24169725,1791091367,5.24014602666e-05
24170419,1791091719,5.24156571975e-05
24175490,1791094292,5.27001288431e-05
24175985,1791094543,5.27143659547e-05
24177888,1791095509,5.31080134825e-05
24178508,1791095823,5.31273173208e-05
24178517,1791095828,5.17163828207e-05
24179131,1791096140,5.17050157206e-05
24181601,1791097393,5.24432396982e-05
24182358,1791097777,5.24399712167e-05
24183521,1791098367,5.15364952655e-05
24183600,1791098408,5.19185350358e-05
24185579,1791099411,5.18499745542e-05
24186992,1791100128,4.7829915737e-05
24186993,1791100129,4.78320199766e-05
24186994,1791100129,4.78338548183e-05
24187005,1791100135,4.78746946023e-05
24187020,1791100142,4.97235467206e-05
24187306,1791100288,4.96508412453e-05
24188676,1791100983,4.96006974733e-05
24189049,1791101172,4.99969576228e-05
24189217,1791101257,5.03787325488e-05
24192831,1791103091,5.02670542664e-05
24193761,1791103562,5.16719585098e-05
24194371,1791103872,5.16145939595e-05
24195581,1791104486,5.19883435725e-05
24195745,1791104569,5.12155704703e-05
24199532,1791106491,5.13253945727e-05
24199674,1791106563,5.15149807647e-05
24199835,1791106645,5.38047141747e-05
24199980,1791106718,5.42079494545e-05
24200312,1791106886,5.54550217793e-05
24201353,1791107415,5.56713771279e-05
24202305,1791107898,5.53297183133e-05
24202418,1791107955,5.57459373051e-05
24202419,1791107956,5.57441650812e-05
24202425,1791107958,5.58765594325e-05
24202697,1791108097,5.56452075972e-05
24203388,1791108447,5.61759303173e-05
24203685,1791108598,5.69165711696e-05
24205989,1791109767,5.6788332112e-05
24206567,1791110060,4.91157845041e-05
24206974,1791110266,4.80752772546e-05
24206980,1791110270,4.81982377048e-05
24206997,1791110278,4.993503246e-05
24207164,1791110363,4.9017157227e-05
24207285,1791110424,4.57675225155e-05
24207286,1791110425,4.57709141687e-05
24207287,1791110425,4.57725791483e-05
24207288,1791110426,4.57728986995e-05
24207288,1791110426,4.57735274991e-05
24207291,1791110427,4.58934912975e-05
24207418,1791110492,4.58531767238e-05
24207649,1791110609,4.57087569793e-05
24208226,1791110902,4.58620418429e-05
24209166,1791111378,4.59951777066e-05
24210043,1791111823,4.66649086159e-05
24213150,1791113400,4.70836856308e-05
24213289,1791113470,4.73097540175e-05
24213298,1791113475,4.75411811343e-05
24213307,1791113480,4.77013780478e-05
24213314,1791113483,4.78676753482e-05
24213320,1791113486,4.80004538684e-05
24213327,1791113490,4.8140921668e-05
24213333,1791113493,4.82344468102e-05
24213361,1791113507,4.82354852366e-05
24213689,1791113673,4.82397601239e-05
24215907,1791114799,5.01031114203e-05
24216110,1791114902,4.9413579078e-05
24224993,1791119409,4.97452331329e-05
24226017,1791119928,4.9740371316e-05
24226145,1791119993,4.97782277293e-05
24226736,1791120293,4.97566424724e-05
24227009,1791120432,5.0453123403e-05
24227962,1791120915,5.08593003796e-05
24229074,1791121479,5.15987632495e-05
24233858,1791123906,5.18110186093e-05
24234030,1791123994,5.16269906123e-05
24236614,1791125305,5.11614474346e-05
24239047,1791126540,5.12318506621e-05
24239668,1791126855,5.16206430931e-05
24243069,1791128580,5.15983209488e-05
24243416,1791128756,5.56855221985e-05
24244132,1791129120,5.59060145356e-05
24244439,1791129275,5.55816203867e-05
24245043,1791129582,5.63213144179e-05
24246049,1791130092,5.66911335652e-05
24246065,1791130100,5.66752684435e-05
24246935,1791130542,5.75649465009e-05
24249183,1791131683,5.77271525834e-05
24249732,1791131961,5.77541770274e-05
24249747,1791131969,5.73182422391e-05
24251557,1791132887,6.03274901863e-05
24251558,1791132888,6.03266548486e-05
24252447,1791133339,6.05408301725e-05
24252448,1791133339,6.05399825403e-05
24255008,1791134638,6.29760551843e-05
24255009,1791134639,6.29755234019e-05
24256308,1791135298,6.35570233328e-05
24258400,1791136360,6.3053903942e-05
24260423,1791137386,6.34593457101e-05
24262754,1791138569,6.34961433487e-05
24262758,1791138571,6.33077911098e-05
24264142,1791139273,6.32764573258e-05
24269089,1791141783,6.35225774937e-05
24276418,1791145502,6.35613183037e-05
24283426,1791149058,6.16353634841e-05
24288013,1791151385,7.25163153415e-05
24288014,1791151386,7.25150803734e-05
24288016,1791151386,7.25140642076e-05
24288148,1791151453,7.25971770598e-05
24288199,1791151479,7.26388905168e-05
24288895,1791151832,7.17201040403e-05
24290893,1791152846,7.21624236715e-05
24291459,1791153133,7.09655200968e-05
24293296,1791154065,7.1007503734e-05
24293452,1791154145,7.11408274359e-05
24294451,1791154652,7.05452277983e-05
24294539,1791154696,7.00741169521e-05
24298473,1791156692,6.89754203815e-05
24299807,1791157369,6.89182350112e-05
24299832,1791157382,6.78097927324e-05
24301372,1791158163,6.78794919724e-05
24302007,1791158485,6.95022579185e-05
24302007,1791158485,7.11441927949e-05
24302016,1791158490,7.15576716593e-05
24302016,1791158490,7.19723485819e-05
24307628,1791161337,7.20549981687e-05
24309148,1791162109,7.28926443131e-05
24309225,1791162148,7.28959944862e-05
24309256,1791162163,7.3637144359e-05
24309947,1791162514,7.36158343234e-05
24310273,1791162679,7.36994441744e-05
24310316,1791162701,7.3799864887e-05
24310351,1791162719,7.38415768369e-05
24310788,1791162941,7.39430737219e-05
24311266,1791163183,7.36265307445e-05
24311504,1791163304,7.40492782636e-05
24311725,1791163416,7.48993311318e-05
24313263,1791164196,7.45766345621e-05
24315274,1791165217,7.45944411301e-05
24315794,1791165481,7.41967649991e-05
24315921,1791165545,7.38401874855e-05
24315943,1791165556,7.42057766801e-05
24315955,1791165562,7.35713602419e-05
24315968,1791165569,7.34537172611e-05
24316049,1791165610,7.34959197793e-05
24316177,1791165675,7.36136433646e-05
24317662,1791166429,7.33045359769e-05
24317965,1791166582,7.28294533419e-05
24322900,1791169086,7.28461639545e-05
24323283,1791169280,7.2854562183e-05
24326207,1791170764,7.25864427302e-05
24329465,1791172417,7.18897293666e-05
24329723,1791172548,7.12719901583e-05
24329775,1791172574,7.06621791056e-05
24329789,1791172581,7.06704215588e-05
24329817,1791172596,7.0752873277e-05
24329837,1791172606,7.0794117276e-05
24329862,1791172618,7.0802367538e-05
24329883,1791172629,7.08106182556e-05
24332726,1791174071,7.07321374332e-05
24334827,1791175137,7.07553099825e-05
24335495,1791175477,7.07942152935e-05
24336994,1791176237,6.93360583549e-05
24337600,1791176544,6.93341634028e-05
24339158,1791177335,6.76792447976e-05
24339386,1791177451,6.62371828269e-05
24339959,1791177741,6.36289867798e-05
24341356,1791178450,6.47923659951e-05
24341701,1791178625,6.33848920608e-05
24342549,1791179056,6.29934868363e-05
24342550,1791179056,6.29942718493e-05
24348068,1791181856,6.31497725074e-05
24350908,1791183297,6.27818229542e-05
24351090,1791183389,6.16765658334e-05
24351492,1791183593,6.15264715207e-05
24355509,1791185631,6.40341091386e-05
24355575,1791185665,6.41229675128e-05
24361561,1791188702,6.47333918623e-05
24365413,1791190657,6.37574298957e-05
24365433,1791190667,6.7055388956e-05
24367305,1791191617,6.97832926311e-05
24367635,1791191784,7.25640015181e-05
24367636,1791191785,7.25630419268e-05
24369648,1791192806,7.33277764734e-05
24369968,1791192968,7.25259786282e-05
24374215,1791195123,7.25511193366e-05
24377194,1791196635,7.47494050434e-05
24378055,1791197072,7.18526635514e-05
24378191,1791197141,6.90273603561e-05
24382718,1791199438,6.84809793906e-05
24383053,1791199608,6.84970297288e-05
24385175,1791200684,6.83642116994e-05
24387756,1791201994,6.4970452037e-05
24394219,1791205273,6.48478759055e-05
24395441,1791205893,6.51338923781e-05
24396893,1791206630,6.5055202001e-05
24397475,1791206925,6.61616293421e-05
24400910,1791208668,6.88461200189e-05
24401090,1791208759,6.60793978634e-05
24402819,1791209745,6.65258106708e-05
24403321,1791210046,6.65112268634e-05
24403349,1791210063,6.92109177638e-05
24403658,1791210256,6.90959395448e-05
24406269,1791211645,6.95916525511e-05
24407280,1791212157,7.01182952841e-05
24412635,1791214874,7.13430053815e-05
24412840,1791214978,7.17174855523e-05
24413168,1791215145,7.17058469619e-05
24413486,1791215306,7.17071867868e-05
24414904,1791216025,7.24081901794e-05
24414904,1791216025,7.41093522553e-05
24414904,1791216025,7.33835618533e-05
24415319,1791216236,7.31121057501e-05
24415733,1791216446,7.31224544819e-05
24416661,1791216917,7.33743268677e-05
24419642,1791218429,7.30614251081e-05
24420146,1791218685,7.2905724271e-05
24421547,1791219396,7.27505206239e-05
24422718,1791219990,7.2740422471e-05
24423929,1791220604,7.27378126429e-05
24424023,1791220652,7.21220888554e-05
24425359,1791221330,7.21229244723e-05
24426178,1791221745,7.15999714048e-05
24427274,1791222301,6.72681606845e-05
24427311,1791222320,6.80775867667e-05
24427442,1791222386,6.87446903312e-05
24427442,1791222386,7.10313602402e-05
24427442,1791222386,7.03307806247e-05
24427597,1791222465,7.03349065458e-05
24428216,1791222779,7.03272563473e-05
24430280,1791223826,7.04097956955e-05
24430324,1791223849,7.05750196147e-05
24430348,1791223861,7.06577041857e-05
24430422,1791223898,7.07404371644e-05
24430526,1791223951,7.08232185506e-05
24430559,1791223968,7.09320668862e-05
24430595,1791223986,7.1265343017e-05
24431010,1791224197,7.21896107785e-05
24434198,1791225814,7.21954629362e-05
24438203,1791227846,7.20689069395e-05
24438698,1791228097,7.38507532372e-05
24439449,1791228478,7.39558956693e-05
24444852,1791231220,7.62848194371e-05
24447490,1791232558,7.39558956693e-05
24450029,1791233847,7.44753334662e-05
24450139,1791233902,7.46691254376e-05
24451704,1791234697,7.55089832273e-05
24451720,1791234705,7.55174906005e-05
24451734,1791234712,7.56732466028e-05
24454459,1791236094,7.58433459303e-05
24454686,1791236210,7.67000689573e-05
24455352,1791236548,7.69580241303e-05
24457411,1791237592,7.61325881579e-05
24461288,1791239559,7.61101858338e-05
24463357,1791240609,7.61627324459e-05
24463891,1791240880,7.61779273644e-05
24463902,1791240886,7.61457133806e-05
24465304,1791241597,7.70067410215e-05
24465688,1791241792,7.80724438816e-05
24465956,1791241928,7.82029086639e-05
24467174,1791242546,7.70617831448e-05
24467539,1791242731,7.82566011863e-05
24468197,1791243065,7.8253890348e-05
24468625,1791243282,7.82971241399e-05
24469095,1791243521,7.8253890348e-05
24474882,1791246457,7.98303198905e-05
24475801,1791246923,7.93056936138e-05
24476122,1791247086,7.89541386178e-05
24476248,1791247150,7.90415925796e-05
24477942,1791248010,7.8735755944e-05
24479457,1791248778,7.89225310709e-05
24481337,1791249732,7.89312725386e-05
24484600,1791251388,7.89487569261e-05
24486033,1791252115,7.92460935744e-05
24488076,1791253151,7.90870685044e-05
24495125,1791256728,7.95251902343e-05
24496227,1791257287,7.88215077927e-05
24498891,1791258639,7.83773115752e-05
24500466,1791259438,8.7109950438e-05
24500467,1791259438,8.71080491051e-05
24500468,1791259439,8.71064673933e-05
24500469,1791259439,8.71058299737e-05
24501078,1791259749,8.71976864725e-05
24501658,1791260043,8.78883009764e-05
24501745,1791260087,8.79709226553e-05
24501867,1791260149,8.83589557883e-05
24502201,1791260318,8.8701501978e-05
24502269,1791260353,8.89081370705e-05
24503394,1791260924,8.88910883156e-05
24503400,1791260927,8.9233626534e-05
24503498,1791260976,9.02910134761e-05
24505307,1791261894,9.03190856733e-05
24505313,1791261897,9.0336786631e-05
24505869,1791262180,9.50743399591e-05
24505871,1791262181,9.50728356575e-05
24506908,1791262707,9.52640887265e-05
24507017,1791262762,9.53121130398e-05
24507018,1791262763,9.53107101888e-05
24507510,1791263012,9.57940350563e-05
24507511,1791263013,9.57930765794e-05
24507585,1791263050,9.87061581793e-05
24507705,1791263111,9.96879296025e-05
24507707,1791263112,0.000102025054996
24507707,1791263112,0.000103696207186
24507707,1791263112,0.00010369560012
24507708,1791263113,0.000105985099559
24507709,1791263113,0.000105983012097
24507710,1791263114,0.000105981185945
24507711,1791263114,0.000105979753152
24507717,1791263117,0.000107772779863
24507717,1791263117,0.000110081442838
24507717,1791263117,0.000111975340922
24507718,1791263118,0.000111974774645
24507858,1791263189,0.000112652573774
24507860,1791263190,0.000112651329619
24508273,1791263399,0.000113036120006
24508274,1791263400,0.000113034944249
24508524,1791263527,0.000113432816316
24508525,1791263527,0.000113432207608
24509145,1791263842,0.00011164351524
24509437,1791263990,0.000112737819778
24509647,1791264096,0.000111331389597
24509749,1791264148,0.00011085419411
24509776,1791264162,0.000110389141145
24509830,1791264190,0.000108961060236
24509839,1791264194,9.61424972844e-05
24509840,1791264194,9.61439941456e-05
24509984,1791264267,9.64249440256e-05
24510054,1791264303,9.61217174891e-05
24510156,1791264355,9.58057167269e-05
24510532,1791264546,9.61106590891e-05
24510747,1791264655,9.65935756748e-05
24510780,1791264671,9.65829809014e-05
24511753,1791265165,9.85265017278e-05
24512582,1791265586,9.79226028044e-05
24512904,1791265749,9.88986965745e-05
24513243,1791265921,0.000104017899088
24513385,1791265993,0.000105023839083
24514165,1791266389,0.000105554385337
24514348,1791266482,0.000108185726006
24514683,1791266652,0.000108288092896
24514858,1791266740,0.00010849194187
24514862,1791266743,0.000108695982534
24514904,1791266764,0.000108917691591
24514940,1791266782,0.000108927960665
24515375,1791267003,0.000107768108723
24515993,1791267316,0.00010811902319
24516356,1791267501,0.000106668099362
24516461,1791267554,0.000104500819698
24518252,1791268463,0.000104903343971
24518257,1791268465,0.00010486990577
24518948,1791268816,0.000104412887393
24521936,1791270332,0.000103987899603
24522869,1791270806,0.000103723598525
24524002,1791271380,0.000104255390863
24524042,1791271401,0.000104253213231
24525376,1791272077,0.000104281146086
24526025,1791272407,0.00010729685902
24528841,1791273835,0.000107337804097
24529446,1791274142,0.000106766086607
24530686,1791274771,0.000106333408741
24530951,1791274905,0.00010660855059
24534111,1791276509,0.000104978217073
24534310,1791276610,0.000103912017041
24536190,1791277564,0.000103780209033
24539452,1791279219,0.000107857355664
24539732,1791279361,0.000113514362216
24539733,1791279362,0.000113512393539
24539735,1791279362,0.000113511091547
24539862,1791279427,0.000113836086495
24539863,1791279427,0.000113834980934
24539917,1791279455,0.000114003012106
24539918,1791279455,0.000111741669645
24539919,1791279456,0.000109546949243
24539919,1791279456,0.000107416259341
24540017,1791279505,0.000111549706556
24540143,1791279569,0.000112278344108
24540145,1791279570,0.000110067871844
24540229,1791279613,0.000114235107546
24540235,1791279616,0.000114340296846
24540247,1791279622,0.000115394852266
24540251,1791279624,0.000116454248448
24540263,1791279630,0.00011751848539
24540275,1791279636,0.000117988283198
24540418,1791279709,0.000125845869047
24540419,1791279709,0.000125843493139
24540420,1791279710,0.000125841370299
24540421,1791279710,0.000125839701179
24540433,1791279716,0.00012603845915
24540707,1791279855,0.00012625948529
24540993,1791280001,0.000129244056105
24542096,1791280560,0.000130365082412
24542098,1791280561,0.000130364315291
24542109,1791280567,0.000131490179054
24542110,1791280567,0.000131489431126
24542134,1791280579,0.000132620132441
24542155,1791280590,0.000133755674518
24542156,1791280591,0.000133752200821
24542157,1791280591,0.00013375075356
24542656,1791280844,0.000134090636178
24542657,1791280845,0.000134089269043
24542710,1791280872,0.000138662227366
24542711,1791280872,0.000138657940173
24542712,1791280873,0.000138656125745
24542716,1791280875,0.000140971307573
24542757,1791280896,0.000141425001449
24542816,1791280925,0.000142597554008
24542817,1791280926,0.000142595889613
24542818,1791280926,0.00014259247697
24542819,1791280927,0.000142591026938
24543309,1791281176,0.000141418554718
24544330,1791281694,0.000142007158628
24544706,1791281884,0.000134172598085
24544765,1791281915,0.000126953242716
24544792,1791281928,0.000126272886385
24544831,1791281948,0.000119731032346
24544832,1791281948,0.000119733153186
24544833,1791281949,0.000119734793437
24544943,1791282005,0.000120808447669
24545363,1791282218,0.000119734793437
24545468,1791282271,0.000104549698926
24545469,1791282272,0.000104552989121
24545469,1791282272,0.000104552991439
24545470,1791282272,0.000104555152091
24545470,1791282272,0.000104556926435
24546069,1791282576,0.00010258602549
24546069,1791282576,0.000101212808939
24546069,1791282576,0.000100638165961
24546070,1791282576,0.000100638706164
24546077,1791282580,0.00011154823773
24546077,1791282580,0.000117870629511
24546077,1791282580,0.000106045231247
24547460,1791283282,0.000106067523959
24547914,1791283512,0.000108370076122
24549185,1791284157,0.000108831500552
24550169,1791284656,0.000109016032069
24553019,1791286102,0.000108504138134
24553199,1791286193,0.000108504134747
24553221,1791286205,0.000108166234556
24554603,1791286906,0.000106890631087
24555361,1791287290,0.000107340054618
24556012,1791287621,0.00010739103162
24556479,1791287858,0.000107484648907
24557310,1791288279,0.000113505179366
24557366,1791288308,0.000113631008505
24558314,1791288789,0.000113688580007
24558441,1791288853,0.000120046824394
24558442,1791288854,0.000120045212338
24558443,1791288854,0.000120043705396
24559403,1791289341,0.000120585897151
24560414,1791289854,0.000120597746979
24561130,1791290218,0.000121642977504
24561272,1791290290,0.000121660139384
24561906,1791290611,0.000122201749944
24561942,1791290630,0.000120969418477
24561974,1791290646,0.000121164293836
24563638,1791291490,0.000122358606705
24563718,1791291531,0.000122189252862
24564414,1791291884,0.000122963481559
24564452,1791291903,0.000124389409046
24564534,1791291945,0.00012602990316
24564535,1791291945,0.00012602846008
24565147,1791292256,0.00012533946333
24565238,1791292302,0.000124826416909
24565318,1791292343,0.000123306037044
24565701,1791292537,0.000123294891791
24565990,1791292684,0.000123305762705
24567249,1791293322,0.000124336862603
24567354,1791293376,0.000124391451152
24570634,1791295040,0.000124693671826
24571732,1791295597,0.000124415966625
24572300,1791295885,0.000125020331235
24572854,1791296166,0.000135571414065
24572855,1791296167,0.000135568678018
24572855,1791296167,0.000135566466988
24573078,1791296280,0.000135566581441
24573079,1791296280,0.000135564779393
24573084,1791296283,0.000136275067491
24573386,1791296436,0.000136477301286
24573618,1791296554,0.000137744037362
24573795,1791296643,0.000137705833327
24574103,1791296800,0.000137623993307
24574535,1791297019,0.000136903146843
24574572,1791297038,0.000136647544203
24574805,1791297156,0.000133867446273
24575508,1791297513,0.00013385324879
24576524,1791298028,0.000133403647192
24578202,1791298879,0.000133229804631
24579088,1791299329,0.000132893187651
24580378,1791299983,0.000133233691766
24581113,1791300356,0.000133640814038
24582380,1791300999,0.000135283795138
24583170,1791301400,0.000135511257572
24586338,1791303007,0.0001339491823
24586407,1791303042,0.000133933698199
24587404,1791303548,0.000133967861962
24588271,1791303988,0.000135765040245
24588348,1791304027,0.000136730065443
24589252,1791304486,0.000137548918851
24589336,1791304528,0.000137934965905
24589440,1791304581,0.000137989169235
24589848,1791304788,0.000138000727787
24591111,1791305429,0.000138044653536
24596716,1791308273,0.000138315350206
24597444,1791308642,0.000138301757483
24598279,1791309066,0.000138182780982
24599768,1791309821,0.000139429237441
24599887,1791309882,0.000139460367299
24600910,1791310401,0.000138867801812
24603421,1791311675,0.000138736882862
24607490,1791313739,0.000138875505701
24607490,1791313739,0.000138897799384
24607490,1791313739,0.000139174375269
24607490,1791313739,0.00013918335641
24613352,1791316714,0.000139788246088
24613547,1791316813,0.000139327594643
24617904,1791319023,0.000138923216207
24618821,1791319488,0.000139312571234
24619377,1791319771,0.000139250178115
24623998,1791322115,0.000135863174003
24625270,1791322761,0.000128227388671
24628766,1791324534,0.000127865531621
24628772,1791324537,0.000127505203946
24630655,1791325493,0.000126896915958
24630656,1791325493,0.000126898030135
24631347,1791325844,0.000112564204899
24631348,1791325845,0.000112567011932
24631350,1791325846,0.000112568092739
24631351,1791325846,0.000112569985251
24631538,1791325941,0.000111020655228
24631768,1791326058,0.000108633576887
24631769,1791326058,0.000108634780015
24638083,1791329262,0.000108839367558
24638225,1791329334,0.000108001706468
24638226,1791329334,0.00010800272284
24638238,1791329340,0.000107912577587
24638404,1791329425,0.00011619863
24638642,1791329545,0.00012129450103
24638643,1791329546,0.000121293231907
24638652,1791329550,0.000121221694333
24638656,1791329553,0.00012102196665
24639302,1791329881,0.000121628892217
24641231,1791330859,0.000121611407901
24641378,1791330934,0.000121601449726
24644434,1791332484,0.00012161013011
24646063,1791333310,0.000121879595823
24646200,1791333380,0.000121861163262
24648983,1791334792,0.000121640925799
24649096,1791334849,0.000121639585723
24650238,1791335429,0.000121474504197
24651306,1791335971,0.000122561386716
24652488,1791336570,0.000122284402141
24652611,1791336633,0.000122883573527
24652612,1791336633,0.000122882303323
24652615,1791336635,0.000122810209607
24654784,1791337735,0.000122854861916
24655262,1791337978,0.000122843483252
24656002,1791338353,0.000123386085371
24657249,1791338986,0.000105228290115
24657250,1791338986,0.000105229827807
24657251,1791338987,0.000105231219464
24657252,1791338987,0.000105232439721
24657279,1791339001,0.000105737725463
24657336,1791339030,0.000100531964674
24657337,1791339031,0.000100532605677
24657443,1791339084,0.000100562353527
24658785,1791339765,0.000100858584369
24659028,1791339889,0.000100828779669
24660345,1791340557,0.00010079067645
24662937,1791341872,0.000100423767953
24663478,1791342147,0.000100522097705
24663537,1791342176,0.000100590818308
24663632,1791342225,0.000100310867985
24663856,1791342338,0.00010129876384
24663878,1791342349,0.000102291500457
24663894,1791342358,0.000103289077836
24663912,1791342367,0.000104291495975
24663940,1791342381,0.000105298754875
24663959,1791342391,0.000106310854537
24664135,1791342480,0.00010732779496
24664147,1791342486,0.000109376198089
24664163,1791342494,0.000111443964263
24664177,1791342501,0.000113531093482
24665733,1791343291,0.000124257185247
24665734,1791343291,0.0001242550353
24665735,1791343292,0.000124252889912
24665743,1791343296,0.000124071828156
24665770,1791343309,0.000135273812289
24665771,1791343310,0.000135270620379
24665773,1791343311,0.000135269612216
24665775,1791343312,0.000135052282372
24665776,1791343313,0.000135050449984
24665777,1791343313,0.000135048954184
24665781,1791343315,0.000134953455964
24665781,1791343315,0.000134843949414
24665793,1791343321,0.000146511812225
24665795,1791343322,0.000146509710887
24665796,1791343323,0.000146507747915
24665797,1791343323,0.000145761209912
24665797,1791343323,0.000145535465943
24665798,1791343324,0.000145534034041
24665801,1791343325,0.000145428453874
24665801,1791343325,0.000145181804153
24665827,1791343338,0.000149382298248
24665828,1791343339,0.000149376368261
24665840,1791343345,0.000149190795075
24665922,1791343387,0.000149549747757
24665950,1791343401,0.00015229188305
24665951,1791343401,0.000152291105415
24665952,1791343402,0.000152290348905
24667219,1791344045,0.000152471625015
24667809,1791344344,0.000152338890304
24667838,1791344359,0.000150477967407
24667999,1791344440,0.000148650936055
24670854,1791345889,0.000146831648207
24671043,1791345985,0.000146482431249
24671241,1791346085,0.000146468175194
24673253,1791347106,0.00014665372047
24675741,1791348369,0.000145812088496
24679098,1791350072,0.000146300752303
24680271,1791350667,0.00014572760532
24680791,1791350931,0.000145516967465
24681102,1791351089,0.000145299324333
24685913,1791353530,0.000144607855968
24690952,1791356087,0.000144608961323
24691319,1791356273,0.000144609782781
24694455,1791357865,0.000143161636418
24694603,1791357940,0.000142302677001
24694614,1791357945,0.000142013223235
24695314,1791358300,0.000142363882595
24695409,1791358349,0.00014224518562
24696271,1791358786,0.000139599195196
24696957,1791359134,0.000140181077491
24697320,1791359318,0.000132934935396
24697933,1791359629,0.000132432871292
24700476,1791360919,0.000132909352069
24701650,1791361515,0.000132461221928
24704034,1791362725,0.000140793289753
24704049,1791362732,0.000140941706279
24705226,1791363330,0.000124807444016
24705227,1791363330,0.000124809257999
24705228,1791363331,0.000124811190563
24705319,1791363377,0.000124283598927
24705325,1791363380,0.00012457963642
24706217,1791363832,0.000124182890899
24707999,1791364737,0.000124175078236
24709801,1791365651,0.000123568733461
24709856,1791365679,0.000123274610931
24710181,1791365844,0.000122674841649
24710369,1791365939,0.000121805122016
24710370,1791365940,0.000121806434856
24710469,1791365990,0.000121915053338
24711708,1791366618,0.000122175935197
24711729,1791366629,0.00012239354974
24711744,1791366637,0.000122611357914
24711772,1791366651,0.0001227303629
24711794,1791366662,0.000123822836836
24712036,1791366785,0.000124372343502
24712473,1791367007,0.000126151897936
24712776,1791367161,0.000126370877894
24714801,1791368188,0.000126831573443
24717728,1791369673,0.000126820302713
24717757,1791369688,0.000127574907801
24719792,1791370720,0.000127504918735
24721295,1791371483,0.000127002198798
24721511,1791371592,0.000126976468968
24721929,1791371804,0.000127054093295
24723063,1791372380,0.000126502217107
24724193,1791372953,0.000125020535059
24726559,1791374154,0.000123112258241
24727031,1791374393,0.000123253789458
24727120,1791374438,0.000123428631506
24727132,1791374444,0.000123647358333
24727182,1791374470,0.000123866278791
24727194,1791374476,0.000123975811632
24727212,1791374485,0.000124119811378
24727233,1791374496,0.000124263894705
24727244,1791374501,0.000124873387882
24727263,1791374511,0.000124963785538
24727283,1791374521,0.000125514354196
24727321,1791374540,0.000125723887599
24727842,1791374805,0.000125726088599
24731535,1791376679,0.00012794232394
24731565,1791376694,0.000130177922326
24731581,1791376702,0.000132432883757
24732130,1791376980,0.000133318301401
24732274,1791377053,0.000133302926559
24732331,1791377082,0.000133361546798
24732687,1791377263,0.000135643797614
24738378,1791380151,0.000135558171122
24743618,1791382809,0.000136246405106
24747102,1791384577,0.000136140032661
24747472,1791384764,0.000166952349324
24747472,1791384764,0.000166866897823
24747473,1791384765,0.000166850753478
24747473,1791384765,0.000166844721323
24747473,1791384765,0.000166838895226
24747475,1791384766,0.000166832416131
24747939,1791385001,0.00016695953053
24748415,1791385242,0.000181994935039
24748416,1791385243,0.000181981238419
24748417,1791385243,0.00018197810013
24748418,1791385244,0.000181975310861
24748419,1791385244,0.000181972749404
24748420,1791385245,0.000181971628944
24748749,1791385412,0.000169879691827
24748829,1791385452,0.000161840797095
24749346,1791385715,0.000161817559858
24749456,1791385770,0.000163979213182
24749717,1791385903,0.000169859211265
24749781,1791385935,0.00017179133624
24749884,1791385988,0.000171453857074
24749907,1791385999,0.000174040307389
24750171,1791386133,0.000175255616701
24750341,1791386219,0.000175231067454
24750458,1791386279,0.000175923300771
24750459,1791386279,0.000175921807095
24750507,1791386304,0.000183125673152
24750508,1791386304,0.000183123134418
24750519,1791386310,0.000183105019126
24750617,1791386359,0.000186968176467
24750618,1791386360,0.000186963852512
24750700,1791386402,0.000187030925583
24750703,1791386403,0.00018705770408
24750703,1791386403,0.000187326947944
24750705,1791386404,0.000187325362217
24750762,1791386433,0.000187302302732
24751372,1791386743,0.000179610467104
24751580,1791386848,0.000179325157183
24751872,1791386996,0.000179587785454
24751957,1791387039,0.000172361570422
24751974,1791387048,0.000176642715884
24751974,1791387048,0.000181495039124
24751974,1791387048,0.000177037394911
24752152,1791387138,0.000177020925472
24752341,1791387234,0.000189002241939
24752839,1791387487,0.000189543713952
24753389,1791387766,0.000188841881766
24753414,1791387779,0.000189112406161
24753651,1791387899,0.000189678277577
24753908,1791388029,0.000189814495889
24754117,1791388135,0.000192126969155
24754118,1791388136,0.000192122490419
24754119,1791388136,0.000192120519325
24754652,1791388407,0.000192027454748
24754970,1791388568,0.000205833497155
24754972,1791388569,0.000205821293059
24754973,1791388569,0.000205820027103
24754974,1791388570,0.0002058160581
24754975,1791388570,0.000205813482105
24754976,1791388571,0.000205810837743
24754981,1791388573,0.000209337033694
24754982,1791388574,0.000223741332033
24754982,1791388574,0.000238624853628
24754983,1791388574,0.000238593761472
24754984,1791388575,0.000238587053235
24754984,1791388575,0.000240349132472
24754984,1791388575,0.00024211769469
24754984,1791388575,0.000243892739887
24754984,1791388575,0.000245674268065
24754984,1791388575,0.000248425754487
24754984,1791388575,0.000251192563183
24754984,1791388575,0.000253974694154
24754984,1791388575,0.000256772147399
24754984,1791388575,0.000256768620689
24754984,1791388575,0.000256759917192
24754985,1791388575,0.000256750358013
24754985,1791388575,0.000259563014512
24754985,1791388575,0.000262390993301
24754985,1791388575,0.000265234294348
24754985,1791388575,0.000268092917657
24754986,1791388576,0.000268065701894
24754986,1791388576,0.000271281072608
24754986,1791388576,0.000321600285355
24754986,1791388576,0.00032474726103
24754986,1791388576,0.000327909558979
24754986,1791388576,0.000331087179203
24754986,1791388576,0.000334280121701
24754986,1791388576,0.000336970427555
24754986,1791388576,0.00033696658408
24754986,1791388576,0.00033695452675
24754987,1791388577,0.000336885249882
24754987,1791388577,0.00034048864287
24754987,1791388577,0.000343726493005
24754987,1791388577,0.000346979665415
24754987,1791388577,0.000349720496791
24754987,1791388577,0.000353001844989
24754987,1791388577,0.00035629851546
24754987,1791388577,0.000359075836385
24754987,1791388577,0.000362400682643
24754987,1791388577,0.00036613768804
24754987,1791388577,0.000369494994609
24754987,1791388577,0.000372867623434
24754987,1791388577,0.000372851188576
24754987,1791388577,0.000372821643169
24754987,1791388577,0.000372103621813
24754987,1791388577,0.000330673598267
24754987,1791388577,0.0003306769617
24754988,1791388577,0.000334247086462
24754988,1791388577,0.000343256262439
24754988,1791388577,0.00035238524423
24754989,1791388578,0.000352372321423
24754990,1791388578,0.000361620940537
24754990,1791388578,0.000371407480449
24754990,1791388578,0.00038132468466
24754990,1791388578,0.000391372553134
24754990,1791388578,0.000391281272979
24754990,1791388578,0.000393220218013
24754990,1791388578,0.000395592220596
24754990,1791388578,0.000398134899964
24754990,1791388578,0.000401455348684
24754990,1791388578,0.00040203307626
24754990,1791388578,0.000402450193671
24754990,1791388578,0.000402918244509
24754990,1791388578,0.000403419309192
24754990,1791388578,0.000393055663794
24754990,1791388578,0.000393045850344
24754990,1791388578,0.000393038266202
24754991,1791388579,0.000393018263407
24754991,1791388579,0.000398862356127
24754991,1791388579,0.00040474957894
24754991,1791388579,0.000414657461613
24754991,1791388579,0.0004246851501
24754991,1791388579,0.00042529020737
24754991,1791388579,0.000425811073427
24754991,1791388579,0.00042636335441
24754991,1791388579,0.000426826646143
24754991,1791388579,0.000427311558493
24754991,1791388579,0.000434424026114
24754991,1791388579,0.000441595198583
24754991,1791388579,0.00040359052945
24754991,1791388579,0.000403535252152
24754992,1791388579,0.000407972320578
24754992,1791388579,0.000407491775455
24754992,1791388579,0.000408975315826
24754992,1791388579,0.000417413365793
24754992,1791388579,0.000429013436606
24754992,1791388579,0.000430535614352
24754992,1791388579,0.000440752354335
24754992,1791388579,0.000449012006508
24754992,1791388579,0.000459444396956
24754992,1791388579,0.000459430856388
24754992,1791388579,0.000459416140505
24754993,1791388580,0.000475288878103
24754993,1791388580,0.000475153012898
24754993,1791388580,0.000496732932573
24754993,1791388580,0.000496087378142
24754993,1791388580,0.000496064102921
24754993,1791388580,0.00050042419385
24754994,1791388580,0.000500300070856
24754994,1791388580,0.00049971274683
24754994,1791388580,0.000499632211555
24754994,1791388580,0.000499045699454
24754994,1791388580,0.000485599234684
24754994,1791388580,0.000489913166464
24754994,1791388580,0.000489905270226
24754994,1791388580,0.000489897785775
24754994,1791388580,0.000591489370032
24754994,1791388580,0.000591468123806
24754994,1791388580,0.000591452953244
24754995,1791388581,0.000591326236178
24754995,1791388581,0.000590571597075
24754995,1791388581,0.000495515392308
24754996,1791388581,0.00050647168222
24754996,1791388581,0.000517547777946
24754996,1791388581,0.00051748615729
24754996,1791388581,0.000517480137979
24754997,1791388582,0.00053318692695
24754997,1791388582,0.000544549828906
24754997,1791388582,0.000565304963077
24754997,1791388582,0.000565179384615
24754997,1791388582,0.000569843834103
24754997,1791388582,0.00055523463081
24754997,1791388582,0.000554124664324
24754997,1791388582,0.000467393342673
24754998,1791388582,0.000466921574984
24754998,1791388582,0.000466455228218
24754998,1791388582,0.000487838926162
24754998,1791388582,0.000483254577174
24754998,1791388582,0.00047796887066
24754998,1791388582,0.000472707965308
24754998,1791388582,0.000467613304122
24754998,1791388582,0.000469732731981
24754999,1791388583,0.000469262168397
24754999,1791388583,0.000468792311554
24754999,1791388583,0.000468092121397
24754999,1791388583,0.000470212632856
24754999,1791388583,0.000472337936548
24754999,1791388583,0.000474468032473
24754999,1791388583,0.00047660292063
24754999,1791388583,0.00047874260102
24754999,1791388583,0.000480887073642
24754999,1791388583,0.000481423940584
24754999,1791388583,0.000476929509313
24754999,1791388583,0.00047176663503
24754999,1791388583,0.000466667780809
24754999,1791388583,0.000461591852104
24754999,1791388583,0.000461595316394
24755000,1791388583,0.000478748670155
24755000,1791388583,0.000470525395285
24755000,1791388583,0.000462641201285
24755000,1791388583,0.000462227447201
24755000,1791388583,0.000461860157347
24755000,1791388583,0.000458868912905
24755000,1791388583,0.000464126748709
24755000,1791388583,0.000469414535967
24755000,1791388583,0.000454786951319
24755001,1791388584,0.000461071902592
24755001,1791388584,0.000459440103337
24755001,1791388584,0.000461540948319
24755001,1791388584,0.000465757014981
24755001,1791388584,0.000469992250573
24755001,1791388584,0.000474246655095
24755001,1791388584,0.000478520228547
24755001,1791388584,0.000474087623842
24755001,1791388584,0.000469664599008
24755001,1791388584,0.000465370579506
24755001,1791388584,0.000461735607091
24755002,1791388584,0.000460437805105
24755002,1791388584,0.000459409190163
24755002,1791388584,0.000458299824873
24755002,1791388584,0.000457078911099
24755002,1791388584,0.000452272348776
24755002,1791388584,0.000448926286867
24755002,1791388584,0.000446086854206
24755002,1791388584,0.000442757559155
24755002,1791388584,0.00043950395235
24755003,1791388585,0.000439508139845
24755004,1791388585,0.000440791841765
24755004,1791388585,0.000439214998881
24755004,1791388585,0.000439218648208
24755005,1791388586,0.000440501927598
24755005,1791388586,0.000444621001256
24755005,1791388586,0.000448759243845
24755005,1791388586,0.000447054270201
24755005,1791388586,0.000449144450171
24755006,1791388586,0.000445446701891
24755006,1791388586,0.00044175117955
24755006,1791388586,0.000438157896573
24755006,1791388586,0.000435111813071
24755006,1791388586,0.000439205666867
24755007,1791388587,0.00044136689878
24755007,1791388587,0.000443616130811
24755007,1791388587,0.000446373940487
24755007,1791388587,0.000449514344449
24755007,1791388587,0.000452764895546
24755007,1791388587,0.000456383620278
24755007,1791388587,0.000433134311978
24755007,1791388587,0.000441322605128
24755008,1791388587,0.000442351533034
24755008,1791388587,0.000443381658998
24755008,1791388587,0.000444412983019
24755008,1791388587,0.000445445505099
24755008,1791388587,0.000446479225237
24755008,1791388587,0.000447514143434
24755008,1791388587,0.000449587574
24755008,1791388587,0.0004516657968
24755008,1791388587,0.000453748811832
24755008,1791388587,0.000455836619096
24755008,1791388587,0.000457929218593
24755008,1791388587,0.000467730154858
24755008,1791388587,0.000477011197275
24755008,1791388587,0.000477225041188
24755009,1791388588,0.000479626344235
24755009,1791388588,0.000482854348817
24755009,1791388588,0.000485751645079
24755009,1791388588,0.00048807893895
24755009,1791388588,0.000491612176331
24755009,1791388588,0.00049490022537
24755009,1791388588,0.000484889364549
24755009,1791388588,0.000491822927751
24755009,1791388588,0.000491818043597
24755010,1791388588,0.000496711461269
24755010,1791388588,0.00050162910248
24755010,1791388588,0.00050657096723
24755010,1791388588,0.000511537055543
24755010,1791388588,0.000513476340246
24755010,1791388588,0.000515419294003
24755010,1791388588,0.000522108704592
24755011,1791388589,0.00052715019419
24755011,1791388589,0.000532215907327
24755011,1791388589,0.000537305844003
24755011,1791388589,0.000542420004242
24755011,1791388589,0.000542399690681
24755011,1791388589,0.000542513377892
24755012,1791388589,0.000542501165786
24755012,1791388589,0.000542494096843
24755013,1791388590,0.000542484271429
24755013,1791388590,0.000542712317792
24755013,1791388590,0.0005500681622
24755013,1791388590,0.000561834741271
24755013,1791388590,0.000572604299451
24755013,1791388590,0.000574949366251
24755013,1791388590,0.000574936752611
24755013,1791388590,0.000574929254604
24755014,1791388590,0.0005843572799
24755014,1791388590,0.000584308081339
24755014,1791388590,0.000581311031981
24755014,1791388590,0.000577849023015
24755014,1791388590,0.000584930713005
24755014,1791388590,0.00057704342106
24755014,1791388590,0.000554930783794
24755014,1791388590,0.000556151538127
24755015,1791388591,0.00055337359473
24755015,1791388591,0.000554525691687
24755016,1791388591,0.000555678986702
24755016,1791388591,0.000556395007202
24755016,1791388591,0.000556477577041
24755017,1791388592,0.000559947137009
24755017,1791388592,0.000560085878873
24755017,1791388592,0.000561704823479
24755017,1791388592,0.00056214554179
24755017,1791388592,0.000562143675076
24755018,1791388592,0.000559738209863
24755018,1791388592,0.000556955717562
24755018,1791388592,0.000557078649629
24755019,1791388593,0.000544765955857
24755019,1791388593,0.00054590906203
24755020,1791388593,0.000548198868551
24755020,1791388593,0.000550493467305
24755020,1791388593,0.000552792858291
24755020,1791388593,0.000555097041509
24755020,1791388593,0.000557406016961
24755020,1791388593,0.000557406569534
24755020,1791388593,0.000557619973781
24755020,1791388593,0.000558185376848
24755021,1791388594,0.000548181276919
24755021,1791388594,0.000544129915045
24755021,1791388594,0.000541904138191
24755021,1791388594,0.000539665710825
24755021,1791388594,0.000537475632308
24755021,1791388594,0.000535608458105
24755021,1791388594,0.000533393223293
24755021,1791388594,0.00055638637105
24755021,1791388594,0.000556455083131
24755021,1791388594,0.000558732705934
24755021,1791388594,0.000572779502255
24755021,1791388594,0.000575135334496
24755021,1791388594,0.000671277630371
24755021,1791388594,0.000667659299283
24755021,1791388594,0.000667640554075
24755021,1791388594,0.000667624522876
24755022,1791388594,0.000664977557804
24755022,1791388594,0.000654114153277
24755022,1791388594,0.000654163520435
24755023,1791388595,0.000654082428881
24755023,1791388595,0.000651161051225
24755023,1791388595,0.000648248087285
24755023,1791388595,0.000645775524454
24755023,1791388595,0.000642864416518
24755023,1791388595,0.000645349051859
24755023,1791388595,0.000638222344422
24755023,1791388595,0.000631148194795
24755023,1791388595,0.000637584664095
24755023,1791388595,0.000641590491726
24755023,1791388595,0.000647167319253
24755023,1791388595,0.000649671189247
24755023,1791388595,0.000649795520092
24755023,1791388595,0.000649879779117
24755023,1791388595,0.000650222127612
24755023,1791388595,0.000651065272989
24755023,1791388595,0.000644463011994
24755023,1791388595,0.000646962907773
24755023,1791388595,0.000647387370116
24755024,1791388595,0.000648010258867
24755024,1791388595,0.000648234172399
24755024,1791388595,0.00064848370509
24755024,1791388595,0.000648577102974
24755024,1791388595,0.000648546624656
24755025,1791388596,0.000648534514609
24755025,1791388596,0.000646042949186
24755025,1791388596,0.000643594804098
24755025,1791388596,0.000641514803324
24755025,1791388596,0.00063910157561
24755025,1791388596,0.000644060422596
24755025,1791388596,0.000643814786553
24755025,1791388596,0.000646290886387
24755025,1791388596,0.000642627476698
24755025,1791388596,0.000637667323865
24755025,1791388596,0.000637715903849
24755025,1791388596,0.0006402014686
24755025,1791388596,0.00063528088745
24755025,1791388596,0.000646477276582
24755026,1791388596,0.000647722477847
24755026,1791388596,0.000647719059904
24755026,1791388596,0.000643101515485
24755026,1791388596,0.000655574903035
24755026,1791388596,0.000656483245466
24755027,1791388597,0.000656475661514
24755027,1791388597,0.000657454293997
24755027,1791388597,0.000655745158095
24755027,1791388597,0.00065428315967
24755027,1791388597,0.000654357544681
24755028,1791388597,0.000643193562878
24755028,1791388597,0.000643435747288
24755028,1791388597,0.000643753739807
24755029,1791388598,0.000648756834248
24755029,1791388598,0.000648859627904
24755029,1791388598,0.000648857299373
24755030,1791388598,0.000653854448434
24755030,1791388598,0.000653903651334
24755031,1791388599,0.000640128779722
24755031,1791388599,0.000626902751116
24755031,1791388599,0.000628128965047
24755031,1791388599,0.000603855938125
24755031,1791388599,0.0006039935006
24755031,1791388599,0.000574419113055
24755032,1791388599,0.000572535752172
24755032,1791388599,0.000570926248198
24755032,1791388599,0.000571630664946
24755032,1791388599,0.00057163763501
24755033,1791388600,0.000572808580245
24755033,1791388600,0.00057726909843
24755033,1791388600,0.000579500522249
24755033,1791388600,0.000579904219987
24755033,1791388600,0.000580927839796
24755033,1791388600,0.000581045495293
24755034,1791388600,0.000586960158659
24755034,1791388600,0.000573210108095
24755034,1791388600,0.000569800148201
24755034,1791388600,0.00057097395885
24755034,1791388600,0.000568689545443
24755034,1791388600,0.000568758904493
24755035,1791388601,0.000568761904731
24755035,1791388601,0.000568995227533
24755035,1791388601,0.000570092539631
24755036,1791388601,0.000568509138627
24755036,1791388601,0.000567155030292
24755036,1791388601,0.000566468599435
24755036,1791388601,0.00056658779406
24755037,1791388602,0.000566593840049
24755037,1791388602,0.000562876510222
24755037,1791388602,0.000536438900755
24755037,1791388602,0.000536620415191
24755037,1791388602,0.000536627670353
24755037,1791388602,0.000536631955041
24755038,1791388603,0.000537075139076
24755038,1791388603,0.000526996742405
24755038,1791388603,0.000527001725283
24755039,1791388603,0.000538352683536
24755039,1791388603,0.000538466003146
24755039,1791388603,0.000539036253155
24755040,1791388603,0.000532362565876
24755040,1791388603,0.000508447338901
24755040,1791388603,0.00050747349939
24755040,1791388603,0.000506342685512
24755040,1791388603,0.000499872092705
24755040,1791388603,0.00049248080427
24755040,1791388603,0.000485224775114
24755040,1791388603,0.00047804430481
24755040,1791388603,0.000478046178772
24755041,1791388604,0.000478470361688
24755041,1791388604,0.00047226111361
24755041,1791388604,0.00046613079857
24755041,1791388604,0.000460144045407
24755041,1791388604,0.000457376866589
24755041,1791388604,0.000459472994451
24755041,1791388604,0.000459482599365
24755041,1791388604,0.000459491517896
24755042,1791388604,0.000459502256662
24755043,1791388605,0.000480727776295
24755043,1791388605,0.000483763039687
24755043,1791388605,0.000483916030547
24755043,1791388605,0.000484059535429
24755043,1791388605,0.000477538912645
24755044,1791388605,0.0004829023432
24755044,1791388605,0.000504655579955
24755044,1791388605,0.000515711907054
24755044,1791388605,0.000538183978693
24755044,1791388605,0.000531931710078
24755045,1791388606,0.000531924211617
24755045,1791388606,0.000531918250345
24755046,1791388606,0.000532234404533
24755046,1791388606,0.000528507282337
24755047,1791388607,0.000526685816991
24755047,1791388607,0.000519523319895
24755047,1791388607,0.00051711559891
24755047,1791388607,0.000510119335662
24755047,1791388607,0.000510300024002
24755047,1791388607,0.00051052153657
24755048,1791388607,0.000511187727843
24755049,1791388608,0.000506860643152
24755049,1791388608,0.000515715318712
24755049,1791388608,0.000524646669992
24755050,1791388608,0.000509313000624
24755050,1791388608,0.000508346337946
24755050,1791388608,0.000507518642497
24755050,1791388608,0.000496449681733
24755050,1791388608,0.00050521334334
24755050,1791388608,0.000514053680668
24755050,1791388608,0.000514097474164
24755051,1791388609,0.000512817445881
24755051,1791388609,0.000511536263926
24755051,1791388609,0.000510271648669
24755051,1791388609,0.000509002936536
24755051,1791388609,0.000507733067373
24755051,1791388609,0.000506479625553
24755052,1791388609,0.000501841558488
24755052,1791388609,0.000496518973312
24755052,1791388609,0.00049706657684
24755053,1791388610,0.000514681414614
24755053,1791388610,0.000515171921165
24755054,1791388610,0.000515684797933
24755055,1791388611,0.000517910381616
24755055,1791388611,0.000526860638672
24755056,1791388612,0.000523693565569
24755056,1791388612,0.000532693441431
24755058,1791388613,0.000533913890508
24755058,1791388613,0.000535840353716
24755058,1791388613,0.00053704882352
24755058,1791388613,0.000538377738268
24755058,1791388613,0.000540198051703
24755058,1791388613,0.000542243520108
24755058,1791388613,0.000542310337465
24755058,1791388613,0.000542376929031
24755058,1791388613,0.000543522844413
24755058,1791388613,0.000543589186826
24755058,1791388613,0.000543678644541
24755058,1791388613,0.000544128893233
24755059,1791388613,0.000544817139541
24755060,1791388614,0.00054660099221
24755060,1791388614,0.000546713220351
24755061,1791388614,0.00054638407989
24755061,1791388614,0.00054867488138
24755062,1791388615,0.000571846469065
24755062,1791388615,0.000571840014864
24755063,1791388615,0.000567224356912
24755063,1791388615,0.000562781496628
24755063,1791388615,0.000558154460169
24755063,1791388615,0.000525246944974
24755063,1791388615,0.000525471709457
24755065,1791388616,0.000522908709592
24755065,1791388616,0.000518252164969
24755067,1791388617,0.000516483412384
24755067,1791388617,0.000513583378961
24755067,1791388617,0.000510552756988
24755067,1791388617,0.000507627180226
24755067,1791388617,0.000485945498178
24755067,1791388617,0.000486031567757
24755068,1791388618,0.000480398271244
24755068,1791388618,0.000467861275769
24755069,1791388618,0.000467867755851
24755069,1791388618,0.000447479065545
24755069,1791388618,0.000448753271618
24755070,1791388619,0.00044876073553
24755070,1791388619,0.000434394720623
24755070,1791388619,0.000434400518035
24755070,1791388619,0.000434604926447
24755071,1791388619,0.000434614378378
24755072,1791388620,0.000437681220159
24755074,1791388621,0.00043768280805
24755077,1791388622,0.000447983506342
24755078,1791388623,0.000443844365699
24755078,1791388623,0.000444050983946
24755078,1791388623,0.000444148771047
24755078,1791388623,0.00045457974749
24755079,1791388623,0.000454770395864
24755083,1791388625,0.000455821207418
24755083,1791388625,0.000455867304818
24755086,1791388627,0.000451618679735
24755086,1791388627,0.000452233051787
24755087,1791388627,0.000452782599338
24755087,1791388627,0.000452889826378
24755087,1791388627,0.000452974685815
24755088,1791388628,0.000467755834732
24755091,1791388629,0.000467548323154
24755092,1791388630,0.000467618048322
24755092,1791388630,0.000467723819788
24755096,1791388632,0.000467853605814
24755099,1791388633,0.000469082973016
24755100,1791388634,0.000471216458224
24755101,1791388634,0.000471232740793
24755103,1791388635,0.00047336034602
24755103,1791388635,0.00047549274348
24755104,1791388636,0.000477629933172
24755104,1791388636,0.000479771915096
24755104,1791388636,0.000479902397786
24755105,1791388636,0.000482049463524
24755105,1791388636,0.000484201321496
24755105,1791388636,0.000486357971699
24755106,1791388637,0.000486353817085
24755106,1791388637,0.000486988451382
24755109,1791388638,0.000491297695401
24755109,1791388638,0.000455386147427
24755111,1791388639,0.000455460374617
24755112,1791388640,0.000455465996753
24755112,1791388640,0.000453565242817
24755112,1791388640,0.000439701190519
24755112,1791388640,0.000437945222968
24755112,1791388640,0.000436244725362
24755112,1791388640,0.00043169007273
24755113,1791388640,0.000431710413861
24755113,1791388640,0.00043173075547
24755113,1791388640,0.000429740112887
24755113,1791388640,0.000427781584142
24755113,1791388640,0.000425904089075
24755113,1791388640,0.000424238346951
24755113,1791388640,0.000422516259774
24755113,1791388640,0.000420569774888
24755113,1791388640,0.000413380766598
24755113,1791388640,0.000406242246347
24755113,1791388640,0.00037732150091
24755113,1791388640,0.000371182572736
24755113,1791388640,0.000365129506888
24755113,1791388640,0.000365134307602
24755114,1791388641,0.000361937200905
24755114,1791388641,0.000358902601413
24755114,1791388641,0.000355360976948
24755114,1791388641,0.000351905730923
24755114,1791388641,0.000348532169399
24755114,1791388641,0.00034532215814
24755114,1791388641,0.000345333875047
24755114,1791388641,0.000351923005987
24755114,1791388641,0.000351933739076
24755114,1791388641,0.00035194185492
24755115,1791388641,0.000351953679043
24755117,1791388642,0.00035017612402
24755118,1791388643,0.000359396063559
24755118,1791388643,0.000330230066459
24755118,1791388643,0.000342800943506
24755118,1791388643,0.000347347450212
24755118,1791388643,0.000349091672805
24755119,1791388643,0.000362013261156
24755120,1791388644,0.000365748273635
24755122,1791388645,0.000365841894549
24755123,1791388646,0.000370538215485
24755124,1791388646,0.000371009494909
24755126,1791388647,0.000370773167883
24755126,1791388647,0.000372575184866
24755128,1791388648,0.00037636466344
24755129,1791388648,0.000346138077913
24755129,1791388648,0.000342570809059
24755129,1791388648,0.000314129026289
24755129,1791388648,0.000310962609926
24755129,1791388648,0.000307760638075
24755130,1791388649,0.000307769485177
24755130,1791388649,0.000307776314297
24755131,1791388650,0.000307783382819
24755132,1791388650,0.000307139384018
24755132,1791388650,0.000307397874173
24755133,1791388651,0.000307728863151
24755134,1791388651,0.000308588155453
24755135,1791388652,0.000308846176766
24755138,1791388653,0.000317508587165
24755138,1791388653,0.000317634664525
24755139,1791388654,0.000317983722165
24755139,1791388654,0.000317902225974
24755139,1791388654,0.000317575443748
24755139,1791388654,0.000319296095316
24755140,1791388654,0.000328149538758
24755140,1791388654,0.000328189634384
24755143,1791388656,0.000332638515064
24755143,1791388656,0.000339819023175
24755143,1791388656,0.000347076207006
24755143,1791388656,0.000347167285726
24755144,1791388656,0.000347163896821
24755144,1791388656,0.000384789199439
24755145,1791388657,0.000384781749842
24755145,1791388657,0.000384774422764
24755145,1791388657,0.000384966484665
24755146,1791388657,0.000383769467606
24755147,1791388658,0.000383763168314
24755148,1791388658,0.000383405808302
24755149,1791388659,0.000382943701055
24755151,1791388660,0.000378942930863
24755152,1791388660,0.000354526770951
24755152,1791388660,0.000332218953733
24755152,1791388660,0.000332308034004
24755152,1791388660,0.000332819249856
24755152,1791388660,0.000332823777901
24755153,1791388661,0.000337303852932
24755153,1791388661,0.000326550557792
24755154,1791388661,0.000326555199796
24755156,1791388662,0.000326632603353
24755157,1791388663,0.000331990191566
24755157,1791388663,0.000332169677078
24755158,1791388663,0.000332485104525
24755161,1791388665,0.000333382490535
24755162,1791388665,0.00033428137872
24755162,1791388665,0.000334640821365
24755167,1791388668,0.00033822683046
24755167,1791388668,0.000341232716702
24755168,1791388668,0.000341595826277
24755168,1791388668,0.000342687578064
24755170,1791388669,0.000342890756548
24755171,1791388670,0.000343144602487
24755172,1791388670,0.000348241246109
24755177,1791388673,0.000348003508616
24755182,1791388675,0.000344356891222
24755182,1791388675,0.000345764266764
24755185,1791388677,0.000322328900275
24755186,1791388677,0.000322097794522
24755186,1791388677,0.000322100454642
24755188,1791388678,0.000312229730377
24755191,1791388680,0.000313095279543
24755191,1791388680,0.000295702779185
24755193,1791388681,0.000295753036192
24755196,1791388682,0.000294739546295
24755196,1791388682,0.000285942263494
24755197,1791388683,0.000285947521401
24755198,1791388683,0.000285951691665
24755198,1791388683,0.00028590339718
24755199,1791388684,0.000285907876477
24755201,1791388685,0.000286718409706
24755203,1791388686,0.000286283121062
24755204,1791388686,0.000286968063718
24755208,1791388689,0.000290294535516
24755208,1791388689,0.000307214428461
24755208,1791388689,0.000307111016355
24755210,1791388690,0.000306456142503
24755213,1791388691,0.000313349806126
24755213,1791388691,0.000303555567417
24755215,1791388692,0.000320852194451
24755216,1791388693,0.000325251229844
24755216,1791388693,0.000325247875803
24755217,1791388693,0.000325245287381
24755218,1791388694,0.000326799197046
24755220,1791388695,0.000330365015348
24755221,1791388695,0.000330588707211
24755224,1791388697,0.000331657589352
24755224,1791388697,0.000333359733638
24755226,1791388698,0.000333562880877
24755227,1791388698,0.00033804791099
24755231,1791388700,0.000338681390127
24755232,1791388701,0.000338804273531
24755235,1791388702,0.000338858336135
24755235,1791388702,0.000347929032432
24755235,1791388702,0.000348935513033
24755240,1791388705,0.000367462716769
24755241,1791388705,0.000367457677565
24755242,1791388706,0.000369336742349
24755242,1791388706,0.000369333161458
24755243,1791388706,0.000371225489494
24755244,1791388707,0.000373114151168
24755244,1791388707,0.00037311073169
24755247,1791388708,0.000373490948481
24755248,1791388709,0.000375385357009
24755248,1791388709,0.000385006311639
24755249,1791388709,0.000385004445795
24755249,1791388709,0.000396678167577
24755250,1791388710,0.000396672503776
24755251,1791388710,0.000397652633067
24755252,1791388711,0.000396648950705
24755253,1791388711,0.000396644043738
24755254,1791388712,0.000396640541054
24755254,1791388712,0.000388763277556
24755254,1791388712,0.000389150711273
24755257,1791388713,0.000389436443312
24755259,1791388715,0.000390019767751
24755262,1791388716,0.000390050203045
24755263,1791388716,0.000390379961641
24755270,1791388720,0.0003910018582
24755271,1791388720,0.000391004601923
24755272,1791388721,0.000392133620783
24755279,1791388725,0.000391479888382
24755281,1791388726,0.000391665550439
24755286,1791388728,0.000384036253787
24755291,1791388731,0.000384112746968
24755295,1791388733,0.000384497857587
24755296,1791388733,0.000386414179096
24755298,1791388734,0.000386918640773
24755300,1791388735,0.000383068616771
24755300,1791388735,0.000382877973227
24755301,1791388736,0.000382880873491
24755304,1791388737,0.00036658799577
24755304,1791388737,0.000366627566536
24755305,1791388738,0.000366630577141
24755307,1791388739,0.0003597176608
24755307,1791388739,0.000359811009818
24755308,1791388739,0.000359814451611
24755308,1791388739,0.000361683299505
24755310,1791388741,0.000362167862734
24755312,1791388741,0.000378694413879
24755312,1791388741,0.000325235953999
24755313,1791388742,0.000325335389977
24755313,1791388742,0.000325198407062
24755314,1791388742,0.000325203295
24755315,1791388743,0.000325208391604
24755315,1791388743,0.000327409888976
24755316,1791388743,0.000327332208976
24755318,1791388744,0.000327423400851
24755318,1791388744,0.000327392386799
24755318,1791388744,0.000327361044613
24755318,1791388744,0.000327329818578
24755318,1791388744,0.000327288026424
24755319,1791388745,0.000327284868183
24755319,1791388745,0.000327326836854
24755319,1791388745,0.000327274843246
24755323,1791388747,0.000326376792391
24755324,1791388747,0.000327261719834
24755332,1791388751,0.00032743569076
24755333,1791388752,0.000326641267084
24755334,1791388752,0.000325743685236
24755336,1791388753,0.000327966253286
24755336,1791388753,0.000312967570399
24755338,1791388754,0.000319823402266
24755339,1791388755,0.000319771941393
24755340,1791388755,0.000316894896221
24755340,1791388755,0.000316570441208
24755341,1791388756,0.000297387675366
24755342,1791388756,0.000297409578447
24755343,1791388757,0.000297411729046
24755344,1791388758,0.000302498860826
24755346,1791388759,0.000304198873099
24755349,1791388760,0.000304473475565
24755350,1791388761,0.000299235189218
24755351,1791388761,0.00029933675976
24755357,1791388764,0.00029930528357
24755358,1791388765,0.000301001567651
24755358,1791388765,0.000302702644923
24755359,1791388765,0.000302607025933
24755360,1791388766,0.000306022679383
24755360,1791388766,0.000305785166893
24755362,1791388767,0.000305609596338
24755365,1791388768,0.000305536523633
24755365,1791388768,0.000305482322625
24755366,1791388769,0.000304985154973
24755367,1791388769,0.00030445382576
24755367,1791388769,0.000290433410214
24755368,1791388770,0.000290358612182
24755371,1791388771,0.000289981831406
24755372,1791388772,0.000289942771906
24755373,1791388772,0.000261584902825
24755374,1791388773,0.000261675188443
24755374,1791388773,0.000260311278649
24755374,1791388773,0.00026031692963
24755374,1791388773,0.000260255596173
24755375,1791388773,0.000259144094058
24755375,1791388773,0.00025914842564
24755375,1791388773,0.000259154228712
24755376,1791388774,0.000259156096291
24755376,1791388774,0.000283561397654
24755376,1791388774,0.000283594032431
24755377,1791388774,0.000291897261593
24755378,1791388775,0.00030032029657
24755378,1791388775,0.000300317179032
24755380,1791388776,0.000300292012705
24755382,1791388777,0.000300229218087
24755383,1791388777,0.000300224822311
24755383,1791388777,0.000303627042528
24755383,1791388777,0.000302740378228
24755384,1791388778,0.000304446184041
24755385,1791388778,0.0003044287718
24755385,1791388778,0.000304599611069
24755385,1791388778,0.00030472997994
24755386,1791388779,0.000305152146009
24755390,1791388781,0.000305031876297
24755394,1791388783,0.000306401285215
24755395,1791388784,0.000299433101021
24755395,1791388784,0.000299378863854
24755397,1791388784,0.000299300064188
24755400,1791388786,0.000299367816156
24755401,1791388786,0.000286861147801
24755403,1791388787,0.000287759232114
24755403,1791388787,0.000287006564107
24755407,1791388789,0.000286934260853
24755407,1791388789,0.000285779533571
24755410,1791388791,0.000286577123511
24755414,1791388793,0.000286580440651
24755415,1791388793,0.000286359334149
24755420,1791388796,0.000285615054128
24755421,1791388797,0.000285648170677
24755425,1791388799,0.000285600211244
24755426,1791388799,0.000285421238635
24755433,1791388803,0.000285502839678
24755436,1791388804,0.000286777997679
24755440,1791388806,0.000286816342618
24755442,1791388807,0.000286565272676
24755443,1791388808,0.000293125858188
24755444,1791388808,0.000306425578164
24755446,1791388810,0.000305306057086
24755448,1791388810,0.000305480295477
24755451,1791388812,0.000315684593157
24755452,1791388812,0.000316296770086
24755452,1791388812,0.000316274480803
24755453,1791388813,0.000323277095197
24755454,1791388813,0.000323245180054
24755455,1791388814,0.000323240983288
24755455,1791388814,0.000322919401213
24755456,1791388814,0.000322916698829
24755457,1791388815,0.000322915361661
24755459,1791388816,0.0003230255377
24755460,1791388816,0.000324787486884
24755461,1791388817,0.000324790033551
24755461,1791388817,0.000324669160317
24755463,1791388818,0.000325694546526
24755464,1791388818,0.000326578549203
24755480,1791388827,0.000328350148731
24755482,1791388827,0.000311253321009
24755490,1791388831,0.000304669768215
24755491,1791388832,0.000304673725123
24755492,1791388833,0.000304676191674
24755497,1791388835,0.000289372500404
24755499,1791388836,0.000289409004068
24755507,1791388840,0.000291085318037
24755508,1791388841,0.00029076799181
24755509,1791388841,0.00029154078978
24755517,1791388845,0.000295734777448
24755518,1791388846,0.000293673662088
24755521,1791388847,0.000294468056569
24755533,1791388853,0.000294633006924
24755535,1791388854,0.000294801466411
24755536,1791388855,0.000294769181304
24755539,1791388856,0.000294508276087
24755540,1791388857,0.000289302129235
24755549,1791388861,0.000289447715977
24755553,1791388863,0.000289196155165
24755570,1791388872,0.00028952922491
24755572,1791388873,0.000295751809119
24755580,1791388877,0.000299128661258
24755581,1791388878,0.000300154192357
24755582,1791388878,0.000300238903998
24755593,1791388884,0.000300272266556
24755594,1791388884,0.000300966404802
24755596,1791388885,0.000301068359305
24755599,1791388887,0.000318471414434
24755602,1791388888,0.000314817409589
24755602,1791388888,0.000316239993374
24755603,1791388889,0.000314434258727
24755605,1791388890,0.000315045222713
24755611,1791388893,0.000308207393013
24755611,1791388893,0.00030823900923
24755618,1791388896,0.000308185536415
24755618,1791388896,0.000365393254333
24755619,1791388897,0.000365207010726
24755620,1791388897,0.000365199894461
24755621,1791388898,0.000365192467135
24755624,1791388900,0.000358452963588
24755624,1791388900,0.000356261741421
24755624,1791388900,0.000354078319323
24755626,1791388901,0.000349732716955
24755628,1791388901,0.000349065818416
24755630,1791388902,0.000349432943133
24755631,1791388903,0.000350460947988
24755633,1791388904,0.000348507684103
24755637,1791388906,0.000348965520996
24755637,1791388906,0.000349238134107
24755639,1791388907,0.000350397533851
24755645,1791388910,0.000351628035222
24755645,1791388910,0.000351967640111
24755647,1791388911,0.000352151742784
24755648,1791388912,0.000355340721062
24755649,1791388912,0.000356638104184
24755650,1791388913,0.000357282596589
24755650,1791388913,0.000357356404538
24755655,1791388915,0.00035916209705
24755659,1791388917,0.000359469076991
24755659,1791388917,0.000359509012084
24755659,1791388917,0.000360448705994
24755659,1791388917,0.000362319087715
24755662,1791388919,0.000364286662409
24755665,1791388920,0.000364381065526
24755666,1791388921,0.000363341504652
24755674,1791388925,0.000363434690013
24755680,1791388928,0.000363471646492
24755681,1791388928,0.000363910386051
24755691,1791388933,0.000363705157185
24755692,1791388934,0.000363798445691
24755692,1791388934,0.000366485627869
24755697,1791388936,0.000365354599228
24755700,1791388938,0.00036538395065
24755706,1791388941,0.000366122957135
24755716,1791388946,0.000365709202924
24755729,1791388953,0.000365750591925
24755731,1791388954,0.000362843678237
24755733,1791388955,0.000362800203338
24755736,1791388956,0.000362855865861
24755740,1791388958,0.000360208434055
24755741,1791388959,0.000359925644047
24755742,1791388959,0.000358809739236
24755746,1791388961,0.000352385443857
24755746,1791388961,0.000350390953482
24755747,1791388962,0.000345474058595
24755748,1791388962,0.000345677091449
24755750,1791388963,0.00034591838832
24755750,1791388963,0.000347016462685
24755750,1791388963,0.000344614640192
24755751,1791388964,0.000348259026988
24755754,1791388965,0.00033452676903
24755755,1791388966,0.000334658296351
24755759,1791388968,0.000338249791349
24755766,1791388971,0.000330757890687
24755768,1791388972,0.000303444796828
24755768,1791388972,0.000303615745306
24755769,1791388973,0.00030371859784
24755769,1791388973,0.000302917517893
24755769,1791388973,0.000303088243601
24755771,1791388974,0.000303094091657
24755772,1791388975,0.000303876474439
24755773,1791388975,0.000303879349343
24755773,1791388975,0.000302272549029
24755773,1791388975,0.000300784828782
24755773,1791388975,0.000300742344771
24755776,1791388977,0.000300507608684
24755778,1791388978,0.000299691233725
24755782,1791388980,0.000294957587223
24755783,1791388980,0.000295037636118
24755791,1791388984,0.000294162944273
24755795,1791388986,0.00029407620541
24755798,1791388988,0.000294193352128
24755800,1791388989,0.000293432181964
24755800,1791388989,0.000293114482258
24755802,1791388990,0.000294801431722
24755803,1791388991,0.000294885355529
24755806,1791388992,0.000295222802842
24755809,1791388993,0.00029532371309
24755810,1791388994,0.000295407732162
24755812,1791388995,0.000298798432934
24755817,1791388997,0.000297041042797
24755818,1791388998,0.000295685217104
24755818,1791388998,0.000296272762551
24755824,1791389001,0.000296611158309
24755826,1791389002,0.000296644540428
24755833,1791389005,0.000295185572096
24755833,1791389005,0.000295297812202
24755836,1791389007,0.000301526362831
24755841,1791389010,0.00030126368179
24755844,1791389011,0.000305546845082
24755847,1791389013,0.000305478344067
24755860,1791389019,0.000305510488868
24755864,1791389021,0.00030539237666
24755865,1791389022,0.000305313896268
24755867,1791389023,0.000301812012777
24755867,1791389023,0.000302649427593
24755869,1791389024,0.000302453659391
24755870,1791389024,0.000302555789041
24755871,1791389025,0.000302669708964
24755875,1791389027,0.000302323467054
24755876,1791389027,0.000298101614154
24755878,1791389028,0.000298013738234
24755880,1791389029,0.000306564746647
24755881,1791389030,0.000309344716186
24755882,1791389030,0.000305408213343
24755882,1791389030,0.000305441989121
24755883,1791389031,0.000305764309488
24755888,1791389034,0.000302279280037
24755897,1791389038,0.000302347178562
24755904,1791389041,0.000302421569738
24755921,1791389050,0.000302154564866
24755926,1791389053,0.000294532520381
24755936,1791389058,0.000294644263296
24755939,1791389060,0.000294750110448
24755944,1791389062,0.000303258815123
24755949,1791389064,0.0003028878901
24755953,1791389066,0.000280783424136
24755954,1791389067,0.000280821818242
24755954,1791389067,0.000280069335694
24755954,1791389067,0.000279968637235
24755955,1791389067,0.00027997080602
24755966,1791389073,0.000279928578636
24755970,1791389075,0.000275308750913
24755971,1791389075,0.000273990028206
24755983,1791389082,0.000273876669744
24755985,1791389083,0.000273253056526
24755986,1791389083,0.000273399461223
24755986,1791389083,0.00027354590513
24755989,1791389085,0.000261613003195
24755990,1791389085,0.000261640122377
24755990,1791389085,0.000261687919455
24755992,1791389086,0.000261690636444
24755998,1791389089,0.000261056406332
24755998,1791389089,0.000259936836236
24755998,1791389089,0.000259873277557
24756004,1791389092,0.000260662981516
24756011,1791389096,0.000260741916448
24756011,1791389096,0.00026118661843
24756012,1791389096,0.000260373181223
24756012,1791389096,0.000260452005238
24756012,1791389096,0.000260530841182
24756013,1791389097,0.000263700836227
24756019,1791389100,0.000266103154588
24756024,1791389103,0.000266176736466
24756025,1791389103,0.000266240450245
24756030,1791389105,0.00026643261302
24756040,1791389110,0.000267883556434
24756041,1791389111,0.000267644281026
24756041,1791389111,0.000267675988279
24756047,1791389114,0.0002665678752
24756054,1791389118,0.000268163878547
24756059,1791389120,0.00026685276856
24756060,1791389121,0.00026739306478
24756066,1791389124,0.000267229064769
24756077,1791389129,0.00026712764737
24756086,1791389134,0.000267082034938
24756089,1791389135,0.000266939589635
24756092,1791389137,0.000266882211024
24756094,1791389138,0.00026591836451
24756100,1791389141,0.000253571669641
24756105,1791389143,0.000253649577726
24756106,1791389144,0.000253640417196
24756106,1791389144,0.000242645726099
24756107,1791389144,0.000242648552503
24756108,1791389145,0.000242650930504
24756109,1791389146,0.000242653376576
24756113,1791389148,0.000242873808065
24756116,1791389149,0.000241611832326
24756117,1791389150,0.000241528615455
24756123,1791389153,0.000241074149592
24756126,1791389154,0.000241303945428
24756142,1791389162,0.000240909023864
24756145,1791389164,0.000229397193705
24756156,1791389169,0.000229330021304
24756159,1791389171,0.000229479051002
24756162,1791389172,0.000227752659829
24756163,1791389173,0.000247210628793
24756168,1791389175,0.000238109011753
24756172,1791389177,0.000239094376971
24756177,1791389180,0.000239124319447
24756177,1791389180,0.000239504319098
24756180,1791389182,0.000239396109133
24756188,1791389186,0.000240920935105
24756208,1791389196,0.000242675203536
24756214,1791389199,0.000242643858648
24756216,1791389200,0.000242524447353
24756222,1791389203,0.000242471563973
24756238,1791389211,0.000243453133501
24756251,1791389218,0.000242859936339
24756254,1791389219,0.000242890138332
24756256,1791389220,0.000246739550543
24756262,1791389223,0.000246521688952
24756270,1791389227,0.00024647084307
24756283,1791389234,0.000247243565378
24756295,1791389240,0.000246582940482
24756305,1791389245,0.000246618641795
24756313,1791389249,0.000260333629015
24756315,1791389250,0.000260331098471
24756324,1791389255,0.000260481400905
24756326,1791389256,0.000259340587696
24756332,1791389259,0.000260926721827
24756348,1791389267,0.000263316437775
24756354,1791389270,0.000263278672329
24756358,1791389272,0.000264869585127
24756403,1791389295,0.000264645288606
24756415,1791389301,0.000267840141367
24756420,1791389303,0.000268465371076
24756421,1791389304,0.000268581326148
24756424,1791389305,0.000284865277433
24756425,1791389306,0.000284861818044
24756426,1791389306,0.000285506597534
24756426,1791389306,0.000285503741183
24756427,1791389307,0.00028550108192
24756430,1791389308,0.000285666913265
24756432,1791389310,0.000280904453559
24756434,1791389310,0.000277420251641
24756440,1791389313,0.00028563325936
24756441,1791389314,0.000302418692241
24756442,1791389314,0.000302415143778
24756443,1791389315,0.000302755738515
24756443,1791389315,0.000303096524942
24756443,1791389315,0.000303094991317
24756444,1791389315,0.000303092021173
24756445,1791389316,0.000315140221718
24756445,1791389316,0.000315137635124
24756446,1791389316,0.00031949745382
24756447,1791389317,0.000319494111772
24756448,1791389317,0.000319491466373
24756449,1791389318,0.000328300876142
24756449,1791389318,0.000328215079684
24756451,1791389319,0.000332664132246
24756451,1791389319,0.000332660594293
24756453,1791389320,0.000333019615111
24756454,1791389321,0.000334817623655
24756455,1791389321,0.000343834434277
24756455,1791389321,0.000343832944721
24756456,1791389322,0.000343828069158
24756457,1791389322,0.000343823949251
24756459,1791389323,0.000314912923751
24756460,1791389324,0.000314875875912
24756465,1791389326,0.00031835989089
24756465,1791389326,0.000318214177737
24756479,1791389333,0.000317672410966
24756479,1791389333,0.000317812239964
24756483,1791389336,0.000317563398433
24756488,1791389338,0.000317177599592
24756490,1791389339,0.000308181978693
24756494,1791389341,0.000308136582747
24756498,1791389343,0.000304818591816
24756499,1791389343,0.000304821419133
24756504,1791389346,0.000310833161603
24756504,1791389346,0.000316903608921
24756506,1791389347,0.0003166910027
24756509,1791389348,0.000314611934038
24756522,1791389355,0.000326884752745
24756531,1791389360,0.0003295680818
24756548,1791389368,0.000329541901715
24756549,1791389369,0.000331321509935
24756555,1791389372,0.00033141050689
24756568,1791389379,0.000377464170908
24756570,1791389379,0.000377454577843
24756570,1791389379,0.000377447417612
24756571,1791389380,0.000377440593161
24756572,1791389380,0.000377438697666
24756575,1791389382,0.000370219353105
24756577,1791389383,0.000370176851114
24756581,1791389385,0.000365664248078
24756595,1791389392,0.0003732520534
24756605,1791389397,0.00037514585674
24756605,1791389397,0.000374463501173
24756611,1791389400,0.000380168488716
24756613,1791389401,0.00038010878453
24756625,1791389407,0.000379630232888
24756625,1791389407,0.000379152047121
24756628,1791389409,0.000379858490979
24756629,1791389409,0.000380099694331
24756629,1791389409,0.000380048958651
24756630,1791389410,0.000377691147236
24756634,1791389412,0.000375987903172
24756635,1791389412,0.000375573686328
24756636,1791389413,0.000375331460867
24756645,1791389417,0.000374364956817
24756647,1791389418,0.000374313723719
24756648,1791389419,0.00037427157867
24756653,1791389422,0.000383898296934
24756653,1791389422,0.000380526433409
24756656,1791389423,0.000378591793542
24756663,1791389427,0.000377124436994
24756663,1791389427,0.000377076587019
24756663,1791389427,0.000377567839711
24756677,1791389434,0.000376302799102
24756678,1791389434,0.000376537685643
24756686,1791389438,0.000374393876611
24756696,1791389443,0.000375792690778
24756701,1791389446,0.000375713779928
24756702,1791389446,0.000374874884019
24756714,1791389452,0.000375348912404
24756717,1791389454,0.0003754436845
24756728,1791389460,0.000375402548407
24756738,1791389465,0.000380266482259
24756746,1791389469,0.000369297410126
24756746,1791389469,0.000369066414152
24756755,1791389474,0.000368837318532
24756759,1791389475,0.000353340613047
24756797,1791389495,0.000353293634515
24756827,1791389510,0.000354993002372
24756835,1791389514,0.000355047494753
24756840,1791389517,0.000381964161298
24756847,1791389520,0.000384854352906
24756852,1791389523,0.000385218321986
24756858,1791389526,0.000385306918737
24756859,1791389526,0.000385395525676
24756861,1791389527,0.000385588136856
24756863,1791389528,0.000385338544161
24756864,1791389529,0.000385566686364
24756870,1791389532,0.00038575542792
24756873,1791389533,0.000387667601383
24756873,1791389533,0.000389474231988
24756884,1791389539,0.000399241077014
24756889,1791389541,0.000399417497114
24756893,1791389543,0.000400410140299
24756903,1791389548,0.000400503312466
24756918,1791389556,0.000400601199362
24756926,1791389560,0.000400828319358
24756930,1791389562,0.000403032535319
24756939,1791389567,0.00040328872504
24756950,1791389572,0.000399227596365
24756962,1791389578,0.000401392039198
24756972,1791389583,0.000399377559273
24757006,1791389601,0.000396322555601
24757010,1791389603,0.000395951839166
24757012,1791389604,0.000396403461042
24757014,1791389605,0.00039659939007
24757021,1791389608,0.000396496496305
24757038,1791389617,0.00039659386961
24757038,1791389617,0.00039669125487
24757038,1791389617,0.000396788604133
24757047,1791389622,0.000396886055446
24757050,1791389623,0.000437069352439
24757051,1791389624,0.000437062599967
24757052,1791389624,0.00043705991124
24757052,1791389624,0.000434787080306
24757052,1791389624,0.000434863944907
24757053,1791389625,0.000434859585482
24757095,1791389646,0.000435778764903
24757098,1791389647,0.000435878240969
24757111,1791389654,0.00043565154844
24757112,1791389655,0.000435578322362
24757116,1791389657,0.000437634291201
24757118,1791389658,0.00043926767704
24757122,1791389660,0.000438129838954
24757132,1791389665,0.000438066932799
24757138,1791389668,0.000421851859086
24757139,1791389668,0.000422153559749
24757147,1791389672,0.000421892191323
24757153,1791389675,0.000421630547892
24757155,1791389676,0.000421295197806
24757160,1791389679,0.000423317216879
24757160,1791389679,0.000433502156868
24757165,1791389681,0.00042998537522
24757167,1791389682,0.000425360281445
24757168,1791389683,0.000427402242665
24757170,1791389684,0.000424591101656
24757187,1791389693,0.000424225679826
24757205,1791389702,0.000417711995828
24757212,1791389705,0.000401165127557
24757219,1791389709,0.000402146154193
24757222,1791389710,0.000402342976018
24757233,1791389716,0.000386692185604
24757234,1791389716,0.0003866961421
24757235,1791389717,0.000386699543789
24757237,1791389718,0.000379103160101
24757239,1791389719,0.000379071092702
24757241,1791389720,0.000380024738643
24757246,1791389722,0.000379797851893
24757246,1791389722,0.000379947515531
24757252,1791389726,0.000359433847115
24757253,1791389726,0.000359438705778
24757254,1791389727,0.000359442045762
24757257,1791389728,0.000359366788039
24757267,1791389733,0.000359312685329
24757267,1791389733,0.000360356649038
24757272,1791389736,0.000360424611754
24757279,1791389739,0.000360516175343
24757304,1791389752,0.00036038447111
24757308,1791389754,0.000356394893746
24757309,1791389754,0.000356165142433
24757311,1791389755,0.000355120041552
24757318,1791389759,0.00037165567952
24757333,1791389767,0.000371144801841
24757336,1791389768,0.000371329990032
24757337,1791389769,0.000371147961666
24757349,1791389775,0.000364802492268
24757353,1791389777,0.000365271774734
24757362,1791389781,0.000394282939509
24757363,1791389782,0.000394279081875
24757374,1791389787,0.000394468955075
24757376,1791389788,0.000396424594889
24757389,1791389795,0.000396041037102
24757394,1791389798,0.000396138349219
24757401,1791389801,0.000396055461417
24757407,1791389804,0.000397131867719
24757428,1791389815,0.00039697193765
24757430,1791389816,0.000397005098209
24757447,1791389824,0.000397076752767
24757456,1791389829,0.00039706884928
24757459,1791389831,0.000396848427998
24757469,1791389836,0.000389067946753
24757471,1791389837,0.000310732404049
24757472,1791389837,0.000310742712186
24757472,1791389837,0.00031075033706
24757473,1791389838,0.000310756968059
24757478,1791389840,0.000310791165557
24757501,1791389852,0.000310615021883
24757506,1791389854,0.000291507654475
24757507,1791389855,0.00029151130314
24757508,1791389855,0.000291514787999
24757509,1791389856,0.000291517688157
24757510,1791389856,0.000291467164778
24757515,1791389859,0.000291338376531
24757515,1791389859,0.000291371464419
24757520,1791389862,0.000288105234056
24757526,1791389865,0.000290616056701
24757532,1791389868,0.000311093159337
24757533,1791389868,0.000311090079743
24757535,1791389869,0.000309999791706
24757548,1791389876,0.000289128237447
24757548,1791389876,0.000283834695651
24757560,1791389882,0.000284663848399
24757566,1791389885,0.000293067250382
24757586,1791389895,0.000293487927078
24757588,1791389896,0.000295199827517
24757595,1791389900,0.000280356519571
24757596,1791389900,0.000280358885643
24757618,1791389911,0.00028026240231
24757625,1791389915,0.000278086049833
24757630,1791389917,0.000278113804326
24757636,1791389920,0.000281388704736
24757638,1791389921,0.000281398558277
24757652,1791389928,0.000285374435948
24757655,1791389930,0.000286185505027
24757664,1791389935,0.000287434491737
24757673,1791389939,0.000290162993421
24757677,1791389941,0.000291840610642
24757687,1791389946,0.000292176323715
24757687,1791389946,0.000293860548335
24757688,1791389947,0.000295505557692
24757711,1791389958,0.000296368817773
24757718,1791389962,0.000296595129742
24757722,1791389964,0.000297438745033
24757723,1791389964,0.000297357717025
24757736,1791389971,0.000298202415376
24757737,1791389972,0.000299903968875
24757740,1791389973,0.000299988632088
24757744,1791389975,0.000299891671569
24757749,1791389978,0.000304167318772
24757758,1791389983,0.000304050073704
24757823,1791390015,0.000296194638944
24757860,1791390034,0.000297890462709
24757874,1791390041,0.000297634033237
24757880,1791390044,0.000291288664762
24757892,1791390050,0.000290931081244
24757894,1791390052,0.000291014495648
24757900,1791390054,0.000291083253703
24757903,1791390056,0.00029108743204
24757904,1791390056,0.000291091343592
24757954,1791390082,0.000291678545498
24757971,1791390090,0.000292098190499
24757994,1791390102,0.000292148005063
24757998,1791390104,0.000290786831836
24758013,1791390112,0.000289128925517
24758021,1791390116,0.000290804429327
24758035,1791390123,0.000299632360207
24758083,1791390147,0.000299890694235
24758086,1791390149,0.000299928655512
24758093,1791390152,0.000300098587285
24758095,1791390153,0.000298766248851
24758095,1791390153,0.000298935801387
24758134,1791390173,0.000299786689959
24758154,1791390183,0.000291385936175
24758180,1791390196,0.000291338797026
24758224,1791390219,0.000283132670886
24758244,1791390229,0.000283795315534
24758275,1791390245,0.000283312099099
24758276,1791390245,0.000283093517695
24758279,1791390247,0.000282023122376
24758285,1791390250,0.000283118555673
24758307,1791390261,0.000281907742503
24758323,1791390269,0.00028185153001
24758337,1791390276,0.000281265126934
24758351,1791390283,0.000281038024017
24758359,1791390287,0.000280941785543
24758379,1791390297,0.000280806958295
24758395,1791390305,0.000281192273703
24758401,1791390308,0.000282022234963
24758518,1791390368,0.000281786015523
24758556,1791390387,0.000281721835488
24758568,1791390393,0.00028090549422
24758580,1791390399,0.000280509728514
24758696,1791390458,0.000279739523582
24758727,1791390474,0.000279623175612
24758744,1791390483,0.000279566089689
24758769,1791390495,0.000285159300537
24758802,1791390512,0.00028497700628
24758812,1791390517,0.000295081262141
24758824,1791390523,0.000295039676884
24758827,1791390525,0.000295167463767
24758864,1791390543,0.000296856580902
24758891,1791390557,0.000296756269992
24758899,1791390561,0.000298445156582
24758909,1791390566,0.000297953105095
24758919,1791390571,0.000297998446697
24758919,1791390571,0.000302260636871
24759012,1791390618,0.000302893910851
24759019,1791390622,0.000303666043834
24759068,1791390647,0.000303700337365
24759084,1791390655,0.000303730362948
24759087,1791390657,0.000303303475039
24759096,1791390661,0.000303269248705
24759112,1791390669,0.000303303519823
24759183,1791390705,0.000318726861063
24759186,1791390707,0.000314036783621
24759223,1791390726,0.000314146745944
24759233,1791390731,0.000324168129054
24759234,1791390731,0.000324164836059
24759235,1791390732,0.000324162061236
24759256,1791390742,0.000323713903793
24759350,1791390790,0.000323334219194
24759482,1791390857,0.000324614428159
24759495,1791390864,0.000325897174339
24759496,1791390864,0.000325894694574
24759505,1791390869,0.000327179965305
24759518,1791390875,0.000331645249055
24759538,1791390885,0.000331727504291
24759553,1791390893,0.000336223608524
24759558,1791390895,0.000345259205619
24759578,1791390906,0.00034658207339
24759580,1791390907,0.000352099216573
24759581,1791390907,0.000352096058668
24759582,1791390908,0.000352094592455
24759620,1791390927,0.000353936332967
24759635,1791390935,0.000350098515358
24759671,1791390953,0.000359317439783
24759672,1791390953,0.000359313994417
24759728,1791390982,0.000359425348437
24759747,1791390992,0.000351074624687
24759755,1791390995,0.000351033049032
24759766,1791391001,0.00035096852209
24759797,1791391017,0.000358343175707
24759813,1791391025,0.000358516672616
24759899,1791391068,0.000358583782821
24759908,1791391073,0.000358861917224
24759959,1791391099,0.000345656808257
24759989,1791391114,0.000342540743673
24759999,1791391119,0.000342557583258
24760015,1791391127,0.000345699410549
24760044,1791391142,0.000357626914771
24760045,1791391143,0.000352180741269
24760085,1791391163,0.000353749034079
24760085,1791391163,0.000354120559407
24760109,1791391175,0.000356183594913
24760124,1791391183,0.000365529037708
24760206,1791391225,0.000362864377082
24760221,1791391232,0.000390371840745
24760222,1791391232,0.000390365705976
24760222,1791391232,0.000390365675291
24760223,1791391233,0.000390360386275
24760225,1791391234,0.000390358708986
24760226,1791391234,0.000385245105783
24760267,1791391255,0.000385302754547
24760355,1791391300,0.000384254795023
24760378,1791391312,0.000362639979761
24760384,1791391315,0.000365741363125
24760417,1791391331,0.000352515263907
24760490,1791391368,0.000352626116582
24760498,1791391372,0.000351909599794
24760504,1791391376,0.000360240057922
24760530,1791391389,0.000359845615109
24760559,1791391403,0.00035646044546
24760691,1791391470,0.000356155000853
24760723,1791391487,0.000357208900464
24760725,1791391488,0.000356988229454
24760737,1791391494,0.000355854882862
24760807,1791391529,0.00035557325325
24760859,1791391556,0.000355412236383
24761076,1791391666,0.00034881272412
24761107,1791391682,0.000347596958343
24761132,1791391694,0.000347615303251
24761168,1791391712,0.000336496425079
24761174,1791391715,0.000341195584369
24761345,1791391802,0.000340091398756
24761374,1791391817,0.000342188927123
24761386,1791391823,0.000342009771378
24761511,1791391886,0.000323665288329
24761512,1791391887,0.000323669171814
24761513,1791391887,0.000323672052591
24761514,1791391888,0.000323674799066
24761557,1791391910,0.000301604835454
24761558,1791391910,0.000301608776763
24761559,1791391911,0.000301612022288
24761560,1791391911,0.000301613621074
24761561,1791391912,0.0003016158517
24761594,1791391928,0.000293802727169
24761615,1791391939,0.000279153233257
24761616,1791391940,0.000279157281932
24761617,1791391940,0.000279160662392
24761619,1791391941,0.000279162913329
24761746,1791392006,0.000279491809292
24761774,1791392020,0.000279429306533
24761841,1791392054,0.000278600127671
24761960,1791392114,0.000281283806676
24761994,1791392131,0.000282944772964
24762106,1791392188,0.000283772291062
24762203,1791392237,0.000288575074029
24762236,1791392254,0.00029024055094
24762246,1791392260,0.000291910820083
24762278,1791392276,0.000301862953923
24762290,1791392282,0.000309685256073
24762291,1791392282,0.000309683009352
24762295,1791392284,0.000293419825953
24762296,1791392285,0.000293661814173
24762304,1791392289,0.000286918768778
24762306,1791392290,0.000287084932598
24762436,1791392356,0.000286957347941
24762455,1791392365,0.000287123529379
24762513,1791392395,0.00028683216444
24762535,1791392406,0.000286998310122
24762580,1791392429,0.000287331228903
24762657,1791392468,0.00030511528727
24762896,1791392589,0.000305883054036
24762946,1791392614,0.000305842896551
24762957,1791392620,0.000306525507609
24762975,1791392629,0.000306562624037
24762991,1791392637,0.000310885404604
24763013,1791392648,0.000310889459405
24763018,1791392651,0.000311058066288
24763035,1791392660,0.000311660467742
24763045,1791392665,0.0003116709274
24763075,1791392680,0.000311676622909
24763249,1791392768,0.000310795792327
24763376,1791392833,0.000311210966674
24763463,1791392877,0.000309000369108
24763504,1791392898,0.000308588961521
24763526,1791392909,0.000306697515119
24763528,1791392910,0.000309246021782
24763632,1791392962,0.000310532137263
24763666,1791392980,0.00030862064282
24763867,1791393082,0.000308794391832
24764138,1791393219,0.000308744371816
24764182,1791393242,0.000309089662014
24764200,1791393251,0.000308927656344
24764255,1791393279,0.000308819711989
24764303,1791393303,0.00030754419534
24764547,1791393427,0.000307401811324
24764557,1791393432,0.000306462577727
24764594,1791393451,0.000311492485707
24764741,1791393525,0.00030876481999
24764809,1791393560,0.000308971938702
24764822,1791393566,0.000307723245708
24764822,1791393566,0.000317868350998
24764826,1791393568,0.000317636478392
24765006,1791393660,0.000330619040976
24765007,1791393660,0.000330616720016
24765119,1791393717,0.00032579778444
24765119,1791393717,0.000325993798174
24765175,1791393745,0.000332369851061
24765737,1791394030,0.000333001314594
24765770,1791394047,0.000333440600102
24765861,1791394093,0.000333248565899
24765874,1791394100,0.000321480525685
24765999,1791394163,0.000321124460694
24766062,1791394195,0.000310213261714
24766279,1791394305,0.000309580065065
24766469,1791394402,0.000284063784325
24766470,1791394402,0.000284067118335
24766471,1791394403,0.000284070268066
24766513,1791394424,0.000288232001288
24766673,1791394505,0.000288461268992
24766745,1791394542,0.000265465451426
24766746,1791394542,0.000265470564576
24766747,1791394543,0.000265473383076
24766748,1791394543,0.000265474703527
24766749,1791394544,0.000265476550337
24766750,1791394544,0.00026532607753
24766774,1791394557,0.000265564108631
24766889,1791394615,0.000264366481022
24766937,1791394639,0.000258451855009
24766944,1791394643,0.00025388347165
24766956,1791394649,0.000251986618313
24766957,1791394649,0.000251989072702
24767007,1791394675,0.000251439616594
24767008,1791394675,0.000251441752849
24767047,1791394695,0.000243661824118
24767048,1791394696,0.00024366400519
24767071,1791394707,0.000236239550993
24767072,1791394708,0.0002362423724
24767073,1791394708,0.00023624460941
24767074,1791394709,0.000236245685214
24767093,1791394718,0.000240042251142
24767093,1791394718,0.000243869122269
24767094,1791394719,0.000247726257557
24767158,1791394751,0.00024577509674
24767181,1791394763,0.000249086001053
24767193,1791394769,0.000260979560224
24767215,1791394780,0.000273121739499
24767216,1791394781,0.000273118007637
24767217,1791394781,0.000273115736813
24767320,1791394833,0.000270808601288
24767350,1791394849,0.000270975159743
24767388,1791394868,0.000271215625989
24767664,1791395008,0.000273604951625
24767811,1791395083,0.000273932280543
24768030,1791395194,0.000273787104915
24768157,1791395258,0.000281858563835
24768158,1791395259,0.000281855641896
24768226,1791395293,0.000285994851735
24768360,1791395361,0.000286070927012
24768362,1791395362,0.000275610748652
24768372,1791395367,0.000275542397688
24768417,1791395390,0.000275687567052
24768448,1791395406,0.000275846687758
24768457,1791395410,0.000275821375876
24768525,1791395445,0.000280949315834
24768604,1791395485,0.000281142522836
24768604,1791395485,0.000281389757687
24768641,1791395504,0.000281351096632
24768641,1791395504,0.000291086200737
24768643,1791395505,0.000282692086837
24768666,1791395516,0.000287782100364
24768672,1791395520,0.0002924805631
24768723,1791395546,0.000293086474805
24768737,1791395552,0.000293536821709
24768886,1791395628,0.000295216535156
24768887,1791395628,0.0002952138965
24768888,1791395629,0.000286085041059
24768898,1791395634,0.000286913585149
24769044,1791395708,0.000283545676892
24769088,1791395730,0.000283069355042
24769089,1791395731,0.000293088730852
24769255,1791395815,0.000310075819383
24769256,1791395816,0.000310071701676
24769257,1791395816,0.000310069760873
24769258,1791395817,0.000310066790117
24769301,1791395839,0.000310898711159
24769303,1791395840,0.000310896595924
24769376,1791395877,0.000308155176571
24769413,1791395895,0.000312460102079
24769453,1791395916,0.000311591853001
24769477,1791395928,0.000309754164483
24769660,1791396021,0.000307781621257
24769666,1791396024,0.000303128624038
24769725,1791396054,0.000303145755382
24769855,1791396120,0.000329468488535
24769856,1791396120,0.00032946459403
24769857,1791396121,0.000329461387959
24769866,1791396125,0.000328755341853
24769869,1791396127,0.000314238679603
24769913,1791396149,0.00034285372716
24769915,1791396150,0.000342850062745
24769932,1791396159,0.000343116074332
24769977,1791396181,0.000343292102109
24769978,1791396182,0.000343290628539
24769979,1791396183,0.000375290216212
24769980,1791396183,0.000375285669318
24769981,1791396184,0.000375281959975
24770018,1791396202,0.000369172918128
24770105,1791396246,0.000369365786169
24770124,1791396256,0.000369744090499
24770225,1791396307,0.000369392735919
24770317,1791396354,0.000368176830719
24770323,1791396357,0.00036825366321
24770333,1791396362,0.000368385329555
24770464,1791396429,0.000369609260029
24770555,1791396475,0.000369400623136
24770655,1791396525,0.000364969666199
24770711,1791396554,0.000364584044718
24770719,1791396558,0.000359162666817
24770720,1791396558,0.000358822953853
24770729,1791396563,0.000358903851406
24770808,1791396603,0.000359052400726
24770833,1791396616,0.000287366440358
24770834,1791396616,0.000287375338315
24770834,1791396616,0.000287381921529
24770834,1791396616,0.00028738862923
24770860,1791396629,0.000287458460575
24770906,1791396653,0.000287158538401
24771041,1791396721,0.000287209722651
24771116,1791396759,0.000287230831687
24771433,1791396920,0.000287209828191
24771433,1791396920,0.000295935597835
24771563,1791396986,0.000296008490712
24771847,1791397130,0.00029685526333
24771882,1791397148,0.00029660089212
24771898,1791397156,0.000296555928675
24772025,1791397221,0.000296660447273
24772429,1791397426,0.000296555928675
24772482,1791397452,0.000296845500932
24772557,1791397491,0.000296476268953
24772840,1791397634,0.000296840314373
24772941,1791397685,0.000296924121614
24772958,1791397694,0.00029452216854
24772959,1791397694,0.000292825470206
24772986,1791397708,0.000292993310398
24772997,1791397714,0.000293329132956
24773688,1791398064,0.000296709635402
24774521,1791398487,0.000296092459443
24774980,1791398720,0.000301094650261
24775057,1791398759,0.000300332297757
24775122,1791398792,0.000299666866311
24775612,1791399041,0.000297837643837
24775938,1791399206,0.000306911072052
24776034,1791399255,0.000307086765844
24776059,1791399267,0.000306982083955
24776190,1791399334,0.000301344917274
24776292,1791399386,0.000301420995543
24776300,1791399390,0.000303999646839
24776364,1791399422,0.000304059266927
24776663,1791399574,0.000304886310107
24777234,1791399864,0.000304945274903
24777662,1791400081,0.000304909868974
24777800,1791400151,0.000306621767358
24777882,1791400192,0.000315318989219
24777960,1791400232,0.000324117476164
24777961,1791400233,0.000324114574611
24777962,1791400233,0.000324111453095
24778115,1791400311,0.000325263892003
24778175,1791400341,0.000326151050437
24778483,1791400497,0.000326637613139
24778659,1791400587,0.000326593583366
24778762,1791400639,0.000327568622947
24778854,1791400686,0.0003365352204
24779424,1791400975,0.000336859958
24780063,1791401299,0.000338041318565
24780064,1791401300,0.00033803830307
24780439,1791401490,0.000337873523284
24780651,1791401597,0.000337547319301
24780844,1791401696,0.000337610592933
24781053,1791401801,0.00033643153191
24781444,1791402000,0.000336685516327
24781596,1791402077,0.000341927713263
24781886,1791402224,0.000342108767449
24782515,1791402543,0.000342144648874
24782536,1791402554,0.000342075020689
24782589,1791402581,0.000341886731632
24783047,1791402813,0.00034192474637
24783170,1791402876,0.000327313000691
24783211,1791402896,0.000315505678585
24783211,1791402896,0.000315698055285
24783445,1791403015,0.000313579206397
24783621,1791403104,0.000313439896143
24783637,1791403112,0.00031334069432
24784347,1791403473,0.000312235552327
24784715,1791403659,0.000324285053794
24784891,1791403749,0.000323957731342
24785282,1791403947,0.000323707695884
24786000,1791404311,0.000335186398121
24786001,1791404312,0.000335184105189
24786082,1791404353,0.000335364270793
24786107,1791404366,0.000340612776969
24786112,1791404368,0.000340794395507
24786138,1791404381,0.000340976062453
24786156,1791404391,0.000341157777806
24786180,1791404403,0.000341339541567
24786207,1791404416,0.000341572269817
24786344,1791404486,0.00034335121755
24788100,1791405377,0.000343292060806
24789012,1791405840,0.000343252827961
24789524,1791406099,0.000343270713094
24790063,1791406373,0.000342866609175
24790177,1791406431,0.000343227532343
24790391,1791406539,0.000344066578574
24790486,1791406588,0.000333064482851
24790486,1791406588,0.000322762094173
24791779,1791407244,0.000322568732064
24792411,1791407564,0.000246468449232
24792412,1791407565,0.000246478923271
24792412,1791407565,0.00024648550381
24792412,1791407565,0.000247453979819
24792412,1791407565,0.000247462470176
24792413,1791407565,0.000247464414406
24792753,1791407738,0.000255224664783
24794191,1791408467,0.000255050334642
24794385,1791408566,0.000254036967969
24795298,1791409029,0.000249142282459
24795370,1791409066,0.000246505397363
24795616,1791409190,0.000246378429437
24795633,1791409199,0.000243143974091
24795671,1791409218,0.000242248000384
24796152,1791409462,0.00024222634431
24796203,1791409488,0.000242210733052
24796381,1791409579,0.000245673043384
24796654,1791409717,0.000245318470671
24798594,1791410702,0.000245221260973
24799631,1791411228,0.000246039179299
24799740,1791411283,0.000246807592422
24799927,1791411378,0.000254428970908
24801205,1791412026,0.000263214426481
24801304,1791412077,0.000263230336414
24801378,1791412114,0.000264028493191
24801397,1791412124,0.000268847547988
24801596,1791412225,0.000269085862463
24802030,1791412445,0.000268976357093
24802298,1791412581,0.00027005751359
24802433,1791412649,0.000270406890424
24803161,1791413019,0.000269263474376
24803166,1791413021,0.000269457194762
24803282,1791413080,0.00027255254756
24803283,1791413081,0.000272550672603
24803828,1791413357,0.000271308411331
24803960,1791413424,0.000280347297905
24803961,1791413425,0.000280344239581
24804623,1791413760,0.000278014519001
24804666,1791413782,0.000275713718926
24804802,1791413851,0.000266578400193
24805213,1791414060,0.000267140657731
24805218,1791414062,0.000267333858905
24805220,1791414063,0.000266214175072
24805333,1791414121,0.00028251452211
24805375,1791414142,0.000316568174415
24805377,1791414143,0.000316560412396
24805377,1791414143,0.000316560390302
24805377,1791414143,0.000316553623285
24805377,1791414143,0.000316548346767
24805654,1791414284,0.000314973170166
24806068,1791414494,0.000315977919088
24806710,1791414819,0.000317738194831
24806778,1791414854,0.000317966243633
24807664,1791415303,0.000316725044944
24808187,1791415569,0.000316900179987
24808583,1791415770,0.000316917637704
24808913,1791415937,0.000316874506753
24808955,1791415958,0.000316837852368
24809096,1791416030,0.000315861685025
24809236,1791416101,0.000315830677647
24809482,1791416226,0.000318484134394
24809807,1791416391,0.000320242519259
24811182,1791417088,0.000323773811273
24811651,1791417326,0.000326547609875
24811652,1791417327,0.000326545455766
24811732,1791417367,0.000326563236495
24811926,1791417466,0.000329307246195
24812417,1791417715,0.000329279188971
24813016,1791418019,0.00032915035335
24813059,1791418041,0.00032924006431
24813189,1791418107,0.000329375173464
24813317,1791418172,0.000327417141265
24813739,1791418386,0.000325887073779
24814792,1791418920,0.000325899507685
24814884,1791418967,0.000325901283977
24816158,1791419613,0.000325842817449
24817111,1791420096,0.00032588722233
24818999,1791421055,0.000320163705924
24819021,1791421066,0.000319592240659
24819385,1791421250,0.000314506787377
24820630,1791421882,0.000315029869508
24820652,1791421893,0.000313808522665
24820702,1791421919,0.000312897167601
24820967,1791422053,0.000313487429599
24821231,1791422187,0.000312561543036
24821259,1791422201,0.000321368480483
24822199,1791422678,0.000324338660395
24822736,1791422951,0.000323571606088
24822907,1791423037,0.000323676156053
24823183,1791423178,0.000323319712145
24823208,1791423191,0.000319371985129
24823253,1791423213,0.000319723764017
24823312,1791423243,0.0003166212671
24823386,1791423280,0.000313428430924
24823464,1791423320,0.000314299748493
24823512,1791423344,0.000293165723396
24823513,1791423345,0.000293169916652
24823513,1791423345,0.000293169941622
24823514,1791423346,0.000293172076838
24823540,1791423359,0.000293183870143
24823694,1791423437,0.000327838651202
24823695,1791423437,0.000327836020961
24823696,1791423438,0.000327833293741
24823713,1791423446,0.000327809604808
24824244,1791423716,0.000332130339411
24824313,1791423751,0.000331694645435
24824647,1791423920,0.000331674152888
24824947,1791424073,0.000326520539758
24825457,1791424331,0.000326226060009
24826500,1791424860,0.000325889929105
24826776,1791425001,0.000327668612596
24827235,1791425233,0.000328023737852
24827262,1791425247,0.000328290215783
24827743,1791425491,0.000331864099243
24828257,1791425752,0.000331953429977
24828270,1791425759,0.000332132124906
24828274,1791425761,0.00033168180559
24828299,1791425773,0.000331771111169
24828311,1791425779,0.000331896157385
24828316,1791425782,0.000336086551924
24828317,1791425782,0.000336085048682
24828337,1791425793,0.00033610302657
24828348,1791425798,0.000336121005323
24829229,1791426245,0.000336180597479
24829469,1791426367,0.000334652912357
24829635,1791426451,0.000334706914116
24829901,1791426586,0.000334015857059
24830369,1791426824,0.000333687501883
24830395,1791426837,0.00033343800582
24830487,1791426883,0.000333407598615
24830910,1791427098,0.00033280775616
24831227,1791427259,0.000332352661574
24831472,1791427383,0.000332798472254
24831516,1791427405,0.000333244570993
24832061,1791427682,0.000333044590167
24832274,1791427790,0.00033117447173
24832374,1791427841,0.000331190803146
24832375,1791427841,0.000331204615726
24832376,1791427842,0.000331210338664
24832377,1791427842,0.000331213335157
24832379,1791427843,0.000331214608971
24832634,1791427973,0.000334806185609
24832678,1791427995,0.000330258048378
24832714,1791428013,0.000330264758089
24832714,1791428013,0.00033027006012
24832715,1791428014,0.000330275159133
24833304,1791428313,0.000330355712747
24834095,1791428714,0.000331564145737
24834214,1791428774,0.00033377152633
24835014,1791429180,0.000333951311945
24835762,1791429560,0.000335211166682
24835822,1791429591,0.000334021311759
24836527,1791429948,0.000334615009926
24836546,1791429958,0.000334669008627
24837081,1791430229,0.000335056600385
24837234,1791430307,0.000338288603443
24837326,1791430353,0.000338595400689
24837466,1791430424,0.000338787074225
24837650,1791430518,0.000339833022398
24837748,1791430568,0.000339941534736
24838236,1791430815,0.000340667583248
24838302,1791430849,0.000341029802238
24838474,1791430936,0.000342191774565
24838502,1791430950,0.000343448828759
24838519,1791430959,0.000343630651795
24838746,1791431074,0.000343959044878
24838780,1791431092,0.000347619884772
24838916,1791431161,0.000347803361686
24839443,1791431428,0.000348590433051
24839567,1791431491,0.000351997326459
24839701,1791431559,0.000352163489818
24840040,1791431731,0.000352255819737
24840111,1791431767,0.000355493718572
24840113,1791431768,0.000353600680385
24840113,1791431768,0.000354335291452
24840170,1791431796,0.000353391506152
24840235,1791431829,0.000350510719453
24840614,1791432022,0.000352805566341
24840624,1791432027,0.000352773720715
24841462,1791432452,0.000350211678421
24842359,1791432907,0.00035024798224
24842366,1791432911,0.000350174735305
24842451,1791432954,0.000350111383914
24842542,1791433000,0.000345761527378
24842655,1791433057,0.000345688936518
24842736,1791433098,0.000341318259558
24842832,1791433147,0.000341499460787
24842839,1791433151,0.000341952674238
24843098,1791433282,0.000341940041993
24843348,1791433409,0.000337572030223
24843526,1791433499,0.000337504643753
24843817,1791433647,0.000334420014805
24843839,1791433658,0.000334407797651
24843843,1791433660,0.000334856269909
24843854,1791433666,0.000335305042687
24843917,1791433698,0.000335394834469
24843924,1791433701,0.000335484640028
24843961,1791433720,0.00033552056527
24843968,1791433724,0.000335556492691
24844295,1791433890,0.000335245297495
24844330,1791433907,0.000352041749881
24844357,1791433921,0.000351314256077
24844696,1791434093,0.000347869959584
24844829,1791434161,0.000354896317666
24844856,1791434174,0.000353137002167
24845152,1791434324,0.000353094959099
24846632,1791435075,0.000352433139246
24847515,1791435523,0.000349215881294
24848869,1791436210,0.00034726848317
24849111,1791436333,0.00034812351987
24849173,1791436365,0.000347784148664
24849410,1791436485,0.000345960485888
24850085,1791436828,0.000346143524413
24850277,1791436925,0.000346413899597
24850337,1791436955,0.000344489859842
24850386,1791436980,0.000344394697078
24850500,1791437038,0.000341345469244
24850872,1791437227,0.000345411412365
24851283,1791437435,0.000346321761858
24851326,1791437457,0.00034723330941
24851635,1791437614,0.000347266822155
24851961,1791437779,0.000347506865072
24852195,1791437898,0.000348022955992
24852397,1791438001,0.000347375338227
24852854,1791438232,0.000348109278169
24853637,1791438630,0.00034994936647
24853799,1791438712,0.000350336012572
24853825,1791438725,0.000354032775825
24854100,1791438865,0.000358769511543
24854714,1791439176,0.000362487795978
24854715,1791439177,0.000362482217261
24854716,1791439177,0.000362479792089
24854740,1791439189,0.000358650295131
24854813,1791439227,0.000358929860446
24854964,1791439303,0.000359384421534
24855088,1791439366,0.000359421178898
24855186,1791439416,0.000360349794596
24855196,1791439421,0.000367857474181
24855927,1791439792,0.000367962197019
24856482,1791440073,0.00036805657513
24856557,1791440111,0.000368129895742
24857015,1791440344,0.000366180463156
24857209,1791440442,0.000367216771617
24857675,1791440679,0.000372895140275
24857741,1791440712,0.00038023136355
24858452,1791441073,0.000389015192015
24858453,1791441073,0.00038900862703
24858454,1791441074,0.000389005647734
24858664,1791441180,0.000391415789514
24858665,1791441181,0.000391412236945
24858952,1791441327,0.000397470127811
24859389,1791441548,0.000403377869867
24859390,1791441549,0.000403370986059
24859394,1791441551,0.000403703877498
24859404,1791441556,0.000400482369929
24859425,1791441567,0.000398520756127
24859632,1791441672,0.000397675600085
24859641,1791441676,0.000401609618605
24859654,1791441683,0.00040556300017
24859661,1791441686,0.000401514403496
24859701,1791441707,0.000404711264581
24859707,1791441710,0.000404866251711
24859843,1791441779,0.000404901736514
24859857,1791441786,0.000404980670578
24860181,1791441950,0.00040094076881
24860378,1791442050,0.000393054962169
24860483,1791442103,0.000373279825476
24860538,1791442131,0.000373431464773
24860553,1791442139,0.000374966563367
24860591,1791442159,0.000376399844456
24860646,1791442186,0.000376627414129
24860666,1791442196,0.000378532933574
24860875,1791442302,0.000379788415798
24861132,1791442433,0.00037948465698
24861400,1791442569,0.000378992854212
24861801,1791442772,0.000379281681509
24861984,1791442865,0.000377794017085
24862714,1791443235,0.000376928605369
24862781,1791443269,0.000377805271516
24863041,1791443401,0.00037554592797
24863481,1791443625,0.000316036505385
24863483,1791443626,0.000316055781674
24863483,1791443626,0.00031606408156
24863483,1791443626,0.000316069502549
24863488,1791443628,0.000316279145033
24863489,1791443629,0.000305030832983
24863489,1791443629,0.000305339834745
24863490,1791443629,0.000305343460404
24863567,1791443668,0.000294956936397
24863568,1791443669,0.000294960737633
24863569,1791443669,0.000295567263263
24863570,1791443670,0.000295568568142
24863571,1791443670,0.000295570649737
24863574,1791443672,0.000295874955819
24863591,1791443680,0.000290949612612
24863603,1791443687,0.00029143435518
24863615,1791443693,0.000291922963703
24863718,1791443745,0.00029197343835
24863725,1791443748,0.000292084326202
24863732,1791443752,0.000292117790406
24863806,1791443790,0.000287131403881
24863820,1791443797,0.000286873998072
24863821,1791443798,0.000286876791391
24864241,1791444010,0.000285941958601
24864351,1791444066,0.000286441327527
24864423,1791444103,0.00033857388349
24864424,1791444103,0.000338568056554
24864425,1791444104,0.000338564414341
24864545,1791444165,0.00033771632594
24865145,1791444469,0.000339517841381
24865284,1791444540,0.000339607984872
24865314,1791444555,0.000340921362068
24865890,1791444847,0.000301206752982
24865891,1791444847,0.000301209205459
24865892,1791444848,0.000301211854919
24865905,1791444855,0.000300834675038
24865930,1791444867,0.000300830995638
24865941,1791444873,0.00029527055983
24865941,1791444873,0.000293843964856
24866007,1791444906,0.0002943501838
24866014,1791444910,0.000294400867841
24866169,1791444989,0.000297113969137
24866565,1791445190,0.000350187070935
24866566,1791445190,0.000350182756482
24866567,1791445191,0.000350177577868
24866568,1791445191,0.000350174245913
24866643,1791445229,0.00035011761826
24866688,1791445252,0.000346746260239
24867088,1791445455,0.000355920019264
24867403,1791445615,0.000359623546342
24867408,1791445618,0.000360552423257
24867595,1791445712,0.000360469425722
24867619,1791445724,0.00036026442652
24867643,1791445736,0.000366029171635
24867644,1791445737,0.000366021711319
24867645,1791445737,0.000366018577806
24868297,1791446068,0.000366546383609
24868536,1791446190,0.000366196143727
24868575,1791446209,0.000361454905755
24868737,1791446292,0.000361410365033
24868946,1791446398,0.000361691285909
24869259,1791446556,0.000361730584044
24869319,1791446587,0.000361519116552
24869743,1791446802,0.000360778716406
24870175,1791447021,0.000359381101979
24870918,1791447398,0.000358377767511
24870946,1791447412,0.000357245115802
24871629,1791447759,0.000361885076583
24871688,1791447789,0.000360033466589
24872617,1791448260,0.000357995016262
24872993,1791448451,0.00035802670864
24873772,1791448846,0.000358693893743
24874020,1791448972,0.000358746043617
