fly,tick,block,timestamp,keeper,senses,fee_obrain,input_agg,synapses,spiked,regions,death_at
196,19,22972074,1790483618,0xac0e67aaaa15dc791153b64df4a9d121dce797e5,19:1,2000,0xfe00000000000000000000000000000000000000000035,23,13,13 0 0 0 0 0 0 0,1793432118
115,3,22972516,1790483843,0x46f440d3d4e6466034b2a5034fc501ac0a31bf29,9:1,2000,0x3f8000000000000000000000,5,4,4 0 0 0 0 0 0 0,1793075176
167,14,22972793,1790483984,0x4e4036db402290a8333fc81f2690bec313baa18f,3:0,500,0x3e00000015,10,5,5 0 0 0 0 0 0 0,1793320950
115,4,22972798,1790483986,0x46f440d3d4e6466034b2a5034fc501ac0a31bf29,15:1,2000,0xfe00000000000000000000000000000000024,6,4,4 0 0 0 0 0 0 0,1793096776
140,10,22972922,1790484049,0x7d7337fcdefe5771e3280f25c3ba670700e8560c,7:1,2000,0xfe00000000000000035,8,4,4 0 0 0 0 0 0 0,1793228936
21,2,22972941,1790484059,0x18749122cc2211c977736f418159c2f440243bd5,10:0,500,0x1f00000000000000000000002c,5,4,4 0 0 0 0 0 0 0,1793044681
167,15,22972958,1790484067,0x4e4036db402290a8333fc81f2690bec313baa18f,14:0,500,0x1f000000000000000000000000000000039,23,13,13 0 0 0 0 0 0 0,1793342550
140,11,22973094,1790484136,0x7d7337fcdefe5771e3280f25c3ba670700e8560c,9:1,2000,0x3f8000000000000000000000,5,4,4 0 0 0 0 0 0 0,1793250536
140,12,22973118,1790484149,0x7d7337fcdefe5771e3280f25c3ba670700e8560c,12:1,2000,0x1fc0000000000000000000000000023,23,13,13 0 0 0 0 0 0 0,1793272136
140,13,22973142,1790484161,0x7d7337fcdefe5771e3280f25c3ba670700e8560c,17:1,2000,0x3f8000000000000000000000000000000000000027,15,12,12 0 0 0 0 0 0 0,1793293736
153,6,22973983,1790484587,0x9f2ebf1ba9206ef97428fdab7431a3f1d53f6dc9,1:1,2000,0x3f8011,9,5,5 0 0 0 0 0 0 0,1793145239
321,3,22977107,1790486174,0xec0408f9fb4c25a98e60b6e5715cd059b1fa172f,7:1,2000,0xfe00000000000000008,8,4,4 0 0 0 0 0 0 0,1793132490
321,4,22977222,1790486232,0xec0408f9fb4c25a98e60b6e5715cd059b1fa172f,19:0,500,0x3e00000000000000000000000000000000000000000008,8,4,4 0 0 0 0 0 0 0,1793154090
26,4,22978401,1790486831,0x0dd5ff179c68dd64fa712da08b550ec3a7d3bd73,1:0,500,0xf8037,9,5,5 0 0 0 0 0 0 0,1793089703
86,4,22978451,1790486856,0x0dd5ff179c68dd64fa712da08b550ec3a7d3bd73,10:0,500,0x1f000000000000000000000013,8,8,8 0 0 0 0 0 0 0,1793094521
62,3,22978998,1790487134,0xd6ed92a915f940db5d288b1724a4e45b20c4f027,16:0,500,0x7c0000000000000000000000000000000000020,6,4,4 0 0 0 0 0 0 0,1793071529
78,3,22979018,1790487145,0xd6ed92a915f940db5d288b1724a4e45b20c4f027,17:0,500,0xf800000000000000000000000000000000000000d,7,4,4 0 0 0 0 0 0 0,1793072468
81,3,22979035,1790487153,0xd6ed92a915f940db5d288b1724a4e45b20c4f027,18:0,500,0x1f000000000000000000000000000000000000000008,7,4,4 0 0 0 0 0 0 0,1793072700
90,4,22979825,1790487554,0x0dd5ff179c68dd64fa712da08b550ec3a7d3bd73,10:0,500,0x1f000000000000000000000013,5,4,4 0 0 0 0 0 0 0,1793094584
23,14,22980206,1790487747,0x0349cd3a83006bc4f057f553f221d69bd7a6c504,1:0,500,0xf8002,19,10,10 0 0 0 0 0 0 0,1793304244
23,15,22980609,1790487952,0x0349cd3a83006bc4f057f553f221d69bd7a6c504,19:0,500,0x3e0000000000000000000000000000000000000000001e,8,4,4 0 0 0 0 0 0 0,1793325844
15,5,22982090,1790488704,0xe6e5a8b9c4a0cd805f06b565b6f2857923cc6b11,1:0,500,0xf8007,9,5,5 0 0 0 0 0 0 0,1793109263
23,16,22983397,1790489368,0x0349cd3a83006bc4f057f553f221d69bd7a6c504,1:0,500,0xf801a,29,15,15 0 0 0 0 0 0 0,1793347444
15,6,22983559,1790489450,0xe6e5a8b9c4a0cd805f06b565b6f2857923cc6b11,1:0,500,0xf8025,19,10,10 0 0 0 0 0 0 0,1793130863
294,2,22984164,1790489757,0xcd5504897ee44f57fc5d9f06a9cf1ca1d1eac578,18:2,4000,0xff000000000000000000000000000000000000000034,19,12,12 0 0 0 0 0 0 0,1793100766
23,17,22984250,1790489801,0x0349cd3a83006bc4f057f553f221d69bd7a6c504,2:0,500,0x1f00001b,16,10,10 0 0 0 0 0 0 0,1793369044
294,3,22984258,1790489805,0xcd5504897ee44f57fc5d9f06a9cf1ca1d1eac578,9:1,2000,0x3f8000000000000000000000,5,4,4 0 0 0 0 0 0 0,1793122366
23,18,22984342,1790489847,0x0349cd3a83006bc4f057f553f221d69bd7a6c504,3:0,500,0x3e00000036,10,5,5 0 0 0 0 0 0 0,1793390644
23,19,22984383,1790489868,0x0349cd3a83006bc4f057f553f221d69bd7a6c504,4:0,500,0x7c000000003e,8,5,5 0 0 0 0 0 0 0,1793412244
23,20,22984496,1790489925,0x0349cd3a83006bc4f057f553f221d69bd7a6c504,7:1,2000,0xfe00000000000000007,8,4,4 0 0 0 0 0 0 0,1793433844
23,21,22984598,1790489977,0x0349cd3a83006bc4f057f553f221d69bd7a6c504,8:0,500,0x7c0000000000000000018,16,8,8 0 0 0 0 0 0 0,1793455444
148,3,22985821,1790490598,0x9628149b8268f15adc99911e64a79cdea7fb71ab,1:0,500,0xf801c,19,10,10 0 0 0 0 0 0 0,1793080151
306,4,22986371,1790490877,0xa754afb7549fce6e666bfcd6d4a4064c7d732d0e,4:1,2000,0x1fc000000002f,17,10,10 0 0 0 0 0 0 0,1793152499
320,3,22986394,1790490888,0xa754afb7549fce6e666bfcd6d4a4064c7d732d0e,8:1,2000,0x1fc0000000000000000017,8,4,4 0 0 0 0 0 0 0,1793132456
320,4,22986415,1790490899,0xa754afb7549fce6e666bfcd6d4a4064c7d732d0e,7:1,2000,0xfe0000000000000003e,8,4,4 0 0 0 0 0 0 0,1793154056
305,5,22986437,1790490910,0xa754afb7549fce6e666bfcd6d4a4064c7d732d0e,9:1,2000,0x3f8000000000000000000013,5,4,4 0 0 0 0 0 0 0,1793173773
305,6,22986456,1790490920,0xa754afb7549fce6e666bfcd6d4a4064c7d732d0e,10:1,2000,0x7f00000000000000000000000c,8,8,8 0 0 0 0 0 0 0,1793195373
305,7,22986472,1790490928,0xa754afb7549fce6e666bfcd6d4a4064c7d732d0e,11:1,2000,0xfe00000000000000000000000025,14,8,8 0 0 0 0 0 0 0,1793216973
143,17,22987288,1790491342,0xb2732bc83797a44d7368b04b95879f582723346f,7:0,500,0x3e00000000000000004,8,4,4 0 0 0 0 0 0 0,1793381123
74,6,22987674,1790491538,0x74107b9b65801d477d5a7980905beecd72b57a29,11:2,4000,0x1fe0000000000000000000000000c,12,8,8 0 0 0 0 0 0 0,1793136929
92,3,22987726,1790491565,0x74107b9b65801d477d5a7980905beecd72b57a29,4:2,4000,0x3fc000000002a,16,10,10 0 0 0 0 0 0 0,1793073151
20,6,22989311,1790492370,0xb528bf440e6c9dad0c15f7e5f4dc75655f7ae27b,14:0,500,0x1f000000000000000000000000000000007,7,4,4 0 0 0 0 0 0 0,1793131081
20,7,22989380,1790492405,0xb528bf440e6c9dad0c15f7e5f4dc75655f7ae27b,18:0,500,0x1f000000000000000000000000000000000000000017,12,8,8 0 0 0 0 0 0 0,1793152681
43,7,22989440,1790492435,0x2f694c711225e97dc71e2a98c0a186ae3e1ad167,15:0,500,0x3e00000000000000000000000000000000006,6,4,4 0 0 0 0 0 0 0,1793156350
20,8,22989442,1790492436,0xb528bf440e6c9dad0c15f7e5f4dc75655f7ae27b,11:0,500,0x3e00000000000000000000000036,6,4,4 0 0 0 0 0 0 0,1793174281
164,3,22989453,1790492442,0x2f694c711225e97dc71e2a98c0a186ae3e1ad167,18:0,500,0x1f000000000000000000000000000000000000000008,12,8,8 0 0 0 0 0 0 0,1793083249
209,1,22989567,1790492500,0x9194331dc33cde506a635cb2bde30a88246cb9cf,19:0,500,0x3e0000000000000000000000000000000000000000001a,8,4,4 0 0 0 0 0 0 0,1793050308
281,4,22990737,1790493094,0xa09daab5e090017fc53b09038ba55b0f1cf9ac36,7:1,2000,0xfe0000000000000003e,8,4,4 0 0 0 0 0 0 0,1793127766
38,4,22991135,1790493296,0x9fe1c07a4b2ee2842eee679ae719bb23ed341c18,9:1,2000,0x3f8000000000000000000019,5,4,4 0 0 0 0 0 0 0,1793090989
47,3,22991197,1790493327,0x9fe1c07a4b2ee2842eee679ae719bb23ed341c18,6:0,500,0x1f00000000000000c,5,4,4 0 0 0 0 0 0 0,1793070657
12,2,22991557,1790493510,0xc0e1ff5b6ec47f15aebfe859b8ab4a566fe61752,9:0,500,0xf8000000000000000000011,5,4,4 0 0 0 0 0 0 0,1793044358
142,3,22991972,1790493721,0x22fdae531a69647a0ade9154093ac83769f9dc49,1:0,500,0xf801c,9,5,5 0 0 0 0 0 0 0,1793078409
63,12,22992289,1790493882,0x62ff01f014f0da446e02a62392538f36a83a2659,6:2,4000,0xff000000000000024,18,12,12 0 0 0 0 0 0 0,1793265993
63,13,22992380,1790493928,0x62ff01f014f0da446e02a62392538f36a83a2659,15:2,4000,0x1fe00000000000000000000000000000000034,15,12,12 0 0 0 0 0 0 0,1793287593
70,12,22992422,1790493949,0x62ff01f014f0da446e02a62392538f36a83a2659,4:2,4000,0x3fc000000000c,16,10,10 0 0 0 0 0 0 0,1793266271
12,3,22995580,1790495551,0xc0e1ff5b6ec47f15aebfe859b8ab4a566fe61752,1:1,2000,0x3f8000,9,5,5 0 0 0 0 0 0 0,1793065958
55,5,23000412,1790498002,0xac0e67aaaa15dc791153b64df4a9d121dce797e5,7:1,2000,0xfe00000000000000005,8,4,4 0 0 0 0 0 0 0,1793114320
55,6,23000454,1790498023,0xac0e67aaaa15dc791153b64df4a9d121dce797e5,2:1,2000,0x7f00002b,16,10,10 0 0 0 0 0 0 0,1793135920
55,7,23000554,1790498073,0xac0e67aaaa15dc791153b64df4a9d121dce797e5,13:1,2000,0x3f800000000000000000000000000003d,19,12,12 0 0 0 0 0 0 0,1793157520
55,8,23000579,1790498086,0xac0e67aaaa15dc791153b64df4a9d121dce797e5,17:1,2000,0x3f800000000000000000000000000000000000003c,10,8,8 0 0 0 0 0 0 0,1793179120
327,7,23000866,1790498232,0x54012e1e43de8dd719a2deca0d6a254ee4db42b5,19:2,4000,0x1fe00000000000000000000000000000000000000000036,21,12,12 0 0 0 0 0 0 0,1793221405
294,4,23000868,1790498233,0xcd5504897ee44f57fc5d9f06a9cf1ca1d1eac578,1:1,2000,0x3f8018,9,5,5 0 0 0 0 0 0 0,1793143966
331,5,23000918,1790498258,0x54012e1e43de8dd719a2deca0d6a254ee4db42b5,15:2,4000,0x1fe00000000000000000000000000000000023,15,12,12 0 0 0 0 0 0 0,1793178987
327,8,23001048,1790498324,0x54012e1e43de8dd719a2deca0d6a254ee4db42b5,11:2,4000,0x1fe00000000000000000000000024,12,8,8 0 0 0 0 0 0 0,1793243005
331,6,23001067,1790498334,0x54012e1e43de8dd719a2deca0d6a254ee4db42b5,11:1,2000,0xfe0000000000000000000000002b,30,17,17 0 0 0 0 0 0 0,1793200587
161,9,23001243,1790498423,0x7d7337fcdefe5771e3280f25c3ba670700e8560c,14:1,2000,0x7f000000000000000000000000000000030,14,8,8 0 0 0 0 0 0 0,1793212601
163,9,23001270,1790498437,0x7d7337fcdefe5771e3280f25c3ba670700e8560c,13:1,2000,0x3f800000000000000000000000000003f,13,8,8 0 0 0 0 0 0 0,1793212786
247,6,23001337,1790498471,0xc7f1dce49db860c865ce34e4eb65dbef625919ef,10:2,4000,0xff000000000000000000000011,21,12,12 0 0 0 0 0 0 0,1793165161
264,3,23001380,1790498492,0xc7f1dce49db860c865ce34e4eb65dbef625919ef,16:2,4000,0x3fc0000000000000000000000000000000000005,13,8,8 0 0 0 0 0 0 0,1793102957
214,1,23001747,1790498679,0x0824026863b82d18cc258f1299d96c17bbde6d86,1:0,500,0xf8000,9,5,5 0 0 0 0 0 0 0,1793051115
215,1,23001765,1790498688,0x0824026863b82d18cc258f1299d96c17bbde6d86,1:0,500,0xf8000,9,5,5 0 0 0 0 0 0 0,1793051193
172,5,23003303,1790499468,0xed39205dd38074eea517a0e3dbd099b4e4a85af3,1:1,2000,0x3f802d,9,5,5 0 0 0 0 0 0 0,1793126919
185,5,23003318,1790499475,0xed39205dd38074eea517a0e3dbd099b4e4a85af3,1:1,2000,0x3f802d,19,10,10 0 0 0 0 0 0 0,1793128724
77,5,23004295,1790499971,0x3f62ae0c7ed24dcd2b52c1c224296519b02df00d,2:0,500,0x1f000033,18,10,10 0 0 0 0 0 0 0,1793115645
77,6,23004326,1790499987,0x3f62ae0c7ed24dcd2b52c1c224296519b02df00d,5:0,500,0xf8000000000004,6,4,4 0 0 0 0 0 0 0,1793137245
77,7,23004355,1790500002,0x3f62ae0c7ed24dcd2b52c1c224296519b02df00d,7:0,500,0x3e00000000000000000,8,4,4 0 0 0 0 0 0 0,1793158845
77,8,23004571,1790500112,0x3f62ae0c7ed24dcd2b52c1c224296519b02df00d,6:0,500,0x1f000000000000001,5,4,4 0 0 0 0 0 0 0,1793180445
141,4,23005174,1790500418,0x88c58b42f2783131d51a58af7f1a9b491089afeb,1:0,500,0xf8037,9,5,5 0 0 0 0 0 0 0,1793099768
79,5,23005224,1790500443,0x3f62ae0c7ed24dcd2b52c1c224296519b02df00d,2:2,4000,0xff000024,18,10,10 0 0 0 0 0 0 0,1793115818
79,6,23005252,1790500457,0x3f62ae0c7ed24dcd2b52c1c224296519b02df00d,5:2,4000,0x7f8000000000026,11,8,8 0 0 0 0 0 0 0,1793137418
79,7,23005282,1790500473,0x3f62ae0c7ed24dcd2b52c1c224296519b02df00d,7:2,4000,0x1fe00000000000000030,26,13,13 0 0 0 0 0 0 0,1793159018
79,8,23005331,1790500497,0x3f62ae0c7ed24dcd2b52c1c224296519b02df00d,6:2,4000,0xff00000000000001c,26,16,16 0 0 0 0 0 0 0,1793180618
141,5,23005353,1790500509,0x88c58b42f2783131d51a58af7f1a9b491089afeb,19:0,500,0x3e0000000000000000000000000000000000000000002e,13,8,8 0 0 0 0 0 0 0,1793121368
220,4,23005448,1790500557,0x939571499a81766380edd7040bb16a785b800855,1:0,500,0xf8037,19,10,10 0 0 0 0 0 0 0,1793117876
187,4,23005821,1790500746,0x65d3f783f7a9f2a30cf70a8b3f6789fe98779086,2:0,500,0x1f000032,16,10,10 0 0 0 0 0 0 0,1793107194
220,5,23005849,1790500761,0x939571499a81766380edd7040bb16a785b800855,4:0,500,0x7c0000000035,8,5,5 0 0 0 0 0 0 0,1793139476
187,5,23005863,1790500768,0x65d3f783f7a9f2a30cf70a8b3f6789fe98779086,5:0,500,0xf800000000002a,6,4,4 0 0 0 0 0 0 0,1793128794
187,6,23005928,1790500801,0x65d3f783f7a9f2a30cf70a8b3f6789fe98779086,7:0,500,0x3e00000000000000011,18,9,9 0 0 0 0 0 0 0,1793150394
187,7,23005967,1790500821,0x65d3f783f7a9f2a30cf70a8b3f6789fe98779086,6:0,500,0x1f00000000000002a,5,4,4 0 0 0 0 0 0 0,1793171994
286,3,23006175,1790500926,0x65d3f783f7a9f2a30cf70a8b3f6789fe98779086,2:0,500,0x1f000028,8,5,5 0 0 0 0 0 0 0,1793121151
286,4,23006216,1790500947,0x65d3f783f7a9f2a30cf70a8b3f6789fe98779086,5:0,500,0xf8000000000006,6,4,4 0 0 0 0 0 0 0,1793142751
286,5,23006257,1790500968,0x65d3f783f7a9f2a30cf70a8b3f6789fe98779086,7:0,500,0x3e00000000000000023,8,4,4 0 0 0 0 0 0 0,1793164351
286,6,23006286,1790500983,0x65d3f783f7a9f2a30cf70a8b3f6789fe98779086,6:0,500,0x1f00000000000002b,5,4,4 0 0 0 0 0 0 0,1793185951
287,3,23006373,1790501027,0x65d3f783f7a9f2a30cf70a8b3f6789fe98779086,2:0,500,0x1f000028,8,5,5 0 0 0 0 0 0 0,1793121170
287,4,23006418,1790501050,0x65d3f783f7a9f2a30cf70a8b3f6789fe98779086,5:0,500,0xf8000000000006,6,4,4 0 0 0 0 0 0 0,1793142770
287,5,23006446,1790501064,0x65d3f783f7a9f2a30cf70a8b3f6789fe98779086,7:0,500,0x3e00000000000000023,16,8,8 0 0 0 0 0 0 0,1793164370
287,6,23006488,1790501085,0x65d3f783f7a9f2a30cf70a8b3f6789fe98779086,6:0,500,0x1f00000000000002b,5,4,4 0 0 0 0 0 0 0,1793185970
55,9,23006593,1790501138,0xac0e67aaaa15dc791153b64df4a9d121dce797e5,19:1,2000,0xfe00000000000000000000000000000000000000000013,8,4,4 0 0 0 0 0 0 0,1793200720
55,10,23006618,1790501151,0xac0e67aaaa15dc791153b64df4a9d121dce797e5,16:1,2000,0x1fc000000000000000000000000000000000003c,31,17,17 0 0 0 0 0 0 0,1793222320
55,11,23006641,1790501163,0xac0e67aaaa15dc791153b64df4a9d121dce797e5,9:1,2000,0x3f8000000000000000000000,5,4,4 0 0 0 0 0 0 0,1793243920
55,12,23006990,1790501340,0xac0e67aaaa15dc791153b64df4a9d121dce797e5,12:1,2000,0x1fc0000000000000000000000000023,5,4,4 0 0 0 0 0 0 0,1793265520
77,9,23007119,1790501406,0x3f62ae0c7ed24dcd2b52c1c224296519b02df00d,1:0,500,0xf803a,19,10,10 0 0 0 0 0 0 0,1793202045
77,10,23007208,1790501451,0x3f62ae0c7ed24dcd2b52c1c224296519b02df00d,3:0,500,0x3e0000000c,10,5,5 0 0 0 0 0 0 0,1793223645
77,11,23007282,1790501488,0x3f62ae0c7ed24dcd2b52c1c224296519b02df00d,4:0,500,0x7c000000003a,8,5,5 0 0 0 0 0 0 0,1793245245
77,12,23007310,1790501503,0x3f62ae0c7ed24dcd2b52c1c224296519b02df00d,8:0,500,0x7c000000000000000003b,8,4,4 0 0 0 0 0 0 0,1793266845
77,13,23007355,1790501525,0x3f62ae0c7ed24dcd2b52c1c224296519b02df00d,9:0,500,0xf8000000000000000000023,22,13,13 0 0 0 0 0 0 0,1793288445
77,14,23007403,1790501550,0x3f62ae0c7ed24dcd2b52c1c224296519b02df00d,10:0,500,0x1f000000000000000000000017,8,8,8 0 0 0 0 0 0 0,1793310045
77,15,23007492,1790501595,0x3f62ae0c7ed24dcd2b52c1c224296519b02df00d,11:0,500,0x3e00000000000000000000000032,6,4,4 0 0 0 0 0 0 0,1793331645
77,16,23007567,1790501633,0x3f62ae0c7ed24dcd2b52c1c224296519b02df00d,12:0,500,0x7c0000000000000000000000000004,5,4,4 0 0 0 0 0 0 0,1793353245
77,17,23007611,1790501655,0x3f62ae0c7ed24dcd2b52c1c224296519b02df00d,13:0,500,0xf8000000000000000000000000000014,8,4,4 0 0 0 0 0 0 0,1793374845
77,18,23007639,1790501670,0x3f62ae0c7ed24dcd2b52c1c224296519b02df00d,14:0,500,0x1f00000000000000000000000000000000b,7,4,4 0 0 0 0 0 0 0,1793396445
77,19,23007665,1790501683,0x3f62ae0c7ed24dcd2b52c1c224296519b02df00d,15:0,500,0x3e00000000000000000000000000000000027,6,4,4 0 0 0 0 0 0 0,1793418045
77,20,23007765,1790501734,0x3f62ae0c7ed24dcd2b52c1c224296519b02df00d,16:0,500,0x7c000000000000000000000000000000000003b,6,4,4 0 0 0 0 0 0 0,1793439645
77,21,23007813,1790501758,0x3f62ae0c7ed24dcd2b52c1c224296519b02df00d,17:0,500,0xf800000000000000000000000000000000000003c,17,9,9 0 0 0 0 0 0 0,1793461245
77,22,23007849,1790501776,0x3f62ae0c7ed24dcd2b52c1c224296519b02df00d,18:0,500,0x1f000000000000000000000000000000000000000024,12,8,8 0 0 0 0 0 0 0,1793482845
77,23,23007883,1790501794,0x3f62ae0c7ed24dcd2b52c1c224296519b02df00d,19:0,500,0x3e0000000000000000000000000000000000000000003c,8,4,4 0 0 0 0 0 0 0,1793504445
76,8,23008056,1790501882,0x3f62ae0c7ed24dcd2b52c1c224296519b02df00d,1:0,500,0xf803d,19,10,10 0 0 0 0 0 0 0,1793180355
76,9,23008089,1790501898,0x3f62ae0c7ed24dcd2b52c1c224296519b02df00d,3:0,500,0x3e00000013,19,10,10 0 0 0 0 0 0 0,1793201955
76,10,23008122,1790501915,0x3f62ae0c7ed24dcd2b52c1c224296519b02df00d,4:0,500,0x7c0000000019,8,5,5 0 0 0 0 0 0 0,1793223555
76,11,23008210,1790501960,0x3f62ae0c7ed24dcd2b52c1c224296519b02df00d,6:0,500,0x1f000000000000033,15,9,9 0 0 0 0 0 0 0,1793245155
76,12,23008304,1790502007,0x3f62ae0c7ed24dcd2b52c1c224296519b02df00d,9:0,500,0xf800000000000000000000c,5,4,4 0 0 0 0 0 0 0,1793266755
76,13,23008336,1790502024,0x3f62ae0c7ed24dcd2b52c1c224296519b02df00d,10:0,500,0x1f00000000000000000000003b,5,4,4 0 0 0 0 0 0 0,1793288355
76,14,23008368,1790502040,0x3f62ae0c7ed24dcd2b52c1c224296519b02df00d,11:0,500,0x3e0000000000000000000000003b,6,4,4 0 0 0 0 0 0 0,1793309955
76,15,23008399,1790502056,0x3f62ae0c7ed24dcd2b52c1c224296519b02df00d,12:0,500,0x7c000000000000000000000000000e,5,4,4 0 0 0 0 0 0 0,1793331555
76,16,23008434,1790502073,0x3f62ae0c7ed24dcd2b52c1c224296519b02df00d,13:0,500,0xf800000000000000000000000000000e,8,4,4 0 0 0 0 0 0 0,1793353155
76,17,23009122,1790502423,0x3f62ae0c7ed24dcd2b52c1c224296519b02df00d,14:0,500,0x1f000000000000000000000000000000013,7,4,4 0 0 0 0 0 0 0,1793374755
76,18,23009227,1790502477,0x3f62ae0c7ed24dcd2b52c1c224296519b02df00d,15:0,500,0x3e00000000000000000000000000000000010,6,4,4 0 0 0 0 0 0 0,1793396355
76,19,23009305,1790502516,0x3f62ae0c7ed24dcd2b52c1c224296519b02df00d,15:0,500,0x3e00000000000000000000000000000000027,20,13,13 0 0 0 0 0 0 0,1793417955
76,20,23009398,1790502563,0x3f62ae0c7ed24dcd2b52c1c224296519b02df00d,16:0,500,0x7c000000000000000000000000000000000003b,6,4,4 0 0 0 0 0 0 0,1793439555
76,21,23009459,1790502594,0x3f62ae0c7ed24dcd2b52c1c224296519b02df00d,17:0,500,0xf800000000000000000000000000000000000003c,10,8,8 0 0 0 0 0 0 0,1793461155
76,22,23009516,1790502623,0x3f62ae0c7ed24dcd2b52c1c224296519b02df00d,18:0,500,0x1f000000000000000000000000000000000000000024,12,8,8 0 0 0 0 0 0 0,1793482755
76,23,23009548,1790502639,0x3f62ae0c7ed24dcd2b52c1c224296519b02df00d,19:0,500,0x3e0000000000000000000000000000000000000000003c,18,9,9 0 0 0 0 0 0 0,1793504355
79,9,23009675,1790502704,0x3f62ae0c7ed24dcd2b52c1c224296519b02df00d,1:0,500,0xf803a,19,10,10 0 0 0 0 0 0 0,1793202218
79,10,23009701,1790502717,0x3f62ae0c7ed24dcd2b52c1c224296519b02df00d,3:0,500,0x3e0000000c,19,10,10 0 0 0 0 0 0 0,1793223818
79,11,23009723,1790502728,0x3f62ae0c7ed24dcd2b52c1c224296519b02df00d,4:0,500,0x7c000000003a,8,5,5 0 0 0 0 0 0 0,1793245418
79,12,23009758,1790502746,0x3f62ae0c7ed24dcd2b52c1c224296519b02df00d,8:0,500,0x7c000000000000000003b,26,13,13 0 0 0 0 0 0 0,1793267018
79,13,23009805,1790502770,0x3f62ae0c7ed24dcd2b52c1c224296519b02df00d,9:0,500,0xf8000000000000000000023,12,8,8 0 0 0 0 0 0 0,1793288618
79,14,23009836,1790502785,0x3f62ae0c7ed24dcd2b52c1c224296519b02df00d,10:0,500,0x1f000000000000000000000017,8,8,8 0 0 0 0 0 0 0,1793310218
79,15,23009876,1790502806,0x3f62ae0c7ed24dcd2b52c1c224296519b02df00d,12:0,500,0x7c000000000000000000000000000e,5,4,4 0 0 0 0 0 0 0,1793331818
79,16,23009913,1790502825,0x3f62ae0c7ed24dcd2b52c1c224296519b02df00d,13:0,500,0xf800000000000000000000000000000e,8,4,4 0 0 0 0 0 0 0,1793353418
79,17,23009941,1790502839,0x3f62ae0c7ed24dcd2b52c1c224296519b02df00d,14:0,500,0x1f000000000000000000000000000000013,7,4,4 0 0 0 0 0 0 0,1793375018
53,10,23009964,1790502850,0xe0be2740456040536765022e7db612418e3de99e,1:0,500,0xf803b,19,10,10 0 0 0 0 0 0 0,1793222232
79,18,23009967,1790502852,0x3f62ae0c7ed24dcd2b52c1c224296519b02df00d,15:0,500,0x3e00000000000000000000000000000000010,10,8,8 0 0 0 0 0 0 0,1793396618
79,19,23009991,1790502864,0x3f62ae0c7ed24dcd2b52c1c224296519b02df00d,16:0,500,0x7c0000000000000000000000000000000000028,14,8,8 0 0 0 0 0 0 0,1793418218
60,6,23010009,1790502874,0xe0be2740456040536765022e7db612418e3de99e,1:1,2000,0x3f8011,9,5,5 0 0 0 0 0 0 0,1793136180
79,20,23010015,1790502876,0x3f62ae0c7ed24dcd2b52c1c224296519b02df00d,17:1,2000,0x3f8000000000000000000000000000000000000015,7,4,4 0 0 0 0 0 0 0,1793439818
79,21,23010038,1790502888,0x3f62ae0c7ed24dcd2b52c1c224296519b02df00d,18:0,500,0x1f00000000000000000000000000000000000000002a,22,13,13 0 0 0 0 0 0 0,1793461418
61,12,23010060,1790502900,0xe0be2740456040536765022e7db612418e3de99e,1:2,4000,0x7f8020,19,10,10 0 0 0 0 0 0 0,1793265841
79,22,23010067,1790502903,0x3f62ae0c7ed24dcd2b52c1c224296519b02df00d,19:0,500,0x3e0000000000000000000000000000000000000000001b,13,8,8 0 0 0 0 0 0 0,1793483018
79,23,23010139,1790502939,0x3f62ae0c7ed24dcd2b52c1c224296519b02df00d,11:0,500,0x3e00000000000000000000000024,6,4,4 0 0 0 0 0 0 0,1793504618
61,13,23010333,1790503038,0xe0be2740456040536765022e7db612418e3de99e,3:2,4000,0x1fe00000012,28,15,15 0 0 0 0 0 0 0,1793287441
27,8,23012959,1790504371,0x81b4bf458a73ea46fadd46ee8236e5f94c4eb8e0,12:1,2000,0x1fc0000000000000000000000000031,5,4,4 0 0 0 0 0 0 0,1793176350
214,2,23014759,1790505284,0x0824026863b82d18cc258f1299d96c17bbde6d86,7:0,500,0x3e00000000000000031,8,4,4 0 0 0 0 0 0 0,1793072715
215,2,23014859,1790505335,0x0824026863b82d18cc258f1299d96c17bbde6d86,1:0,500,0xf8007,19,10,10 0 0 0 0 0 0 0,1793072793
6,5,23016687,1790506262,0x1a3a0e6f222e823cc8d0f39d87042f88ab763872,12:0,500,0x7c0000000000000000000000000016,13,8,8 0 0 0 0 0 0 0,1793108997
217,2,23017698,1790506775,0xd14049678140b62b8d5ea1766357b0f3646eb936,2:1,2000,0x7f000000,8,5,5 0 0 0 0 0 0 0,1793073682
187,8,23018203,1790507032,0x65d3f783f7a9f2a30cf70a8b3f6789fe98779086,1:0,500,0xf803d,9,5,5 0 0 0 0 0 0 0,1793193594
187,9,23018224,1790507042,0x65d3f783f7a9f2a30cf70a8b3f6789fe98779086,3:0,500,0x3e00000013,10,5,5 0 0 0 0 0 0 0,1793215194
187,10,23018254,1790507057,0x65d3f783f7a9f2a30cf70a8b3f6789fe98779086,4:0,500,0x7c0000000019,8,5,5 0 0 0 0 0 0 0,1793236794
187,11,23018276,1790507068,0x65d3f783f7a9f2a30cf70a8b3f6789fe98779086,8:0,500,0x7c0000000000000000035,8,4,4 0 0 0 0 0 0 0,1793258394
187,12,23018300,1790507080,0x65d3f783f7a9f2a30cf70a8b3f6789fe98779086,9:0,500,0xf800000000000000000000c,5,4,4 0 0 0 0 0 0 0,1793279994
187,13,23018320,1790507091,0x65d3f783f7a9f2a30cf70a8b3f6789fe98779086,10:0,500,0x1f00000000000000000000003b,15,9,9 0 0 0 0 0 0 0,1793301594
187,14,23018339,1790507101,0x65d3f783f7a9f2a30cf70a8b3f6789fe98779086,11:0,500,0x3e0000000000000000000000003b,14,8,8 0 0 0 0 0 0 0,1793323194
187,15,23018361,1790507111,0x65d3f783f7a9f2a30cf70a8b3f6789fe98779086,12:0,500,0x7c000000000000000000000000000e,13,8,8 0 0 0 0 0 0 0,1793344794
187,16,23018382,1790507122,0x65d3f783f7a9f2a30cf70a8b3f6789fe98779086,13:0,500,0xf800000000000000000000000000000e,8,4,4 0 0 0 0 0 0 0,1793366394
42,8,23018396,1790507129,0x1b25bd7ce0fb701d9aac3fd43fa221ac63e3fb3e,5:1,2000,0x3f8000000000010,6,4,4 0 0 0 0 0 0 0,1793177928
187,17,23018404,1790507133,0x65d3f783f7a9f2a30cf70a8b3f6789fe98779086,14:0,500,0x1f000000000000000000000000000000013,7,4,4 0 0 0 0 0 0 0,1793387994
42,9,23018414,1790507138,0x1b25bd7ce0fb701d9aac3fd43fa221ac63e3fb3e,2:1,2000,0x7f00001d,18,10,10 0 0 0 0 0 0 0,1793199528
187,18,23018424,1790507144,0x65d3f783f7a9f2a30cf70a8b3f6789fe98779086,15:0,500,0x3e00000000000000000000000000000000010,6,4,4 0 0 0 0 0 0 0,1793409594
42,10,23018430,1790507146,0x1b25bd7ce0fb701d9aac3fd43fa221ac63e3fb3e,7:1,2000,0xfe00000000000000035,24,12,12 0 0 0 0 0 0 0,1793221128
187,19,23018450,1790507157,0x65d3f783f7a9f2a30cf70a8b3f6789fe98779086,16:0,500,0x7c0000000000000000000000000000000000028,6,4,4 0 0 0 0 0 0 0,1793431194
187,20,23018472,1790507168,0x65d3f783f7a9f2a30cf70a8b3f6789fe98779086,17:0,500,0xf8000000000000000000000000000000000000032,7,4,4 0 0 0 0 0 0 0,1793452794
187,21,23018493,1790507178,0x65d3f783f7a9f2a30cf70a8b3f6789fe98779086,18:0,500,0x1f00000000000000000000000000000000000000002a,17,9,9 0 0 0 0 0 0 0,1793474394
187,22,23018515,1790507190,0x65d3f783f7a9f2a30cf70a8b3f6789fe98779086,19:0,500,0x3e0000000000000000000000000000000000000000001b,8,4,4 0 0 0 0 0 0 0,1793495994
286,7,23018608,1790507237,0x65d3f783f7a9f2a30cf70a8b3f6789fe98779086,1:0,500,0xf8006,19,10,10 0 0 0 0 0 0 0,1793207551
286,8,23018631,1790507248,0x65d3f783f7a9f2a30cf70a8b3f6789fe98779086,3:0,500,0x3e00000024,10,5,5 0 0 0 0 0 0 0,1793229151
286,9,23018651,1790507259,0x65d3f783f7a9f2a30cf70a8b3f6789fe98779086,4:0,500,0x7c0000000004,8,5,5 0 0 0 0 0 0 0,1793250751
286,10,23018678,1790507272,0x65d3f783f7a9f2a30cf70a8b3f6789fe98779086,8:0,500,0x7c0000000000000000038,18,9,9 0 0 0 0 0 0 0,1793272351
286,11,23018696,1790507282,0x65d3f783f7a9f2a30cf70a8b3f6789fe98779086,9:0,500,0xf8000000000000000000012,5,4,4 0 0 0 0 0 0 0,1793293951
286,12,23018723,1790507295,0x65d3f783f7a9f2a30cf70a8b3f6789fe98779086,10:0,500,0x1f00000000000000000000000f,5,4,4 0 0 0 0 0 0 0,1793315551
286,13,23018744,1790507306,0x65d3f783f7a9f2a30cf70a8b3f6789fe98779086,11:0,500,0x3e0000000000000000000000001f,6,4,4 0 0 0 0 0 0 0,1793337151
286,14,23018764,1790507316,0x65d3f783f7a9f2a30cf70a8b3f6789fe98779086,12:0,500,0x7c000000000000000000000000000f,5,4,4 0 0 0 0 0 0 0,1793358751
286,15,23018785,1790507327,0x65d3f783f7a9f2a30cf70a8b3f6789fe98779086,13:0,500,0xf8000000000000000000000000000030,8,4,4 0 0 0 0 0 0 0,1793380351
286,16,23018808,1790507338,0x65d3f783f7a9f2a30cf70a8b3f6789fe98779086,14:0,500,0x1f000000000000000000000000000000016,7,4,4 0 0 0 0 0 0 0,1793401951
286,17,23018832,1790507351,0x65d3f783f7a9f2a30cf70a8b3f6789fe98779086,15:0,500,0x3e00000000000000000000000000000000023,6,4,4 0 0 0 0 0 0 0,1793423551
286,18,23018854,1790507362,0x65d3f783f7a9f2a30cf70a8b3f6789fe98779086,16:0,500,0x7c000000000000000000000000000000000003d,24,13,13 0 0 0 0 0 0 0,1793445151
286,19,23018873,1790507371,0x65d3f783f7a9f2a30cf70a8b3f6789fe98779086,17:0,500,0xf8000000000000000000000000000000000000015,10,8,8 0 0 0 0 0 0 0,1793466751
286,20,23018893,1790507381,0x65d3f783f7a9f2a30cf70a8b3f6789fe98779086,18:0,500,0x1f00000000000000000000000000000000000000001f,7,4,4 0 0 0 0 0 0 0,1793488351
286,21,23018915,1790507392,0x65d3f783f7a9f2a30cf70a8b3f6789fe98779086,19:0,500,0x3e0000000000000000000000000000000000000000003c,8,4,4 0 0 0 0 0 0 0,1793509951
287,7,23018979,1790507425,0x65d3f783f7a9f2a30cf70a8b3f6789fe98779086,1:0,500,0xf8006,19,10,10 0 0 0 0 0 0 0,1793207570
287,8,23018999,1790507435,0x65d3f783f7a9f2a30cf70a8b3f6789fe98779086,3:0,500,0x3e00000024,10,5,5 0 0 0 0 0 0 0,1793229170
287,9,23019026,1790507449,0x65d3f783f7a9f2a30cf70a8b3f6789fe98779086,4:0,500,0x7c0000000004,8,5,5 0 0 0 0 0 0 0,1793250770
287,10,23019046,1790507459,0x65d3f783f7a9f2a30cf70a8b3f6789fe98779086,8:0,500,0x7c0000000000000000038,26,13,13 0 0 0 0 0 0 0,1793272370
287,11,23019067,1790507470,0x65d3f783f7a9f2a30cf70a8b3f6789fe98779086,9:0,500,0xf8000000000000000000012,5,4,4 0 0 0 0 0 0 0,1793293970
287,12,23019087,1790507480,0x65d3f783f7a9f2a30cf70a8b3f6789fe98779086,10:0,500,0x1f00000000000000000000000f,5,4,4 0 0 0 0 0 0 0,1793315570
287,13,23019116,1790507494,0x65d3f783f7a9f2a30cf70a8b3f6789fe98779086,11:0,500,0x3e0000000000000000000000001f,6,4,4 0 0 0 0 0 0 0,1793337170
287,14,23019138,1790507506,0x65d3f783f7a9f2a30cf70a8b3f6789fe98779086,12:0,500,0x7c000000000000000000000000000f,5,4,4 0 0 0 0 0 0 0,1793358770
287,15,23019160,1790507517,0x65d3f783f7a9f2a30cf70a8b3f6789fe98779086,13:0,500,0xf8000000000000000000000000000030,8,4,4 0 0 0 0 0 0 0,1793380370
31,17,23019173,1790507523,0xac79fd6008b971723d16974cdb23ad70ecc00bee,12:0,500,0x7c0000000000000000000000000003,5,4,4 0 0 0 0 0 0 0,1793370992
287,16,23019181,1790507527,0x65d3f783f7a9f2a30cf70a8b3f6789fe98779086,14:0,500,0x1f000000000000000000000000000000016,7,4,4 0 0 0 0 0 0 0,1793401970
31,18,23019189,1790507532,0xac79fd6008b971723d16974cdb23ad70ecc00bee,1:0,500,0xf8027,9,5,5 0 0 0 0 0 0 0,1793392592
287,17,23019201,1790507538,0x65d3f783f7a9f2a30cf70a8b3f6789fe98779086,15:0,500,0x3e00000000000000000000000000000000023,6,4,4 0 0 0 0 0 0 0,1793423570
31,19,23019217,1790507546,0xac79fd6008b971723d16974cdb23ad70ecc00bee,4:0,500,0x7c000000003e,27,15,15 0 0 0 0 0 0 0,1793414192
287,18,23019221,1790507548,0x65d3f783f7a9f2a30cf70a8b3f6789fe98779086,16:0,500,0x7c000000000000000000000000000000000003d,16,9,9 0 0 0 0 0 0 0,1793445170
31,20,23019237,1790507556,0xac79fd6008b971723d16974cdb23ad70ecc00bee,16:0,500,0x7c000000000000000000000000000000000003b,6,4,4 0 0 0 0 0 0 0,1793435792
287,19,23019241,1790507558,0x65d3f783f7a9f2a30cf70a8b3f6789fe98779086,17:0,500,0xf8000000000000000000000000000000000000015,7,4,4 0 0 0 0 0 0 0,1793466770
31,21,23019254,1790507564,0xac79fd6008b971723d16974cdb23ad70ecc00bee,18:0,500,0x1f00000000000000000000000000000000000000002a,7,4,4 0 0 0 0 0 0 0,1793457392
287,20,23019263,1790507569,0x65d3f783f7a9f2a30cf70a8b3f6789fe98779086,18:0,500,0x1f00000000000000000000000000000000000000001f,7,4,4 0 0 0 0 0 0 0,1793488370
287,21,23019288,1790507582,0x65d3f783f7a9f2a30cf70a8b3f6789fe98779086,19:0,500,0x3e0000000000000000000000000000000000000000003c,8,4,4 0 0 0 0 0 0 0,1793509970
158,9,23020629,1790508262,0x574b60bc1a42becb1de3972751e9238c26c9cccf,12:2,4000,0x3fc0000000000000000000000000008,17,12,12 0 0 0 0 0 0 0,1793211025
156,9,23020705,1790508300,0x574b60bc1a42becb1de3972751e9238c26c9cccf,15:2,4000,0x1fe00000000000000000000000000000000030,11,8,8 0 0 0 0 0 0 0,1793210675
159,9,23020769,1790508333,0x574b60bc1a42becb1de3972751e9238c26c9cccf,17:2,4000,0x7f8000000000000000000000000000000000000023,17,12,12 0 0 0 0 0 0 0,1793211053
31,22,23020814,1790508356,0xac79fd6008b971723d16974cdb23ad70ecc00bee,19:0,500,0x3e0000000000000000000000000000000000000000001b,13,8,8 0 0 0 0 0 0 0,1793478992
31,23,23020830,1790508364,0xac79fd6008b971723d16974cdb23ad70ecc00bee,13:0,500,0xf8000000000000000000000000000026,8,4,4 0 0 0 0 0 0 0,1793500592
320,5,23021379,1790508642,0xa754afb7549fce6e666bfcd6d4a4064c7d732d0e,11:1,2000,0xfe0000000000000000000000003a,6,4,4 0 0 0 0 0 0 0,1793175656
246,3,23022082,1790508999,0xe79ca7d5c265c93be2b23e4e04ba9d8357622db7,1:0,500,0xf801c,9,5,5 0 0 0 0 0 0 0,1793100290
305,8,23023395,1790509665,0xa754afb7549fce6e666bfcd6d4a4064c7d732d0e,13:1,2000,0x3f8000000000000000000000000000017,13,8,8 0 0 0 0 0 0 0,1793238573
246,4,23025095,1790510527,0xe79ca7d5c265c93be2b23e4e04ba9d8357622db7,9:0,500,0xf8000000000000000000021,5,4,4 0 0 0 0 0 0 0,1793121890
63,14,23026461,1790511220,0x62ff01f014f0da446e02a62392538f36a83a2659,1:2,4000,0x7f8015,19,10,10 0 0 0 0 0 0 0,1793309193
68,8,23026503,1790511241,0x62ff01f014f0da446e02a62392538f36a83a2659,19:2,4000,0x1fe00000000000000000000000000000000000000000028,21,12,12 0 0 0 0 0 0 0,1793179741
70,13,23026553,1790511267,0x62ff01f014f0da446e02a62392538f36a83a2659,15:2,4000,0x1fe00000000000000000000000000000000034,15,12,12 0 0 0 0 0 0 0,1793287871
40,3,23030198,1790513116,0xca6f14b85541f79aff1e985e6d6373aa142ef93a,5:0,500,0xf8000000000011,6,4,4 0 0 0 0 0 0 0,1793069601
34,2,23030245,1790513139,0xa9db421e7f6afa0d7158d51bdc4aa279eb788e0c,2:0,500,0x1f00002c,16,10,10 0 0 0 0 0 0 0,1793047337
23,22,23033250,1790514664,0x0349cd3a83006bc4f057f553f221d69bd7a6c504,13:0,500,0xf800000000000000000000000000000b,8,4,4 0 0 0 0 0 0 0,1793477044
23,23,23033276,1790514677,0x0349cd3a83006bc4f057f553f221d69bd7a6c504,14:0,500,0x1f000000000000000000000000000000021,7,4,4 0 0 0 0 0 0 0,1793498644
23,24,23033298,1790514688,0x0349cd3a83006bc4f057f553f221d69bd7a6c504,15:0,500,0x3e00000000000000000000000000000000039,20,13,13 0 0 0 0 0 0 0,1793520244
23,25,23033338,1790514708,0x0349cd3a83006bc4f057f553f221d69bd7a6c504,15:0,500,0x3e00000000000000000000000000000000008,6,4,4 0 0 0 0 0 0 0,1793541844
23,26,23033365,1790514722,0x0349cd3a83006bc4f057f553f221d69bd7a6c504,16:0,500,0x7c000000000000000000000000000000000000f,6,4,4 0 0 0 0 0 0 0,1793563444
23,27,23033401,1790514741,0x0349cd3a83006bc4f057f553f221d69bd7a6c504,17:0,500,0xf800000000000000000000000000000000000000b,7,4,4 0 0 0 0 0 0 0,1793585044
23,28,23033423,1790514751,0x0349cd3a83006bc4f057f553f221d69bd7a6c504,18:0,500,0x1f000000000000000000000000000000000000000027,12,8,8 0 0 0 0 0 0 0,1793606644
23,29,23033534,1790514808,0x0349cd3a83006bc4f057f553f221d69bd7a6c504,19:0,500,0x3e00000000000000000000000000000000000000000011,13,8,8 0 0 0 0 0 0 0,1793628244
23,30,23033557,1790514819,0x0349cd3a83006bc4f057f553f221d69bd7a6c504,9:0,500,0xf8000000000000000000035,12,8,8 0 0 0 0 0 0 0,1793649844
23,31,23033587,1790514835,0x0349cd3a83006bc4f057f553f221d69bd7a6c504,10:0,500,0x1f00000000000000000000002e,8,8,8 0 0 0 0 0 0 0,1793671444
23,32,23033608,1790514845,0x0349cd3a83006bc4f057f553f221d69bd7a6c504,11:0,500,0x3e00000000000000000000000038,24,13,13 0 0 0 0 0 0 0,1793693044
23,33,23033628,1790514855,0x0349cd3a83006bc4f057f553f221d69bd7a6c504,8:0,500,0x7c000000000000000002f,8,4,4 0 0 0 0 0 0 0,1793714644
23,34,23033653,1790514868,0x0349cd3a83006bc4f057f553f221d69bd7a6c504,7:0,500,0x3e00000000000000002,16,8,8 0 0 0 0 0 0 0,1793736244
23,35,23033679,1790514881,0x0349cd3a83006bc4f057f553f221d69bd7a6c504,6:0,500,0x1f000000000000031,5,4,4 0 0 0 0 0 0 0,1793757844
23,36,23033706,1790514895,0x0349cd3a83006bc4f057f553f221d69bd7a6c504,5:0,500,0xf800000000001d,6,4,4 0 0 0 0 0 0 0,1793779444
23,37,23033731,1790514908,0x0349cd3a83006bc4f057f553f221d69bd7a6c504,4:0,500,0x7c0000000039,17,10,10 0 0 0 0 0 0 0,1793801044
23,38,23033754,1790514919,0x0349cd3a83006bc4f057f553f221d69bd7a6c504,3:0,500,0x3e00000035,29,15,15 0 0 0 0 0 0 0,1793822644
23,39,23033776,1790514930,0x0349cd3a83006bc4f057f553f221d69bd7a6c504,2:0,500,0x1f000028,8,5,5 0 0 0 0 0 0 0,1793844244
23,40,23033804,1790514945,0x0349cd3a83006bc4f057f553f221d69bd7a6c504,1:0,500,0xf8010,19,10,10 0 0 0 0 0 0 0,1793865844
246,5,23034260,1790515176,0xe79ca7d5c265c93be2b23e4e04ba9d8357622db7,9:0,500,0xf8000000000000000000007,12,8,8 0 0 0 0 0 0 0,1793143490
271,5,23035040,1790515571,0xd00226b73bab097e97c6df416dc031df7c4b5af1,1:1,2000,0x3f802d,19,10,10 0 0 0 0 0 0 0,1793147917
271,6,23035237,1790515672,0xd00226b73bab097e97c6df416dc031df7c4b5af1,12:1,2000,0x1fc0000000000000000000000000024,5,4,4 0 0 0 0 0 0 0,1793169517
306,5,23035243,1790515674,0xa754afb7549fce6e666bfcd6d4a4064c7d732d0e,13:1,2000,0x3f800000000000000000000000000001f,18,9,9 0 0 0 0 0 0 0,1793174099
300,2,23035891,1790516003,0x1b1829e31d3f85210ea84c2b62f59faa47687c7e,8:0,500,0x7c0000000000000000027,8,4,4 0 0 0 0 0 0 0,1793107725
14,6,23036018,1790516067,0x1b1829e31d3f85210ea84c2b62f59faa47687c7e,8:0,500,0x7c000000000000000003e,8,4,4 0 0 0 0 0 0 0,1793130799
300,3,23036096,1790516107,0x1b1829e31d3f85210ea84c2b62f59faa47687c7e,9:0,500,0xf8000000000000000000036,5,4,4 0 0 0 0 0 0 0,1793129325
263,3,23036512,1790516318,0xf991ce4c19d613495b2689d0452e806c3b354f8c,15:1,2000,0xfe0000000000000000000000000000000001e,6,4,4 0 0 0 0 0 0 0,1793102487
198,3,23036788,1790516458,0x9194331dc33cde506a635cb2bde30a88246cb9cf,1:0,500,0xf801c,19,10,10 0 0 0 0 0 0 0,1793089500
228,1,23038334,1790517243,0xca455075041d8af4723892825b3e45e685ee1e0d,7:0,500,0x3e0000000000000000a,8,4,4 0 0 0 0 0 0 0,1793054242
229,1,23038341,1790517246,0x871c8e4a223b9fdff258d117d106d990629c3d68,15:0,500,0x3e00000000000000000000000000000000002,6,4,4 0 0 0 0 0 0 0,1793054243
235,1,23040003,1790518090,0xaf88695762861f15b620b242c56d919f0d0ce612,10:0,500,0x1f00000000000000000000003a,5,4,4 0 0 0 0 0 0 0,1793055497
332,2,23040003,1790518090,0x7d0aa09db8d2018d8de6def866824d111444bf4b,17:0,500,0xf800000000000000000000000000000000000002c,7,4,4 0 0 0 0 0 0 0,1793114772
201,3,23040434,1790518309,0xaf88695762861f15b620b242c56d919f0d0ce612,11:0,500,0x3e00000000000000000000000001,6,4,4 0 0 0 0 0 0 0,1793090062
235,2,23040699,1790518444,0xaf88695762861f15b620b242c56d919f0d0ce612,10:0,500,0x1f00000000000000000000002c,8,8,8 0 0 0 0 0 0 0,1793077097
36,4,23041494,1790518847,0xf410f5824a53bdeedb76f7d280bccad40538c523,1:0,500,0xf8037,9,5,5 0 0 0 0 0 0 0,1793090914
175,3,23041629,1790518916,0x224e633c9632a51de2f6225a7620dc46b2d58b08,1:2,4000,0x7f8039,29,15,15 0 0 0 0 0 0 0,1793084426
177,2,23041669,1790518936,0x224e633c9632a51de2f6225a7620dc46b2d58b08,9:2,4000,0x7f800000000000000000003f,17,12,12 0 0 0 0 0 0 0,1793063080
181,2,23041684,1790518944,0x224e633c9632a51de2f6225a7620dc46b2d58b08,19:2,4000,0x1fe00000000000000000000000000000000000000000036,16,8,8 0 0 0 0 0 0 0,1793063482
218,4,23041701,1790518953,0xb3aa0c5049d7e1c9abf88d612c10b8d792383464,18:2,4000,0xff00000000000000000000000000000000000000001f,14,8,8 0 0 0 0 0 0 0,1793116888
218,5,23041891,1790519049,0xb3aa0c5049d7e1c9abf88d612c10b8d792383464,10:2,4000,0xff00000000000000000000002a,13,8,8 0 0 0 0 0 0 0,1793138488
218,6,23041942,1790519075,0xb3aa0c5049d7e1c9abf88d612c10b8d792383464,7:2,4000,0x1fe00000000000000001,32,16,16 0 0 0 0 0 0 0,1793160088
144,2,23042301,1790519257,0x3db88affb909228a6f134074bdfdeaee28dc207a,5:1,2000,0x3f8000000000012,6,4,4 0 0 0 0 0 0 0,1793057500
145,2,23042343,1790519279,0x3db88affb909228a6f134074bdfdeaee28dc207a,6:1,2000,0x7f000000000000037,5,4,4 0 0 0 0 0 0 0,1793057737
146,2,23042396,1790519305,0x3db88affb909228a6f134074bdfdeaee28dc207a,16:1,2000,0x1fc0000000000000000000000000000000000034,6,4,4 0 0 0 0 0 0 0,1793057949
149,2,23042597,1790519407,0x38c16e94e79383a5906449fc84477c1a7b19b613,5:1,2000,0x3f8000000000012,6,4,4 0 0 0 0 0 0 0,1793058626
151,2,23042652,1790519435,0x38c16e94e79383a5906449fc84477c1a7b19b613,10:1,2000,0x7f00000000000000000000003d,8,8,8 0 0 0 0 0 0 0,1793058684
152,2,23042704,1790519462,0x38c16e94e79383a5906449fc84477c1a7b19b613,19:1,2000,0xfe00000000000000000000000000000000000000000033,13,8,8 0 0 0 0 0 0 0,1793058759
203,2,23042824,1790519523,0x5eee54755344c65af3e0a76d4e970cdc42984b67,8:1,2000,0x1fc0000000000000000024,8,4,4 0 0 0 0 0 0 0,1793068850
204,2,23042911,1790519567,0x5eee54755344c65af3e0a76d4e970cdc42984b67,13:1,2000,0x3f8000000000000000000000000000016,8,4,4 0 0 0 0 0 0 0,1793069023
205,2,23042972,1790519598,0x5eee54755344c65af3e0a76d4e970cdc42984b67,17:1,2000,0x3f8000000000000000000000000000000000000033,7,4,4 0 0 0 0 0 0 0,1793069098
211,3,23043769,1790520002,0xbcd76fa66f9edc46065f4f27fd634ca15a0b1c72,1:0,500,0xf801c,19,10,10 0 0 0 0 0 0 0,1793093533
212,2,23043788,1790520012,0xbcd76fa66f9edc46065f4f27fd634ca15a0b1c72,1:0,500,0xf8007,9,5,5 0 0 0 0 0 0 0,1793072256
12,4,23043918,1790520078,0xc0e1ff5b6ec47f15aebfe859b8ab4a566fe61752,2:0,500,0x1f000032,16,10,10 0 0 0 0 0 0 0,1793087558
247,7,23044145,1790520194,0xc7f1dce49db860c865ce34e4eb65dbef625919ef,10:1,2000,0x7f000000000000000000000012,8,8,8 0 0 0 0 0 0 0,1793186761
264,4,23044221,1790520232,0xc7f1dce49db860c865ce34e4eb65dbef625919ef,16:0,500,0x7c0000000000000000000000000000000000007,14,8,8 0 0 0 0 0 0 0,1793124557
27,9,23044252,1790520248,0x81b4bf458a73ea46fadd46ee8236e5f94c4eb8e0,12:2,4000,0x3fc0000000000000000000000000008,27,17,17 0 0 0 0 0 0 0,1793197950
211,4,23044337,1790520291,0xbcd76fa66f9edc46065f4f27fd634ca15a0b1c72,2:0,500,0x1f000032,16,10,10 0 0 0 0 0 0 0,1793115133
27,10,23044381,1790520313,0x81b4bf458a73ea46fadd46ee8236e5f94c4eb8e0,8:2,4000,0x3fc0000000000000000018,14,8,8 0 0 0 0 0 0 0,1793219550
212,3,23044397,1790520321,0xbcd76fa66f9edc46065f4f27fd634ca15a0b1c72,2:0,500,0x1f000028,8,5,5 0 0 0 0 0 0 0,1793093856
23,41,23044536,1790520392,0x0349cd3a83006bc4f057f553f221d69bd7a6c504,1:0,500,0xf8002,9,5,5 0 0 0 0 0 0 0,1793887444
15,7,23044657,1790520453,0xe6e5a8b9c4a0cd805f06b565b6f2857923cc6b11,19:0,500,0x3e0000000000000000000000000000000000000000003b,13,8,8 0 0 0 0 0 0 0,1793152463
15,8,23044814,1790520533,0xe6e5a8b9c4a0cd805f06b565b6f2857923cc6b11,15:0,500,0x3e00000000000000000000000000000000032,16,9,9 0 0 0 0 0 0 0,1793174063
76,24,23044895,1790520574,0x3f62ae0c7ed24dcd2b52c1c224296519b02df00d,1:0,500,0xf8022,9,5,5 0 0 0 0 0 0 0,1793525955
76,25,23044929,1790520592,0x3f62ae0c7ed24dcd2b52c1c224296519b02df00d,2:0,500,0x1f000014,16,10,10 0 0 0 0 0 0 0,1793547555
76,26,23044985,1790520620,0x3f62ae0c7ed24dcd2b52c1c224296519b02df00d,3:0,500,0x3e0000002a,10,5,5 0 0 0 0 0 0 0,1793569155
76,27,23045014,1790520635,0x3f62ae0c7ed24dcd2b52c1c224296519b02df00d,4:0,500,0x7c0000000004,17,10,10 0 0 0 0 0 0 0,1793590755
15,9,23045029,1790520643,0xe6e5a8b9c4a0cd805f06b565b6f2857923cc6b11,1:0,500,0xf803a,9,5,5 0 0 0 0 0 0 0,1793195663
76,28,23045052,1790520654,0x3f62ae0c7ed24dcd2b52c1c224296519b02df00d,5:0,500,0xf800000000001b,14,9,9 0 0 0 0 0 0 0,1793612355
15,10,23045089,1790520673,0xe6e5a8b9c4a0cd805f06b565b6f2857923cc6b11,2:0,500,0x1f000002,8,5,5 0 0 0 0 0 0 0,1793217263
76,29,23045100,1790520678,0x3f62ae0c7ed24dcd2b52c1c224296519b02df00d,6:0,500,0x1f000000000000029,12,8,8 0 0 0 0 0 0 0,1793633955
76,30,23045125,1790520691,0x3f62ae0c7ed24dcd2b52c1c224296519b02df00d,7:0,500,0x3e00000000000000005,16,8,8 0 0 0 0 0 0 0,1793655555
76,31,23045152,1790520705,0x3f62ae0c7ed24dcd2b52c1c224296519b02df00d,8:0,500,0x7c0000000000000000025,16,8,8 0 0 0 0 0 0 0,1793677155
76,32,23045188,1790520723,0x3f62ae0c7ed24dcd2b52c1c224296519b02df00d,9:0,500,0xf8000000000000000000036,22,13,13 0 0 0 0 0 0 0,1793698755
76,33,23045220,1790520739,0x3f62ae0c7ed24dcd2b52c1c224296519b02df00d,10:0,500,0x1f000000000000000000000002,8,8,8 0 0 0 0 0 0 0,1793720355
15,11,23045221,1790520740,0xe6e5a8b9c4a0cd805f06b565b6f2857923cc6b11,3:0,500,0x3e0000002f,10,5,5 0 0 0 0 0 0 0,1793238863
76,34,23045243,1790520751,0x3f62ae0c7ed24dcd2b52c1c224296519b02df00d,11:0,500,0x3e0000000000000000000000003e,14,8,8 0 0 0 0 0 0 0,1793741955
143,18,23045263,1790520761,0xb2732bc83797a44d7368b04b95879f582723346f,19:0,500,0x3e00000000000000000000000000000000000000000011,8,4,4 0 0 0 0 0 0 0,1793402723
76,35,23045267,1790520763,0x3f62ae0c7ed24dcd2b52c1c224296519b02df00d,12:0,500,0x7c0000000000000000000000000026,13,8,8 0 0 0 0 0 0 0,1793763555
15,12,23045274,1790520767,0xe6e5a8b9c4a0cd805f06b565b6f2857923cc6b11,4:0,500,0x7c0000000016,17,10,10 0 0 0 0 0 0 0,1793260463
76,36,23045296,1790520778,0x3f62ae0c7ed24dcd2b52c1c224296519b02df00d,13:0,500,0xf8000000000000000000000000000010,13,8,8 0 0 0 0 0 0 0,1793785155
76,37,23045321,1790520791,0x3f62ae0c7ed24dcd2b52c1c224296519b02df00d,14:0,500,0x1f00000000000000000000000000000002b,13,8,8 0 0 0 0 0 0 0,1793806755
76,38,23045345,1790520803,0x3f62ae0c7ed24dcd2b52c1c224296519b02df00d,15:0,500,0x3e00000000000000000000000000000000013,6,4,4 0 0 0 0 0 0 0,1793828355
15,13,23045371,1790520816,0xe6e5a8b9c4a0cd805f06b565b6f2857923cc6b11,6:0,500,0x1f00000000000003f,5,4,4 0 0 0 0 0 0 0,1793282063
76,39,23045376,1790520818,0x3f62ae0c7ed24dcd2b52c1c224296519b02df00d,16:0,500,0x7c0000000000000000000000000000000000015,14,8,8 0 0 0 0 0 0 0,1793849955
76,40,23045400,1790520831,0x3f62ae0c7ed24dcd2b52c1c224296519b02df00d,17:0,500,0xf8000000000000000000000000000000000000029,17,9,9 0 0 0 0 0 0 0,1793871555
15,14,23045431,1790520846,0xe6e5a8b9c4a0cd805f06b565b6f2857923cc6b11,7:0,500,0x3e0000000000000001d,18,9,9 0 0 0 0 0 0 0,1793303663
76,41,23045487,1790520875,0x3f62ae0c7ed24dcd2b52c1c224296519b02df00d,18:0,500,0x1f000000000000000000000000000000000000000031,7,4,4 0 0 0 0 0 0 0,1793893155
15,15,23045494,1790520878,0xe6e5a8b9c4a0cd805f06b565b6f2857923cc6b11,8:0,500,0x7c0000000000000000029,8,4,4 0 0 0 0 0 0 0,1793325263
76,42,23045510,1790520887,0x3f62ae0c7ed24dcd2b52c1c224296519b02df00d,19:0,500,0x3e0000000000000000000000000000000000000000003f,13,8,8 0 0 0 0 0 0 0,1793914755
15,16,23045568,1790520916,0xe6e5a8b9c4a0cd805f06b565b6f2857923cc6b11,9:0,500,0xf8000000000000000000004,12,8,8 0 0 0 0 0 0 0,1793346863
15,17,23045648,1790520957,0xe6e5a8b9c4a0cd805f06b565b6f2857923cc6b11,10:0,500,0x1f00000000000000000000003c,5,4,4 0 0 0 0 0 0 0,1793368463
15,18,23045726,1790520997,0xe6e5a8b9c4a0cd805f06b565b6f2857923cc6b11,12:0,500,0x7c000000000000000000000000003b,13,8,8 0 0 0 0 0 0 0,1793390063
15,19,23045798,1790521033,0xe6e5a8b9c4a0cd805f06b565b6f2857923cc6b11,13:0,500,0xf8000000000000000000000000000005,8,4,4 0 0 0 0 0 0 0,1793411663
15,20,23045862,1790521066,0xe6e5a8b9c4a0cd805f06b565b6f2857923cc6b11,14:0,500,0x1f000000000000000000000000000000030,17,9,9 0 0 0 0 0 0 0,1793433263
15,21,23045930,1790521100,0xe6e5a8b9c4a0cd805f06b565b6f2857923cc6b11,15:0,500,0x3e00000000000000000000000000000000030,10,8,8 0 0 0 0 0 0 0,1793454863
4,18,23045987,1790521129,0x1a3a0e6f222e823cc8d0f39d87042f88ab763872,1:0,500,0xf8027,19,10,10 0 0 0 0 0 0 0,1793389746
15,22,23045998,1790521135,0xe6e5a8b9c4a0cd805f06b565b6f2857923cc6b11,16:1,2000,0x1fc000000000000000000000000000000000002a,6,4,4 0 0 0 0 0 0 0,1793476463
4,19,23046015,1790521143,0x1a3a0e6f222e823cc8d0f39d87042f88ab763872,19:0,500,0x3e00000000000000000000000000000000000000000023,8,4,4 0 0 0 0 0 0 0,1793411346
15,23,23046067,1790521169,0xe6e5a8b9c4a0cd805f06b565b6f2857923cc6b11,17:2,4000,0x7f8000000000000000000000000000000000000026,15,12,12 0 0 0 0 0 0 0,1793498063
4,20,23046124,1790521198,0x1a3a0e6f222e823cc8d0f39d87042f88ab763872,1:0,500,0xf800d,19,10,10 0 0 0 0 0 0 0,1793432946
4,21,23046143,1790521208,0x1a3a0e6f222e823cc8d0f39d87042f88ab763872,4:0,500,0x7c0000000028,17,10,10 0 0 0 0 0 0 0,1793454546
15,24,23046161,1790521217,0xe6e5a8b9c4a0cd805f06b565b6f2857923cc6b11,19:0,500,0x3e0000000000000000000000000000000000000000002a,8,4,4 0 0 0 0 0 0 0,1793519663
4,22,23046161,1790521217,0x1a3a0e6f222e823cc8d0f39d87042f88ab763872,5:0,500,0xf8000000000015,14,9,9 0 0 0 0 0 0 0,1793476146
4,23,23046191,1790521232,0x1a3a0e6f222e823cc8d0f39d87042f88ab763872,6:0,500,0x1f000000000000004,12,8,8 0 0 0 0 0 0 0,1793497746
4,24,23046219,1790521247,0x1a3a0e6f222e823cc8d0f39d87042f88ab763872,8:0,500,0x7c000000000000000001b,16,8,8 0 0 0 0 0 0 0,1793519346
4,25,23046235,1790521255,0x1a3a0e6f222e823cc8d0f39d87042f88ab763872,9:0,500,0xf8000000000000000000023,12,8,8 0 0 0 0 0 0 0,1793540946
4,26,23046268,1790521271,0x1a3a0e6f222e823cc8d0f39d87042f88ab763872,10:0,500,0x1f00000000000000000000001d,8,8,8 0 0 0 0 0 0 0,1793562546
4,27,23046293,1790521284,0x1a3a0e6f222e823cc8d0f39d87042f88ab763872,11:0,500,0x3e00000000000000000000000035,16,9,9 0 0 0 0 0 0 0,1793584146
4,28,23046317,1790521296,0x1a3a0e6f222e823cc8d0f39d87042f88ab763872,12:1,2000,0x1fc000000000000000000000000001b,5,4,4 0 0 0 0 0 0 0,1793605746
4,29,23046340,1790521308,0x1a3a0e6f222e823cc8d0f39d87042f88ab763872,13:0,500,0xf800000000000000000000000000000a,13,8,8 0 0 0 0 0 0 0,1793627346
4,30,23046356,1790521316,0x1a3a0e6f222e823cc8d0f39d87042f88ab763872,14:0,500,0x1f000000000000000000000000000000028,7,4,4 0 0 0 0 0 0 0,1793648946
23,42,23046397,1790521337,0x0349cd3a83006bc4f057f553f221d69bd7a6c504,1:0,500,0xf8023,19,10,10 0 0 0 0 0 0 0,1793909044
77,24,23046419,1790521348,0x3f62ae0c7ed24dcd2b52c1c224296519b02df00d,1:0,500,0xf8022,9,5,5 0 0 0 0 0 0 0,1793526045
23,43,23046427,1790521352,0x0349cd3a83006bc4f057f553f221d69bd7a6c504,2:0,500,0x1f000020,16,10,10 0 0 0 0 0 0 0,1793930644
77,25,23046443,1790521360,0x3f62ae0c7ed24dcd2b52c1c224296519b02df00d,5:0,500,0xf800000000001f,14,9,9 0 0 0 0 0 0 0,1793547645
23,44,23046453,1790521365,0x0349cd3a83006bc4f057f553f221d69bd7a6c504,3:0,500,0x3e00000020,10,5,5 0 0 0 0 0 0 0,1793952244
4,31,23046454,1790521366,0x1a3a0e6f222e823cc8d0f39d87042f88ab763872,16:0,500,0x7c0000000000000000000000000000000000003,14,8,8 0 0 0 0 0 0 0,1793670546
173,2,23046465,1790521371,0x1ffb740eabe3d5fde7052df1e82a1df6fac2633e,19:0,500,0x3e00000000000000000000000000000000000000000015,8,4,4 0 0 0 0 0 0 0,1793062686
77,26,23046466,1790521372,0x3f62ae0c7ed24dcd2b52c1c224296519b02df00d,9:0,500,0xf800000000000000000000f,5,4,4 0 0 0 0 0 0 0,1793569245
4,32,23046485,1790521382,0x1a3a0e6f222e823cc8d0f39d87042f88ab763872,17:0,500,0xf800000000000000000000000000000000000002c,7,4,4 0 0 0 0 0 0 0,1793692146
23,45,23046496,1790521387,0x0349cd3a83006bc4f057f553f221d69bd7a6c504,4:0,500,0x7c0000000022,8,5,5 0 0 0 0 0 0 0,1793973844
77,27,23046503,1790521391,0x3f62ae0c7ed24dcd2b52c1c224296519b02df00d,12:0,500,0x7c000000000000000000000000003a,23,13,13 0 0 0 0 0 0 0,1793590845
4,33,23046508,1790521394,0x1a3a0e6f222e823cc8d0f39d87042f88ab763872,18:0,500,0x1f000000000000000000000000000000000000000007,7,4,4 0 0 0 0 0 0 0,1793713746
77,28,23046537,1790521408,0x3f62ae0c7ed24dcd2b52c1c224296519b02df00d,16:0,500,0x7c0000000000000000000000000000000000015,14,8,8 0 0 0 0 0 0 0,1793612445
174,2,23046537,1790521408,0x1ffb740eabe3d5fde7052df1e82a1df6fac2633e,19:1,2000,0xfe00000000000000000000000000000000000000000033,13,8,8 0 0 0 0 0 0 0,1793062779
23,46,23046552,1790521416,0x0349cd3a83006bc4f057f553f221d69bd7a6c504,4:0,500,0x7c0000000000,17,10,10 0 0 0 0 0 0 0,1793995444
77,29,23046570,1790521425,0x3f62ae0c7ed24dcd2b52c1c224296519b02df00d,19:0,500,0x3e00000000000000000000000000000000000000000011,13,8,8 0 0 0 0 0 0 0,1793634045
23,47,23046578,1790521429,0x0349cd3a83006bc4f057f553f221d69bd7a6c504,5:0,500,0xf8000000000013,14,9,9 0 0 0 0 0 0 0,1794017044
23,48,23046600,1790521440,0x0349cd3a83006bc4f057f553f221d69bd7a6c504,6:0,500,0x1f000000000000006,12,8,8 0 0 0 0 0 0 0,1794038644
77,30,23046602,1790521441,0x3f62ae0c7ed24dcd2b52c1c224296519b02df00d,2:0,500,0x1f000003,16,10,10 0 0 0 0 0 0 0,1793655645
23,49,23046621,1790521451,0x0349cd3a83006bc4f057f553f221d69bd7a6c504,7:0,500,0x3e00000000000000007,8,4,4 0 0 0 0 0 0 0,1794060244
77,31,23046635,1790521458,0x3f62ae0c7ed24dcd2b52c1c224296519b02df00d,6:0,500,0x1f000000000000032,12,8,8 0 0 0 0 0 0 0,1793677245
23,50,23046642,1790521461,0x0349cd3a83006bc4f057f553f221d69bd7a6c504,8:0,500,0x7c0000000000000000002,16,8,8 0 0 0 0 0 0 0,1794081844
23,51,23046663,1790521472,0x0349cd3a83006bc4f057f553f221d69bd7a6c504,9:0,500,0xf800000000000000000002e,15,9,9 0 0 0 0 0 0 0,1794103444
77,32,23046664,1790521473,0x3f62ae0c7ed24dcd2b52c1c224296519b02df00d,10:0,500,0x1f000000000000000000000005,5,4,4 0 0 0 0 0 0 0,1793698845
176,3,23046672,1790521477,0x1ffb740eabe3d5fde7052df1e82a1df6fac2633e,8:2,4000,0x3fc0000000000000000033,14,8,8 0 0 0 0 0 0 0,1793084584
23,52,23046683,1790521482,0x0349cd3a83006bc4f057f553f221d69bd7a6c504,10:0,500,0x1f000000000000000000000021,5,4,4 0 0 0 0 0 0 0,1794125044
6,6,23046694,1790521488,0x1a3a0e6f222e823cc8d0f39d87042f88ab763872,1:0,500,0xf8025,19,10,10 0 0 0 0 0 0 0,1793130597
77,33,23046702,1790521492,0x3f62ae0c7ed24dcd2b52c1c224296519b02df00d,13:0,500,0xf8000000000000000000000000000009,13,8,8 0 0 0 0 0 0 0,1793720445
23,53,23046704,1790521493,0x0349cd3a83006bc4f057f553f221d69bd7a6c504,11:0,500,0x3e00000000000000000000000034,6,4,4 0 0 0 0 0 0 0,1794146644
6,7,23046718,1790521500,0x1a3a0e6f222e823cc8d0f39d87042f88ab763872,2:0,500,0x1f00001c,16,10,10 0 0 0 0 0 0 0,1793152197
23,54,23046728,1790521505,0x0349cd3a83006bc4f057f553f221d69bd7a6c504,12:0,500,0x7c0000000000000000000000000023,5,4,4 0 0 0 0 0 0 0,1794168244
77,34,23046734,1790521508,0x3f62ae0c7ed24dcd2b52c1c224296519b02df00d,17:0,500,0xf8000000000000000000000000000000000000021,10,8,8 0 0 0 0 0 0 0,1793742045
23,55,23046750,1790521516,0x0349cd3a83006bc4f057f553f221d69bd7a6c504,13:0,500,0xf800000000000000000000000000002d,13,8,8 0 0 0 0 0 0 0,1794189844
77,35,23046767,1790521525,0x3f62ae0c7ed24dcd2b52c1c224296519b02df00d,3:0,500,0x3e00000033,19,10,10 0 0 0 0 0 0 0,1793763645
23,56,23046772,1790521527,0x0349cd3a83006bc4f057f553f221d69bd7a6c504,14:0,500,0x1f000000000000000000000000000000006,13,8,8 0 0 0 0 0 0 0,1794211444
77,36,23046791,1790521537,0x3f62ae0c7ed24dcd2b52c1c224296519b02df00d,7:0,500,0x3e00000000000000030,26,13,13 0 0 0 0 0 0 0,1793785245
23,57,23046792,1790521537,0x0349cd3a83006bc4f057f553f221d69bd7a6c504,15:0,500,0x3e0000000000000000000000000000000000a,10,8,8 0 0 0 0 0 0 0,1794233044
23,58,23046814,1790521549,0x0349cd3a83006bc4f057f553f221d69bd7a6c504,16:0,500,0x7c000000000000000000000000000000000003f,24,13,13 0 0 0 0 0 0 0,1794254644
77,37,23046814,1790521549,0x3f62ae0c7ed24dcd2b52c1c224296519b02df00d,11:0,500,0x3e0000000000000000000000003f,14,8,8 0 0 0 0 0 0 0,1793806845
23,59,23046835,1790521559,0x0349cd3a83006bc4f057f553f221d69bd7a6c504,17:0,500,0xf8000000000000000000000000000000000000004,10,8,8 0 0 0 0 0 0 0,1794276244
77,38,23046844,1790521564,0x3f62ae0c7ed24dcd2b52c1c224296519b02df00d,14:0,500,0x1f000000000000000000000000000000015,13,8,8 0 0 0 0 0 0 0,1793828445
23,60,23046872,1790521578,0x0349cd3a83006bc4f057f553f221d69bd7a6c504,18:0,500,0x1f00000000000000000000000000000000000000001c,7,4,4 0 0 0 0 0 0 0,1794297844
77,39,23046872,1790521578,0x3f62ae0c7ed24dcd2b52c1c224296519b02df00d,18:0,500,0x1f000000000000000000000000000000000000000004,7,4,4 0 0 0 0 0 0 0,1793850045
23,61,23046894,1790521589,0x0349cd3a83006bc4f057f553f221d69bd7a6c504,19:0,500,0x3e0000000000000000000000000000000000000000002f,8,4,4 0 0 0 0 0 0 0,1794319444
77,40,23046894,1790521589,0x3f62ae0c7ed24dcd2b52c1c224296519b02df00d,4:0,500,0x7c0000000017,17,10,10 0 0 0 0 0 0 0,1793871645
77,41,23046918,1790521601,0x3f62ae0c7ed24dcd2b52c1c224296519b02df00d,8:0,500,0x7c0000000000000000016,16,8,8 0 0 0 0 0 0 0,1793893245
77,42,23046943,1790521614,0x3f62ae0c7ed24dcd2b52c1c224296519b02df00d,15:0,500,0x3e0000000000000000000000000000000000a,10,8,8 0 0 0 0 0 0 0,1793914845
328,2,23047088,1790521688,0x0b1ba22af3fb3ad6247ba5d4413b6649edd40819,5:0,500,0xf8000000000023,6,4,4 0 0 0 0 0 0 0,1793113700
271,7,23047141,1790521715,0xd00226b73bab097e97c6df416dc031df7c4b5af1,1:1,2000,0x3f801a,19,10,10 0 0 0 0 0 0 0,1793191117
79,24,23047200,1790521745,0x3f62ae0c7ed24dcd2b52c1c224296519b02df00d,2:0,500,0x1f00003c,16,10,10 0 0 0 0 0 0 0,1793526218
79,25,23047224,1790521757,0x3f62ae0c7ed24dcd2b52c1c224296519b02df00d,5:1,2000,0x3f800000000001c,14,9,9 0 0 0 0 0 0 0,1793547818
79,26,23047250,1790521770,0x3f62ae0c7ed24dcd2b52c1c224296519b02df00d,7:0,500,0x3e00000000000000004,8,4,4 0 0 0 0 0 0 0,1793569418
79,27,23047276,1790521783,0x3f62ae0c7ed24dcd2b52c1c224296519b02df00d,6:0,500,0x1f000000000000021,12,8,8 0 0 0 0 0 0 0,1793591018
178,3,23047290,1790521791,0x3103136150ed5dde8332551f0be87fcb7131a954,19:1,2000,0xfe0000000000000000000000000000000000000000002e,13,8,8 0 0 0 0 0 0 0,1793084918
179,4,23047349,1790521820,0x3103136150ed5dde8332551f0be87fcb7131a954,19:1,2000,0xfe00000000000000000000000000000000000000000006,8,4,4 0 0 0 0 0 0 0,1793106542
199,4,23047361,1790521826,0x0b1ba22af3fb3ad6247ba5d4413b6649edd40819,19:2,4000,0x1fe0000000000000000000000000000000000000000003a,16,8,8 0 0 0 0 0 0 0,1793111401
79,28,23047386,1790521839,0x3f62ae0c7ed24dcd2b52c1c224296519b02df00d,1:0,500,0xf8024,19,10,10 0 0 0 0 0 0 0,1793612618
79,29,23047415,1790521854,0x3f62ae0c7ed24dcd2b52c1c224296519b02df00d,3:0,500,0x3e0000000b,10,5,5 0 0 0 0 0 0 0,1793634218
180,3,23047430,1790521861,0x3103136150ed5dde8332551f0be87fcb7131a954,1:1,2000,0x3f8000,9,5,5 0 0 0 0 0 0 0,1793084965
79,30,23047439,1790521866,0x3f62ae0c7ed24dcd2b52c1c224296519b02df00d,4:0,500,0x7c0000000036,17,10,10 0 0 0 0 0 0 0,1793655818
79,31,23047465,1790521879,0x3f62ae0c7ed24dcd2b52c1c224296519b02df00d,8:0,500,0x7c0000000000000000025,8,4,4 0 0 0 0 0 0 0,1793677418
79,32,23047488,1790521891,0x3f62ae0c7ed24dcd2b52c1c224296519b02df00d,11:0,500,0x3e00000000000000000000000038,14,8,8 0 0 0 0 0 0 0,1793699018
79,33,23047511,1790521903,0x3f62ae0c7ed24dcd2b52c1c224296519b02df00d,10:0,500,0x1f000000000000000000000002,5,4,4 0 0 0 0 0 0 0,1793720618
328,3,23047525,1790521910,0x0b1ba22af3fb3ad6247ba5d4413b6649edd40819,1:0,500,0xf801c,9,5,5 0 0 0 0 0 0 0,1793135300
79,34,23047542,1790521918,0x3f62ae0c7ed24dcd2b52c1c224296519b02df00d,9:0,500,0xf8000000000000000000034,5,4,4 0 0 0 0 0 0 0,1793742218
79,35,23047563,1790521929,0x3f62ae0c7ed24dcd2b52c1c224296519b02df00d,15:0,500,0x3e00000000000000000000000000000000023,16,9,9 0 0 0 0 0 0 0,1793763818
79,36,23047588,1790521942,0x3f62ae0c7ed24dcd2b52c1c224296519b02df00d,14:0,500,0x1f000000000000000000000000000000020,13,8,8 0 0 0 0 0 0 0,1793785418
55,13,23047602,1790521949,0xac0e67aaaa15dc791153b64df4a9d121dce797e5,5:1,2000,0x3f8000000000022,6,4,4 0 0 0 0 0 0 0,1793287120
79,37,23047613,1790521955,0x3f62ae0c7ed24dcd2b52c1c224296519b02df00d,13:0,500,0xf8000000000000000000000000000032,13,8,8 0 0 0 0 0 0 0,1793807018
79,38,23047643,1790521970,0x3f62ae0c7ed24dcd2b52c1c224296519b02df00d,12:0,500,0x7c000000000000000000000000002d,13,8,8 0 0 0 0 0 0 0,1793828618
196,20,23047652,1790521974,0xac0e67aaaa15dc791153b64df4a9d121dce797e5,2:1,2000,0x7f00002f,16,10,10 0 0 0 0 0 0 0,1793453718
79,39,23047671,1790521984,0x3f62ae0c7ed24dcd2b52c1c224296519b02df00d,18:0,500,0x1f000000000000000000000000000000000000000004,7,4,4 0 0 0 0 0 0 0,1793850218
79,40,23047695,1790521996,0x3f62ae0c7ed24dcd2b52c1c224296519b02df00d,17:0,500,0xf8000000000000000000000000000000000000029,10,8,8 0 0 0 0 0 0 0,1793871818
323,6,23047708,1790522003,0xac0e67aaaa15dc791153b64df4a9d121dce797e5,7:1,2000,0xfe0000000000000000f,24,12,12 0 0 0 0 0 0 0,1793197642
79,41,23047721,1790522009,0x3f62ae0c7ed24dcd2b52c1c224296519b02df00d,16:0,500,0x7c0000000000000000000000000000000000027,6,4,4 0 0 0 0 0 0 0,1793893418
79,42,23047748,1790522023,0x3f62ae0c7ed24dcd2b52c1c224296519b02df00d,19:0,500,0x3e0000000000000000000000000000000000000000003f,18,9,9 0 0 0 0 0 0 0,1793915018
182,6,23047938,1790522119,0x549ae637381f77c13bb0e9308a0d8f56769f4dc4,11:1,2000,0xfe0000000000000000000000002b,6,4,4 0 0 0 0 0 0 0,1793149905
183,6,23047984,1790522143,0x549ae637381f77c13bb0e9308a0d8f56769f4dc4,11:1,2000,0xfe0000000000000000000000002b,6,4,4 0 0 0 0 0 0 0,1793149924
184,2,23048031,1790522167,0x549ae637381f77c13bb0e9308a0d8f56769f4dc4,15:1,2000,0xfe00000000000000000000000000000000037,6,4,4 0 0 0 0 0 0 0,1793063539
328,4,23048176,1790522240,0x0b1ba22af3fb3ad6247ba5d4413b6649edd40819,2:0,500,0x1f000032,8,5,5 0 0 0 0 0 0 0,1793156900
188,2,23048184,1790522244,0x703ca793c3ce69082c70bea3a8fb71cc5bd05155,19:2,4000,0x1fe00000000000000000000000000000000000000000036,21,12,12 0 0 0 0 0 0 0,1793064044
328,5,23048232,1790522269,0x0b1ba22af3fb3ad6247ba5d4413b6649edd40819,3:0,500,0x3e00000000,10,5,5 0 0 0 0 0 0 0,1793178500
328,6,23048290,1790522298,0x0b1ba22af3fb3ad6247ba5d4413b6649edd40819,8:0,500,0x7c000000000000000003e,8,4,4 0 0 0 0 0 0 0,1793200100
328,7,23048345,1790522326,0x0b1ba22af3fb3ad6247ba5d4413b6649edd40819,18:0,500,0x1f000000000000000000000000000000000000000017,7,4,4 0 0 0 0 0 0 0,1793221700
328,8,23048401,1790522355,0x0b1ba22af3fb3ad6247ba5d4413b6649edd40819,12:0,500,0x7c0000000000000000000000000010,5,4,4 0 0 0 0 0 0 0,1793243300
186,2,23048403,1790522356,0x703ca793c3ce69082c70bea3a8fb71cc5bd05155,15:1,2000,0xfe00000000000000000000000000000000037,6,4,4 0 0 0 0 0 0 0,1793063931
189,2,23048459,1790522384,0x703ca793c3ce69082c70bea3a8fb71cc5bd05155,19:0,500,0x3e00000000000000000000000000000000000000000015,13,8,8 0 0 0 0 0 0 0,1793064064
55,14,23048518,1790522414,0xac0e67aaaa15dc791153b64df4a9d121dce797e5,10:1,2000,0x7f000000000000000000000001,8,8,8 0 0 0 0 0 0 0,1793308720
55,15,23048574,1790522442,0xac0e67aaaa15dc791153b64df4a9d121dce797e5,13:1,2000,0x3f8000000000000000000000000000037,13,8,8 0 0 0 0 0 0 0,1793330320
55,16,23048609,1790522460,0xac0e67aaaa15dc791153b64df4a9d121dce797e5,17:1,2000,0x3f8000000000000000000000000000000000000030,15,12,12 0 0 0 0 0 0 0,1793351920
214,3,23048631,1790522471,0x0824026863b82d18cc258f1299d96c17bbde6d86,10:1,2000,0x7f00000000000000000000000f,5,4,4 0 0 0 0 0 0 0,1793094315
196,21,23048682,1790522497,0xac0e67aaaa15dc791153b64df4a9d121dce797e5,10:0,500,0x1f000000000000000000000026,5,4,4 0 0 0 0 0 0 0,1793475318
196,22,23048712,1790522512,0xac0e67aaaa15dc791153b64df4a9d121dce797e5,13:1,2000,0x3f8000000000000000000000000000029,8,4,4 0 0 0 0 0 0 0,1793496918
215,3,23048737,1790522525,0x0824026863b82d18cc258f1299d96c17bbde6d86,19:1,2000,0xfe0000000000000000000000000000000000000000002e,8,4,4 0 0 0 0 0 0 0,1793094393
323,7,23048767,1790522540,0xac0e67aaaa15dc791153b64df4a9d121dce797e5,10:0,500,0x1f00000000000000000000003d,8,8,8 0 0 0 0 0 0 0,1793219242
193,2,23048803,1790522559,0xbfdd7a87be2ad35e150fe97ec3e9459cf922296f,1:0,500,0xf8007,9,5,5 0 0 0 0 0 0 0,1793064235
140,14,23048837,1790522576,0x7d7337fcdefe5771e3280f25c3ba670700e8560c,2:1,2000,0x7f00000a,28,16,15 0 0 1 0 0 0 0,1793315336
194,2,23048840,1790522578,0xbfdd7a87be2ad35e150fe97ec3e9459cf922296f,1:0,500,0xf8007,9,5,5 0 0 0 0 0 0 0,1793064259
27,11,23048846,1790522581,0x81b4bf458a73ea46fadd46ee8236e5f94c4eb8e0,12:2,4000,0x3fc0000000000000000000000000023,9,8,8 0 0 0 0 0 0 0,1793241150
195,2,23048851,1790522583,0xbfdd7a87be2ad35e150fe97ec3e9459cf922296f,1:0,500,0xf8007,9,5,5 0 0 0 0 0 0 0,1793064293
161,10,23048855,1790522585,0x7d7337fcdefe5771e3280f25c3ba670700e8560c,16:1,2000,0x1fc000000000000000000000000000000000003c,6,4,4 0 0 0 0 0 0 0,1793234201
27,12,23048867,1790522591,0x81b4bf458a73ea46fadd46ee8236e5f94c4eb8e0,12:1,2000,0x1fc0000000000000000000000000023,13,8,8 0 0 0 0 0 0 0,1793262750
163,10,23048869,1790522592,0x7d7337fcdefe5771e3280f25c3ba670700e8560c,12:1,2000,0x1fc000000000000000000000000002f,13,8,8 0 0 0 0 0 0 0,1793234386
195,3,23048869,1790522592,0xbfdd7a87be2ad35e150fe97ec3e9459cf922296f,1:0,500,0xf801c,19,10,10 0 0 0 0 0 0 0,1793085893
27,13,23048892,1790522604,0x81b4bf458a73ea46fadd46ee8236e5f94c4eb8e0,12:2,4000,0x3fc0000000000000000000000000039,9,8,8 0 0 0 0 0 0 0,1793284350
27,14,23048914,1790522615,0x81b4bf458a73ea46fadd46ee8236e5f94c4eb8e0,17:2,4000,0x7f800000000000000000000000000000000000001c,15,12,12 0 0 0 0 0 0 0,1793305950
27,15,23048960,1790522638,0x81b4bf458a73ea46fadd46ee8236e5f94c4eb8e0,19:2,4000,0x1fe00000000000000000000000000000000000000000032,31,17,17 0 0 0 0 0 0 0,1793327550
27,16,23048990,1790522654,0x81b4bf458a73ea46fadd46ee8236e5f94c4eb8e0,14:2,4000,0xff000000000000000000000000000000035,14,8,8 0 0 0 0 0 0 0,1793349150
27,17,23049030,1790522674,0x81b4bf458a73ea46fadd46ee8236e5f94c4eb8e0,10:2,4000,0xff000000000000000000000016,16,12,12 0 0 0 0 0 0 0,1793370750
31,24,23049034,1790522676,0xac79fd6008b971723d16974cdb23ad70ecc00bee,10:0,500,0x1f000000000000000000000022,5,4,4 0 0 0 0 0 0 0,1793522192
31,25,23049050,1790522684,0xac79fd6008b971723d16974cdb23ad70ecc00bee,4:0,500,0x7c000000003f,18,10,10 0 0 0 0 0 0 0,1793543792
31,26,23049067,1790522693,0xac79fd6008b971723d16974cdb23ad70ecc00bee,9:0,500,0xf800000000000000000000f,5,4,4 0 0 0 0 0 0 0,1793565392
27,18,23049083,1790522701,0x81b4bf458a73ea46fadd46ee8236e5f94c4eb8e0,10:2,4000,0xff000000000000000000000005,13,8,8 0 0 0 0 0 0 0,1793392350
225,1,23049085,1790522702,0xca455075041d8af4723892825b3e45e685ee1e0d,3:0,500,0x3e00000006,10,5,5 0 0 0 0 0 0 0,1793053803
224,1,23049089,1790522704,0x871c8e4a223b9fdff258d117d106d990629c3d68,8:0,500,0x7c000000000000000001f,8,4,4 0 0 0 0 0 0 0,1793053803
31,27,23049095,1790522707,0xac79fd6008b971723d16974cdb23ad70ecc00bee,4:0,500,0x7c0000000004,17,10,10 0 0 0 0 0 0 0,1793586992
27,19,23049135,1790522727,0x81b4bf458a73ea46fadd46ee8236e5f94c4eb8e0,10:2,4000,0xff000000000000000000000011,16,12,12 0 0 0 0 0 0 0,1793413950
228,2,23049140,1790522730,0xca455075041d8af4723892825b3e45e685ee1e0d,10:0,500,0x1f00000000000000000000002c,5,4,4 0 0 0 0 0 0 0,1793075842
229,2,23049140,1790522730,0x871c8e4a223b9fdff258d117d106d990629c3d68,11:0,500,0x3e00000000000000000000000035,6,4,4 0 0 0 0 0 0 0,1793075843
27,20,23049190,1790522755,0x81b4bf458a73ea46fadd46ee8236e5f94c4eb8e0,12:2,4000,0x3fc000000000000000000000000001b,17,12,12 0 0 0 0 0 0 0,1793435550
27,21,23049238,1790522780,0x81b4bf458a73ea46fadd46ee8236e5f94c4eb8e0,17:2,4000,0x7f8000000000000000000000000000000000000021,12,8,8 0 0 0 0 0 0 0,1793457150
27,22,23049356,1790522839,0x81b4bf458a73ea46fadd46ee8236e5f94c4eb8e0,6:2,4000,0xff000000000000003,11,8,8 0 0 0 0 0 0 0,1793478750
27,23,23049404,1790522864,0x81b4bf458a73ea46fadd46ee8236e5f94c4eb8e0,5:2,4000,0x7f8000000000002,18,12,12 0 0 0 0 0 0 0,1793500350
226,1,23049442,1790522883,0xc32df1d89911cb9a33f6032f63ca6ad21ca0e484,4:1,2000,0x1fc0000000005,8,5,5 0 0 0 0 0 0 0,1793054054
230,1,23049627,1790522977,0xc32df1d89911cb9a33f6032f63ca6ad21ca0e484,16:1,2000,0x1fc0000000000000000000000000000000000019,6,4,4 0 0 0 0 0 0 0,1793054252
199,5,23050174,1790523255,0x0b1ba22af3fb3ad6247ba5d4413b6649edd40819,19:0,500,0x3e0000000000000000000000000000000000000000002e,13,8,8 0 0 0 0 0 0 0,1793133001
6,8,23050927,1790523637,0x1a3a0e6f222e823cc8d0f39d87042f88ab763872,19:0,500,0x3e0000000000000000000000000000000000000000000c,8,4,4 0 0 0 0 0 0 0,1793173797
6,9,23050950,1790523649,0x1a3a0e6f222e823cc8d0f39d87042f88ab763872,18:0,500,0x1f000000000000000000000000000000000000000021,17,9,9 0 0 0 0 0 0 0,1793195397
6,10,23050976,1790523662,0x1a3a0e6f222e823cc8d0f39d87042f88ab763872,17:0,500,0xf800000000000000000000000000000000000002e,7,4,4 0 0 0 0 0 0 0,1793216997
6,11,23050992,1790523670,0x1a3a0e6f222e823cc8d0f39d87042f88ab763872,16:0,500,0x7c0000000000000000000000000000000000023,14,8,8 0 0 0 0 0 0 0,1793238597
6,12,23051023,1790523686,0x1a3a0e6f222e823cc8d0f39d87042f88ab763872,15:0,500,0x3e0000000000000000000000000000000000e,6,4,4 0 0 0 0 0 0 0,1793260197
141,6,23051353,1790523854,0x88c58b42f2783131d51a58af7f1a9b491089afeb,1:0,500,0xf8025,29,15,15 0 0 0 0 0 0 0,1793142968
141,7,23051427,1790523891,0x88c58b42f2783131d51a58af7f1a9b491089afeb,2:0,500,0x1f00001c,8,5,5 0 0 0 0 0 0 0,1793164568
285,5,23052503,1790524438,0x27f48de5e0605da8b2a52ddfd06f6d273b804336,18:0,500,0x1f000000000000000000000000000000000000000004,7,4,4 0 0 0 0 0 0 0,1793164282
175,4,23052827,1790524602,0x224e633c9632a51de2f6225a7620dc46b2d58b08,19:1,2000,0xfe00000000000000000000000000000000000000000006,8,4,4 0 0 0 0 0 0 0,1793106026
177,3,23052852,1790524615,0x224e633c9632a51de2f6225a7620dc46b2d58b08,19:1,2000,0xfe0000000000000000000000000000000000000000002e,8,4,4 0 0 0 0 0 0 0,1793084680
181,3,23052872,1790524625,0x224e633c9632a51de2f6225a7620dc46b2d58b08,19:1,2000,0xfe0000000000000000000000000000000000000000002e,13,8,8 0 0 0 0 0 0 0,1793085082
4,34,23053013,1790524697,0x1a3a0e6f222e823cc8d0f39d87042f88ab763872,19:0,500,0x3e00000000000000000000000000000000000000000012,13,8,8 0 0 0 0 0 0 0,1793735346
4,35,23053041,1790524711,0x1a3a0e6f222e823cc8d0f39d87042f88ab763872,16:0,500,0x7c0000000000000000000000000000000000009,6,4,4 0 0 0 0 0 0 0,1793756946
4,36,23053060,1790524720,0x1a3a0e6f222e823cc8d0f39d87042f88ab763872,19:0,500,0x3e0000000000000000000000000000000000000000002b,8,4,4 0 0 0 0 0 0 0,1793778546
4,37,23053076,1790524729,0x1a3a0e6f222e823cc8d0f39d87042f88ab763872,15:0,500,0x3e0000000000000000000000000000000001b,20,13,13 0 0 0 0 0 0 0,1793800146
4,38,23053103,1790524742,0x1a3a0e6f222e823cc8d0f39d87042f88ab763872,10:0,500,0x1f000000000000000000000020,5,4,4 0 0 0 0 0 0 0,1793821746
4,39,23053183,1790524783,0x1a3a0e6f222e823cc8d0f39d87042f88ab763872,5:0,500,0xf8000000000023,6,4,4 0 0 0 0 0 0 0,1793843346
4,40,23053217,1790524800,0x1a3a0e6f222e823cc8d0f39d87042f88ab763872,11:0,500,0x3e00000000000000000000000028,14,8,8 0 0 0 0 0 0 0,1793864946
4,41,23053253,1790524818,0x1a3a0e6f222e823cc8d0f39d87042f88ab763872,17:0,500,0xf800000000000000000000000000000000000003f,10,8,8 0 0 0 0 0 0 0,1793886546
4,42,23053285,1790524835,0x1a3a0e6f222e823cc8d0f39d87042f88ab763872,18:0,500,0x1f000000000000000000000000000000000000000022,12,8,8 0 0 0 0 0 0 0,1793908146
4,43,23053326,1790524856,0x1a3a0e6f222e823cc8d0f39d87042f88ab763872,15:0,500,0x3e00000000000000000000000000000000035,16,9,9 0 0 0 0 0 0 0,1793929746
4,44,23053350,1790524868,0x1a3a0e6f222e823cc8d0f39d87042f88ab763872,14:0,500,0x1f000000000000000000000000000000016,13,8,8 0 0 0 0 0 0 0,1793951346
4,45,23053376,1790524881,0x1a3a0e6f222e823cc8d0f39d87042f88ab763872,13:0,500,0xf8000000000000000000000000000021,8,4,4 0 0 0 0 0 0 0,1793972946
4,46,23053398,1790524892,0x1a3a0e6f222e823cc8d0f39d87042f88ab763872,11:0,500,0x3e00000000000000000000000016,6,4,4 0 0 0 0 0 0 0,1793994546
4,47,23053421,1790524904,0x1a3a0e6f222e823cc8d0f39d87042f88ab763872,16:0,500,0x7c000000000000000000000000000000000003f,14,8,8 0 0 0 0 0 0 0,1794016146
4,48,23053448,1790524917,0x1a3a0e6f222e823cc8d0f39d87042f88ab763872,12:0,500,0x7c0000000000000000000000000011,13,8,8 0 0 0 0 0 0 0,1794037746
4,49,23053473,1790524930,0x1a3a0e6f222e823cc8d0f39d87042f88ab763872,4:0,500,0x7c000000001b,8,5,5 0 0 0 0 0 0 0,1794059346
4,50,23053499,1790524943,0x1a3a0e6f222e823cc8d0f39d87042f88ab763872,1:0,500,0xf8037,19,10,10 0 0 0 0 0 0 0,1794080946
4,51,23053528,1790524958,0x1a3a0e6f222e823cc8d0f39d87042f88ab763872,15:0,500,0x3e00000000000000000000000000000000023,10,8,8 0 0 0 0 0 0 0,1794102546
4,52,23053553,1790524971,0x1a3a0e6f222e823cc8d0f39d87042f88ab763872,15:0,500,0x3e00000000000000000000000000000000039,6,4,4 0 0 0 0 0 0 0,1794124146
4,53,23053590,1790524990,0x1a3a0e6f222e823cc8d0f39d87042f88ab763872,15:0,500,0x3e00000000000000000000000000000000030,10,8,8 0 0 0 0 0 0 0,1794145746
4,54,23053615,1790525002,0x1a3a0e6f222e823cc8d0f39d87042f88ab763872,15:0,500,0x3e00000000000000000000000000000000026,6,4,4 0 0 0 0 0 0 0,1794167346
4,55,23053696,1790525043,0x1a3a0e6f222e823cc8d0f39d87042f88ab763872,15:0,500,0x3e00000000000000000000000000000000006,15,12,12 0 0 0 0 0 0 0,1794188946
148,4,23053714,1790525053,0x9628149b8268f15adc99911e64a79cdea7fb71ab,19:1,2000,0xfe00000000000000000000000000000000000000000006,8,4,4 0 0 0 0 0 0 0,1793101751
4,56,23053716,1790525054,0x1a3a0e6f222e823cc8d0f39d87042f88ab763872,14:0,500,0x1f000000000000000000000000000000006,7,4,4 0 0 0 0 0 0 0,1794210546
4,57,23053749,1790525070,0x1a3a0e6f222e823cc8d0f39d87042f88ab763872,15:0,500,0x3e0000000000000000000000000000000000a,6,4,4 0 0 0 0 0 0 0,1794232146
4,58,23053781,1790525087,0x1a3a0e6f222e823cc8d0f39d87042f88ab763872,15:0,500,0x3e0000000000000000000000000000000000d,10,8,8 0 0 0 0 0 0 0,1794253746
4,59,23053809,1790525101,0x1a3a0e6f222e823cc8d0f39d87042f88ab763872,15:0,500,0x3e00000000000000000000000000000000006,6,4,4 0 0 0 0 0 0 0,1794275346
4,60,23053934,1790525164,0x1a3a0e6f222e823cc8d0f39d87042f88ab763872,15:1,2000,0xfe00000000000000000000000000000000003,15,12,12 0 0 0 0 0 0 0,1794296946
44,16,23054353,1790525377,0xf04ecec3cac1ad5e55e03cb5842b07be2c2249c9,19:2,4000,0x1fe00000000000000000000000000000000000000000029,16,8,8 0 0 0 0 0 0 0,1793350788
44,17,23054404,1790525403,0xf04ecec3cac1ad5e55e03cb5842b07be2c2249c9,10:2,4000,0xff000000000000000000000016,13,8,8 0 0 0 0 0 0 0,1793372388
69,11,23054435,1790525418,0xf04ecec3cac1ad5e55e03cb5842b07be2c2249c9,10:2,4000,0xff000000000000000000000020,16,12,12 0 0 0 0 0 0 0,1793244556
59,10,23054505,1790525454,0xf04ecec3cac1ad5e55e03cb5842b07be2c2249c9,19:2,4000,0x1fe00000000000000000000000000000000000000000010,21,12,12 0 0 0 0 0 0 0,1793222475
44,18,23054639,1790525522,0xf04ecec3cac1ad5e55e03cb5842b07be2c2249c9,1:2,4000,0x7f8014,29,15,15 0 0 0 0 0 0 0,1793393988
322,2,23054791,1790525599,0x2122e553875fe2d0e24eb0eb220ea7da258ddd5d,19:2,4000,0x1fe00000000000000000000000000000000000000000036,21,12,12 0 0 0 0 0 0 0,1793110932
65,3,23055416,1790525916,0x94de35a17ab7c0f3ca734046306743dfce6bfa2b,1:1,2000,0x3f8000,29,15,15 0 0 0 0 0 0 0,1793071661
63,15,23056003,1790526214,0x62ff01f014f0da446e02a62392538f36a83a2659,1:2,4000,0x7f8028,37,20,20 0 0 0 0 0 0 0,1793330793
63,16,23056049,1790526237,0x62ff01f014f0da446e02a62392538f36a83a2659,11:2,4000,0x1fe00000000000000000000000031,22,13,13 0 0 0 0 0 0 0,1793352393
63,17,23056096,1790526261,0x62ff01f014f0da446e02a62392538f36a83a2659,19:2,4000,0x1fe00000000000000000000000000000000000000000038,21,12,12 0 0 0 0 0 0 0,1793373993
68,9,23056155,1790526291,0x62ff01f014f0da446e02a62392538f36a83a2659,6:2,4000,0xff000000000000034,11,8,8 0 0 0 0 0 0 0,1793201341
70,14,23056195,1790526311,0x62ff01f014f0da446e02a62392538f36a83a2659,16:2,4000,0x3fc000000000000000000000000000000000000f,21,12,12 0 0 0 0 0 0 0,1793309471
70,15,23056230,1790526329,0x62ff01f014f0da446e02a62392538f36a83a2659,15:2,4000,0x1fe00000000000000000000000000000000028,11,8,8 0 0 0 0 0 0 0,1793331071
70,16,23058520,1790527492,0x62ff01f014f0da446e02a62392538f36a83a2659,4:2,4000,0x3fc000000003f,35,20,20 0 0 0 0 0 0 0,1793352671
68,10,23058597,1790527531,0x62ff01f014f0da446e02a62392538f36a83a2659,17:2,4000,0x7f8000000000000000000000000000000000000035,15,12,12 0 0 0 0 0 0 0,1793222941
28,3,23058790,1790527629,0xa9a3dbee74753ccd9b40521d1f92f9cf2f49b9dd,12:0,500,0x7c0000000000000000000000000014,5,4,4 0 0 0 0 0 0 0,1793068410
281,5,23059163,1790527818,0xa09daab5e090017fc53b09038ba55b0f1cf9ac36,9:2,4000,0x7f800000000000000000002b,27,17,17 0 0 0 0 0 0 0,1793149366
281,6,23059189,1790527831,0xa09daab5e090017fc53b09038ba55b0f1cf9ac36,12:2,4000,0x3fc0000000000000000000000000014,9,8,8 0 0 0 0 0 0 0,1793170966
281,7,23059523,1790528001,0xa09daab5e090017fc53b09038ba55b0f1cf9ac36,17:2,4000,0x7f8000000000000000000000000000000000000030,12,8,8 0 0 0 0 0 0 0,1793192566
30,4,23070862,1790533758,0xb39e79d3540fc34f516af70574b94d4ef8f885d2,12:2,4000,0x3fc0000000000000000000000000011,9,8,8 0 0 0 0 0 0 0,1793090114
116,4,23070905,1790533780,0xb39e79d3540fc34f516af70574b94d4ef8f885d2,12:2,4000,0x3fc0000000000000000000000000011,9,8,8 0 0 0 0 0 0 0,1793096851
197,4,23070936,1790533795,0xb39e79d3540fc34f516af70574b94d4ef8f885d2,12:2,4000,0x3fc0000000000000000000000000011,9,8,8 0 0 0 0 0 0 0,1793110887
263,4,23071768,1790534218,0xf991ce4c19d613495b2689d0452e806c3b354f8c,15:2,4000,0x1fe00000000000000000000000000000000037,15,12,12 0 0 0 0 0 0 0,1793124087
324,6,23073516,1790535105,0x1df89c0350e94575d0e20fd86c12e2a38e4c0ce1,2:0,500,0x1f000008,8,5,5 0 0 0 0 0 0 0,1793199353
37,5,23084437,1790540651,0xa372af7cdc7e941d7282db43d98a5a52b3d4b67a,3:0,500,0x3e00000000,10,5,5 0 0 0 0 0 0 0,1793112542
276,1,23084452,1790540659,0xa372af7cdc7e941d7282db43d98a5a52b3d4b67a,8:0,500,0x7c000000000000000001f,8,4,4 0 0 0 0 0 0 0,1793062364
142,4,23089550,1790543248,0x22fdae531a69647a0ade9154093ac83769f9dc49,19:0,500,0x3e00000000000000000000000000000000000000000008,13,8,8 0 0 0 0 0 0 0,1793100009
288,2,23090025,1790543489,0xaa3b48bac2fedc58a564904d27911392ca1f84ba,3:1,2000,0xfe0000002a,10,5,5 0 0 0 0 0 0 0,1793099653
20,9,23091623,1790544301,0xb528bf440e6c9dad0c15f7e5f4dc75655f7ae27b,8:0,500,0x7c0000000000000000013,8,4,4 0 0 0 0 0 0 0,1793195881
295,6,23096133,1790546591,0xec0408f9fb4c25a98e60b6e5715cd059b1fa172f,6:0,500,0x1f00000000000002b,5,4,4 0 0 0 0 0 0 0,1793187779
315,5,23096239,1790546645,0xec0408f9fb4c25a98e60b6e5715cd059b1fa172f,11:0,500,0x3e0000000000000000000000000d,14,8,8 0 0 0 0 0 0 0,1793175099
321,5,23096356,1790546705,0xec0408f9fb4c25a98e60b6e5715cd059b1fa172f,8:0,500,0x7c000000000000000002a,16,8,8 0 0 0 0 0 0 0,1793175690
26,5,23100996,1790549061,0x0dd5ff179c68dd64fa712da08b550ec3a7d3bd73,19:0,500,0x3e0000000000000000000000000000000000000000002e,23,13,13 0 0 0 0 0 0 0,1793111303
86,5,23101050,1790549089,0x0dd5ff179c68dd64fa712da08b550ec3a7d3bd73,11:0,500,0x3e0000000000000000000000000d,14,8,8 0 0 0 0 0 0 0,1793116121
90,5,23101103,1790549116,0x0dd5ff179c68dd64fa712da08b550ec3a7d3bd73,18:0,500,0x1f000000000000000000000000000000000000000004,12,8,8 0 0 0 0 0 0 0,1793116184
62,4,23101454,1790549294,0xd6ed92a915f940db5d288b1724a4e45b20c4f027,9:0,500,0xf8000000000000000000021,5,4,4 0 0 0 0 0 0 0,1793093129
78,4,23101495,1790549315,0xd6ed92a915f940db5d288b1724a4e45b20c4f027,10:0,500,0x1f000000000000000000000013,5,4,4 0 0 0 0 0 0 0,1793094068
81,4,23101537,1790549336,0xd6ed92a915f940db5d288b1724a4e45b20c4f027,11:0,500,0x3e00000000000000000000000001,6,4,4 0 0 0 0 0 0 0,1793094300
285,6,23102540,1790549845,0x27f48de5e0605da8b2a52ddfd06f6d273b804336,7:0,500,0x3e00000000000000011,8,4,4 0 0 0 0 0 0 0,1793185882
216,2,23103110,1790550135,0x08bf056c728966c8d6d3f2acb0ad4be521ed0631,9:0,500,0xf8000000000000000000011,5,4,4 0 0 0 0 0 0 0,1793073170
219,3,23103293,1790550228,0x08bf056c728966c8d6d3f2acb0ad4be521ed0631,12:0,500,0x7c0000000000000000000000000014,5,4,4 0 0 0 0 0 0 0,1793095512
296,3,23103505,1790550335,0x08bf056c728966c8d6d3f2acb0ad4be521ed0631,16:0,500,0x7c0000000000000000000000000000000000020,6,4,4 0 0 0 0 0 0 0,1793123582
156,10,23104467,1790550824,0x574b60bc1a42becb1de3972751e9238c26c9cccf,8:2,4000,0x3fc0000000000000000018,22,12,12 0 0 0 0 0 0 0,1793232275
156,11,23104518,1790550850,0x574b60bc1a42becb1de3972751e9238c26c9cccf,15:2,4000,0x1fe00000000000000000000000000000000036,15,12,12 0 0 0 0 0 0 0,1793253875
158,10,23104623,1790550903,0x574b60bc1a42becb1de3972751e9238c26c9cccf,10:2,4000,0xff00000000000000000000002b,16,12,12 0 0 0 0 0 0 0,1793232625
159,10,23104764,1790550974,0x574b60bc1a42becb1de3972751e9238c26c9cccf,4:2,4000,0x3fc0000000004,16,10,10 0 0 0 0 0 0 0,1793232653
158,11,23105158,1790551175,0x574b60bc1a42becb1de3972751e9238c26c9cccf,19:2,4000,0x1fe00000000000000000000000000000000000000000030,21,12,12 0 0 0 0 0 0 0,1793254225
158,12,23105218,1790551205,0x574b60bc1a42becb1de3972751e9238c26c9cccf,10:2,4000,0xff00000000000000000000000c,21,12,12 0 0 0 0 0 0 0,1793275825
55,17,23106345,1790551777,0xac0e67aaaa15dc791153b64df4a9d121dce797e5,19:1,2000,0xfe00000000000000000000000000000000000000000005,21,12,12 0 0 0 0 0 0 0,1793373520
55,18,23106401,1790551806,0xac0e67aaaa15dc791153b64df4a9d121dce797e5,12:1,2000,0x1fc000000000000000000000000001a,17,12,12 0 0 0 0 0 0 0,1793395120
55,19,23106465,1790551838,0xac0e67aaaa15dc791153b64df4a9d121dce797e5,7:1,2000,0xfe00000000000000019,34,17,17 0 0 0 0 0 0 0,1793416720
55,20,23106634,1790551924,0xac0e67aaaa15dc791153b64df4a9d121dce797e5,13:1,2000,0x3f8000000000000000000000000000029,19,12,12 0 0 0 0 0 0 0,1793438320
55,21,23106709,1790551962,0xac0e67aaaa15dc791153b64df4a9d121dce797e5,5:1,2000,0x3f8000000000030,19,13,13 0 0 0 0 0 0 0,1793459920
55,22,23106778,1790551997,0xac0e67aaaa15dc791153b64df4a9d121dce797e5,18:1,2000,0x7f000000000000000000000000000000000000000038,12,8,8 0 0 0 0 0 0 0,1793481520
290,8,23107038,1790552129,0xf574c75a9959c7c418b6474b6223c526ba42af3e,1:2,4000,0x7f803c,29,15,15 0 0 0 0 0 0 0,1793229385
290,9,23107275,1790552250,0xf574c75a9959c7c418b6474b6223c526ba42af3e,1:2,4000,0x7f8017,19,10,10 0 0 0 0 0 0 0,1793250985
213,4,23107358,1790552292,0xccde496b83c644f779e5b6fcc0cc4a5c276fa5d4,1:0,500,0xf8037,9,5,5 0 0 0 0 0 0 0,1793115770
299,2,23107401,1790552314,0xccde496b83c644f779e5b6fcc0cc4a5c276fa5d4,1:0,500,0xf8007,19,10,10 0 0 0 0 0 0 0,1793107072
158,13,23108098,1790552668,0x574b60bc1a42becb1de3972751e9238c26c9cccf,15:2,4000,0x1fe00000000000000000000000000000000034,21,13,13 0 0 0 0 0 0 0,1793297425
158,14,23108145,1790552692,0x574b60bc1a42becb1de3972751e9238c26c9cccf,19:2,4000,0x1fe00000000000000000000000000000000000000000018,16,8,8 0 0 0 0 0 0 0,1793319025
158,15,23108192,1790552715,0x574b60bc1a42becb1de3972751e9238c26c9cccf,1:2,4000,0x7f8028,29,15,15 0 0 0 0 0 0 0,1793340625
158,16,23108256,1790552748,0x574b60bc1a42becb1de3972751e9238c26c9cccf,11:2,4000,0x1fe00000000000000000000000031,12,8,8 0 0 0 0 0 0 0,1793362225
158,17,23108337,1790552789,0x574b60bc1a42becb1de3972751e9238c26c9cccf,15:2,4000,0x1fe00000000000000000000000000000000024,15,12,12 0 0 0 0 0 0 0,1793383825
158,18,23108411,1790552827,0x574b60bc1a42becb1de3972751e9238c26c9cccf,18:2,4000,0xff00000000000000000000000000000000000000003a,19,12,12 0 0 0 0 0 0 0,1793405425
156,12,23108564,1790552904,0x574b60bc1a42becb1de3972751e9238c26c9cccf,2:1,2000,0x7f000039,18,10,10 0 0 0 0 0 0 0,1793275475
285,7,23109359,1790553308,0x27f48de5e0605da8b2a52ddfd06f6d273b804336,7:2,4000,0x1fe00000000000000030,24,12,12 0 0 0 0 0 0 0,1793207482
44,19,23112588,1790554948,0xf04ecec3cac1ad5e55e03cb5842b07be2c2249c9,1:0,500,0xf803a,9,5,5 0 0 0 0 0 0 0,1793415588
59,11,23112598,1790554953,0xf04ecec3cac1ad5e55e03cb5842b07be2c2249c9,1:0,500,0xf8038,9,5,5 0 0 0 0 0 0 0,1793244075
69,12,23112615,1790554962,0xf04ecec3cac1ad5e55e03cb5842b07be2c2249c9,1:0,500,0xf800f,19,10,10 0 0 0 0 0 0 0,1793266156
42,11,23112800,1790555056,0x1b25bd7ce0fb701d9aac3fd43fa221ac63e3fb3e,4:2,4000,0x3fc000000003b,24,15,15 0 0 0 0 0 0 0,1793242728
42,12,23112821,1790555066,0x1b25bd7ce0fb701d9aac3fd43fa221ac63e3fb3e,6:2,4000,0xff000000000000024,18,12,12 0 0 0 0 0 0 0,1793264328
211,5,23112921,1790555117,0xbcd76fa66f9edc46065f4f27fd634ca15a0b1c72,9:0,500,0xf8000000000000000000007,5,4,4 0 0 0 0 0 0 0,1793136733
212,4,23112985,1790555150,0xbcd76fa66f9edc46065f4f27fd634ca15a0b1c72,12:0,500,0x7c000000000000000000000000001e,5,4,4 0 0 0 0 0 0 0,1793115456
303,3,23116683,1790557028,0xbfe2643c33dade319d1634215ab68b3c098ed3e7,1:0,500,0xf801c,19,10,10 0 0 0 0 0 0 0,1793129686
307,3,23116696,1790557034,0xbfe2643c33dade319d1634215ab68b3c098ed3e7,1:0,500,0xf801c,19,10,10 0 0 0 0 0 0 0,1793131068
303,4,23116893,1790557134,0xbfe2643c33dade319d1634215ab68b3c098ed3e7,3:1,2000,0xfe0000002e,19,10,10 0 0 0 0 0 0 0,1793151286
307,4,23116917,1790557146,0xbfe2643c33dade319d1634215ab68b3c098ed3e7,3:1,2000,0xfe0000002e,19,10,10 0 0 0 0 0 0 0,1793152668
227,2,23117475,1790557430,0xcf9ca4ebf3ed44342d01d6aa5bd48f61976d16a3,3:1,2000,0xfe0000002a,10,5,5 0 0 0 0 0 0 0,1793075709
207,6,23118150,1790557773,0x4fe840d7588f2a7cc776b24c74b710d80c68c887,15:2,4000,0x1fe00000000000000000000000000000000007,15,12,12 0 0 0 0 0 0 0,1793156778
9,4,23118551,1790557976,0x9e366c1405f7951431dbdeb53dcd57db342f55c4,1:0,500,0xf8037,9,5,5 0 0 0 0 0 0 0,1793087474
293,3,23118587,1790557994,0x9e366c1405f7951431dbdeb53dcd57db342f55c4,1:0,500,0xf801c,19,10,10 0 0 0 0 0 0 0,1793121606
24,7,23121565,1790559505,0x2d631f41f6023db409f15e1ccc337e69f62a8a58,4:1,2000,0x1fc0000000023,8,5,5 0 0 0 0 0 0 0,1793153966
305,9,23122783,1790560123,0xa754afb7549fce6e666bfcd6d4a4064c7d732d0e,16:1,2000,0x1fc0000000000000000000000000000000000017,6,4,4 0 0 0 0 0 0 0,1793260173
306,6,23122814,1790560139,0xa754afb7549fce6e666bfcd6d4a4064c7d732d0e,6:1,2000,0x7f00000000000001f,5,4,4 0 0 0 0 0 0 0,1793195699
320,6,23122871,1790560168,0xa754afb7549fce6e666bfcd6d4a4064c7d732d0e,18:1,2000,0x7f000000000000000000000000000000000000000008,7,4,4 0 0 0 0 0 0 0,1793197256
33,3,23124281,1790560883,0xbd5764383846bbd5aabc92ab9c9c2f9bbfa15a55,9:0,500,0xf8000000000000000000036,5,4,4 0 0 0 0 0 0 0,1793068674
54,3,23124325,1790560906,0xbd5764383846bbd5aabc92ab9c9c2f9bbfa15a55,6:0,500,0x1f00000000000000c,5,4,4 0 0 0 0 0 0 0,1793071046
56,3,23124348,1790560917,0xbd5764383846bbd5aabc92ab9c9c2f9bbfa15a55,10:0,500,0x1f00000000000000000000002d,5,4,4 0 0 0 0 0 0 0,1793071138
64,3,23124414,1790560951,0x7a293aa02ef51e4e25394ffeeb5989ad4674cdd5,3:0,500,0x3e00000004,19,10,10 0 0 0 0 0 0 0,1793071633
66,3,23124432,1790560960,0x7a293aa02ef51e4e25394ffeeb5989ad4674cdd5,7:0,500,0x3e00000000000000037,8,4,4 0 0 0 0 0 0 0,1793071678
67,3,23124461,1790560975,0x7a293aa02ef51e4e25394ffeeb5989ad4674cdd5,12:0,500,0x7c0000000000000000000000000014,13,8,8 0 0 0 0 0 0 0,1793071730
71,3,23124566,1790561028,0xd13699e25eb3550ec997be63686ca837e4d956ba,3:0,500,0x3e00000004,10,5,5 0 0 0 0 0 0 0,1793071992
72,3,23124606,1790561049,0xd13699e25eb3550ec997be63686ca837e4d956ba,7:0,500,0x3e00000000000000037,8,4,4 0 0 0 0 0 0 0,1793072029
73,3,23124625,1790561058,0xd13699e25eb3550ec997be63686ca837e4d956ba,19:0,500,0x3e0000000000000000000000000000000000000000000a,8,4,4 0 0 0 0 0 0 0,1793072061
85,3,23124727,1790561110,0xc9d6c183b4acafbdaf8c398adee039f17c86321d,5:0,500,0xf8000000000011,6,4,4 0 0 0 0 0 0 0,1793072907
87,3,23124748,1790561120,0xc9d6c183b4acafbdaf8c398adee039f17c86321d,8:0,500,0x7c0000000000000000030,16,8,8 0 0 0 0 0 0 0,1793072936
89,3,23124764,1790561128,0xc9d6c183b4acafbdaf8c398adee039f17c86321d,16:0,500,0x7c0000000000000000000000000000000000020,6,4,4 0 0 0 0 0 0 0,1793072967
91,3,23124835,1790561164,0xafd6e6a4c331a0112ed9fbc306fba05b44d87020,4:0,500,0x7c0000000013,8,5,5 0 0 0 0 0 0 0,1793073138
93,5,23124854,1790561174,0xafd6e6a4c331a0112ed9fbc306fba05b44d87020,7:0,500,0x3e00000000000000023,8,4,4 0 0 0 0 0 0 0,1793116379
96,3,23124877,1790561186,0xafd6e6a4c331a0112ed9fbc306fba05b44d87020,15:0,500,0x3e00000000000000000000000000000000001,6,4,4 0 0 0 0 0 0 0,1793073346
99,4,23124951,1790561223,0xcbc381d3f2139da5159cd9863d7e1d0111ccdd19,4:0,500,0x7c000000003c,8,5,5 0 0 0 0 0 0 0,1793095015
100,5,23124970,1790561233,0xcbc381d3f2139da5159cd9863d7e1d0111ccdd19,13:0,500,0xf800000000000000000000000000002a,8,4,4 0 0 0 0 0 0 0,1793116662
101,4,23124988,1790561242,0xcbc381d3f2139da5159cd9863d7e1d0111ccdd19,17:0,500,0xf8000000000000000000000000000000000000001,7,4,4 0 0 0 0 0 0 0,1793095143
102,3,23125085,1790561291,0x42a08b2a271f7305d0f6ef5e6c37f7ebb3d05c39,4:0,500,0x7c0000000013,8,5,5 0 0 0 0 0 0 0,1793073729
169,5,23125093,1790561295,0x52c2947e6df632d9be6323f7fee666e95e4aa386,9:1,2000,0x3f8000000000000000000013,5,4,4 0 0 0 0 0 0 0,1793126669
103,3,23125104,1790561301,0x42a08b2a271f7305d0f6ef5e6c37f7ebb3d05c39,9:0,500,0xf8000000000000000000036,5,4,4 0 0 0 0 0 0 0,1793073766
105,3,23125124,1790561311,0x42a08b2a271f7305d0f6ef5e6c37f7ebb3d05c39,17:0,500,0xf800000000000000000000000000000000000000d,7,4,4 0 0 0 0 0 0 0,1793073808
170,4,23125193,1790561346,0x52c2947e6df632d9be6323f7fee666e95e4aa386,4:1,2000,0x1fc000000002f,25,15,15 0 0 0 0 0 0 0,1793105114
106,3,23125203,1790561351,0x661d1d56530e9a07bb5d6058f32d431fecc9a7fa,7:0,500,0x3e00000000000000037,16,8,8 0 0 0 0 0 0 0,1793073941
107,3,23125220,1790561360,0x661d1d56530e9a07bb5d6058f32d431fecc9a7fa,1:0,500,0xf801c,19,10,10 0 0 0 0 0 0 0,1793073976
108,3,23125235,1790561368,0x661d1d56530e9a07bb5d6058f32d431fecc9a7fa,19:0,500,0x3e0000000000000000000000000000000000000000000a,8,4,4 0 0 0 0 0 0 0,1793074011
170,5,23125248,1790561374,0x52c2947e6df632d9be6323f7fee666e95e4aa386,8:1,2000,0x1fc0000000000000000002,8,4,4 0 0 0 0 0 0 0,1793126714
171,4,23125269,1790561385,0x52c2947e6df632d9be6323f7fee666e95e4aa386,17:1,2000,0x3f8000000000000000000000000000000000000028,10,8,8 0 0 0 0 0 0 0,1793105129
109,3,23125364,1790561433,0xb7c3e773bf48d10039faf6be963ab96853819742,7:0,500,0x3e00000000000000037,8,4,4 0 0 0 0 0 0 0,1793074077
110,3,23125379,1790561440,0xb7c3e773bf48d10039faf6be963ab96853819742,11:0,500,0x3e00000000000000000000000001,6,4,4 0 0 0 0 0 0 0,1793074105
111,4,23125393,1790561447,0xb7c3e773bf48d10039faf6be963ab96853819742,14:0,500,0x1f000000000000000000000000000000026,7,4,4 0 0 0 0 0 0 0,1793095732
112,3,23125450,1790561476,0xd9a63b1c97f1b186ea7e6fe60a985694e6bd5a74,7:0,500,0x3e00000000000000037,8,4,4 0 0 0 0 0 0 0,1793074364
113,3,23125467,1790561485,0xd9a63b1c97f1b186ea7e6fe60a985694e6bd5a74,14:0,500,0x1f000000000000000000000000000000028,7,4,4 0 0 0 0 0 0 0,1793074391
114,3,23125482,1790561493,0xd9a63b1c97f1b186ea7e6fe60a985694e6bd5a74,17:0,500,0xf800000000000000000000000000000000000000d,7,4,4 0 0 0 0 0 0 0,1793074428
118,3,23125524,1790561514,0xec56dc68b5091297a987c4b93195e6561629d501,9:0,500,0xf8000000000000000000036,5,4,4 0 0 0 0 0 0 0,1793075538
271,8,23125534,1790561519,0xd00226b73bab097e97c6df416dc031df7c4b5af1,8:0,500,0x7c0000000000000000026,18,9,9 0 0 0 0 0 0 0,1793212717
119,3,23125543,1790561523,0xec56dc68b5091297a987c4b93195e6561629d501,14:0,500,0x1f000000000000000000000000000000028,7,4,4 0 0 0 0 0 0 0,1793075637
120,4,23125560,1790561532,0xec56dc68b5091297a987c4b93195e6561629d501,17:0,500,0xf8000000000000000000000000000000000000001,10,8,8 0 0 0 0 0 0 0,1793097257
150,8,23125587,1790561546,0x9f2ebf1ba9206ef97428fdab7431a3f1d53f6dc9,1:0,500,0xf803d,9,5,5 0 0 0 0 0 0 0,1793188268
153,7,23125605,1790561555,0x9f2ebf1ba9206ef97428fdab7431a3f1d53f6dc9,1:1,2000,0x3f801a,29,15,15 0 0 0 0 0 0 0,1793166839
308,3,23125620,1790561563,0x9f2ebf1ba9206ef97428fdab7431a3f1d53f6dc9,1:0,500,0xf801c,9,5,5 0 0 0 0 0 0 0,1793131094
153,8,23125684,1790561595,0x9f2ebf1ba9206ef97428fdab7431a3f1d53f6dc9,16:2,4000,0x3fc0000000000000000000000000000000000007,21,12,12 0 0 0 0 0 0 0,1793188439
121,3,23125747,1790561627,0x32a1048431ee2db5868c4ade81da84b9f075ab05,4:0,500,0x7c0000000013,8,5,5 0 0 0 0 0 0 0,1793076115
122,3,23125764,1790561636,0x32a1048431ee2db5868c4ade81da84b9f075ab05,7:0,500,0x3e00000000000000037,8,4,4 0 0 0 0 0 0 0,1793076190
123,3,23125779,1790561643,0x32a1048431ee2db5868c4ade81da84b9f075ab05,15:0,500,0x3e00000000000000000000000000000000001,6,4,4 0 0 0 0 0 0 0,1793076230
124,3,23125839,1790561674,0x682e5537cce3e03a3020d896498786bb81c4a5e7,4:0,500,0x7c0000000013,8,5,5 0 0 0 0 0 0 0,1793076294
125,3,23125854,1790561681,0x682e5537cce3e03a3020d896498786bb81c4a5e7,7:0,500,0x3e00000000000000037,16,8,8 0 0 0 0 0 0 0,1793076320
126,3,23125871,1790561690,0x682e5537cce3e03a3020d896498786bb81c4a5e7,15:0,500,0x3e00000000000000000000000000000000001,10,8,8 0 0 0 0 0 0 0,1793076359
127,3,23126039,1790561775,0xa7c48ec145b032aa0fd76ebdae085bdb42173f19,10:0,500,0x1f00000000000000000000002d,5,4,4 0 0 0 0 0 0 0,1793076423
128,3,23126053,1790561782,0xa7c48ec145b032aa0fd76ebdae085bdb42173f19,13:0,500,0xf8000000000000000000000000000039,8,4,4 0 0 0 0 0 0 0,1793076460
129,3,23126068,1790561790,0xa7c48ec145b032aa0fd76ebdae085bdb42173f19,17:0,500,0xf800000000000000000000000000000000000000d,7,4,4 0 0 0 0 0 0 0,1793076487
130,3,23126161,1790561837,0x2f1e4cf291e6dbd9236679ecdd1de9c324fcb879,6:0,500,0x1f00000000000000c,5,4,4 0 0 0 0 0 0 0,1793076679
131,3,23126176,1790561844,0x2f1e4cf291e6dbd9236679ecdd1de9c324fcb879,14:0,500,0x1f000000000000000000000000000000028,7,4,4 0 0 0 0 0 0 0,1793076737
132,3,23126191,1790561852,0x2f1e4cf291e6dbd9236679ecdd1de9c324fcb879,17:0,500,0xf800000000000000000000000000000000000000d,10,8,8 0 0 0 0 0 0 0,1793076772
133,3,23126249,1790561882,0x49c7a4f1ae750cec95634648ce57e4ee53f64058,7:0,500,0x3e00000000000000037,16,8,8 0 0 0 0 0 0 0,1793076831
134,3,23126265,1790561890,0x49c7a4f1ae750cec95634648ce57e4ee53f64058,10:0,500,0x1f00000000000000000000002d,5,4,4 0 0 0 0 0 0 0,1793076863
135,3,23126283,1790561899,0x49c7a4f1ae750cec95634648ce57e4ee53f64058,15:0,500,0x3e00000000000000000000000000000000001,6,4,4 0 0 0 0 0 0 0,1793076896
115,5,23126371,1790561944,0x46f440d3d4e6466034b2a5034fc501ac0a31bf29,17:1,2000,0x3f800000000000000000000000000000000000001c,7,4,4 0 0 0 0 0 0 0,1793118376
137,3,23126704,1790562113,0x0139a84b829cef5f6f7b83a456d498a153155057,4:0,500,0x7c0000000013,8,5,5 0 0 0 0 0 0 0,1793077099
138,3,23126720,1790562121,0x0139a84b829cef5f6f7b83a456d498a153155057,11:0,500,0x3e00000000000000000000000001,6,4,4 0 0 0 0 0 0 0,1793077137
139,3,23126739,1790562130,0x0139a84b829cef5f6f7b83a456d498a153155057,15:0,500,0x3e00000000000000000000000000000000001,6,4,4 0 0 0 0 0 0 0,1793077186
190,3,23126790,1790562156,0x024bd508a0752afb7e927b7defe681b51dd42377,2:0,500,0x1f000028,8,5,5 0 0 0 0 0 0 0,1793085703
191,3,23126804,1790562163,0x024bd508a0752afb7e927b7defe681b51dd42377,10:0,500,0x1f00000000000000000000002d,8,8,8 0 0 0 0 0 0 0,1793085771
192,3,23126819,1790562171,0x024bd508a0752afb7e927b7defe681b51dd42377,14:0,500,0x1f000000000000000000000000000000028,7,4,4 0 0 0 0 0 0 0,1793085827
231,2,23126855,1790562189,0x246e4bf851155c76cd74a4e2961cd879431a7768,11:0,500,0x3e00000000000000000000000035,6,4,4 0 0 0 0 0 0 0,1793076936
232,2,23126871,1790562197,0x246e4bf851155c76cd74a4e2961cd879431a7768,5:0,500,0xf8000000000023,6,4,4 0 0 0 0 0 0 0,1793076967
233,2,23126888,1790562206,0x246e4bf851155c76cd74a4e2961cd879431a7768,14:0,500,0x1f000000000000000000000000000000028,7,4,4 0 0 0 0 0 0 0,1793077002
241,2,23126958,1790562242,0x34ee0241ab4d91c588bcd37948bec7769e0cae90,6:0,500,0x1f00000000000000d,5,4,4 0 0 0 0 0 0 0,1793077646
242,2,23126972,1790562249,0x34ee0241ab4d91c588bcd37948bec7769e0cae90,12:0,500,0x7c000000000000000000000000002c,5,4,4 0 0 0 0 0 0 0,1793077676
243,2,23126986,1790562256,0x34ee0241ab4d91c588bcd37948bec7769e0cae90,17:0,500,0xf800000000000000000000000000000000000002c,7,4,4 0 0 0 0 0 0 0,1793077709
208,4,23128865,1790563210,0x019d9319cbefec30f672fe0f79acd709958ab271,10:1,2000,0x7f000000000000000000000023,5,4,4 0 0 0 0 0 0 0,1793113675
22,8,23130488,1790564034,0x23834a83a168310b6b0dc000f22f9a4f8ae86106,19:0,500,0x3e0000000000000000000000000000000000000000000c,8,4,4 0 0 0 0 0 0 0,1793174465
22,9,23130521,1790564051,0x23834a83a168310b6b0dc000f22f9a4f8ae86106,18:0,500,0x1f000000000000000000000000000000000000000021,7,4,4 0 0 0 0 0 0 0,1793196065
22,10,23130548,1790564065,0x23834a83a168310b6b0dc000f22f9a4f8ae86106,17:0,500,0xf800000000000000000000000000000000000002e,7,4,4 0 0 0 0 0 0 0,1793217665
25,7,23130583,1790564082,0x23834a83a168310b6b0dc000f22f9a4f8ae86106,19:0,500,0x3e0000000000000000000000000000000000000000003b,8,4,4 0 0 0 0 0 0 0,1793154224
31,28,23130600,1790564091,0xac79fd6008b971723d16974cdb23ad70ecc00bee,12:0,500,0x7c0000000000000000000000000003,13,8,8 0 0 0 0 0 0 0,1793608592
25,8,23130606,1790564094,0x23834a83a168310b6b0dc000f22f9a4f8ae86106,18:0,500,0x1f00000000000000000000000000000000000000000e,7,4,4 0 0 0 0 0 0 0,1793175824
25,9,23130631,1790564107,0x23834a83a168310b6b0dc000f22f9a4f8ae86106,17:0,500,0xf8000000000000000000000000000000000000001,7,4,4 0 0 0 0 0 0 0,1793197424
84,4,23131161,1790564376,0x45828555f1ccd93c76f7e1b19822e7294946415a,1:0,500,0xf8037,9,5,5 0 0 0 0 0 0 0,1793094474
30,5,23133477,1790565551,0xb39e79d3540fc34f516af70574b94d4ef8f885d2,1:0,500,0xf8007,19,10,10 0 0 0 0 0 0 0,1793111714
30,6,23133626,1790565626,0xb39e79d3540fc34f516af70574b94d4ef8f885d2,2:0,500,0x1f000008,16,10,10 0 0 0 0 0 0 0,1793133314
30,7,23133709,1790565668,0xb39e79d3540fc34f516af70574b94d4ef8f885d2,3:0,500,0x3e00000030,10,5,5 0 0 0 0 0 0 0,1793154914
30,8,23133760,1790565694,0xb39e79d3540fc34f516af70574b94d4ef8f885d2,4:0,500,0x7c000000001c,8,5,5 0 0 0 0 0 0 0,1793176514
30,9,23133895,1790565763,0xb39e79d3540fc34f516af70574b94d4ef8f885d2,5:0,500,0xf800000000003c,16,9,9 0 0 0 0 0 0 0,1793198114
30,10,23133928,1790565779,0xb39e79d3540fc34f516af70574b94d4ef8f885d2,6:0,500,0x1f00000000000002f,5,4,4 0 0 0 0 0 0 0,1793219714
272,1,23133956,1790565794,0xc47e53967ecc82ee69635a37a6c645d109c15981,1:0,500,0xf8000,9,5,5 0 0 0 0 0 0 0,1793061610
30,11,23133964,1790565798,0xb39e79d3540fc34f516af70574b94d4ef8f885d2,7:0,500,0x3e0000000000000001b,8,4,4 0 0 0 0 0 0 0,1793241314
275,1,23133992,1790565812,0xc47e53967ecc82ee69635a37a6c645d109c15981,1:0,500,0xf8000,9,5,5 0 0 0 0 0 0 0,1793062237
30,12,23134011,1790565821,0xb39e79d3540fc34f516af70574b94d4ef8f885d2,8:0,500,0x7c000000000000000003b,8,4,4 0 0 0 0 0 0 0,1793262914
116,5,23134123,1790565878,0xb39e79d3540fc34f516af70574b94d4ef8f885d2,9:0,500,0xf8000000000000000000007,12,8,8 0 0 0 0 0 0 0,1793118451
116,6,23134158,1790565896,0xb39e79d3540fc34f516af70574b94d4ef8f885d2,10:0,500,0x1f00000000000000000000003d,8,8,8 0 0 0 0 0 0 0,1793140051
116,7,23134204,1790565919,0xb39e79d3540fc34f516af70574b94d4ef8f885d2,11:0,500,0x3e00000000000000000000000013,6,4,4 0 0 0 0 0 0 0,1793161651
202,3,23134227,1790565931,0x51ff767cdd5112be157b12b5b1c7713608fc2601,1:0,500,0xf801c,9,5,5 0 0 0 0 0 0 0,1793090299
116,8,23134237,1790565936,0xb39e79d3540fc34f516af70574b94d4ef8f885d2,12:0,500,0x7c0000000000000000000000000010,13,8,8 0 0 0 0 0 0 0,1793183251
210,1,23134237,1790565936,0x51ff767cdd5112be157b12b5b1c7713608fc2601,1:0,500,0xf8000,9,5,5 0 0 0 0 0 0 0,1793050311
116,9,23134275,1790565955,0xb39e79d3540fc34f516af70574b94d4ef8f885d2,13:0,500,0xf8000000000000000000000000000007,13,8,8 0 0 0 0 0 0 0,1793204851
116,10,23134302,1790565969,0xb39e79d3540fc34f516af70574b94d4ef8f885d2,14:0,500,0x1f00000000000000000000000000000001a,7,4,4 0 0 0 0 0 0 0,1793226451
116,11,23134332,1790565984,0xb39e79d3540fc34f516af70574b94d4ef8f885d2,15:0,500,0x3e00000000000000000000000000000000000,6,4,4 0 0 0 0 0 0 0,1793248051
197,5,23134378,1790566008,0xb39e79d3540fc34f516af70574b94d4ef8f885d2,16:0,500,0x7c000000000000000000000000000000000002c,6,4,4 0 0 0 0 0 0 0,1793132487
298,3,23134395,1790566016,0xbd081f1b95d62c9a30efab2bb862eea6dcd7450a,10:0,500,0x1f00000000000000000000002d,5,4,4 0 0 0 0 0 0 0,1793128337
197,6,23134402,1790566020,0xb39e79d3540fc34f516af70574b94d4ef8f885d2,17:0,500,0xf800000000000000000000000000000000000000c,7,4,4 0 0 0 0 0 0 0,1793154087
298,4,23134453,1790566046,0xbd081f1b95d62c9a30efab2bb862eea6dcd7450a,5:0,500,0xf8000000000006,6,4,4 0 0 0 0 0 0 0,1793149937
172,6,23134457,1790566048,0xed39205dd38074eea517a0e3dbd099b4e4a85af3,2:1,2000,0x7f00002b,16,10,10 0 0 0 0 0 0 0,1793148519
267,1,23134477,1790566058,0xeda47da1c7ae9f6f342784e2b3c0b41194375d17,1:0,500,0xf8000,9,5,5 0 0 0 0 0 0 0,1793061093
185,6,23134492,1790566065,0xed39205dd38074eea517a0e3dbd099b4e4a85af3,2:1,2000,0x7f00002b,16,10,10 0 0 0 0 0 0 0,1793150324
268,1,23134507,1790566073,0xeda47da1c7ae9f6f342784e2b3c0b41194375d17,1:0,500,0xf8000,9,5,5 0 0 0 0 0 0 0,1793061114
197,7,23134534,1790566087,0xb39e79d3540fc34f516af70574b94d4ef8f885d2,18:0,500,0x1f000000000000000000000000000000000000000017,7,4,4 0 0 0 0 0 0 0,1793175687
197,8,23134564,1790566102,0xb39e79d3540fc34f516af70574b94d4ef8f885d2,19:0,500,0x3e0000000000000000000000000000000000000000000c,13,8,8 0 0 0 0 0 0 0,1793197287
298,5,23134604,1790566122,0xbd081f1b95d62c9a30efab2bb862eea6dcd7450a,15:1,2000,0xfe0000000000000000000000000000000001b,6,4,4 0 0 0 0 0 0 0,1793171537
221,1,23135169,1790566409,0x5134143ec5c04ad5b5dcd240e92f484cdf10fef8,1:0,500,0xf8000,9,5,5 0 0 0 0 0 0 0,1793053390
222,1,23135188,1790566418,0x5134143ec5c04ad5b5dcd240e92f484cdf10fef8,1:0,500,0xf8000,9,5,5 0 0 0 0 0 0 0,1793053415
210,2,23136998,1790567337,0x51ff767cdd5112be157b12b5b1c7713608fc2601,1:0,500,0xf8007,19,10,10 0 0 0 0 0 0 0,1793071911
198,4,23137659,1790567672,0x9194331dc33cde506a635cb2bde30a88246cb9cf,10:1,2000,0x7f000000000000000000000023,16,12,12 0 0 0 0 0 0 0,1793111100
225,2,23137810,1790567749,0xca455075041d8af4723892825b3e45e685ee1e0d,12:0,500,0x7c000000000000000000000000002c,5,4,4 0 0 0 0 0 0 0,1793075403
225,3,23137943,1790567816,0xca455075041d8af4723892825b3e45e685ee1e0d,12:0,500,0x7c0000000000000000000000000014,13,8,8 0 0 0 0 0 0 0,1793097003
300,4,23137961,1790567825,0x1b1829e31d3f85210ea84c2b62f59faa47687c7e,9:0,500,0xf8000000000000000000021,12,8,8 0 0 0 0 0 0 0,1793150925
14,7,23138023,1790567857,0x1b1829e31d3f85210ea84c2b62f59faa47687c7e,9:0,500,0xf8000000000000000000023,5,4,4 0 0 0 0 0 0 0,1793152399
225,4,23138090,1790567891,0xca455075041d8af4723892825b3e45e685ee1e0d,17:0,500,0xf8000000000000000000000000000000000000001,7,4,4 0 0 0 0 0 0 0,1793118603
15,25,23141622,1790569682,0xe6e5a8b9c4a0cd805f06b565b6f2857923cc6b11,1:0,500,0xf8032,29,15,15 0 0 0 0 0 0 0,1793541263
27,24,23143087,1790570426,0x81b4bf458a73ea46fadd46ee8236e5f94c4eb8e0,1:1,2000,0x3f801b,9,5,5 0 0 0 0 0 0 0,1793521950
17,2,23143780,1790570777,0x18749122cc2211c977736f418159c2f440243bd5,7:0,500,0x3e00000000000000031,8,4,4 0 0 0 0 0 0 0,1793044525
19,2,23143819,1790570797,0x18749122cc2211c977736f418159c2f440243bd5,14:0,500,0x1f000000000000000000000000000000028,7,4,4 0 0 0 0 0 0 0,1793044627
21,3,23143862,1790570819,0x18749122cc2211c977736f418159c2f440243bd5,18:0,500,0x1f000000000000000000000000000000000000000008,7,4,4 0 0 0 0 0 0 0,1793066281
187,23,23144885,1790571338,0x65d3f783f7a9f2a30cf70a8b3f6789fe98779086,4:0,500,0x7c0000000000,17,10,10 0 0 0 0 0 0 0,1793517594
187,24,23144925,1790571358,0x65d3f783f7a9f2a30cf70a8b3f6789fe98779086,10:0,500,0x1f000000000000000000000022,8,8,8 0 0 0 0 0 0 0,1793539194
187,25,23144965,1790571378,0x65d3f783f7a9f2a30cf70a8b3f6789fe98779086,2:0,500,0x1f000014,8,5,5 0 0 0 0 0 0 0,1793560794
305,10,23145682,1790571742,0xa754afb7549fce6e666bfcd6d4a4064c7d732d0e,3:1,2000,0xfe0000001b,29,15,15 0 0 0 0 0 0 0,1793281773
306,7,23145706,1790571754,0xa754afb7549fce6e666bfcd6d4a4064c7d732d0e,15:1,2000,0xfe00000000000000000000000000000000012,6,4,4 0 0 0 0 0 0 0,1793217299
320,7,23145754,1790571779,0xa754afb7549fce6e666bfcd6d4a4064c7d732d0e,13:1,2000,0x3f800000000000000000000000000003d,23,13,13 0 0 0 0 0 0 0,1793218856
305,11,23145825,1790571815,0xa754afb7549fce6e666bfcd6d4a4064c7d732d0e,17:2,4000,0x7f8000000000000000000000000000000000000028,15,12,12 0 0 0 0 0 0 0,1793303373
3,3,23147899,1790572867,0x734617dec820db2cfb6dc750efa08ef30dc9236f,17:2,4000,0x7f800000000000000000000000000000000000003d,12,8,8 0 0 0 0 0 0 0,1793065642
5,2,23147933,1790572884,0x734617dec820db2cfb6dc750efa08ef30dc9236f,12:2,4000,0x3fc000000000000000000000000002e,9,8,8 0 0 0 0 0 0 0,1793044170
8,2,23147977,1790572906,0x734617dec820db2cfb6dc750efa08ef30dc9236f,6:2,4000,0xff00000000000001b,11,8,8 0 0 0 0 0 0 0,1793044248
3,4,23148745,1790573296,0x734617dec820db2cfb6dc750efa08ef30dc9236f,14:2,4000,0xff000000000000000000000000000000030,18,12,12 0 0 0 0 0 0 0,1793087242
5,3,23148919,1790573384,0x734617dec820db2cfb6dc750efa08ef30dc9236f,18:2,4000,0xff000000000000000000000000000000000000000003,19,12,12 0 0 0 0 0 0 0,1793065770
8,3,23149017,1790573434,0x734617dec820db2cfb6dc750efa08ef30dc9236f,15:2,4000,0x1fe00000000000000000000000000000000025,19,12,12 0 0 0 0 0 0 0,1793065848
35,2,23150786,1790574332,0x0e8fc50331bac5eb968b6106125c2643a98ba319,7:2,4000,0x1fe0000000000000003c,16,8,8 0 0 0 0 0 0 0,1793047621
38,5,23153088,1790575499,0x9fe1c07a4b2ee2842eee679ae719bb23ed341c18,8:0,500,0x7c000000000000000002a,8,4,4 0 0 0 0 0 0 0,1793112589
47,4,23153169,1790575540,0x9fe1c07a4b2ee2842eee679ae719bb23ed341c18,19:0,500,0x3e00000000000000000000000000000000000000000008,13,8,8 0 0 0 0 0 0 0,1793092257
26,6,23154614,1790576274,0x0dd5ff179c68dd64fa712da08b550ec3a7d3bd73,1:0,500,0xf8025,19,10,10 0 0 0 0 0 0 0,1793132903
86,6,23154654,1790576294,0x0dd5ff179c68dd64fa712da08b550ec3a7d3bd73,1:0,500,0xf8025,9,5,5 0 0 0 0 0 0 0,1793137721
90,6,23154679,1790576307,0x0dd5ff179c68dd64fa712da08b550ec3a7d3bd73,1:0,500,0xf8025,9,5,5 0 0 0 0 0 0 0,1793137784
26,7,23154959,1790576449,0x0dd5ff179c68dd64fa712da08b550ec3a7d3bd73,9:0,500,0xf8000000000000000000023,5,4,4 0 0 0 0 0 0 0,1793154503
86,7,23155019,1790576479,0x0dd5ff179c68dd64fa712da08b550ec3a7d3bd73,9:0,500,0xf8000000000000000000023,12,8,8 0 0 0 0 0 0 0,1793159321
90,7,23155076,1790576508,0x0dd5ff179c68dd64fa712da08b550ec3a7d3bd73,9:0,500,0xf8000000000000000000023,5,4,4 0 0 0 0 0 0 0,1793159384
26,8,23155148,1790576544,0x0dd5ff179c68dd64fa712da08b550ec3a7d3bd73,12:0,500,0x7c0000000000000000000000000010,5,4,4 0 0 0 0 0 0 0,1793176103
26,9,23155240,1790576591,0x0dd5ff179c68dd64fa712da08b550ec3a7d3bd73,3:0,500,0x3e00000013,10,5,5 0 0 0 0 0 0 0,1793197703
26,10,23155313,1790576628,0x0dd5ff179c68dd64fa712da08b550ec3a7d3bd73,4:0,500,0x7c0000000019,8,5,5 0 0 0 0 0 0 0,1793219303
26,11,23155372,1790576658,0x0dd5ff179c68dd64fa712da08b550ec3a7d3bd73,6:0,500,0x1f000000000000033,5,4,4 0 0 0 0 0 0 0,1793240903
26,12,23155427,1790576686,0x0dd5ff179c68dd64fa712da08b550ec3a7d3bd73,7:0,500,0x3e00000000000000023,18,9,9 0 0 0 0 0 0 0,1793262503
26,13,23155477,1790576711,0x0dd5ff179c68dd64fa712da08b550ec3a7d3bd73,8:0,500,0x7c000000000000000000b,16,8,8 0 0 0 0 0 0 0,1793284103
26,14,23155539,1790576743,0x0dd5ff179c68dd64fa712da08b550ec3a7d3bd73,9:0,500,0xf800000000000000000000a,12,8,8 0 0 0 0 0 0 0,1793305703
26,15,23155591,1790576769,0x0dd5ff179c68dd64fa712da08b550ec3a7d3bd73,10:0,500,0x1f000000000000000000000027,5,4,4 0 0 0 0 0 0 0,1793327303
26,16,23155644,1790576796,0x0dd5ff179c68dd64fa712da08b550ec3a7d3bd73,11:0,500,0x3e0000000000000000000000001b,6,4,4 0 0 0 0 0 0 0,1793348903
26,17,23155736,1790576843,0x0dd5ff179c68dd64fa712da08b550ec3a7d3bd73,12:0,500,0x7c0000000000000000000000000003,13,8,8 0 0 0 0 0 0 0,1793370503
26,18,23155803,1790576877,0x0dd5ff179c68dd64fa712da08b550ec3a7d3bd73,14:0,500,0x1f00000000000000000000000000000000b,7,4,4 0 0 0 0 0 0 0,1793392103
26,19,23155855,1790576903,0x0dd5ff179c68dd64fa712da08b550ec3a7d3bd73,15:0,500,0x3e00000000000000000000000000000000027,6,4,4 0 0 0 0 0 0 0,1793413703
26,20,23155937,1790576945,0x0dd5ff179c68dd64fa712da08b550ec3a7d3bd73,16:0,500,0x7c000000000000000000000000000000000003b,6,4,4 0 0 0 0 0 0 0,1793435303
26,21,23155990,1790576972,0x0dd5ff179c68dd64fa712da08b550ec3a7d3bd73,17:0,500,0xf800000000000000000000000000000000000003c,17,9,9 0 0 0 0 0 0 0,1793456903
26,22,23156039,1790576997,0x0dd5ff179c68dd64fa712da08b550ec3a7d3bd73,18:0,500,0x1f000000000000000000000000000000000000000024,12,8,8 0 0 0 0 0 0 0,1793478503
26,23,23156104,1790577029,0x0dd5ff179c68dd64fa712da08b550ec3a7d3bd73,19:0,500,0x3e0000000000000000000000000000000000000000003c,8,4,4 0 0 0 0 0 0 0,1793500103
86,8,23156206,1790577081,0x0dd5ff179c68dd64fa712da08b550ec3a7d3bd73,19:0,500,0x3e0000000000000000000000000000000000000000000c,18,9,9 0 0 0 0 0 0 0,1793180921
86,9,23156296,1790577127,0x0dd5ff179c68dd64fa712da08b550ec3a7d3bd73,18:0,500,0x1f000000000000000000000000000000000000000021,7,4,4 0 0 0 0 0 0 0,1793202521
86,10,23156362,1790577161,0x0dd5ff179c68dd64fa712da08b550ec3a7d3bd73,17:0,500,0xf800000000000000000000000000000000000002e,7,4,4 0 0 0 0 0 0 0,1793224121
86,11,23156447,1790577204,0x0dd5ff179c68dd64fa712da08b550ec3a7d3bd73,16:0,500,0x7c0000000000000000000000000000000000023,6,4,4 0 0 0 0 0 0 0,1793245721
86,12,23156506,1790577233,0x0dd5ff179c68dd64fa712da08b550ec3a7d3bd73,12:0,500,0x7c0000000000000000000000000037,5,4,4 0 0 0 0 0 0 0,1793267321
86,13,23156566,1790577264,0x0dd5ff179c68dd64fa712da08b550ec3a7d3bd73,13:0,500,0xf8000000000000000000000000000033,23,13,13 0 0 0 0 0 0 0,1793288921
86,14,23156625,1790577294,0x0dd5ff179c68dd64fa712da08b550ec3a7d3bd73,14:0,500,0x1f00000000000000000000000000000000c,13,8,8 0 0 0 0 0 0 0,1793310521
86,15,23156685,1790577324,0x0dd5ff179c68dd64fa712da08b550ec3a7d3bd73,15:0,500,0x3e0000000000000000000000000000000000d,6,4,4 0 0 0 0 0 0 0,1793332121
86,16,23156738,1790577351,0x0dd5ff179c68dd64fa712da08b550ec3a7d3bd73,9:0,500,0xf8000000000000000000004,5,4,4 0 0 0 0 0 0 0,1793353721
86,17,23156792,1790577378,0x0dd5ff179c68dd64fa712da08b550ec3a7d3bd73,10:0,500,0x1f00000000000000000000003c,5,4,4 0 0 0 0 0 0 0,1793375321
86,18,23156845,1790577405,0x0dd5ff179c68dd64fa712da08b550ec3a7d3bd73,11:0,500,0x3e00000000000000000000000033,6,4,4 0 0 0 0 0 0 0,1793396921
86,19,23156912,1790577439,0x0dd5ff179c68dd64fa712da08b550ec3a7d3bd73,8:0,500,0x7c0000000000000000023,16,8,8 0 0 0 0 0 0 0,1793418521
86,20,23156990,1790577479,0x0dd5ff179c68dd64fa712da08b550ec3a7d3bd73,7:0,500,0x3e00000000000000010,8,4,4 0 0 0 0 0 0 0,1793440121
86,21,23157112,1790577541,0x0dd5ff179c68dd64fa712da08b550ec3a7d3bd73,3:0,500,0x3e0000002b,20,10,10 0 0 0 0 0 0 0,1793461721
86,22,23157196,1790577583,0x0dd5ff179c68dd64fa712da08b550ec3a7d3bd73,3:0,500,0x3e00000024,19,10,10 0 0 0 0 0 0 0,1793483321
86,23,23157249,1790577610,0x0dd5ff179c68dd64fa712da08b550ec3a7d3bd73,4:0,500,0x7c0000000000,8,5,5 0 0 0 0 0 0 0,1793504921
90,8,23157335,1790577654,0x0dd5ff179c68dd64fa712da08b550ec3a7d3bd73,2:1,2000,0x7f00002e,18,10,10 0 0 0 0 0 0 0,1793180984
90,9,23157406,1790577690,0x0dd5ff179c68dd64fa712da08b550ec3a7d3bd73,3:0,500,0x3e00000013,19,10,10 0 0 0 0 0 0 0,1793202584
90,10,23157464,1790577719,0x0dd5ff179c68dd64fa712da08b550ec3a7d3bd73,4:0,500,0x7c0000000019,8,5,5 0 0 0 0 0 0 0,1793224184
90,11,23157547,1790577761,0x0dd5ff179c68dd64fa712da08b550ec3a7d3bd73,5:0,500,0xf8000000000016,6,4,4 0 0 0 0 0 0 0,1793245784
90,12,23157629,1790577803,0x0dd5ff179c68dd64fa712da08b550ec3a7d3bd73,10:0,500,0x1f00000000000000000000000f,8,8,8 0 0 0 0 0 0 0,1793267384
90,13,23157681,1790577829,0x0dd5ff179c68dd64fa712da08b550ec3a7d3bd73,10:0,500,0x1f00000000000000000000003b,5,4,4 0 0 0 0 0 0 0,1793288984
90,14,23157732,1790577855,0x0dd5ff179c68dd64fa712da08b550ec3a7d3bd73,14:0,500,0x1f00000000000000000000000000000000c,7,4,4 0 0 0 0 0 0 0,1793310584
90,15,23157790,1790577885,0x0dd5ff179c68dd64fa712da08b550ec3a7d3bd73,16:0,500,0x7c000000000000000000000000000000000002d,14,8,8 0 0 0 0 0 0 0,1793332184
90,16,23157845,1790577912,0x0dd5ff179c68dd64fa712da08b550ec3a7d3bd73,16:0,500,0x7c000000000000000000000000000000000000f,6,4,4 0 0 0 0 0 0 0,1793353784
90,17,23157924,1790577953,0x0dd5ff179c68dd64fa712da08b550ec3a7d3bd73,17:0,500,0xf8000000000000000000000000000000000000039,20,13,13 0 0 0 0 0 0 0,1793375384
90,18,23157979,1790577980,0x0dd5ff179c68dd64fa712da08b550ec3a7d3bd73,12:0,500,0x7c000000000000000000000000003b,5,4,4 0 0 0 0 0 0 0,1793396984
90,19,23158042,1790578012,0x0dd5ff179c68dd64fa712da08b550ec3a7d3bd73,13:0,500,0xf8000000000000000000000000000005,8,4,4 0 0 0 0 0 0 0,1793418584
90,20,23158103,1790578043,0x0dd5ff179c68dd64fa712da08b550ec3a7d3bd73,9:0,500,0xf8000000000000000000023,12,8,8 0 0 0 0 0 0 0,1793440184
90,21,23158152,1790578068,0x0dd5ff179c68dd64fa712da08b550ec3a7d3bd73,10:0,500,0x1f000000000000000000000026,8,8,8 0 0 0 0 0 0 0,1793461784
90,22,23158204,1790578095,0x0dd5ff179c68dd64fa712da08b550ec3a7d3bd73,11:0,500,0x3e0000000000000000000000002f,6,4,4 0 0 0 0 0 0 0,1793483384
90,23,23158261,1790578123,0x0dd5ff179c68dd64fa712da08b550ec3a7d3bd73,14:0,500,0x1f000000000000000000000000000000021,23,13,13 0 0 0 0 0 0 0,1793504984
90,24,23158331,1790578159,0x0dd5ff179c68dd64fa712da08b550ec3a7d3bd73,13:0,500,0xf800000000000000000000000000003c,13,8,8 0 0 0 0 0 0 0,1793526584
90,25,23158388,1790578188,0x0dd5ff179c68dd64fa712da08b550ec3a7d3bd73,10:0,500,0x1f000000000000000000000026,5,4,4 0 0 0 0 0 0 0,1793548184
86,24,23158437,1790578213,0x0dd5ff179c68dd64fa712da08b550ec3a7d3bd73,6:0,500,0x1f000000000000034,5,4,4 0 0 0 0 0 0 0,1793526521
86,25,23158472,1790578231,0x0dd5ff179c68dd64fa712da08b550ec3a7d3bd73,19:0,500,0x3e00000000000000000000000000000000000000000003,13,8,8 0 0 0 0 0 0 0,1793548121
86,26,23158540,1790578265,0x0dd5ff179c68dd64fa712da08b550ec3a7d3bd73,11:0,500,0x3e00000000000000000000000026,14,8,8 0 0 0 0 0 0 0,1793569721
90,26,23158595,1790578293,0x0dd5ff179c68dd64fa712da08b550ec3a7d3bd73,11:0,500,0x3e00000000000000000000000026,14,8,8 0 0 0 0 0 0 0,1793569784
26,24,23158665,1790578328,0x0dd5ff179c68dd64fa712da08b550ec3a7d3bd73,19:0,500,0x3e0000000000000000000000000000000000000000002a,13,8,8 0 0 0 0 0 0 0,1793521703
26,25,23158724,1790578358,0x0dd5ff179c68dd64fa712da08b550ec3a7d3bd73,11:0,500,0x3e00000000000000000000000028,14,8,8 0 0 0 0 0 0 0,1793543303
26,26,23158792,1790578393,0x0dd5ff179c68dd64fa712da08b550ec3a7d3bd73,13:0,500,0xf8000000000000000000000000000025,18,9,9 0 0 0 0 0 0 0,1793564903
62,5,23158966,1790578481,0xd6ed92a915f940db5d288b1724a4e45b20c4f027,1:0,500,0xf8007,9,5,5 0 0 0 0 0 0 0,1793114729
78,5,23158994,1790578495,0xd6ed92a915f940db5d288b1724a4e45b20c4f027,1:0,500,0xf8007,9,5,5 0 0 0 0 0 0 0,1793115668
81,5,23159043,1790578520,0xd6ed92a915f940db5d288b1724a4e45b20c4f027,1:0,500,0xf8007,9,5,5 0 0 0 0 0 0 0,1793115900
62,6,23159141,1790578570,0xd6ed92a915f940db5d288b1724a4e45b20c4f027,2:0,500,0x1f000008,8,5,5 0 0 0 0 0 0 0,1793136329
62,7,23159189,1790578594,0xd6ed92a915f940db5d288b1724a4e45b20c4f027,3:0,500,0x3e00000030,20,10,10 0 0 0 0 0 0 0,1793157929
62,8,23159246,1790578623,0xd6ed92a915f940db5d288b1724a4e45b20c4f027,3:0,500,0x3e00000024,19,10,10 0 0 0 0 0 0 0,1793179529
62,9,23159294,1790578648,0xd6ed92a915f940db5d288b1724a4e45b20c4f027,4:0,500,0x7c0000000004,8,5,5 0 0 0 0 0 0 0,1793201129
62,10,23159404,1790578703,0xd6ed92a915f940db5d288b1724a4e45b20c4f027,6:0,500,0x1f00000000000002f,5,4,4 0 0 0 0 0 0 0,1793222729
62,11,23159453,1790578728,0xd6ed92a915f940db5d288b1724a4e45b20c4f027,7:0,500,0x3e0000000000000001b,8,4,4 0 0 0 0 0 0 0,1793244329
62,12,23159501,1790578753,0xd6ed92a915f940db5d288b1724a4e45b20c4f027,8:0,500,0x7c000000000000000003b,8,4,4 0 0 0 0 0 0 0,1793265929
62,13,23159554,1790578780,0xd6ed92a915f940db5d288b1724a4e45b20c4f027,9:0,500,0xf8000000000000000000023,12,8,8 0 0 0 0 0 0 0,1793287529
62,14,23159612,1790578809,0xd6ed92a915f940db5d288b1724a4e45b20c4f027,11:0,500,0x3e0000000000000000000000003b,16,9,9 0 0 0 0 0 0 0,1793309129
62,15,23159657,1790578832,0xd6ed92a915f940db5d288b1724a4e45b20c4f027,12:0,500,0x7c000000000000000000000000000e,13,8,8 0 0 0 0 0 0 0,1793330729
62,16,23159702,1790578855,0xd6ed92a915f940db5d288b1724a4e45b20c4f027,10:0,500,0x1f000000000000000000000025,5,4,4 0 0 0 0 0 0 0,1793352329
62,17,23159740,1790578874,0xd6ed92a915f940db5d288b1724a4e45b20c4f027,11:0,500,0x3e00000000000000000000000016,14,8,8 0 0 0 0 0 0 0,1793373929
62,18,23159787,1790578898,0xd6ed92a915f940db5d288b1724a4e45b20c4f027,19:0,500,0x3e00000000000000000000000000000000000000000011,13,8,8 0 0 0 0 0 0 0,1793395529
62,19,23159842,1790578926,0xd6ed92a915f940db5d288b1724a4e45b20c4f027,16:0,500,0x7c0000000000000000000000000000000000028,14,8,8 0 0 0 0 0 0 0,1793417129
62,20,23159895,1790578953,0xd6ed92a915f940db5d288b1724a4e45b20c4f027,17:0,500,0xf8000000000000000000000000000000000000032,7,4,4 0 0 0 0 0 0 0,1793438729
62,21,23159958,1790578985,0xd6ed92a915f940db5d288b1724a4e45b20c4f027,12:0,500,0x7c0000000000000000000000000030,15,9,9 0 0 0 0 0 0 0,1793460329
62,22,23160009,1790579010,0xd6ed92a915f940db5d288b1724a4e45b20c4f027,13:0,500,0xf800000000000000000000000000000b,13,8,8 0 0 0 0 0 0 0,1793481929
62,23,23160060,1790579036,0xd6ed92a915f940db5d288b1724a4e45b20c4f027,14:0,500,0x1f000000000000000000000000000000021,7,4,4 0 0 0 0 0 0 0,1793503529
62,24,23160108,1790579061,0xd6ed92a915f940db5d288b1724a4e45b20c4f027,10:0,500,0x1f000000000000000000000022,8,8,8 0 0 0 0 0 0 0,1793525129
206,1,23160154,1790579084,0x9da747028d14fd5fc1ce0a2f91d77f5062c6ebb4,1:0,500,0xf8000,9,5,5 0 0 0 0 0 0 0,1793048412
62,25,23160157,1790579086,0xd6ed92a915f940db5d288b1724a4e45b20c4f027,11:0,500,0x3e00000000000000000000000028,6,4,4 0 0 0 0 0 0 0,1793546729
187,26,23160275,1790579145,0x65d3f783f7a9f2a30cf70a8b3f6789fe98779086,1:0,500,0xf803f,19,10,10 0 0 0 0 0 0 0,1793582394
62,26,23160287,1790579151,0xd6ed92a915f940db5d288b1724a4e45b20c4f027,19:2,4000,0x1fe00000000000000000000000000000000000000000035,16,8,8 0 0 0 0 0 0 0,1793568329
187,27,23160316,1790579166,0x65d3f783f7a9f2a30cf70a8b3f6789fe98779086,3:0,500,0x3e00000027,19,10,10 0 0 0 0 0 0 0,1793603994
187,28,23160356,1790579186,0x65d3f783f7a9f2a30cf70a8b3f6789fe98779086,5:0,500,0xf800000000001b,14,9,9 0 0 0 0 0 0 0,1793625594
78,6,23160378,1790579198,0xd6ed92a915f940db5d288b1724a4e45b20c4f027,2:0,500,0x1f000008,8,5,5 0 0 0 0 0 0 0,1793137268
187,29,23160396,1790579207,0x65d3f783f7a9f2a30cf70a8b3f6789fe98779086,6:0,500,0x1f000000000000029,22,13,13 0 0 0 0 0 0 0,1793647194
78,7,23160429,1790579223,0xd6ed92a915f940db5d288b1724a4e45b20c4f027,3:0,500,0x3e00000030,10,5,5 0 0 0 0 0 0 0,1793158868
187,30,23160436,1790579227,0x65d3f783f7a9f2a30cf70a8b3f6789fe98779086,7:0,500,0x3e00000000000000005,16,8,8 0 0 0 0 0 0 0,1793668794
78,8,23160471,1790579245,0xd6ed92a915f940db5d288b1724a4e45b20c4f027,4:0,500,0x7c000000001c,18,10,10 0 0 0 0 0 0 0,1793180468
187,31,23160516,1790579268,0x65d3f783f7a9f2a30cf70a8b3f6789fe98779086,9:0,500,0xf800000000000000000002b,12,8,8 0 0 0 0 0 0 0,1793690394
78,9,23160527,1790579274,0xd6ed92a915f940db5d288b1724a4e45b20c4f027,5:0,500,0xf800000000003c,6,4,4 0 0 0 0 0 0 0,1793202068
36,5,23160547,1790579283,0xf410f5824a53bdeedb76f7d280bccad40538c523,6:2,4000,0xff00000000000002e,28,17,17 0 0 0 0 0 0 0,1793112514
187,32,23160556,1790579288,0x65d3f783f7a9f2a30cf70a8b3f6789fe98779086,11:0,500,0x3e00000000000000000000000038,6,4,4 0 0 0 0 0 0 0,1793711994
78,10,23160590,1790579305,0xd6ed92a915f940db5d288b1724a4e45b20c4f027,6:0,500,0x1f00000000000002f,5,4,4 0 0 0 0 0 0 0,1793223668
187,33,23160596,1790579308,0x65d3f783f7a9f2a30cf70a8b3f6789fe98779086,12:0,500,0x7c0000000000000000000000000029,5,4,4 0 0 0 0 0 0 0,1793733594
187,34,23160637,1790579329,0x65d3f783f7a9f2a30cf70a8b3f6789fe98779086,13:0,500,0xf800000000000000000000000000002e,13,8,8 0 0 0 0 0 0 0,1793755194
78,11,23160643,1790579332,0xd6ed92a915f940db5d288b1724a4e45b20c4f027,7:0,500,0x3e0000000000000001b,8,4,4 0 0 0 0 0 0 0,1793245268
187,35,23160677,1790579349,0x65d3f783f7a9f2a30cf70a8b3f6789fe98779086,14:0,500,0x1f000000000000000000000000000000020,23,13,13 0 0 0 0 0 0 0,1793776794
78,12,23160694,1790579358,0xd6ed92a915f940db5d288b1724a4e45b20c4f027,8:0,500,0x7c000000000000000003b,8,4,4 0 0 0 0 0 0 0,1793266868
187,36,23160717,1790579370,0x65d3f783f7a9f2a30cf70a8b3f6789fe98779086,15:0,500,0x3e0000000000000000000000000000000000d,10,8,8 0 0 0 0 0 0 0,1793798394
78,13,23160751,1790579387,0xd6ed92a915f940db5d288b1724a4e45b20c4f027,9:0,500,0xf8000000000000000000023,15,9,9 0 0 0 0 0 0 0,1793288468
187,37,23160757,1790579390,0x65d3f783f7a9f2a30cf70a8b3f6789fe98779086,16:0,500,0x7c000000000000000000000000000000000002a,14,8,8 0 0 0 0 0 0 0,1793819994
218,7,23160763,1790579393,0xb3aa0c5049d7e1c9abf88d612c10b8d792383464,9:2,4000,0x7f800000000000000000000d,13,12,12 0 0 0 0 0 0 0,1793181688
187,38,23160797,1790579410,0x65d3f783f7a9f2a30cf70a8b3f6789fe98779086,19:0,500,0x3e00000000000000000000000000000000000000000010,13,8,8 0 0 0 0 0 0 0,1793841594
78,14,23160799,1790579411,0xd6ed92a915f940db5d288b1724a4e45b20c4f027,10:0,500,0x1f000000000000000000000017,8,8,8 0 0 0 0 0 0 0,1793310068
218,8,23160799,1790579411,0xb3aa0c5049d7e1c9abf88d612c10b8d792383464,17:2,4000,0x7f800000000000000000000000000000000000003a,17,12,12 0 0 0 0 0 0 0,1793203288
78,15,23160855,1790579440,0xd6ed92a915f940db5d288b1724a4e45b20c4f027,11:0,500,0x3e00000000000000000000000032,6,4,4 0 0 0 0 0 0 0,1793331668
187,39,23160897,1790579461,0x65d3f783f7a9f2a30cf70a8b3f6789fe98779086,18:0,500,0x1f000000000000000000000000000000000000000004,12,8,8 0 0 0 0 0 0 0,1793863194
78,16,23160912,1790579468,0xd6ed92a915f940db5d288b1724a4e45b20c4f027,12:0,500,0x7c0000000000000000000000000004,13,8,8 0 0 0 0 0 0 0,1793353268
187,40,23160937,1790579481,0x65d3f783f7a9f2a30cf70a8b3f6789fe98779086,17:0,500,0xf8000000000000000000000000000000000000029,10,8,8 0 0 0 0 0 0 0,1793884794
78,17,23160967,1790579496,0xd6ed92a915f940db5d288b1724a4e45b20c4f027,13:0,500,0xf8000000000000000000000000000014,8,4,4 0 0 0 0 0 0 0,1793374868
187,41,23160977,1790579501,0x65d3f783f7a9f2a30cf70a8b3f6789fe98779086,16:0,500,0x7c0000000000000000000000000000000000027,6,4,4 0 0 0 0 0 0 0,1793906394
78,18,23161003,1790579515,0xd6ed92a915f940db5d288b1724a4e45b20c4f027,14:0,500,0x1f00000000000000000000000000000000b,7,4,4 0 0 0 0 0 0 0,1793396468
78,19,23161054,1790579541,0xd6ed92a915f940db5d288b1724a4e45b20c4f027,15:0,500,0x3e00000000000000000000000000000000027,6,4,4 0 0 0 0 0 0 0,1793418068
78,20,23161112,1790579570,0xd6ed92a915f940db5d288b1724a4e45b20c4f027,16:0,500,0x7c000000000000000000000000000000000003b,6,4,4 0 0 0 0 0 0 0,1793439668
286,22,23161116,1790579572,0x65d3f783f7a9f2a30cf70a8b3f6789fe98779086,1:0,500,0xf8025,9,5,5 0 0 0 0 0 0 0,1793531551
78,21,23161156,1790579593,0xd6ed92a915f940db5d288b1724a4e45b20c4f027,17:0,500,0xf800000000000000000000000000000000000003c,20,13,13 0 0 0 0 0 0 0,1793461268
286,23,23161176,1790579602,0x65d3f783f7a9f2a30cf70a8b3f6789fe98779086,2:0,500,0x1f000030,16,10,10 0 0 0 0 0 0 0,1793553151
78,22,23161211,1790579620,0xd6ed92a915f940db5d288b1724a4e45b20c4f027,18:0,500,0x1f000000000000000000000000000000000000000024,7,4,4 0 0 0 0 0 0 0,1793482868
78,23,23161260,1790579645,0xd6ed92a915f940db5d288b1724a4e45b20c4f027,19:0,500,0x3e0000000000000000000000000000000000000000003c,8,4,4 0 0 0 0 0 0 0,1793504468
286,24,23161297,1790579664,0x65d3f783f7a9f2a30cf70a8b3f6789fe98779086,3:0,500,0x3e00000008,19,10,10 0 0 0 0 0 0 0,1793574751
78,24,23161322,1790579677,0xd6ed92a915f940db5d288b1724a4e45b20c4f027,19:0,500,0x3e0000000000000000000000000000000000000000002a,13,8,8 0 0 0 0 0 0 0,1793526068
78,25,23161369,1790579700,0xd6ed92a915f940db5d288b1724a4e45b20c4f027,10:0,500,0x1f000000000000000000000026,5,4,4 0 0 0 0 0 0 0,1793547668
78,26,23161438,1790579735,0xd6ed92a915f940db5d288b1724a4e45b20c4f027,10:0,500,0x1f00000000000000000000001d,8,8,8 0 0 0 0 0 0 0,1793569268
81,6,23161504,1790579769,0xd6ed92a915f940db5d288b1724a4e45b20c4f027,2:0,500,0x1f000008,8,5,5 0 0 0 0 0 0 0,1793137500
81,7,23161551,1790579793,0xd6ed92a915f940db5d288b1724a4e45b20c4f027,3:0,500,0x3e00000030,10,5,5 0 0 0 0 0 0 0,1793159100
81,8,23161597,1790579816,0xd6ed92a915f940db5d288b1724a4e45b20c4f027,4:0,500,0x7c000000001c,8,5,5 0 0 0 0 0 0 0,1793180700
81,9,23161642,1790579839,0xd6ed92a915f940db5d288b1724a4e45b20c4f027,5:0,500,0xf800000000003c,16,9,9 0 0 0 0 0 0 0,1793202300
81,10,23161704,1790579870,0xd6ed92a915f940db5d288b1724a4e45b20c4f027,5:0,500,0xf8000000000014,14,9,9 0 0 0 0 0 0 0,1793223900
81,11,23161764,1790579901,0xd6ed92a915f940db5d288b1724a4e45b20c4f027,6:0,500,0x1f000000000000033,5,4,4 0 0 0 0 0 0 0,1793245500
81,12,23161819,1790579929,0xd6ed92a915f940db5d288b1724a4e45b20c4f027,7:0,500,0x3e00000000000000023,8,4,4 0 0 0 0 0 0 0,1793267100
81,13,23162501,1790580275,0xd6ed92a915f940db5d288b1724a4e45b20c4f027,12:0,500,0x7c0000000000000000000000000009,5,4,4 0 0 0 0 0 0 0,1793288700
148,5,23162502,1790580275,0x9628149b8268f15adc99911e64a79cdea7fb71ab,11:1,2000,0xfe0000000000000000000000003a,6,4,4 0 0 0 0 0 0 0,1793123351
81,14,23162561,1790580305,0xd6ed92a915f940db5d288b1724a4e45b20c4f027,13:0,500,0xf8000000000000000000000000000018,8,4,4 0 0 0 0 0 0 0,1793310300
81,15,23162607,1790580328,0xd6ed92a915f940db5d288b1724a4e45b20c4f027,13:0,500,0xf8000000000000000000000000000030,13,8,8 0 0 0 0 0 0 0,1793331900
81,16,23162658,1790580354,0xd6ed92a915f940db5d288b1724a4e45b20c4f027,17:0,500,0xf800000000000000000000000000000000000002c,17,9,9 0 0 0 0 0 0 0,1793353500
81,17,23162714,1790580383,0xd6ed92a915f940db5d288b1724a4e45b20c4f027,17:0,500,0xf8000000000000000000000000000000000000039,10,8,8 0 0 0 0 0 0 0,1793375100
81,18,23162788,1790580420,0xd6ed92a915f940db5d288b1724a4e45b20c4f027,19:0,500,0x3e00000000000000000000000000000000000000000011,13,8,8 0 0 0 0 0 0 0,1793396700
286,25,23162821,1790580437,0x65d3f783f7a9f2a30cf70a8b3f6789fe98779086,4:0,500,0x7c000000003f,27,15,15 0 0 0 0 0 0 0,1793596351
286,26,23162853,1790580453,0x65d3f783f7a9f2a30cf70a8b3f6789fe98779086,5:0,500,0xf800000000003a,14,9,9 0 0 0 0 0 0 0,1793617951
81,19,23162863,1790580458,0xd6ed92a915f940db5d288b1724a4e45b20c4f027,9:0,500,0xf8000000000000000000039,12,8,8 0 0 0 0 0 0 0,1793418300
286,27,23162893,1790580473,0x65d3f783f7a9f2a30cf70a8b3f6789fe98779086,6:0,500,0x1f000000000000021,12,8,8 0 0 0 0 0 0 0,1793639551
81,20,23162922,1790580488,0xd6ed92a915f940db5d288b1724a4e45b20c4f027,10:0,500,0x1f000000000000000000000026,5,4,4 0 0 0 0 0 0 0,1793439900
286,28,23162934,1790580494,0x65d3f783f7a9f2a30cf70a8b3f6789fe98779086,7:0,500,0x3e0000000000000001f,16,8,8 0 0 0 0 0 0 0,1793661151
286,29,23162954,1790580504,0x65d3f783f7a9f2a30cf70a8b3f6789fe98779086,8:0,500,0x7c0000000000000000025,16,8,8 0 0 0 0 0 0 0,1793682751
81,21,23162978,1790580517,0xd6ed92a915f940db5d288b1724a4e45b20c4f027,17:0,500,0xf800000000000000000000000000000000000003c,17,9,9 0 0 0 0 0 0 0,1793461500
286,30,23162994,1790580525,0x65d3f783f7a9f2a30cf70a8b3f6789fe98779086,9:0,500,0xf8000000000000000000035,12,8,8 0 0 0 0 0 0 0,1793704351
286,31,23163074,1790580565,0x65d3f783f7a9f2a30cf70a8b3f6789fe98779086,10:0,500,0x1f00000000000000000000002e,18,13,13 0 0 0 0 0 0 0,1793725951
286,32,23163114,1790580586,0x65d3f783f7a9f2a30cf70a8b3f6789fe98779086,11:0,500,0x3e00000000000000000000000038,14,8,8 0 0 0 0 0 0 0,1793747551
81,22,23163848,1790580958,0xd6ed92a915f940db5d288b1724a4e45b20c4f027,19:0,500,0x3e0000000000000000000000000000000000000000001b,8,4,4 0 0 0 0 0 0 0,1793483100
81,23,23163910,1790580990,0xd6ed92a915f940db5d288b1724a4e45b20c4f027,13:0,500,0xf8000000000000000000000000000026,8,4,4 0 0 0 0 0 0 0,1793504700
81,24,23163948,1790581009,0xd6ed92a915f940db5d288b1724a4e45b20c4f027,13:0,500,0xf800000000000000000000000000003c,13,8,8 0 0 0 0 0 0 0,1793526300
81,25,23163983,1790581026,0xd6ed92a915f940db5d288b1724a4e45b20c4f027,11:0,500,0x3e00000000000000000000000028,14,8,8 0 0 0 0 0 0 0,1793547900
81,26,23164046,1790581059,0xd6ed92a915f940db5d288b1724a4e45b20c4f027,19:0,500,0x3e0000000000000000000000000000000000000000003c,23,13,13 0 0 0 0 0 0 0,1793569500
220,6,23164098,1790581085,0x939571499a81766380edd7040bb16a785b800855,19:0,500,0x3e00000000000000000000000000000000000000000000,8,4,4 0 0 0 0 0 0 0,1793161076
246,6,23166141,1790582121,0xe79ca7d5c265c93be2b23e4e04ba9d8357622db7,2:0,500,0x1f000008,8,5,5 0 0 0 0 0 0 0,1793165090
246,7,23166248,1790582175,0xe79ca7d5c265c93be2b23e4e04ba9d8357622db7,10:0,500,0x1f00000000000000000000003d,5,4,4 0 0 0 0 0 0 0,1793186690
246,8,23166323,1790582213,0xe79ca7d5c265c93be2b23e4e04ba9d8357622db7,13:0,500,0xf800000000000000000000000000001b,8,4,4 0 0 0 0 0 0 0,1793208290
246,9,23166479,1790582293,0xe79ca7d5c265c93be2b23e4e04ba9d8357622db7,16:0,500,0x7c000000000000000000000000000000000002e,16,9,9 0 0 0 0 0 0 0,1793229890
246,10,23166524,1790582315,0xe79ca7d5c265c93be2b23e4e04ba9d8357622db7,19:0,500,0x3e00000000000000000000000000000000000000000017,13,8,8 0 0 0 0 0 0 0,1793251490
165,5,23166665,1790582387,0xa5552389c0c7601030cb8d82b487150855478342,11:2,4000,0x1fe00000000000000000000000025,12,8,8 0 0 0 0 0 0 0,1793126485
165,6,23166689,1790582399,0xa5552389c0c7601030cb8d82b487150855478342,19:2,4000,0x1fe00000000000000000000000000000000000000000034,21,12,12 0 0 0 0 0 0 0,1793148085
163,11,23168040,1790583084,0x7d7337fcdefe5771e3280f25c3ba670700e8560c,2:1,2000,0x7f00002f,26,15,15 0 0 0 0 0 0 0,1793255986
94,8,23172836,1790585517,0x8746cbcd1d09ea15b3625692f11fbb0e17b52029,13:0,500,0xf800000000000000000000000000001b,8,4,4 0 0 0 0 0 0 0,1793181210
95,5,23172903,1790585551,0x8746cbcd1d09ea15b3625692f11fbb0e17b52029,5:0,500,0xf800000000002a,14,9,9 0 0 0 0 0 0 0,1793116458
53,11,23173002,1790585601,0xe0be2740456040536765022e7db612418e3de99e,9:1,2000,0x3f8000000000000000000000,17,12,12 0 0 0 0 0 0 0,1793243832
60,7,23173081,1790585641,0xe0be2740456040536765022e7db612418e3de99e,18:1,2000,0x7f00000000000000000000000000000000000000002a,12,8,8 0 0 0 0 0 0 0,1793157780
61,14,23173157,1790585680,0xe0be2740456040536765022e7db612418e3de99e,19:0,500,0x3e00000000000000000000000000000000000000000033,8,4,4 0 0 0 0 0 0 0,1793309041
289,2,23173184,1790585694,0x54d1f1895026e84e4672d09c3e759a4fd847e497,1:0,500,0xf8007,19,10,10 0 0 0 0 0 0 0,1793099705
330,2,23173219,1790585711,0xe72d42810212c856636cd9d019e98cfe985535fd,19:1,2000,0xfe00000000000000000000000000000000000000000033,21,12,12 0 0 0 0 0 0 0,1793114122
80,6,23173270,1790585737,0x0420e243d8ab4a22dadded1ead8cdcca14074d7c,5:0,500,0xf8000000000004,6,4,4 0 0 0 0 0 0 0,1793137470
83,6,23173345,1790585776,0x0420e243d8ab4a22dadded1ead8cdcca14074d7c,12:1,2000,0x1fc0000000000000000000000000024,23,13,13 0 0 0 0 0 0 0,1793137659
104,14,23173411,1790585809,0x0420e243d8ab4a22dadded1ead8cdcca14074d7c,9:2,4000,0x7f8000000000000000000014,17,12,12 0 0 0 0 0 0 0,1793311367
286,33,23173922,1790586068,0x65d3f783f7a9f2a30cf70a8b3f6789fe98779086,12:0,500,0x7c0000000000000000000000000029,13,8,8 0 0 0 0 0 0 0,1793769151
286,34,23173953,1790586084,0x65d3f783f7a9f2a30cf70a8b3f6789fe98779086,13:0,500,0xf800000000000000000000000000002e,13,8,8 0 0 0 0 0 0 0,1793790751
286,35,23173974,1790586095,0x65d3f783f7a9f2a30cf70a8b3f6789fe98779086,14:0,500,0x1f000000000000000000000000000000020,13,8,8 0 0 0 0 0 0 0,1793812351
286,36,23174014,1790586115,0x65d3f783f7a9f2a30cf70a8b3f6789fe98779086,15:0,500,0x3e0000000000000000000000000000000000d,10,8,8 0 0 0 0 0 0 0,1793833951
286,37,23174035,1790586125,0x65d3f783f7a9f2a30cf70a8b3f6789fe98779086,16:0,500,0x7c000000000000000000000000000000000002a,16,9,9 0 0 0 0 0 0 0,1793855551
286,38,23174055,1790586136,0x65d3f783f7a9f2a30cf70a8b3f6789fe98779086,17:0,500,0xf8000000000000000000000000000000000000015,7,4,4 0 0 0 0 0 0 0,1793877151
286,39,23174076,1790586147,0x65d3f783f7a9f2a30cf70a8b3f6789fe98779086,18:0,500,0x1f000000000000000000000000000000000000000004,12,8,8 0 0 0 0 0 0 0,1793898751
286,40,23174096,1790586156,0x65d3f783f7a9f2a30cf70a8b3f6789fe98779086,19:0,500,0x3e0000000000000000000000000000000000000000002c,13,8,8 0 0 0 0 0 0 0,1793920351
287,22,23174176,1790586197,0x65d3f783f7a9f2a30cf70a8b3f6789fe98779086,1:0,500,0xf8025,9,5,5 0 0 0 0 0 0 0,1793531570
287,23,23174216,1790586217,0x65d3f783f7a9f2a30cf70a8b3f6789fe98779086,2:0,500,0x1f000030,16,10,10 0 0 0 0 0 0 0,1793553170
287,24,23174236,1790586227,0x65d3f783f7a9f2a30cf70a8b3f6789fe98779086,3:0,500,0x3e00000008,19,10,10 0 0 0 0 0 0 0,1793574770
287,25,23174257,1790586238,0x65d3f783f7a9f2a30cf70a8b3f6789fe98779086,4:0,500,0x7c000000003f,27,15,15 0 0 0 0 0 0 0,1793596370
287,26,23174277,1790586248,0x65d3f783f7a9f2a30cf70a8b3f6789fe98779086,5:0,500,0xf800000000003a,14,9,9 0 0 0 0 0 0 0,1793617970
287,27,23174297,1790586259,0x65d3f783f7a9f2a30cf70a8b3f6789fe98779086,6:0,500,0x1f000000000000021,12,8,8 0 0 0 0 0 0 0,1793639570
287,28,23174318,1790586269,0x65d3f783f7a9f2a30cf70a8b3f6789fe98779086,7:0,500,0x3e0000000000000001f,8,4,4 0 0 0 0 0 0 0,1793661170
287,29,23174339,1790586280,0x65d3f783f7a9f2a30cf70a8b3f6789fe98779086,8:0,500,0x7c0000000000000000025,8,4,4 0 0 0 0 0 0 0,1793682770
287,30,23174359,1790586290,0x65d3f783f7a9f2a30cf70a8b3f6789fe98779086,9:0,500,0xf8000000000000000000035,12,8,8 0 0 0 0 0 0 0,1793704370
287,31,23174379,1790586300,0x65d3f783f7a9f2a30cf70a8b3f6789fe98779086,10:0,500,0x1f00000000000000000000002e,18,13,13 0 0 0 0 0 0 0,1793725970
287,32,23174399,1790586310,0x65d3f783f7a9f2a30cf70a8b3f6789fe98779086,11:0,500,0x3e00000000000000000000000038,14,8,8 0 0 0 0 0 0 0,1793747570
287,33,23174440,1790586331,0x65d3f783f7a9f2a30cf70a8b3f6789fe98779086,12:0,500,0x7c0000000000000000000000000029,13,8,8 0 0 0 0 0 0 0,1793769170
287,34,23174480,1790586351,0x65d3f783f7a9f2a30cf70a8b3f6789fe98779086,13:0,500,0xf800000000000000000000000000002e,13,8,8 0 0 0 0 0 0 0,1793790770
287,35,23174521,1790586372,0x65d3f783f7a9f2a30cf70a8b3f6789fe98779086,14:0,500,0x1f000000000000000000000000000000020,13,8,8 0 0 0 0 0 0 0,1793812370
287,36,23174561,1790586392,0x65d3f783f7a9f2a30cf70a8b3f6789fe98779086,15:0,500,0x3e0000000000000000000000000000000000d,10,8,8 0 0 0 0 0 0 0,1793833970
287,37,23174601,1790586412,0x65d3f783f7a9f2a30cf70a8b3f6789fe98779086,16:0,500,0x7c000000000000000000000000000000000002a,24,13,13 0 0 0 0 0 0 0,1793855570
287,38,23174622,1790586423,0x65d3f783f7a9f2a30cf70a8b3f6789fe98779086,17:0,500,0xf8000000000000000000000000000000000000015,10,8,8 0 0 0 0 0 0 0,1793877170
287,39,23174642,1790586433,0x65d3f783f7a9f2a30cf70a8b3f6789fe98779086,18:0,500,0x1f000000000000000000000000000000000000000004,12,8,8 0 0 0 0 0 0 0,1793898770
287,40,23174663,1790586444,0x65d3f783f7a9f2a30cf70a8b3f6789fe98779086,19:0,500,0x3e0000000000000000000000000000000000000000002c,13,8,8 0 0 0 0 0 0 0,1793920370
142,5,23174748,1790586487,0x22fdae531a69647a0ade9154093ac83769f9dc49,1:0,500,0xf8007,19,10,10 0 0 0 0 0 0 0,1793121609
217,3,23176011,1790587128,0xd14049678140b62b8d5ea1766357b0f3646eb936,7:0,500,0x3e00000000000000037,8,4,4 0 0 0 0 0 0 0,1793095282
44,20,23176500,1790587376,0xf04ecec3cac1ad5e55e03cb5842b07be2c2249c9,1:0,500,0xf800d,19,10,10 0 0 0 0 0 0 0,1793437188
44,21,23176725,1790587490,0xf04ecec3cac1ad5e55e03cb5842b07be2c2249c9,2:0,500,0x1f000026,16,10,10 0 0 0 0 0 0 0,1793458788
44,22,23176767,1790587511,0xf04ecec3cac1ad5e55e03cb5842b07be2c2249c9,3:0,500,0x3e00000024,29,15,15 0 0 0 0 0 0 0,1793480388
59,12,23176934,1790587596,0xf04ecec3cac1ad5e55e03cb5842b07be2c2249c9,16:0,500,0x7c000000000000000000000000000000000000d,14,8,8 0 0 0 0 0 0 0,1793265675
69,13,23176977,1790587618,0xf04ecec3cac1ad5e55e03cb5842b07be2c2249c9,19:0,500,0x3e0000000000000000000000000000000000000000002d,8,4,4 0 0 0 0 0 0 0,1793287756
322,3,23177156,1790587709,0x2122e553875fe2d0e24eb0eb220ea7da258ddd5d,6:0,500,0x1f00000000000000c,5,4,4 0 0 0 0 0 0 0,1793132532
322,4,23177202,1790587732,0x2122e553875fe2d0e24eb0eb220ea7da258ddd5d,19:0,500,0x3e00000000000000000000000000000000000000000008,8,4,4 0 0 0 0 0 0 0,1793154132
211,6,23177366,1790587815,0xbcd76fa66f9edc46065f4f27fd634ca15a0b1c72,12:1,2000,0x1fc0000000000000000000000000024,5,4,4 0 0 0 0 0 0 0,1793158333
212,5,23177402,1790587833,0xbcd76fa66f9edc46065f4f27fd634ca15a0b1c72,13:1,2000,0x3f800000000000000000000000000001f,8,4,4 0 0 0 0 0 0 0,1793137056
57,4,23177496,1790587881,0xdb67846763415453a214ab8a9f7c14a0c8c99bed,10:1,2000,0x7f000000000000000000000023,5,4,4 0 0 0 0 0 0 0,1793092753
297,2,23177551,1790587909,0xdb67846763415453a214ab8a9f7c14a0c8c99bed,17:1,2000,0x3f8000000000000000000000000000000000000033,7,4,4 0 0 0 0 0 0 0,1793106522
326,1,23177649,1790587959,0xdb67846763415453a214ab8a9f7c14a0c8c99bed,1:1,2000,0x3f8020,9,5,5 0 0 0 0 0 0 0,1793091522
52,4,23178229,1790588253,0x346790c85882719d3806c1a7933dd7455a4f5b09,1:1,2000,0x3f8018,9,5,5 0 0 0 0 0 0 0,1793092630
325,1,23178417,1790588348,0x346790c85882719d3806c1a7933dd7455a4f5b09,10:1,2000,0x7f00000000000000000000000e,5,4,4 0 0 0 0 0 0 0,1793091437
329,1,23178439,1790588360,0x346790c85882719d3806c1a7933dd7455a4f5b09,2:1,2000,0x7f000033,8,5,5 0 0 0 0 0 0 0,1793092234
141,8,23178607,1790588445,0x88c58b42f2783131d51a58af7f1a9b491089afeb,9:1,2000,0x3f800000000000000000002f,5,4,4 0 0 0 0 0 0 0,1793186168
141,9,23178751,1790588518,0x88c58b42f2783131d51a58af7f1a9b491089afeb,10:0,500,0x1f000000000000000000000000,8,8,8 0 0 0 0 0 0 0,1793207768
141,10,23178787,1790588536,0x88c58b42f2783131d51a58af7f1a9b491089afeb,11:0,500,0x3e0000000000000000000000000b,6,4,4 0 0 0 0 0 0 0,1793229368
141,11,23178824,1790588555,0x88c58b42f2783131d51a58af7f1a9b491089afeb,15:1,2000,0xfe0000000000000000000000000000000000c,10,8,8 0 0 0 0 0 0 0,1793250968
57,5,23179118,1790588704,0xdb67846763415453a214ab8a9f7c14a0c8c99bed,3:2,4000,0x1fe00000022,28,15,15 0 0 0 0 0 0 0,1793114353
322,5,23183620,1790590988,0x2122e553875fe2d0e24eb0eb220ea7da258ddd5d,14:0,500,0x1f00000000000000000000000000000000d,7,4,4 0 0 0 0 0 0 0,1793175732
322,6,23183782,1790591070,0x2122e553875fe2d0e24eb0eb220ea7da258ddd5d,8:0,500,0x7c000000000000000003e,8,4,4 0 0 0 0 0 0 0,1793197332
322,7,23183866,1790591113,0x2122e553875fe2d0e24eb0eb220ea7da258ddd5d,2:0,500,0x1f00001c,18,10,10 0 0 0 0 0 0 0,1793218932
322,8,23183901,1790591131,0x2122e553875fe2d0e24eb0eb220ea7da258ddd5d,18:0,500,0x1f00000000000000000000000000000000000000000e,7,4,4 0 0 0 0 0 0 0,1793240532
322,9,23183957,1790591159,0x2122e553875fe2d0e24eb0eb220ea7da258ddd5d,10:0,500,0x1f000000000000000000000000,5,4,4 0 0 0 0 0 0 0,1793262132
322,10,23184002,1790591182,0x2122e553875fe2d0e24eb0eb220ea7da258ddd5d,15:0,500,0x3e00000000000000000000000000000000001,6,4,4 0 0 0 0 0 0 0,1793283732
322,11,23184150,1790591257,0x2122e553875fe2d0e24eb0eb220ea7da258ddd5d,12:0,500,0x7c000000000000000000000000001b,5,4,4 0 0 0 0 0 0 0,1793305332
322,12,23184208,1790591287,0x2122e553875fe2d0e24eb0eb220ea7da258ddd5d,3:0,500,0x3e00000030,10,5,5 0 0 0 0 0 0 0,1793326932
322,13,23184244,1790591305,0x2122e553875fe2d0e24eb0eb220ea7da258ddd5d,14:0,500,0x1f000000000000000000000000000000006,13,8,8 0 0 0 0 0 0 0,1793348532
55,23,23184277,1790591321,0xac0e67aaaa15dc791153b64df4a9d121dce797e5,4:0,500,0x7c0000000000,8,5,5 0 0 0 0 0 0 0,1793503120
196,23,23184277,1790591321,0xac0e67aaaa15dc791153b64df4a9d121dce797e5,6:0,500,0x1f000000000000004,12,8,8 0 0 0 0 0 0 0,1793518518
323,8,23184277,1790591321,0xac0e67aaaa15dc791153b64df4a9d121dce797e5,2:0,500,0x1f00001e,16,10,10 0 0 0 0 0 0 0,1793240842
322,14,23184280,1790591323,0x2122e553875fe2d0e24eb0eb220ea7da258ddd5d,9:0,500,0xf800000000000000000000a,5,4,4 0 0 0 0 0 0 0,1793370132
322,15,23184312,1790591339,0x2122e553875fe2d0e24eb0eb220ea7da258ddd5d,13:0,500,0xf8000000000000000000000000000030,8,4,4 0 0 0 0 0 0 0,1793391732
55,24,23184348,1790591357,0xac0e67aaaa15dc791153b64df4a9d121dce797e5,4:0,500,0x7c000000000c,17,10,10 0 0 0 0 0 0 0,1793524720
322,16,23184359,1790591363,0x2122e553875fe2d0e24eb0eb220ea7da258ddd5d,16:0,500,0x7c000000000000000000000000000000000000f,6,4,4 0 0 0 0 0 0 0,1793413332
55,25,23184376,1790591372,0xac0e67aaaa15dc791153b64df4a9d121dce797e5,6:0,500,0x1f00000000000002c,12,8,8 0 0 0 0 0 0 0,1793546320
322,17,23184409,1790591388,0x2122e553875fe2d0e24eb0eb220ea7da258ddd5d,7:0,500,0x3e00000000000000004,8,4,4 0 0 0 0 0 0 0,1793434932
55,26,23184416,1790591392,0xac0e67aaaa15dc791153b64df4a9d121dce797e5,2:0,500,0x1f00001c,18,10,10 0 0 0 0 0 0 0,1793567920
55,27,23184449,1790591409,0xac0e67aaaa15dc791153b64df4a9d121dce797e5,10:0,500,0x1f00000000000000000000003b,5,4,4 0 0 0 0 0 0 0,1793589520
322,18,23184454,1790591411,0x2122e553875fe2d0e24eb0eb220ea7da258ddd5d,19:0,500,0x3e00000000000000000000000000000000000000000011,13,8,8 0 0 0 0 0 0 0,1793456532
55,28,23184479,1790591424,0xac0e67aaaa15dc791153b64df4a9d121dce797e5,13:0,500,0xf800000000000000000000000000001d,8,4,4 0 0 0 0 0 0 0,1793611120
322,19,23184501,1790591435,0x2122e553875fe2d0e24eb0eb220ea7da258ddd5d,11:0,500,0x3e00000000000000000000000022,6,4,4 0 0 0 0 0 0 0,1793478132
55,29,23184510,1790591440,0xac0e67aaaa15dc791153b64df4a9d121dce797e5,17:0,500,0xf8000000000000000000000000000000000000002,7,4,4 0 0 0 0 0 0 0,1793632720
55,30,23184542,1790591456,0xac0e67aaaa15dc791153b64df4a9d121dce797e5,19:0,500,0x3e00000000000000000000000000000000000000000037,13,8,8 0 0 0 0 0 0 0,1793654320
322,20,23184585,1790591478,0x2122e553875fe2d0e24eb0eb220ea7da258ddd5d,17:0,500,0xf8000000000000000000000000000000000000032,17,9,9 0 0 0 0 0 0 0,1793499732
322,21,23184654,1790591513,0x2122e553875fe2d0e24eb0eb220ea7da258ddd5d,1:0,500,0xf8009,9,5,5 0 0 0 0 0 0 0,1793521332
7,2,23184663,1790591517,0xb403f53ee827030a8963ce363477e4ea98b2f679,10:0,500,0x1f00000000000000000000002c,5,4,4 0 0 0 0 0 0 0,1793044236
55,31,23184676,1790591524,0xac0e67aaaa15dc791153b64df4a9d121dce797e5,1:0,500,0xf800a,19,10,10 0 0 0 0 0 0 0,1793675920
10,2,23184696,1790591534,0xb403f53ee827030a8963ce363477e4ea98b2f679,4:1,2000,0x1fc0000000024,8,5,5 0 0 0 0 0 0 0,1793044300
55,32,23184709,1790591541,0xac0e67aaaa15dc791153b64df4a9d121dce797e5,11:0,500,0x3e00000000000000000000000038,14,8,8 0 0 0 0 0 0 0,1793697520
55,33,23184751,1790591562,0xac0e67aaaa15dc791153b64df4a9d121dce797e5,15:0,500,0x3e0000000000000000000000000000000001b,16,9,9 0 0 0 0 0 0 0,1793719120
44,23,23184977,1790591677,0xf04ecec3cac1ad5e55e03cb5842b07be2c2249c9,1:0,500,0xf802a,9,5,5 0 0 0 0 0 0 0,1793501988
44,24,23185017,1790591697,0xf04ecec3cac1ad5e55e03cb5842b07be2c2249c9,2:0,500,0x1f00003c,8,5,5 0 0 0 0 0 0 0,1793523588
44,25,23185052,1790591715,0xf04ecec3cac1ad5e55e03cb5842b07be2c2249c9,3:0,500,0x3e00000005,10,5,5 0 0 0 0 0 0 0,1793545188
44,26,23185089,1790591733,0xf04ecec3cac1ad5e55e03cb5842b07be2c2249c9,4:0,500,0x7c0000000002,8,5,5 0 0 0 0 0 0 0,1793566788
44,27,23185130,1790591754,0xf04ecec3cac1ad5e55e03cb5842b07be2c2249c9,5:0,500,0xf8000000000018,14,9,9 0 0 0 0 0 0 0,1793588388
44,28,23185178,1790591779,0xf04ecec3cac1ad5e55e03cb5842b07be2c2249c9,6:0,500,0x1f000000000000006,5,4,4 0 0 0 0 0 0 0,1793609988
44,29,23185232,1790591806,0xf04ecec3cac1ad5e55e03cb5842b07be2c2249c9,7:0,500,0x3e0000000000000002d,8,4,4 0 0 0 0 0 0 0,1793631588
44,30,23185269,1790591825,0xf04ecec3cac1ad5e55e03cb5842b07be2c2249c9,8:0,500,0x7c0000000000000000038,18,9,9 0 0 0 0 0 0 0,1793653188
44,31,23185428,1790591905,0xf04ecec3cac1ad5e55e03cb5842b07be2c2249c9,19:0,500,0x3e00000000000000000000000000000000000000000034,13,8,8 0 0 0 0 0 0 0,1793674788
44,32,23185463,1790591923,0xf04ecec3cac1ad5e55e03cb5842b07be2c2249c9,16:0,500,0x7c0000000000000000000000000000000000009,6,4,4 0 0 0 0 0 0 0,1793696388
44,33,23185518,1790591951,0xf04ecec3cac1ad5e55e03cb5842b07be2c2249c9,17:0,500,0xf800000000000000000000000000000000000002d,7,4,4 0 0 0 0 0 0 0,1793717988
44,34,23185555,1790591970,0xf04ecec3cac1ad5e55e03cb5842b07be2c2249c9,18:0,500,0x1f000000000000000000000000000000000000000003,7,4,4 0 0 0 0 0 0 0,1793739588
44,35,23185609,1790591997,0xf04ecec3cac1ad5e55e03cb5842b07be2c2249c9,15:0,500,0x3e00000000000000000000000000000000023,6,4,4 0 0 0 0 0 0 0,1793761188
44,36,23185643,1790592015,0xf04ecec3cac1ad5e55e03cb5842b07be2c2249c9,14:0,500,0x1f000000000000000000000000000000020,13,8,8 0 0 0 0 0 0 0,1793782788
44,37,23185700,1790592043,0xf04ecec3cac1ad5e55e03cb5842b07be2c2249c9,13:0,500,0xf8000000000000000000000000000032,18,9,9 0 0 0 0 0 0 0,1793804388
44,38,23185750,1790592069,0xf04ecec3cac1ad5e55e03cb5842b07be2c2249c9,12:0,500,0x7c000000000000000000000000002d,5,4,4 0 0 0 0 0 0 0,1793825988
55,34,23185770,1790592079,0xac0e67aaaa15dc791153b64df4a9d121dce797e5,19:0,500,0x3e00000000000000000000000000000000000000000012,8,4,4 0 0 0 0 0 0 0,1793740720
55,35,23185804,1790592096,0xac0e67aaaa15dc791153b64df4a9d121dce797e5,16:0,500,0x7c0000000000000000000000000000000000009,6,4,4 0 0 0 0 0 0 0,1793762320
55,36,23185827,1790592108,0xac0e67aaaa15dc791153b64df4a9d121dce797e5,12:0,500,0x7c000000000000000000000000003f,5,4,4 0 0 0 0 0 0 0,1793783920
55,37,23185855,1790592122,0xac0e67aaaa15dc791153b64df4a9d121dce797e5,9:0,500,0xf8000000000000000000036,12,8,8 0 0 0 0 0 0 0,1793805520
55,38,23185882,1790592136,0xac0e67aaaa15dc791153b64df4a9d121dce797e5,5:0,500,0xf800000000002d,6,4,4 0 0 0 0 0 0 0,1793827120
44,39,23185888,1790592139,0xf04ecec3cac1ad5e55e03cb5842b07be2c2249c9,10:0,500,0x1f000000000000000000000034,8,8,8 0 0 0 0 0 0 0,1793847588
55,39,23186010,1790592201,0xac0e67aaaa15dc791153b64df4a9d121dce797e5,2:0,500,0x1f000028,26,15,15 0 0 0 0 0 0 0,1793848720
44,40,23186017,1790592204,0xf04ecec3cac1ad5e55e03cb5842b07be2c2249c9,11:0,500,0x3e00000000000000000000000028,14,8,8 0 0 0 0 0 0 0,1793869188
55,40,23186049,1790592221,0xac0e67aaaa15dc791153b64df4a9d121dce797e5,4:0,500,0x7c0000000017,8,5,5 0 0 0 0 0 0 0,1793870320
44,41,23186064,1790592228,0xf04ecec3cac1ad5e55e03cb5842b07be2c2249c9,11:0,500,0x3e00000000000000000000000011,6,4,4 0 0 0 0 0 0 0,1793890788
44,42,23186171,1790592282,0xf04ecec3cac1ad5e55e03cb5842b07be2c2249c9,9:0,500,0xf8000000000000000000007,12,8,8 0 0 0 0 0 0 0,1793912388
44,43,23186224,1790592309,0xf04ecec3cac1ad5e55e03cb5842b07be2c2249c9,10:0,500,0x1f000000000000000000000036,5,4,4 0 0 0 0 0 0 0,1793933988
44,44,23186285,1790592340,0xf04ecec3cac1ad5e55e03cb5842b07be2c2249c9,9:0,500,0xf8000000000000000000030,15,9,9 0 0 0 0 0 0 0,1793955588
44,45,23186353,1790592375,0xf04ecec3cac1ad5e55e03cb5842b07be2c2249c9,11:0,500,0x3e00000000000000000000000030,14,8,8 0 0 0 0 0 0 0,1793977188
4,61,23186758,1790592581,0x1a3a0e6f222e823cc8d0f39d87042f88ab763872,14:0,500,0x1f000000000000000000000000000000010,23,13,13 0 0 0 0 0 0 0,1794318546
6,13,23186767,1790592585,0x1a3a0e6f222e823cc8d0f39d87042f88ab763872,14:0,500,0x1f000000000000000000000000000000006,7,4,4 0 0 0 0 0 0 0,1793281797
4,62,23186849,1790592626,0x1a3a0e6f222e823cc8d0f39d87042f88ab763872,14:0,500,0x1f000000000000000000000000000000027,7,4,4 0 0 0 0 0 0 0,1794340146
4,63,23186906,1790592655,0x1a3a0e6f222e823cc8d0f39d87042f88ab763872,15:0,500,0x3e0000000000000000000000000000000000f,6,4,4 0 0 0 0 0 0 0,1794361746
4,64,23186947,1790592676,0x1a3a0e6f222e823cc8d0f39d87042f88ab763872,15:0,500,0x3e0000000000000000000000000000000003a,10,8,8 0 0 0 0 0 0 0,1794383346
6,14,23186988,1790592697,0x1a3a0e6f222e823cc8d0f39d87042f88ab763872,15:0,500,0x3e0000000000000000000000000000000003f,10,8,8 0 0 0 0 0 0 0,1793303397
6,15,23187008,1790592707,0x1a3a0e6f222e823cc8d0f39d87042f88ab763872,15:0,500,0x3e0000000000000000000000000000000000d,6,4,4 0 0 0 0 0 0 0,1793324997
6,16,23187028,1790592717,0x1a3a0e6f222e823cc8d0f39d87042f88ab763872,15:0,500,0x3e0000000000000000000000000000000000c,10,8,8 0 0 0 0 0 0 0,1793346597
4,65,23187135,1790592772,0x1a3a0e6f222e823cc8d0f39d87042f88ab763872,15:0,500,0x3e00000000000000000000000000000000035,6,4,4 0 0 0 0 0 0 0,1794404946
4,66,23187149,1790592779,0x1a3a0e6f222e823cc8d0f39d87042f88ab763872,15:0,500,0x3e00000000000000000000000000000000023,10,8,8 0 0 0 0 0 0 0,1794426546
4,67,23187169,1790592789,0x1a3a0e6f222e823cc8d0f39d87042f88ab763872,15:0,500,0x3e00000000000000000000000000000000033,16,9,9 0 0 0 0 0 0 0,1794448146
4,68,23187209,1790592809,0x1a3a0e6f222e823cc8d0f39d87042f88ab763872,15:0,500,0x3e00000000000000000000000000000000002,10,8,8 0 0 0 0 0 0 0,1794469746
4,69,23187311,1790592861,0x1a3a0e6f222e823cc8d0f39d87042f88ab763872,15:0,500,0x3e0000000000000000000000000000000001a,11,8,8 0 0 0 0 0 0 0,1794491346
4,70,23187325,1790592868,0x1a3a0e6f222e823cc8d0f39d87042f88ab763872,14:0,500,0x1f00000000000000000000000000000002d,13,8,8 0 0 0 0 0 0 0,1794512946
4,71,23187372,1790592892,0x1a3a0e6f222e823cc8d0f39d87042f88ab763872,12:0,500,0x7c0000000000000000000000000018,5,4,4 0 0 0 0 0 0 0,1794534546
294,5,23187662,1790593039,0xcd5504897ee44f57fc5d9f06a9cf1ca1d1eac578,1:1,2000,0x3f802d,29,15,15 0 0 0 0 0 0 0,1793165566
20,10,23191929,1790595204,0xb528bf440e6c9dad0c15f7e5f4dc75655f7ae27b,2:1,2000,0x7f00001b,18,10,10 0 0 0 0 0 0 0,1793217481
20,11,23191973,1790595226,0xb528bf440e6c9dad0c15f7e5f4dc75655f7ae27b,6:1,2000,0x7f000000000000030,5,4,4 0 0 0 0 0 0 0,1793239081
322,22,23191978,1790595228,0x2122e553875fe2d0e24eb0eb220ea7da258ddd5d,1:0,500,0xf8025,19,10,10 0 0 0 0 0 0 0,1793542932
20,12,23192015,1790595247,0xb528bf440e6c9dad0c15f7e5f4dc75655f7ae27b,10:1,2000,0x7f000000000000000000000032,5,4,4 0 0 0 0 0 0 0,1793260681
322,23,23192030,1790595255,0x2122e553875fe2d0e24eb0eb220ea7da258ddd5d,16:0,500,0x7c000000000000000000000000000000000003d,14,8,8 0 0 0 0 0 0 0,1793564532
20,13,23192057,1790595268,0xb528bf440e6c9dad0c15f7e5f4dc75655f7ae27b,13:1,2000,0x3f8000000000000000000000000000019,8,4,4 0 0 0 0 0 0 0,1793282281
322,24,23192061,1790595270,0x2122e553875fe2d0e24eb0eb220ea7da258ddd5d,9:0,500,0xf800000000000000000000e,12,8,8 0 0 0 0 0 0 0,1793586132
20,14,23192115,1790595298,0xb528bf440e6c9dad0c15f7e5f4dc75655f7ae27b,17:1,2000,0x3f8000000000000000000000000000000000000013,7,4,4 0 0 0 0 0 0 0,1793303881
322,25,23192120,1790595300,0x2122e553875fe2d0e24eb0eb220ea7da258ddd5d,1:0,500,0xf8032,9,5,5 0 0 0 0 0 0 0,1793607732
20,15,23192160,1790595321,0xb528bf440e6c9dad0c15f7e5f4dc75655f7ae27b,19:1,2000,0xfe0000000000000000000000000000000000000000000b,13,8,8 0 0 0 0 0 0 0,1793325481
12,5,23192467,1790595476,0xc0e1ff5b6ec47f15aebfe859b8ab4a566fe61752,3:0,500,0x3e00000000,10,5,5 0 0 0 0 0 0 0,1793109158
12,6,23192498,1790595492,0xc0e1ff5b6ec47f15aebfe859b8ab4a566fe61752,4:0,500,0x7c0000000030,8,5,5 0 0 0 0 0 0 0,1793130758
27,25,23199557,1790599073,0x81b4bf458a73ea46fadd46ee8236e5f94c4eb8e0,7:2,4000,0x1fe00000000000000015,24,12,12 0 0 0 0 0 0 0,1793543550
27,26,23199589,1790599089,0x81b4bf458a73ea46fadd46ee8236e5f94c4eb8e0,1:0,500,0xf803f,29,15,15 0 0 0 0 0 0 0,1793565150
27,27,23199650,1790599120,0x81b4bf458a73ea46fadd46ee8236e5f94c4eb8e0,18:0,500,0x1f000000000000000000000000000000000000000007,12,8,8 0 0 0 0 0 0 0,1793586750
27,28,23199685,1790599138,0x81b4bf458a73ea46fadd46ee8236e5f94c4eb8e0,12:1,2000,0x1fc000000000000000000000000001b,5,4,4 0 0 0 0 0 0 0,1793608350
27,29,23199845,1790599219,0x81b4bf458a73ea46fadd46ee8236e5f94c4eb8e0,4:1,2000,0x1fc000000002b,8,5,5 0 0 0 0 0 0 0,1793629950
27,30,23199919,1790599256,0x81b4bf458a73ea46fadd46ee8236e5f94c4eb8e0,3:1,2000,0xfe0000001d,19,10,10 0 0 0 0 0 0 0,1793651550
217,4,23202673,1790600654,0xd14049678140b62b8d5ea1766357b0f3646eb936,9:0,500,0xf8000000000000000000021,12,8,8 0 0 0 0 0 0 0,1793116882
217,5,23202701,1790600668,0xd14049678140b62b8d5ea1766357b0f3646eb936,12:0,500,0x7c0000000000000000000000000016,5,4,4 0 0 0 0 0 0 0,1793138482
217,6,23202736,1790600686,0xd14049678140b62b8d5ea1766357b0f3646eb936,16:0,500,0x7c0000000000000000000000000000000000031,6,4,4 0 0 0 0 0 0 0,1793160082
9,5,23202738,1790600687,0x9e366c1405f7951431dbdeb53dcd57db342f55c4,12:1,2000,0x1fc000000000000000000000000003b,5,4,4 0 0 0 0 0 0 0,1793109074
293,4,23202866,1790600752,0x9e366c1405f7951431dbdeb53dcd57db342f55c4,13:1,2000,0x3f8000000000000000000000000000034,8,4,4 0 0 0 0 0 0 0,1793143206
27,31,23204489,1790601575,0x81b4bf458a73ea46fadd46ee8236e5f94c4eb8e0,5:1,2000,0x3f800000000001f,14,9,9 0 0 0 0 0 0 0,1793673150
76,43,23205237,1790601955,0x3f62ae0c7ed24dcd2b52c1c224296519b02df00d,8:0,500,0x7c0000000000000000020,8,4,4 0 0 0 0 0 0 0,1793936355
43,8,23205239,1790601955,0x2f694c711225e97dc71e2a98c0a186ae3e1ad167,5:0,500,0xf8000000000023,16,9,9 0 0 0 0 0 0 0,1793177950
77,43,23205247,1790601959,0x3f62ae0c7ed24dcd2b52c1c224296519b02df00d,13:0,500,0xf800000000000000000000000000003d,8,4,4 0 0 0 0 0 0 0,1793936445
79,43,23205259,1790601966,0x3f62ae0c7ed24dcd2b52c1c224296519b02df00d,15:0,500,0x3e00000000000000000000000000000000035,10,8,8 0 0 0 0 0 0 0,1793936618
164,4,23205265,1790601969,0x2f694c711225e97dc71e2a98c0a186ae3e1ad167,12:0,500,0x7c000000000000000000000000001e,5,4,4 0 0 0 0 0 0 0,1793104849
76,44,23205350,1790602012,0x3f62ae0c7ed24dcd2b52c1c224296519b02df00d,1:0,500,0xf8010,19,10,10 0 0 0 0 0 0 0,1793957955
76,45,23205670,1790602174,0x3f62ae0c7ed24dcd2b52c1c224296519b02df00d,2:0,500,0x1f000008,8,5,5 0 0 0 0 0 0 0,1793979555
76,46,23205695,1790602187,0x3f62ae0c7ed24dcd2b52c1c224296519b02df00d,3:0,500,0x3e0000003f,29,15,15 0 0 0 0 0 0 0,1794001155
76,47,23205716,1790602197,0x3f62ae0c7ed24dcd2b52c1c224296519b02df00d,4:0,500,0x7c0000000017,8,5,5 0 0 0 0 0 0 0,1794022755
76,48,23205737,1790602208,0x3f62ae0c7ed24dcd2b52c1c224296519b02df00d,5:0,500,0xf8000000000027,6,4,4 0 0 0 0 0 0 0,1794044355
76,49,23205772,1790602226,0x3f62ae0c7ed24dcd2b52c1c224296519b02df00d,6:0,500,0x1f00000000000000a,5,4,4 0 0 0 0 0 0 0,1794065955
76,50,23205796,1790602238,0x3f62ae0c7ed24dcd2b52c1c224296519b02df00d,7:0,500,0x3e0000000000000002b,8,4,4 0 0 0 0 0 0 0,1794087555
76,51,23205819,1790602249,0x3f62ae0c7ed24dcd2b52c1c224296519b02df00d,8:0,500,0x7c0000000000000000029,16,8,8 0 0 0 0 0 0 0,1794109155
76,52,23205841,1790602261,0x3f62ae0c7ed24dcd2b52c1c224296519b02df00d,9:0,500,0xf8000000000000000000012,5,4,4 0 0 0 0 0 0 0,1794130755
76,53,23205940,1790602311,0x3f62ae0c7ed24dcd2b52c1c224296519b02df00d,11:0,500,0x3e00000000000000000000000034,16,9,9 0 0 0 0 0 0 0,1794152355
76,54,23206007,1790602345,0x3f62ae0c7ed24dcd2b52c1c224296519b02df00d,12:0,500,0x7c0000000000000000000000000023,5,4,4 0 0 0 0 0 0 0,1794173955
76,55,23206028,1790602356,0x3f62ae0c7ed24dcd2b52c1c224296519b02df00d,13:0,500,0xf800000000000000000000000000002d,8,4,4 0 0 0 0 0 0 0,1794195555
76,56,23206055,1790602369,0x3f62ae0c7ed24dcd2b52c1c224296519b02df00d,14:0,500,0x1f000000000000000000000000000000006,7,4,4 0 0 0 0 0 0 0,1794217155
76,57,23206125,1790602405,0x3f62ae0c7ed24dcd2b52c1c224296519b02df00d,15:0,500,0x3e0000000000000000000000000000000000a,10,8,8 0 0 0 0 0 0 0,1794238755
76,58,23206153,1790602419,0x3f62ae0c7ed24dcd2b52c1c224296519b02df00d,16:0,500,0x7c000000000000000000000000000000000003f,6,4,4 0 0 0 0 0 0 0,1794260355
76,59,23206175,1790602430,0x3f62ae0c7ed24dcd2b52c1c224296519b02df00d,17:0,500,0xf8000000000000000000000000000000000000004,10,8,8 0 0 0 0 0 0 0,1794281955
76,60,23206197,1790602441,0x3f62ae0c7ed24dcd2b52c1c224296519b02df00d,18:0,500,0x1f00000000000000000000000000000000000000001c,12,8,8 0 0 0 0 0 0 0,1794303555
76,61,23206218,1790602452,0x3f62ae0c7ed24dcd2b52c1c224296519b02df00d,19:0,500,0x3e0000000000000000000000000000000000000000002f,18,9,9 0 0 0 0 0 0 0,1794325155
76,62,23206266,1790602476,0x3f62ae0c7ed24dcd2b52c1c224296519b02df00d,1:0,500,0xf801a,9,5,5 0 0 0 0 0 0 0,1794346755
76,63,23206440,1790602565,0x3f62ae0c7ed24dcd2b52c1c224296519b02df00d,4:0,500,0x7c000000003a,17,10,10 0 0 0 0 0 0 0,1794368355
76,64,23206461,1790602576,0x3f62ae0c7ed24dcd2b52c1c224296519b02df00d,10:0,500,0x1f000000000000000000000004,5,4,4 0 0 0 0 0 0 0,1794389955
76,65,23206487,1790602588,0x3f62ae0c7ed24dcd2b52c1c224296519b02df00d,2:0,500,0x1f000032,16,10,10 0 0 0 0 0 0 0,1794411555
76,66,23206570,1790602631,0x3f62ae0c7ed24dcd2b52c1c224296519b02df00d,4:0,500,0x7c000000000b,8,5,5 0 0 0 0 0 0 0,1794433155
76,67,23206588,1790602640,0x3f62ae0c7ed24dcd2b52c1c224296519b02df00d,10:0,500,0x1f000000000000000000000025,8,8,8 0 0 0 0 0 0 0,1794454755
76,68,23206607,1790602649,0x3f62ae0c7ed24dcd2b52c1c224296519b02df00d,2:0,500,0x1f00000f,8,5,5 0 0 0 0 0 0 0,1794476355
76,69,23206672,1790602682,0x3f62ae0c7ed24dcd2b52c1c224296519b02df00d,4:0,500,0x7c000000001d,27,15,15 0 0 0 0 0 0 0,1794497955
76,70,23206696,1790602694,0x3f62ae0c7ed24dcd2b52c1c224296519b02df00d,10:0,500,0x1f00000000000000000000001c,5,4,4 0 0 0 0 0 0 0,1794519555
76,71,23206716,1790602705,0x3f62ae0c7ed24dcd2b52c1c224296519b02df00d,2:0,500,0x1f000001,16,10,10 0 0 0 0 0 0 0,1794541155
76,72,23206761,1790602727,0x3f62ae0c7ed24dcd2b52c1c224296519b02df00d,4:0,500,0x7c0000000028,8,5,5 0 0 0 0 0 0 0,1794562755
76,73,23206781,1790602738,0x3f62ae0c7ed24dcd2b52c1c224296519b02df00d,10:0,500,0x1f000000000000000000000008,8,8,8 0 0 0 0 0 0 0,1794584355
76,74,23206805,1790602750,0x3f62ae0c7ed24dcd2b52c1c224296519b02df00d,2:0,500,0x1f000012,8,5,5 0 0 0 0 0 0 0,1794605955
76,75,23206836,1790602765,0x3f62ae0c7ed24dcd2b52c1c224296519b02df00d,4:0,500,0x7c0000000028,17,10,10 0 0 0 0 0 0 0,1794627555
76,76,23206881,1790602788,0x3f62ae0c7ed24dcd2b52c1c224296519b02df00d,10:0,500,0x1f000000000000000000000021,5,4,4 0 0 0 0 0 0 0,1794649155
76,77,23206905,1790602800,0x3f62ae0c7ed24dcd2b52c1c224296519b02df00d,2:0,500,0x1f00003c,26,15,15 0 0 0 0 0 0 0,1794670755
76,78,23206967,1790602832,0x3f62ae0c7ed24dcd2b52c1c224296519b02df00d,1:0,500,0xf8000,19,10,10 0 0 0 0 0 0 0,1794692355
77,44,23207101,1790602900,0x3f62ae0c7ed24dcd2b52c1c224296519b02df00d,4:0,500,0x7c000000001e,18,10,10 0 0 0 0 0 0 0,1793958045
77,45,23207176,1790602938,0x3f62ae0c7ed24dcd2b52c1c224296519b02df00d,10:0,500,0x1f00000000000000000000001e,8,8,8 0 0 0 0 0 0 0,1793979645
77,46,23207203,1790602952,0x3f62ae0c7ed24dcd2b52c1c224296519b02df00d,2:0,500,0x1f00001f,8,5,5 0 0 0 0 0 0 0,1794001245
77,47,23207555,1790603130,0x3f62ae0c7ed24dcd2b52c1c224296519b02df00d,19:0,500,0x3e00000000000000000000000000000000000000000002,8,4,4 0 0 0 0 0 0 0,1794022845
77,48,23207573,1790603139,0x3f62ae0c7ed24dcd2b52c1c224296519b02df00d,18:0,500,0x1f000000000000000000000000000000000000000036,12,8,8 0 0 0 0 0 0 0,1794044445
77,49,23207595,1790603151,0x3f62ae0c7ed24dcd2b52c1c224296519b02df00d,14:0,500,0x1f00000000000000000000000000000002d,7,4,4 0 0 0 0 0 0 0,1794066045
77,50,23207615,1790603161,0x3f62ae0c7ed24dcd2b52c1c224296519b02df00d,15:0,500,0x3e00000000000000000000000000000000018,6,4,4 0 0 0 0 0 0 0,1794087645
213,5,23207621,1790603164,0xccde496b83c644f779e5b6fcc0cc4a5c276fa5d4,1:0,500,0xf8007,19,10,10 0 0 0 0 0 0 0,1793137370
77,51,23207638,1790603172,0x3f62ae0c7ed24dcd2b52c1c224296519b02df00d,3:0,500,0x3e0000002b,20,10,10 0 0 0 0 0 0 0,1794109245
299,3,23207645,1790603176,0xccde496b83c644f779e5b6fcc0cc4a5c276fa5d4,1:0,500,0xf801c,9,5,5 0 0 0 0 0 0 0,1793128672
77,52,23207658,1790603183,0x3f62ae0c7ed24dcd2b52c1c224296519b02df00d,3:0,500,0x3e00000015,19,10,10 0 0 0 0 0 0 0,1794130845
77,53,23207685,1790603197,0x3f62ae0c7ed24dcd2b52c1c224296519b02df00d,4:0,500,0x7c000000000a,17,10,10 0 0 0 0 0 0 0,1794152445
77,54,23207716,1790603212,0x3f62ae0c7ed24dcd2b52c1c224296519b02df00d,5:0,500,0xf8000000000038,6,4,4 0 0 0 0 0 0 0,1794174045
77,55,23207736,1790603222,0x3f62ae0c7ed24dcd2b52c1c224296519b02df00d,6:0,500,0x1f000000000000009,5,4,4 0 0 0 0 0 0 0,1794195645
77,56,23207755,1790603232,0x3f62ae0c7ed24dcd2b52c1c224296519b02df00d,7:0,500,0x3e00000000000000029,8,4,4 0 0 0 0 0 0 0,1794217245
77,57,23207776,1790603242,0x3f62ae0c7ed24dcd2b52c1c224296519b02df00d,8:0,500,0x7c0000000000000000022,8,4,4 0 0 0 0 0 0 0,1794238845
77,58,23207796,1790603253,0x3f62ae0c7ed24dcd2b52c1c224296519b02df00d,1:0,500,0xf8004,19,10,10 0 0 0 0 0 0 0,1794260445
77,59,23207820,1790603265,0x3f62ae0c7ed24dcd2b52c1c224296519b02df00d,9:0,500,0xf8000000000000000000012,12,8,8 0 0 0 0 0 0 0,1794282045
77,60,23207840,1790603275,0x3f62ae0c7ed24dcd2b52c1c224296519b02df00d,10:0,500,0x1f00000000000000000000001f,15,9,9 0 0 0 0 0 0 0,1794303645
77,61,23207865,1790603288,0x3f62ae0c7ed24dcd2b52c1c224296519b02df00d,11:0,500,0x3e0000000000000000000000001b,6,4,4 0 0 0 0 0 0 0,1794325245
77,62,23207887,1790603299,0x3f62ae0c7ed24dcd2b52c1c224296519b02df00d,12:0,500,0x7c000000000000000000000000003e,5,4,4 0 0 0 0 0 0 0,1794346845
77,63,23207908,1790603309,0x3f62ae0c7ed24dcd2b52c1c224296519b02df00d,13:0,500,0xf800000000000000000000000000001f,13,8,8 0 0 0 0 0 0 0,1794368445
77,64,23207927,1790603319,0x3f62ae0c7ed24dcd2b52c1c224296519b02df00d,16:0,500,0x7c000000000000000000000000000000000001d,6,4,4 0 0 0 0 0 0 0,1794390045
77,65,23207953,1790603332,0x3f62ae0c7ed24dcd2b52c1c224296519b02df00d,2:0,500,0x1f000032,16,10,10 0 0 0 0 0 0 0,1794411645
77,66,23207975,1790603343,0x3f62ae0c7ed24dcd2b52c1c224296519b02df00d,4:0,500,0x7c000000000b,8,5,5 0 0 0 0 0 0 0,1794433245
77,67,23207997,1790603355,0x3f62ae0c7ed24dcd2b52c1c224296519b02df00d,1:0,500,0xf802e,19,10,10 0 0 0 0 0 0 0,1794454845
77,68,23208015,1790603364,0x3f62ae0c7ed24dcd2b52c1c224296519b02df00d,1:0,500,0xf8038,19,10,10 0 0 0 0 0 0 0,1794476445
27,32,23208029,1790603371,0x81b4bf458a73ea46fadd46ee8236e5f94c4eb8e0,13:2,4000,0x7f8000000000000000000000000000009,19,12,12 0 0 0 0 0 0 0,1793694750
77,69,23208042,1790603378,0x3f62ae0c7ed24dcd2b52c1c224296519b02df00d,1:0,500,0xf8021,9,5,5 0 0 0 0 0 0 0,1794498045
27,33,23208047,1790603380,0x81b4bf458a73ea46fadd46ee8236e5f94c4eb8e0,4:1,2000,0x1fc0000000003,25,15,15 0 0 0 0 0 0 0,1793716350
77,70,23208066,1790603390,0x3f62ae0c7ed24dcd2b52c1c224296519b02df00d,3:0,500,0x3e0000001f,10,5,5 0 0 0 0 0 0 0,1794519645
27,34,23208076,1790603395,0x81b4bf458a73ea46fadd46ee8236e5f94c4eb8e0,5:1,2000,0x3f8000000000034,19,13,13 0 0 0 0 0 0 0,1793737950
77,71,23208086,1790603400,0x3f62ae0c7ed24dcd2b52c1c224296519b02df00d,4:0,500,0x7c0000000039,17,10,10 0 0 0 0 0 0 0,1794541245
27,35,23208095,1790603404,0x81b4bf458a73ea46fadd46ee8236e5f94c4eb8e0,5:1,2000,0x3f800000000002e,16,9,9 0 0 0 0 0 0 0,1793759550
27,36,23208112,1790603413,0x81b4bf458a73ea46fadd46ee8236e5f94c4eb8e0,6:1,2000,0x7f000000000000008,12,8,8 0 0 0 0 0 0 0,1793781150
223,1,23208165,1790603440,0x55371363937406861291a914a07e7e39f315812b,1:0,500,0xf8000,9,5,5 0 0 0 0 0 0 0,1793053456
238,1,23208165,1790603440,0xc048ef2d7fdd45522093c78b81f86e9cbb2d07a3,1:0,500,0xf8000,9,5,5 0 0 0 0 0 0 0,1793055755
248,1,23208166,1790603440,0x98397be2ed4d62c264135c6ed34d5104e7435cf3,1:0,500,0xf8000,9,5,5 0 0 0 0 0 0 0,1793057417
240,1,23208166,1790603440,0x3aeb28b5341aabf1a52ec92e47afef89040c172a,1:0,500,0xf8000,9,5,5 0 0 0 0 0 0 0,1793055908
239,1,23208166,1790603440,0xa31dad50a74d45ef2bd052adba3d3ee326683b06,1:0,500,0xf8000,9,5,5 0 0 0 0 0 0 0,1793055830
234,1,23208167,1790603441,0xd6ccc5beaf637fe868e7534240689c660e15f3f4,1:0,500,0xf8000,9,5,5 0 0 0 0 0 0 0,1793055454
236,1,23208167,1790603441,0xcf44c3a44b9c291a10fe416124f7077627dfe2c0,1:0,500,0xf8000,9,5,5 0 0 0 0 0 0 0,1793055580
251,1,23208167,1790603441,0x18c50ec4262ec6c35912501330c7d349c7ad3f3a,1:0,500,0xf8000,9,5,5 0 0 0 0 0 0 0,1793057587
77,72,23208205,1790603460,0x3f62ae0c7ed24dcd2b52c1c224296519b02df00d,7:0,500,0x3e00000000000000013,16,8,8 0 0 0 0 0 0 0,1794562845
27,37,23208218,1790603467,0x81b4bf458a73ea46fadd46ee8236e5f94c4eb8e0,19:1,2000,0xfe0000000000000000000000000000000000000000002f,8,4,4 0 0 0 0 0 0 0,1793802750
77,73,23208226,1790603471,0x3f62ae0c7ed24dcd2b52c1c224296519b02df00d,14:0,500,0x1f00000000000000000000000000000001c,23,13,13 0 0 0 0 0 0 0,1794584445
254,1,23208260,1790603488,0x816d5d6ff78a59839fbf0105a5e7f9c01fbf4dd5,1:0,500,0xf8000,9,5,5 0 0 0 0 0 0 0,1793057871
253,1,23208260,1790603488,0x155bae146eab03a495360e6a0da991be5e834c70,1:0,500,0xf8000,9,5,5 0 0 0 0 0 0 0,1793057699
259,1,23208260,1790603488,0xbd1d06f6d75ed10fd4850e5776bea7e39d5da849,1:0,500,0xf8000,9,5,5 0 0 0 0 0 0 0,1793058280
256,1,23208261,1790603489,0x6c06284916fb43b4371591ff27e6d38f6b1ea1d5,1:0,500,0xf8000,9,5,5 0 0 0 0 0 0 0,1793057986
258,1,23208261,1790603489,0x2bb3da4f8b5377bd915c637c3eeeeffcd20fd7d0,1:0,500,0xf8000,9,5,5 0 0 0 0 0 0 0,1793058235
257,1,23208261,1790603489,0xb6e28a7dc63dd496b1591079505dd548de49bbab,1:0,500,0xf8000,9,5,5 0 0 0 0 0 0 0,1793058096
255,1,23208261,1790603489,0x47f1c3ad5f959aaead731be40c7b6c801b91a557,1:0,500,0xf8000,9,5,5 0 0 0 0 0 0 0,1793057977
260,1,23208262,1790603489,0x92bcd910d5bf7b403fb33192a943a854da4ad2ac,1:0,500,0xf8000,9,5,5 0 0 0 0 0 0 0,1793058392
77,74,23208301,1790603509,0x3f62ae0c7ed24dcd2b52c1c224296519b02df00d,11:0,500,0x3e00000000000000000000000019,14,8,8 0 0 0 0 0 0 0,1794606045
77,75,23208321,1790603519,0x3f62ae0c7ed24dcd2b52c1c224296519b02df00d,11:0,500,0x3e0000000000000000000000001d,6,4,4 0 0 0 0 0 0 0,1794627645
77,76,23208348,1790603533,0x3f62ae0c7ed24dcd2b52c1c224296519b02df00d,7:0,500,0x3e00000000000000033,8,4,4 0 0 0 0 0 0 0,1794649245
77,77,23208405,1790603562,0x3f62ae0c7ed24dcd2b52c1c224296519b02df00d,5:0,500,0xf8000000000027,14,9,9 0 0 0 0 0 0 0,1794670845
77,78,23208427,1790603573,0x3f62ae0c7ed24dcd2b52c1c224296519b02df00d,12:0,500,0x7c000000000000000000000000001d,13,8,8 0 0 0 0 0 0 0,1794692445
77,79,23208450,1790603585,0x3f62ae0c7ed24dcd2b52c1c224296519b02df00d,9:0,500,0xf8000000000000000000023,5,4,4 0 0 0 0 0 0 0,1794714045
237,1,23208450,1790603585,0xc3a31bd2a7acd8965942fbfde816727e7dd50db1,16:0,500,0x7c0000000000000000000000000000000000024,6,4,4 0 0 0 0 0 0 0,1793055599
77,80,23208480,1790603600,0x3f62ae0c7ed24dcd2b52c1c224296519b02df00d,9:0,500,0xf8000000000000000000012,22,13,13 0 0 0 0 0 0 0,1794735645
77,81,23208500,1790603610,0x3f62ae0c7ed24dcd2b52c1c224296519b02df00d,5:0,500,0xf8000000000019,6,4,4 0 0 0 0 0 0 0,1794757245
262,1,23208515,1790603617,0xc3a31bd2a7acd8965942fbfde816727e7dd50db1,7:0,500,0x3e0000000000000000a,8,4,4 0 0 0 0 0 0 0,1793059005
77,82,23208523,1790603621,0x3f62ae0c7ed24dcd2b52c1c224296519b02df00d,2:0,500,0x1f00000b,8,5,5 0 0 0 0 0 0 0,1794778845
77,83,23208546,1790603633,0x3f62ae0c7ed24dcd2b52c1c224296519b02df00d,9:0,500,0xf800000000000000000002a,5,4,4 0 0 0 0 0 0 0,1794800445
77,84,23208572,1790603646,0x3f62ae0c7ed24dcd2b52c1c224296519b02df00d,19:0,500,0x3e00000000000000000000000000000000000000000027,13,8,8 0 0 0 0 0 0 0,1794822045
77,85,23208597,1790603659,0x3f62ae0c7ed24dcd2b52c1c224296519b02df00d,1:0,500,0xf8017,19,10,10 0 0 0 0 0 0 0,1794843645
209,2,23208607,1790603664,0x9194331dc33cde506a635cb2bde30a88246cb9cf,17:0,500,0xf800000000000000000000000000000000000002c,7,4,4 0 0 0 0 0 0 0,1793071908
77,86,23208620,1790603671,0x3f62ae0c7ed24dcd2b52c1c224296519b02df00d,12:0,500,0x7c0000000000000000000000000019,5,4,4 0 0 0 0 0 0 0,1794865245
77,87,23208653,1790603687,0x3f62ae0c7ed24dcd2b52c1c224296519b02df00d,3:0,500,0x3e00000035,29,15,15 0 0 0 0 0 0 0,1794886845
77,88,23208688,1790603706,0x3f62ae0c7ed24dcd2b52c1c224296519b02df00d,11:0,500,0x3e0000000000000000000000003e,14,8,8 0 0 0 0 0 0 0,1794908445
77,89,23208721,1790603722,0x3f62ae0c7ed24dcd2b52c1c224296519b02df00d,7:0,500,0x3e0000000000000000f,16,8,8 0 0 0 0 0 0 0,1794930045
26,27,23208814,1790603769,0x0dd5ff179c68dd64fa712da08b550ec3a7d3bd73,1:0,500,0xf801c,9,5,5 0 0 0 0 0 0 0,1793586503
26,28,23208974,1790603850,0x0dd5ff179c68dd64fa712da08b550ec3a7d3bd73,2:0,500,0x1f00003f,8,5,5 0 0 0 0 0 0 0,1793608103
62,27,23209056,1790603892,0xd6ed92a915f940db5d288b1724a4e45b20c4f027,1:0,500,0xf801c,19,10,10 0 0 0 0 0 0 0,1793589929
26,29,23209085,1790603907,0x0dd5ff179c68dd64fa712da08b550ec3a7d3bd73,3:0,500,0x3e0000000b,19,10,10 0 0 0 0 0 0 0,1793629703
62,28,23209121,1790603925,0xd6ed92a915f940db5d288b1724a4e45b20c4f027,2:0,500,0x1f00003f,26,15,15 0 0 0 0 0 0 0,1793611529
26,30,23209155,1790603942,0x0dd5ff179c68dd64fa712da08b550ec3a7d3bd73,3:0,500,0x3e00000001,10,5,5 0 0 0 0 0 0 0,1793651303
62,29,23209196,1790603963,0xd6ed92a915f940db5d288b1724a4e45b20c4f027,3:0,500,0x3e0000000b,10,5,5 0 0 0 0 0 0 0,1793633129
235,3,23209211,1790603971,0xaf88695762861f15b620b242c56d919f0d0ce612,10:0,500,0x1f00000000000000000000002d,5,4,4 0 0 0 0 0 0 0,1793098697
26,31,23209222,1790603976,0x0dd5ff179c68dd64fa712da08b550ec3a7d3bd73,4:0,500,0x7c0000000013,17,10,10 0 0 0 0 0 0 0,1793672903
62,30,23209258,1790603994,0xd6ed92a915f940db5d288b1724a4e45b20c4f027,4:0,500,0x7c0000000036,17,10,10 0 0 0 0 0 0 0,1793654729
201,4,23209295,1790604013,0xaf88695762861f15b620b242c56d919f0d0ce612,17:0,500,0xf8000000000000000000000000000000000000001,7,4,4 0 0 0 0 0 0 0,1793111662
26,32,23209478,1790604106,0x0dd5ff179c68dd64fa712da08b550ec3a7d3bd73,5:0,500,0xf8000000000007,6,4,4 0 0 0 0 0 0 0,1793694503
62,31,23209533,1790604134,0xd6ed92a915f940db5d288b1724a4e45b20c4f027,5:0,500,0xf8000000000008,6,4,4 0 0 0 0 0 0 0,1793676329
26,33,23209566,1790604151,0x0dd5ff179c68dd64fa712da08b550ec3a7d3bd73,6:0,500,0x1f000000000000034,12,8,8 0 0 0 0 0 0 0,1793716103
62,32,23209579,1790604157,0xd6ed92a915f940db5d288b1724a4e45b20c4f027,6:0,500,0x1f00000000000002b,12,8,8 0 0 0 0 0 0 0,1793697929
26,34,23209613,1790604175,0x0dd5ff179c68dd64fa712da08b550ec3a7d3bd73,7:0,500,0x3e00000000000000002,16,8,8 0 0 0 0 0 0 0,1793737703
4,72,23209620,1790604178,0x1a3a0e6f222e823cc8d0f39d87042f88ab763872,12:0,500,0x7c0000000000000000000000000011,13,8,8 0 0 0 0 0 0 0,1794556146
62,33,23209637,1790604187,0xd6ed92a915f940db5d288b1724a4e45b20c4f027,7:0,500,0x3e00000000000000002,16,8,8 0 0 0 0 0 0 0,1793719529
4,73,23209643,1790604190,0x1a3a0e6f222e823cc8d0f39d87042f88ab763872,12:0,500,0x7c0000000000000000000000000039,5,4,4 0 0 0 0 0 0 0,1794577746
26,35,23209662,1790604199,0x0dd5ff179c68dd64fa712da08b550ec3a7d3bd73,8:0,500,0x7c0000000000000000032,18,9,9 0 0 0 0 0 0 0,1793759303
4,74,23209672,1790604204,0x1a3a0e6f222e823cc8d0f39d87042f88ab763872,9:0,500,0xf8000000000000000000028,5,4,4 0 0 0 0 0 0 0,1794599346
62,34,23209688,1790604213,0xd6ed92a915f940db5d288b1724a4e45b20c4f027,8:0,500,0x7c0000000000000000029,16,8,8 0 0 0 0 0 0 0,1793741129
4,75,23209706,1790604222,0x1a3a0e6f222e823cc8d0f39d87042f88ab763872,15:0,500,0x3e0000000000000000000000000000000000f,20,13,13 0 0 0 0 0 0 0,1794620946
26,36,23209710,1790604224,0x0dd5ff179c68dd64fa712da08b550ec3a7d3bd73,9:0,500,0xf800000000000000000000e,5,4,4 0 0 0 0 0 0 0,1793780903
62,35,23209726,1790604232,0xd6ed92a915f940db5d288b1724a4e45b20c4f027,9:0,500,0xf8000000000000000000013,5,4,4 0 0 0 0 0 0 0,1793762729
269,1,23209750,1790604244,0x02743dd55d73bbd61a1ffcfa8cf5e41896370c7c,1:0,500,0xf8000,9,5,5 0 0 0 0 0 0 0,1793061351
277,1,23209750,1790604244,0x23e84ec9d22e84e93534cb9a6030f77deb2a0310,1:0,500,0xf8000,9,5,5 0 0 0 0 0 0 0,1793062604
265,1,23209750,1790604244,0xd20d985fe8fba1f1e7a08095278e9c9a0565fb90,1:0,500,0xf8000,9,5,5 0 0 0 0 0 0 0,1793060885
279,1,23209750,1790604244,0xea06384d2fca30fc2090ace269c6578a2f0269fc,1:0,500,0xf8000,9,5,5 0 0 0 0 0 0 0,1793062846
273,1,23209751,1790604245,0xdf019f6095d7be78358b9f96bd16f19fd1beedf1,1:0,500,0xf8000,9,5,5 0 0 0 0 0 0 0,1793061993
26,37,23209755,1790604247,0x0dd5ff179c68dd64fa712da08b550ec3a7d3bd73,10:0,500,0x1f000000000000000000000027,8,8,8 0 0 0 0 0 0 0,1793802503
62,36,23209773,1790604256,0xd6ed92a915f940db5d288b1724a4e45b20c4f027,10:0,500,0x1f000000000000000000000016,5,4,4 0 0 0 0 0 0 0,1793784329
266,1,23209774,1790604256,0xd20d985fe8fba1f1e7a08095278e9c9a0565fb90,1:0,500,0xf8000,9,5,5 0 0 0 0 0 0 0,1793060902
280,1,23209775,1790604257,0xea06384d2fca30fc2090ace269c6578a2f0269fc,1:0,500,0xf8000,9,5,5 0 0 0 0 0 0 0,1793062861
270,1,23209775,1790604257,0x02743dd55d73bbd61a1ffcfa8cf5e41896370c7c,1:0,500,0xf8000,9,5,5 0 0 0 0 0 0 0,1793061388
274,1,23209775,1790604257,0xdf019f6095d7be78358b9f96bd16f19fd1beedf1,1:0,500,0xf8000,9,5,5 0 0 0 0 0 0 0,1793062067
26,38,23209808,1790604273,0x0dd5ff179c68dd64fa712da08b550ec3a7d3bd73,11:0,500,0x3e00000000000000000000000038,6,4,4 0 0 0 0 0 0 0,1793824103
62,37,23209824,1790604282,0xd6ed92a915f940db5d288b1724a4e45b20c4f027,11:0,500,0x3e0000000000000000000000003f,24,13,13 0 0 0 0 0 0 0,1793805929
26,39,23209859,1790604299,0x0dd5ff179c68dd64fa712da08b550ec3a7d3bd73,12:0,500,0x7c0000000000000000000000000012,5,4,4 0 0 0 0 0 0 0,1793845703
62,38,23209883,1790604312,0xd6ed92a915f940db5d288b1724a4e45b20c4f027,11:0,500,0x3e00000000000000000000000038,6,4,4 0 0 0 0 0 0 0,1793827529
4,76,23209903,1790604322,0x1a3a0e6f222e823cc8d0f39d87042f88ab763872,1:0,500,0xf8020,19,10,10 0 0 0 0 0 0 0,1794642546
332,3,23209905,1790604323,0x7d0aa09db8d2018d8de6def866824d111444bf4b,1:0,500,0xf801c,9,5,5 0 0 0 0 0 0 0,1793136372
4,77,23209918,1790604329,0x1a3a0e6f222e823cc8d0f39d87042f88ab763872,15:0,500,0x3e00000000000000000000000000000000016,6,4,4 0 0 0 0 0 0 0,1794664146
4,78,23209949,1790604345,0x1a3a0e6f222e823cc8d0f39d87042f88ab763872,16:0,500,0x7c000000000000000000000000000000000003a,14,8,8 0 0 0 0 0 0 0,1794685746
26,40,23209962,1790604352,0x0dd5ff179c68dd64fa712da08b550ec3a7d3bd73,12:0,500,0x7c000000000000000000000000003a,13,8,8 0 0 0 0 0 0 0,1793867303
4,79,23209965,1790604353,0x1a3a0e6f222e823cc8d0f39d87042f88ab763872,4:0,500,0x7c000000002c,17,10,10 0 0 0 0 0 0 0,1794707346
62,39,23209978,1790604360,0xd6ed92a915f940db5d288b1724a4e45b20c4f027,12:0,500,0x7c0000000000000000000000000012,13,8,8 0 0 0 0 0 0 0,1793849129
4,80,23209980,1790604361,0x1a3a0e6f222e823cc8d0f39d87042f88ab763872,13:0,500,0xf8000000000000000000000000000000,13,8,8 0 0 0 0 0 0 0,1794728946
4,81,23209999,1790604370,0x1a3a0e6f222e823cc8d0f39d87042f88ab763872,15:0,500,0x3e00000000000000000000000000000000017,10,8,8 0 0 0 0 0 0 0,1794750546
26,41,23210005,1790604373,0x0dd5ff179c68dd64fa712da08b550ec3a7d3bd73,13:0,500,0xf8000000000000000000000000000021,23,13,13 0 0 0 0 0 0 0,1793888903
62,40,23210022,1790604382,0xd6ed92a915f940db5d288b1724a4e45b20c4f027,13:0,500,0xf800000000000000000000000000002c,8,4,4 0 0 0 0 0 0 0,1793870729
26,42,23210048,1790604396,0x0dd5ff179c68dd64fa712da08b550ec3a7d3bd73,14:0,500,0x1f00000000000000000000000000000000d,13,8,8 0 0 0 0 0 0 0,1793910503
62,41,23210065,1790604404,0xd6ed92a915f940db5d288b1724a4e45b20c4f027,14:0,500,0x1f000000000000000000000000000000016,13,8,8 0 0 0 0 0 0 0,1793892329
26,43,23210094,1790604419,0x0dd5ff179c68dd64fa712da08b550ec3a7d3bd73,15:0,500,0x3e00000000000000000000000000000000035,10,8,8 0 0 0 0 0 0 0,1793932103
62,42,23210111,1790604427,0xd6ed92a915f940db5d288b1724a4e45b20c4f027,15:0,500,0x3e0000000000000000000000000000000000a,6,4,4 0 0 0 0 0 0 0,1793913929
26,44,23210139,1790604441,0x0dd5ff179c68dd64fa712da08b550ec3a7d3bd73,16:0,500,0x7c0000000000000000000000000000000000035,14,8,8 0 0 0 0 0 0 0,1793953703
62,43,23210156,1790604450,0xd6ed92a915f940db5d288b1724a4e45b20c4f027,16:0,500,0x7c0000000000000000000000000000000000005,6,4,4 0 0 0 0 0 0 0,1793935529
26,45,23210183,1790604464,0x0dd5ff179c68dd64fa712da08b550ec3a7d3bd73,17:0,500,0xf800000000000000000000000000000000000003c,10,8,8 0 0 0 0 0 0 0,1793975303
62,44,23210202,1790604473,0xd6ed92a915f940db5d288b1724a4e45b20c4f027,17:0,500,0xf800000000000000000000000000000000000000e,10,8,8 0 0 0 0 0 0 0,1793957129
26,46,23210231,1790604488,0x0dd5ff179c68dd64fa712da08b550ec3a7d3bd73,18:0,500,0x1f000000000000000000000000000000000000000038,17,9,9 0 0 0 0 0 0 0,1793996903
62,45,23210248,1790604497,0xd6ed92a915f940db5d288b1724a4e45b20c4f027,18:0,500,0x1f000000000000000000000000000000000000000019,7,4,4 0 0 0 0 0 0 0,1793978729
26,47,23210271,1790604508,0x0dd5ff179c68dd64fa712da08b550ec3a7d3bd73,19:0,500,0x3e00000000000000000000000000000000000000000002,8,4,4 0 0 0 0 0 0 0,1794018503
62,46,23210303,1790604525,0xd6ed92a915f940db5d288b1724a4e45b20c4f027,19:0,500,0x3e0000000000000000000000000000000000000000003d,23,13,13 0 0 0 0 0 0 0,1794000329
78,27,23210382,1790604565,0xd6ed92a915f940db5d288b1724a4e45b20c4f027,1:0,500,0xf801c,29,15,15 0 0 0 0 0 0 0,1793590868
86,27,23210407,1790604577,0x0dd5ff179c68dd64fa712da08b550ec3a7d3bd73,1:0,500,0xf801c,19,10,10 0 0 0 0 0 0 0,1793591321
78,28,23210425,1790604587,0xd6ed92a915f940db5d288b1724a4e45b20c4f027,2:0,500,0x1f00003f,16,10,10 0 0 0 0 0 0 0,1793612468
86,28,23210456,1790604603,0x0dd5ff179c68dd64fa712da08b550ec3a7d3bd73,2:0,500,0x1f00003f,18,10,10 0 0 0 0 0 0 0,1793612921
78,29,23210476,1790604612,0xd6ed92a915f940db5d288b1724a4e45b20c4f027,3:0,500,0x3e0000000b,19,10,10 0 0 0 0 0 0 0,1793634068
86,29,23210500,1790604625,0x0dd5ff179c68dd64fa712da08b550ec3a7d3bd73,3:0,500,0x3e0000000b,10,5,5 0 0 0 0 0 0 0,1793634521
78,30,23210518,1790604634,0xd6ed92a915f940db5d288b1724a4e45b20c4f027,4:0,500,0x7c0000000036,17,10,10 0 0 0 0 0 0 0,1793655668
86,30,23210545,1790604647,0x0dd5ff179c68dd64fa712da08b550ec3a7d3bd73,4:0,500,0x7c0000000036,17,10,10 0 0 0 0 0 0 0,1793656121
78,31,23210562,1790604656,0xd6ed92a915f940db5d288b1724a4e45b20c4f027,5:0,500,0xf8000000000008,14,9,9 0 0 0 0 0 0 0,1793677268
86,31,23210586,1790604668,0x0dd5ff179c68dd64fa712da08b550ec3a7d3bd73,5:0,500,0xf8000000000008,6,4,4 0 0 0 0 0 0 0,1793677721
78,32,23210601,1790604676,0xd6ed92a915f940db5d288b1724a4e45b20c4f027,6:0,500,0x1f00000000000002b,12,8,8 0 0 0 0 0 0 0,1793698868
86,32,23210627,1790604689,0x0dd5ff179c68dd64fa712da08b550ec3a7d3bd73,6:0,500,0x1f00000000000002b,12,8,8 0 0 0 0 0 0 0,1793699321
78,33,23210647,1790604699,0xd6ed92a915f940db5d288b1724a4e45b20c4f027,7:0,500,0x3e00000000000000002,16,8,8 0 0 0 0 0 0 0,1793720468
278,1,23210654,1790604703,0x23e84ec9d22e84e93534cb9a6030f77deb2a0310,1:0,500,0xf8000,9,5,5 0 0 0 0 0 0 0,1793062657
86,33,23210674,1790604713,0x0dd5ff179c68dd64fa712da08b550ec3a7d3bd73,7:0,500,0x3e00000000000000002,16,8,8 0 0 0 0 0 0 0,1793720921
78,34,23210692,1790604722,0xd6ed92a915f940db5d288b1724a4e45b20c4f027,8:0,500,0x7c0000000000000000029,26,13,13 0 0 0 0 0 0 0,1793742068
86,34,23210714,1790604733,0x0dd5ff179c68dd64fa712da08b550ec3a7d3bd73,8:0,500,0x7c0000000000000000029,8,4,4 0 0 0 0 0 0 0,1793742521
78,35,23210732,1790604742,0xd6ed92a915f940db5d288b1724a4e45b20c4f027,9:0,500,0xf8000000000000000000013,12,8,8 0 0 0 0 0 0 0,1793763668
86,35,23210764,1790604759,0x0dd5ff179c68dd64fa712da08b550ec3a7d3bd73,9:0,500,0xf8000000000000000000013,12,8,8 0 0 0 0 0 0 0,1793764121
78,36,23210783,1790604768,0xd6ed92a915f940db5d288b1724a4e45b20c4f027,10:0,500,0x1f000000000000000000000016,5,4,4 0 0 0 0 0 0 0,1793785268
86,36,23210810,1790604782,0x0dd5ff179c68dd64fa712da08b550ec3a7d3bd73,10:0,500,0x1f000000000000000000000016,8,8,8 0 0 0 0 0 0 0,1793785721
78,37,23211069,1790604913,0xd6ed92a915f940db5d288b1724a4e45b20c4f027,12:0,500,0x7c000000000000000000000000002f,5,4,4 0 0 0 0 0 0 0,1793806868
86,37,23211101,1790604929,0x0dd5ff179c68dd64fa712da08b550ec3a7d3bd73,12:0,500,0x7c000000000000000000000000002f,23,13,13 0 0 0 0 0 0 0,1793807321
78,38,23211122,1790604940,0xd6ed92a915f940db5d288b1724a4e45b20c4f027,13:0,500,0xf8000000000000000000000000000003,13,8,8 0 0 0 0 0 0 0,1793828468
86,38,23211146,1790604952,0x0dd5ff179c68dd64fa712da08b550ec3a7d3bd73,13:0,500,0xf8000000000000000000000000000003,8,4,4 0 0 0 0 0 0 0,1793828921
78,39,23211163,1790604961,0xd6ed92a915f940db5d288b1724a4e45b20c4f027,14:0,500,0x1f000000000000000000000000000000035,13,8,8 0 0 0 0 0 0 0,1793850068
86,39,23211186,1790604973,0x0dd5ff179c68dd64fa712da08b550ec3a7d3bd73,14:0,500,0x1f000000000000000000000000000000035,7,4,4 0 0 0 0 0 0 0,1793850521
78,40,23211203,1790604981,0xd6ed92a915f940db5d288b1724a4e45b20c4f027,15:0,500,0x3e00000000000000000000000000000000005,10,8,8 0 0 0 0 0 0 0,1793871668
86,40,23211228,1790604994,0x0dd5ff179c68dd64fa712da08b550ec3a7d3bd73,15:0,500,0x3e00000000000000000000000000000000005,10,8,8 0 0 0 0 0 0 0,1793872121
78,41,23211249,1790605005,0xd6ed92a915f940db5d288b1724a4e45b20c4f027,16:0,500,0x7c0000000000000000000000000000000000027,14,8,8 0 0 0 0 0 0 0,1793893268
86,41,23211269,1790605015,0x0dd5ff179c68dd64fa712da08b550ec3a7d3bd73,16:0,500,0x7c0000000000000000000000000000000000027,14,8,8 0 0 0 0 0 0 0,1793893721
78,42,23211282,1790605021,0xd6ed92a915f940db5d288b1724a4e45b20c4f027,17:0,500,0xf800000000000000000000000000000000000001a,7,4,4 0 0 0 0 0 0 0,1793914868
86,42,23211323,1790605042,0x0dd5ff179c68dd64fa712da08b550ec3a7d3bd73,17:0,500,0xf800000000000000000000000000000000000001a,10,8,8 0 0 0 0 0 0 0,1793915321
78,43,23211343,1790605052,0xd6ed92a915f940db5d288b1724a4e45b20c4f027,18:0,500,0x1f000000000000000000000000000000000000000013,22,13,13 0 0 0 0 0 0 0,1793936468
86,43,23211365,1790605063,0x0dd5ff179c68dd64fa712da08b550ec3a7d3bd73,18:0,500,0x1f000000000000000000000000000000000000000013,12,8,8 0 0 0 0 0 0 0,1793936921
78,44,23211397,1790605080,0xd6ed92a915f940db5d288b1724a4e45b20c4f027,19:0,500,0x3e0000000000000000000000000000000000000000001d,8,4,4 0 0 0 0 0 0 0,1793958068
86,44,23211420,1790605091,0x0dd5ff179c68dd64fa712da08b550ec3a7d3bd73,19:0,500,0x3e0000000000000000000000000000000000000000001d,8,4,4 0 0 0 0 0 0 0,1793958521
78,45,23211449,1790605106,0xd6ed92a915f940db5d288b1724a4e45b20c4f027,13:0,500,0xf8000000000000000000000000000021,8,4,4 0 0 0 0 0 0 0,1793979668
86,45,23211485,1790605124,0x0dd5ff179c68dd64fa712da08b550ec3a7d3bd73,10:0,500,0x1f00000000000000000000001e,5,4,4 0 0 0 0 0 0 0,1793980121
78,46,23211519,1790605142,0xd6ed92a915f940db5d288b1724a4e45b20c4f027,19:0,500,0x3e0000000000000000000000000000000000000000003d,13,8,8 0 0 0 0 0 0 0,1794001268
86,46,23211542,1790605153,0x0dd5ff179c68dd64fa712da08b550ec3a7d3bd73,17:0,500,0xf8000000000000000000000000000000000000011,17,9,9 0 0 0 0 0 0 0,1794001721
81,27,23211595,1790605180,0xd6ed92a915f940db5d288b1724a4e45b20c4f027,1:0,500,0xf801c,19,10,10 0 0 0 0 0 0 0,1793591100
90,27,23211618,1790605192,0x0dd5ff179c68dd64fa712da08b550ec3a7d3bd73,1:0,500,0xf801c,19,10,10 0 0 0 0 0 0 0,1793591384
81,28,23211636,1790605201,0xd6ed92a915f940db5d288b1724a4e45b20c4f027,2:0,500,0x1f00003f,16,10,10 0 0 0 0 0 0 0,1793612700
90,28,23211661,1790605213,0x0dd5ff179c68dd64fa712da08b550ec3a7d3bd73,2:0,500,0x1f00003f,26,15,15 0 0 0 0 0 0 0,1793612984
81,29,23211680,1790605223,0xd6ed92a915f940db5d288b1724a4e45b20c4f027,3:0,500,0x3e0000000b,19,10,10 0 0 0 0 0 0 0,1793634300
90,29,23211705,1790605236,0x0dd5ff179c68dd64fa712da08b550ec3a7d3bd73,3:0,500,0x3e0000000b,10,5,5 0 0 0 0 0 0 0,1793634584
81,30,23211721,1790605244,0xd6ed92a915f940db5d288b1724a4e45b20c4f027,4:0,500,0x7c0000000036,17,10,10 0 0 0 0 0 0 0,1793655900
90,30,23211743,1790605255,0x0dd5ff179c68dd64fa712da08b550ec3a7d3bd73,4:0,500,0x7c0000000036,17,10,10 0 0 0 0 0 0 0,1793656184
81,31,23211758,1790605263,0xd6ed92a915f940db5d288b1724a4e45b20c4f027,5:0,500,0xf8000000000008,6,4,4 0 0 0 0 0 0 0,1793677500
90,31,23211783,1790605275,0x0dd5ff179c68dd64fa712da08b550ec3a7d3bd73,5:0,500,0xf8000000000008,14,9,9 0 0 0 0 0 0 0,1793677784
81,32,23211801,1790605284,0xd6ed92a915f940db5d288b1724a4e45b20c4f027,6:0,500,0x1f00000000000002b,12,8,8 0 0 0 0 0 0 0,1793699100
90,32,23211824,1790605296,0x0dd5ff179c68dd64fa712da08b550ec3a7d3bd73,6:0,500,0x1f00000000000002b,5,4,4 0 0 0 0 0 0 0,1793699384
81,33,23211845,1790605307,0xd6ed92a915f940db5d288b1724a4e45b20c4f027,7:0,500,0x3e00000000000000002,16,8,8 0 0 0 0 0 0 0,1793720700
90,33,23211870,1790605320,0x0dd5ff179c68dd64fa712da08b550ec3a7d3bd73,7:0,500,0x3e00000000000000002,8,4,4 0 0 0 0 0 0 0,1793720984
81,34,23211890,1790605330,0xd6ed92a915f940db5d288b1724a4e45b20c4f027,8:0,500,0x7c0000000000000000029,26,13,13 0 0 0 0 0 0 0,1793742300
90,34,23211925,1790605347,0x0dd5ff179c68dd64fa712da08b550ec3a7d3bd73,8:0,500,0x7c0000000000000000029,8,4,4 0 0 0 0 0 0 0,1793742584
81,35,23211942,1790605356,0xd6ed92a915f940db5d288b1724a4e45b20c4f027,9:0,500,0xf8000000000000000000013,5,4,4 0 0 0 0 0 0 0,1793763900
90,35,23211967,1790605369,0x0dd5ff179c68dd64fa712da08b550ec3a7d3bd73,9:0,500,0xf8000000000000000000013,5,4,4 0 0 0 0 0 0 0,1793764184
81,36,23211983,1790605377,0xd6ed92a915f940db5d288b1724a4e45b20c4f027,10:0,500,0x1f000000000000000000000016,8,8,8 0 0 0 0 0 0 0,1793785500
90,36,23212006,1790605388,0x0dd5ff179c68dd64fa712da08b550ec3a7d3bd73,10:0,500,0x1f000000000000000000000016,8,8,8 0 0 0 0 0 0 0,1793785784
81,37,23212026,1790605399,0xd6ed92a915f940db5d288b1724a4e45b20c4f027,11:0,500,0x3e0000000000000000000000003f,6,4,4 0 0 0 0 0 0 0,1793807100
90,37,23212053,1790605412,0x0dd5ff179c68dd64fa712da08b550ec3a7d3bd73,11:0,500,0x3e0000000000000000000000003f,16,9,9 0 0 0 0 0 0 0,1793807384
81,38,23212073,1790605422,0xd6ed92a915f940db5d288b1724a4e45b20c4f027,11:0,500,0x3e00000000000000000000000038,14,8,8 0 0 0 0 0 0 0,1793828700
90,38,23212102,1790605437,0x0dd5ff179c68dd64fa712da08b550ec3a7d3bd73,11:0,500,0x3e00000000000000000000000038,14,8,8 0 0 0 0 0 0 0,1793828984
81,39,23212117,1790605445,0xd6ed92a915f940db5d288b1724a4e45b20c4f027,12:0,500,0x7c0000000000000000000000000012,13,8,8 0 0 0 0 0 0 0,1793850300
90,39,23212142,1790605457,0x0dd5ff179c68dd64fa712da08b550ec3a7d3bd73,12:0,500,0x7c0000000000000000000000000012,13,8,8 0 0 0 0 0 0 0,1793850584
81,40,23212158,1790605466,0xd6ed92a915f940db5d288b1724a4e45b20c4f027,13:0,500,0xf800000000000000000000000000002c,18,9,9 0 0 0 0 0 0 0,1793871900
90,40,23212181,1790605477,0x0dd5ff179c68dd64fa712da08b550ec3a7d3bd73,13:0,500,0xf800000000000000000000000000002c,8,4,4 0 0 0 0 0 0 0,1793872184
81,41,23212197,1790605485,0xd6ed92a915f940db5d288b1724a4e45b20c4f027,14:0,500,0x1f000000000000000000000000000000016,7,4,4 0 0 0 0 0 0 0,1793893500
90,41,23212221,1790605498,0x0dd5ff179c68dd64fa712da08b550ec3a7d3bd73,14:0,500,0x1f000000000000000000000000000000016,7,4,4 0 0 0 0 0 0 0,1793893784
81,42,23212249,1790605512,0xd6ed92a915f940db5d288b1724a4e45b20c4f027,15:0,500,0x3e0000000000000000000000000000000000a,6,4,4 0 0 0 0 0 0 0,1793915100
90,42,23212279,1790605527,0x0dd5ff179c68dd64fa712da08b550ec3a7d3bd73,13:0,500,0xf8000000000000000000000000000006,13,8,8 0 0 0 0 0 0 0,1793915384
81,43,23212295,1790605535,0xd6ed92a915f940db5d288b1724a4e45b20c4f027,14:0,500,0x1f00000000000000000000000000000003c,13,8,8 0 0 0 0 0 0 0,1793936700
90,43,23212319,1790605547,0x0dd5ff179c68dd64fa712da08b550ec3a7d3bd73,14:0,500,0x1f00000000000000000000000000000003c,13,8,8 0 0 0 0 0 0 0,1793936984
81,44,23212333,1790605554,0xd6ed92a915f940db5d288b1724a4e45b20c4f027,15:0,500,0x3e0000000000000000000000000000000001d,10,8,8 0 0 0 0 0 0 0,1793958300
90,44,23212361,1790605569,0x0dd5ff179c68dd64fa712da08b550ec3a7d3bd73,15:0,500,0x3e0000000000000000000000000000000001d,20,13,13 0 0 0 0 0 0 0,1793958584
81,45,23212377,1790605577,0xd6ed92a915f940db5d288b1724a4e45b20c4f027,16:0,500,0x7c0000000000000000000000000000000000034,6,4,4 0 0 0 0 0 0 0,1793979900
90,45,23212404,1790605590,0x0dd5ff179c68dd64fa712da08b550ec3a7d3bd73,16:0,500,0x7c0000000000000000000000000000000000034,14,8,8 0 0 0 0 0 0 0,1793980184
81,46,23212426,1790605602,0xd6ed92a915f940db5d288b1724a4e45b20c4f027,17:0,500,0xf8000000000000000000000000000000000000011,10,8,8 0 0 0 0 0 0 0,1794001500
90,46,23212447,1790605612,0x0dd5ff179c68dd64fa712da08b550ec3a7d3bd73,17:0,500,0xf8000000000000000000000000000000000000011,7,4,4 0 0 0 0 0 0 0,1794001784
81,47,23212462,1790605620,0xd6ed92a915f940db5d288b1724a4e45b20c4f027,18:0,500,0x1f000000000000000000000000000000000000000002,12,8,8 0 0 0 0 0 0 0,1794023100
90,47,23212482,1790605630,0x0dd5ff179c68dd64fa712da08b550ec3a7d3bd73,18:0,500,0x1f000000000000000000000000000000000000000002,7,4,4 0 0 0 0 0 0 0,1794023384
81,48,23212499,1790605639,0xd6ed92a915f940db5d288b1724a4e45b20c4f027,19:0,500,0x3e00000000000000000000000000000000000000000026,18,9,9 0 0 0 0 0 0 0,1794044700
90,48,23212521,1790605650,0x0dd5ff179c68dd64fa712da08b550ec3a7d3bd73,19:0,500,0x3e00000000000000000000000000000000000000000026,13,8,8 0 0 0 0 0 0 0,1794044984
81,49,23212541,1790605660,0xd6ed92a915f940db5d288b1724a4e45b20c4f027,19:0,500,0x3e00000000000000000000000000000000000000000031,13,8,8 0 0 0 0 0 0 0,1794066300
90,49,23212565,1790605672,0x0dd5ff179c68dd64fa712da08b550ec3a7d3bd73,19:0,500,0x3e00000000000000000000000000000000000000000031,8,4,4 0 0 0 0 0 0 0,1794066584
81,50,23212585,1790605682,0xd6ed92a915f940db5d288b1724a4e45b20c4f027,16:0,500,0x7c000000000000000000000000000000000000e,14,8,8 0 0 0 0 0 0 0,1794087900
90,50,23212608,1790605694,0x0dd5ff179c68dd64fa712da08b550ec3a7d3bd73,16:0,500,0x7c000000000000000000000000000000000000e,6,4,4 0 0 0 0 0 0 0,1794088184
81,51,23212622,1790605701,0xd6ed92a915f940db5d288b1724a4e45b20c4f027,17:0,500,0xf800000000000000000000000000000000000001d,7,4,4 0 0 0 0 0 0 0,1794109500
90,51,23212646,1790605713,0x0dd5ff179c68dd64fa712da08b550ec3a7d3bd73,17:0,500,0xf800000000000000000000000000000000000001d,10,8,8 0 0 0 0 0 0 0,1794109784
81,52,23212665,1790605723,0xd6ed92a915f940db5d288b1724a4e45b20c4f027,18:0,500,0x1f00000000000000000000000000000000000000002c,7,4,4 0 0 0 0 0 0 0,1794131100
90,52,23212688,1790605734,0x0dd5ff179c68dd64fa712da08b550ec3a7d3bd73,18:0,500,0x1f00000000000000000000000000000000000000002c,22,13,13 0 0 0 0 0 0 0,1794131384
81,53,23212707,1790605744,0xd6ed92a915f940db5d288b1724a4e45b20c4f027,12:0,500,0x7c000000000000000000000000002e,5,4,4 0 0 0 0 0 0 0,1794152700
90,53,23212736,1790605759,0x0dd5ff179c68dd64fa712da08b550ec3a7d3bd73,12:0,500,0x7c000000000000000000000000002e,5,4,4 0 0 0 0 0 0 0,1794152984
81,54,23212756,1790605769,0xd6ed92a915f940db5d288b1724a4e45b20c4f027,13:0,500,0xf800000000000000000000000000001b,13,8,8 0 0 0 0 0 0 0,1794174300
90,54,23212780,1790605781,0x0dd5ff179c68dd64fa712da08b550ec3a7d3bd73,13:0,500,0xf800000000000000000000000000001b,8,4,4 0 0 0 0 0 0 0,1794174584
81,55,23212799,1790605791,0xd6ed92a915f940db5d288b1724a4e45b20c4f027,14:0,500,0x1f000000000000000000000000000000008,7,4,4 0 0 0 0 0 0 0,1794195900
90,55,23212819,1790605801,0x0dd5ff179c68dd64fa712da08b550ec3a7d3bd73,14:0,500,0x1f000000000000000000000000000000008,7,4,4 0 0 0 0 0 0 0,1794196184
81,56,23212835,1790605809,0xd6ed92a915f940db5d288b1724a4e45b20c4f027,15:0,500,0x3e00000000000000000000000000000000024,16,9,9 0 0 0 0 0 0 0,1794217500
90,56,23212863,1790605823,0x0dd5ff179c68dd64fa712da08b550ec3a7d3bd73,15:0,500,0x3e00000000000000000000000000000000024,6,4,4 0 0 0 0 0 0 0,1794217784
81,57,23212882,1790605833,0xd6ed92a915f940db5d288b1724a4e45b20c4f027,9:0,500,0xf8000000000000000000035,12,8,8 0 0 0 0 0 0 0,1794239100
90,57,23212905,1790605845,0x0dd5ff179c68dd64fa712da08b550ec3a7d3bd73,9:0,500,0xf8000000000000000000035,12,8,8 0 0 0 0 0 0 0,1794239384
81,58,23212921,1790605853,0xd6ed92a915f940db5d288b1724a4e45b20c4f027,10:0,500,0x1f000000000000000000000004,5,4,4 0 0 0 0 0 0 0,1794260700
90,58,23212946,1790605865,0x0dd5ff179c68dd64fa712da08b550ec3a7d3bd73,10:0,500,0x1f000000000000000000000004,5,4,4 0 0 0 0 0 0 0,1794260984
81,59,23212963,1790605874,0xd6ed92a915f940db5d288b1724a4e45b20c4f027,11:0,500,0x3e00000000000000000000000020,6,4,4 0 0 0 0 0 0 0,1794282300
90,59,23212985,1790605885,0x0dd5ff179c68dd64fa712da08b550ec3a7d3bd73,11:0,500,0x3e00000000000000000000000020,6,4,4 0 0 0 0 0 0 0,1794282584
81,60,23213008,1790605897,0xd6ed92a915f940db5d288b1724a4e45b20c4f027,1:0,500,0xf800d,9,5,5 0 0 0 0 0 0 0,1794303900
90,60,23213037,1790605911,0x0dd5ff179c68dd64fa712da08b550ec3a7d3bd73,1:0,500,0xf800d,9,5,5 0 0 0 0 0 0 0,1794304184
81,61,23213059,1790605923,0xd6ed92a915f940db5d288b1724a4e45b20c4f027,2:0,500,0x1f000008,8,5,5 0 0 0 0 0 0 0,1794325500
90,61,23213083,1790605935,0x0dd5ff179c68dd64fa712da08b550ec3a7d3bd73,2:0,500,0x1f000008,18,10,10 0 0 0 0 0 0 0,1794325784
81,62,23213098,1790605942,0xd6ed92a915f940db5d288b1724a4e45b20c4f027,3:0,500,0x3e00000008,10,5,5 0 0 0 0 0 0 0,1794347100
90,62,23213123,1790605955,0x0dd5ff179c68dd64fa712da08b550ec3a7d3bd73,3:0,500,0x3e00000008,19,10,10 0 0 0 0 0 0 0,1794347384
81,63,23213139,1790605963,0xd6ed92a915f940db5d288b1724a4e45b20c4f027,4:0,500,0x7c000000003a,8,5,5 0 0 0 0 0 0 0,1794368700
90,63,23213166,1790605977,0x0dd5ff179c68dd64fa712da08b550ec3a7d3bd73,4:0,500,0x7c000000003a,8,5,5 0 0 0 0 0 0 0,1794368984
81,64,23213186,1790605987,0xd6ed92a915f940db5d288b1724a4e45b20c4f027,5:0,500,0xf8000000000027,14,9,9 0 0 0 0 0 0 0,1794390300
90,64,23213212,1790606000,0x0dd5ff179c68dd64fa712da08b550ec3a7d3bd73,5:0,500,0xf8000000000027,6,4,4 0 0 0 0 0 0 0,1794390584
81,65,23213236,1790606012,0xd6ed92a915f940db5d288b1724a4e45b20c4f027,10:0,500,0x1f000000000000000000000008,18,13,13 0 0 0 0 0 0 0,1794411900
90,65,23213264,1790606027,0x0dd5ff179c68dd64fa712da08b550ec3a7d3bd73,10:0,500,0x1f000000000000000000000008,8,8,8 0 0 0 0 0 0 0,1794412184
81,66,23213283,1790606036,0xd6ed92a915f940db5d288b1724a4e45b20c4f027,11:0,500,0x3e00000000000000000000000013,14,8,8 0 0 0 0 0 0 0,1794433500
90,66,23213306,1790606048,0x0dd5ff179c68dd64fa712da08b550ec3a7d3bd73,11:0,500,0x3e00000000000000000000000013,14,8,8 0 0 0 0 0 0 0,1794433784
62,47,23213346,1790606069,0xd6ed92a915f940db5d288b1724a4e45b20c4f027,1:0,500,0xf8028,9,5,5 0 0 0 0 0 0 0,1794021929
26,48,23213384,1790606088,0x0dd5ff179c68dd64fa712da08b550ec3a7d3bd73,1:0,500,0xf803d,19,10,10 0 0 0 0 0 0 0,1794040103
62,48,23213399,1790606095,0xd6ed92a915f940db5d288b1724a4e45b20c4f027,2:0,500,0x1f000019,8,5,5 0 0 0 0 0 0 0,1794043529
26,49,23213427,1790606109,0x0dd5ff179c68dd64fa712da08b550ec3a7d3bd73,2:0,500,0x1f000035,16,10,10 0 0 0 0 0 0 0,1794061703
62,49,23213446,1790606119,0xd6ed92a915f940db5d288b1724a4e45b20c4f027,3:0,500,0x3e0000003e,19,10,10 0 0 0 0 0 0 0,1794065129
26,50,23213470,1790606131,0x0dd5ff179c68dd64fa712da08b550ec3a7d3bd73,3:0,500,0x3e00000039,19,10,10 0 0 0 0 0 0 0,1794083303
62,50,23213484,1790606138,0xd6ed92a915f940db5d288b1724a4e45b20c4f027,4:0,500,0x7c0000000020,8,5,5 0 0 0 0 0 0 0,1794086729
26,51,23213510,1790606151,0x0dd5ff179c68dd64fa712da08b550ec3a7d3bd73,4:0,500,0x7c000000002a,18,10,10 0 0 0 0 0 0 0,1794104903
62,51,23213529,1790606161,0xd6ed92a915f940db5d288b1724a4e45b20c4f027,5:0,500,0xf8000000000036,24,14,14 0 0 0 0 0 0 0,1794108329
26,52,23213554,1790606174,0x0dd5ff179c68dd64fa712da08b550ec3a7d3bd73,5:0,500,0xf8000000000030,14,9,9 0 0 0 0 0 0 0,1794126503
55,41,23213563,1790606178,0xac0e67aaaa15dc791153b64df4a9d121dce797e5,6:0,500,0x1f00000000000002c,5,4,4 0 0 0 0 0 0 0,1793891920
62,52,23213572,1790606183,0xd6ed92a915f940db5d288b1724a4e45b20c4f027,6:0,500,0x1f000000000000000,5,4,4 0 0 0 0 0 0 0,1794129929
55,42,23213591,1790606193,0xac0e67aaaa15dc791153b64df4a9d121dce797e5,1:0,500,0xf8023,9,5,5 0 0 0 0 0 0 0,1793913520
26,53,23213596,1790606195,0x0dd5ff179c68dd64fa712da08b550ec3a7d3bd73,6:0,500,0x1f000000000000039,5,4,4 0 0 0 0 0 0 0,1794148103
62,53,23213609,1790606202,0xd6ed92a915f940db5d288b1724a4e45b20c4f027,7:0,500,0x3e00000000000000039,8,4,4 0 0 0 0 0 0 0,1794151529
55,43,23213631,1790606213,0xac0e67aaaa15dc791153b64df4a9d121dce797e5,19:0,500,0x3e0000000000000000000000000000000000000000001b,13,8,8 0 0 0 0 0 0 0,1793935120
62,54,23213648,1790606222,0xd6ed92a915f940db5d288b1724a4e45b20c4f027,9:0,500,0xf8000000000000000000032,12,8,8 0 0 0 0 0 0 0,1794173129
55,44,23213665,1790606230,0xac0e67aaaa15dc791153b64df4a9d121dce797e5,2:0,500,0x1f000031,8,5,5 0 0 0 0 0 0 0,1793956720
26,54,23213680,1790606238,0x0dd5ff179c68dd64fa712da08b550ec3a7d3bd73,10:0,500,0x1f000000000000000000000006,5,4,4 0 0 0 0 0 0 0,1794169703
62,55,23213715,1790606255,0xd6ed92a915f940db5d288b1724a4e45b20c4f027,11:0,500,0x3e0000000000000000000000000a,14,8,8 0 0 0 0 0 0 0,1794194729
55,45,23213721,1790606259,0xac0e67aaaa15dc791153b64df4a9d121dce797e5,3:0,500,0x3e00000011,19,10,10 0 0 0 0 0 0 0,1793978320
26,55,23213742,1790606269,0x0dd5ff179c68dd64fa712da08b550ec3a7d3bd73,11:0,500,0x3e0000000000000000000000000a,14,8,8 0 0 0 0 0 0 0,1794191303
55,46,23213747,1790606272,0xac0e67aaaa15dc791153b64df4a9d121dce797e5,4:0,500,0x7c0000000000,17,10,10 0 0 0 0 0 0 0,1793999920
62,56,23213761,1790606279,0xd6ed92a915f940db5d288b1724a4e45b20c4f027,12:0,500,0x7c000000000000000000000000003f,5,4,4 0 0 0 0 0 0 0,1794216329
55,47,23213776,1790606286,0xac0e67aaaa15dc791153b64df4a9d121dce797e5,6:0,500,0x1f00000000000002e,22,13,13 0 0 0 0 0 0 0,1794021520
26,56,23213787,1790606292,0x0dd5ff179c68dd64fa712da08b550ec3a7d3bd73,12:0,500,0x7c000000000000000000000000003f,5,4,4 0 0 0 0 0 0 0,1794212903
62,57,23213803,1790606300,0xd6ed92a915f940db5d288b1724a4e45b20c4f027,13:0,500,0xf800000000000000000000000000000e,13,8,8 0 0 0 0 0 0 0,1794237929
55,48,23213814,1790606306,0xac0e67aaaa15dc791153b64df4a9d121dce797e5,7:0,500,0x3e00000000000000007,8,4,4 0 0 0 0 0 0 0,1794043120
26,57,23213830,1790606314,0x0dd5ff179c68dd64fa712da08b550ec3a7d3bd73,12:0,500,0x7c000000000000000000000000000e,13,8,8 0 0 0 0 0 0 0,1794234503
62,58,23213849,1790606323,0xd6ed92a915f940db5d288b1724a4e45b20c4f027,13:0,500,0xf8000000000000000000000000000021,18,9,9 0 0 0 0 0 0 0,1794259529
26,58,23213876,1790606337,0x0dd5ff179c68dd64fa712da08b550ec3a7d3bd73,13:0,500,0xf8000000000000000000000000000021,18,9,9 0 0 0 0 0 0 0,1794256103
62,59,23213892,1790606345,0xd6ed92a915f940db5d288b1724a4e45b20c4f027,14:0,500,0x1f000000000000000000000000000000037,7,4,4 0 0 0 0 0 0 0,1794281129
55,49,23213894,1790606346,0xac0e67aaaa15dc791153b64df4a9d121dce797e5,9:0,500,0xf800000000000000000000b,5,4,4 0 0 0 0 0 0 0,1794064720
26,59,23213915,1790606357,0x0dd5ff179c68dd64fa712da08b550ec3a7d3bd73,14:0,500,0x1f000000000000000000000000000000037,7,4,4 0 0 0 0 0 0 0,1794277703
285,8,23213923,1790606361,0x27f48de5e0605da8b2a52ddfd06f6d273b804336,3:0,500,0x3e00000024,10,5,5 0 0 0 0 0 0 0,1793229082
62,60,23213928,1790606364,0xd6ed92a915f940db5d288b1724a4e45b20c4f027,15:0,500,0x3e0000000000000000000000000000000001a,10,8,8 0 0 0 0 0 0 0,1794302729
55,50,23213937,1790606368,0xac0e67aaaa15dc791153b64df4a9d121dce797e5,10:0,500,0x1f000000000000000000000007,8,8,8 0 0 0 0 0 0 0,1794086320
26,60,23213952,1790606376,0x0dd5ff179c68dd64fa712da08b550ec3a7d3bd73,15:0,500,0x3e0000000000000000000000000000000001a,6,4,4 0 0 0 0 0 0 0,1794299303
62,61,23213975,1790606388,0xd6ed92a915f940db5d288b1724a4e45b20c4f027,16:0,500,0x7c0000000000000000000000000000000000004,14,8,8 0 0 0 0 0 0 0,1794324329
55,51,23213976,1790606388,0xac0e67aaaa15dc791153b64df4a9d121dce797e5,11:0,500,0x3e0000000000000000000000003b,6,4,4 0 0 0 0 0 0 0,1794107920
26,61,23213999,1790606400,0x0dd5ff179c68dd64fa712da08b550ec3a7d3bd73,16:0,500,0x7c0000000000000000000000000000000000004,6,4,4 0 0 0 0 0 0 0,1794320903
62,62,23214017,1790606409,0xd6ed92a915f940db5d288b1724a4e45b20c4f027,16:0,500,0x7c0000000000000000000000000000000000017,6,4,4 0 0 0 0 0 0 0,1794345929
26,62,23214043,1790606422,0x0dd5ff179c68dd64fa712da08b550ec3a7d3bd73,17:0,500,0xf800000000000000000000000000000000000000b,7,4,4 0 0 0 0 0 0 0,1794342503
62,63,23214057,1790606429,0xd6ed92a915f940db5d288b1724a4e45b20c4f027,18:0,500,0x1f00000000000000000000000000000000000000002c,12,8,8 0 0 0 0 0 0 0,1794367529
26,63,23214082,1790606442,0x0dd5ff179c68dd64fa712da08b550ec3a7d3bd73,18:0,500,0x1f00000000000000000000000000000000000000002c,12,8,8 0 0 0 0 0 0 0,1794364103
62,64,23214099,1790606450,0xd6ed92a915f940db5d288b1724a4e45b20c4f027,19:0,500,0x3e0000000000000000000000000000000000000000001c,8,4,4 0 0 0 0 0 0 0,1794389129
26,64,23214122,1790606462,0x0dd5ff179c68dd64fa712da08b550ec3a7d3bd73,19:0,500,0x3e0000000000000000000000000000000000000000001c,13,8,8 0 0 0 0 0 0 0,1794385703
78,47,23214154,1790606478,0xd6ed92a915f940db5d288b1724a4e45b20c4f027,1:0,500,0xf8028,9,5,5 0 0 0 0 0 0 0,1794022868
86,47,23214186,1790606494,0x0dd5ff179c68dd64fa712da08b550ec3a7d3bd73,1:0,500,0xf8028,9,5,5 0 0 0 0 0 0 0,1794023321
78,48,23214196,1790606500,0xd6ed92a915f940db5d288b1724a4e45b20c4f027,10:0,500,0x1f00000000000000000000001d,8,8,8 0 0 0 0 0 0 0,1794044468
78,49,23214222,1790606513,0xd6ed92a915f940db5d288b1724a4e45b20c4f027,10:0,500,0x1f000000000000000000000007,5,4,4 0 0 0 0 0 0 0,1794066068
86,48,23214228,1790606516,0x0dd5ff179c68dd64fa712da08b550ec3a7d3bd73,17:0,500,0xf800000000000000000000000000000000000003c,10,8,8 0 0 0 0 0 0 0,1794044921
86,49,23214264,1790606534,0x0dd5ff179c68dd64fa712da08b550ec3a7d3bd73,18:0,500,0x1f000000000000000000000000000000000000000022,7,4,4 0 0 0 0 0 0 0,1794066521
78,50,23214269,1790606537,0xd6ed92a915f940db5d288b1724a4e45b20c4f027,10:0,500,0x1f000000000000000000000007,8,8,8 0 0 0 0 0 0 0,1794087668
55,52,23214426,1790606616,0xac0e67aaaa15dc791153b64df4a9d121dce797e5,1:0,500,0xf801b,19,10,10 0 0 0 0 0 0 0,1794129520
196,24,23214485,1790606647,0xac0e67aaaa15dc791153b64df4a9d121dce797e5,1:0,500,0xf8022,19,10,10 0 0 0 0 0 0 0,1793540118
323,9,23214539,1790606674,0xac0e67aaaa15dc791153b64df4a9d121dce797e5,1:0,500,0xf803a,9,5,5 0 0 0 0 0 0 0,1793262442
175,5,23214553,1790606681,0x224e633c9632a51de2f6225a7620dc46b2d58b08,2:2,4000,0xff000024,36,20,20 0 0 0 0 0 0 0,1793127626
177,4,23214606,1790606708,0x224e633c9632a51de2f6225a7620dc46b2d58b08,6:2,4000,0xff000000000000005,11,8,8 0 0 0 0 0 0 0,1793106280
181,4,23214643,1790606726,0x224e633c9632a51de2f6225a7620dc46b2d58b08,10:2,4000,0xff00000000000000000000000d,13,8,8 0 0 0 0 0 0 0,1793106682
62,65,23214685,1790606748,0xd6ed92a915f940db5d288b1724a4e45b20c4f027,1:0,500,0xf800a,19,10,10 0 0 0 0 0 0 0,1794410729
26,65,23214689,1790606750,0x0dd5ff179c68dd64fa712da08b550ec3a7d3bd73,1:0,500,0xf800a,9,5,5 0 0 0 0 0 0 0,1794407303
78,51,23214742,1790606777,0xd6ed92a915f940db5d288b1724a4e45b20c4f027,1:0,500,0xf800f,19,10,10 0 0 0 0 0 0 0,1794109268
86,50,23214773,1790606792,0x0dd5ff179c68dd64fa712da08b550ec3a7d3bd73,1:0,500,0xf8037,19,10,10 0 0 0 0 0 0 0,1794088121
81,67,23214805,1790606809,0xd6ed92a915f940db5d288b1724a4e45b20c4f027,1:0,500,0xf802e,19,10,10 0 0 0 0 0 0 0,1794455100
86,51,23214837,1790606825,0x0dd5ff179c68dd64fa712da08b550ec3a7d3bd73,5:0,500,0xf8000000000036,24,14,14 0 0 0 0 0 0 0,1794109721
90,67,23214908,1790606861,0x0dd5ff179c68dd64fa712da08b550ec3a7d3bd73,19:0,500,0x3e00000000000000000000000000000000000000000021,13,8,8 0 0 0 0 0 0 0,1794455384
285,9,23215012,1790606914,0x27f48de5e0605da8b2a52ddfd06f6d273b804336,14:0,500,0x1f00000000000000000000000000000001e,7,4,4 0 0 0 0 0 0 0,1793250682
4,82,23215031,1790606923,0x1a3a0e6f222e823cc8d0f39d87042f88ab763872,11:0,500,0x3e00000000000000000000000026,14,8,8 0 0 0 0 0 0 0,1794772146
4,83,23215047,1790606931,0x1a3a0e6f222e823cc8d0f39d87042f88ab763872,16:0,500,0x7c0000000000000000000000000000000000035,16,9,9 0 0 0 0 0 0 0,1794793746
4,84,23215063,1790606940,0x1a3a0e6f222e823cc8d0f39d87042f88ab763872,15:0,500,0x3e00000000000000000000000000000000025,6,4,4 0 0 0 0 0 0 0,1794815346
4,85,23215080,1790606948,0x1a3a0e6f222e823cc8d0f39d87042f88ab763872,4:0,500,0x7c0000000006,8,5,5 0 0 0 0 0 0 0,1794836946
285,10,23215187,1790607002,0x27f48de5e0605da8b2a52ddfd06f6d273b804336,13:0,500,0xf8000000000000000000000000000034,18,9,9 0 0 0 0 0 0 0,1793272282
53,12,23215256,1790607037,0xe0be2740456040536765022e7db612418e3de99e,9:2,4000,0x7f8000000000000000000025,20,13,13 0 0 0 0 0 0 0,1793265432
60,8,23215301,1790607061,0xe0be2740456040536765022e7db612418e3de99e,17:2,4000,0x7f800000000000000000000000000000000000003a,15,12,12 0 0 0 0 0 0 0,1793179380
61,15,23215339,1790607080,0xe0be2740456040536765022e7db612418e3de99e,15:2,4000,0x1fe00000000000000000000000000000000028,11,8,8 0 0 0 0 0 0 0,1793330641
27,38,23215378,1790607099,0x81b4bf458a73ea46fadd46ee8236e5f94c4eb8e0,6:0,500,0x1f000000000000026,5,4,4 0 0 0 0 0 0 0,1793824350
27,39,23215434,1790607128,0x81b4bf458a73ea46fadd46ee8236e5f94c4eb8e0,9:0,500,0xf8000000000000000000008,12,8,8 0 0 0 0 0 0 0,1793845950
27,40,23215475,1790607149,0x81b4bf458a73ea46fadd46ee8236e5f94c4eb8e0,1:0,500,0xf8010,9,5,5 0 0 0 0 0 0 0,1793867550
27,41,23215495,1790607159,0x81b4bf458a73ea46fadd46ee8236e5f94c4eb8e0,2:0,500,0x1f000038,16,10,10 0 0 0 0 0 0 0,1793889150
27,42,23215530,1790607176,0x81b4bf458a73ea46fadd46ee8236e5f94c4eb8e0,3:0,500,0x3e00000034,20,10,10 0 0 0 0 0 0 0,1793910750
27,43,23215547,1790607185,0x81b4bf458a73ea46fadd46ee8236e5f94c4eb8e0,4:0,500,0x7c0000000005,8,5,5 0 0 0 0 0 0 0,1793932350
327,9,23215619,1790607222,0x54012e1e43de8dd719a2deca0d6a254ee4db42b5,8:2,4000,0x3fc0000000000000000037,22,12,12 0 0 0 0 0 0 0,1793264605
53,13,23215637,1790607231,0xe0be2740456040536765022e7db612418e3de99e,6:1,2000,0x7f000000000000022,12,8,8 0 0 0 0 0 0 0,1793287032
327,10,23215678,1790607252,0x54012e1e43de8dd719a2deca0d6a254ee4db42b5,11:2,4000,0x1fe00000000000000000000000007,20,12,12 0 0 0 0 0 0 0,1793286205
53,14,23215732,1790607279,0xe0be2740456040536765022e7db612418e3de99e,19:0,500,0x3e00000000000000000000000000000000000000000033,13,8,8 0 0 0 0 0 0 0,1793308632
327,11,23215734,1790607280,0x54012e1e43de8dd719a2deca0d6a254ee4db42b5,15:2,4000,0x1fe00000000000000000000000000000000036,21,13,13 0 0 0 0 0 0 0,1793307805
327,12,23215772,1790607299,0x54012e1e43de8dd719a2deca0d6a254ee4db42b5,18:2,4000,0xff00000000000000000000000000000000000000000b,19,12,12 0 0 0 0 0 0 0,1793329405
27,44,23215816,1790607322,0x81b4bf458a73ea46fadd46ee8236e5f94c4eb8e0,5:0,500,0xf800000000001d,14,9,9 0 0 0 0 0 0 0,1793953950
53,15,23215824,1790607326,0xe0be2740456040536765022e7db612418e3de99e,16:2,4000,0x3fc000000000000000000000000000000000003e,13,8,8 0 0 0 0 0 0 0,1793330232
27,45,23215836,1790607332,0x81b4bf458a73ea46fadd46ee8236e5f94c4eb8e0,6:0,500,0x1f000000000000030,12,8,8 0 0 0 0 0 0 0,1793975550
331,7,23215840,1790607334,0x54012e1e43de8dd719a2deca0d6a254ee4db42b5,7:2,4000,0x1fe00000000000000030,16,8,8 0 0 0 0 0 0 0,1793222187
27,46,23215853,1790607340,0x81b4bf458a73ea46fadd46ee8236e5f94c4eb8e0,7:0,500,0x3e00000000000000022,16,8,8 0 0 0 0 0 0 0,1793997150
331,8,23215888,1790607358,0x54012e1e43de8dd719a2deca0d6a254ee4db42b5,10:2,4000,0xff00000000000000000000000d,13,8,8 0 0 0 0 0 0 0,1793243787
53,16,23215900,1790607364,0xe0be2740456040536765022e7db612418e3de99e,16:0,500,0x7c000000000000000000000000000000000000f,14,8,8 0 0 0 0 0 0 0,1793351832
53,17,23215954,1790607392,0xe0be2740456040536765022e7db612418e3de99e,13:0,500,0xf8000000000000000000000000000014,8,4,4 0 0 0 0 0 0 0,1793373432
331,9,23215989,1790607409,0x54012e1e43de8dd719a2deca0d6a254ee4db42b5,14:2,4000,0xff000000000000000000000000000000020,14,8,8 0 0 0 0 0 0 0,1793265387
53,18,23216065,1790607448,0xe0be2740456040536765022e7db612418e3de99e,14:1,2000,0x7f00000000000000000000000000000000b,7,4,4 0 0 0 0 0 0 0,1793395032
331,10,23216080,1790607456,0x54012e1e43de8dd719a2deca0d6a254ee4db42b5,17:2,4000,0x7f8000000000000000000000000000000000000035,12,8,8 0 0 0 0 0 0 0,1793286987
53,19,23216125,1790607478,0xe0be2740456040536765022e7db612418e3de99e,8:0,500,0x7c0000000000000000023,18,9,9 0 0 0 0 0 0 0,1793416632
53,20,23216198,1790607515,0xe0be2740456040536765022e7db612418e3de99e,8:0,500,0x7c000000000000000000e,16,8,8 0 0 0 0 0 0 0,1793438232
53,21,23216268,1790607551,0xe0be2740456040536765022e7db612418e3de99e,16:0,500,0x7c000000000000000000000000000000000000f,6,4,4 0 0 0 0 0 0 0,1793459832
53,22,23216330,1790607582,0xe0be2740456040536765022e7db612418e3de99e,16:1,2000,0x1fc000000000000000000000000000000000002a,14,8,8 0 0 0 0 0 0 0,1793481432
27,47,23216337,1790607586,0x81b4bf458a73ea46fadd46ee8236e5f94c4eb8e0,9:0,500,0xf8000000000000000000007,5,4,4 0 0 0 0 0 0 0,1794018750
27,48,23216364,1790607600,0x81b4bf458a73ea46fadd46ee8236e5f94c4eb8e0,10:0,500,0x1f00000000000000000000001d,5,4,4 0 0 0 0 0 0 0,1794040350
27,49,23216379,1790607607,0x81b4bf458a73ea46fadd46ee8236e5f94c4eb8e0,11:0,500,0x3e00000000000000000000000027,14,8,8 0 0 0 0 0 0 0,1794061950
53,23,23216387,1790607611,0xe0be2740456040536765022e7db612418e3de99e,7:0,500,0x3e00000000000000009,16,8,8 0 0 0 0 0 0 0,1793503032
27,50,23216406,1790607621,0x81b4bf458a73ea46fadd46ee8236e5f94c4eb8e0,12:0,500,0x7c000000000000000000000000003f,23,13,13 0 0 0 0 0 0 0,1794083550
53,24,23216452,1790607644,0xe0be2740456040536765022e7db612418e3de99e,16:0,500,0x7c000000000000000000000000000000000002f,13,8,8 0 0 0 0 0 0 0,1793524632
27,51,23216497,1790607667,0x81b4bf458a73ea46fadd46ee8236e5f94c4eb8e0,13:0,500,0xf8000000000000000000000000000038,8,4,4 0 0 0 0 0 0 0,1794105150
27,52,23216514,1790607676,0x81b4bf458a73ea46fadd46ee8236e5f94c4eb8e0,14:0,500,0x1f000000000000000000000000000000028,13,8,8 0 0 0 0 0 0 0,1794126750
27,53,23216531,1790607684,0x81b4bf458a73ea46fadd46ee8236e5f94c4eb8e0,15:0,500,0x3e00000000000000000000000000000000030,10,8,8 0 0 0 0 0 0 0,1794148350
53,25,23216542,1790607690,0xe0be2740456040536765022e7db612418e3de99e,4:0,500,0x7c000000003f,8,5,5 0 0 0 0 0 0 0,1793546232
53,26,23216646,1790607743,0xe0be2740456040536765022e7db612418e3de99e,16:0,500,0x7c000000000000000000000000000000000000f,14,8,8 0 0 0 0 0 0 0,1793567832
27,54,23216695,1790607768,0x81b4bf458a73ea46fadd46ee8236e5f94c4eb8e0,16:0,500,0x7c000000000000000000000000000000000003c,14,8,8 0 0 0 0 0 0 0,1794169950
53,27,23216711,1790607776,0xe0be2740456040536765022e7db612418e3de99e,18:0,500,0x1f000000000000000000000000000000000000000007,12,8,8 0 0 0 0 0 0 0,1793589432
27,55,23216716,1790607778,0x81b4bf458a73ea46fadd46ee8236e5f94c4eb8e0,17:0,500,0xf800000000000000000000000000000000000001b,20,13,13 0 0 0 0 0 0 0,1794191550
53,28,23216788,1790607815,0xe0be2740456040536765022e7db612418e3de99e,12:0,500,0x7c0000000000000000000000000003,5,4,4 0 0 0 0 0 0 0,1793611032
53,29,23216852,1790607847,0xe0be2740456040536765022e7db612418e3de99e,19:0,500,0x3e00000000000000000000000000000000000000000011,18,9,9 0 0 0 0 0 0 0,1793632632
27,56,23216863,1790607853,0x81b4bf458a73ea46fadd46ee8236e5f94c4eb8e0,15:0,500,0x3e00000000000000000000000000000000024,6,4,4 0 0 0 0 0 0 0,1794213150
27,57,23216879,1790607861,0x81b4bf458a73ea46fadd46ee8236e5f94c4eb8e0,16:0,500,0x7c0000000000000000000000000000000000009,6,4,4 0 0 0 0 0 0 0,1794234750
27,58,23216895,1790607869,0x81b4bf458a73ea46fadd46ee8236e5f94c4eb8e0,17:0,500,0xf8000000000000000000000000000000000000007,7,4,4 0 0 0 0 0 0 0,1794256350
27,59,23216919,1790607881,0x81b4bf458a73ea46fadd46ee8236e5f94c4eb8e0,18:0,500,0x1f000000000000000000000000000000000000000037,7,4,4 0 0 0 0 0 0 0,1794277950
53,30,23216952,1790607898,0xe0be2740456040536765022e7db612418e3de99e,7:0,500,0x3e00000000000000005,8,4,4 0 0 0 0 0 0 0,1793654232
53,31,23216999,1790607922,0xe0be2740456040536765022e7db612418e3de99e,12:0,500,0x7c0000000000000000000000000017,13,8,8 0 0 0 0 0 0 0,1793675832
53,32,23217045,1790607945,0xe0be2740456040536765022e7db612418e3de99e,13:0,500,0xf8000000000000000000000000000012,13,8,8 0 0 0 0 0 0 0,1793697432
27,60,23217056,1790607951,0x81b4bf458a73ea46fadd46ee8236e5f94c4eb8e0,18:0,500,0x1f00000000000000000000000000000000000000001c,12,8,8 0 0 0 0 0 0 0,1794299550
27,61,23217078,1790607962,0x81b4bf458a73ea46fadd46ee8236e5f94c4eb8e0,19:0,500,0x3e0000000000000000000000000000000000000000002f,13,8,8 0 0 0 0 0 0 0,1794321150
27,62,23217106,1790607976,0x81b4bf458a73ea46fadd46ee8236e5f94c4eb8e0,1:0,500,0xf801a,19,10,10 0 0 0 0 0 0 0,1794342750
27,63,23217131,1790607989,0x81b4bf458a73ea46fadd46ee8236e5f94c4eb8e0,10:0,500,0x1f00000000000000000000000c,18,13,13 0 0 0 0 0 0 0,1794364350
27,64,23217148,1790607997,0x81b4bf458a73ea46fadd46ee8236e5f94c4eb8e0,10:0,500,0x1f000000000000000000000004,5,4,4 0 0 0 0 0 0 0,1794385950
27,65,23217188,1790608018,0x81b4bf458a73ea46fadd46ee8236e5f94c4eb8e0,10:0,500,0x1f000000000000000000000008,8,8,8 0 0 0 0 0 0 0,1794407550
27,66,23217201,1790608024,0x81b4bf458a73ea46fadd46ee8236e5f94c4eb8e0,10:0,500,0x1f000000000000000000000029,5,4,4 0 0 0 0 0 0 0,1794429150
27,67,23217218,1790608033,0x81b4bf458a73ea46fadd46ee8236e5f94c4eb8e0,17:0,500,0xf800000000000000000000000000000000000001a,10,8,8 0 0 0 0 0 0 0,1794450750
27,68,23217250,1790608049,0x81b4bf458a73ea46fadd46ee8236e5f94c4eb8e0,2:0,500,0x1f00000f,8,5,5 0 0 0 0 0 0 0,1794472350
94,9,23217351,1790608100,0x8746cbcd1d09ea15b3625692f11fbb0e17b52029,2:0,500,0x1f00001a,16,10,10 0 0 0 0 0 0 0,1793202810
95,6,23217383,1790608117,0x8746cbcd1d09ea15b3625692f11fbb0e17b52029,17:0,500,0xf800000000000000000000000000000000000000c,7,4,4 0 0 0 0 0 0 0,1793138058
31,29,23217407,1790608129,0xac79fd6008b971723d16974cdb23ad70ecc00bee,1:0,500,0xf8020,19,10,10 0 0 0 0 0 0 0,1793630192
31,30,23217423,1790608137,0xac79fd6008b971723d16974cdb23ad70ecc00bee,9:0,500,0xf8000000000000000000035,12,8,8 0 0 0 0 0 0 0,1793651792
94,10,23217492,1790608172,0x8746cbcd1d09ea15b3625692f11fbb0e17b52029,2:0,500,0x1f000002,8,5,5 0 0 0 0 0 0 0,1793224410
80,7,23217751,1790608303,0x0420e243d8ab4a22dadded1ead8cdcca14074d7c,16:0,500,0x7c0000000000000000000000000000000000000,14,8,8 0 0 0 0 0 0 0,1793159070
24,8,23217782,1790608319,0x2d631f41f6023db409f15e1ccc337e69f62a8a58,1:0,500,0xf803d,29,15,15 0 0 0 0 0 0 0,1793175566
83,7,23217786,1790608321,0x0420e243d8ab4a22dadded1ead8cdcca14074d7c,12:0,500,0x7c000000000000000000000000002f,5,4,4 0 0 0 0 0 0 0,1793159259
104,15,23217819,1790608338,0x0420e243d8ab4a22dadded1ead8cdcca14074d7c,10:0,500,0x1f000000000000000000000027,18,13,13 0 0 0 0 0 0 0,1793332967
271,9,23218039,1790608450,0xd00226b73bab097e97c6df416dc031df7c4b5af1,1:1,2000,0x3f8039,19,10,10 0 0 0 0 0 0 0,1793234317
80,8,23218101,1790608481,0x0420e243d8ab4a22dadded1ead8cdcca14074d7c,16:0,500,0x7c0000000000000000000000000000000000035,16,9,9 0 0 0 0 0 0 0,1793180670
23,62,23218241,1790608552,0x0349cd3a83006bc4f057f553f221d69bd7a6c504,1:0,500,0xf801a,9,5,5 0 0 0 0 0 0 0,1794341044
4,86,23218475,1790608671,0x1a3a0e6f222e823cc8d0f39d87042f88ab763872,15:0,500,0x3e00000000000000000000000000000000039,10,8,8 0 0 0 0 0 0 0,1794858546
4,87,23218498,1790608682,0x1a3a0e6f222e823cc8d0f39d87042f88ab763872,14:0,500,0x1f000000000000000000000000000000039,7,4,4 0 0 0 0 0 0 0,1794880146
4,88,23218517,1790608692,0x1a3a0e6f222e823cc8d0f39d87042f88ab763872,11:0,500,0x3e0000000000000000000000003e,16,9,9 0 0 0 0 0 0 0,1794901746
4,89,23218531,1790608699,0x1a3a0e6f222e823cc8d0f39d87042f88ab763872,15:0,500,0x3e00000000000000000000000000000000036,6,4,4 0 0 0 0 0 0 0,1794923346
4,90,23218545,1790608706,0x1a3a0e6f222e823cc8d0f39d87042f88ab763872,11:0,500,0x3e0000000000000000000000001f,14,8,8 0 0 0 0 0 0 0,1794944946
4,91,23218560,1790608714,0x1a3a0e6f222e823cc8d0f39d87042f88ab763872,15:0,500,0x3e0000000000000000000000000000000001f,10,8,8 0 0 0 0 0 0 0,1794966546
4,92,23218579,1790608723,0x1a3a0e6f222e823cc8d0f39d87042f88ab763872,14:0,500,0x1f00000000000000000000000000000000c,13,8,8 0 0 0 0 0 0 0,1794988146
4,93,23218597,1790608733,0x1a3a0e6f222e823cc8d0f39d87042f88ab763872,15:0,500,0x3e00000000000000000000000000000000039,11,8,8 0 0 0 0 0 0 0,1795009746
4,94,23218619,1790608744,0x1a3a0e6f222e823cc8d0f39d87042f88ab763872,14:0,500,0x1f00000000000000000000000000000000e,7,4,4 0 0 0 0 0 0 0,1795031346
4,95,23218660,1790608765,0x1a3a0e6f222e823cc8d0f39d87042f88ab763872,15:0,500,0x3e0000000000000000000000000000000001f,20,13,13 0 0 0 0 0 0 0,1795052946
4,96,23218683,1790608776,0x1a3a0e6f222e823cc8d0f39d87042f88ab763872,7:0,500,0x3e00000000000000013,16,8,8 0 0 0 0 0 0 0,1795074546
4,97,23220050,1790609470,0x1a3a0e6f222e823cc8d0f39d87042f88ab763872,15:0,500,0x3e0000000000000000000000000000000000f,6,4,4 0 0 0 0 0 0 0,1795096146
4,98,23220063,1790609476,0x1a3a0e6f222e823cc8d0f39d87042f88ab763872,8:0,500,0x7c0000000000000000016,8,4,4 0 0 0 0 0 0 0,1795117746
4,99,23220077,1790609483,0x1a3a0e6f222e823cc8d0f39d87042f88ab763872,15:0,500,0x3e0000000000000000000000000000000000d,10,8,8 0 0 0 0 0 0 0,1795139346
4,100,23220097,1790609494,0x1a3a0e6f222e823cc8d0f39d87042f88ab763872,11:0,500,0x3e0000000000000000000000000a,6,4,4 0 0 0 0 0 0 0,1795160946
6,17,23220143,1790609517,0x1a3a0e6f222e823cc8d0f39d87042f88ab763872,15:0,500,0x3e00000000000000000000000000000000023,16,9,9 0 0 0 0 0 0 0,1793368197
6,18,23220214,1790609553,0x1a3a0e6f222e823cc8d0f39d87042f88ab763872,6:0,500,0x1f00000000000001b,5,4,4 0 0 0 0 0 0 0,1793389797
284,9,23222046,1790610482,0x26542d0bc93a63c141a21956337f18773b237882,14:1,2000,0x7f000000000000000000000000000000030,7,4,4 0 0 0 0 0 0 0,1793244322
284,10,23222133,1790610527,0x26542d0bc93a63c141a21956337f18773b237882,8:1,2000,0x1fc0000000000000000008,8,4,4 0 0 0 0 0 0 0,1793265922
284,11,23222168,1790610544,0x26542d0bc93a63c141a21956337f18773b237882,7:1,2000,0xfe0000000000000002d,18,9,9 0 0 0 0 0 0 0,1793287522
63,18,23222526,1790610726,0x62ff01f014f0da446e02a62392538f36a83a2659,7:1,2000,0xfe0000000000000000c,24,12,12 0 0 0 0 0 0 0,1793395593
68,11,23222573,1790610750,0x62ff01f014f0da446e02a62392538f36a83a2659,9:1,2000,0x3f8000000000000000000000,12,8,8 0 0 0 0 0 0 0,1793244541
70,17,23222621,1790610774,0x62ff01f014f0da446e02a62392538f36a83a2659,11:1,2000,0xfe00000000000000000000000007,6,4,4 0 0 0 0 0 0 0,1793374271
20,16,23222655,1790610791,0xb528bf440e6c9dad0c15f7e5f4dc75655f7ae27b,4:1,2000,0x1fc000000002a,8,5,5 0 0 0 0 0 0 0,1793347081
20,17,23222710,1790610819,0xb528bf440e6c9dad0c15f7e5f4dc75655f7ae27b,8:1,2000,0x1fc0000000000000000010,16,8,8 0 0 0 0 0 0 0,1793368681
20,18,23222741,1790610835,0xb528bf440e6c9dad0c15f7e5f4dc75655f7ae27b,11:1,2000,0xfe0000000000000000000000003f,24,13,13 0 0 0 0 0 0 0,1793390281
20,19,23222773,1790610851,0xb528bf440e6c9dad0c15f7e5f4dc75655f7ae27b,15:1,2000,0xfe00000000000000000000000000000000017,6,4,4 0 0 0 0 0 0 0,1793411881
20,20,23222811,1790610871,0xb528bf440e6c9dad0c15f7e5f4dc75655f7ae27b,18:1,2000,0x7f000000000000000000000000000000000000000009,12,8,8 0 0 0 0 0 0 0,1793433481
218,9,23222832,1790610882,0xb3aa0c5049d7e1c9abf88d612c10b8d792383464,15:2,4000,0x1fe00000000000000000000000000000000030,21,13,13 0 0 0 0 0 0 0,1793224888
15,26,23224490,1790611722,0xe6e5a8b9c4a0cd805f06b565b6f2857923cc6b11,12:0,500,0x7c0000000000000000000000000018,5,4,4 0 0 0 0 0 0 0,1793562863
30,13,23225231,1790612098,0xb39e79d3540fc34f516af70574b94d4ef8f885d2,9:0,500,0xf8000000000000000000023,12,8,8 0 0 0 0 0 0 0,1793284514
116,12,23225269,1790612118,0xb39e79d3540fc34f516af70574b94d4ef8f885d2,16:0,500,0x7c000000000000000000000000000000000000d,6,4,4 0 0 0 0 0 0 0,1793269651
197,9,23225305,1790612136,0xb39e79d3540fc34f516af70574b94d4ef8f885d2,1:0,500,0xf803a,29,15,15 0 0 0 0 0 0 0,1793218887
211,7,23226000,1790612488,0xbcd76fa66f9edc46065f4f27fd634ca15a0b1c72,3:2,4000,0x1fe00000014,19,10,10 0 0 0 0 0 0 0,1793179933
212,6,23226035,1790612506,0xbcd76fa66f9edc46065f4f27fd634ca15a0b1c72,4:2,4000,0x3fc000000002b,16,10,10 0 0 0 0 0 0 0,1793158656
211,8,23226858,1790612923,0xbcd76fa66f9edc46065f4f27fd634ca15a0b1c72,4:2,4000,0x3fc0000000020,35,20,20 0 0 0 0 0 0 0,1793201533
211,9,23226885,1790612937,0xbcd76fa66f9edc46065f4f27fd634ca15a0b1c72,15:2,4000,0x1fe00000000000000000000000000000000030,11,8,8 0 0 0 0 0 0 0,1793223133
211,10,23226913,1790612951,0xbcd76fa66f9edc46065f4f27fd634ca15a0b1c72,17:2,4000,0x7f8000000000000000000000000000000000000035,12,8,8 0 0 0 0 0 0 0,1793244733
187,42,23227032,1790613012,0x65d3f783f7a9f2a30cf70a8b3f6789fe98779086,1:0,500,0xf8023,9,5,5 0 0 0 0 0 0 0,1793927994
286,41,23227053,1790613022,0x65d3f783f7a9f2a30cf70a8b3f6789fe98779086,1:0,500,0xf8002,19,10,10 0 0 0 0 0 0 0,1793941951
287,41,23227080,1790613036,0x65d3f783f7a9f2a30cf70a8b3f6789fe98779086,1:0,500,0xf8002,19,10,10 0 0 0 0 0 0 0,1793941970
76,79,23227354,1790613175,0x3f62ae0c7ed24dcd2b52c1c224296519b02df00d,1:0,500,0xf801d,9,5,5 0 0 0 0 0 0 0,1794713955
77,90,23227495,1790613247,0x3f62ae0c7ed24dcd2b52c1c224296519b02df00d,1:0,500,0xf800a,9,5,5 0 0 0 0 0 0 0,1794951645
79,44,23227523,1790613261,0x3f62ae0c7ed24dcd2b52c1c224296519b02df00d,2:0,500,0x1f000031,8,5,5 0 0 0 0 0 0 0,1793958218
212,7,23227562,1790613281,0xbcd76fa66f9edc46065f4f27fd634ca15a0b1c72,1:0,500,0xf8006,19,10,10 0 0 0 0 0 0 0,1793180256
212,8,23227586,1790613293,0xbcd76fa66f9edc46065f4f27fd634ca15a0b1c72,2:0,500,0x1f00001e,26,15,15 0 0 0 0 0 0 0,1793201856
212,9,23227612,1790613306,0xbcd76fa66f9edc46065f4f27fd634ca15a0b1c72,3:0,500,0x3e00000013,10,5,5 0 0 0 0 0 0 0,1793223456
212,10,23227637,1790613319,0xbcd76fa66f9edc46065f4f27fd634ca15a0b1c72,4:0,500,0x7c0000000019,17,10,10 0 0 0 0 0 0 0,1793245056
212,11,23227663,1790613332,0xbcd76fa66f9edc46065f4f27fd634ca15a0b1c72,5:0,500,0xf8000000000016,14,9,9 0 0 0 0 0 0 0,1793266656
212,12,23227829,1790613416,0xbcd76fa66f9edc46065f4f27fd634ca15a0b1c72,6:0,500,0x1f000000000000035,5,4,4 0 0 0 0 0 0 0,1793288256
212,13,23227854,1790613429,0xbcd76fa66f9edc46065f4f27fd634ca15a0b1c72,7:0,500,0x3e00000000000000031,8,4,4 0 0 0 0 0 0 0,1793309856
212,14,23227878,1790613441,0xbcd76fa66f9edc46065f4f27fd634ca15a0b1c72,8:0,500,0x7c0000000000000000033,18,9,9 0 0 0 0 0 0 0,1793331456
158,19,23227902,1790613453,0x574b60bc1a42becb1de3972751e9238c26c9cccf,8:2,4000,0x3fc000000000000000001d,32,17,17 0 0 0 0 0 0 0,1793427025
212,15,23227920,1790613462,0xbcd76fa66f9edc46065f4f27fd634ca15a0b1c72,9:0,500,0xf8000000000000000000008,5,4,4 0 0 0 0 0 0 0,1793353056
212,16,23227945,1790613475,0xbcd76fa66f9edc46065f4f27fd634ca15a0b1c72,10:0,500,0x1f000000000000000000000025,5,4,4 0 0 0 0 0 0 0,1793374656
212,17,23227969,1790613487,0xbcd76fa66f9edc46065f4f27fd634ca15a0b1c72,11:0,500,0x3e00000000000000000000000016,6,4,4 0 0 0 0 0 0 0,1793396256
158,20,23227973,1790613489,0x574b60bc1a42becb1de3972751e9238c26c9cccf,15:2,4000,0x1fe0000000000000000000000000000000002f,11,8,8 0 0 0 0 0 0 0,1793448625
212,18,23227995,1790613500,0xbcd76fa66f9edc46065f4f27fd634ca15a0b1c72,12:0,500,0x7c000000000000000000000000003b,13,8,8 0 0 0 0 0 0 0,1793417856
212,19,23228021,1790613513,0xbcd76fa66f9edc46065f4f27fd634ca15a0b1c72,13:0,500,0xf8000000000000000000000000000005,13,8,8 0 0 0 0 0 0 0,1793439456
158,21,23228023,1790613514,0x574b60bc1a42becb1de3972751e9238c26c9cccf,16:0,500,0x7c000000000000000000000000000000000000f,14,8,8 0 0 0 0 0 0 0,1793470225
212,20,23228051,1790613529,0xbcd76fa66f9edc46065f4f27fd634ca15a0b1c72,14:0,500,0x1f000000000000000000000000000000030,13,8,8 0 0 0 0 0 0 0,1793461056
156,13,23228077,1790613542,0x574b60bc1a42becb1de3972751e9238c26c9cccf,11:1,2000,0xfe0000000000000000000000001a,6,4,4 0 0 0 0 0 0 0,1793297075
212,21,23228082,1790613544,0xbcd76fa66f9edc46065f4f27fd634ca15a0b1c72,15:0,500,0x3e00000000000000000000000000000000030,16,9,9 0 0 0 0 0 0 0,1793482656
212,22,23228110,1790613559,0xbcd76fa66f9edc46065f4f27fd634ca15a0b1c72,16:0,500,0x7c0000000000000000000000000000000000036,6,4,4 0 0 0 0 0 0 0,1793504256
212,23,23228136,1790613572,0xbcd76fa66f9edc46065f4f27fd634ca15a0b1c72,17:0,500,0xf8000000000000000000000000000000000000007,7,4,4 0 0 0 0 0 0 0,1793525856
212,24,23228160,1790613584,0xbcd76fa66f9edc46065f4f27fd634ca15a0b1c72,18:0,500,0x1f00000000000000000000000000000000000000001d,7,4,4 0 0 0 0 0 0 0,1793547456
156,14,23228165,1790613586,0x574b60bc1a42becb1de3972751e9238c26c9cccf,3:1,2000,0xfe00000030,19,10,10 0 0 0 0 0 0 0,1793318675
212,25,23228185,1790613597,0xbcd76fa66f9edc46065f4f27fd634ca15a0b1c72,19:0,500,0x3e00000000000000000000000000000000000000000003,13,8,8 0 0 0 0 0 0 0,1793569056
159,11,23228245,1790613627,0x574b60bc1a42becb1de3972751e9238c26c9cccf,4:1,2000,0x1fc0000000006,17,10,10 0 0 0 0 0 0 0,1793254253
212,26,23228656,1790613836,0xbcd76fa66f9edc46065f4f27fd634ca15a0b1c72,1:0,500,0xf803f,9,5,5 0 0 0 0 0 0 0,1793590656
212,27,23228702,1790613859,0xbcd76fa66f9edc46065f4f27fd634ca15a0b1c72,19:0,500,0x3e00000000000000000000000000000000000000000021,8,4,4 0 0 0 0 0 0 0,1793612256
33,4,23229553,1790614291,0xbd5764383846bbd5aabc92ab9c9c2f9bbfa15a55,7:0,500,0x3e0000000000000000a,8,4,4 0 0 0 0 0 0 0,1793090274
54,4,23229579,1790614304,0xbd5764383846bbd5aabc92ab9c9c2f9bbfa15a55,15:0,500,0x3e00000000000000000000000000000000004,6,4,4 0 0 0 0 0 0 0,1793092646
56,4,23229603,1790614316,0xbd5764383846bbd5aabc92ab9c9c2f9bbfa15a55,17:0,500,0xf8000000000000000000000000000000000000001,7,4,4 0 0 0 0 0 0 0,1793092738
64,4,23229703,1790614367,0x7a293aa02ef51e4e25394ffeeb5989ad4674cdd5,4:0,500,0x7c000000003c,8,5,5 0 0 0 0 0 0 0,1793093233
64,5,23230053,1790614544,0x7a293aa02ef51e4e25394ffeeb5989ad4674cdd5,4:0,500,0x7c0000000035,17,10,10 0 0 0 0 0 0 0,1793114833
66,4,23230115,1790614576,0x7a293aa02ef51e4e25394ffeeb5989ad4674cdd5,15:0,500,0x3e00000000000000000000000000000000004,6,4,4 0 0 0 0 0 0 0,1793093278
67,4,23230160,1790614599,0x7a293aa02ef51e4e25394ffeeb5989ad4674cdd5,17:0,500,0xf8000000000000000000000000000000000000001,7,4,4 0 0 0 0 0 0 0,1793093330
322,26,23230277,1790614658,0x2122e553875fe2d0e24eb0eb220ea7da258ddd5d,1:0,500,0xf803f,29,15,15 0 0 0 0 0 0 0,1793629332
322,27,23230325,1790614682,0x2122e553875fe2d0e24eb0eb220ea7da258ddd5d,2:0,500,0x1f000034,16,10,10 0 0 0 0 0 0 0,1793650932
322,28,23230365,1790614703,0x2122e553875fe2d0e24eb0eb220ea7da258ddd5d,3:0,500,0x3e00000032,19,10,10 0 0 0 0 0 0 0,1793672532
322,29,23230429,1790614735,0x2122e553875fe2d0e24eb0eb220ea7da258ddd5d,4:0,500,0x7c0000000002,8,5,5 0 0 0 0 0 0 0,1793694132
322,30,23230472,1790614757,0x2122e553875fe2d0e24eb0eb220ea7da258ddd5d,5:0,500,0xf8000000000017,6,4,4 0 0 0 0 0 0 0,1793715732
322,31,23230513,1790614778,0x2122e553875fe2d0e24eb0eb220ea7da258ddd5d,6:0,500,0x1f000000000000032,12,8,8 0 0 0 0 0 0 0,1793737332
71,4,23230578,1790614811,0xd13699e25eb3550ec997be63686ca837e4d956ba,7:0,500,0x3e0000000000000000a,8,4,4 0 0 0 0 0 0 0,1793093592
322,32,23230589,1790614816,0x2122e553875fe2d0e24eb0eb220ea7da258ddd5d,7:0,500,0x3e00000000000000034,26,13,13 0 0 0 0 0 0 0,1793758932
72,4,23230610,1790614827,0xd13699e25eb3550ec997be63686ca837e4d956ba,15:0,500,0x3e00000000000000000000000000000000004,10,8,8 0 0 0 0 0 0 0,1793093629
322,33,23230631,1790614838,0x2122e553875fe2d0e24eb0eb220ea7da258ddd5d,8:0,500,0x7c000000000000000002f,16,8,8 0 0 0 0 0 0 0,1793780532
73,4,23230642,1790614843,0xd13699e25eb3550ec997be63686ca837e4d956ba,19:0,500,0x3e00000000000000000000000000000000000000000008,13,8,8 0 0 0 0 0 0 0,1793093661
322,34,23230669,1790614857,0x2122e553875fe2d0e24eb0eb220ea7da258ddd5d,9:0,500,0xf8000000000000000000034,5,4,4 0 0 0 0 0 0 0,1793802132
322,35,23230717,1790614881,0x2122e553875fe2d0e24eb0eb220ea7da258ddd5d,10:0,500,0x1f000000000000000000000006,8,8,8 0 0 0 0 0 0 0,1793823732
322,36,23230759,1790614903,0x2122e553875fe2d0e24eb0eb220ea7da258ddd5d,11:0,500,0x3e00000000000000000000000021,14,8,8 0 0 0 0 0 0 0,1793845332
322,37,23230797,1790614922,0x2122e553875fe2d0e24eb0eb220ea7da258ddd5d,12:0,500,0x7c000000000000000000000000002f,13,8,8 0 0 0 0 0 0 0,1793866932
322,38,23230842,1790614945,0x2122e553875fe2d0e24eb0eb220ea7da258ddd5d,13:0,500,0xf8000000000000000000000000000003,13,8,8 0 0 0 0 0 0 0,1793888532
85,4,23230912,1790614980,0xc9d6c183b4acafbdaf8c398adee039f17c86321d,7:0,500,0x3e0000000000000000a,8,4,4 0 0 0 0 0 0 0,1793094507
87,4,23230944,1790614996,0xc9d6c183b4acafbdaf8c398adee039f17c86321d,15:0,500,0x3e00000000000000000000000000000000004,6,4,4 0 0 0 0 0 0 0,1793094536
322,39,23230964,1790615007,0x2122e553875fe2d0e24eb0eb220ea7da258ddd5d,19:0,500,0x3e0000000000000000000000000000000000000000001a,8,4,4 0 0 0 0 0 0 0,1793910132
89,4,23230967,1790615008,0xc9d6c183b4acafbdaf8c398adee039f17c86321d,17:0,500,0xf8000000000000000000000000000000000000001,7,4,4 0 0 0 0 0 0 0,1793094567
322,40,23231060,1790615056,0x2122e553875fe2d0e24eb0eb220ea7da258ddd5d,16:0,500,0x7c000000000000000000000000000000000001b,16,9,9 0 0 0 0 0 0 0,1793931732
322,41,23231096,1790615074,0x2122e553875fe2d0e24eb0eb220ea7da258ddd5d,17:0,500,0xf800000000000000000000000000000000000003f,10,8,8 0 0 0 0 0 0 0,1793953332
322,42,23231129,1790615090,0x2122e553875fe2d0e24eb0eb220ea7da258ddd5d,18:0,500,0x1f000000000000000000000000000000000000000022,12,8,8 0 0 0 0 0 0 0,1793974932
322,43,23231162,1790615107,0x2122e553875fe2d0e24eb0eb220ea7da258ddd5d,12:0,500,0x7c0000000000000000000000000000,5,4,4 0 0 0 0 0 0 0,1793996532
322,44,23231196,1790615125,0x2122e553875fe2d0e24eb0eb220ea7da258ddd5d,13:0,500,0xf8000000000000000000000000000002,8,4,4 0 0 0 0 0 0 0,1794018132
322,45,23231240,1790615147,0x2122e553875fe2d0e24eb0eb220ea7da258ddd5d,14:0,500,0x1f000000000000000000000000000000022,7,4,4 0 0 0 0 0 0 0,1794039732
322,46,23231289,1790615171,0x2122e553875fe2d0e24eb0eb220ea7da258ddd5d,15:0,500,0x3e0000000000000000000000000000000000a,10,8,8 0 0 0 0 0 0 0,1794061332
91,4,23231296,1790615175,0xafd6e6a4c331a0112ed9fbc306fba05b44d87020,3:0,500,0x3e00000002,10,5,5 0 0 0 0 0 0 0,1793094738
96,4,23231332,1790615194,0xafd6e6a4c331a0112ed9fbc306fba05b44d87020,19:0,500,0x3e00000000000000000000000000000000000000000008,8,4,4 0 0 0 0 0 0 0,1793094946
322,47,23231361,1790615208,0x2122e553875fe2d0e24eb0eb220ea7da258ddd5d,9:0,500,0xf8000000000000000000007,12,8,8 0 0 0 0 0 0 0,1794082932
93,6,23231382,1790615219,0xafd6e6a4c331a0112ed9fbc306fba05b44d87020,12:0,500,0x7c000000000000000000000000000b,5,4,4 0 0 0 0 0 0 0,1793137979
322,48,23231397,1790615226,0x2122e553875fe2d0e24eb0eb220ea7da258ddd5d,10:0,500,0x1f00000000000000000000001d,5,4,4 0 0 0 0 0 0 0,1794104532
322,49,23231454,1790615255,0x2122e553875fe2d0e24eb0eb220ea7da258ddd5d,11:0,500,0x3e00000000000000000000000027,6,4,4 0 0 0 0 0 0 0,1794126132
322,50,23231538,1790615298,0x2122e553875fe2d0e24eb0eb220ea7da258ddd5d,1:0,500,0xf8037,19,10,10 0 0 0 0 0 0 0,1794147732
99,5,23231576,1790615317,0xcbc381d3f2139da5159cd9863d7e1d0111ccdd19,7:1,2000,0xfe00000000000000005,8,4,4 0 0 0 0 0 0 0,1793116615
322,51,23231576,1790615317,0x2122e553875fe2d0e24eb0eb220ea7da258ddd5d,10:0,500,0x1f000000000000000000000038,8,8,8 0 0 0 0 0 0 0,1794169332
322,52,23231612,1790615335,0x2122e553875fe2d0e24eb0eb220ea7da258ddd5d,7:0,500,0x3e00000000000000034,8,4,4 0 0 0 0 0 0 0,1794190932
100,6,23231623,1790615341,0xcbc381d3f2139da5159cd9863d7e1d0111ccdd19,13:0,500,0xf8000000000000000000000000000007,13,8,8 0 0 0 0 0 0 0,1793138262
322,53,23231654,1790615357,0x2122e553875fe2d0e24eb0eb220ea7da258ddd5d,4:0,500,0x7c000000000a,17,10,10 0 0 0 0 0 0 0,1794212532
101,5,23231656,1790615358,0xcbc381d3f2139da5159cd9863d7e1d0111ccdd19,16:0,500,0x7c000000000000000000000000000000000002c,6,4,4 0 0 0 0 0 0 0,1793116743
322,54,23231693,1790615377,0x2122e553875fe2d0e24eb0eb220ea7da258ddd5d,11:0,500,0x3e0000000000000000000000002e,14,8,8 0 0 0 0 0 0 0,1794234132
322,55,23231724,1790615392,0x2122e553875fe2d0e24eb0eb220ea7da258ddd5d,11:0,500,0x3e0000000000000000000000000a,6,4,4 0 0 0 0 0 0 0,1794255732
322,56,23231757,1790615409,0x2122e553875fe2d0e24eb0eb220ea7da258ddd5d,4:0,500,0x7c0000000018,8,5,5 0 0 0 0 0 0 0,1794277332
208,5,23231757,1790615409,0x019d9319cbefec30f672fe0f79acd709958ab271,19:0,500,0x3e0000000000000000000000000000000000000000002e,8,4,4 0 0 0 0 0 0 0,1793135275
322,57,23231795,1790615428,0x2122e553875fe2d0e24eb0eb220ea7da258ddd5d,11:0,500,0x3e00000000000000000000000039,24,13,13 0 0 0 0 0 0 0,1794298932
322,58,23231835,1790615449,0x2122e553875fe2d0e24eb0eb220ea7da258ddd5d,11:0,500,0x3e00000000000000000000000018,6,4,4 0 0 0 0 0 0 0,1794320532
102,4,23231865,1790615464,0x42a08b2a271f7305d0f6ef5e6c37f7ebb3d05c39,12:0,500,0x7c000000000000000000000000001e,5,4,4 0 0 0 0 0 0 0,1793095329
322,59,23231876,1790615470,0x2122e553875fe2d0e24eb0eb220ea7da258ddd5d,14:0,500,0x1f000000000000000000000000000000037,13,8,8 0 0 0 0 0 0 0,1794342132
103,4,23231899,1790615481,0x42a08b2a271f7305d0f6ef5e6c37f7ebb3d05c39,13:0,500,0xf800000000000000000000000000002b,8,4,4 0 0 0 0 0 0 0,1793095366
105,4,23231921,1790615492,0x42a08b2a271f7305d0f6ef5e6c37f7ebb3d05c39,11:0,500,0x3e00000000000000000000000001,6,4,4 0 0 0 0 0 0 0,1793095408
322,60,23232050,1790615558,0x2122e553875fe2d0e24eb0eb220ea7da258ddd5d,19:0,500,0x3e0000000000000000000000000000000000000000002e,13,8,8 0 0 0 0 0 0 0,1794363732
322,61,23232087,1790615576,0x2122e553875fe2d0e24eb0eb220ea7da258ddd5d,19:0,500,0x3e0000000000000000000000000000000000000000002f,8,4,4 0 0 0 0 0 0 0,1794385332
106,4,23232114,1790615590,0x661d1d56530e9a07bb5d6058f32d431fecc9a7fa,4:0,500,0x7c000000003c,8,5,5 0 0 0 0 0 0 0,1793095541
322,62,23232116,1790615591,0x2122e553875fe2d0e24eb0eb220ea7da258ddd5d,19:0,500,0x3e00000000000000000000000000000000000000000038,23,13,13 0 0 0 0 0 0 0,1794406932
107,4,23232141,1790615604,0x661d1d56530e9a07bb5d6058f32d431fecc9a7fa,15:0,500,0x3e00000000000000000000000000000000004,6,4,4 0 0 0 0 0 0 0,1793095576
322,63,23232143,1790615605,0x2122e553875fe2d0e24eb0eb220ea7da258ddd5d,19:0,500,0x3e0000000000000000000000000000000000000000001a,8,4,4 0 0 0 0 0 0 0,1794428532
108,4,23232170,1790615619,0x661d1d56530e9a07bb5d6058f32d431fecc9a7fa,8:0,500,0x7c000000000000000001b,8,4,4 0 0 0 0 0 0 0,1793095611
322,64,23232178,1790615623,0x2122e553875fe2d0e24eb0eb220ea7da258ddd5d,19:0,500,0x3e0000000000000000000000000000000000000000001c,13,8,8 0 0 0 0 0 0 0,1794450132
322,65,23232213,1790615640,0x2122e553875fe2d0e24eb0eb220ea7da258ddd5d,19:0,500,0x3e00000000000000000000000000000000000000000023,16,8,8 0 0 0 0 0 0 0,1794471732
322,66,23232393,1790615732,0x2122e553875fe2d0e24eb0eb220ea7da258ddd5d,19:0,500,0x3e0000000000000000000000000000000000000000002e,13,8,8 0 0 0 0 0 0 0,1794493332
322,67,23232428,1790615749,0x2122e553875fe2d0e24eb0eb220ea7da258ddd5d,19:0,500,0x3e00000000000000000000000000000000000000000021,8,4,4 0 0 0 0 0 0 0,1794514932
322,68,23232468,1790615770,0x2122e553875fe2d0e24eb0eb220ea7da258ddd5d,19:0,500,0x3e00000000000000000000000000000000000000000024,13,8,8 0 0 0 0 0 0 0,1794536532
322,69,23232509,1790615791,0x2122e553875fe2d0e24eb0eb220ea7da258ddd5d,19:0,500,0x3e00000000000000000000000000000000000000000022,18,9,9 0 0 0 0 0 0 0,1794558132
322,70,23232536,1790615804,0x2122e553875fe2d0e24eb0eb220ea7da258ddd5d,19:0,500,0x3e00000000000000000000000000000000000000000012,13,8,8 0 0 0 0 0 0 0,1794579732
322,71,23232565,1790615819,0x2122e553875fe2d0e24eb0eb220ea7da258ddd5d,19:0,500,0x3e0000000000000000000000000000000000000000003d,8,4,4 0 0 0 0 0 0 0,1794601332
322,72,23232604,1790615839,0x2122e553875fe2d0e24eb0eb220ea7da258ddd5d,19:0,500,0x3e0000000000000000000000000000000000000000003c,21,12,12 0 0 0 0 0 0 0,1794622932
322,73,23232647,1790615861,0x2122e553875fe2d0e24eb0eb220ea7da258ddd5d,19:0,500,0x3e0000000000000000000000000000000000000000002e,8,4,4 0 0 0 0 0 0 0,1794644532
322,74,23232709,1790615892,0x2122e553875fe2d0e24eb0eb220ea7da258ddd5d,19:0,500,0x3e0000000000000000000000000000000000000000002c,23,13,13 0 0 0 0 0 0 0,1794666132
322,75,23232746,1790615911,0x2122e553875fe2d0e24eb0eb220ea7da258ddd5d,19:0,500,0x3e0000000000000000000000000000000000000000003d,8,4,4 0 0 0 0 0 0 0,1794687732
109,4,23232962,1790616020,0xb7c3e773bf48d10039faf6be963ab96853819742,4:0,500,0x7c000000003c,8,5,5 0 0 0 0 0 0 0,1793095677
110,4,23232987,1790616033,0xb7c3e773bf48d10039faf6be963ab96853819742,6:0,500,0x1f000000000000012,5,4,4 0 0 0 0 0 0 0,1793095705
111,5,23233014,1790616047,0xb7c3e773bf48d10039faf6be963ab96853819742,15:0,500,0x3e00000000000000000000000000000000027,6,4,4 0 0 0 0 0 0 0,1793117332
112,4,23233174,1790616128,0xd9a63b1c97f1b186ea7e6fe60a985694e6bd5a74,1:0,500,0xf8037,19,10,10 0 0 0 0 0 0 0,1793095964
113,4,23233212,1790616147,0xd9a63b1c97f1b186ea7e6fe60a985694e6bd5a74,8:0,500,0x7c000000000000000001b,8,4,4 0 0 0 0 0 0 0,1793095991
114,4,23233238,1790616160,0xd9a63b1c97f1b186ea7e6fe60a985694e6bd5a74,17:0,500,0xf8000000000000000000000000000000000000001,10,8,8 0 0 0 0 0 0 0,1793096028
44,46,23233421,1790616253,0xf04ecec3cac1ad5e55e03cb5842b07be2c2249c9,1:2,4000,0x7f801e,29,15,15 0 0 0 0 0 0 0,1793998788
44,47,23233493,1790616289,0xf04ecec3cac1ad5e55e03cb5842b07be2c2249c9,19:0,500,0x3e00000000000000000000000000000000000000000002,8,4,4 0 0 0 0 0 0 0,1794020388
44,48,23233524,1790616305,0xf04ecec3cac1ad5e55e03cb5842b07be2c2249c9,16:0,500,0x7c0000000000000000000000000000000000020,14,8,8 0 0 0 0 0 0 0,1794041988
44,49,23233565,1790616326,0xf04ecec3cac1ad5e55e03cb5842b07be2c2249c9,17:0,500,0xf800000000000000000000000000000000000002b,10,8,8 0 0 0 0 0 0 0,1794063588
44,50,23233600,1790616344,0xf04ecec3cac1ad5e55e03cb5842b07be2c2249c9,18:0,500,0x1f00000000000000000000000000000000000000001d,12,8,8 0 0 0 0 0 0 0,1794085188
44,51,23233740,1790616415,0xf04ecec3cac1ad5e55e03cb5842b07be2c2249c9,12:0,500,0x7c0000000000000000000000000027,23,13,13 0 0 0 0 0 0 0,1794106788
44,52,23233781,1790616436,0xf04ecec3cac1ad5e55e03cb5842b07be2c2249c9,12:0,500,0x7c0000000000000000000000000001,5,4,4 0 0 0 0 0 0 0,1794128388
44,53,23233869,1790616480,0xf04ecec3cac1ad5e55e03cb5842b07be2c2249c9,19:0,500,0x3e0000000000000000000000000000000000000000003b,13,8,8 0 0 0 0 0 0 0,1794149988
44,54,23233904,1790616498,0xf04ecec3cac1ad5e55e03cb5842b07be2c2249c9,12:0,500,0x7c0000000000000000000000000023,13,8,8 0 0 0 0 0 0 0,1794171588
112,5,23233906,1790616499,0xd9a63b1c97f1b186ea7e6fe60a985694e6bd5a74,19:0,500,0x3e0000000000000000000000000000000000000000002e,8,4,4 0 0 0 0 0 0 0,1793117564
44,55,23233944,1790616518,0xf04ecec3cac1ad5e55e03cb5842b07be2c2249c9,13:0,500,0xf800000000000000000000000000002d,13,8,8 0 0 0 0 0 0 0,1794193188
112,6,23233954,1790616523,0xd9a63b1c97f1b186ea7e6fe60a985694e6bd5a74,18:0,500,0x1f000000000000000000000000000000000000000031,17,9,9 0 0 0 0 0 0 0,1793139164
112,7,23234043,1790616568,0xd9a63b1c97f1b186ea7e6fe60a985694e6bd5a74,2:0,500,0x1f00001c,8,5,5 0 0 0 0 0 0 0,1793160764
44,56,23234153,1790616624,0xf04ecec3cac1ad5e55e03cb5842b07be2c2249c9,19:0,500,0x3e00000000000000000000000000000000000000000015,8,4,4 0 0 0 0 0 0 0,1794214788
44,57,23234182,1790616639,0xf04ecec3cac1ad5e55e03cb5842b07be2c2249c9,13:0,500,0xf800000000000000000000000000000e,8,4,4 0 0 0 0 0 0 0,1794236388
44,58,23234216,1790616656,0xf04ecec3cac1ad5e55e03cb5842b07be2c2249c9,14:0,500,0x1f00000000000000000000000000000003b,17,9,9 0 0 0 0 0 0 0,1794257988
44,59,23234252,1790616674,0xf04ecec3cac1ad5e55e03cb5842b07be2c2249c9,15:0,500,0x3e00000000000000000000000000000000006,10,8,8 0 0 0 0 0 0 0,1794279588
142,6,23234333,1790616715,0x22fdae531a69647a0ade9154093ac83769f9dc49,10:0,500,0x1f00000000000000000000003d,8,8,8 0 0 0 0 0 0 0,1793143209
44,60,23234338,1790616718,0xf04ecec3cac1ad5e55e03cb5842b07be2c2249c9,19:0,500,0x3e0000000000000000000000000000000000000000002e,13,8,8 0 0 0 0 0 0 0,1794301188
44,61,23234373,1790616736,0xf04ecec3cac1ad5e55e03cb5842b07be2c2249c9,19:0,500,0x3e0000000000000000000000000000000000000000002f,8,4,4 0 0 0 0 0 0 0,1794322788
44,62,23234403,1790616751,0xf04ecec3cac1ad5e55e03cb5842b07be2c2249c9,19:0,500,0x3e00000000000000000000000000000000000000000038,13,8,8 0 0 0 0 0 0 0,1794344388
44,63,23234441,1790616770,0xf04ecec3cac1ad5e55e03cb5842b07be2c2249c9,19:0,500,0x3e0000000000000000000000000000000000000000001a,16,8,8 0 0 0 0 0 0 0,1794365988
44,64,23234472,1790616786,0xf04ecec3cac1ad5e55e03cb5842b07be2c2249c9,19:0,500,0x3e0000000000000000000000000000000000000000001c,13,8,8 0 0 0 0 0 0 0,1794387588
44,65,23234510,1790616805,0xf04ecec3cac1ad5e55e03cb5842b07be2c2249c9,16:0,500,0x7c0000000000000000000000000000000000017,16,9,9 0 0 0 0 0 0 0,1794409188
214,4,23234578,1790616840,0x0824026863b82d18cc258f1299d96c17bbde6d86,3:2,4000,0x1fe00000012,19,10,10 0 0 0 0 0 0 0,1793115915
118,4,23234675,1790616889,0xec56dc68b5091297a987c4b93195e6561629d501,6:0,500,0x1f000000000000012,5,4,4 0 0 0 0 0 0 0,1793097138
119,4,23234699,1790616901,0xec56dc68b5091297a987c4b93195e6561629d501,15:0,500,0x3e00000000000000000000000000000000004,6,4,4 0 0 0 0 0 0 0,1793097237
120,5,23234721,1790616912,0xec56dc68b5091297a987c4b93195e6561629d501,19:0,500,0x3e0000000000000000000000000000000000000000002e,8,4,4 0 0 0 0 0 0 0,1793118857
215,4,23235051,1790617080,0x0824026863b82d18cc258f1299d96c17bbde6d86,2:2,4000,0xff00001f,18,10,10 0 0 0 0 0 0 0,1793115993
124,4,23235390,1790617252,0x682e5537cce3e03a3020d896498786bb81c4a5e7,1:0,500,0xf8037,19,10,10 0 0 0 0 0 0 0,1793097894
125,4,23235416,1790617265,0x682e5537cce3e03a3020d896498786bb81c4a5e7,17:0,500,0xf8000000000000000000000000000000000000001,7,4,4 0 0 0 0 0 0 0,1793097920
126,4,23235444,1790617279,0x682e5537cce3e03a3020d896498786bb81c4a5e7,11:0,500,0x3e00000000000000000000000001,6,4,4 0 0 0 0 0 0 0,1793097959
127,4,23235659,1790617388,0xa7c48ec145b032aa0fd76ebdae085bdb42173f19,7:0,500,0x3e0000000000000000a,16,8,8 0 0 0 0 0 0 0,1793098023
128,4,23235697,1790617407,0xa7c48ec145b032aa0fd76ebdae085bdb42173f19,6:0,500,0x1f000000000000012,5,4,4 0 0 0 0 0 0 0,1793098060
129,4,23235720,1790617419,0xa7c48ec145b032aa0fd76ebdae085bdb42173f19,15:0,500,0x3e00000000000000000000000000000000004,6,4,4 0 0 0 0 0 0 0,1793098087
285,11,23236467,1790617798,0x27f48de5e0605da8b2a52ddfd06f6d273b804336,18:0,500,0x1f000000000000000000000000000000000000000034,12,8,8 0 0 0 0 0 0 0,1793293882
285,12,23236601,1790617866,0x27f48de5e0605da8b2a52ddfd06f6d273b804336,17:0,500,0xf8000000000000000000000000000000000000019,7,4,4 0 0 0 0 0 0 0,1793315482
285,13,23236722,1790617927,0x27f48de5e0605da8b2a52ddfd06f6d273b804336,18:0,500,0x1f00000000000000000000000000000000000000000e,7,4,4 0 0 0 0 0 0 0,1793337082
285,14,23237827,1790618488,0x27f48de5e0605da8b2a52ddfd06f6d273b804336,14:0,500,0x1f00000000000000000000000000000000c,13,8,8 0 0 0 0 0 0 0,1793358682
173,3,23245556,1790622409,0x1ffb740eabe3d5fde7052df1e82a1df6fac2633e,1:0,500,0xf801c,9,5,5 0 0 0 0 0 0 0,1793084286
174,3,23245619,1790622441,0x1ffb740eabe3d5fde7052df1e82a1df6fac2633e,14:1,2000,0x7f00000000000000000000000000000003a,7,4,4 0 0 0 0 0 0 0,1793084379
176,4,23245668,1790622466,0x1ffb740eabe3d5fde7052df1e82a1df6fac2633e,19:2,4000,0x1fe0000000000000000000000000000000000000000003a,16,8,8 0 0 0 0 0 0 0,1793106184
178,4,23246222,1790622748,0x3103136150ed5dde8332551f0be87fcb7131a954,4:1,2000,0x1fc000000002f,8,5,5 0 0 0 0 0 0 0,1793106518
179,5,23246246,1790622760,0x3103136150ed5dde8332551f0be87fcb7131a954,13:1,2000,0x3f800000000000000000000000000001f,8,4,4 0 0 0 0 0 0 0,1793128142
180,4,23246265,1790622770,0x3103136150ed5dde8332551f0be87fcb7131a954,15:1,2000,0xfe00000000000000000000000000000000024,6,4,4 0 0 0 0 0 0 0,1793106565
182,7,23246404,1790622840,0x549ae637381f77c13bb0e9308a0d8f56769f4dc4,6:0,500,0x1f00000000000002a,5,4,4 0 0 0 0 0 0 0,1793171505
183,7,23246431,1790622854,0x549ae637381f77c13bb0e9308a0d8f56769f4dc4,6:0,500,0x1f00000000000002a,5,4,4 0 0 0 0 0 0 0,1793171524
184,3,23246459,1790622868,0x549ae637381f77c13bb0e9308a0d8f56769f4dc4,16:0,500,0x7c0000000000000000000000000000000000020,14,8,8 0 0 0 0 0 0 0,1793085139
186,3,23246561,1790622920,0x703ca793c3ce69082c70bea3a8fb71cc5bd05155,17:0,500,0xf800000000000000000000000000000000000000d,7,4,4 0 0 0 0 0 0 0,1793085531
188,3,23246603,1790622941,0x703ca793c3ce69082c70bea3a8fb71cc5bd05155,18:0,500,0x1f000000000000000000000000000000000000000008,7,4,4 0 0 0 0 0 0 0,1793085644
189,3,23246649,1790622965,0x703ca793c3ce69082c70bea3a8fb71cc5bd05155,18:0,500,0x1f000000000000000000000000000000000000000008,7,4,4 0 0 0 0 0 0 0,1793085664
193,3,23246765,1790623023,0xbfdd7a87be2ad35e150fe97ec3e9459cf922296f,13:0,500,0xf8000000000000000000000000000039,8,4,4 0 0 0 0 0 0 0,1793085835
194,3,23246780,1790623031,0xbfdd7a87be2ad35e150fe97ec3e9459cf922296f,6:0,500,0x1f00000000000000c,5,4,4 0 0 0 0 0 0 0,1793085859
195,4,23246787,1790623035,0xbfdd7a87be2ad35e150fe97ec3e9459cf922296f,18:0,500,0x1f000000000000000000000000000000000000000010,7,4,4 0 0 0 0 0 0 0,1793107493
322,76,23251336,1790625344,0x2122e553875fe2d0e24eb0eb220ea7da258ddd5d,19:0,500,0x3e00000000000000000000000000000000000000000011,13,8,8 0 0 0 0 0 0 0,1794709332
322,77,23251373,1790625363,0x2122e553875fe2d0e24eb0eb220ea7da258ddd5d,19:0,500,0x3e00000000000000000000000000000000000000000000,8,4,4 0 0 0 0 0 0 0,1794730932
322,78,23251415,1790625384,0x2122e553875fe2d0e24eb0eb220ea7da258ddd5d,16:0,500,0x7c000000000000000000000000000000000003a,14,8,8 0 0 0 0 0 0 0,1794752532
322,79,23251448,1790625401,0x2122e553875fe2d0e24eb0eb220ea7da258ddd5d,19:0,500,0x3e00000000000000000000000000000000000000000036,13,8,8 0 0 0 0 0 0 0,1794774132
322,80,23251483,1790625419,0x2122e553875fe2d0e24eb0eb220ea7da258ddd5d,19:0,500,0x3e00000000000000000000000000000000000000000017,8,4,4 0 0 0 0 0 0 0,1794795732
322,81,23251511,1790625433,0x2122e553875fe2d0e24eb0eb220ea7da258ddd5d,19:0,500,0x3e00000000000000000000000000000000000000000006,31,17,17 0 0 0 0 0 0 0,1794817332
322,82,23251541,1790625448,0x2122e553875fe2d0e24eb0eb220ea7da258ddd5d,17:0,500,0xf8000000000000000000000000000000000000037,7,4,4 0 0 0 0 0 0 0,1794838932
322,83,23251577,1790625466,0x2122e553875fe2d0e24eb0eb220ea7da258ddd5d,9:0,500,0xf800000000000000000002a,5,4,4 0 0 0 0 0 0 0,1794860532
322,84,23251610,1790625483,0x2122e553875fe2d0e24eb0eb220ea7da258ddd5d,14:0,500,0x1f000000000000000000000000000000021,7,4,4 0 0 0 0 0 0 0,1794882132
322,85,23251647,1790625502,0x2122e553875fe2d0e24eb0eb220ea7da258ddd5d,10:0,500,0x1f00000000000000000000001b,5,4,4 0 0 0 0 0 0 0,1794903732
74,7,23258512,1790628987,0x74107b9b65801d477d5a7980905beecd72b57a29,7:0,500,0x3e00000000000000000,8,4,4 0 0 0 0 0 0 0,1793158529
92,4,23258538,1790629000,0x74107b9b65801d477d5a7980905beecd72b57a29,18:0,500,0x1f000000000000000000000000000000000000000010,7,4,4 0 0 0 0 0 0 0,1793094751
14,8,23261296,1790630401,0x1b1829e31d3f85210ea84c2b62f59faa47687c7e,13:0,500,0xf800000000000000000000000000001b,8,4,4 0 0 0 0 0 0 0,1793173999
14,9,23261361,1790630434,0x1b1829e31d3f85210ea84c2b62f59faa47687c7e,13:0,500,0xf8000000000000000000000000000007,13,8,8 0 0 0 0 0 0 0,1793195599
14,10,23261393,1790630450,0x1b1829e31d3f85210ea84c2b62f59faa47687c7e,14:0,500,0x1f00000000000000000000000000000001a,17,9,9 0 0 0 0 0 0 0,1793217199
300,5,23261444,1790630476,0x1b1829e31d3f85210ea84c2b62f59faa47687c7e,12:0,500,0x7c0000000000000000000000000016,5,4,4 0 0 0 0 0 0 0,1793172525
300,6,23261477,1790630493,0x1b1829e31d3f85210ea84c2b62f59faa47687c7e,13:0,500,0xf8000000000000000000000000000007,8,4,4 0 0 0 0 0 0 0,1793194125
300,7,23261511,1790630510,0x1b1829e31d3f85210ea84c2b62f59faa47687c7e,14:0,500,0x1f000000000000000000000000000000013,7,4,4 0 0 0 0 0 0 0,1793215725
285,15,23263884,1790631715,0x27f48de5e0605da8b2a52ddfd06f6d273b804336,6:0,500,0x1f00000000000001d,5,4,4 0 0 0 0 0 0 0,1793380282
295,7,23273339,1790636518,0xec0408f9fb4c25a98e60b6e5715cd059b1fa172f,5:0,500,0xf800000000003e,16,9,9 0 0 0 0 0 0 0,1793209379
315,6,23273452,1790636575,0xec0408f9fb4c25a98e60b6e5715cd059b1fa172f,16:0,500,0x7c0000000000000000000000000000000000031,24,13,13 0 0 0 0 0 0 0,1793196699
321,6,23273501,1790636600,0xec0408f9fb4c25a98e60b6e5715cd059b1fa172f,14:1,2000,0x7f000000000000000000000000000000013,7,4,4 0 0 0 0 0 0 0,1793197290
27,69,23274283,1790636997,0x81b4bf458a73ea46fadd46ee8236e5f94c4eb8e0,9:0,500,0xf8000000000000000000005,12,8,8 0 0 0 0 0 0 0,1794493950
27,70,23274303,1790637007,0x81b4bf458a73ea46fadd46ee8236e5f94c4eb8e0,5:0,500,0xf8000000000005,6,4,4 0 0 0 0 0 0 0,1794515550
27,71,23274322,1790637017,0x81b4bf458a73ea46fadd46ee8236e5f94c4eb8e0,9:0,500,0xf8000000000000000000024,5,4,4 0 0 0 0 0 0 0,1794537150
27,72,23274335,1790637023,0x81b4bf458a73ea46fadd46ee8236e5f94c4eb8e0,6:0,500,0x1f000000000000025,5,4,4 0 0 0 0 0 0 0,1794558750
27,73,23274356,1790637034,0x81b4bf458a73ea46fadd46ee8236e5f94c4eb8e0,7:0,500,0x3e00000000000000023,8,4,4 0 0 0 0 0 0 0,1794580350
27,74,23274378,1790637045,0x81b4bf458a73ea46fadd46ee8236e5f94c4eb8e0,13:0,500,0xf8000000000000000000000000000031,23,13,13 0 0 0 0 0 0 0,1794601950
27,75,23274392,1790637052,0x81b4bf458a73ea46fadd46ee8236e5f94c4eb8e0,14:0,500,0x1f00000000000000000000000000000000b,7,4,4 0 0 0 0 0 0 0,1794623550
27,76,23274414,1790637064,0x81b4bf458a73ea46fadd46ee8236e5f94c4eb8e0,9:0,500,0xf8000000000000000000004,12,8,8 0 0 0 0 0 0 0,1794645150
216,3,23274430,1790637072,0x08bf056c728966c8d6d3f2acb0ad4be521ed0631,19:1,2000,0xfe0000000000000000000000000000000000000000002e,8,4,4 0 0 0 0 0 0 0,1793094770
27,77,23274434,1790637074,0x81b4bf458a73ea46fadd46ee8236e5f94c4eb8e0,11:0,500,0x3e0000000000000000000000000b,6,4,4 0 0 0 0 0 0 0,1794666750
27,78,23274450,1790637082,0x81b4bf458a73ea46fadd46ee8236e5f94c4eb8e0,3:0,500,0x3e00000022,19,10,10 0 0 0 0 0 0 0,1794688350
27,79,23274462,1790637088,0x81b4bf458a73ea46fadd46ee8236e5f94c4eb8e0,11:0,500,0x3e00000000000000000000000025,14,8,8 0 0 0 0 0 0 0,1794709950
219,4,23274474,1790637094,0x08bf056c728966c8d6d3f2acb0ad4be521ed0631,12:1,2000,0x1fc0000000000000000000000000029,13,8,8 0 0 0 0 0 0 0,1793117112
27,80,23274482,1790637098,0x81b4bf458a73ea46fadd46ee8236e5f94c4eb8e0,19:0,500,0x3e00000000000000000000000000000000000000000017,8,4,4 0 0 0 0 0 0 0,1794731550
27,81,23274502,1790637108,0x81b4bf458a73ea46fadd46ee8236e5f94c4eb8e0,14:0,500,0x1f000000000000000000000000000000031,13,8,8 0 0 0 0 0 0 0,1794753150
296,4,23274504,1790637109,0x08bf056c728966c8d6d3f2acb0ad4be521ed0631,8:1,2000,0x1fc0000000000000000026,8,4,4 0 0 0 0 0 0 0,1793145182
27,82,23274518,1790637116,0x81b4bf458a73ea46fadd46ee8236e5f94c4eb8e0,11:0,500,0x3e00000000000000000000000026,6,4,4 0 0 0 0 0 0 0,1794774750
27,83,23274541,1790637128,0x81b4bf458a73ea46fadd46ee8236e5f94c4eb8e0,8:0,500,0x7c0000000000000000025,26,13,13 0 0 0 0 0 0 0,1794796350
27,84,23274595,1790637155,0x81b4bf458a73ea46fadd46ee8236e5f94c4eb8e0,6:0,500,0x1f000000000000011,12,8,8 0 0 0 0 0 0 0,1794817950
27,85,23274615,1790637166,0x81b4bf458a73ea46fadd46ee8236e5f94c4eb8e0,3:0,500,0x3e00000014,10,5,5 0 0 0 0 0 0 0,1794839550
27,86,23274635,1790637176,0x81b4bf458a73ea46fadd46ee8236e5f94c4eb8e0,3:0,500,0x3e0000000c,19,10,10 0 0 0 0 0 0 0,1794861150
27,87,23274655,1790637186,0x81b4bf458a73ea46fadd46ee8236e5f94c4eb8e0,10:0,500,0x1f00000000000000000000000b,8,8,8 0 0 0 0 0 0 0,1794882750
27,88,23274676,1790637197,0x81b4bf458a73ea46fadd46ee8236e5f94c4eb8e0,14:0,500,0x1f00000000000000000000000000000001a,7,4,4 0 0 0 0 0 0 0,1794904350
27,89,23274691,1790637204,0x81b4bf458a73ea46fadd46ee8236e5f94c4eb8e0,9:0,500,0xf8000000000000000000016,5,4,4 0 0 0 0 0 0 0,1794925950
27,90,23274706,1790637212,0x81b4bf458a73ea46fadd46ee8236e5f94c4eb8e0,6:0,500,0x1f000000000000001,5,4,4 0 0 0 0 0 0 0,1794947550
27,91,23274718,1790637218,0x81b4bf458a73ea46fadd46ee8236e5f94c4eb8e0,10:0,500,0x1f00000000000000000000001c,5,4,4 0 0 0 0 0 0 0,1794969150
27,92,23274737,1790637227,0x81b4bf458a73ea46fadd46ee8236e5f94c4eb8e0,14:0,500,0x1f00000000000000000000000000000000c,13,8,8 0 0 0 0 0 0 0,1794990750
27,93,23274749,1790637233,0x81b4bf458a73ea46fadd46ee8236e5f94c4eb8e0,5:0,500,0xf800000000003e,14,9,9 0 0 0 0 0 0 0,1795012350
27,94,23274770,1790637244,0x81b4bf458a73ea46fadd46ee8236e5f94c4eb8e0,9:0,500,0xf8000000000000000000004,12,8,8 0 0 0 0 0 0 0,1795033950
27,95,23274791,1790637255,0x81b4bf458a73ea46fadd46ee8236e5f94c4eb8e0,10:0,500,0x1f000000000000000000000014,18,13,13 0 0 0 0 0 0 0,1795055550
27,96,23274803,1790637261,0x81b4bf458a73ea46fadd46ee8236e5f94c4eb8e0,10:0,500,0x1f000000000000000000000015,5,4,4 0 0 0 0 0 0 0,1795077150
27,97,23274818,1790637269,0x81b4bf458a73ea46fadd46ee8236e5f94c4eb8e0,7:0,500,0x3e00000000000000033,16,8,8 0 0 0 0 0 0 0,1795098750
27,98,23274886,1790637303,0x81b4bf458a73ea46fadd46ee8236e5f94c4eb8e0,6:0,500,0x1f000000000000032,12,8,8 0 0 0 0 0 0 0,1795120350
27,99,23274898,1790637309,0x81b4bf458a73ea46fadd46ee8236e5f94c4eb8e0,10:0,500,0x1f000000000000000000000002,16,12,12 0 0 0 0 0 0 0,1795141950
27,100,23274919,1790637320,0x81b4bf458a73ea46fadd46ee8236e5f94c4eb8e0,9:0,500,0xf8000000000000000000020,5,4,4 0 0 0 0 0 0 0,1795163550
27,101,23274931,1790637326,0x81b4bf458a73ea46fadd46ee8236e5f94c4eb8e0,7:0,500,0x3e00000000000000026,8,4,4 0 0 0 0 0 0 0,1795185150
27,102,23274951,1790637336,0x81b4bf458a73ea46fadd46ee8236e5f94c4eb8e0,9:0,500,0xf800000000000000000000a,12,8,8 0 0 0 0 0 0 0,1795206750
27,103,23274971,1790637346,0x81b4bf458a73ea46fadd46ee8236e5f94c4eb8e0,5:0,500,0xf800000000002e,16,9,9 0 0 0 0 0 0 0,1795228350
27,104,23274989,1790637355,0x81b4bf458a73ea46fadd46ee8236e5f94c4eb8e0,11:0,500,0x3e0000000000000000000000001b,14,8,8 0 0 0 0 0 0 0,1795249950
27,105,23275002,1790637362,0x81b4bf458a73ea46fadd46ee8236e5f94c4eb8e0,5:0,500,0xf8000000000003,14,9,9 0 0 0 0 0 0 0,1795271550
27,106,23275026,1790637374,0x81b4bf458a73ea46fadd46ee8236e5f94c4eb8e0,11:0,500,0x3e00000000000000000000000020,6,4,4 0 0 0 0 0 0 0,1795293150
27,107,23275039,1790637381,0x81b4bf458a73ea46fadd46ee8236e5f94c4eb8e0,10:0,500,0x1f000000000000000000000026,5,4,4 0 0 0 0 0 0 0,1795314750
27,108,23275052,1790637387,0x81b4bf458a73ea46fadd46ee8236e5f94c4eb8e0,11:0,500,0x3e0000000000000000000000003c,14,8,8 0 0 0 0 0 0 0,1795336350
27,109,23275066,1790637394,0x81b4bf458a73ea46fadd46ee8236e5f94c4eb8e0,9:0,500,0xf8000000000000000000036,15,9,9 0 0 0 0 0 0 0,1795357950
27,110,23275086,1790637404,0x81b4bf458a73ea46fadd46ee8236e5f94c4eb8e0,10:0,500,0x1f000000000000000000000014,8,8,8 0 0 0 0 0 0 0,1795379550
27,111,23275106,1790637415,0x81b4bf458a73ea46fadd46ee8236e5f94c4eb8e0,10:0,500,0x1f000000000000000000000039,5,4,4 0 0 0 0 0 0 0,1795401150
30,14,23275151,1790637437,0xb39e79d3540fc34f516af70574b94d4ef8f885d2,10:0,500,0x1f000000000000000000000017,8,8,8 0 0 0 0 0 0 0,1793306114
30,15,23275180,1790637452,0xb39e79d3540fc34f516af70574b94d4ef8f885d2,11:0,500,0x3e00000000000000000000000032,16,9,9 0 0 0 0 0 0 0,1793327714
27,112,23275200,1790637462,0x81b4bf458a73ea46fadd46ee8236e5f94c4eb8e0,10:0,500,0x1f000000000000000000000001,8,8,8 0 0 0 0 0 0 0,1795422750
30,16,23275212,1790637468,0xb39e79d3540fc34f516af70574b94d4ef8f885d2,12:0,500,0x7c0000000000000000000000000004,13,8,8 0 0 0 0 0 0 0,1793349314
27,113,23275219,1790637472,0x81b4bf458a73ea46fadd46ee8236e5f94c4eb8e0,7:0,500,0x3e0000000000000001f,16,8,8 0 0 0 0 0 0 0,1795444350
27,114,23275238,1790637481,0x81b4bf458a73ea46fadd46ee8236e5f94c4eb8e0,12:0,500,0x7c0000000000000000000000000001,13,8,8 0 0 0 0 0 0 0,1795465950
27,115,23275257,1790637491,0x81b4bf458a73ea46fadd46ee8236e5f94c4eb8e0,11:0,500,0x3e0000000000000000000000000b,6,4,4 0 0 0 0 0 0 0,1795487550
27,116,23275277,1790637502,0x81b4bf458a73ea46fadd46ee8236e5f94c4eb8e0,9:0,500,0xf8000000000000000000015,12,8,8 0 0 0 0 0 0 0,1795509150
27,117,23275291,1790637508,0x81b4bf458a73ea46fadd46ee8236e5f94c4eb8e0,11:0,500,0x3e00000000000000000000000013,14,8,8 0 0 0 0 0 0 0,1795530750
27,118,23275319,1790637523,0x81b4bf458a73ea46fadd46ee8236e5f94c4eb8e0,2:0,500,0x1f000038,16,10,10 0 0 0 0 0 0 0,1795552350
284,12,23275798,1790637766,0x26542d0bc93a63c141a21956337f18773b237882,1:1,2000,0x3f8037,19,10,10 0 0 0 0 0 0 0,1793309122
116,13,23275953,1790637844,0xb39e79d3540fc34f516af70574b94d4ef8f885d2,17:0,500,0xf800000000000000000000000000000000000000b,17,9,9 0 0 0 0 0 0 0,1793291251
116,14,23275974,1790637855,0xb39e79d3540fc34f516af70574b94d4ef8f885d2,18:0,500,0x1f000000000000000000000000000000000000000026,7,4,4 0 0 0 0 0 0 0,1793312851
116,15,23276000,1790637868,0xb39e79d3540fc34f516af70574b94d4ef8f885d2,19:0,500,0x3e0000000000000000000000000000000000000000001e,13,8,8 0 0 0 0 0 0 0,1793334451
197,10,23276039,1790637888,0xb39e79d3540fc34f516af70574b94d4ef8f885d2,2:0,500,0x1f000002,16,10,10 0 0 0 0 0 0 0,1793240487
197,11,23276085,1790637911,0xb39e79d3540fc34f516af70574b94d4ef8f885d2,3:0,500,0x3e0000002f,10,5,5 0 0 0 0 0 0 0,1793262087
30,17,23276262,1790638001,0xb39e79d3540fc34f516af70574b94d4ef8f885d2,12:0,500,0x7c0000000000000000000000000003,5,4,4 0 0 0 0 0 0 0,1793370914
30,18,23276284,1790638012,0xb39e79d3540fc34f516af70574b94d4ef8f885d2,13:0,500,0xf8000000000000000000000000000038,13,8,8 0 0 0 0 0 0 0,1793392514
30,19,23276310,1790638025,0xb39e79d3540fc34f516af70574b94d4ef8f885d2,14:0,500,0x1f000000000000000000000000000000031,7,4,4 0 0 0 0 0 0 0,1793414114
30,20,23276334,1790638038,0xb39e79d3540fc34f516af70574b94d4ef8f885d2,15:0,500,0x3e00000000000000000000000000000000035,6,4,4 0 0 0 0 0 0 0,1793435714
28,4,23276614,1790638180,0xa9a3dbee74753ccd9b40521d1f92f9cf2f49b9dd,16:0,500,0x7c0000000000000000000000000000000000007,6,4,4 0 0 0 0 0 0 0,1793090010
115,6,23284457,1790642159,0x46f440d3d4e6466034b2a5034fc501ac0a31bf29,10:1,2000,0x7f00000000000000000000000c,8,8,8 0 0 0 0 0 0 0,1793139976
285,16,23288114,1790644015,0x27f48de5e0605da8b2a52ddfd06f6d273b804336,5:0,500,0xf8000000000032,6,4,4 0 0 0 0 0 0 0,1793401882
44,66,23290207,1790645078,0xf04ecec3cac1ad5e55e03cb5842b07be2c2249c9,19:0,500,0x3e0000000000000000000000000000000000000000002e,8,4,4 0 0 0 0 0 0 0,1794430788
305,12,23294322,1790647166,0xa754afb7549fce6e666bfcd6d4a4064c7d732d0e,1:1,2000,0x3f8037,29,15,15 0 0 0 0 0 0 0,1793324973
305,13,23294347,1790647178,0xa754afb7549fce6e666bfcd6d4a4064c7d732d0e,2:1,2000,0x7f000030,26,15,15 0 0 0 0 0 0 0,1793346573
305,14,23294371,1790647191,0xa754afb7549fce6e666bfcd6d4a4064c7d732d0e,3:1,2000,0xfe00000030,28,15,15 0 0 0 0 0 0 0,1793368173
305,15,23294393,1790647202,0xa754afb7549fce6e666bfcd6d4a4064c7d732d0e,4:1,2000,0x1fc0000000003,17,10,10 0 0 0 0 0 0 0,1793389773
306,8,23294472,1790647242,0xa754afb7549fce6e666bfcd6d4a4064c7d732d0e,5:1,2000,0x3f8000000000010,14,9,9 0 0 0 0 0 0 0,1793238899
320,8,23294496,1790647254,0xa754afb7549fce6e666bfcd6d4a4064c7d732d0e,5:1,2000,0x3f8000000000010,6,4,4 0 0 0 0 0 0 0,1793240456
130,4,23295500,1790647763,0x2f1e4cf291e6dbd9236679ecdd1de9c324fcb879,5:0,500,0xf8000000000006,6,4,4 0 0 0 0 0 0 0,1793098279
131,4,23295524,1790647776,0x2f1e4cf291e6dbd9236679ecdd1de9c324fcb879,11:0,500,0x3e00000000000000000000000001,6,4,4 0 0 0 0 0 0 0,1793098337
132,4,23295549,1790647788,0x2f1e4cf291e6dbd9236679ecdd1de9c324fcb879,17:0,500,0xf8000000000000000000000000000000000000001,7,4,4 0 0 0 0 0 0 0,1793098372
190,4,23296034,1790648035,0x024bd508a0752afb7e927b7defe681b51dd42377,1:0,500,0xf8037,19,10,10 0 0 0 0 0 0 0,1793107303
191,4,23296075,1790648055,0x024bd508a0752afb7e927b7defe681b51dd42377,16:0,500,0x7c0000000000000000000000000000000000007,6,4,4 0 0 0 0 0 0 0,1793107371
192,4,23296112,1790648074,0x024bd508a0752afb7e927b7defe681b51dd42377,18:0,500,0x1f000000000000000000000000000000000000000010,7,4,4 0 0 0 0 0 0 0,1793107427
231,3,23296311,1790648175,0x246e4bf851155c76cd74a4e2961cd879431a7768,2:0,500,0x1f000028,8,5,5 0 0 0 0 0 0 0,1793098536
232,3,23296342,1790648190,0x246e4bf851155c76cd74a4e2961cd879431a7768,9:0,500,0xf8000000000000000000036,5,4,4 0 0 0 0 0 0 0,1793098567
233,3,23296427,1790648234,0x246e4bf851155c76cd74a4e2961cd879431a7768,18:0,500,0x1f000000000000000000000000000000000000000008,7,4,4 0 0 0 0 0 0 0,1793098602
303,5,23296587,1790648315,0xbfe2643c33dade319d1634215ab68b3c098ed3e7,4:1,2000,0x1fc000000000b,17,10,10 0 0 0 0 0 0 0,1793172886
307,5,23296595,1790648319,0xbfe2643c33dade319d1634215ab68b3c098ed3e7,4:1,2000,0x1fc000000000b,17,10,10 0 0 0 0 0 0 0,1793174268
241,3,23296632,1790648338,0x34ee0241ab4d91c588bcd37948bec7769e0cae90,2:0,500,0x1f000028,8,5,5 0 0 0 0 0 0 0,1793099246
242,3,23296669,1790648356,0x34ee0241ab4d91c588bcd37948bec7769e0cae90,9:0,500,0xf8000000000000000000036,5,4,4 0 0 0 0 0 0 0,1793099276
243,3,23296708,1790648376,0x34ee0241ab4d91c588bcd37948bec7769e0cae90,18:0,500,0x1f000000000000000000000000000000000000000008,7,4,4 0 0 0 0 0 0 0,1793099309
31,31,23297559,1790648808,0xac79fd6008b971723d16974cdb23ad70ecc00bee,2:0,500,0x1f00001e,8,5,5 0 0 0 0 0 0 0,1793673392
2,2,23298321,1790649194,0xb1368c0b6e4dafbb5375c121df88154a3f72b299,14:2,4000,0xff000000000000000000000000000000021,14,8,8 0 0 0 0 0 0 0,1793043410
16,2,23298337,1790649202,0xb1368c0b6e4dafbb5375c121df88154a3f72b299,19:2,4000,0x1fe00000000000000000000000000000000000000000036,16,8,8 0 0 0 0 0 0 0,1793044511
18,2,23298363,1790649216,0xb1368c0b6e4dafbb5375c121df88154a3f72b299,10:2,4000,0xff000000000000000000000019,13,8,8 0 0 0 0 0 0 0,1793044580
287,42,23298701,1790649387,0x65d3f783f7a9f2a30cf70a8b3f6789fe98779086,1:0,500,0xf8023,9,5,5 0 0 0 0 0 0 0,1793963570
286,42,23298748,1790649411,0x65d3f783f7a9f2a30cf70a8b3f6789fe98779086,2:0,500,0x1f000005,8,5,5 0 0 0 0 0 0 0,1793963551
187,43,23298805,1790649440,0x65d3f783f7a9f2a30cf70a8b3f6789fe98779086,10:0,500,0x1f000000000000000000000036,15,9,9 0 0 0 0 0 0 0,1793949594
322,86,23300962,1790650535,0x2122e553875fe2d0e24eb0eb220ea7da258ddd5d,1:0,500,0xf803f,29,15,15 0 0 0 0 0 0 0,1794925332
322,87,23300994,1790650551,0x2122e553875fe2d0e24eb0eb220ea7da258ddd5d,11:0,500,0x3e00000000000000000000000022,14,8,8 0 0 0 0 0 0 0,1794946932
322,88,23301037,1790650573,0x2122e553875fe2d0e24eb0eb220ea7da258ddd5d,9:0,500,0xf8000000000000000000017,12,8,8 0 0 0 0 0 0 0,1794968532
322,89,23301070,1790650590,0x2122e553875fe2d0e24eb0eb220ea7da258ddd5d,19:0,500,0x3e00000000000000000000000000000000000000000025,8,4,4 0 0 0 0 0 0 0,1794990132
322,90,23301105,1790650608,0x2122e553875fe2d0e24eb0eb220ea7da258ddd5d,19:0,500,0x3e00000000000000000000000000000000000000000011,13,8,8 0 0 0 0 0 0 0,1795011732
271,10,23302080,1790651103,0xd00226b73bab097e97c6df416dc031df7c4b5af1,2:0,500,0x1f000002,16,10,10 0 0 0 0 0 0 0,1793255917
1,2,23302137,1790651132,0x5e7293bbccad7d606add851b1a8887c02d0102ab,10:2,4000,0xff000000000000000000000019,16,12,12 0 0 0 0 0 0 0,1793042566
199,6,23302153,1790651140,0x0b1ba22af3fb3ad6247ba5d4413b6649edd40819,2:0,500,0x1f000008,18,10,10 0 0 0 0 0 0 0,1793154601
328,9,23302168,1790651148,0x0b1ba22af3fb3ad6247ba5d4413b6649edd40819,1:0,500,0xf803a,29,15,15 0 0 0 0 0 0 0,1793264900
298,6,23302706,1790651421,0xbd081f1b95d62c9a30efab2bb862eea6dcd7450a,9:0,500,0xf8000000000000000000032,5,4,4 0 0 0 0 0 0 0,1793193137
26,66,23304148,1790652153,0x0dd5ff179c68dd64fa712da08b550ec3a7d3bd73,1:0,500,0xf8034,29,15,15 0 0 0 0 0 0 0,1794428903
86,52,23304170,1790652164,0x0dd5ff179c68dd64fa712da08b550ec3a7d3bd73,1:0,500,0xf801b,9,5,5 0 0 0 0 0 0 0,1794131321
90,68,23304194,1790652177,0x0dd5ff179c68dd64fa712da08b550ec3a7d3bd73,1:0,500,0xf8038,29,15,15 0 0 0 0 0 0 0,1794476984
218,10,23304729,1790652448,0xb3aa0c5049d7e1c9abf88d612c10b8d792383464,5:2,4000,0x7f8000000000001,11,8,8 0 0 0 0 0 0 0,1793246488
218,11,23304933,1790652552,0xb3aa0c5049d7e1c9abf88d612c10b8d792383464,15:2,4000,0x1fe00000000000000000000000000000000036,15,12,12 0 0 0 0 0 0 0,1793268088
36,6,23305212,1790652694,0xf410f5824a53bdeedb76f7d280bccad40538c523,3:2,4000,0x1fe00000039,19,10,10 0 0 0 0 0 0 0,1793134114
36,7,23305264,1790652720,0xf410f5824a53bdeedb76f7d280bccad40538c523,8:2,4000,0x3fc0000000000000000014,14,8,8 0 0 0 0 0 0 0,1793155714
218,12,23306056,1790653122,0xb3aa0c5049d7e1c9abf88d612c10b8d792383464,12:2,4000,0x3fc0000000000000000000000000012,9,8,8 0 0 0 0 0 0 0,1793289688
218,13,23306072,1790653130,0xb3aa0c5049d7e1c9abf88d612c10b8d792383464,19:1,2000,0xfe00000000000000000000000000000000000000000034,13,8,8 0 0 0 0 0 0 0,1793311288
324,7,23311140,1790655703,0x1df89c0350e94575d0e20fd86c12e2a38e4c0ce1,1:0,500,0xf8006,9,5,5 0 0 0 0 0 0 0,1793220953
27,119,23311451,1790655861,0x81b4bf458a73ea46fadd46ee8236e5f94c4eb8e0,9:0,500,0xf8000000000000000000016,20,13,13 0 0 0 0 0 0 0,1795573950
27,120,23311633,1790655953,0x81b4bf458a73ea46fadd46ee8236e5f94c4eb8e0,6:0,500,0x1f000000000000032,5,4,4 0 0 0 0 0 0 0,1795595550
27,121,23311651,1790655962,0x81b4bf458a73ea46fadd46ee8236e5f94c4eb8e0,2:0,500,0x1f00002a,8,5,5 0 0 0 0 0 0 0,1795617150
27,122,23311685,1790655980,0x81b4bf458a73ea46fadd46ee8236e5f94c4eb8e0,5:0,500,0xf800000000002a,6,4,4 0 0 0 0 0 0 0,1795638750
27,123,23311704,1790655989,0x81b4bf458a73ea46fadd46ee8236e5f94c4eb8e0,6:0,500,0x1f00000000000000a,12,8,8 0 0 0 0 0 0 0,1795660350
77,91,23311878,1790656078,0x3f62ae0c7ed24dcd2b52c1c224296519b02df00d,2:0,500,0x1f000027,16,10,10 0 0 0 0 0 0 0,1794973245
77,92,23311905,1790656091,0x3f62ae0c7ed24dcd2b52c1c224296519b02df00d,1:0,500,0xf801a,19,10,10 0 0 0 0 0 0 0,1794994845
77,93,23311929,1790656104,0x3f62ae0c7ed24dcd2b52c1c224296519b02df00d,3:0,500,0x3e0000001c,10,5,5 0 0 0 0 0 0 0,1795016445
77,94,23312014,1790656147,0x3f62ae0c7ed24dcd2b52c1c224296519b02df00d,1:0,500,0xf803f,19,10,10 0 0 0 0 0 0 0,1795038045
77,95,23312045,1790656162,0x3f62ae0c7ed24dcd2b52c1c224296519b02df00d,1:0,500,0xf8033,29,15,15 0 0 0 0 0 0 0,1795059645
77,96,23312125,1790656203,0x3f62ae0c7ed24dcd2b52c1c224296519b02df00d,1:0,500,0xf8034,9,5,5 0 0 0 0 0 0 0,1795081245
77,97,23312153,1790656217,0x3f62ae0c7ed24dcd2b52c1c224296519b02df00d,1:0,500,0xf8013,19,10,10 0 0 0 0 0 0 0,1795102845
77,98,23312184,1790656233,0x3f62ae0c7ed24dcd2b52c1c224296519b02df00d,2:0,500,0x1f000003,16,10,10 0 0 0 0 0 0 0,1795124445
77,99,23312211,1790656247,0x3f62ae0c7ed24dcd2b52c1c224296519b02df00d,5:0,500,0xf8000000000038,14,9,9 0 0 0 0 0 0 0,1795146045
77,100,23312246,1790656265,0x3f62ae0c7ed24dcd2b52c1c224296519b02df00d,11:0,500,0x3e0000000000000000000000000a,6,4,4 0 0 0 0 0 0 0,1795167645
77,101,23312275,1790656279,0x3f62ae0c7ed24dcd2b52c1c224296519b02df00d,1:0,500,0xf801b,9,5,5 0 0 0 0 0 0 0,1795189245
77,102,23312309,1790656296,0x3f62ae0c7ed24dcd2b52c1c224296519b02df00d,9:0,500,0xf800000000000000000000a,22,13,13 0 0 0 0 0 0 0,1795210845
213,6,23317171,1790658765,0xccde496b83c644f779e5b6fcc0cc4a5c276fa5d4,1:0,500,0xf8025,9,5,5 0 0 0 0 0 0 0,1793158970
299,4,23317193,1790658776,0xccde496b83c644f779e5b6fcc0cc4a5c276fa5d4,1:0,500,0xf8037,19,10,10 0 0 0 0 0 0 0,1793150272
172,7,23321533,1790660980,0xed39205dd38074eea517a0e3dbd099b4e4a85af3,19:1,2000,0xfe00000000000000000000000000000000000000000013,21,12,12 0 0 0 0 0 0 0,1793170119
185,7,23321817,1790661124,0xed39205dd38074eea517a0e3dbd099b4e4a85af3,12:1,2000,0x1fc000000000000000000000000000e,5,4,4 0 0 0 0 0 0 0,1793171924
44,67,23321879,1790661156,0xf04ecec3cac1ad5e55e03cb5842b07be2c2249c9,1:0,500,0xf802e,9,5,5 0 0 0 0 0 0 0,1794452388
44,68,23321921,1790661177,0xf04ecec3cac1ad5e55e03cb5842b07be2c2249c9,10:0,500,0x1f00000000000000000000002f,8,8,8 0 0 0 0 0 0 0,1794473988
44,69,23321977,1790661205,0xf04ecec3cac1ad5e55e03cb5842b07be2c2249c9,19:0,500,0x3e00000000000000000000000000000000000000000022,13,8,8 0 0 0 0 0 0 0,1794495588
172,8,23322010,1790661222,0xed39205dd38074eea517a0e3dbd099b4e4a85af3,5:0,500,0xf8000000000023,6,4,4 0 0 0 0 0 0 0,1793191719
44,70,23322016,1790661225,0xf04ecec3cac1ad5e55e03cb5842b07be2c2249c9,12:0,500,0x7c000000000000000000000000000c,5,4,4 0 0 0 0 0 0 0,1794517188
44,71,23322056,1790661245,0xf04ecec3cac1ad5e55e03cb5842b07be2c2249c9,15:0,500,0x3e00000000000000000000000000000000016,6,4,4 0 0 0 0 0 0 0,1794538788
185,8,23322065,1790661250,0xed39205dd38074eea517a0e3dbd099b4e4a85af3,3:0,500,0x3e00000024,19,10,10 0 0 0 0 0 0 0,1793193524
290,10,23323924,1790662194,0xf574c75a9959c7c418b6474b6223c526ba42af3e,1:2,4000,0x7f8006,29,15,15 0 0 0 0 0 0 0,1793272585
291,7,23323942,1790662203,0xf574c75a9959c7c418b6474b6223c526ba42af3e,1:2,4000,0x7f803e,19,10,10 0 0 0 0 0 0 0,1793207812
292,6,23323958,1790662211,0xf574c75a9959c7c418b6474b6223c526ba42af3e,1:1,2000,0x3f8011,9,5,5 0 0 0 0 0 0 0,1793186241
292,7,23323979,1790662221,0xf574c75a9959c7c418b6474b6223c526ba42af3e,19:2,4000,0x1fe00000000000000000000000000000000000000000036,26,13,13 0 0 0 0 0 0 0,1793207841
207,7,23326099,1790663297,0x4fe840d7588f2a7cc776b24c74b710d80c68c887,1:2,4000,0x7f803e,29,15,15 0 0 0 0 0 0 0,1793178378
328,10,23331365,1790665968,0x0b1ba22af3fb3ad6247ba5d4413b6649edd40819,5:0,500,0xf8000000000014,14,9,9 0 0 0 0 0 0 0,1793286500
328,11,23331478,1790666025,0x0b1ba22af3fb3ad6247ba5d4413b6649edd40819,6:0,500,0x1f000000000000033,5,4,4 0 0 0 0 0 0 0,1793308100
328,12,23331564,1790666069,0x0b1ba22af3fb3ad6247ba5d4413b6649edd40819,12:0,500,0x7c0000000000000000000000000037,13,8,8 0 0 0 0 0 0 0,1793329700
328,13,23331629,1790666102,0x0b1ba22af3fb3ad6247ba5d4413b6649edd40819,19:0,500,0x3e0000000000000000000000000000000000000000002d,8,4,4 0 0 0 0 0 0 0,1793351300
142,7,23332958,1790666776,0x22fdae531a69647a0ade9154093ac83769f9dc49,1:0,500,0xf8006,9,5,5 0 0 0 0 0 0 0,1793164809
220,7,23333713,1790667159,0x939571499a81766380edd7040bb16a785b800855,12:0,500,0x7c000000000000000000000000002f,5,4,4 0 0 0 0 0 0 0,1793182676
9,6,23334651,1790667635,0x9e366c1405f7951431dbdeb53dcd57db342f55c4,2:1,2000,0x7f00002b,28,15,15 0 0 0 0 0 0 0,1793130674
293,5,23334716,1790667668,0x9e366c1405f7951431dbdeb53dcd57db342f55c4,2:1,2000,0x7f00003a,26,15,15 0 0 0 0 0 0 0,1793164806
115,7,23334777,1790667699,0x46f440d3d4e6466034b2a5034fc501ac0a31bf29,5:2,4000,0x7f800000000001b,11,8,8 0 0 0 0 0 0 0,1793161576
115,8,23335903,1790668270,0x46f440d3d4e6466034b2a5034fc501ac0a31bf29,19:0,500,0x3e0000000000000000000000000000000000000000000c,23,13,13 0 0 0 0 0 0 0,1793183176
247,8,23339703,1790670198,0xc7f1dce49db860c865ce34e4eb65dbef625919ef,2:1,2000,0x7f00002e,8,5,5 0 0 0 0 0 0 0,1793208361
264,5,23339751,1790670222,0xc7f1dce49db860c865ce34e4eb65dbef625919ef,12:1,2000,0x1fc000000000000000000000000003b,5,4,4 0 0 0 0 0 0 0,1793146157
245,3,23340627,1790670667,0x4663f73533083a058510fb48c75ca64cd885b262,2:1,2000,0x7f00003e,16,10,10 0 0 0 0 0 0 0,1793100220
59,13,23343540,1790672155,0xf04ecec3cac1ad5e55e03cb5842b07be2c2249c9,9:0,500,0xf8000000000000000000023,22,13,13 0 0 0 0 0 0 0,1793287275
69,14,23343596,1790672184,0xf04ecec3cac1ad5e55e03cb5842b07be2c2249c9,1:0,500,0xf8002,9,5,5 0 0 0 0 0 0 0,1793309356
322,91,23343726,1790672250,0x2122e553875fe2d0e24eb0eb220ea7da258ddd5d,1:0,500,0xf8038,9,5,5 0 0 0 0 0 0 0,1795033332
322,92,23343944,1790672360,0x2122e553875fe2d0e24eb0eb220ea7da258ddd5d,19:0,500,0x3e00000000000000000000000000000000000000000018,8,4,4 0 0 0 0 0 0 0,1795054932
328,14,23343994,1790672386,0x0b1ba22af3fb3ad6247ba5d4413b6649edd40819,14:0,500,0x1f00000000000000000000000000000000c,7,4,4 0 0 0 0 0 0 0,1793372900
322,93,23343998,1790672388,0x2122e553875fe2d0e24eb0eb220ea7da258ddd5d,19:0,500,0x3e00000000000000000000000000000000000000000014,13,8,8 0 0 0 0 0 0 0,1795076532
322,94,23344030,1790672404,0x2122e553875fe2d0e24eb0eb220ea7da258ddd5d,19:0,500,0x3e00000000000000000000000000000000000000000001,8,4,4 0 0 0 0 0 0 0,1795098132
328,15,23344040,1790672409,0x0b1ba22af3fb3ad6247ba5d4413b6649edd40819,18:0,500,0x1f000000000000000000000000000000000000000007,12,8,8 0 0 0 0 0 0 0,1793394500
322,95,23344052,1790672415,0x2122e553875fe2d0e24eb0eb220ea7da258ddd5d,16:0,500,0x7c000000000000000000000000000000000002f,16,9,9 0 0 0 0 0 0 0,1795119732
322,96,23344114,1790672447,0x2122e553875fe2d0e24eb0eb220ea7da258ddd5d,19:0,500,0x3e00000000000000000000000000000000000000000021,13,8,8 0 0 0 0 0 0 0,1795141332
322,97,23344136,1790672458,0x2122e553875fe2d0e24eb0eb220ea7da258ddd5d,12:0,500,0x7c000000000000000000000000002a,13,8,8 0 0 0 0 0 0 0,1795162932
322,98,23344164,1790672472,0x2122e553875fe2d0e24eb0eb220ea7da258ddd5d,19:0,500,0x3e00000000000000000000000000000000000000000023,8,4,4 0 0 0 0 0 0 0,1795184532
322,99,23344187,1790672484,0x2122e553875fe2d0e24eb0eb220ea7da258ddd5d,9:0,500,0xf8000000000000000000030,5,4,4 0 0 0 0 0 0 0,1795206132
322,100,23344212,1790672497,0x2122e553875fe2d0e24eb0eb220ea7da258ddd5d,13:0,500,0xf8000000000000000000000000000001,13,8,8 0 0 0 0 0 0 0,1795227732
322,101,23344256,1790672519,0x2122e553875fe2d0e24eb0eb220ea7da258ddd5d,6:0,500,0x1f00000000000001d,5,4,4 0 0 0 0 0 0 0,1795249332
322,102,23344280,1790672531,0x2122e553875fe2d0e24eb0eb220ea7da258ddd5d,15:0,500,0x3e0000000000000000000000000000000003b,16,9,9 0 0 0 0 0 0 0,1795270932
187,44,23345485,1790673142,0x65d3f783f7a9f2a30cf70a8b3f6789fe98779086,16:0,500,0x7c0000000000000000000000000000000000035,14,8,8 0 0 0 0 0 0 0,1793971194
187,45,23345528,1790673164,0x65d3f783f7a9f2a30cf70a8b3f6789fe98779086,1:0,500,0xf801c,19,10,10 0 0 0 0 0 0 0,1793992794
187,46,23345573,1790673187,0x65d3f783f7a9f2a30cf70a8b3f6789fe98779086,16:0,500,0x7c0000000000000000000000000000000000029,6,4,4 0 0 0 0 0 0 0,1794014394
187,47,23345661,1790673231,0x65d3f783f7a9f2a30cf70a8b3f6789fe98779086,9:0,500,0xf8000000000000000000007,5,4,4 0 0 0 0 0 0 0,1794035994
187,48,23345709,1790673256,0x65d3f783f7a9f2a30cf70a8b3f6789fe98779086,3:0,500,0x3e00000037,10,5,5 0 0 0 0 0 0 0,1794057594
187,49,23345751,1790673277,0x65d3f783f7a9f2a30cf70a8b3f6789fe98779086,11:0,500,0x3e00000000000000000000000027,24,13,13 0 0 0 0 0 0 0,1794079194
187,50,23345793,1790673299,0x65d3f783f7a9f2a30cf70a8b3f6789fe98779086,6:0,500,0x1f000000000000000,5,4,4 0 0 0 0 0 0 0,1794100794
187,51,23345882,1790673343,0x65d3f783f7a9f2a30cf70a8b3f6789fe98779086,9:0,500,0xf800000000000000000002e,12,8,8 0 0 0 0 0 0 0,1794122394
187,52,23345934,1790673370,0x65d3f783f7a9f2a30cf70a8b3f6789fe98779086,5:0,500,0xf8000000000030,6,4,4 0 0 0 0 0 0 0,1794143994
187,53,23346076,1790673442,0x65d3f783f7a9f2a30cf70a8b3f6789fe98779086,13:0,500,0xf8000000000000000000000000000007,8,4,4 0 0 0 0 0 0 0,1794165594
187,54,23346099,1790673454,0x65d3f783f7a9f2a30cf70a8b3f6789fe98779086,10:0,500,0x1f000000000000000000000006,8,8,8 0 0 0 0 0 0 0,1794187194
187,55,23346142,1790673475,0x65d3f783f7a9f2a30cf70a8b3f6789fe98779086,6:0,500,0x1f000000000000009,12,8,8 0 0 0 0 0 0 0,1794208794
187,56,23346205,1790673507,0x65d3f783f7a9f2a30cf70a8b3f6789fe98779086,19:0,500,0x3e00000000000000000000000000000000000000000015,8,4,4 0 0 0 0 0 0 0,1794230394
187,57,23346235,1790673523,0x65d3f783f7a9f2a30cf70a8b3f6789fe98779086,6:0,500,0x1f00000000000001d,5,4,4 0 0 0 0 0 0 0,1794251994
187,58,23346277,1790673544,0x65d3f783f7a9f2a30cf70a8b3f6789fe98779086,4:0,500,0x7c000000000a,8,5,5 0 0 0 0 0 0 0,1794273594
187,59,23346300,1790673555,0x65d3f783f7a9f2a30cf70a8b3f6789fe98779086,6:0,500,0x1f000000000000013,12,8,8 0 0 0 0 0 0 0,1794295194
187,60,23346342,1790673577,0x65d3f783f7a9f2a30cf70a8b3f6789fe98779086,11:0,500,0x3e00000000000000000000000034,16,9,9 0 0 0 0 0 0 0,1794316794
77,103,23346361,1790673586,0x3f62ae0c7ed24dcd2b52c1c224296519b02df00d,1:0,500,0xf8036,19,10,10 0 0 0 0 0 0 0,1795232445
187,61,23346384,1790673598,0x65d3f783f7a9f2a30cf70a8b3f6789fe98779086,16:0,500,0x7c0000000000000000000000000000000000004,14,8,8 0 0 0 0 0 0 0,1794338394
77,104,23346412,1790673612,0x3f62ae0c7ed24dcd2b52c1c224296519b02df00d,5:0,500,0xf800000000003b,6,4,4 0 0 0 0 0 0 0,1795254045
187,62,23346431,1790673622,0x65d3f783f7a9f2a30cf70a8b3f6789fe98779086,17:0,500,0xf800000000000000000000000000000000000000b,7,4,4 0 0 0 0 0 0 0,1794359994
77,105,23346442,1790673628,0x3f62ae0c7ed24dcd2b52c1c224296519b02df00d,9:0,500,0xf800000000000000000001c,5,4,4 0 0 0 0 0 0 0,1795275645
187,63,23346473,1790673644,0x65d3f783f7a9f2a30cf70a8b3f6789fe98779086,6:0,500,0x1f00000000000000d,5,4,4 0 0 0 0 0 0 0,1794381594
77,106,23346521,1790673668,0x3f62ae0c7ed24dcd2b52c1c224296519b02df00d,1:0,500,0xf8027,9,5,5 0 0 0 0 0 0 0,1795297245
187,64,23346544,1790673679,0x65d3f783f7a9f2a30cf70a8b3f6789fe98779086,14:0,500,0x1f000000000000000000000000000000006,7,4,4 0 0 0 0 0 0 0,1794403194
77,107,23346607,1790673711,0x3f62ae0c7ed24dcd2b52c1c224296519b02df00d,10:0,500,0x1f000000000000000000000026,18,13,13 0 0 0 0 0 0 0,1795318845
187,65,23346610,1790673713,0x65d3f783f7a9f2a30cf70a8b3f6789fe98779086,18:0,500,0x1f000000000000000000000000000000000000000014,7,4,4 0 0 0 0 0 0 0,1794424794
187,66,23346633,1790673724,0x65d3f783f7a9f2a30cf70a8b3f6789fe98779086,16:0,500,0x7c0000000000000000000000000000000000019,6,4,4 0 0 0 0 0 0 0,1794446394
187,67,23346674,1790673745,0x65d3f783f7a9f2a30cf70a8b3f6789fe98779086,11:0,500,0x3e0000000000000000000000000b,14,8,8 0 0 0 0 0 0 0,1794467994
77,108,23346696,1790673756,0x3f62ae0c7ed24dcd2b52c1c224296519b02df00d,9:0,500,0xf8000000000000000000014,12,8,8 0 0 0 0 0 0 0,1795340445
187,68,23346750,1790673784,0x65d3f783f7a9f2a30cf70a8b3f6789fe98779086,6:0,500,0x1f000000000000021,12,8,8 0 0 0 0 0 0 0,1794489594
187,69,23346785,1790673802,0x65d3f783f7a9f2a30cf70a8b3f6789fe98779086,10:0,500,0x1f00000000000000000000003c,5,4,4 0 0 0 0 0 0 0,1794511194
187,70,23346841,1790673830,0x65d3f783f7a9f2a30cf70a8b3f6789fe98779086,3:0,500,0x3e0000001f,19,10,10 0 0 0 0 0 0 0,1794532794
77,109,23346864,1790673842,0x3f62ae0c7ed24dcd2b52c1c224296519b02df00d,13:0,500,0xf800000000000000000000000000001b,8,4,4 0 0 0 0 0 0 0,1795362045
187,71,23346907,1790673863,0x65d3f783f7a9f2a30cf70a8b3f6789fe98779086,10:0,500,0x1f00000000000000000000002c,18,13,13 0 0 0 0 0 0 0,1794554394
187,72,23346957,1790673889,0x65d3f783f7a9f2a30cf70a8b3f6789fe98779086,9:0,500,0xf8000000000000000000012,5,4,4 0 0 0 0 0 0 0,1794575994
187,73,23346981,1790673901,0x65d3f783f7a9f2a30cf70a8b3f6789fe98779086,15:0,500,0x3e00000000000000000000000000000000002,6,4,4 0 0 0 0 0 0 0,1794597594
77,110,23346985,1790673903,0x3f62ae0c7ed24dcd2b52c1c224296519b02df00d,10:0,500,0x1f000000000000000000000014,5,4,4 0 0 0 0 0 0 0,1795383645
187,74,23347025,1790673923,0x65d3f783f7a9f2a30cf70a8b3f6789fe98779086,3:0,500,0x3e0000000b,10,5,5 0 0 0 0 0 0 0,1794619194
187,75,23347070,1790673946,0x65d3f783f7a9f2a30cf70a8b3f6789fe98779086,16:0,500,0x7c000000000000000000000000000000000001a,14,8,8 0 0 0 0 0 0 0,1794640794
77,111,23347071,1790673947,0x3f62ae0c7ed24dcd2b52c1c224296519b02df00d,7:0,500,0x3e00000000000000005,8,4,4 0 0 0 0 0 0 0,1795405245
77,112,23347095,1790673959,0x3f62ae0c7ed24dcd2b52c1c224296519b02df00d,15:0,500,0x3e00000000000000000000000000000000000,10,8,8 0 0 0 0 0 0 0,1795426845
77,113,23347137,1790673980,0x3f62ae0c7ed24dcd2b52c1c224296519b02df00d,13:0,500,0xf8000000000000000000000000000026,13,8,8 0 0 0 0 0 0 0,1795448445
187,76,23347151,1790673987,0x65d3f783f7a9f2a30cf70a8b3f6789fe98779086,11:0,500,0x3e00000000000000000000000023,6,4,4 0 0 0 0 0 0 0,1794662394
77,114,23347159,1790673991,0x3f62ae0c7ed24dcd2b52c1c224296519b02df00d,10:0,500,0x1f000000000000000000000006,8,8,8 0 0 0 0 0 0 0,1795470045
77,115,23347191,1790674007,0x3f62ae0c7ed24dcd2b52c1c224296519b02df00d,9:0,500,0xf800000000000000000000c,5,4,4 0 0 0 0 0 0 0,1795491645
187,77,23347196,1790674010,0x65d3f783f7a9f2a30cf70a8b3f6789fe98779086,6:0,500,0x1f00000000000002c,5,4,4 0 0 0 0 0 0 0,1794683994
77,116,23347223,1790674024,0x3f62ae0c7ed24dcd2b52c1c224296519b02df00d,6:0,500,0x1f000000000000021,12,8,8 0 0 0 0 0 0 0,1795513245
187,78,23347239,1790674032,0x65d3f783f7a9f2a30cf70a8b3f6789fe98779086,8:0,500,0x7c0000000000000000024,16,8,8 0 0 0 0 0 0 0,1794705594
187,79,23347285,1790674055,0x65d3f783f7a9f2a30cf70a8b3f6789fe98779086,6:0,500,0x1f000000000000015,12,8,8 0 0 0 0 0 0 0,1794727194
187,80,23347309,1790674067,0x65d3f783f7a9f2a30cf70a8b3f6789fe98779086,5:0,500,0xf8000000000033,24,14,14 0 0 0 0 0 0 0,1794748794
187,81,23347349,1790674088,0x65d3f783f7a9f2a30cf70a8b3f6789fe98779086,4:0,500,0x7c0000000033,17,10,10 0 0 0 0 0 0 0,1794770394
187,82,23347393,1790674110,0x65d3f783f7a9f2a30cf70a8b3f6789fe98779086,8:0,500,0x7c0000000000000000026,8,4,4 0 0 0 0 0 0 0,1794791994
187,83,23347416,1790674122,0x65d3f783f7a9f2a30cf70a8b3f6789fe98779086,13:0,500,0xf8000000000000000000000000000015,13,8,8 0 0 0 0 0 0 0,1794813594
77,117,23347460,1790674144,0x3f62ae0c7ed24dcd2b52c1c224296519b02df00d,3:0,500,0x3e0000001e,19,10,10 0 0 0 0 0 0 0,1795534845
77,118,23347486,1790674157,0x3f62ae0c7ed24dcd2b52c1c224296519b02df00d,5:0,500,0xf800000000002c,24,14,14 0 0 0 0 0 0 0,1795556445
187,84,23347497,1790674163,0x65d3f783f7a9f2a30cf70a8b3f6789fe98779086,2:0,500,0x1f000034,16,10,10 0 0 0 0 0 0 0,1794835194
77,119,23347509,1790674169,0x3f62ae0c7ed24dcd2b52c1c224296519b02df00d,9:0,500,0xf8000000000000000000016,12,8,8 0 0 0 0 0 0 0,1795578045
77,120,23347537,1790674183,0x3f62ae0c7ed24dcd2b52c1c224296519b02df00d,10:0,500,0x1f000000000000000000000007,5,4,4 0 0 0 0 0 0 0,1795599645
187,85,23347543,1790674186,0x65d3f783f7a9f2a30cf70a8b3f6789fe98779086,10:0,500,0x1f00000000000000000000001b,5,4,4 0 0 0 0 0 0 0,1794856794
187,86,23347567,1790674198,0x65d3f783f7a9f2a30cf70a8b3f6789fe98779086,12:0,500,0x7c0000000000000000000000000019,13,8,8 0 0 0 0 0 0 0,1794878394
77,121,23347571,1790674200,0x3f62ae0c7ed24dcd2b52c1c224296519b02df00d,5:0,500,0xf8000000000006,6,4,4 0 0 0 0 0 0 0,1795621245
77,122,23347605,1790674217,0x3f62ae0c7ed24dcd2b52c1c224296519b02df00d,8:0,500,0x7c000000000000000002b,16,8,8 0 0 0 0 0 0 0,1795642845
77,123,23347652,1790674241,0x3f62ae0c7ed24dcd2b52c1c224296519b02df00d,4:0,500,0x7c0000000014,8,5,5 0 0 0 0 0 0 0,1795664445
77,124,23347688,1790674260,0x3f62ae0c7ed24dcd2b52c1c224296519b02df00d,17:0,500,0xf800000000000000000000000000000000000000a,7,4,4 0 0 0 0 0 0 0,1795686045
187,87,23347708,1790674270,0x65d3f783f7a9f2a30cf70a8b3f6789fe98779086,10:0,500,0x1f00000000000000000000000b,18,13,13 0 0 0 0 0 0 0,1794899994
77,125,23347727,1790674279,0x3f62ae0c7ed24dcd2b52c1c224296519b02df00d,8:0,500,0x7c0000000000000000003,8,4,4 0 0 0 0 0 0 0,1795707645
187,88,23347751,1790674292,0x65d3f783f7a9f2a30cf70a8b3f6789fe98779086,17:0,500,0xf8000000000000000000000000000000000000024,10,8,8 0 0 0 0 0 0 0,1794921594
77,126,23347770,1790674301,0x3f62ae0c7ed24dcd2b52c1c224296519b02df00d,12:0,500,0x7c0000000000000000000000000037,13,8,8 0 0 0 0 0 0 0,1795729245
187,89,23347774,1790674303,0x65d3f783f7a9f2a30cf70a8b3f6789fe98779086,2:0,500,0x1f000016,8,5,5 0 0 0 0 0 0 0,1794943194
77,127,23347799,1790674316,0x3f62ae0c7ed24dcd2b52c1c224296519b02df00d,15:0,500,0x3e00000000000000000000000000000000032,6,4,4 0 0 0 0 0 0 0,1795750845
187,90,23347817,1790674325,0x65d3f783f7a9f2a30cf70a8b3f6789fe98779086,17:0,500,0xf8000000000000000000000000000000000000028,7,4,4 0 0 0 0 0 0 0,1794964794
77,128,23347830,1790674332,0x3f62ae0c7ed24dcd2b52c1c224296519b02df00d,6:0,500,0x1f000000000000009,15,9,9 0 0 0 0 0 0 0,1795772445
187,91,23347872,1790674353,0x65d3f783f7a9f2a30cf70a8b3f6789fe98779086,5:0,500,0xf800000000003f,6,4,4 0 0 0 0 0 0 0,1794986394
77,129,23347895,1790674365,0x3f62ae0c7ed24dcd2b52c1c224296519b02df00d,14:0,500,0x1f000000000000000000000000000000001,7,4,4 0 0 0 0 0 0 0,1795794045
187,92,23347915,1790674375,0x65d3f783f7a9f2a30cf70a8b3f6789fe98779086,6:0,500,0x1f000000000000029,5,4,4 0 0 0 0 0 0 0,1795007994
77,130,23347926,1790674380,0x3f62ae0c7ed24dcd2b52c1c224296519b02df00d,4:0,500,0x7c0000000025,17,10,10 0 0 0 0 0 0 0,1795815645
187,93,23347961,1790674398,0x65d3f783f7a9f2a30cf70a8b3f6789fe98779086,10:0,500,0x1f000000000000000000000025,15,9,9 0 0 0 0 0 0 0,1795029594
77,131,23347961,1790674398,0x3f62ae0c7ed24dcd2b52c1c224296519b02df00d,2:0,500,0x1f000030,8,5,5 0 0 0 0 0 0 0,1795837245
77,132,23347989,1790674412,0x3f62ae0c7ed24dcd2b52c1c224296519b02df00d,6:0,500,0x1f000000000000013,12,8,8 0 0 0 0 0 0 0,1795858845
187,94,23348007,1790674421,0x65d3f783f7a9f2a30cf70a8b3f6789fe98779086,14:0,500,0x1f00000000000000000000000000000000e,13,8,8 0 0 0 0 0 0 0,1795051194
77,133,23348018,1790674427,0x3f62ae0c7ed24dcd2b52c1c224296519b02df00d,10:0,500,0x1f000000000000000000000012,8,8,8 0 0 0 0 0 0 0,1795880445
187,95,23348029,1790674433,0x65d3f783f7a9f2a30cf70a8b3f6789fe98779086,15:0,500,0x3e0000000000000000000000000000000001f,10,8,8 0 0 0 0 0 0 0,1795072794
77,134,23348054,1790674446,0x3f62ae0c7ed24dcd2b52c1c224296519b02df00d,7:0,500,0x3e00000000000000018,16,8,8 0 0 0 0 0 0 0,1795902045
187,96,23348090,1790674464,0x65d3f783f7a9f2a30cf70a8b3f6789fe98779086,3:0,500,0x3e00000022,19,10,10 0 0 0 0 0 0 0,1795094394
76,80,23348153,1790674495,0x3f62ae0c7ed24dcd2b52c1c224296519b02df00d,8:0,500,0x7c0000000000000000019,8,4,4 0 0 0 0 0 0 0,1794735555
79,45,23348161,1790674500,0x3f62ae0c7ed24dcd2b52c1c224296519b02df00d,15:0,500,0x3e00000000000000000000000000000000037,6,4,4 0 0 0 0 0 0 0,1793979818
187,97,23348165,1790674502,0x65d3f783f7a9f2a30cf70a8b3f6789fe98779086,13:0,500,0xf8000000000000000000000000000025,8,4,4 0 0 0 0 0 0 0,1795115994
77,135,23348204,1790674521,0x3f62ae0c7ed24dcd2b52c1c224296519b02df00d,5:0,500,0xf8000000000018,14,9,9 0 0 0 0 0 0 0,1795923645
187,98,23348207,1790674523,0x65d3f783f7a9f2a30cf70a8b3f6789fe98779086,7:0,500,0x3e00000000000000027,16,8,8 0 0 0 0 0 0 0,1795137594
77,136,23348245,1790674542,0x3f62ae0c7ed24dcd2b52c1c224296519b02df00d,2:0,500,0x1f00000e,16,10,10 0 0 0 0 0 0 0,1795945245
187,99,23348250,1790674545,0x65d3f783f7a9f2a30cf70a8b3f6789fe98779086,17:0,500,0xf8000000000000000000000000000000000000004,10,8,8 0 0 0 0 0 0 0,1795159194
77,137,23348275,1790674558,0x3f62ae0c7ed24dcd2b52c1c224296519b02df00d,7:0,500,0x3e00000000000000010,8,4,4 0 0 0 0 0 0 0,1795966845
187,100,23348296,1790674568,0x65d3f783f7a9f2a30cf70a8b3f6789fe98779086,14:0,500,0x1f00000000000000000000000000000002d,7,4,4 0 0 0 0 0 0 0,1795180794
77,138,23348311,1790674576,0x3f62ae0c7ed24dcd2b52c1c224296519b02df00d,6:0,500,0x1f000000000000011,5,4,4 0 0 0 0 0 0 0,1795988445
187,101,23348318,1790674579,0x65d3f783f7a9f2a30cf70a8b3f6789fe98779086,7:0,500,0x3e00000000000000026,18,9,9 0 0 0 0 0 0 0,1795202394
77,139,23348357,1790674599,0x3f62ae0c7ed24dcd2b52c1c224296519b02df00d,1:0,500,0xf8014,29,15,15 0 0 0 0 0 0 0,1796010045
187,102,23348365,1790674603,0x65d3f783f7a9f2a30cf70a8b3f6789fe98779086,3:0,500,0x3e00000039,10,5,5 0 0 0 0 0 0 0,1795223994
76,81,23348417,1790674629,0x3f62ae0c7ed24dcd2b52c1c224296519b02df00d,3:0,500,0x3e0000002f,19,10,10 0 0 0 0 0 0 0,1794757155
187,103,23348436,1790674639,0x65d3f783f7a9f2a30cf70a8b3f6789fe98779086,11:0,500,0x3e0000000000000000000000002c,14,8,8 0 0 0 0 0 0 0,1795245594
79,46,23348455,1790674649,0x3f62ae0c7ed24dcd2b52c1c224296519b02df00d,8:0,500,0x7c000000000000000000e,16,8,8 0 0 0 0 0 0 0,1794001418
286,43,23348481,1790674662,0x65d3f783f7a9f2a30cf70a8b3f6789fe98779086,16:0,500,0x7c0000000000000000000000000000000000005,14,8,8 0 0 0 0 0 0 0,1793985151
77,140,23348513,1790674678,0x3f62ae0c7ed24dcd2b52c1c224296519b02df00d,5:0,500,0xf8000000000000,6,4,4 0 0 0 0 0 0 0,1796031645
287,43,23348526,1790674685,0x65d3f783f7a9f2a30cf70a8b3f6789fe98779086,19:0,500,0x3e0000000000000000000000000000000000000000001b,8,4,4 0 0 0 0 0 0 0,1793985170
77,141,23348569,1790674706,0x3f62ae0c7ed24dcd2b52c1c224296519b02df00d,1:0,500,0xf801b,9,5,5 0 0 0 0 0 0 0,1796053245
187,104,23348584,1790674714,0x65d3f783f7a9f2a30cf70a8b3f6789fe98779086,5:0,500,0xf800000000003b,14,9,9 0 0 0 0 0 0 0,1795267194
187,105,23348606,1790674725,0x65d3f783f7a9f2a30cf70a8b3f6789fe98779086,7:0,500,0x3e0000000000000000c,16,8,8 0 0 0 0 0 0 0,1795288794
77,142,23348609,1790674727,0x3f62ae0c7ed24dcd2b52c1c224296519b02df00d,12:0,500,0x7c0000000000000000000000000002,5,4,4 0 0 0 0 0 0 0,1796074845
77,143,23348637,1790674741,0x3f62ae0c7ed24dcd2b52c1c224296519b02df00d,15:0,500,0x3e00000000000000000000000000000000035,10,8,8 0 0 0 0 0 0 0,1796096445
187,106,23348651,1790674748,0x65d3f783f7a9f2a30cf70a8b3f6789fe98779086,4:0,500,0x7c000000000f,8,5,5 0 0 0 0 0 0 0,1795310394
77,144,23348673,1790674759,0x3f62ae0c7ed24dcd2b52c1c224296519b02df00d,10:0,500,0x1f00000000000000000000001c,5,4,4 0 0 0 0 0 0 0,1796118045
187,107,23348674,1790674760,0x65d3f783f7a9f2a30cf70a8b3f6789fe98779086,10:0,500,0x1f000000000000000000000026,18,13,13 0 0 0 0 0 0 0,1795331994
187,108,23348696,1790674771,0x65d3f783f7a9f2a30cf70a8b3f6789fe98779086,2:0,500,0x1f000014,16,10,10 0 0 0 0 0 0 0,1795353594
77,145,23348700,1790674773,0x3f62ae0c7ed24dcd2b52c1c224296519b02df00d,3:0,500,0x3e0000003b,10,5,5 0 0 0 0 0 0 0,1796139645
77,146,23348723,1790674785,0x3f62ae0c7ed24dcd2b52c1c224296519b02df00d,3:0,500,0x3e0000000a,19,10,10 0 0 0 0 0 0 0,1796161245
187,109,23348739,1790674793,0x65d3f783f7a9f2a30cf70a8b3f6789fe98779086,3:0,500,0x3e0000003b,19,10,10 0 0 0 0 0 0 0,1795375194
77,147,23348750,1790674798,0x3f62ae0c7ed24dcd2b52c1c224296519b02df00d,5:0,500,0xf8000000000010,14,9,9 0 0 0 0 0 0 0,1796182845
187,110,23348782,1790674814,0x65d3f783f7a9f2a30cf70a8b3f6789fe98779086,8:0,500,0x7c0000000000000000016,16,8,8 0 0 0 0 0 0 0,1795396794
77,148,23348793,1790674820,0x3f62ae0c7ed24dcd2b52c1c224296519b02df00d,11:0,500,0x3e0000000000000000000000001e,24,13,13 0 0 0 0 0 0 0,1796204445
187,111,23348823,1790674835,0x65d3f783f7a9f2a30cf70a8b3f6789fe98779086,6:0,500,0x1f000000000000012,12,8,8 0 0 0 0 0 0 0,1795418394
77,149,23348825,1790674836,0x3f62ae0c7ed24dcd2b52c1c224296519b02df00d,5:0,500,0xf8000000000022,6,4,4 0 0 0 0 0 0 0,1796226045
187,112,23348846,1790674847,0x65d3f783f7a9f2a30cf70a8b3f6789fe98779086,3:0,500,0x3e00000009,10,5,5 0 0 0 0 0 0 0,1795439994
76,82,23348857,1790674852,0x3f62ae0c7ed24dcd2b52c1c224296519b02df00d,16:0,500,0x7c0000000000000000000000000000000000029,14,8,8 0 0 0 0 0 0 0,1794778755
76,83,23348887,1790674868,0x3f62ae0c7ed24dcd2b52c1c224296519b02df00d,8:0,500,0x7c0000000000000000025,16,8,8 0 0 0 0 0 0 0,1794800355
187,113,23348892,1790674870,0x65d3f783f7a9f2a30cf70a8b3f6789fe98779086,8:0,500,0x7c0000000000000000027,8,4,4 0 0 0 0 0 0 0,1795461594
77,150,23348929,1790674889,0x3f62ae0c7ed24dcd2b52c1c224296519b02df00d,3:0,500,0x3e0000002b,10,5,5 0 0 0 0 0 0 0,1796247645
187,114,23348937,1790674893,0x65d3f783f7a9f2a30cf70a8b3f6789fe98779086,16:0,500,0x7c0000000000000000000000000000000000023,6,4,4 0 0 0 0 0 0 0,1795483194
77,151,23348955,1790674903,0x3f62ae0c7ed24dcd2b52c1c224296519b02df00d,17:0,500,0xf800000000000000000000000000000000000000f,10,8,8 0 0 0 0 0 0 0,1796269245
187,115,23348984,1790674917,0x65d3f783f7a9f2a30cf70a8b3f6789fe98779086,17:0,500,0xf800000000000000000000000000000000000000c,7,4,4 0 0 0 0 0 0 0,1795504794
77,152,23349008,1790674929,0x3f62ae0c7ed24dcd2b52c1c224296519b02df00d,10:0,500,0x1f00000000000000000000002d,8,8,8 0 0 0 0 0 0 0,1796290845
187,116,23349030,1790674940,0x65d3f783f7a9f2a30cf70a8b3f6789fe98779086,1:0,500,0xf8006,9,5,5 0 0 0 0 0 0 0,1795526394
77,153,23349041,1790674946,0x3f62ae0c7ed24dcd2b52c1c224296519b02df00d,2:0,500,0x1f000006,8,5,5 0 0 0 0 0 0 0,1796312445
77,154,23349072,1790674962,0x3f62ae0c7ed24dcd2b52c1c224296519b02df00d,14:0,500,0x1f000000000000000000000000000000034,13,8,8 0 0 0 0 0 0 0,1796334045
187,117,23349076,1790674964,0x65d3f783f7a9f2a30cf70a8b3f6789fe98779086,7:0,500,0x3e00000000000000014,18,9,9 0 0 0 0 0 0 0,1795547994
77,155,23349103,1790674977,0x3f62ae0c7ed24dcd2b52c1c224296519b02df00d,14:0,500,0x1f00000000000000000000000000000002f,17,9,9 0 0 0 0 0 0 0,1796355645
187,118,23349118,1790674985,0x65d3f783f7a9f2a30cf70a8b3f6789fe98779086,19:0,500,0x3e00000000000000000000000000000000000000000025,13,8,8 0 0 0 0 0 0 0,1795569594
77,156,23349134,1790674993,0x3f62ae0c7ed24dcd2b52c1c224296519b02df00d,7:0,500,0x3e00000000000000020,16,8,8 0 0 0 0 0 0 0,1796377245
187,119,23349140,1790674996,0x65d3f783f7a9f2a30cf70a8b3f6789fe98779086,17:0,500,0xf8000000000000000000000000000000000000011,10,8,8 0 0 0 0 0 0 0,1795591194
77,157,23349170,1790675011,0x3f62ae0c7ed24dcd2b52c1c224296519b02df00d,4:0,500,0x7c0000000029,8,5,5 0 0 0 0 0 0 0,1796398845
187,120,23349182,1790675017,0x65d3f783f7a9f2a30cf70a8b3f6789fe98779086,18:0,500,0x1f000000000000000000000000000000000000000004,12,8,8 0 0 0 0 0 0 0,1795612794
77,158,23349199,1790675026,0x3f62ae0c7ed24dcd2b52c1c224296519b02df00d,8:0,500,0x7c000000000000000001a,16,8,8 0 0 0 0 0 0 0,1796420445
187,121,23349224,1790675039,0x65d3f783f7a9f2a30cf70a8b3f6789fe98779086,10:0,500,0x1f000000000000000000000038,5,4,4 0 0 0 0 0 0 0,1795634394
77,159,23349229,1790675041,0x3f62ae0c7ed24dcd2b52c1c224296519b02df00d,7:0,500,0x3e00000000000000009,8,4,4 0 0 0 0 0 0 0,1796442045
77,160,23349257,1790675055,0x3f62ae0c7ed24dcd2b52c1c224296519b02df00d,12:0,500,0x7c000000000000000000000000002a,13,8,8 0 0 0 0 0 0 0,1796463645
187,122,23349266,1790675060,0x65d3f783f7a9f2a30cf70a8b3f6789fe98779086,12:0,500,0x7c000000000000000000000000003a,5,4,4 0 0 0 0 0 0 0,1795655994
77,161,23349299,1790675077,0x3f62ae0c7ed24dcd2b52c1c224296519b02df00d,8:0,500,0x7c000000000000000003a,8,4,4 0 0 0 0 0 0 0,1796485245
187,123,23349319,1790675087,0x65d3f783f7a9f2a30cf70a8b3f6789fe98779086,11:0,500,0x3e00000000000000000000000037,16,9,9 0 0 0 0 0 0 0,1795677594
77,162,23349332,1790675093,0x3f62ae0c7ed24dcd2b52c1c224296519b02df00d,5:0,500,0xf800000000000a,24,14,14 0 0 0 0 0 0 0,1796506845
77,163,23349360,1790675108,0x3f62ae0c7ed24dcd2b52c1c224296519b02df00d,2:0,500,0x1f00002a,16,10,10 0 0 0 0 0 0 0,1796528445
187,124,23349361,1790675108,0x65d3f783f7a9f2a30cf70a8b3f6789fe98779086,8:0,500,0x7c000000000000000003c,16,8,8 0 0 0 0 0 0 0,1795699194
77,164,23349408,1790675132,0x3f62ae0c7ed24dcd2b52c1c224296519b02df00d,8:0,500,0x7c0000000000000000033,16,8,8 0 0 0 0 0 0 0,1796550045
187,125,23349429,1790675143,0x65d3f783f7a9f2a30cf70a8b3f6789fe98779086,15:0,500,0x3e00000000000000000000000000000000012,6,4,4 0 0 0 0 0 0 0,1795720794
77,165,23349434,1790675145,0x3f62ae0c7ed24dcd2b52c1c224296519b02df00d,11:0,500,0x3e0000000000000000000000000f,6,4,4 0 0 0 0 0 0 0,1796571645
187,126,23349456,1790675156,0x65d3f783f7a9f2a30cf70a8b3f6789fe98779086,9:0,500,0xf800000000000000000001c,12,8,8 0 0 0 0 0 0 0,1795742394
77,166,23349468,1790675162,0x3f62ae0c7ed24dcd2b52c1c224296519b02df00d,8:0,500,0x7c0000000000000000000,8,4,4 0 0 0 0 0 0 0,1796593245
77,167,23349497,1790675177,0x3f62ae0c7ed24dcd2b52c1c224296519b02df00d,10:0,500,0x1f000000000000000000000030,5,4,4 0 0 0 0 0 0 0,1796614845
187,127,23349499,1790675178,0x65d3f783f7a9f2a30cf70a8b3f6789fe98779086,2:0,500,0x1f00003a,8,5,5 0 0 0 0 0 0 0,1795763994
77,168,23349532,1790675195,0x3f62ae0c7ed24dcd2b52c1c224296519b02df00d,10:0,500,0x1f000000000000000000000007,8,8,8 0 0 0 0 0 0 0,1796636445
187,128,23349545,1790675201,0x65d3f783f7a9f2a30cf70a8b3f6789fe98779086,5:0,500,0xf8000000000003,6,4,4 0 0 0 0 0 0 0,1795785594
77,169,23349568,1790675213,0x3f62ae0c7ed24dcd2b52c1c224296519b02df00d,8:0,500,0x7c0000000000000000031,16,8,8 0 0 0 0 0 0 0,1796658045
187,129,23349591,1790675225,0x65d3f783f7a9f2a30cf70a8b3f6789fe98779086,13:0,500,0xf800000000000000000000000000003e,23,13,13 0 0 0 0 0 0 0,1795807194
77,170,23349608,1790675233,0x3f62ae0c7ed24dcd2b52c1c224296519b02df00d,9:0,500,0xf800000000000000000003b,22,13,13 0 0 0 0 0 0 0,1796679645
187,130,23349660,1790675260,0x65d3f783f7a9f2a30cf70a8b3f6789fe98779086,12:0,500,0x7c000000000000000000000000003e,13,8,8 0 0 0 0 0 0 0,1795828794
77,171,23349688,1790675274,0x3f62ae0c7ed24dcd2b52c1c224296519b02df00d,8:0,500,0x7c0000000000000000029,8,4,4 0 0 0 0 0 0 0,1796701245
187,131,23349711,1790675286,0x65d3f783f7a9f2a30cf70a8b3f6789fe98779086,18:0,500,0x1f00000000000000000000000000000000000000000c,7,4,4 0 0 0 0 0 0 0,1795850394
77,172,23349716,1790675288,0x3f62ae0c7ed24dcd2b52c1c224296519b02df00d,5:0,500,0xf8000000000014,6,4,4 0 0 0 0 0 0 0,1796722845
77,173,23349737,1790675299,0x3f62ae0c7ed24dcd2b52c1c224296519b02df00d,4:0,500,0x7c0000000027,17,10,10 0 0 0 0 0 0 0,1796744445
187,132,23349755,1790675308,0x65d3f783f7a9f2a30cf70a8b3f6789fe98779086,5:0,500,0xf800000000001f,14,9,9 0 0 0 0 0 0 0,1795871994
187,133,23349797,1790675329,0x65d3f783f7a9f2a30cf70a8b3f6789fe98779086,5:0,500,0xf8000000000001,6,4,4 0 0 0 0 0 0 0,1795893594
77,174,23349814,1790675338,0x3f62ae0c7ed24dcd2b52c1c224296519b02df00d,3:0,500,0x3e0000002b,19,10,10 0 0 0 0 0 0 0,1796766045
187,134,23349821,1790675341,0x65d3f783f7a9f2a30cf70a8b3f6789fe98779086,19:0,500,0x3e00000000000000000000000000000000000000000008,8,4,4 0 0 0 0 0 0 0,1795915194
77,175,23349847,1790675355,0x3f62ae0c7ed24dcd2b52c1c224296519b02df00d,4:0,500,0x7c000000002b,8,5,5 0 0 0 0 0 0 0,1796787645
187,135,23349871,1790675367,0x65d3f783f7a9f2a30cf70a8b3f6789fe98779086,2:0,500,0x1f000006,16,10,10 0 0 0 0 0 0 0,1795936794
77,176,23349871,1790675367,0x3f62ae0c7ed24dcd2b52c1c224296519b02df00d,4:0,500,0x7c000000003f,27,15,15 0 0 0 0 0 0 0,1796809245
187,136,23349893,1790675378,0x65d3f783f7a9f2a30cf70a8b3f6789fe98779086,16:0,500,0x7c000000000000000000000000000000000000e,14,8,8 0 0 0 0 0 0 0,1795958394
77,177,23349912,1790675388,0x3f62ae0c7ed24dcd2b52c1c224296519b02df00d,1:0,500,0xf8024,19,10,10 0 0 0 0 0 0 0,1796830845
187,137,23349934,1790675399,0x65d3f783f7a9f2a30cf70a8b3f6789fe98779086,14:0,500,0x1f00000000000000000000000000000001f,13,8,8 0 0 0 0 0 0 0,1795979994
77,178,23349949,1790675406,0x3f62ae0c7ed24dcd2b52c1c224296519b02df00d,6:0,500,0x1f000000000000001,12,8,8 0 0 0 0 0 0 0,1796852445
77,179,23349978,1790675421,0x3f62ae0c7ed24dcd2b52c1c224296519b02df00d,5:0,500,0xf8000000000014,14,9,9 0 0 0 0 0 0 0,1796874045
187,138,23349984,1790675424,0x65d3f783f7a9f2a30cf70a8b3f6789fe98779086,2:0,500,0x1f000023,8,5,5 0 0 0 0 0 0 0,1796001594
77,180,23350002,1790675433,0x3f62ae0c7ed24dcd2b52c1c224296519b02df00d,10:0,500,0x1f000000000000000000000025,5,4,4 0 0 0 0 0 0 0,1796895645
77,181,23350031,1790675448,0x3f62ae0c7ed24dcd2b52c1c224296519b02df00d,12:0,500,0x7c000000000000000000000000003a,5,4,4 0 0 0 0 0 0 0,1796917245
187,139,23350039,1790675452,0x65d3f783f7a9f2a30cf70a8b3f6789fe98779086,9:0,500,0xf8000000000000000000011,5,4,4 0 0 0 0 0 0 0,1796023194
77,182,23350060,1790675463,0x3f62ae0c7ed24dcd2b52c1c224296519b02df00d,16:0,500,0x7c000000000000000000000000000000000000a,14,8,8 0 0 0 0 0 0 0,1796938845
187,140,23350083,1790675474,0x65d3f783f7a9f2a30cf70a8b3f6789fe98779086,2:0,500,0x1f000010,26,15,15 0 0 0 0 0 0 0,1796044794
187,141,23350106,1790675486,0x65d3f783f7a9f2a30cf70a8b3f6789fe98779086,14:0,500,0x1f000000000000000000000000000000010,7,4,4 0 0 0 0 0 0 0,1796066394
77,183,23350106,1790675486,0x3f62ae0c7ed24dcd2b52c1c224296519b02df00d,14:0,500,0x1f00000000000000000000000000000000f,13,8,8 0 0 0 0 0 0 0,1796960445
322,103,23353379,1790677146,0x2122e553875fe2d0e24eb0eb220ea7da258ddd5d,19:0,500,0x3e00000000000000000000000000000000000000000029,21,12,12 0 0 0 0 0 0 0,1795292532
322,104,23353396,1790677155,0x2122e553875fe2d0e24eb0eb220ea7da258ddd5d,16:0,500,0x7c0000000000000000000000000000000000032,14,8,8 0 0 0 0 0 0 0,1795314132
322,105,23353409,1790677162,0x2122e553875fe2d0e24eb0eb220ea7da258ddd5d,19:0,500,0x3e00000000000000000000000000000000000000000000,8,4,4 0 0 0 0 0 0 0,1795335732
322,106,23353426,1790677170,0x2122e553875fe2d0e24eb0eb220ea7da258ddd5d,16:0,500,0x7c000000000000000000000000000000000003f,6,4,4 0 0 0 0 0 0 0,1795357332
322,107,23353443,1790677179,0x2122e553875fe2d0e24eb0eb220ea7da258ddd5d,19:0,500,0x3e0000000000000000000000000000000000000000003b,23,13,13 0 0 0 0 0 0 0,1795378932
322,108,23353485,1790677200,0x2122e553875fe2d0e24eb0eb220ea7da258ddd5d,19:0,500,0x3e00000000000000000000000000000000000000000000,8,4,4 0 0 0 0 0 0 0,1795400532
322,109,23353503,1790677209,0x2122e553875fe2d0e24eb0eb220ea7da258ddd5d,9:0,500,0xf8000000000000000000036,12,8,8 0 0 0 0 0 0 0,1795422132
322,110,23353525,1790677220,0x2122e553875fe2d0e24eb0eb220ea7da258ddd5d,19:0,500,0x3e00000000000000000000000000000000000000000016,13,8,8 0 0 0 0 0 0 0,1795443732
322,111,23353557,1790677236,0x2122e553875fe2d0e24eb0eb220ea7da258ddd5d,19:0,500,0x3e00000000000000000000000000000000000000000024,8,4,4 0 0 0 0 0 0 0,1795465332
322,112,23353590,1790677253,0x2122e553875fe2d0e24eb0eb220ea7da258ddd5d,10:0,500,0x1f000000000000000000000001,8,8,8 0 0 0 0 0 0 0,1795486932
322,113,23353613,1790677265,0x2122e553875fe2d0e24eb0eb220ea7da258ddd5d,19:0,500,0x3e00000000000000000000000000000000000000000016,13,8,8 0 0 0 0 0 0 0,1795508532
322,114,23353630,1790677274,0x2122e553875fe2d0e24eb0eb220ea7da258ddd5d,19:0,500,0x3e0000000000000000000000000000000000000000001b,8,4,4 0 0 0 0 0 0 0,1795530132
322,115,23353649,1790677283,0x2122e553875fe2d0e24eb0eb220ea7da258ddd5d,19:0,500,0x3e0000000000000000000000000000000000000000002b,21,12,12 0 0 0 0 0 0 0,1795551732
322,116,23353683,1790677300,0x2122e553875fe2d0e24eb0eb220ea7da258ddd5d,3:0,500,0x3e00000033,20,10,10 0 0 0 0 0 0 0,1795573332
322,117,23353804,1790677362,0x2122e553875fe2d0e24eb0eb220ea7da258ddd5d,13:0,500,0xf8000000000000000000000000000020,8,4,4 0 0 0 0 0 0 0,1795594932
322,118,23354043,1790677483,0x2122e553875fe2d0e24eb0eb220ea7da258ddd5d,19:0,500,0x3e00000000000000000000000000000000000000000025,8,4,4 0 0 0 0 0 0 0,1795616532
322,119,23354060,1790677492,0x2122e553875fe2d0e24eb0eb220ea7da258ddd5d,16:0,500,0x7c0000000000000000000000000000000000030,14,8,8 0 0 0 0 0 0 0,1795638132
322,120,23354077,1790677500,0x2122e553875fe2d0e24eb0eb220ea7da258ddd5d,11:0,500,0x3e0000000000000000000000003c,6,4,4 0 0 0 0 0 0 0,1795659732
322,121,23354100,1790677512,0x2122e553875fe2d0e24eb0eb220ea7da258ddd5d,11:0,500,0x3e00000000000000000000000023,24,13,13 0 0 0 0 0 0 0,1795681332
322,122,23354124,1790677524,0x2122e553875fe2d0e24eb0eb220ea7da258ddd5d,18:0,500,0x1f000000000000000000000000000000000000000039,7,4,4 0 0 0 0 0 0 0,1795702932
322,123,23354141,1790677533,0x2122e553875fe2d0e24eb0eb220ea7da258ddd5d,12:0,500,0x7c000000000000000000000000003a,5,4,4 0 0 0 0 0 0 0,1795724532
322,124,23354162,1790677543,0x2122e553875fe2d0e24eb0eb220ea7da258ddd5d,1:0,500,0xf8018,19,10,10 0 0 0 0 0 0 0,1795746132
322,125,23354206,1790677566,0x2122e553875fe2d0e24eb0eb220ea7da258ddd5d,10:0,500,0x1f000000000000000000000021,5,4,4 0 0 0 0 0 0 0,1795767732
322,126,23354283,1790677605,0x2122e553875fe2d0e24eb0eb220ea7da258ddd5d,19:0,500,0x3e0000000000000000000000000000000000000000000d,13,8,8 0 0 0 0 0 0 0,1795789332
322,127,23354331,1790677629,0x2122e553875fe2d0e24eb0eb220ea7da258ddd5d,19:0,500,0x3e00000000000000000000000000000000000000000013,8,4,4 0 0 0 0 0 0 0,1795810932
322,128,23354364,1790677646,0x2122e553875fe2d0e24eb0eb220ea7da258ddd5d,11:0,500,0x3e0000000000000000000000002d,16,9,9 0 0 0 0 0 0 0,1795832532
322,129,23354392,1790677660,0x2122e553875fe2d0e24eb0eb220ea7da258ddd5d,10:0,500,0x1f00000000000000000000001f,8,8,8 0 0 0 0 0 0 0,1795854132
322,130,23354412,1790677670,0x2122e553875fe2d0e24eb0eb220ea7da258ddd5d,6:0,500,0x1f000000000000028,12,8,8 0 0 0 0 0 0 0,1795875732
322,131,23354446,1790677688,0x2122e553875fe2d0e24eb0eb220ea7da258ddd5d,8:0,500,0x7c000000000000000002a,8,4,4 0 0 0 0 0 0 0,1795897332
27,124,23354663,1790677797,0x81b4bf458a73ea46fadd46ee8236e5f94c4eb8e0,10:0,500,0x1f000000000000000000000008,5,4,4 0 0 0 0 0 0 0,1795681950
169,6,23356086,1790678519,0x52c2947e6df632d9be6323f7fee666e95e4aa386,9:2,4000,0x7f8000000000000000000002,17,12,12 0 0 0 0 0 0 0,1793148269
170,6,23356098,1790678525,0x52c2947e6df632d9be6323f7fee666e95e4aa386,4:2,4000,0x3fc000000002b,16,10,10 0 0 0 0 0 0 0,1793148314
171,5,23356112,1790678533,0x52c2947e6df632d9be6323f7fee666e95e4aa386,6:2,4000,0xff00000000000002e,18,12,12 0 0 0 0 0 0 0,1793126729
169,7,23356149,1790678551,0x52c2947e6df632d9be6323f7fee666e95e4aa386,8:1,2000,0x1fc0000000000000000020,8,4,4 0 0 0 0 0 0 0,1793169869
198,5,23359644,1790680324,0x9194331dc33cde506a635cb2bde30a88246cb9cf,10:0,500,0x1f000000000000000000000016,5,4,4 0 0 0 0 0 0 0,1793132700
14,11,23361056,1790681041,0x1b1829e31d3f85210ea84c2b62f59faa47687c7e,1:0,500,0xf8038,9,5,5 0 0 0 0 0 0 0,1793238799
328,16,23363468,1790682264,0x0b1ba22af3fb3ad6247ba5d4413b6649edd40819,14:0,500,0x1f000000000000000000000000000000016,13,8,8 0 0 0 0 0 0 0,1793416100
328,17,23363557,1790682309,0x0b1ba22af3fb3ad6247ba5d4413b6649edd40819,15:0,500,0x3e00000000000000000000000000000000023,20,13,13 0 0 0 0 0 0 0,1793437700
199,7,23363957,1790682512,0x0b1ba22af3fb3ad6247ba5d4413b6649edd40819,15:0,500,0x3e00000000000000000000000000000000006,6,4,4 0 0 0 0 0 0 0,1793176201
202,4,23365287,1790683187,0x51ff767cdd5112be157b12b5b1c7713608fc2601,1:0,500,0xf8037,19,10,10 0 0 0 0 0 0 0,1793111899
210,3,23365303,1790683195,0x51ff767cdd5112be157b12b5b1c7713608fc2601,1:0,500,0xf801c,9,5,5 0 0 0 0 0 0 0,1793093511
202,5,23365495,1790683292,0x51ff767cdd5112be157b12b5b1c7713608fc2601,11:0,500,0x3e0000000000000000000000000d,14,8,8 0 0 0 0 0 0 0,1793133499
55,53,23365704,1790683398,0xac0e67aaaa15dc791153b64df4a9d121dce797e5,4:0,500,0x7c000000000a,8,5,5 0 0 0 0 0 0 0,1794151120
196,25,23365704,1790683398,0xac0e67aaaa15dc791153b64df4a9d121dce797e5,6:0,500,0x1f00000000000002c,5,4,4 0 0 0 0 0 0 0,1793561718
323,10,23365704,1790683398,0xac0e67aaaa15dc791153b64df4a9d121dce797e5,2:0,500,0x1f000002,8,5,5 0 0 0 0 0 0 0,1793284042
305,16,23366713,1790683910,0xa754afb7549fce6e666bfcd6d4a4064c7d732d0e,5:1,2000,0x3f8000000000014,14,9,9 0 0 0 0 0 0 0,1793411373
305,17,23366747,1790683927,0xa754afb7549fce6e666bfcd6d4a4064c7d732d0e,6:1,2000,0x7f000000000000039,22,13,13 0 0 0 0 0 0 0,1793432973
305,18,23366769,1790683938,0xa754afb7549fce6e666bfcd6d4a4064c7d732d0e,7:1,2000,0xfe0000000000000000c,24,12,12 0 0 0 0 0 0 0,1793454573
305,19,23366794,1790683951,0xa754afb7549fce6e666bfcd6d4a4064c7d732d0e,8:1,2000,0x1fc0000000000000000035,16,8,8 0 0 0 0 0 0 0,1793476173
305,20,23366822,1790683966,0xa754afb7549fce6e666bfcd6d4a4064c7d732d0e,9:1,2000,0x3f8000000000000000000038,17,12,12 0 0 0 0 0 0 0,1793497773
202,6,23366932,1790684021,0x51ff767cdd5112be157b12b5b1c7713608fc2601,7:0,500,0x3e00000000000000011,18,9,9 0 0 0 0 0 0 0,1793155099
305,21,23366957,1790684034,0xa754afb7549fce6e666bfcd6d4a4064c7d732d0e,12:1,2000,0x1fc0000000000000000000000000007,17,12,12 0 0 0 0 0 0 0,1793519373
202,7,23366969,1790684040,0x51ff767cdd5112be157b12b5b1c7713608fc2601,1:0,500,0xf8006,9,5,5 0 0 0 0 0 0 0,1793176699
305,22,23366986,1790684048,0xa754afb7549fce6e666bfcd6d4a4064c7d732d0e,10:1,2000,0x7f000000000000000000000032,16,12,12 0 0 0 0 0 0 0,1793540973
305,23,23367015,1790684063,0xa754afb7549fce6e666bfcd6d4a4064c7d732d0e,11:1,2000,0xfe00000000000000000000000020,20,12,12 0 0 0 0 0 0 0,1793562573
161,11,23367115,1790684114,0xe79ca7d5c265c93be2b23e4e04ba9d8357622db7,1:0,500,0xf8038,19,10,10 0 0 0 0 0 0 0,1793255801
202,8,23367117,1790684115,0x51ff767cdd5112be157b12b5b1c7713608fc2601,7:0,500,0x3e00000000000000025,16,8,8 0 0 0 0 0 0 0,1793198299
202,9,23367145,1790684129,0x51ff767cdd5112be157b12b5b1c7713608fc2601,11:0,500,0x3e0000000000000000000000002d,6,4,4 0 0 0 0 0 0 0,1793219899
246,11,23367150,1790684132,0xe79ca7d5c265c93be2b23e4e04ba9d8357622db7,3:0,500,0x3e0000002f,10,5,5 0 0 0 0 0 0 0,1793273090
202,10,23367231,1790684173,0x51ff767cdd5112be157b12b5b1c7713608fc2601,8:0,500,0x7c0000000000000000038,16,8,8 0 0 0 0 0 0 0,1793241499
202,11,23367278,1790684197,0x51ff767cdd5112be157b12b5b1c7713608fc2601,8:0,500,0x7c0000000000000000035,8,4,4 0 0 0 0 0 0 0,1793263099
161,12,23367309,1790684212,0xe79ca7d5c265c93be2b23e4e04ba9d8357622db7,9:0,500,0xf800000000000000000000c,5,4,4 0 0 0 0 0 0 0,1793277401
202,12,23367356,1790684236,0x51ff767cdd5112be157b12b5b1c7713608fc2601,8:0,500,0x7c000000000000000003b,26,13,13 0 0 0 0 0 0 0,1793284699
202,13,23367394,1790684255,0x51ff767cdd5112be157b12b5b1c7713608fc2601,8:0,500,0x7c000000000000000000b,8,4,4 0 0 0 0 0 0 0,1793306299
202,14,23367433,1790684275,0x51ff767cdd5112be157b12b5b1c7713608fc2601,8:0,500,0x7c0000000000000000033,16,8,8 0 0 0 0 0 0 0,1793327899
161,13,23367435,1790684276,0xe79ca7d5c265c93be2b23e4e04ba9d8357622db7,12:0,500,0x7c0000000000000000000000000009,13,8,8 0 0 0 0 0 0 0,1793299001
161,14,23367488,1790684303,0xe79ca7d5c265c93be2b23e4e04ba9d8357622db7,16:0,500,0x7c0000000000000000000000000000000000017,14,8,8 0 0 0 0 0 0 0,1793320601
161,15,23367658,1790684389,0xe79ca7d5c265c93be2b23e4e04ba9d8357622db7,19:0,500,0x3e0000000000000000000000000000000000000000001e,13,8,8 0 0 0 0 0 0 0,1793342201
246,12,23367725,1790684423,0xe79ca7d5c265c93be2b23e4e04ba9d8357622db7,11:0,500,0x3e00000000000000000000000036,6,4,4 0 0 0 0 0 0 0,1793294690
246,13,23367825,1790684474,0xe79ca7d5c265c93be2b23e4e04ba9d8357622db7,13:0,500,0xf8000000000000000000000000000033,13,8,8 0 0 0 0 0 0 0,1793316290
246,14,23367907,1790684515,0xe79ca7d5c265c93be2b23e4e04ba9d8357622db7,17:0,500,0xf8000000000000000000000000000000000000005,7,4,4 0 0 0 0 0 0 0,1793337890
246,15,23368017,1790684571,0xe79ca7d5c265c93be2b23e4e04ba9d8357622db7,4:0,500,0x7c0000000019,8,5,5 0 0 0 0 0 0 0,1793359490
209,3,23368091,1790684609,0x9194331dc33cde506a635cb2bde30a88246cb9cf,1:0,500,0xf801c,9,5,5 0 0 0 0 0 0 0,1793093508
198,6,23368325,1790684727,0x9194331dc33cde506a635cb2bde30a88246cb9cf,10:0,500,0x1f00000000000000000000003d,8,8,8 0 0 0 0 0 0 0,1793154300
20,21,23368344,1790684737,0xb528bf440e6c9dad0c15f7e5f4dc75655f7ae27b,1:0,500,0xf8009,19,10,10 0 0 0 0 0 0 0,1793455081
202,15,23368351,1790684741,0x51ff767cdd5112be157b12b5b1c7713608fc2601,8:0,500,0x7c0000000000000000029,8,4,4 0 0 0 0 0 0 0,1793349499
20,22,23368374,1790684752,0xb528bf440e6c9dad0c15f7e5f4dc75655f7ae27b,5:0,500,0xf8000000000015,14,9,9 0 0 0 0 0 0 0,1793476681
198,7,23368424,1790684778,0x9194331dc33cde506a635cb2bde30a88246cb9cf,7:0,500,0x3e00000000000000000,8,4,4 0 0 0 0 0 0 0,1793175900
202,16,23368425,1790684778,0x51ff767cdd5112be157b12b5b1c7713608fc2601,8:0,500,0x7c0000000000000000025,22,12,12 0 0 0 0 0 0 0,1793371099
198,8,23368451,1790684791,0x9194331dc33cde506a635cb2bde30a88246cb9cf,4:0,500,0x7c000000001c,18,10,10 0 0 0 0 0 0 0,1793197500
198,9,23368478,1790684805,0x9194331dc33cde506a635cb2bde30a88246cb9cf,1:0,500,0xf803a,9,5,5 0 0 0 0 0 0 0,1793219100
202,17,23368481,1790684807,0x51ff767cdd5112be157b12b5b1c7713608fc2601,8:0,500,0x7c000000000000000000d,8,4,4 0 0 0 0 0 0 0,1793392699
198,10,23368509,1790684821,0x9194331dc33cde506a635cb2bde30a88246cb9cf,7:0,500,0x3e00000000000000036,16,8,8 0 0 0 0 0 0 0,1793240700
198,11,23368536,1790684835,0x9194331dc33cde506a635cb2bde30a88246cb9cf,4:0,500,0x7c000000003a,17,10,10 0 0 0 0 0 0 0,1793262300
202,18,23368536,1790684835,0x51ff767cdd5112be157b12b5b1c7713608fc2601,8:0,500,0x7c0000000000000000025,16,8,8 0 0 0 0 0 0 0,1793414299
198,12,23368563,1790684848,0x9194331dc33cde506a635cb2bde30a88246cb9cf,1:0,500,0xf800f,19,10,10 0 0 0 0 0 0 0,1793283900
202,19,23368591,1790684862,0x51ff767cdd5112be157b12b5b1c7713608fc2601,8:0,500,0x7c0000000000000000023,18,9,9 0 0 0 0 0 0 0,1793435899
202,20,23368647,1790684891,0x51ff767cdd5112be157b12b5b1c7713608fc2601,8:0,500,0x7c000000000000000000e,16,8,8 0 0 0 0 0 0 0,1793457499
202,21,23368702,1790684919,0x51ff767cdd5112be157b12b5b1c7713608fc2601,8:0,500,0x7c0000000000000000018,8,4,4 0 0 0 0 0 0 0,1793479099
202,22,23368758,1790684947,0x51ff767cdd5112be157b12b5b1c7713608fc2601,8:0,500,0x7c0000000000000000000,16,8,8 0 0 0 0 0 0 0,1793500699
202,23,23368813,1790684975,0x51ff767cdd5112be157b12b5b1c7713608fc2601,8:0,500,0x7c0000000000000000000,14,8,8 0 0 0 0 0 0 0,1793522299
198,13,23368849,1790684993,0x9194331dc33cde506a635cb2bde30a88246cb9cf,13:1,2000,0x3f8000000000000000000000000000019,8,4,4 0 0 0 0 0 0 0,1793305500
202,24,23368868,1790685003,0x51ff767cdd5112be157b12b5b1c7713608fc2601,8:0,500,0x7c000000000000000001b,18,9,9 0 0 0 0 0 0 0,1793543899
198,14,23368876,1790685007,0x9194331dc33cde506a635cb2bde30a88246cb9cf,4:0,500,0x7c0000000023,18,10,10 0 0 0 0 0 0 0,1793327100
202,25,23368924,1790685031,0x51ff767cdd5112be157b12b5b1c7713608fc2601,8:0,500,0x7c000000000000000002d,8,4,4 0 0 0 0 0 0 0,1793565499
198,15,23368961,1790685050,0x9194331dc33cde506a635cb2bde30a88246cb9cf,5:0,500,0xf8000000000010,6,4,4 0 0 0 0 0 0 0,1793348700
202,26,23368979,1790685059,0x51ff767cdd5112be157b12b5b1c7713608fc2601,8:0,500,0x7c000000000000000001f,16,8,8 0 0 0 0 0 0 0,1793587099
198,16,23368991,1790685065,0x9194331dc33cde506a635cb2bde30a88246cb9cf,7:0,500,0x3e00000000000000011,8,4,4 0 0 0 0 0 0 0,1793370300
198,17,23369017,1790685079,0x9194331dc33cde506a635cb2bde30a88246cb9cf,4:0,500,0x7c0000000033,17,10,10 0 0 0 0 0 0 0,1793391900
202,27,23369035,1790685088,0x51ff767cdd5112be157b12b5b1c7713608fc2601,8:0,500,0x7c000000000000000003d,8,4,4 0 0 0 0 0 0 0,1793608699
198,18,23369044,1790685092,0x9194331dc33cde506a635cb2bde30a88246cb9cf,1:0,500,0xf8027,9,5,5 0 0 0 0 0 0 0,1793413500
202,28,23369090,1790685116,0x51ff767cdd5112be157b12b5b1c7713608fc2601,8:0,500,0x7c0000000000000000037,26,13,13 0 0 0 0 0 0 0,1793630299
198,19,23369118,1790685130,0x9194331dc33cde506a635cb2bde30a88246cb9cf,5:0,500,0xf800000000003a,14,9,9 0 0 0 0 0 0 0,1793435100
198,20,23369140,1790685141,0x9194331dc33cde506a635cb2bde30a88246cb9cf,5:0,500,0xf8000000000030,16,9,9 0 0 0 0 0 0 0,1793456700
202,29,23369146,1790685144,0x51ff767cdd5112be157b12b5b1c7713608fc2601,8:0,500,0x7c0000000000000000025,8,4,4 0 0 0 0 0 0 0,1793651899
198,21,23369161,1790685152,0x9194331dc33cde506a635cb2bde30a88246cb9cf,5:0,500,0xf8000000000032,14,9,9 0 0 0 0 0 0 0,1793478300
198,22,23369183,1790685163,0x9194331dc33cde506a635cb2bde30a88246cb9cf,5:0,500,0xf8000000000015,6,4,4 0 0 0 0 0 0 0,1793499900
202,30,23369201,1790685172,0x51ff767cdd5112be157b12b5b1c7713608fc2601,8:0,500,0x7c0000000000000000038,22,12,12 0 0 0 0 0 0 0,1793673499
198,23,23369204,1790685173,0x9194331dc33cde506a635cb2bde30a88246cb9cf,5:0,500,0xf800000000001f,14,9,9 0 0 0 0 0 0 0,1793521500
198,24,23369226,1790685185,0x9194331dc33cde506a635cb2bde30a88246cb9cf,5:0,500,0xf800000000003e,6,4,4 0 0 0 0 0 0 0,1793543100
198,25,23369247,1790685195,0x9194331dc33cde506a635cb2bde30a88246cb9cf,5:0,500,0xf800000000001f,19,13,13 0 0 0 0 0 0 0,1793564700
202,31,23369257,1790685200,0x51ff767cdd5112be157b12b5b1c7713608fc2601,8:0,500,0x7c0000000000000000025,8,4,4 0 0 0 0 0 0 0,1793695099
198,26,23369269,1790685206,0x9194331dc33cde506a635cb2bde30a88246cb9cf,5:0,500,0xf800000000003a,16,9,9 0 0 0 0 0 0 0,1793586300
198,27,23369290,1790685217,0x9194331dc33cde506a635cb2bde30a88246cb9cf,5:0,500,0xf8000000000018,14,9,9 0 0 0 0 0 0 0,1793607900
202,32,23369312,1790685228,0x51ff767cdd5112be157b12b5b1c7713608fc2601,8:0,500,0x7c000000000000000002e,16,8,8 0 0 0 0 0 0 0,1793716699
198,28,23369312,1790685228,0x9194331dc33cde506a635cb2bde30a88246cb9cf,5:0,500,0xf800000000001b,6,4,4 0 0 0 0 0 0 0,1793629500
198,29,23369333,1790685239,0x9194331dc33cde506a635cb2bde30a88246cb9cf,5:0,500,0xf800000000003a,14,9,9 0 0 0 0 0 0 0,1793651100
198,30,23369355,1790685250,0x9194331dc33cde506a635cb2bde30a88246cb9cf,5:0,500,0xf8000000000017,6,4,4 0 0 0 0 0 0 0,1793672700
202,33,23369368,1790685257,0x51ff767cdd5112be157b12b5b1c7713608fc2601,8:0,500,0x7c000000000000000002f,18,9,9 0 0 0 0 0 0 0,1793738299
198,31,23369398,1790685272,0x9194331dc33cde506a635cb2bde30a88246cb9cf,5:0,500,0xf8000000000008,14,9,9 0 0 0 0 0 0 0,1793694300
198,32,23369420,1790685283,0x9194331dc33cde506a635cb2bde30a88246cb9cf,5:0,500,0xf8000000000007,11,8,8 0 0 0 0 0 0 0,1793715900
202,34,23369423,1790685285,0x51ff767cdd5112be157b12b5b1c7713608fc2601,8:0,500,0x7c0000000000000000029,16,8,8 0 0 0 0 0 0 0,1793759899
198,33,23369440,1790685293,0x9194331dc33cde506a635cb2bde30a88246cb9cf,5:0,500,0xf8000000000025,14,9,9 0 0 0 0 0 0 0,1793737500
198,34,23369462,1790685304,0x9194331dc33cde506a635cb2bde30a88246cb9cf,5:0,500,0xf800000000003b,16,9,9 0 0 0 0 0 0 0,1793759100
202,35,23369478,1790685312,0x51ff767cdd5112be157b12b5b1c7713608fc2601,8:0,500,0x7c0000000000000000032,8,4,4 0 0 0 0 0 0 0,1793781499
198,35,23369484,1790685315,0x9194331dc33cde506a635cb2bde30a88246cb9cf,5:0,500,0xf8000000000036,14,9,9 0 0 0 0 0 0 0,1793780700
198,36,23369505,1790685326,0x9194331dc33cde506a635cb2bde30a88246cb9cf,5:0,500,0xf800000000001d,6,4,4 0 0 0 0 0 0 0,1793802300
198,37,23369526,1790685337,0x9194331dc33cde506a635cb2bde30a88246cb9cf,5:0,500,0xf8000000000005,14,9,9 0 0 0 0 0 0 0,1793823900
202,36,23369534,1790685341,0x51ff767cdd5112be157b12b5b1c7713608fc2601,8:0,500,0x7c0000000000000000005,16,8,8 0 0 0 0 0 0 0,1793803099
198,38,23369548,1790685348,0x9194331dc33cde506a635cb2bde30a88246cb9cf,5:0,500,0xf800000000002d,6,4,4 0 0 0 0 0 0 0,1793845500
198,39,23369570,1790685359,0x9194331dc33cde506a635cb2bde30a88246cb9cf,5:0,500,0xf8000000000023,19,13,13 0 0 0 0 0 0 0,1793867100
202,37,23369590,1790685369,0x51ff767cdd5112be157b12b5b1c7713608fc2601,8:0,500,0x7c0000000000000000023,14,8,8 0 0 0 0 0 0 0,1793824699
198,40,23369591,1790685370,0x9194331dc33cde506a635cb2bde30a88246cb9cf,5:0,500,0xf8000000000004,6,4,4 0 0 0 0 0 0 0,1793888700
198,41,23369612,1790685380,0x9194331dc33cde506a635cb2bde30a88246cb9cf,5:0,500,0xf8000000000012,14,9,9 0 0 0 0 0 0 0,1793910300
198,42,23369634,1790685392,0x9194331dc33cde506a635cb2bde30a88246cb9cf,5:0,500,0xf8000000000034,16,9,9 0 0 0 0 0 0 0,1793931900
202,38,23369644,1790685397,0x51ff767cdd5112be157b12b5b1c7713608fc2601,8:0,500,0x7c000000000000000000b,16,8,8 0 0 0 0 0 0 0,1793846299
198,43,23369655,1790685402,0x9194331dc33cde506a635cb2bde30a88246cb9cf,5:0,500,0xf8000000000020,14,9,9 0 0 0 0 0 0 0,1793953500
198,44,23369677,1790685413,0x9194331dc33cde506a635cb2bde30a88246cb9cf,5:0,500,0xf800000000001d,6,4,4 0 0 0 0 0 0 0,1793975100
198,45,23369698,1790685424,0x9194331dc33cde506a635cb2bde30a88246cb9cf,5:0,500,0xf8000000000039,14,9,9 0 0 0 0 0 0 0,1793996700
202,39,23369700,1790685425,0x51ff767cdd5112be157b12b5b1c7713608fc2601,8:0,500,0x7c000000000000000003b,8,4,4 0 0 0 0 0 0 0,1793867899
198,46,23369720,1790685435,0x9194331dc33cde506a635cb2bde30a88246cb9cf,5:0,500,0xf800000000003d,11,8,8 0 0 0 0 0 0 0,1794018300
198,47,23369741,1790685446,0x9194331dc33cde506a635cb2bde30a88246cb9cf,5:0,500,0xf8000000000013,14,9,9 0 0 0 0 0 0 0,1794039900
202,40,23369756,1790685453,0x51ff767cdd5112be157b12b5b1c7713608fc2601,8:0,500,0x7c000000000000000003c,28,14,14 0 0 0 0 0 0 0,1793889499
198,48,23369763,1790685457,0x9194331dc33cde506a635cb2bde30a88246cb9cf,5:0,500,0xf8000000000027,16,9,9 0 0 0 0 0 0 0,1794061500
198,49,23369784,1790685468,0x9194331dc33cde506a635cb2bde30a88246cb9cf,5:0,500,0xf800000000000e,14,9,9 0 0 0 0 0 0 0,1794083100
198,50,23369806,1790685479,0x9194331dc33cde506a635cb2bde30a88246cb9cf,5:0,500,0xf800000000002a,6,4,4 0 0 0 0 0 0 0,1794104700
202,41,23369811,1790685481,0x51ff767cdd5112be157b12b5b1c7713608fc2601,8:0,500,0x7c0000000000000000016,8,4,4 0 0 0 0 0 0 0,1793911099
198,51,23369827,1790685489,0x9194331dc33cde506a635cb2bde30a88246cb9cf,5:0,500,0xf8000000000036,14,9,9 0 0 0 0 0 0 0,1794126300
198,52,23369848,1790685500,0x9194331dc33cde506a635cb2bde30a88246cb9cf,5:0,500,0xf8000000000030,6,4,4 0 0 0 0 0 0 0,1794147900
202,42,23369867,1790685510,0x51ff767cdd5112be157b12b5b1c7713608fc2601,8:0,500,0x7c0000000000000000038,16,8,8 0 0 0 0 0 0 0,1793932699
198,53,23369870,1790685511,0x9194331dc33cde506a635cb2bde30a88246cb9cf,5:0,500,0xf8000000000020,19,13,13 0 0 0 0 0 0 0,1794169500
198,54,23369892,1790685522,0x9194331dc33cde506a635cb2bde30a88246cb9cf,5:0,500,0xf8000000000038,16,9,9 0 0 0 0 0 0 0,1794191100
198,55,23369913,1790685533,0x9194331dc33cde506a635cb2bde30a88246cb9cf,5:0,500,0xf8000000000009,14,9,9 0 0 0 0 0 0 0,1794212700
198,56,23369935,1790685544,0x9194331dc33cde506a635cb2bde30a88246cb9cf,5:0,500,0xf8000000000034,6,4,4 0 0 0 0 0 0 0,1794234300
198,57,23369956,1790685555,0x9194331dc33cde506a635cb2bde30a88246cb9cf,5:0,500,0xf800000000001f,14,9,9 0 0 0 0 0 0 0,1794255900
198,58,23369977,1790685565,0x9194331dc33cde506a635cb2bde30a88246cb9cf,5:0,500,0xf800000000000f,6,4,4 0 0 0 0 0 0 0,1794277500
198,59,23369999,1790685577,0x9194331dc33cde506a635cb2bde30a88246cb9cf,5:0,500,0xf800000000003c,14,9,9 0 0 0 0 0 0 0,1794299100
198,60,23370022,1790685588,0x9194331dc33cde506a635cb2bde30a88246cb9cf,5:0,500,0xf8000000000018,11,8,8 0 0 0 0 0 0 0,1794320700
198,61,23370042,1790685598,0x9194331dc33cde506a635cb2bde30a88246cb9cf,5:0,500,0xf8000000000024,24,14,14 0 0 0 0 0 0 0,1794342300
198,62,23370063,1790685609,0x9194331dc33cde506a635cb2bde30a88246cb9cf,5:0,500,0xf800000000001d,6,4,4 0 0 0 0 0 0 0,1794363900
198,63,23370085,1790685620,0x9194331dc33cde506a635cb2bde30a88246cb9cf,5:0,500,0xf800000000002a,14,9,9 0 0 0 0 0 0 0,1794385500
198,64,23370106,1790685631,0x9194331dc33cde506a635cb2bde30a88246cb9cf,5:0,500,0xf8000000000027,6,4,4 0 0 0 0 0 0 0,1794407100
198,65,23370128,1790685642,0x9194331dc33cde506a635cb2bde30a88246cb9cf,5:0,500,0xf8000000000006,14,9,9 0 0 0 0 0 0 0,1794428700
198,66,23370149,1790685653,0x9194331dc33cde506a635cb2bde30a88246cb9cf,5:0,500,0xf800000000003d,6,4,4 0 0 0 0 0 0 0,1794450300
198,67,23370171,1790685664,0x9194331dc33cde506a635cb2bde30a88246cb9cf,5:0,500,0xf800000000001f,19,13,13 0 0 0 0 0 0 0,1794471900
198,68,23370192,1790685674,0x9194331dc33cde506a635cb2bde30a88246cb9cf,5:0,500,0xf8000000000004,6,4,4 0 0 0 0 0 0 0,1794493500
198,69,23370214,1790685686,0x9194331dc33cde506a635cb2bde30a88246cb9cf,5:0,500,0xf8000000000028,24,14,14 0 0 0 0 0 0 0,1794515100
322,132,23370227,1790685692,0x2122e553875fe2d0e24eb0eb220ea7da258ddd5d,19:0,500,0x3e00000000000000000000000000000000000000000032,13,8,8 0 0 0 0 0 0 0,1795918932
198,70,23370235,1790685696,0x9194331dc33cde506a635cb2bde30a88246cb9cf,5:0,500,0xf8000000000005,6,4,4 0 0 0 0 0 0 0,1794536700
322,133,23370246,1790685702,0x2122e553875fe2d0e24eb0eb220ea7da258ddd5d,19:0,500,0x3e00000000000000000000000000000000000000000001,8,4,4 0 0 0 0 0 0 0,1795940532
198,71,23370256,1790685707,0x9194331dc33cde506a635cb2bde30a88246cb9cf,5:0,500,0xf8000000000019,14,9,9 0 0 0 0 0 0 0,1794558300
322,134,23370262,1790685710,0x2122e553875fe2d0e24eb0eb220ea7da258ddd5d,16:0,500,0x7c0000000000000000000000000000000000005,6,4,4 0 0 0 0 0 0 0,1795962132
198,72,23370278,1790685718,0x9194331dc33cde506a635cb2bde30a88246cb9cf,5:0,500,0xf800000000001b,6,4,4 0 0 0 0 0 0 0,1794579900
322,135,23370285,1790685722,0x2122e553875fe2d0e24eb0eb220ea7da258ddd5d,19:0,500,0x3e00000000000000000000000000000000000000000028,13,8,8 0 0 0 0 0 0 0,1795983732
198,73,23370300,1790685729,0x9194331dc33cde506a635cb2bde30a88246cb9cf,5:0,500,0xf8000000000035,14,9,9 0 0 0 0 0 0 0,1794601500
322,136,23370302,1790685730,0x2122e553875fe2d0e24eb0eb220ea7da258ddd5d,19:0,500,0x3e00000000000000000000000000000000000000000032,18,9,9 0 0 0 0 0 0 0,1796005332
198,74,23370321,1790685740,0x9194331dc33cde506a635cb2bde30a88246cb9cf,5:0,500,0xf800000000002b,11,8,8 0 0 0 0 0 0 0,1794623100
322,137,23370333,1790685746,0x2122e553875fe2d0e24eb0eb220ea7da258ddd5d,6:0,500,0x1f000000000000010,5,4,4 0 0 0 0 0 0 0,1796026932
198,75,23370343,1790685751,0x9194331dc33cde506a635cb2bde30a88246cb9cf,5:0,500,0xf8000000000008,14,9,9 0 0 0 0 0 0 0,1794644700
322,138,23370353,1790685756,0x2122e553875fe2d0e24eb0eb220ea7da258ddd5d,19:0,500,0x3e00000000000000000000000000000000000000000004,21,12,12 0 0 0 0 0 0 0,1796048532
322,139,23370372,1790685766,0x2122e553875fe2d0e24eb0eb220ea7da258ddd5d,19:0,500,0x3e0000000000000000000000000000000000000000001f,8,4,4 0 0 0 0 0 0 0,1796070132
198,76,23370385,1790685772,0x9194331dc33cde506a635cb2bde30a88246cb9cf,5:0,500,0xf800000000001f,6,4,4 0 0 0 0 0 0 0,1794666300
198,77,23370407,1790685784,0x9194331dc33cde506a635cb2bde30a88246cb9cf,5:0,500,0xf8000000000027,24,14,14 0 0 0 0 0 0 0,1794687900
322,140,23370421,1790685791,0x2122e553875fe2d0e24eb0eb220ea7da258ddd5d,2:0,500,0x1f000010,8,5,5 0 0 0 0 0 0 0,1796091732
198,78,23370428,1790685794,0x9194331dc33cde506a635cb2bde30a88246cb9cf,5:0,500,0xf8000000000035,6,4,4 0 0 0 0 0 0 0,1794709500
198,79,23370450,1790685805,0x9194331dc33cde506a635cb2bde30a88246cb9cf,5:0,500,0xf800000000001f,14,9,9 0 0 0 0 0 0 0,1794731100
198,80,23370471,1790685816,0x9194331dc33cde506a635cb2bde30a88246cb9cf,5:0,500,0xf8000000000033,6,4,4 0 0 0 0 0 0 0,1794752700
322,141,23370472,1790685816,0x2122e553875fe2d0e24eb0eb220ea7da258ddd5d,19:0,500,0x3e00000000000000000000000000000000000000000034,13,8,8 0 0 0 0 0 0 0,1796113332
198,81,23370493,1790685827,0x9194331dc33cde506a635cb2bde30a88246cb9cf,5:0,500,0xf8000000000019,19,13,13 0 0 0 0 0 0 0,1794774300
198,82,23370514,1790685838,0x9194331dc33cde506a635cb2bde30a88246cb9cf,5:0,500,0xf800000000002f,6,4,4 0 0 0 0 0 0 0,1794795900
12,7,23372814,1790687005,0xc0e1ff5b6ec47f15aebfe859b8ab4a566fe61752,4:0,500,0x7c0000000012,17,10,10 0 0 0 0 0 0 0,1793152358
12,8,23372852,1790687024,0xc0e1ff5b6ec47f15aebfe859b8ab4a566fe61752,5:0,500,0xf8000000000023,6,4,4 0 0 0 0 0 0 0,1793173958
57,6,23374396,1790687807,0xdb67846763415453a214ab8a9f7c14a0c8c99bed,7:1,2000,0xfe0000000000000000f,8,4,4 0 0 0 0 0 0 0,1793135953
297,3,23374455,1790687838,0xdb67846763415453a214ab8a9f7c14a0c8c99bed,6:1,2000,0x7f000000000000020,5,4,4 0 0 0 0 0 0 0,1793128122
285,17,23374462,1790687841,0x27f48de5e0605da8b2a52ddfd06f6d273b804336,18:0,500,0x1f000000000000000000000000000000000000000025,22,13,13 0 0 0 0 0 0 0,1793423482
326,2,23374515,1790687868,0xdb67846763415453a214ab8a9f7c14a0c8c99bed,4:1,2000,0x1fc0000000024,8,5,5 0 0 0 0 0 0 0,1793113122
285,18,23374552,1790687886,0x27f48de5e0605da8b2a52ddfd06f6d273b804336,18:0,500,0x1f00000000000000000000000000000000000000001f,7,4,4 0 0 0 0 0 0 0,1793445082
52,5,23374778,1790688001,0x346790c85882719d3806c1a7933dd7455a4f5b09,4:1,2000,0x1fc000000000b,8,5,5 0 0 0 0 0 0 0,1793114230
285,19,23374786,1790688005,0x27f48de5e0605da8b2a52ddfd06f6d273b804336,17:0,500,0xf8000000000000000000000000000000000000015,10,8,8 0 0 0 0 0 0 0,1793466682
325,2,23374825,1790688025,0x346790c85882719d3806c1a7933dd7455a4f5b09,16:1,2000,0x1fc0000000000000000000000000000000000034,6,4,4 0 0 0 0 0 0 0,1793113037
285,20,23374859,1790688042,0x27f48de5e0605da8b2a52ddfd06f6d273b804336,18:0,500,0x1f00000000000000000000000000000000000000001f,12,8,8 0 0 0 0 0 0 0,1793488282
329,2,23374865,1790688045,0x346790c85882719d3806c1a7933dd7455a4f5b09,12:1,2000,0x1fc0000000000000000000000000019,5,4,4 0 0 0 0 0 0 0,1793113834
285,21,23375031,1790688129,0x27f48de5e0605da8b2a52ddfd06f6d273b804336,17:0,500,0xf800000000000000000000000000000000000003c,7,4,4 0 0 0 0 0 0 0,1793509882
27,125,23376735,1790688994,0x81b4bf458a73ea46fadd46ee8236e5f94c4eb8e0,9:0,500,0xf8000000000000000000026,12,8,8 0 0 0 0 0 0 0,1795703550
27,126,23376750,1790689002,0x81b4bf458a73ea46fadd46ee8236e5f94c4eb8e0,5:0,500,0xf8000000000005,14,9,9 0 0 0 0 0 0 0,1795725150
27,127,23376777,1790689015,0x81b4bf458a73ea46fadd46ee8236e5f94c4eb8e0,17:0,500,0xf800000000000000000000000000000000000001a,7,4,4 0 0 0 0 0 0 0,1795746750
27,128,23376793,1790689023,0x81b4bf458a73ea46fadd46ee8236e5f94c4eb8e0,13:0,500,0xf8000000000000000000000000000009,18,9,9 0 0 0 0 0 0 0,1795768350
27,129,23376811,1790689032,0x81b4bf458a73ea46fadd46ee8236e5f94c4eb8e0,7:0,500,0x3e00000000000000006,8,4,4 0 0 0 0 0 0 0,1795789950
27,130,23376854,1790689054,0x81b4bf458a73ea46fadd46ee8236e5f94c4eb8e0,17:0,500,0xf800000000000000000000000000000000000000d,10,8,8 0 0 0 0 0 0 0,1795811550
27,131,23376870,1790689062,0x81b4bf458a73ea46fadd46ee8236e5f94c4eb8e0,7:0,500,0x3e0000000000000001e,16,8,8 0 0 0 0 0 0 0,1795833150
27,132,23376886,1790689071,0x81b4bf458a73ea46fadd46ee8236e5f94c4eb8e0,9:0,500,0xf8000000000000000000024,5,4,4 0 0 0 0 0 0 0,1795854750
27,133,23376909,1790689082,0x81b4bf458a73ea46fadd46ee8236e5f94c4eb8e0,13:0,500,0xf800000000000000000000000000003e,13,8,8 0 0 0 0 0 0 0,1795876350
27,134,23376922,1790689089,0x81b4bf458a73ea46fadd46ee8236e5f94c4eb8e0,10:0,500,0x1f00000000000000000000003b,8,8,8 0 0 0 0 0 0 0,1795897950
27,135,23376945,1790689100,0x81b4bf458a73ea46fadd46ee8236e5f94c4eb8e0,17:0,500,0xf8000000000000000000000000000000000000033,17,9,9 0 0 0 0 0 0 0,1795919550
27,136,23376958,1790689107,0x81b4bf458a73ea46fadd46ee8236e5f94c4eb8e0,10:0,500,0x1f000000000000000000000038,5,4,4 0 0 0 0 0 0 0,1795941150
27,137,23376986,1790689121,0x81b4bf458a73ea46fadd46ee8236e5f94c4eb8e0,13:0,500,0xf8000000000000000000000000000010,8,4,4 0 0 0 0 0 0 0,1795962750
27,138,23377272,1790689266,0x81b4bf458a73ea46fadd46ee8236e5f94c4eb8e0,6:0,500,0x1f000000000000011,5,4,4 0 0 0 0 0 0 0,1795984350
27,139,23377296,1790689278,0x81b4bf458a73ea46fadd46ee8236e5f94c4eb8e0,13:0,500,0xf8000000000000000000000000000000,13,8,8 0 0 0 0 0 0 0,1796005950
13,1,23377570,1790689417,0x34e03f26217597a93d19cecee740af1bc3e85b18,2:2,4000,0xff00001c,18,10,10 0 0 0 0 0 0 0,1793001727
144,3,23377676,1790689471,0x3db88affb909228a6f134074bdfdeaee28dc207a,1:1,2000,0x3f8000,9,5,5 0 0 0 0 0 0 0,1793079100
145,3,23377708,1790689487,0x3db88affb909228a6f134074bdfdeaee28dc207a,11:1,2000,0xfe0000000000000000000000000f,6,4,4 0 0 0 0 0 0 0,1793079337
146,3,23377743,1790689505,0x3db88affb909228a6f134074bdfdeaee28dc207a,16:1,2000,0x1fc000000000000000000000000000000000002c,21,12,12 0 0 0 0 0 0 0,1793079549
285,22,23378103,1790689688,0x27f48de5e0605da8b2a52ddfd06f6d273b804336,18:0,500,0x1f000000000000000000000000000000000000000024,7,4,4 0 0 0 0 0 0 0,1793531482
285,23,23378214,1790689744,0x27f48de5e0605da8b2a52ddfd06f6d273b804336,16:0,500,0x7c000000000000000000000000000000000003d,16,9,9 0 0 0 0 0 0 0,1793553082
285,24,23378260,1790689768,0x27f48de5e0605da8b2a52ddfd06f6d273b804336,19:0,500,0x3e0000000000000000000000000000000000000000002a,13,8,8 0 0 0 0 0 0 0,1793574682
289,3,23380220,1790690762,0x54d1f1895026e84e4672d09c3e759a4fd847e497,1:0,500,0xf801c,9,5,5 0 0 0 0 0 0 0,1793121305
285,25,23381422,1790691372,0x27f48de5e0605da8b2a52ddfd06f6d273b804336,17:0,500,0xf800000000000000000000000000000000000003d,10,8,8 0 0 0 0 0 0 0,1793596282
285,26,23381622,1790691473,0x27f48de5e0605da8b2a52ddfd06f6d273b804336,18:0,500,0x1f000000000000000000000000000000000000000010,19,12,12 0 0 0 0 0 0 0,1793617882
285,27,23382339,1790691837,0x27f48de5e0605da8b2a52ddfd06f6d273b804336,16:0,500,0x7c0000000000000000000000000000000000021,14,8,8 0 0 0 0 0 0 0,1793639482
285,28,23382423,1790691880,0x27f48de5e0605da8b2a52ddfd06f6d273b804336,18:0,500,0x1f000000000000000000000000000000000000000027,7,4,4 0 0 0 0 0 0 0,1793661082
43,9,23382498,1790691918,0x2f694c711225e97dc71e2a98c0a186ae3e1ad167,19:1,2000,0xfe00000000000000000000000000000000000000000013,8,4,4 0 0 0 0 0 0 0,1793199550
164,5,23382539,1790691938,0x2f694c711225e97dc71e2a98c0a186ae3e1ad167,17:1,2000,0x3f800000000000000000000000000000000000001c,15,12,12 0 0 0 0 0 0 0,1793126449
285,29,23382545,1790691941,0x27f48de5e0605da8b2a52ddfd06f6d273b804336,15:0,500,0x3e00000000000000000000000000000000002,6,4,4 0 0 0 0 0 0 0,1793682682
285,30,23383101,1790692224,0x27f48de5e0605da8b2a52ddfd06f6d273b804336,17:0,500,0xf800000000000000000000000000000000000000b,7,4,4 0 0 0 0 0 0 0,1793704282
285,31,23383253,1790692301,0x27f48de5e0605da8b2a52ddfd06f6d273b804336,10:0,500,0x1f00000000000000000000002e,15,9,9 0 0 0 0 0 0 0,1793725882
11,1,23384584,1790692976,0x9446792a55da00f69d2c8be9099019934f532f06,1:0,500,0xf8000,9,5,5 0 0 0 0 0 0 0,1792998130
27,140,23384711,1790693040,0x81b4bf458a73ea46fadd46ee8236e5f94c4eb8e0,1:0,500,0xf8022,9,5,5 0 0 0 0 0 0 0,1796027550
27,141,23384749,1790693060,0x81b4bf458a73ea46fadd46ee8236e5f94c4eb8e0,6:0,500,0x1f000000000000034,12,8,8 0 0 0 0 0 0 0,1796049150
285,32,23384794,1790693082,0x27f48de5e0605da8b2a52ddfd06f6d273b804336,18:0,500,0x1f000000000000000000000000000000000000000002,12,8,8 0 0 0 0 0 0 0,1793747482
4,101,23384830,1790693101,0x1a3a0e6f222e823cc8d0f39d87042f88ab763872,11:0,500,0x3e0000000000000000000000001d,14,8,8 0 0 0 0 0 0 0,1795182546
6,19,23384853,1790693112,0x1a3a0e6f222e823cc8d0f39d87042f88ab763872,8:0,500,0x7c0000000000000000023,8,4,4 0 0 0 0 0 0 0,1793411397
27,142,23384930,1790693151,0x81b4bf458a73ea46fadd46ee8236e5f94c4eb8e0,5:0,500,0xf800000000002b,16,9,9 0 0 0 0 0 0 0,1796049150
27,143,23384944,1790693159,0x81b4bf458a73ea46fadd46ee8236e5f94c4eb8e0,6:0,500,0x1f00000000000001b,5,4,4 0 0 0 0 0 0 0,1796049150
27,144,23384965,1790693169,0x81b4bf458a73ea46fadd46ee8236e5f94c4eb8e0,13:0,500,0xf800000000000000000000000000002d,8,4,4 0 0 0 0 0 0 0,1796049150
27,145,23384978,1790693176,0x81b4bf458a73ea46fadd46ee8236e5f94c4eb8e0,9:0,500,0xf800000000000000000000a,12,8,8 0 0 0 0 0 0 0,1796049150
27,146,23384994,1790693184,0x81b4bf458a73ea46fadd46ee8236e5f94c4eb8e0,3:0,500,0x3e0000000a,10,5,5 0 0 0 0 0 0 0,1796049150
27,147,23385010,1790693192,0x81b4bf458a73ea46fadd46ee8236e5f94c4eb8e0,9:0,500,0xf8000000000000000000032,5,4,4 0 0 0 0 0 0 0,1796049150
27,148,23385030,1790693202,0x81b4bf458a73ea46fadd46ee8236e5f94c4eb8e0,13:0,500,0xf8000000000000000000000000000035,13,8,8 0 0 0 0 0 0 0,1796049150
27,149,23385045,1790693210,0x81b4bf458a73ea46fadd46ee8236e5f94c4eb8e0,7:0,500,0x3e00000000000000021,18,9,9 0 0 0 0 0 0 0,1796049150
27,150,23385063,1790693219,0x81b4bf458a73ea46fadd46ee8236e5f94c4eb8e0,19:0,500,0x3e0000000000000000000000000000000000000000001e,13,8,8 0 0 0 0 0 0 0,1796049150
27,151,23385080,1790693228,0x81b4bf458a73ea46fadd46ee8236e5f94c4eb8e0,13:0,500,0xf8000000000000000000000000000032,8,4,4 0 0 0 0 0 0 0,1796049150
27,152,23385099,1790693237,0x81b4bf458a73ea46fadd46ee8236e5f94c4eb8e0,6:0,500,0x1f000000000000030,12,8,8 0 0 0 0 0 0 0,1796049150
27,153,23385119,1790693247,0x81b4bf458a73ea46fadd46ee8236e5f94c4eb8e0,13:0,500,0xf8000000000000000000000000000014,19,12,12 0 0 0 0 0 0 0,1796049150
27,154,23385135,1790693255,0x81b4bf458a73ea46fadd46ee8236e5f94c4eb8e0,2:0,500,0x1f000039,16,10,10 0 0 0 0 0 0 0,1796049150
27,155,23385155,1790693266,0x81b4bf458a73ea46fadd46ee8236e5f94c4eb8e0,14:0,500,0x1f00000000000000000000000000000002f,23,13,13 0 0 0 0 0 0 0,1796049150
27,156,23385169,1790693273,0x81b4bf458a73ea46fadd46ee8236e5f94c4eb8e0,1:0,500,0xf8036,19,10,10 0 0 0 0 0 0 0,1796049150
285,33,23385181,1790693279,0x27f48de5e0605da8b2a52ddfd06f6d273b804336,19:0,500,0x3e00000000000000000000000000000000000000000006,8,4,4 0 0 0 0 0 0 0,1793747482
27,157,23385193,1790693285,0x81b4bf458a73ea46fadd46ee8236e5f94c4eb8e0,17:0,500,0xf8000000000000000000000000000000000000019,10,8,8 0 0 0 0 0 0 0,1796049150
27,158,23385209,1790693293,0x81b4bf458a73ea46fadd46ee8236e5f94c4eb8e0,14:0,500,0x1f000000000000000000000000000000004,7,4,4 0 0 0 0 0 0 0,1796049150
27,159,23385224,1790693300,0x81b4bf458a73ea46fadd46ee8236e5f94c4eb8e0,12:0,500,0x7c0000000000000000000000000004,5,4,4 0 0 0 0 0 0 0,1796049150
285,34,23385229,1790693303,0x27f48de5e0605da8b2a52ddfd06f6d273b804336,17:0,500,0xf8000000000000000000000000000000000000021,10,8,8 0 0 0 0 0 0 0,1793747482
27,160,23385239,1790693308,0x81b4bf458a73ea46fadd46ee8236e5f94c4eb8e0,11:0,500,0x3e00000000000000000000000018,6,4,4 0 0 0 0 0 0 0,1796049150
285,35,23385303,1790693341,0x27f48de5e0605da8b2a52ddfd06f6d273b804336,18:0,500,0x1f000000000000000000000000000000000000000032,7,4,4 0 0 0 0 0 0 0,1793747482
285,36,23385345,1790693362,0x27f48de5e0605da8b2a52ddfd06f6d273b804336,16:0,500,0x7c0000000000000000000000000000000000034,6,4,4 0 0 0 0 0 0 0,1793747482
4,102,23385359,1790693369,0x1a3a0e6f222e823cc8d0f39d87042f88ab763872,15:0,500,0x3e0000000000000000000000000000000003b,6,4,4 0 0 0 0 0 0 0,1795182546
4,103,23385384,1790693382,0x1a3a0e6f222e823cc8d0f39d87042f88ab763872,11:0,500,0x3e0000000000000000000000002c,6,4,4 0 0 0 0 0 0 0,1795182546
285,37,23385403,1790693392,0x27f48de5e0605da8b2a52ddfd06f6d273b804336,9:0,500,0xf8000000000000000000036,12,8,8 0 0 0 0 0 0 0,1793747482
4,104,23385423,1790693401,0x1a3a0e6f222e823cc8d0f39d87042f88ab763872,15:0,500,0x3e00000000000000000000000000000000003,10,8,8 0 0 0 0 0 0 0,1795182546
285,38,23385473,1790693427,0x27f48de5e0605da8b2a52ddfd06f6d273b804336,10:0,500,0x1f000000000000000000000020,18,13,13 0 0 0 0 0 0 0,1793747482
285,39,23385525,1790693453,0x27f48de5e0605da8b2a52ddfd06f6d273b804336,10:0,500,0x1f000000000000000000000034,5,4,4 0 0 0 0 0 0 0,1793747482
285,40,23385576,1790693479,0x27f48de5e0605da8b2a52ddfd06f6d273b804336,11:0,500,0x3e00000000000000000000000028,6,4,4 0 0 0 0 0 0 0,1793747482
164,6,23385600,1790693491,0x2f694c711225e97dc71e2a98c0a186ae3e1ad167,14:1,2000,0x7f000000000000000000000000000000013,7,4,4 0 0 0 0 0 0 0,1793285491
55,54,23385611,1790693497,0xac0e67aaaa15dc791153b64df4a9d121dce797e5,2:0,500,0x1f00003e,16,10,10 0 0 0 0 0 0 0,1794151120
285,41,23385615,1790693499,0x27f48de5e0605da8b2a52ddfd06f6d273b804336,17:0,500,0xf800000000000000000000000000000000000003f,7,4,4 0 0 0 0 0 0 0,1793747482
43,10,23385627,1790693505,0x2f694c711225e97dc71e2a98c0a186ae3e1ad167,14:1,2000,0x7f00000000000000000000000000000001a,7,4,4 0 0 0 0 0 0 0,1793285505
55,55,23385633,1790693508,0xac0e67aaaa15dc791153b64df4a9d121dce797e5,9:0,500,0xf8000000000000000000000,12,8,8 0 0 0 0 0 0 0,1794151120
55,56,23385657,1790693520,0xac0e67aaaa15dc791153b64df4a9d121dce797e5,14:0,500,0x1f000000000000000000000000000000006,13,8,8 0 0 0 0 0 0 0,1794151120
4,105,23385743,1790693564,0x1a3a0e6f222e823cc8d0f39d87042f88ab763872,13:0,500,0xf800000000000000000000000000002b,18,9,9 0 0 0 0 0 0 0,1795182546
4,106,23385765,1790693575,0x1a3a0e6f222e823cc8d0f39d87042f88ab763872,15:0,500,0x3e0000000000000000000000000000000001a,6,4,4 0 0 0 0 0 0 0,1795182546
4,107,23385806,1790693596,0x1a3a0e6f222e823cc8d0f39d87042f88ab763872,17:0,500,0xf8000000000000000000000000000000000000039,7,4,4 0 0 0 0 0 0 0,1795182546
196,26,23385821,1790693603,0xac0e67aaaa15dc791153b64df4a9d121dce797e5,6:0,500,0x1f000000000000027,22,13,13 0 0 0 0 0 0 0,1793561718
323,11,23385821,1790693603,0xac0e67aaaa15dc791153b64df4a9d121dce797e5,2:0,500,0x1f00003a,26,15,15 0 0 0 0 0 0 0,1793285603
202,43,23386039,1790693714,0x51ff767cdd5112be157b12b5b1c7713608fc2601,1:0,500,0xf800e,19,10,10 0 0 0 0 0 0 0,1793932699
210,4,23386044,1790693716,0x51ff767cdd5112be157b12b5b1c7713608fc2601,1:0,500,0xf8037,19,10,10 0 0 0 0 0 0 0,1793285716
27,161,23386099,1790693744,0x81b4bf458a73ea46fadd46ee8236e5f94c4eb8e0,7:0,500,0x3e00000000000000022,16,8,8 0 0 0 0 0 0 0,1796049150
4,108,23386105,1790693747,0x1a3a0e6f222e823cc8d0f39d87042f88ab763872,15:0,500,0x3e00000000000000000000000000000000012,10,8,8 0 0 0 0 0 0 0,1795182546
4,109,23386125,1790693757,0x1a3a0e6f222e823cc8d0f39d87042f88ab763872,11:0,500,0x3e00000000000000000000000014,14,8,8 0 0 0 0 0 0 0,1795182546
6,20,23386193,1790693792,0x1a3a0e6f222e823cc8d0f39d87042f88ab763872,12:0,500,0x7c0000000000000000000000000012,5,4,4 0 0 0 0 0 0 0,1793411397
198,83,23386250,1790693821,0x9194331dc33cde506a635cb2bde30a88246cb9cf,9:0,500,0xf800000000000000000002a,15,9,9 0 0 0 0 0 0 0,1794795900
175,6,23386291,1790693842,0x224e633c9632a51de2f6225a7620dc46b2d58b08,16:1,2000,0x1fc0000000000000000000000000000000000019,6,4,4 0 0 0 0 0 0 0,1793285842
177,5,23386314,1790693853,0x224e633c9632a51de2f6225a7620dc46b2d58b08,16:1,2000,0x1fc0000000000000000000000000000000000020,6,4,4 0 0 0 0 0 0 0,1793285853
181,5,23386349,1790693871,0x224e633c9632a51de2f6225a7620dc46b2d58b08,16:1,2000,0x1fc0000000000000000000000000000000000020,6,4,4 0 0 0 0 0 0 0,1793285871
247,9,23395680,1790698610,0xc7f1dce49db860c865ce34e4eb65dbef625919ef,15:2,4000,0x1fe00000000000000000000000000000000030,15,12,12 0 0 0 0 0 0 0,1793290610
264,6,23395692,1790698616,0xc7f1dce49db860c865ce34e4eb65dbef625919ef,14:2,4000,0xff000000000000000000000000000000007,14,8,8 0 0 0 0 0 0 0,1793290616
247,10,23399299,1790700444,0x1df89c0350e94575d0e20fd86c12e2a38e4c0ce1,pheromone,0,0x1fc5,18,10,10 0 0 0 0 0 0 0,1793292444
247,11,23399380,1790700485,0x1df89c0350e94575d0e20fd86c12e2a38e4c0ce1,pheromone,0,0x1ff6,27,15,15 0 0 0 0 0 0 0,1793292485
324,8,23400255,1790700928,0x1df89c0350e94575d0e20fd86c12e2a38e4c0ce1,1:0 5:0 9:0 13:0 17:0,2500,0xf80000000f80000000f80000000f80000000f8030,45,26,26 0 0 0 0 0 0 0,1793292928
208,6,23400639,1790701123,0x019d9319cbefec30f672fe0f79acd709958ab271,1:0 5:0 9:0 13:0 17:0,2500,0xf80000000f80000000f80000000f80000000f8035,43,26,26 0 0 0 0 0 0 0,1793293123
285,42,23401706,1790701664,0xc7f1dce49db860c865ce34e4eb65dbef625919ef,pheromone,0,0x1fe9,18,10,10 0 0 0 0 0 0 0,1793747482
285,43,23401804,1790701714,0xc7f1dce49db860c865ce34e4eb65dbef625919ef,pheromone,0,0x1fcd,27,15,15 0 0 0 0 0 0 0,1793747482
335,1,23401988,1790701807,0xc7f1dce49db860c865ce34e4eb65dbef625919ef,1:0 5:0 9:0 5:0 17:0,2500,0xf80000000000000000f80000001f00000000f8021,27,17,17 0 0 0 0 0 0 0,1798477744
285,44,23403297,1790702470,0x27f48de5e0605da8b2a52ddfd06f6d273b804336,1:0 10:0 12:0 15:0 17:0,2500,0xf8003e000007c001f0000000000000000000f8033,60,42,42 0 0 0 0 0 0 0,1793747482
27,162,23403748,1790702698,0x81b4bf458a73ea46fadd46ee8236e5f94c4eb8e0,1:0 5:0 9:0 13:0 17:0,2500,0xf80000000f80000000f80000000f80000000f8024,50,30,30 0 0 0 0 0 0 0,1796049150
117,1,23403939,1790702795,0x22b033b7212cb9b8a8bce73dbad80ed77a229322,1:0 5:0 9:0 13:0 17:0,2500,0xf80000000f80000000f80000000f80000000f802e,35,21,21 0 0 0 0 0 0 0,1793294795
173,4,23404585,1790703123,0x1ffb740eabe3d5fde7052df1e82a1df6fac2633e,1:0 5:0 9:0 13:0 17:0,2500,0xf80000000f80000000f80000000f80000000f8035,45,26,26 0 0 0 0 0 0 0,1793295123
11,2,23404596,1790703128,0x22b033b7212cb9b8a8bce73dbad80ed77a229322,pheromone,0,0x1fc1,8,5,5 0 0 0 0 0 0 0,1793295128
174,4,23405408,1790703540,0x1ffb740eabe3d5fde7052df1e82a1df6fac2633e,1:0,500,0xf8037,9,5,5 0 0 0 0 0 0 0,1793295540
176,5,23405418,1790703545,0x1ffb740eabe3d5fde7052df1e82a1df6fac2633e,1:0,500,0xf8007,9,5,5 0 0 0 0 0 0 0,1793295545
178,5,23405934,1790703806,0x3103136150ed5dde8332551f0be87fcb7131a954,1:0,500,0xf8007,9,5,5 0 0 0 0 0 0 0,1793295806
179,6,23405940,1790703809,0x3103136150ed5dde8332551f0be87fcb7131a954,1:0,500,0xf8025,9,5,5 0 0 0 0 0 0 0,1793295809
180,5,23405946,1790703812,0x3103136150ed5dde8332551f0be87fcb7131a954,1:0,500,0xf8007,19,10,10 0 0 0 0 0 0 0,1793295812
186,4,23406912,1790704302,0x703ca793c3ce69082c70bea3a8fb71cc5bd05155,1:0,500,0xf8037,9,5,5 0 0 0 0 0 0 0,1793296302
188,4,23406918,1790704305,0x703ca793c3ce69082c70bea3a8fb71cc5bd05155,1:0,500,0xf8037,9,5,5 0 0 0 0 0 0 0,1793296305
189,4,23406924,1790704308,0x703ca793c3ce69082c70bea3a8fb71cc5bd05155,1:0,500,0xf8037,9,5,5 0 0 0 0 0 0 0,1793296308
182,8,23406993,1790704343,0x549ae637381f77c13bb0e9308a0d8f56769f4dc4,1:0,500,0xf803d,29,15,15 0 0 0 0 0 0 0,1793296343
183,8,23407006,1790704350,0x549ae637381f77c13bb0e9308a0d8f56769f4dc4,1:0,500,0xf803d,29,15,15 0 0 0 0 0 0 0,1793296350
184,4,23407015,1790704354,0x549ae637381f77c13bb0e9308a0d8f56769f4dc4,1:0,500,0xf8037,9,5,5 0 0 0 0 0 0 0,1793296354
183,9,23407031,1790704362,0x549ae637381f77c13bb0e9308a0d8f56769f4dc4,1:0,500,0xf803a,9,5,5 0 0 0 0 0 0 0,1793296362
184,5,23407037,1790704365,0x549ae637381f77c13bb0e9308a0d8f56769f4dc4,1:0,500,0xf8007,19,10,10 0 0 0 0 0 0 0,1793296365
193,4,23407368,1790704533,0xbfdd7a87be2ad35e150fe97ec3e9459cf922296f,13:0,500,0xf800000000000000000000000000002b,13,8,8 0 0 0 0 0 0 0,1793296533
194,4,23407374,1790704536,0xbfdd7a87be2ad35e150fe97ec3e9459cf922296f,6:0,500,0x1f000000000000012,12,8,8 0 0 0 0 0 0 0,1793296536
195,5,23407382,1790704540,0xbfdd7a87be2ad35e150fe97ec3e9459cf922296f,18:0,500,0x1f000000000000000000000000000000000000000004,12,8,8 0 0 0 0 0 0 0,1793296540
336,1,23407623,1790704662,0x27f48de5e0605da8b2a52ddfd06f6d273b804336,1:0 5:0 9:0 18:0 17:0,2500,0x1f0f80000000000000000f80000000f80000000f801b,34,21,21 0 0 0 0 0 0 0,1798480606
53,33,23408529,1790705121,0xe0be2740456040536765022e7db612418e3de99e,4:0 5:0 9:0 13:0 17:0,2500,0xf80000000f80000000f80000000f87c0000000026,53,34,34 0 0 0 0 0 0 0,1793697432
11,3,23408618,1790705167,0xe0be2740456040536765022e7db612418e3de99e,pheromone,0,0x1ff8,37,20,20 0 0 0 0 0 0 0,1793297167
60,9,23408846,1790705282,0xe0be2740456040536765022e7db612418e3de99e,10:0,500,0x1f000000000000000000000000,5,4,4 0 0 0 0 0 0 0,1793297282
61,16,23408855,1790705287,0xe0be2740456040536765022e7db612418e3de99e,7:0,500,0x3e00000000000000011,8,4,4 0 0 0 0 0 0 0,1793330641
285,45,23410083,1790705909,0x27f48de5e0605da8b2a52ddfd06f6d273b804336,1:0 14:0 16:0 18:0 17:0,2500,0x1f0f87c001f0000000000000000000000000000f8011,54,33,33 0 0 0 0 0 0 0,1793747482
285,46,23410448,1790706094,0x27f48de5e0605da8b2a52ddfd06f6d273b804336,2:0 15:0 14:0 18:0 17:0,2500,0x1f0f8003e1f00000000000000000000000001f00003d,44,29,29 0 0 0 0 0 0 0,1793747482
336,2,23410969,1790706359,0x27f48de5e0605da8b2a52ddfd06f6d273b804336,1:0 5:0 9:0 13:0 17:0,2500,0xf80000000f80000000f80000000f80000000f8009,63,39,39 0 0 0 0 0 0 0,1798480606
202,44,23416070,1790708948,0x51ff767cdd5112be157b12b5b1c7713608fc2601,15:0 5:0 9:0 13:0 17:0,2500,0xf8003e000f80000000f80000000f800000000002f,39,24,24 0 0 0 0 0 0 0,1793932699
336,3,23417448,1790709648,0x27f48de5e0605da8b2a52ddfd06f6d273b804336,1:0 5:0 9:0 13:0 17:0,2500,0xf80000000f80000000f80000000f80000000f8017,40,25,25 0 0 0 0 0 0 0,1798480606
221,2,23417847,1790709850,0x5134143ec5c04ad5b5dcd240e92f484cdf10fef8,1:0,500,0xf8007,19,10,10 0 0 0 0 0 0 0,1793301850
222,2,23417866,1790709860,0x5134143ec5c04ad5b5dcd240e92f484cdf10fef8,1:0,500,0xf8007,19,10,10 0 0 0 0 0 0 0,1793301860
267,2,23418033,1790709945,0xeda47da1c7ae9f6f342784e2b3c0b41194375d17,1:0,500,0xf8007,19,10,10 0 0 0 0 0 0 0,1793301945
268,2,23418049,1790709953,0xeda47da1c7ae9f6f342784e2b3c0b41194375d17,1:0,500,0xf8007,19,10,10 0 0 0 0 0 0 0,1793301953
272,2,23418050,1790709953,0xc47e53967ecc82ee69635a37a6c645d109c15981,1:0,500,0xf8007,19,10,10 0 0 0 0 0 0 0,1793301953
275,2,23418073,1790709965,0xc47e53967ecc82ee69635a37a6c645d109c15981,1:0,500,0xf8007,19,10,10 0 0 0 0 0 0 0,1793301965
265,2,23418085,1790709971,0xd20d985fe8fba1f1e7a08095278e9c9a0565fb90,1:0,500,0xf8007,19,10,10 0 0 0 0 0 0 0,1793301971
266,2,23418102,1790709980,0xd20d985fe8fba1f1e7a08095278e9c9a0565fb90,1:0,500,0xf8007,19,10,10 0 0 0 0 0 0 0,1793301980
273,2,23418162,1790710011,0xdf019f6095d7be78358b9f96bd16f19fd1beedf1,1:0,500,0xf8007,19,10,10 0 0 0 0 0 0 0,1793302011
274,2,23418171,1790710015,0xdf019f6095d7be78358b9f96bd16f19fd1beedf1,1:0,500,0xf8007,19,10,10 0 0 0 0 0 0 0,1793302015
277,2,23418355,1790710108,0x23e84ec9d22e84e93534cb9a6030f77deb2a0310,1:0,500,0xf8007,19,10,10 0 0 0 0 0 0 0,1793302108
278,2,23418363,1790710112,0x23e84ec9d22e84e93534cb9a6030f77deb2a0310,1:0,500,0xf8007,19,10,10 0 0 0 0 0 0 0,1793302112
269,2,23418513,1790710189,0x02743dd55d73bbd61a1ffcfa8cf5e41896370c7c,1:0,500,0xf8007,19,10,10 0 0 0 0 0 0 0,1793302189
270,2,23418523,1790710194,0x02743dd55d73bbd61a1ffcfa8cf5e41896370c7c,1:0,500,0xf8007,19,10,10 0 0 0 0 0 0 0,1793302194
285,47,23419363,1790710620,0x27f48de5e0605da8b2a52ddfd06f6d273b804336,7:0 9:0 16:0 18:0 17:0,2500,0x1f0f87c00000000000000f8003e00000000000000000,38,24,24 0 0 0 0 0 0 0,1793747482
279,2,23419398,1790710638,0xea06384d2fca30fc2090ace269c6578a2f0269fc,1:0,500,0xf8007,19,10,10 0 0 0 0 0 0 0,1793302638
280,2,23419412,1790710645,0xea06384d2fca30fc2090ace269c6578a2f0269fc,1:0,500,0xf8007,19,10,10 0 0 0 0 0 0 0,1793302645
37,6,23420960,1790711432,0xa372af7cdc7e941d7282db43d98a5a52b3d4b67a,1:0 5:0 9:0 13:0 17:0,2500,0xf80000000f80000000f80000000f80000000f8035,52,30,30 0 0 0 0 0 0 0,1793303432
276,2,23420991,1790711447,0xa372af7cdc7e941d7282db43d98a5a52b3d4b67a,1:0 5:0 9:0 13:0 17:0,2500,0xf80000000f80000000f80000000f80000000f8009,35,21,21 0 0 0 0 0 0 0,1793303447
210,5,23422675,1790712302,0x51ff767cdd5112be157b12b5b1c7713608fc2601,1:0 5:0 9:0 13:0 17:0,2500,0xf80000000f80000000f80000000f80000000f803b,35,21,21 0 0 0 0 0 0 0,1793304302
222,3,23422804,1790712368,0x5134143ec5c04ad5b5dcd240e92f484cdf10fef8,1:0 5:0 15:0 13:0 17:0,2500,0xf8003e000f80000000000000000f80000000f8016,36,21,21 0 0 0 0 0 0 0,1793304368
221,3,23422955,1790712444,0x5134143ec5c04ad5b5dcd240e92f484cdf10fef8,1:0 5:0 14:0 13:0 17:0,2500,0xf800001f0f80000000000000000f80000000f8002,37,21,21 0 0 0 0 0 0 0,1793304444
267,3,23423024,1790712480,0xeda47da1c7ae9f6f342784e2b3c0b41194375d17,1:0 5:0 9:0 17:0 17:0,2500,0x1f00000000000000000f80000000f80000000f8036,27,17,17 0 0 0 0 0 0 0,1793304480
268,3,23423109,1790712523,0xeda47da1c7ae9f6f342784e2b3c0b41194375d17,1:0 5:0 9:0 15:0 17:0,2500,0xf8003e000000000000f80000000f80000000f8008,33,21,21 0 0 0 0 0 0 0,1793304523
272,3,23423162,1790712549,0xc47e53967ecc82ee69635a37a6c645d109c15981,1:0 5:0 9:0 13:0 11:0,2500,0xf8003e000f80000000f80000000f803f,34,21,21 0 0 0 0 0 0 0,1793304549
275,3,23423247,1790712593,0xc47e53967ecc82ee69635a37a6c645d109c15981,1:0 5:0 9:0 15:0 17:0,2500,0xf8003e000000000000f80000000f80000000f8008,33,21,21 0 0 0 0 0 0 0,1793304593
265,3,23423296,1790712618,0xd20d985fe8fba1f1e7a08095278e9c9a0565fb90,7:0 5:0 9:0 13:0 17:0,2500,0xf80000000f80000000f8003e000f800000000001a,34,20,20 0 0 0 0 0 0 0,1793304618
266,3,23423328,1790712634,0xd20d985fe8fba1f1e7a08095278e9c9a0565fb90,1:0 5:0 9:0 14:0 17:0,2500,0xf800001f0000000000f80000000f80000000f8028,34,21,21 0 0 0 0 0 0 0,1793304634
273,3,23423469,1790712705,0xdf019f6095d7be78358b9f96bd16f19fd1beedf1,1:0 5:0 9:0 13:0 18:0,2500,0x1f0000000000f80000000f80000000f80000000f803e,35,21,21 0 0 0 0 0 0 0,1793304705
274,3,23423622,1790712783,0xdf019f6095d7be78358b9f96bd16f19fd1beedf1,1:0 17:0 9:0 13:0 17:0,2500,0x1f00000000f80000000f80000000000000000f801b,29,17,17 0 0 0 0 0 0 0,1793304783
274,4,23423718,1790712832,0xdf019f6095d7be78358b9f96bd16f19fd1beedf1,1:0 5:0 9:0 13:0 17:0,2500,0xf80000000f80000000f80000000f80000000f8035,60,38,38 0 0 0 0 0 0 0,1793304832
277,3,23423907,1790712927,0x23e84ec9d22e84e93534cb9a6030f77deb2a0310,17:0 5:0 9:0 13:0 17:0,2500,0x1f00000000f80000000f80000000f800000000001b,26,16,16 0 0 0 0 0 0 0,1793304927
278,3,23423950,1790712949,0x23e84ec9d22e84e93534cb9a6030f77deb2a0310,1:0 5:0 9:0 17:0 17:0,2500,0x1f00000000000000000f80000000f80000000f8036,27,17,17 0 0 0 0 0 0 0,1793304949
269,3,23424951,1790713457,0x02743dd55d73bbd61a1ffcfa8cf5e41896370c7c,1:0 5:0 9:0 13:0 17:0,2500,0xf80000000f80000000f80000000f80000000f8017,35,21,21 0 0 0 0 0 0 0,1793305457
270,3,23425007,1790713485,0x02743dd55d73bbd61a1ffcfa8cf5e41896370c7c,5:0 11:0 9:0 17:0 17:0,2500,0x1f0000000000003e000f80000000f800000000000f,24,16,16 0 0 0 0 0 0 0,1793305485
279,3,23425093,1790713529,0xea06384d2fca30fc2090ace269c6578a2f0269fc,5:0 5:0 11:0 13:0 17:0,2500,0xf80000000f8003e000000000001f000000000003d,27,16,16 0 0 0 0 0 0 0,1793305529
280,3,23425133,1790713549,0xea06384d2fca30fc2090ace269c6578a2f0269fc,1:0 5:0 9:0 13:0 17:0,2500,0xf80000000f80000000f80000000f80000000f8017,35,21,21 0 0 0 0 0 0 0,1793305549
277,4,23426917,1790714455,0x23e84ec9d22e84e93534cb9a6030f77deb2a0310,1:0 5:0 13:0 13:0 17:0,2500,0xf80000001f00000000000000000f80000000f8030,46,30,30 0 0 0 0 0 0 0,1793306455
279,4,23426918,1790714455,0xea06384d2fca30fc2090ace269c6578a2f0269fc,1:0 5:0 13:0 13:0 17:0,2500,0xf80000001f00000000000000000f80000000f8030,46,30,30 0 0 0 0 0 0 0,1793306455
265,4,23426918,1790714455,0xd20d985fe8fba1f1e7a08095278e9c9a0565fb90,1:0 5:0 13:0 13:0 17:0,2500,0xf80000001f00000000000000000f80000000f8030,46,30,30 0 0 0 0 0 0 0,1793306455
221,4,23426918,1790714455,0x5134143ec5c04ad5b5dcd240e92f484cdf10fef8,1:0 13:0 9:0 13:0 17:0,2500,0xf80000001f00000000f80000000000000000f8003,47,30,30 0 0 0 0 0 0 0,1793306455
269,4,23426919,1790714455,0x02743dd55d73bbd61a1ffcfa8cf5e41896370c7c,1:0 5:0 13:0 13:0 17:0,2500,0xf80000001f00000000000000000f80000000f8030,56,35,35 0 0 0 0 0 0 0,1793306455
267,4,23426919,1790714455,0xeda47da1c7ae9f6f342784e2b3c0b41194375d17,1:0 5:0 13:0 13:0 17:0,2500,0xf80000001f00000000000000000f80000000f8030,51,31,31 0 0 0 0 0 0 0,1793306455
272,4,23427066,1790714530,0xc47e53967ecc82ee69635a37a6c645d109c15981,1:0 13:0 9:0 13:0 17:0,2500,0xf80000001f00000000f80000000000000000f8003,51,30,30 0 0 0 0 0 0 0,1793306530
273,4,23427116,1790714555,0xdf019f6095d7be78358b9f96bd16f19fd1beedf1,1:0 10:0 13:0 13:0 17:0,2500,0xf80000001f000001f0000000000000000000f803c,44,26,26 0 0 0 0 0 0 0,1793306555
222,4,23427195,1790714595,0x5134143ec5c04ad5b5dcd240e92f484cdf10fef8,1:0 11:0 9:0 13:0 17:0,2500,0xf80000000f8003e000f80000000000000000f803a,53,34,34 0 0 0 0 0 0 0,1793306595
266,4,23427195,1790714595,0xd20d985fe8fba1f1e7a08095278e9c9a0565fb90,1:0 5:0 15:0 13:0 17:0,2500,0xf8003e000f80000000000000000f80000000f8003,57,35,35 0 0 0 0 0 0 0,1793306595
274,5,23427195,1790714595,0xdf019f6095d7be78358b9f96bd16f19fd1beedf1,1:0 5:0 15:0 13:0 17:0,2500,0xf8003e000f80000000000000000f80000000f8023,44,26,26 0 0 0 0 0 0 0,1793306595
270,4,23427196,1790714596,0x02743dd55d73bbd61a1ffcfa8cf5e41896370c7c,1:0 5:0 15:0 13:0 17:0,2500,0xf8003e000f80000000000000000f80000000f8003,47,30,30 0 0 0 0 0 0 0,1793306596
278,4,23427196,1790714596,0x23e84ec9d22e84e93534cb9a6030f77deb2a0310,1:0 5:0 15:0 13:0 17:0,2500,0xf8003e000f80000000000000000f80000000f8003,57,35,35 0 0 0 0 0 0 0,1793306596
268,4,23427196,1790714596,0xeda47da1c7ae9f6f342784e2b3c0b41194375d17,1:0 5:0 15:0 13:0 17:0,2500,0xf8003e000f80000000000000000f80000000f8003,61,39,39 0 0 0 0 0 0 0,1793306596
275,4,23427353,1790714676,0xc47e53967ecc82ee69635a37a6c645d109c15981,1:0 11:0 9:0 15:0 17:0,2500,0xf8003e00000003e000f80000000000000000f803d,57,38,38 0 0 0 0 0 0 0,1793306676
202,45,23427414,1790714707,0x51ff767cdd5112be157b12b5b1c7713608fc2601,1:0 15:0 9:0 13:0 17:0,2500,0xf8003e000f80000000f80000000000000000f8000,47,33,33 0 0 0 0 0 0 0,1793932699
210,6,23427446,1790714723,0x51ff767cdd5112be157b12b5b1c7713608fc2601,1:0 5:0 9:0 13:0 12:0,2500,0xf87c00000f80000000f80000000f8003,63,39,39 0 0 0 0 0 0 0,1793306723
202,46,23427654,1790714828,0x51ff767cdd5112be157b12b5b1c7713608fc2601,1:0 16:0 9:0 13:0 17:0,2500,0xf87c00000f80000000f80000000000000000f8037,52,30,30 0 0 0 0 0 0 0,1793932699
210,7,23427692,1790714848,0x51ff767cdd5112be157b12b5b1c7713608fc2601,1:0 5:0 13:0 13:0 17:0,2500,0xf80000001f00000000000000000f80000000f8028,43,26,26 0 0 0 0 0 0 0,1793306848
280,4,23427885,1790714946,0xea06384d2fca30fc2090ace269c6578a2f0269fc,1:0 5:0 9:0 13:0 17:0,2500,0xf80000000f80000000f80000000f80000000f8035,68,43,43 0 0 0 0 0 0 0,1793306946
280,5,23427952,1790714980,0xea06384d2fca30fc2090ace269c6578a2f0269fc,1:0 5:0 9:0 13:0 17:0,2500,0xf80000000f80000000f80000000f80000000f803b,35,21,21 0 0 0 0 0 0 0,1793306980
278,5,23427953,1790714980,0x23e84ec9d22e84e93534cb9a6030f77deb2a0310,1:0 5:0 9:0 13:0 17:0,2500,0xf80000000f80000000f80000000f80000000f803b,47,29,29 0 0 0 0 0 0 0,1793306980
222,5,23427953,1790714980,0x5134143ec5c04ad5b5dcd240e92f484cdf10fef8,1:0 5:0 13:0 13:0 17:0,2500,0xf80000001f00000000000000000f80000000f8009,38,22,22 0 0 0 0 0 0 0,1793306980
266,5,23427953,1790714980,0xd20d985fe8fba1f1e7a08095278e9c9a0565fb90,1:0 5:0 9:0 13:0 17:0,2500,0xf80000000f80000000f80000000f80000000f803b,47,29,29 0 0 0 0 0 0 0,1793306980
274,6,23427953,1790714980,0xdf019f6095d7be78358b9f96bd16f19fd1beedf1,1:0 5:0 9:0 13:0 17:0,2500,0xf80000000f80000000f80000000f80000000f8035,53,34,34 0 0 0 0 0 0 0,1793306980
275,5,23427954,1790714981,0xc47e53967ecc82ee69635a37a6c645d109c15981,1:0 5:0 13:0 13:0 17:0,2500,0xf80000001f00000000000000000f80000000f8009,38,22,22 0 0 0 0 0 0 0,1793306981
268,5,23427954,1790714981,0xeda47da1c7ae9f6f342784e2b3c0b41194375d17,1:0 5:0 9:0 13:0 17:0,2500,0xf80000000f80000000f80000000f80000000f803b,47,29,29 0 0 0 0 0 0 0,1793306981
270,5,23428048,1790715028,0x02743dd55d73bbd61a1ffcfa8cf5e41896370c7c,1:0 5:0 9:0 13:0 17:0,2500,0xf80000000f80000000f80000000f80000000f803b,57,34,34 0 0 0 0 0 0 0,1793307028
269,5,23428120,1790715065,0x02743dd55d73bbd61a1ffcfa8cf5e41896370c7c,1:0 5:0 9:0 18:0 17:0,2500,0x1f0f80000000000000000f80000000f80000000f8039,41,25,25 0 0 0 0 0 0 0,1793307065
265,5,23428120,1790715065,0xd20d985fe8fba1f1e7a08095278e9c9a0565fb90,1:0 5:0 9:0 18:0 17:0,2500,0x1f0f80000000000000000f80000000f80000000f8039,51,30,30 0 0 0 0 0 0 0,1793307065
279,5,23428120,1790715065,0xea06384d2fca30fc2090ace269c6578a2f0269fc,1:0 5:0 9:0 18:0 17:0,2500,0x1f0f80000000000000000f80000000f80000000f8039,44,26,26 0 0 0 0 0 0 0,1793307065
272,5,23428121,1790715065,0xc47e53967ecc82ee69635a37a6c645d109c15981,1:0 5:0 9:0 17:0 17:0,2500,0x1f00000000000000000f80000000f80000000f803c,38,26,26 0 0 0 0 0 0 0,1793307065
273,5,23428121,1790715065,0xdf019f6095d7be78358b9f96bd16f19fd1beedf1,1:0 5:0 9:0 18:0 17:0,2500,0x1f0f80000000000000000f80000000f80000000f8039,57,38,38 0 0 0 0 0 0 0,1793307065
221,5,23428145,1790715077,0x5134143ec5c04ad5b5dcd240e92f484cdf10fef8,1:0 5:0 18:0 13:0 17:0,2500,0x1f0f80000000f80000000000000000f80000000f8000,45,26,26 0 0 0 0 0 0 0,1793307077
267,5,23428238,1790715125,0xeda47da1c7ae9f6f342784e2b3c0b41194375d17,1:0 5:0 9:0 18:0 17:0,2500,0x1f0f80000000000000000f80000000f80000000f8039,46,29,29 0 0 0 0 0 0 0,1793307125
277,5,23428241,1790715126,0x23e84ec9d22e84e93534cb9a6030f77deb2a0310,1:0 5:0 9:0 18:0 17:0,2500,0x1f0f80000000000000000f80000000f80000000f8039,56,34,34 0 0 0 0 0 0 0,1793307126
202,47,23429442,1790715735,0x51ff767cdd5112be157b12b5b1c7713608fc2601,1:0 12:0 9:0 13:0 17:0,2500,0xf80000000f87c00000f80000000000000000f8012,50,33,33 0 0 0 0 0 0 0,1793932699
210,8,23429472,1790715751,0x51ff767cdd5112be157b12b5b1c7713608fc2601,1:0 10:0 9:0 13:0 17:0,2500,0xf80000000f800001f0f80000000000000000f8010,49,30,30 0 0 0 0 0 0 0,1793307751
202,48,23429505,1790715767,0x51ff767cdd5112be157b12b5b1c7713608fc2601,1:0 15:0 9:0 13:0 17:0,2500,0xf8003e000f80000000f80000000000000000f8005,52,30,30 0 0 0 0 0 0 0,1793932699
210,9,23429547,1790715789,0x51ff767cdd5112be157b12b5b1c7713608fc2601,1:0 5:0 9:0 9:0 17:0,2500,0xf80000000000000001f00000000f80000000f802b,55,35,35 0 0 0 0 0 0 0,1793307789
202,49,23429581,1790715806,0x51ff767cdd5112be157b12b5b1c7713608fc2601,1:0 14:0 9:0 13:0 17:0,2500,0xf800001f0f80000000f80000000000000000f8008,70,43,43 0 0 0 0 0 0 0,1793932699
210,10,23429635,1790715833,0x51ff767cdd5112be157b12b5b1c7713608fc2601,1:0 5:0 9:0 17:0 17:0,2500,0x1f00000000000000000f80000000f80000000f8013,37,22,22 0 0 0 0 0 0 0,1793307833
202,50,23429673,1790715853,0x51ff767cdd5112be157b12b5b1c7713608fc2601,1:0 5:0 9:0 13:0 14:0,2500,0x1f0f80000000f80000000f80000000f8005,71,43,43 0 0 0 0 0 0 0,1793932699
210,11,23429700,1790715866,0x51ff767cdd5112be157b12b5b1c7713608fc2601,1:0 5:0 9:0 18:0 17:0,2500,0x1f0f80000000000000000f80000000f80000000f801a,67,46,46 0 0 0 0 0 0 0,1793307866
279,6,23429875,1790715955,0xea06384d2fca30fc2090ace269c6578a2f0269fc,1:0 5:0 9:0 16:0 17:0,2500,0xf87c00000000000000f80000000f80000000f8006,51,34,34 0 0 0 0 0 0 0,1793307955
221,6,23429875,1790715955,0x5134143ec5c04ad5b5dcd240e92f484cdf10fef8,1:0 5:0 15:0 13:0 17:0,2500,0xf8003e000f80000000000000000f80000000f803a,54,34,34 0 0 0 0 0 0 0,1793307955
269,6,23429875,1790715955,0x02743dd55d73bbd61a1ffcfa8cf5e41896370c7c,1:0 5:0 9:0 16:0 17:0,2500,0xf87c00000000000000f80000000f80000000f8006,54,35,35 0 0 0 0 0 0 0,1793307955
265,6,23429875,1790715955,0xd20d985fe8fba1f1e7a08095278e9c9a0565fb90,1:0 5:0 9:0 16:0 17:0,2500,0xf87c00000000000000f80000000f80000000f8006,44,30,30 0 0 0 0 0 0 0,1793307955
273,6,23429876,1790715956,0xdf019f6095d7be78358b9f96bd16f19fd1beedf1,1:0 5:0 9:0 16:0 17:0,2500,0xf87c00000000000000f80000000f80000000f8006,43,26,26 0 0 0 0 0 0 0,1793307956
272,6,23429876,1790715956,0xc47e53967ecc82ee69635a37a6c645d109c15981,1:0 5:0 15:0 13:0 17:0,2500,0xf8003e000f80000000000000000f80000000f803a,46,26,26 0 0 0 0 0 0 0,1793307956
267,6,23429876,1790715956,0xeda47da1c7ae9f6f342784e2b3c0b41194375d17,1:0 5:0 9:0 16:0 17:0,2500,0xf87c00000000000000f80000000f80000000f8006,54,35,35 0 0 0 0 0 0 0,1793307956
277,6,23429876,1790715956,0x23e84ec9d22e84e93534cb9a6030f77deb2a0310,1:0 5:0 9:0 16:0 17:0,2500,0xf87c00000000000000f80000000f80000000f8006,44,30,30 0 0 0 0 0 0 0,1793307956
270,6,23429945,1790715991,0x02743dd55d73bbd61a1ffcfa8cf5e41896370c7c,1:0 5:0 9:0 18:0 18:0,2500,0x3e0000000000000000000f80000000f80000000f8023,35,22,22 0 0 0 0 0 0 0,1793307991
266,6,23429945,1790715991,0xd20d985fe8fba1f1e7a08095278e9c9a0565fb90,1:0 5:0 9:0 18:0 18:0,2500,0x3e0000000000000000000f80000000f80000000f8023,45,27,27 0 0 0 0 0 0 0,1793307991
278,6,23429945,1790715991,0x23e84ec9d22e84e93534cb9a6030f77deb2a0310,1:0 5:0 9:0 18:0 18:0,2500,0x3e0000000000000000000f80000000f80000000f8023,45,27,27 0 0 0 0 0 0 0,1793307991
274,7,23429946,1790715991,0xdf019f6095d7be78358b9f96bd16f19fd1beedf1,1:0 10:0 9:0 18:0 17:0,2500,0x1f0f800000000000001f0f80000000000000000f800a,55,34,34 0 0 0 0 0 0 0,1793307991
268,6,23429946,1790715991,0xeda47da1c7ae9f6f342784e2b3c0b41194375d17,1:0 5:0 9:0 18:0 18:0,2500,0x3e0000000000000000000f80000000f80000000f8023,45,27,27 0 0 0 0 0 0 0,1793307991
280,6,23429946,1790715991,0xea06384d2fca30fc2090ace269c6578a2f0269fc,1:0 5:0 16:0 18:0 17:0,2500,0x1f0f87c00000000000000000000000f80000000f8031,56,35,35 0 0 0 0 0 0 0,1793307991
222,6,23429947,1790715992,0x5134143ec5c04ad5b5dcd240e92f484cdf10fef8,1:0 5:0 16:0 18:0 17:0,2500,0x1f0f87c00000000000000000000000f80000000f8031,48,30,30 0 0 0 0 0 0 0,1793307992
275,6,23429947,1790715992,0xc47e53967ecc82ee69635a37a6c645d109c15981,1:0 5:0 16:0 18:0 17:0,2500,0x1f0f87c00000000000000000000000f80000000f8031,48,30,30 0 0 0 0 0 0 0,1793307992
221,7,23430004,1790716020,0x5134143ec5c04ad5b5dcd240e92f484cdf10fef8,1:0 14:0 9:0 13:0 17:0,2500,0xf800001f0f80000000f80000000000000000f803b,59,34,34 0 0 0 0 0 0 0,1793308020
279,7,23430004,1790716020,0xea06384d2fca30fc2090ace269c6578a2f0269fc,1:0 5:0 18:0 13:0 17:0,2500,0x1f0f80000000f80000000000000000f80000000f8039,62,35,35 0 0 0 0 0 0 0,1793308020
269,7,23430004,1790716020,0x02743dd55d73bbd61a1ffcfa8cf5e41896370c7c,1:0 5:0 18:0 13:0 17:0,2500,0x1f0f80000000f80000000000000000f80000000f8039,52,30,30 0 0 0 0 0 0 0,1793308020
273,7,23430004,1790716020,0xdf019f6095d7be78358b9f96bd16f19fd1beedf1,1:0 5:0 18:0 13:0 17:0,2500,0x1f0f80000000f80000000000000000f80000000f8039,68,40,40 0 0 0 0 0 0 0,1793308020
277,7,23430005,1790716021,0x23e84ec9d22e84e93534cb9a6030f77deb2a0310,1:0 5:0 18:0 13:0 17:0,2500,0x1f0f80000000f80000000000000000f80000000f8039,47,26,26 0 0 0 0 0 0 0,1793308021
272,7,23430005,1790716021,0xc47e53967ecc82ee69635a37a6c645d109c15981,1:0 14:0 9:0 13:0 17:0,2500,0xf800001f0f80000000f80000000000000000f803b,77,47,47 0 0 0 0 0 0 0,1793308021
267,7,23430005,1790716021,0xeda47da1c7ae9f6f342784e2b3c0b41194375d17,1:0 5:0 18:0 13:0 17:0,2500,0x1f0f80000000f80000000000000000f80000000f8039,62,35,35 0 0 0 0 0 0 0,1793308021
265,7,23430027,1790716032,0xd20d985fe8fba1f1e7a08095278e9c9a0565fb90,1:0 5:0 18:0 13:0 17:0,2500,0x1f0f80000000f80000000000000000f80000000f8039,52,30,30 0 0 0 0 0 0 0,1793308032
222,7,23430092,1790716065,0x5134143ec5c04ad5b5dcd240e92f484cdf10fef8,1:0 5:0 9:0 13:0 17:0,2500,0xf80000000f80000000f80000000f80000000f803b,65,39,39 0 0 0 0 0 0 0,1793308065
270,7,23430092,1790716065,0x02743dd55d73bbd61a1ffcfa8cf5e41896370c7c,1:0 5:0 9:0 13:0 17:0,2500,0xf80000000f80000000f80000000f80000000f803b,55,34,34 0 0 0 0 0 0 0,1793308065
266,7,23430092,1790716065,0xd20d985fe8fba1f1e7a08095278e9c9a0565fb90,1:0 5:0 9:0 13:0 17:0,2500,0xf80000000f80000000f80000000f80000000f803b,55,34,34 0 0 0 0 0 0 0,1793308065
274,8,23430092,1790716065,0xdf019f6095d7be78358b9f96bd16f19fd1beedf1,1:0 5:0 9:0 13:0 17:0,2500,0xf80000000f80000000f80000000f80000000f8030,71,44,44 0 0 0 0 0 0 0,1793308065
278,7,23430093,1790716066,0x23e84ec9d22e84e93534cb9a6030f77deb2a0310,1:0 5:0 9:0 13:0 17:0,2500,0xf80000000f80000000f80000000f80000000f803b,65,39,39 0 0 0 0 0 0 0,1793308066
268,7,23430093,1790716066,0xeda47da1c7ae9f6f342784e2b3c0b41194375d17,1:0 5:0 9:0 13:0 17:0,2500,0xf80000000f80000000f80000000f80000000f803b,55,34,34 0 0 0 0 0 0 0,1793308066
275,7,23430220,1790716130,0xc47e53967ecc82ee69635a37a6c645d109c15981,1:0 11:0 9:0 13:0 17:0,2500,0xf80000000f8003e000f80000000000000000f8032,58,34,34 0 0 0 0 0 0 0,1793308130
280,7,23430240,1790716140,0xea06384d2fca30fc2090ace269c6578a2f0269fc,1:0 5:0 16:0 13:0 17:0,2500,0xf87c00000f80000000000000000f80000000f8010,59,34,34 0 0 0 0 0 0 0,1793308140
279,8,23430289,1790716165,0xea06384d2fca30fc2090ace269c6578a2f0269fc,1:0 5:0 16:0 13:0 17:0,2500,0xf87c00000f80000000000000000f80000000f8035,65,42,42 0 0 0 0 0 0 0,1793308165
221,8,23430290,1790716166,0x5134143ec5c04ad5b5dcd240e92f484cdf10fef8,1:0 12:0 9:0 13:0 17:0,2500,0xf80000000f87c00000f80000000000000000f8012,58,38,38 0 0 0 0 0 0 0,1793308166
265,8,23430290,1790716166,0xd20d985fe8fba1f1e7a08095278e9c9a0565fb90,1:0 5:0 16:0 13:0 17:0,2500,0xf87c00000f80000000000000000f80000000f8035,70,43,43 0 0 0 0 0 0 0,1793308166
269,8,23430290,1790716166,0x02743dd55d73bbd61a1ffcfa8cf5e41896370c7c,1:0 5:0 16:0 13:0 17:0,2500,0xf87c00000f80000000000000000f80000000f8035,80,48,48 0 0 0 0 0 0 0,1793308166
273,8,23430291,1790716166,0xdf019f6095d7be78358b9f96bd16f19fd1beedf1,1:0 5:0 16:0 13:0 17:0,2500,0xf87c00000f80000000000000000f80000000f8035,59,34,34 0 0 0 0 0 0 0,1793308166
277,8,23430291,1790716166,0x23e84ec9d22e84e93534cb9a6030f77deb2a0310,1:0 5:0 16:0 13:0 17:0,2500,0xf87c00000f80000000000000000f80000000f8035,75,47,47 0 0 0 0 0 0 0,1793308166
272,8,23430291,1790716166,0xc47e53967ecc82ee69635a37a6c645d109c15981,1:0 12:0 9:0 13:0 17:0,2500,0xf80000000f87c00000f80000000000000000f8012,44,26,26 0 0 0 0 0 0 0,1793308166
267,8,23430292,1790716167,0xeda47da1c7ae9f6f342784e2b3c0b41194375d17,1:0 5:0 16:0 13:0 17:0,2500,0xf87c00000f80000000000000000f80000000f8035,70,43,43 0 0 0 0 0 0 0,1793308167
266,8,23430367,1790716205,0xd20d985fe8fba1f1e7a08095278e9c9a0565fb90,1:0 5:0 15:0 13:0 17:0,2500,0xf8003e000f80000000000000000f80000000f8020,73,44,44 0 0 0 0 0 0 0,1793308205
274,9,23430367,1790716205,0xdf019f6095d7be78358b9f96bd16f19fd1beedf1,1:0 5:0 15:0 13:0 17:0,2500,0xf8003e000f80000000000000000f80000000f800a,45,29,29 0 0 0 0 0 0 0,1793308205
222,8,23430367,1790716205,0x5134143ec5c04ad5b5dcd240e92f484cdf10fef8,1:0 5:0 15:0 13:0 17:0,2500,0xf8003e000f80000000000000000f80000000f8020,63,39,39 0 0 0 0 0 0 0,1793308205
280,8,23430368,1790716205,0xea06384d2fca30fc2090ace269c6578a2f0269fc,1:0 5:0 15:0 13:0 17:0,2500,0xf8003e000f80000000000000000f80000000f8020,67,40,40 0 0 0 0 0 0 0,1793308205
268,8,23430368,1790716205,0xeda47da1c7ae9f6f342784e2b3c0b41194375d17,1:0 5:0 15:0 13:0 17:0,2500,0xf8003e000f80000000000000000f80000000f8020,59,35,35 0 0 0 0 0 0 0,1793308205
275,8,23430368,1790716205,0xc47e53967ecc82ee69635a37a6c645d109c15981,1:0 11:0 9:0 13:0 17:0,2500,0xf80000000f8003e000f80000000000000000f803a,65,39,39 0 0 0 0 0 0 0,1793308205
278,8,23430459,1790716251,0x23e84ec9d22e84e93534cb9a6030f77deb2a0310,1:0 5:0 15:0 13:0 17:0,2500,0xf8003e000f80000000000000000f80000000f8020,63,39,39 0 0 0 0 0 0 0,1793308251
270,8,23430478,1790716261,0x02743dd55d73bbd61a1ffcfa8cf5e41896370c7c,1:0 5:0 15:0 13:0 17:0,2500,0xf8003e000f80000000000000000f80000000f8020,53,34,34 0 0 0 0 0 0 0,1793308261
221,9,23430604,1790716325,0x5134143ec5c04ad5b5dcd240e92f484cdf10fef8,1:0 5:0 9:0 16:0 17:0,2500,0xf87c00000000000000f80000000f80000000f801b,53,34,34 0 0 0 0 0 0 0,1793308325
279,9,23430604,1790716325,0xea06384d2fca30fc2090ace269c6578a2f0269fc,1:0 5:0 9:0 13:0 16:0,2500,0x7c00000f80000000f80000000f80000000f801e,54,31,31 0 0 0 0 0 0 0,1793308325
269,9,23430604,1790716325,0x02743dd55d73bbd61a1ffcfa8cf5e41896370c7c,1:0 5:0 9:0 13:0 16:0,2500,0x7c00000f80000000f80000000f80000000f801e,46,29,29 0 0 0 0 0 0 0,1793308325
273,9,23430604,1790716325,0xdf019f6095d7be78358b9f96bd16f19fd1beedf1,1:0 5:0 9:0 13:0 16:0,2500,0x7c00000f80000000f80000000f80000000f801e,49,30,30 0 0 0 0 0 0 0,1793308325
272,9,23430605,1790716325,0xc47e53967ecc82ee69635a37a6c645d109c15981,1:0 5:0 9:0 16:0 17:0,2500,0xf87c00000000000000f80000000f80000000f801b,56,38,38 0 0 0 0 0 0 0,1793308325
277,9,23430605,1790716325,0x23e84ec9d22e84e93534cb9a6030f77deb2a0310,1:0 5:0 9:0 13:0 16:0,2500,0x7c00000f80000000f80000000f80000000f801e,66,39,39 0 0 0 0 0 0 0,1793308325
267,9,23430714,1790716380,0xeda47da1c7ae9f6f342784e2b3c0b41194375d17,1:0 5:0 9:0 13:0 16:0,2500,0x7c00000f80000000f80000000f80000000f801e,51,33,33 0 0 0 0 0 0 0,1793308380
265,9,23430717,1790716382,0xd20d985fe8fba1f1e7a08095278e9c9a0565fb90,1:0 5:0 9:0 13:0 16:0,2500,0x7c00000f80000000f80000000f80000000f801e,66,39,39 0 0 0 0 0 0 0,1793308382
266,9,23430776,1790716412,0xd20d985fe8fba1f1e7a08095278e9c9a0565fb90,1:0 9:0 9:0 13:0 17:0,2500,0xf80000000f80000001f00000000000000000f8001,32,21,21 0 0 0 0 0 0 0,1793308412
274,10,23430776,1790716412,0xdf019f6095d7be78358b9f96bd16f19fd1beedf1,1:0 9:0 9:0 13:0 17:0,2500,0xf80000000f80000001f00000000000000000f8039,49,30,30 0 0 0 0 0 0 0,1793308412
270,9,23430776,1790716412,0x02743dd55d73bbd61a1ffcfa8cf5e41896370c7c,1:0 9:0 9:0 13:0 17:0,2500,0xf80000000f80000001f00000000000000000f8001,52,31,31 0 0 0 0 0 0 0,1793308412
280,9,23430776,1790716412,0xea06384d2fca30fc2090ace269c6578a2f0269fc,1:0 9:0 9:0 13:0 17:0,2500,0xf80000000f80000001f00000000000000000f8001,46,29,29 0 0 0 0 0 0 0,1793308412
222,9,23430777,1790716413,0x5134143ec5c04ad5b5dcd240e92f484cdf10fef8,5:0 5:0 9:0 13:0 17:0,2500,0xf80000000f80000000f80000001f0000000000003,49,33,33 0 0 0 0 0 0 0,1793308413
268,9,23430777,1790716413,0xeda47da1c7ae9f6f342784e2b3c0b41194375d17,1:0 9:0 9:0 13:0 17:0,2500,0xf80000000f80000001f00000000000000000f8001,32,21,21 0 0 0 0 0 0 0,1793308413
275,9,23430777,1790716413,0xc47e53967ecc82ee69635a37a6c645d109c15981,5:0 5:0 9:0 13:0 17:0,2500,0xf80000000f80000000f80000001f0000000000003,44,29,29 0 0 0 0 0 0 0,1793308413
278,9,23430777,1790716413,0x23e84ec9d22e84e93534cb9a6030f77deb2a0310,1:0 9:0 9:0 13:0 17:0,2500,0xf80000000f80000001f00000000000000000f8001,32,21,21 0 0 0 0 0 0 0,1793308413
55,57,23433858,1790717975,0xac0e67aaaa15dc791153b64df4a9d121dce797e5,2:0 1:0 3:0 13:0 17:0,2500,0xf80000000f8000000000000000000003e1f0f8022,60,36,36 0 0 0 0 0 0 0,1794151120
117,2,23434282,1790718190,0xac0e67aaaa15dc791153b64df4a9d121dce797e5,pheromone,0,0x1fc1,18,10,10 0 0 0 0 0 0 0,1793310190
44,72,23435681,1790718900,0xf04ecec3cac1ad5e55e03cb5842b07be2c2249c9,1:0 5:0 9:0 13:0 17:0,2500,0xf80000000f80000000f80000000f80000000f801b,67,39,39 0 0 0 0 0 0 0,1794538788
44,73,23435713,1790718916,0xf04ecec3cac1ad5e55e03cb5842b07be2c2249c9,1:0 5:0 9:0 13:0 17:0,2500,0xf80000000f80000000f80000000f80000000f8030,46,30,30 0 0 0 0 0 0 0,1794538788
188,5,23436028,1790719076,0xac0e67aaaa15dc791153b64df4a9d121dce797e5,pheromone,0,0x1fe1,18,10,10 0 0 0 0 0 0 0,1793311076
173,5,23436191,1790719159,0xf04ecec3cac1ad5e55e03cb5842b07be2c2249c9,pheromone,0,0x1fe1,18,10,10 0 0 0 0 0 0 0,1793311159
337,1,23436263,1790719195,0xac0e67aaaa15dc791153b64df4a9d121dce797e5,1:0 5:0 9:0 13:0 17:0,2500,0xf80000000f80000000f80000000f80000000f802e,35,21,21 0 0 0 0 0 0 0,1798495154
59,14,23436305,1790719217,0xf04ecec3cac1ad5e55e03cb5842b07be2c2249c9,1:0,500,0xf8002,19,10,10 0 0 0 0 0 0 0,1793311217
69,15,23436312,1790719220,0xf04ecec3cac1ad5e55e03cb5842b07be2c2249c9,1:0,500,0xf8016,19,10,10 0 0 0 0 0 0 0,1793311220
156,15,23439230,1790720700,0x574b60bc1a42becb1de3972751e9238c26c9cccf,1:0,500,0xf8016,9,5,5 0 0 0 0 0 0 0,1793318675
158,22,23439230,1790720700,0x574b60bc1a42becb1de3972751e9238c26c9cccf,1:1,2000,0x3f801c,9,5,5 0 0 0 0 0 0 0,1793470225
159,12,23439230,1790720700,0x574b60bc1a42becb1de3972751e9238c26c9cccf,1:1,2000,0x3f8037,29,15,15 0 0 0 0 0 0 0,1793312700
158,23,23439487,1790720831,0x574b60bc1a42becb1de3972751e9238c26c9cccf,1:2 5:2 9:2 13:2 17:2,20000,0x7f80000007f80000007f80000007f80000007f802f,96,63,63 0 0 0 0 0 0 0,1793470225
158,24,23440074,1790721128,0x574b60bc1a42becb1de3972751e9238c26c9cccf,1:1 5:1 9:1 13:1 17:1,10000,0x3f80000003f80000003f80000003f80000003f803b,43,26,26 0 0 0 0 0 0 0,1793470225
117,3,23440194,1790721190,0xac0e67aaaa15dc791153b64df4a9d121dce797e5,pheromone,0,0x1ff8,37,20,20 0 0 0 0 0 0 0,1793313190
338,1,23440421,1790721304,0xac0e67aaaa15dc791153b64df4a9d121dce797e5,1:0,500,0xf8000,9,5,5 0 0 0 0 0 0 0,1798497209
159,13,23441613,1790721909,0x574b60bc1a42becb1de3972751e9238c26c9cccf,1:0 5:0 10:0 13:0 17:0,2500,0xf80000000f800001f0000000000f80000000f8027,46,30,30 0 0 0 0 0 0 0,1793313909
156,16,23441919,1790722065,0x574b60bc1a42becb1de3972751e9238c26c9cccf,1:1 5:1 9:1 13:1 17:1,10000,0x3f80000003f80000003f80000003f80000003f803b,60,35,35 0 0 0 0 0 0 0,1793318675
216,4,23443709,1790722974,0x08bf056c728966c8d6d3f2acb0ad4be521ed0631,16:0,500,0x7c0000000000000000000000000000000000007,6,4,4 0 0 0 0 0 0 0,1793314974
219,5,23443709,1790722974,0x08bf056c728966c8d6d3f2acb0ad4be521ed0631,17:0,500,0xf8000000000000000000000000000000000000017,7,4,4 0 0 0 0 0 0 0,1793314974
296,5,23443709,1790722974,0x08bf056c728966c8d6d3f2acb0ad4be521ed0631,10:0,500,0x1f000000000000000000000016,5,4,4 0 0 0 0 0 0 0,1793314974
339,1,23443982,1790723112,0x574b60bc1a42becb1de3972751e9238c26c9cccf,1:1 5:1 9:1 13:1 17:1,10000,0x3f80000003f80000003f80000003f80000003f801e,35,21,21 0 0 0 0 0 0 0,1798499054
339,2,23444094,1790723169,0x574b60bc1a42becb1de3972751e9238c26c9cccf,1:2 5:2 9:2 13:2 17:2,20000,0x7f80000007f80000007f80000007f80000007f8020,99,64,64 0 0 0 0 0 0 0,1798499054
202,51,23444161,1790723203,0x51ff767cdd5112be157b12b5b1c7713608fc2601,1:0 5:0 9:0 7:0 17:0,2500,0xf80000000000000000f8003e000f80000000f8018,35,21,21 0 0 0 0 0 0 0,1793932699
210,12,23444189,1790723218,0x51ff767cdd5112be157b12b5b1c7713608fc2601,1:0 5:0 9:0 16:0 17:0,2500,0xf87c00000000000000f80000000f80000000f801a,43,26,26 0 0 0 0 0 0 0,1793315218
339,3,23444427,1790723338,0x574b60bc1a42becb1de3972751e9238c26c9cccf,1:1 8:1 3:1 13:1 14:1,10000,0x7f3f8000000001fc000000000fe003f801c,48,26,26 0 0 0 0 0 0 0,1798499054
202,52,23444798,1790723526,0x51ff767cdd5112be157b12b5b1c7713608fc2601,1:0 13:0 9:0 13:0 17:0,2500,0xf80000001f00000000f80000000000000000f8039,59,38,38 0 0 0 0 0 0 0,1793932699
210,13,23444819,1790723537,0x51ff767cdd5112be157b12b5b1c7713608fc2601,1:0 5:0 9:0 9:0 17:0,2500,0xf80000000000000001f00000000f80000000f8023,50,34,34 0 0 0 0 0 0 0,1793315537
339,4,23445096,1790723677,0x574b60bc1a42becb1de3972751e9238c26c9cccf,1:1 5:1 9:1 13:1 17:1,10000,0x3f80000003f80000003f80000003f80000003f8018,73,43,43 0 0 0 0 0 0 0,1798499054
285,48,23445103,1790723681,0x27f48de5e0605da8b2a52ddfd06f6d273b804336,11:0 10:0 16:0 18:0 17:0,2500,0x1f0f87c0000000003e1f000000000000000000000007,50,32,32 0 0 0 0 0 0 0,1793747482
295,8,23445246,1790723753,0xec0408f9fb4c25a98e60b6e5715cd059b1fa172f,11:0 5:0 9:0 13:0 17:0,2500,0xf80000000f8003e000f80000000f8000000000018,40,25,25 0 0 0 0 0 0 0,1793315753
315,7,23445314,1790723788,0xec0408f9fb4c25a98e60b6e5715cd059b1fa172f,1:0 5:0 9:0 14:0 17:0,2500,0xf800001f0000000000f80000000f80000000f802c,44,26,26 0 0 0 0 0 0 0,1793315788
321,7,23445373,1790723818,0xec0408f9fb4c25a98e60b6e5715cd059b1fa172f,1:0 13:0 9:0 13:0 17:0,2500,0xf80000001f00000000f80000000000000000f8002,32,21,21 0 0 0 0 0 0 0,1793315818
75,1,23445828,1790724049,0xec0408f9fb4c25a98e60b6e5715cd059b1fa172f,pheromone,0,0x1fd3,18,10,10 0 0 0 0 0 0 0,1793316049
175,7,23445919,1790724095,0xec0408f9fb4c25a98e60b6e5715cd059b1fa172f,pheromone,0,0x1fd1,18,10,10 0 0 0 0 0 0 0,1793316095
26,67,23447042,1790724664,0x0dd5ff179c68dd64fa712da08b550ec3a7d3bd73,1:0,500,0xf802e,9,5,5 0 0 0 0 0 0 0,1794428903
86,53,23447054,1790724671,0x0dd5ff179c68dd64fa712da08b550ec3a7d3bd73,1:0,500,0xf803a,19,10,10 0 0 0 0 0 0 0,1794131321
90,69,23447063,1790724675,0x0dd5ff179c68dd64fa712da08b550ec3a7d3bd73,7:0,500,0x3e0000000000000001e,16,8,8 0 0 0 0 0 0 0,1794476984
265,10,23447239,1790724764,0xd20d985fe8fba1f1e7a08095278e9c9a0565fb90,1:0 5:0 16:0 13:0 17:0,2500,0xf87c00000f80000000000000000f80000000f803e,57,34,34 0 0 0 0 0 0 0,1793316764
277,10,23447239,1790724764,0x23e84ec9d22e84e93534cb9a6030f77deb2a0310,1:0 5:0 16:0 13:0 17:0,2500,0xf87c00000f80000000000000000f80000000f803e,57,34,34 0 0 0 0 0 0 0,1793316764
221,10,23447239,1790724764,0x5134143ec5c04ad5b5dcd240e92f484cdf10fef8,1:0 5:0 16:0 13:0 17:0,2500,0xf87c00000f80000000000000000f80000000f803e,67,39,39 0 0 0 0 0 0 0,1793316764
273,10,23447239,1790724764,0xdf019f6095d7be78358b9f96bd16f19fd1beedf1,1:0 5:0 16:0 13:0 17:0,2500,0xf87c00000f80000000000000000f80000000f803e,62,38,38 0 0 0 0 0 0 0,1793316764
272,10,23447240,1790724765,0xc47e53967ecc82ee69635a37a6c645d109c15981,1:0 5:0 16:0 13:0 17:0,2500,0xf87c00000f80000000000000000f80000000f803e,59,34,34 0 0 0 0 0 0 0,1793316765
267,10,23447240,1790724765,0xeda47da1c7ae9f6f342784e2b3c0b41194375d17,1:0 5:0 16:0 13:0 17:0,2500,0xf87c00000f80000000000000000f80000000f803e,62,35,35 0 0 0 0 0 0 0,1793316765
279,10,23447240,1790724765,0xea06384d2fca30fc2090ace269c6578a2f0269fc,1:0 5:0 16:0 13:0 17:0,2500,0xf87c00000f80000000000000000f80000000f803e,57,34,34 0 0 0 0 0 0 0,1793316765
266,10,23447374,1790724833,0xd20d985fe8fba1f1e7a08095278e9c9a0565fb90,1:0 5:0 9:0 17:0 17:0,2500,0x1f00000000000000000f80000000f80000000f8013,54,34,34 0 0 0 0 0 0 0,1793316833
222,10,23447375,1790724833,0x5134143ec5c04ad5b5dcd240e92f484cdf10fef8,1:0 5:0 9:0 17:0 17:0,2500,0x1f00000000000000000f80000000f80000000f8013,37,25,25 0 0 0 0 0 0 0,1793316833
275,10,23447375,1790724833,0xc47e53967ecc82ee69635a37a6c645d109c15981,1:0 5:0 9:0 17:0 17:0,2500,0x1f00000000000000000f80000000f80000000f8013,37,25,25 0 0 0 0 0 0 0,1793316833
280,10,23447375,1790724833,0xea06384d2fca30fc2090ace269c6578a2f0269fc,1:0 5:0 9:0 17:0 17:0,2500,0x1f00000000000000000f80000000f80000000f8013,40,26,26 0 0 0 0 0 0 0,1793316833
274,11,23447375,1790724833,0xdf019f6095d7be78358b9f96bd16f19fd1beedf1,1:0 5:0 9:0 17:0 17:0,2500,0x1f00000000000000000f80000000f80000000f8029,40,26,26 0 0 0 0 0 0 0,1793316833
274,12,23447489,1790724891,0xdf019f6095d7be78358b9f96bd16f19fd1beedf1,1:0 12:0 9:0 13:0 17:0,2500,0xf80000000f87c00000f80000000000000000f8000,65,42,42 0 0 0 0 0 0 0,1793316891
273,11,23447547,1790724921,0xdf019f6095d7be78358b9f96bd16f19fd1beedf1,1:0 5:0 16:0 15:0 17:0,2500,0xf87c3e000000000000000000000f80000000f801f,47,30,30 0 0 0 0 0 0 0,1793316921
274,13,23447587,1790724941,0xdf019f6095d7be78358b9f96bd16f19fd1beedf1,1:0 5:0 17:0 13:0 17:0,2500,0x1f00000000f80000000000000000f80000000f8030,35,21,21 0 0 0 0 0 0 0,1793316941
62,66,23447593,1790724944,0xd6ed92a915f940db5d288b1724a4e45b20c4f027,16:0,500,0x7c0000000000000000000000000000000000019,14,8,8 0 0 0 0 0 0 0,1794410729
78,52,23447603,1790724949,0xd6ed92a915f940db5d288b1724a4e45b20c4f027,17:0,500,0xf8000000000000000000000000000000000000000,10,8,8 0 0 0 0 0 0 0,1794109268
273,12,23447615,1790724955,0xdf019f6095d7be78358b9f96bd16f19fd1beedf1,1:0 5:0 9:0 13:0 17:0,2500,0xf80000000f80000000f80000000f80000000f8036,69,43,43 0 0 0 0 0 0 0,1793316955
274,14,23447641,1790724968,0xdf019f6095d7be78358b9f96bd16f19fd1beedf1,9:0 5:0 9:0 13:0 17:0,2500,0xf80000000f80000001f00000000f8000000000012,47,33,33 0 0 0 0 0 0 0,1793316968
274,15,23447696,1790724996,0xdf019f6095d7be78358b9f96bd16f19fd1beedf1,1:0 12:0 9:0 13:0 17:0,2500,0xf80000000f87c00000f80000000000000000f8009,59,34,34 0 0 0 0 0 0 0,1793316996
198,84,23448647,1790725479,0x9194331dc33cde506a635cb2bde30a88246cb9cf,1:0 5:0 9:0 13:0 17:0,2500,0xf80000000f80000000f80000000f80000000f801e,65,39,39 0 0 0 0 0 0 0,1794795900
198,85,23448674,1790725492,0x9194331dc33cde506a635cb2bde30a88246cb9cf,1:0 5:0 9:0 13:0 17:0,2500,0xf80000000f80000000f80000000f80000000f8004,38,25,25 0 0 0 0 0 0 0,1794795900
265,11,23448744,1790725528,0xd20d985fe8fba1f1e7a08095278e9c9a0565fb90,1:0 14:0 9:0 13:0 17:0,2500,0xf800001f0f80000000f80000000000000000f8004,66,42,42 0 0 0 0 0 0 0,1793317528
221,11,23448744,1790725528,0x5134143ec5c04ad5b5dcd240e92f484cdf10fef8,1:0 14:0 15:0 13:0 17:0,2500,0xf8003e1f0f80000000000000000000000000f802d,46,29,29 0 0 0 0 0 0 0,1793317528
279,11,23448744,1790725528,0xea06384d2fca30fc2090ace269c6578a2f0269fc,1:0 14:0 9:0 13:0 17:0,2500,0xf800001f0f80000000f80000000000000000f8004,73,46,46 0 0 0 0 0 0 0,1793317528
272,11,23448745,1790725529,0xc47e53967ecc82ee69635a37a6c645d109c15981,1:0 14:0 17:0 13:0 17:0,2500,0x1f000001f0f80000000000000000000000000f800b,40,25,25 0 0 0 0 0 0 0,1793317529
277,11,23448745,1790725529,0x23e84ec9d22e84e93534cb9a6030f77deb2a0310,1:0 14:0 9:0 13:0 17:0,2500,0xf800001f0f80000000f80000000000000000f8004,61,38,38 0 0 0 0 0 0 0,1793317529
269,10,23448745,1790725529,0x02743dd55d73bbd61a1ffcfa8cf5e41896370c7c,1:0 14:0 16:0 13:0 17:0,2500,0xf87c001f0f80000000000000000000000000f8014,66,38,38 0 0 0 0 0 0 0,1793317529
273,13,23448746,1790725529,0xdf019f6095d7be78358b9f96bd16f19fd1beedf1,1:0 14:0 9:0 13:0 17:0,2500,0xf800001f0f80000000f80000000000000000f8003,54,33,33 0 0 0 0 0 0 0,1793317529
267,11,23448746,1790725529,0xeda47da1c7ae9f6f342784e2b3c0b41194375d17,1:0 14:0 9:0 13:0 17:0,2500,0xf800001f0f80000000f80000000000000000f8004,50,33,33 0 0 0 0 0 0 0,1793317529
278,10,23448793,1790725553,0x23e84ec9d22e84e93534cb9a6030f77deb2a0310,1:0 5:0 16:0 13:0 17:0,2500,0xf87c00000f80000000000000000f80000000f803e,56,34,34 0 0 0 0 0 0 0,1793317553
280,11,23448793,1790725553,0xea06384d2fca30fc2090ace269c6578a2f0269fc,1:0 5:0 16:0 13:0 17:0,2500,0xf87c00000f80000000000000000f80000000f8005,49,30,30 0 0 0 0 0 0 0,1793317553
275,11,23448793,1790725553,0xc47e53967ecc82ee69635a37a6c645d109c15981,1:0 5:0 16:0 13:0 17:0,2500,0xf87c00000f80000000000000000f80000000f8005,62,35,35 0 0 0 0 0 0 0,1793317553
222,11,23448794,1790725553,0x5134143ec5c04ad5b5dcd240e92f484cdf10fef8,1:0 5:0 16:0 13:0 17:0,2500,0xf87c00000f80000000000000000f80000000f8005,68,39,39 0 0 0 0 0 0 0,1793317553
266,11,23448794,1790725553,0xd20d985fe8fba1f1e7a08095278e9c9a0565fb90,1:0 5:0 16:0 13:0 17:0,2500,0xf87c00000f80000000000000000f80000000f8005,57,38,38 0 0 0 0 0 0 0,1793317553
268,10,23448794,1790725553,0xeda47da1c7ae9f6f342784e2b3c0b41194375d17,1:0 5:0 16:0 13:0 17:0,2500,0xf87c00000f80000000000000000f80000000f803e,61,35,35 0 0 0 0 0 0 0,1793317553
270,10,23448795,1790725554,0x02743dd55d73bbd61a1ffcfa8cf5e41896370c7c,1:0 5:0 16:0 13:0 17:0,2500,0xf87c00000f80000000000000000f80000000f803e,56,34,34 0 0 0 0 0 0 0,1793317554
274,16,23448795,1790725554,0xdf019f6095d7be78358b9f96bd16f19fd1beedf1,1:0 5:0 16:0 13:0 17:0,2500,0xf87c00000f80000000000000000f80000000f8006,54,34,34 0 0 0 0 0 0 0,1793317554
277,12,23448859,1790725586,0x23e84ec9d22e84e93534cb9a6030f77deb2a0310,1:0 5:0 15:0 13:0 17:0,2500,0xf8003e000f80000000000000000f80000000f8003,41,25,25 0 0 0 0 0 0 0,1793317586
265,12,23448859,1790725586,0xd20d985fe8fba1f1e7a08095278e9c9a0565fb90,1:0 5:0 15:0 13:0 17:0,2500,0xf8003e000f80000000000000000f80000000f8003,41,25,25 0 0 0 0 0 0 0,1793317586
221,12,23448859,1790725586,0x5134143ec5c04ad5b5dcd240e92f484cdf10fef8,1:0 5:0 15:0 13:0 17:0,2500,0xf8003e000f80000000000000000f80000000f8003,57,35,35 0 0 0 0 0 0 0,1793317586
279,12,23448860,1790725587,0xea06384d2fca30fc2090ace269c6578a2f0269fc,1:0 5:0 15:0 13:0 17:0,2500,0xf8003e000f80000000000000000f80000000f8003,41,25,25 0 0 0 0 0 0 0,1793317587
272,12,23448860,1790725587,0xc47e53967ecc82ee69635a37a6c645d109c15981,1:0 5:0 15:0 13:0 17:0,2500,0xf8003e000f80000000000000000f80000000f8003,63,39,39 0 0 0 0 0 0 0,1793317587
273,14,23448860,1790725587,0xdf019f6095d7be78358b9f96bd16f19fd1beedf1,1:0 5:0 15:0 13:0 17:0,2500,0xf8003e000f80000000000000000f80000000f8024,71,44,44 0 0 0 0 0 0 0,1793317587
267,12,23448861,1790725587,0xeda47da1c7ae9f6f342784e2b3c0b41194375d17,1:0 5:0 15:0 13:0 17:0,2500,0xf8003e000f80000000000000000f80000000f8003,52,30,30 0 0 0 0 0 0 0,1793317587
269,11,23448861,1790725587,0x02743dd55d73bbd61a1ffcfa8cf5e41896370c7c,1:0 11:0 9:0 13:0 17:0,2500,0xf80000000f8003e000f80000000000000000f8014,49,33,33 0 0 0 0 0 0 0,1793317587
223,2,23449059,1790725687,0x55371363937406861291a914a07e7e39f315812b,1:0,500,0xf8007,19,10,10 0 0 0 0 0 0 0,1793317687
238,2,23449060,1790725688,0xc048ef2d7fdd45522093c78b81f86e9cbb2d07a3,1:0,500,0xf8007,19,10,10 0 0 0 0 0 0 0,1793317688
236,2,23449060,1790725688,0xcf44c3a44b9c291a10fe416124f7077627dfe2c0,1:0,500,0xf8007,19,10,10 0 0 0 0 0 0 0,1793317688
248,2,23449060,1790725688,0x98397be2ed4d62c264135c6ed34d5104e7435cf3,1:0,500,0xf8007,19,10,10 0 0 0 0 0 0 0,1793317688
234,2,23449060,1790725688,0xd6ccc5beaf637fe868e7534240689c660e15f3f4,1:0,500,0xf8007,19,10,10 0 0 0 0 0 0 0,1793317688
240,2,23449061,1790725688,0x3aeb28b5341aabf1a52ec92e47afef89040c172a,1:0,500,0xf8007,19,10,10 0 0 0 0 0 0 0,1793317688
239,2,23449061,1790725688,0xa31dad50a74d45ef2bd052adba3d3ee326683b06,1:0,500,0xf8007,19,10,10 0 0 0 0 0 0 0,1793317688
224,2,23449099,1790725708,0x871c8e4a223b9fdff258d117d106d990629c3d68,1:0,500,0xf8007,9,5,5 0 0 0 0 0 0 0,1793317708
225,5,23449099,1790725708,0xca455075041d8af4723892825b3e45e685ee1e0d,1:0,500,0xf8007,9,5,5 0 0 0 0 0 0 0,1793317708
237,2,23449099,1790725708,0xc3a31bd2a7acd8965942fbfde816727e7dd50db1,1:0,500,0xf8007,9,5,5 0 0 0 0 0 0 0,1793317708
226,2,23449099,1790725708,0xc32df1d89911cb9a33f6032f63ca6ad21ca0e484,1:0,500,0xf8007,9,5,5 0 0 0 0 0 0 0,1793317708
228,3,23449133,1790725725,0xca455075041d8af4723892825b3e45e685ee1e0d,1:0,500,0xf801c,9,5,5 0 0 0 0 0 0 0,1793317725
229,3,23449133,1790725725,0x871c8e4a223b9fdff258d117d106d990629c3d68,1:0,500,0xf801c,9,5,5 0 0 0 0 0 0 0,1793317725
262,2,23449134,1790725725,0xc3a31bd2a7acd8965942fbfde816727e7dd50db1,1:0,500,0xf8007,9,5,5 0 0 0 0 0 0 0,1793317725
230,2,23449134,1790725725,0xc32df1d89911cb9a33f6032f63ca6ad21ca0e484,1:0,500,0xf8007,9,5,5 0 0 0 0 0 0 0,1793317725
209,4,23449193,1790725755,0x9194331dc33cde506a635cb2bde30a88246cb9cf,1:0,500,0xf8037,19,10,10 0 0 0 0 0 0 0,1793317755
265,13,23449233,1790725776,0xd20d985fe8fba1f1e7a08095278e9c9a0565fb90,1:0 5:0 9:0 16:0 17:0,2500,0xf87c00000000000000f80000000f80000000f8030,61,39,39 0 0 0 0 0 0 0,1793317776
221,13,23449233,1790725776,0x5134143ec5c04ad5b5dcd240e92f484cdf10fef8,1:0 5:0 9:0 16:0 17:0,2500,0xf87c00000000000000f80000000f80000000f8030,33,21,21 0 0 0 0 0 0 0,1793317776
279,13,23449233,1790725776,0xea06384d2fca30fc2090ace269c6578a2f0269fc,1:0 5:0 9:0 16:0 17:0,2500,0xf87c00000000000000f80000000f80000000f8030,54,35,35 0 0 0 0 0 0 0,1793317776
269,12,23449234,1790725776,0x02743dd55d73bbd61a1ffcfa8cf5e41896370c7c,1:0 5:0 9:0 16:0 17:0,2500,0xf87c00000000000000f80000000f80000000f801a,58,35,35 0 0 0 0 0 0 0,1793317776
273,15,23449234,1790725776,0xdf019f6095d7be78358b9f96bd16f19fd1beedf1,1:0 5:0 9:0 16:0 17:0,2500,0xf87c00000000000000f80000000f80000000f8000,41,25,25 0 0 0 0 0 0 0,1793317776
272,13,23449234,1790725776,0xc47e53967ecc82ee69635a37a6c645d109c15981,1:0 5:0 9:0 16:0 17:0,2500,0xf87c00000000000000f80000000f80000000f8030,36,25,25 0 0 0 0 0 0 0,1793317776
277,13,23449234,1790725776,0x23e84ec9d22e84e93534cb9a6030f77deb2a0310,1:0 5:0 9:0 16:0 17:0,2500,0xf87c00000000000000f80000000f80000000f8030,61,39,39 0 0 0 0 0 0 0,1793317776
267,13,23449235,1790725777,0xeda47da1c7ae9f6f342784e2b3c0b41194375d17,1:0 5:0 9:0 16:0 17:0,2500,0xf87c00000000000000f80000000f80000000f8030,51,34,34 0 0 0 0 0 0 0,1793317777
280,12,23449278,1790725799,0xea06384d2fca30fc2090ace269c6578a2f0269fc,1:0 5:0 9:0 13:0 18:0,2500,0x1f0000000000f80000000f80000000f80000000f8031,68,42,42 0 0 0 0 0 0 0,1793317799
275,12,23449278,1790725799,0xc47e53967ecc82ee69635a37a6c645d109c15981,1:0 5:0 9:0 13:0 18:0,2500,0x1f0000000000f80000000f80000000f80000000f8031,50,33,33 0 0 0 0 0 0 0,1793317799
278,11,23449278,1790725799,0x23e84ec9d22e84e93534cb9a6030f77deb2a0310,1:0 5:0 9:0 13:0 18:0,2500,0x1f0000000000f80000000f80000000f80000000f802e,60,38,38 0 0 0 0 0 0 0,1793317799
222,12,23449279,1790725799,0x5134143ec5c04ad5b5dcd240e92f484cdf10fef8,1:0 5:0 9:0 13:0 18:0,2500,0x1f0000000000f80000000f80000000f80000000f8031,45,29,29 0 0 0 0 0 0 0,1793317799
266,12,23449279,1790725799,0xd20d985fe8fba1f1e7a08095278e9c9a0565fb90,1:0 5:0 9:0 13:0 18:0,2500,0x1f0000000000f80000000f80000000f80000000f8031,50,30,30 0 0 0 0 0 0 0,1793317799
274,17,23449279,1790725799,0xdf019f6095d7be78358b9f96bd16f19fd1beedf1,1:0 5:0 9:0 13:0 18:0,2500,0x1f0000000000f80000000f80000000f80000000f8001,58,35,35 0 0 0 0 0 0 0,1793317799
270,11,23449279,1790725799,0x02743dd55d73bbd61a1ffcfa8cf5e41896370c7c,1:0 5:0 9:0 13:0 18:0,2500,0x1f0000000000f80000000f80000000f80000000f802e,70,43,43 0 0 0 0 0 0 0,1793317799
268,11,23449280,1790725800,0xeda47da1c7ae9f6f342784e2b3c0b41194375d17,1:0 5:0 9:0 13:0 18:0,2500,0x1f0000000000f80000000f80000000f80000000f802e,60,38,38 0 0 0 0 0 0 0,1793317800
251,2,23449289,1790725804,0x18c50ec4262ec6c35912501330c7d349c7ad3f3a,1:0,500,0xf8007,19,10,10 0 0 0 0 0 0 0,1793317804
280,13,23449333,1790725826,0xea06384d2fca30fc2090ace269c6578a2f0269fc,9:0 5:0 9:0 13:0 17:0,2500,0xf80000000f80000001f00000000f8000000000036,42,29,29 0 0 0 0 0 0 0,1793317826
222,13,23449333,1790725826,0x5134143ec5c04ad5b5dcd240e92f484cdf10fef8,9:0 5:0 9:0 13:0 17:0,2500,0xf80000000f80000001f00000000f8000000000036,44,29,29 0 0 0 0 0 0 0,1793317826
266,13,23449333,1790725826,0xd20d985fe8fba1f1e7a08095278e9c9a0565fb90,9:0 5:0 9:0 13:0 17:0,2500,0xf80000000f80000001f00000000f8000000000036,52,33,33 0 0 0 0 0 0 0,1793317826
274,18,23449334,1790725827,0xdf019f6095d7be78358b9f96bd16f19fd1beedf1,9:0 5:0 9:0 13:0 17:0,2500,0xf80000000f80000001f00000000f800000000003d,53,33,33 0 0 0 0 0 0 0,1793317827
275,13,23449334,1790725827,0xc47e53967ecc82ee69635a37a6c645d109c15981,9:0 5:0 9:0 13:0 17:0,2500,0xf80000000f80000001f00000000f8000000000036,55,37,37 0 0 0 0 0 0 0,1793317827
278,12,23449334,1790725827,0x23e84ec9d22e84e93534cb9a6030f77deb2a0310,9:0 5:0 9:0 13:0 17:0,2500,0xf80000000f80000001f00000000f8000000000009,45,32,32 0 0 0 0 0 0 0,1793317827
270,12,23449335,1790725827,0x02743dd55d73bbd61a1ffcfa8cf5e41896370c7c,9:0 5:0 9:0 13:0 17:0,2500,0xf80000000f80000001f00000000f8000000000009,45,32,32 0 0 0 0 0 0 0,1793317827
268,12,23449335,1790725827,0xeda47da1c7ae9f6f342784e2b3c0b41194375d17,9:0 5:0 9:0 13:0 17:0,2500,0xf80000000f80000001f00000000f8000000000009,50,36,36 0 0 0 0 0 0 0,1793317827
267,14,23449385,1790725853,0xeda47da1c7ae9f6f342784e2b3c0b41194375d17,1:0 5:0 9:0 17:0 17:0,2500,0x1f00000000000000000f80000000f80000000f802a,57,32,32 0 0 0 0 0 0 0,1793317853
332,4,23449626,1790725975,0x7d0aa09db8d2018d8de6def866824d111444bf4b,1:0,500,0xf8037,19,10,10 0 0 0 0 0 0 0,1793317975
27,163,23449668,1790725996,0x81b4bf458a73ea46fadd46ee8236e5f94c4eb8e0,1:0 5:0 9:0 13:0 17:0,2500,0xf80000000f80000000f80000000f80000000f8009,53,34,34 0 0 0 0 0 0 0,1796049150
254,2,23449703,1790726014,0x816d5d6ff78a59839fbf0105a5e7f9c01fbf4dd5,1:0,500,0xf8007,19,10,10 0 0 0 0 0 0 0,1793318014
253,2,23449704,1790726015,0x155bae146eab03a495360e6a0da991be5e834c70,1:0,500,0xf8007,19,10,10 0 0 0 0 0 0 0,1793318015
259,2,23449704,1790726015,0xbd1d06f6d75ed10fd4850e5776bea7e39d5da849,1:0,500,0xf8007,19,10,10 0 0 0 0 0 0 0,1793318015
255,2,23449704,1790726015,0x47f1c3ad5f959aaead731be40c7b6c801b91a557,1:0,500,0xf8007,19,10,10 0 0 0 0 0 0 0,1793318015
256,2,23449704,1790726015,0x6c06284916fb43b4371591ff27e6d38f6b1ea1d5,1:0,500,0xf8007,19,10,10 0 0 0 0 0 0 0,1793318015
257,2,23449705,1790726015,0xb6e28a7dc63dd496b1591079505dd548de49bbab,1:0,500,0xf8007,19,10,10 0 0 0 0 0 0 0,1793318015
258,2,23449705,1790726015,0x2bb3da4f8b5377bd915c637c3eeeeffcd20fd7d0,1:0,500,0xf8007,19,10,10 0 0 0 0 0 0 0,1793318015
201,5,23449714,1790726020,0xaf88695762861f15b620b242c56d919f0d0ce612,1:0,500,0xf8007,9,5,5 0 0 0 0 0 0 0,1793318020
260,2,23449724,1790726025,0x92bcd910d5bf7b403fb33192a943a854da4ad2ac,1:0,500,0xf8007,19,10,10 0 0 0 0 0 0 0,1793318025
235,4,23449738,1790726032,0xaf88695762861f15b620b242c56d919f0d0ce612,1:0,500,0xf8037,9,5,5 0 0 0 0 0 0 0,1793318032
202,53,23449760,1790726043,0x51ff767cdd5112be157b12b5b1c7713608fc2601,13:0 5:0 9:0 13:0 17:0,2500,0xf80000001f00000000f80000000f8000000000029,34,21,21 0 0 0 0 0 0 0,1793932699
210,14,23449786,1790726056,0x51ff767cdd5112be157b12b5b1c7713608fc2601,1:0 5:0 16:0 10:0 17:0,2500,0xf87c000000000001f0000000000f80000000f8034,64,39,39 0 0 0 0 0 0 0,1793318056
202,54,23449813,1790726070,0x51ff767cdd5112be157b12b5b1c7713608fc2601,9:0 5:0 9:0 13:0 17:0,2500,0xf80000000f80000001f00000000f8000000000015,41,28,28 0 0 0 0 0 0 0,1793932699
210,15,23449843,1790726085,0x51ff767cdd5112be157b12b5b1c7713608fc2601,1:0 5:0 9:0 13:0 16:0,2500,0x7c00000f80000000f80000000f80000000f8010,42,26,26 0 0 0 0 0 0 0,1793318085
202,55,23449879,1790726103,0x51ff767cdd5112be157b12b5b1c7713608fc2601,1:0 17:0 9:0 13:0 17:0,2500,0x1f00000000f80000000f80000000000000000f8004,29,17,17 0 0 0 0 0 0 0,1793932699
210,16,23449909,1790726119,0x51ff767cdd5112be157b12b5b1c7713608fc2601,1:0 5:0 9:0 13:0 3:0,2500,0xf80000000f80000000f8003e000f8033,70,40,40 0 0 0 0 0 0 0,1793318119
202,56,23449946,1790726137,0x51ff767cdd5112be157b12b5b1c7713608fc2601,1:0 15:0 9:0 13:0 17:0,2500,0xf8003e000f80000000f80000000000000000f8025,75,50,50 0 0 0 0 0 0 0,1793932699
202,57,23449972,1790726151,0x51ff767cdd5112be157b12b5b1c7713608fc2601,1:0 5:0 9:0 17:0 17:0,2500,0x1f00000000000000000f80000000f80000000f8035,50,31,31 0 0 0 0 0 0 0,1793932699
210,17,23449997,1790726163,0x51ff767cdd5112be157b12b5b1c7713608fc2601,1:0 5:0 9:0 6:0 17:0,2500,0xf80000000000000000f800001f0f80000000f8029,50,34,34 0 0 0 0 0 0 0,1793318163
202,58,23450030,1790726180,0x51ff767cdd5112be157b12b5b1c7713608fc2601,1:0 5:0 9:0 17:0 17:0,2500,0x1f00000000000000000f80000000f80000000f801f,47,30,30 0 0 0 0 0 0 0,1793932699
285,49,23450114,1790726222,0x27f48de5e0605da8b2a52ddfd06f6d273b804336,1:0 5:0 9:0 13:0 17:0,2500,0xf80000000f80000000f80000000f80000000f8039,65,39,39 0 0 0 0 0 0 0,1793747482
332,5,23450205,1790726269,0x7d0aa09db8d2018d8de6def866824d111444bf4b,1:0 11:0 9:0 13:0 17:0,2500,0xf80000000f8003e000f80000000000000000f801d,38,25,25 0 0 0 0 0 0 0,1793318269
201,6,23450206,1790726269,0xaf88695762861f15b620b242c56d919f0d0ce612,1:0 5:0 9:0 13:0 17:0,2500,0xf80000000f80000000f80000000f80000000f8035,60,38,38 0 0 0 0 0 0 0,1793318269
198,86,23450287,1790726310,0x9194331dc33cde506a635cb2bde30a88246cb9cf,1:0 5:0 9:0 13:0 17:0,2500,0xf80000000f80000000f80000000f80000000f8007,65,39,39 0 0 0 0 0 0 0,1794795900
198,87,23450307,1790726320,0x9194331dc33cde506a635cb2bde30a88246cb9cf,1:0 5:0 9:0 13:0 17:0,2500,0xf80000000f80000000f80000000f80000000f8025,38,25,25 0 0 0 0 0 0 0,1794795900
198,88,23450330,1790726332,0x9194331dc33cde506a635cb2bde30a88246cb9cf,1:0 5:0 9:0 13:0 17:0,2500,0xf80000000f80000000f80000000f80000000f8014,65,39,39 0 0 0 0 0 0 0,1794795900
198,89,23450390,1790726362,0x9194331dc33cde506a635cb2bde30a88246cb9cf,1:0 5:0 9:0 13:0 17:0,2500,0xf80000000f80000000f80000000f80000000f800b,49,33,33 0 0 0 0 0 0 0,1794795900
198,90,23450410,1790726373,0x9194331dc33cde506a635cb2bde30a88246cb9cf,1:0 5:0 9:0 13:0 17:0,2500,0xf80000000f80000000f80000000f80000000f8034,85,52,52 0 0 0 0 0 0 0,1794795900
198,91,23450434,1790726385,0x9194331dc33cde506a635cb2bde30a88246cb9cf,1:0 5:0 9:0 13:0 17:0,2500,0xf80000000f80000000f80000000f80000000f8010,38,25,25 0 0 0 0 0 0 0,1794795900
198,92,23450468,1790726402,0x9194331dc33cde506a635cb2bde30a88246cb9cf,1:0 5:0 9:0 13:0 17:0,2500,0xf80000000f80000000f80000000f80000000f800d,65,39,39 0 0 0 0 0 0 0,1794795900
81,68,23450468,1790726402,0xd6ed92a915f940db5d288b1724a4e45b20c4f027,18:0,500,0x1f000000000000000000000000000000000000000018,12,8,8 0 0 0 0 0 0 0,1794455100
220,8,23450498,1790726417,0x939571499a81766380edd7040bb16a785b800855,1:0 5:0 9:0 13:0 17:0,2500,0xf80000000f80000000f80000000f80000000f8030,35,21,21 0 0 0 0 0 0 0,1793318417
285,50,23450906,1790726624,0x27f48de5e0605da8b2a52ddfd06f6d273b804336,1:0 5:0 9:0 13:0 17:0,2500,0xf80000000f80000000f80000000f80000000f8036,48,30,30 0 0 0 0 0 0 0,1793747482
336,4,23451027,1790726686,0x27f48de5e0605da8b2a52ddfd06f6d273b804336,1:0 5:0 9:0 13:0 17:0,2500,0xf80000000f80000000f80000000f80000000f8035,63,39,39 0 0 0 0 0 0 0,1798480606
211,11,23452191,1790727276,0xbcd76fa66f9edc46065f4f27fd634ca15a0b1c72,1:0 5:0 9:0 13:0 17:0,2500,0xf80000000f80000000f80000000f80000000f8005,58,38,38 0 0 0 0 0 0 0,1793319276
212,28,23452829,1790727600,0xbcd76fa66f9edc46065f4f27fd634ca15a0b1c72,1:0 5:0 9:0 13:0 17:0,2500,0xf80000000f80000000f80000000f80000000f8036,65,39,39 0 0 0 0 0 0 0,1793612256
115,9,23453012,1790727693,0x46f440d3d4e6466034b2a5034fc501ac0a31bf29,1:0 5:0 9:0 13:0 19:0,2500,0x3e000000000000f80000000f80000000f80000000f801e,51,30,30 0 0 0 0 0 0 0,1793319693
323,12,23453284,1790727831,0x46f440d3d4e6466034b2a5034fc501ac0a31bf29,pheromone,0,0x1fdb,18,10,10 0 0 0 0 0 0 0,1793319831
26,68,23454052,1790728220,0x0dd5ff179c68dd64fa712da08b550ec3a7d3bd73,1:0 6:0 9:0 13:0 17:0,2500,0xf80000000f80000000f800001f0000000000f803d,66,42,42 0 0 0 0 0 0 0,1794428903
86,54,23454112,1790728250,0x0dd5ff179c68dd64fa712da08b550ec3a7d3bd73,1:0 5:0 9:0 13:0 17:0,2500,0xf80000000f80000000f80000000f80000000f802b,40,25,25 0 0 0 0 0 0 0,1794131321
90,70,23454179,1790728284,0x0dd5ff179c68dd64fa712da08b550ec3a7d3bd73,1:0 5:0 9:0 13:0 17:0,2500,0xf80000000f80000000f80000000f80000000f801a,48,30,30 0 0 0 0 0 0 0,1794476984
340,1,23454223,1790728307,0x46f440d3d4e6466034b2a5034fc501ac0a31bf29,3:0 5:0 9:0 13:0 17:0,2500,0xf80000000f80000000f80000000f8003e00000018,36,21,21 0 0 0 0 0 0 0,1798504148
62,67,23455239,1790728822,0xd6ed92a915f940db5d288b1724a4e45b20c4f027,1:0 5:0 9:0 13:0 17:0,2500,0xf80000000f80000000f80000000f80000000f800b,50,30,30 0 0 0 0 0 0 0,1794410729
78,53,23455382,1790728894,0xd6ed92a915f940db5d288b1724a4e45b20c4f027,1:0 5:0 9:0 13:0 17:0,2500,0xf80000000f80000000f80000000f80000000f802b,50,30,30 0 0 0 0 0 0 0,1794109268
213,7,23456658,1790729542,0xccde496b83c644f779e5b6fcc0cc4a5c276fa5d4,1:0 5:0 9:0 13:0 17:0,2500,0xf80000000f80000000f80000000f80000000f803b,52,30,30 0 0 0 0 0 0 0,1793321542
76,84,23456718,1790729572,0x3f62ae0c7ed24dcd2b52c1c224296519b02df00d,8:0,500,0x7c000000000000000000c,8,4,4 0 0 0 0 0 0 0,1794800355
299,5,23456720,1790729573,0xccde496b83c644f779e5b6fcc0cc4a5c276fa5d4,1:0 5:0 9:0 13:0 17:0,2500,0xf80000000f80000000f80000000f80000000f803b,35,21,21 0 0 0 0 0 0 0,1793321573
77,184,23456727,1790729576,0x3f62ae0c7ed24dcd2b52c1c224296519b02df00d,13:0,500,0xf8000000000000000000000000000010,8,4,4 0 0 0 0 0 0 0,1796960445
79,47,23456737,1790729582,0x3f62ae0c7ed24dcd2b52c1c224296519b02df00d,15:0,500,0x3e0000000000000000000000000000000000e,10,8,8 0 0 0 0 0 0 0,1794001418
321,8,23457385,1790729910,0xccde496b83c644f779e5b6fcc0cc4a5c276fa5d4,pheromone,0,0x1fff,18,10,10 0 0 0 0 0 0 0,1793321910
341,1,23457554,1790729996,0xccde496b83c644f779e5b6fcc0cc4a5c276fa5d4,1:0 5:0 9:0 13:0 17:0,2500,0xf80000000f80000000f80000000f80000000f802e,35,21,21 0 0 0 0 0 0 0,1798505962
271,11,23459651,1790731059,0xd00226b73bab097e97c6df416dc031df7c4b5af1,1:1 5:1 9:1 13:1 17:1,10000,0x3f80000003f80000003f80000003f80000003f802c,62,38,38 0 0 0 0 0 0 0,1793323059
42,13,23459894,1790731183,0x1b25bd7ce0fb701d9aac3fd43fa221ac63e3fb3e,1:0 5:0 9:0 13:0 17:0,2500,0xf80000000f80000000f80000000f80000000f801a,35,21,21 0 0 0 0 0 0 0,1793323183
182,9,23460585,1790731533,0xd00226b73bab097e97c6df416dc031df7c4b5af1,pheromone,0,0x1fcb,8,5,5 0 0 0 0 0 0 0,1793323533
142,8,23461151,1790731820,0x22fdae531a69647a0ade9154093ac83769f9dc49,1:0,500,0xf803d,29,15,15 0 0 0 0 0 0 0,1793323820
175,8,23464697,1790733619,0xec0408f9fb4c25a98e60b6e5715cd059b1fa172f,pheromone,0,0x1fff,27,15,15 0 0 0 0 0 0 0,1793325619
328,18,23464812,1790733677,0xec0408f9fb4c25a98e60b6e5715cd059b1fa172f,pheromone,0,0x1fc0,8,5,5 0 0 0 0 0 0 0,1793437700
141,12,23464909,1790733727,0x88c58b42f2783131d51a58af7f1a9b491089afeb,1:0 2:0 3:0 4:0 5:0,2500,0xf87c3e1f0f8005,49,29,29 0 0 0 0 0 0 0,1793325727
30,21,23465403,1790733977,0xb39e79d3540fc34f516af70574b94d4ef8f885d2,1:0 5:0 9:0 13:0 17:0,2500,0xf80000000f80000000f80000000f80000000f802f,53,31,31 0 0 0 0 0 0 0,1793435714
116,16,23465428,1790733990,0xb39e79d3540fc34f516af70574b94d4ef8f885d2,1:0 5:0 9:0 13:0 17:0,2500,0xf80000000f80000000f80000000f80000000f8012,48,30,30 0 0 0 0 0 0 0,1793334451
328,19,23465438,1790733995,0x88c58b42f2783131d51a58af7f1a9b491089afeb,pheromone,0,0x1fc6,27,15,15 0 0 0 0 0 0 0,1793437700
197,12,23465452,1790734002,0xb39e79d3540fc34f516af70574b94d4ef8f885d2,1:0 5:0 9:0 13:0 17:0,2500,0xf80000000f80000000f80000000f80000000f8036,50,33,33 0 0 0 0 0 0 0,1793326002
342,1,23465689,1790734122,0x88c58b42f2783131d51a58af7f1a9b491089afeb,1:0 5:0 9:0 13:0 17:0,2500,0xf80000000f80000000f80000000f80000000f802e,35,21,21 0 0 0 0 0 0 0,1798510026
42,14,23465981,1790734270,0xb39e79d3540fc34f516af70574b94d4ef8f885d2,pheromone,0,0x1fe7,18,10,10 0 0 0 0 0 0 0,1793326270
42,15,23466105,1790734333,0xb39e79d3540fc34f516af70574b94d4ef8f885d2,pheromone,0,0x1fcb,27,15,15 0 0 0 0 0 0 0,1793326333
343,1,23466266,1790734415,0xb39e79d3540fc34f516af70574b94d4ef8f885d2,1:0 5:0 9:0 13:0 17:0,2500,0xf80000000f80000000f80000000f80000000f802e,35,21,21 0 0 0 0 0 0 0,1798510382
187,142,23469024,1790735814,0x65d3f783f7a9f2a30cf70a8b3f6789fe98779086,5:0 3:0 4:0 2:0 1:0,2500,0xf87c3e1f0f8025,77,44,44 0 0 0 0 0 0 0,1796066394
286,44,23469122,1790735864,0x65d3f783f7a9f2a30cf70a8b3f6789fe98779086,5:0 15:0 14:0 1:0 2:0,2500,0x3e1f0000000000000000000f800001f0f802d,44,27,27 0 0 0 0 0 0 0,1793985151
287,44,23469162,1790735884,0x65d3f783f7a9f2a30cf70a8b3f6789fe98779086,1:0 5:0 9:0 13:0 17:0,2500,0xf80000000f80000000f80000000f80000000f802f,45,26,26 0 0 0 0 0 0 0,1793985170
305,24,23470998,1790736815,0xa754afb7549fce6e666bfcd6d4a4064c7d732d0e,1:1 5:1 9:1 13:1 17:1,10000,0x3f80000003f80000003f80000003f80000003f803b,61,38,38 0 0 0 0 0 0 0,1793562573
306,9,23471025,1790736829,0xa754afb7549fce6e666bfcd6d4a4064c7d732d0e,1:1 5:1 9:1 13:1 17:1,10000,0x3f80000003f80000003f80000003f80000003f802e,58,37,37 0 0 0 0 0 0 0,1793328829
320,9,23471053,1790736843,0xa754afb7549fce6e666bfcd6d4a4064c7d732d0e,1:1 5:1 9:1 13:1 17:1,10000,0x3f80000003f80000003f80000003f80000003f802e,66,42,42 0 0 0 0 0 0 0,1793328843
31,32,23471292,1790736964,0xac79fd6008b971723d16974cdb23ad70ecc00bee,10:0 5:0 13:0 13:0 17:0,2500,0xf80000001f000001f0000000000f800000000002b,34,24,24 0 0 0 0 0 0 0,1793673392
305,25,23471723,1790737183,0x1a3a0e6f222e823cc8d0f39d87042f88ab763872,pheromone,0,0x1fdc,18,10,10 0 0 0 0 0 0 0,1793562573
187,143,23471776,1790737210,0xa754afb7549fce6e666bfcd6d4a4064c7d732d0e,pheromone,0,0x1fed,18,10,10 0 0 0 0 0 0 0,1796066394
344,1,23471865,1790737255,0xa754afb7549fce6e666bfcd6d4a4064c7d732d0e,1:1 5:1 9:1 13:1 17:1,10000,0x3f80000003f80000003f80000003f80000003f801e,35,21,21 0 0 0 0 0 0 0,1798513236
305,26,23472053,1790737350,0xa754afb7549fce6e666bfcd6d4a4064c7d732d0e,pheromone,0,0x1fcd,37,20,20 0 0 0 0 0 0 0,1793562573
345,1,23472142,1790737395,0xa754afb7549fce6e666bfcd6d4a4064c7d732d0e,1:1 5:1 9:1 13:1 17:1,10000,0x3f80000003f80000003f80000003f80000003f801e,35,21,21 0 0 0 0 0 0 0,1798513371
346,1,23474968,1790738829,0xec0408f9fb4c25a98e60b6e5715cd059b1fa172f,13:0 14:0 14:0 14:0 17:0,2500,0xf800005d0f8000000000000000000000000000007,22,12,12 0 0 0 0 0 0 0,1798514777
4,110,23475079,1790738885,0x1a3a0e6f222e823cc8d0f39d87042f88ab763872,7:0 10:0 9:0 14:0 14:0,2500,0x3e00000001f0f8003e00000000000000016,41,28,28 0 0 0 0 0 0 0,1795182546
177,6,23475303,1790738999,0x1a3a0e6f222e823cc8d0f39d87042f88ab763872,pheromone,0,0x1fed,18,10,10 0 0 0 0 0 0 0,1793330999
186,5,23475588,1790739144,0x1a3a0e6f222e823cc8d0f39d87042f88ab763872,pheromone,0,0x1fe1,18,10,10 0 0 0 0 0 0 0,1793331144
98,2,23475781,1790739241,0x1a3a0e6f222e823cc8d0f39d87042f88ab763872,pheromone,0,0x1fc1,18,10,10 0 0 0 0 0 0 0,1793331241
98,3,23475862,1790739282,0x1a3a0e6f222e823cc8d0f39d87042f88ab763872,pheromone,0,0x1ff8,27,15,15 0 0 0 0 0 0 0,1793331282
347,1,23476030,1790739368,0x1a3a0e6f222e823cc8d0f39d87042f88ab763872,1:0 5:0 9:0 13:0 17:0,2500,0xf80000000f80000000f80000000f80000000f802e,35,21,21 0 0 0 0 0 0 0,1798515017
348,1,23476084,1790739395,0x1a3a0e6f222e823cc8d0f39d87042f88ab763872,1:0 5:0 9:0 13:0 17:0,2500,0xf80000000f80000000f80000000f80000000f802e,35,21,21 0 0 0 0 0 0 0,1798515310
76,85,23476528,1790739620,0x3f62ae0c7ed24dcd2b52c1c224296519b02df00d,1:0 5:0 9:0 13:0 17:0,2500,0xf80000000f80000000f80000000f80000000f8004,65,39,39 0 0 0 0 0 0 0,1794800355
77,185,23476581,1790739647,0x3f62ae0c7ed24dcd2b52c1c224296519b02df00d,5:0 11:0 15:0 18:0 19:0,2500,0x3e1f000003e00000003e000000000000f800000000001c,41,24,24 0 0 0 0 0 0 0,1796960445
79,48,23476635,1790739674,0x3f62ae0c7ed24dcd2b52c1c224296519b02df00d,1:0 5:0 9:0 13:0 17:0,2500,0xf80000000f80000000f80000000f80000000f801d,52,30,30 0 0 0 0 0 0 0,1794001418
334,1,23477314,1790740019,0x1df89c0350e94575d0e20fd86c12e2a38e4c0ce1,1:0,500,0xf8000,9,5,5 0 0 0 0 0 0 0,1798477186
324,9,23477543,1790740135,0x1df89c0350e94575d0e20fd86c12e2a38e4c0ce1,1:2 5:2 9:2 13:2 17:2,20000,0x7f80000007f80000007f80000007f80000007f8017,97,64,64 0 0 0 0 0 0 0,1793332135
349,1,23477862,1790740297,0x3f62ae0c7ed24dcd2b52c1c224296519b02df00d,1:0 5:0 9:0 13:0 17:0,2500,0xf80000000f80000000f80000000f80000000f802e,35,21,21 0 0 0 0 0 0 0,1798516237
350,1,23478347,1790740543,0x3f62ae0c7ed24dcd2b52c1c224296519b02df00d,1:0 5:0 9:0 13:0 17:0,2500,0xf80000000f80000000f80000000f80000000f802e,35,21,21 0 0 0 0 0 0 0,1798516477
4,111,23478970,1790740859,0x1a3a0e6f222e823cc8d0f39d87042f88ab763872,15:0 14:0 15:0 14:0 15:0,2500,0xba3e00000000000000000000000000000001d,25,16,16 0 0 0 0 0 0 0,1795182546
4,112,23479158,1790740955,0x1a3a0e6f222e823cc8d0f39d87042f88ab763872,1:0 5:0 9:0 13:0 17:0,2500,0xf80000000f80000000f80000000f80000000f8006,51,34,34 0 0 0 0 0 0 0,1795182546
176,6,23481414,1790742099,0x81b4bf458a73ea46fadd46ee8236e5f94c4eb8e0,pheromone,0,0x1fed,18,10,10 0 0 0 0 0 0 0,1793334099
351,1,23481995,1790742394,0x81b4bf458a73ea46fadd46ee8236e5f94c4eb8e0,1:0 5:0 9:0 13:0 17:0,2500,0xf80000000f80000000f80000000f80000000f802e,35,21,21 0 0 0 0 0 0 0,1798518353
27,164,23482286,1790742542,0x81b4bf458a73ea46fadd46ee8236e5f94c4eb8e0,1:0 5:0 9:0 13:0 17:0,2500,0xf80000000f80000000f80000000f80000000f8016,50,30,30 0 0 0 0 0 0 0,1796049150
351,2,23482338,1790742568,0x81b4bf458a73ea46fadd46ee8236e5f94c4eb8e0,1:0 5:0 9:0 13:0 17:0,2500,0xf80000000f80000000f80000000f80000000f8009,68,43,43 0 0 0 0 0 0 0,1798518353
351,3,23482979,1790742893,0x81b4bf458a73ea46fadd46ee8236e5f94c4eb8e0,1:0 5:0 9:0 13:0 17:0,2500,0xf80000000f80000000f80000000f80000000f8017,35,21,21 0 0 0 0 0 0 0,1798518353
351,4,23483004,1790742906,0x81b4bf458a73ea46fadd46ee8236e5f94c4eb8e0,1:0 5:0 9:0 13:0 17:0,2500,0xf80000000f80000000f80000000f80000000f8035,68,43,43 0 0 0 0 0 0 0,1798518353
27,165,23483218,1790743014,0x81b4bf458a73ea46fadd46ee8236e5f94c4eb8e0,1:0 5:0 9:0 13:0 17:0,2500,0xf80000000f80000000f80000000f80000000f8024,73,47,47 0 0 0 0 0 0 0,1796049150
27,166,23483238,1790743025,0x81b4bf458a73ea46fadd46ee8236e5f94c4eb8e0,1:0 5:0 9:0 13:0 17:0,2500,0xf80000000f80000000f80000000f80000000f8011,65,39,39 0 0 0 0 0 0 0,1796049150
27,167,23483252,1790743031,0x81b4bf458a73ea46fadd46ee8236e5f94c4eb8e0,1:0 5:0 9:0 13:0 17:0,2500,0xf80000000f80000000f80000000f80000000f800a,53,34,34 0 0 0 0 0 0 0,1796049150
288,3,23484073,1790743448,0xaa3b48bac2fedc58a564904d27911392ca1f84ba,1:1 5:1 9:1 13:1 17:1,10000,0x3f80000003f80000003f80000003f80000003f8022,35,21,21 0 0 0 0 0 0 0,1793335448
180,6,23484278,1790743552,0xaa3b48bac2fedc58a564904d27911392ca1f84ba,pheromone,0,0x1fed,18,10,10 0 0 0 0 0 0 0,1793335552
55,58,23485040,1790743939,0xac0e67aaaa15dc791153b64df4a9d121dce797e5,5:0 5:0 9:0 13:0 17:0,2500,0xf80000000f80000000f80000001f000000000002a,34,21,21 0 0 0 0 0 0 0,1794151120
196,27,23485097,1790743967,0xac0e67aaaa15dc791153b64df4a9d121dce797e5,1:0 6:0 9:0 13:0 17:0,2500,0xf80000000f80000000f800001f0000000000f8034,52,33,33 0 0 0 0 0 0 0,1793561718
337,2,23485159,1790743999,0xac0e67aaaa15dc791153b64df4a9d121dce797e5,3:0 5:0 9:0 13:0 17:0,2500,0xf80000000f80000000f80000000f8003e00000000,59,38,38 0 0 0 0 0 0 0,1798495154
338,2,23485202,1790744020,0xac0e67aaaa15dc791153b64df4a9d121dce797e5,3:0 5:0 9:0 13:0 17:0,2500,0xf80000000f80000000f80000000f8003e00000000,36,21,21 0 0 0 0 0 0 0,1798497209
161,16,23486050,1790744450,0xe79ca7d5c265c93be2b23e4e04ba9d8357622db7,1:0,500,0xf801a,19,10,10 0 0 0 0 0 0 0,1793342201
246,16,23486069,1790744460,0xe79ca7d5c265c93be2b23e4e04ba9d8357622db7,2:0,500,0x1f000006,16,10,10 0 0 0 0 0 0 0,1793359490
161,17,23487614,1790745244,0xe79ca7d5c265c93be2b23e4e04ba9d8357622db7,4:0 6:0 9:0 12:0 16:0,2500,0x7c00000007c00000f800001f0007c000000000a,45,30,30 0 0 0 0 0 0 0,1793342201
246,17,23487764,1790745320,0xe79ca7d5c265c93be2b23e4e04ba9d8357622db7,5:0 7:0 10:0 14:0 19:0,2500,0x3e0000000001f00000001f000003e000f8000000000034,47,29,29 0 0 0 0 0 0 0,1793359490
352,1,23500062,1790751558,0x1a838bc693fb8eb08861505564e2ceeb229702a4,1:1 5:1 9:1 13:1 17:1,10000,0x3f80000003f80000003f80000003f80000003f801e,35,21,21 0 0 0 0 0 0 0,1798527184
342,2,23501823,1790752462,0x88c58b42f2783131d51a58af7f1a9b491089afeb,1:0 5:0 9:0 13:0 17:0,2500,0xf80000000f80000000f80000000f80000000f8009,68,43,43 0 0 0 0 0 0 0,1798510026
353,1,23507382,1790755282,0x65d3f783f7a9f2a30cf70a8b3f6789fe98779086,1:0 5:0 9:0 13:0 17:0,2500,0xf80000000f80000000f80000000f80000000f802e,35,21,21 0 0 0 0 0 0 0,1798531254
354,1,23507500,1790755342,0x65d3f783f7a9f2a30cf70a8b3f6789fe98779086,1:0 5:0 9:0 13:0 17:0,2500,0xf80000000f80000000f80000000f80000000f802e,35,21,21 0 0 0 0 0 0 0,1798531317
355,1,23507606,1790755396,0x65d3f783f7a9f2a30cf70a8b3f6789fe98779086,1:0,500,0xf8000,9,5,5 0 0 0 0 0 0 0,1798531370
76,86,23508886,1790756045,0x3f62ae0c7ed24dcd2b52c1c224296519b02df00d,5:0 15:0 14:0 1:0 2:0,2500,0x3e1f0000000000000000000f800001f0f801e,52,31,31 0 0 0 0 0 0 0,1794800355
77,186,23509060,1790756134,0x3f62ae0c7ed24dcd2b52c1c224296519b02df00d,5:0 15:0 14:0 1:0 2:0,2500,0x3e1f0000000000000000000f800001f0f8039,63,40,40 0 0 0 0 0 0 0,1796960445
79,49,23509116,1790756162,0x3f62ae0c7ed24dcd2b52c1c224296519b02df00d,5:0 15:0 14:0 1:0 2:0,2500,0x3e1f0000000000000000000f800001f0f803c,62,37,37 0 0 0 0 0 0 0,1794001418
349,2,23509177,1790756193,0x3f62ae0c7ed24dcd2b52c1c224296519b02df00d,5:0 15:0 14:0 1:0 2:0,2500,0x3e1f0000000000000000000f800001f0f801b,54,32,32 0 0 0 0 0 0 0,1798516237
350,2,23509246,1790756228,0x3f62ae0c7ed24dcd2b52c1c224296519b02df00d,5:0 15:0 14:0 1:0 2:0,2500,0x3e1f0000000000000000000f800001f0f801b,54,32,32 0 0 0 0 0 0 0,1798516477
23,63,23509262,1790756236,0x0349cd3a83006bc4f057f553f221d69bd7a6c504,1:0 5:0 9:0 13:0 17:0,2500,0xf80000000f80000000f80000000f80000000f8024,52,30,30 0 0 0 0 0 0 0,1794341044
220,9,23509529,1790756372,0xd00226b73bab097e97c6df416dc031df7c4b5af1,pheromone,0,0x1fcb,18,10,10 0 0 0 0 0 0 0,1793348372
27,168,23509535,1790756375,0x3f62ae0c7ed24dcd2b52c1c224296519b02df00d,pheromone,0,0x1ff2,18,10,10 0 0 0 0 0 0 0,1796049150
356,1,23509823,1790756521,0x3f62ae0c7ed24dcd2b52c1c224296519b02df00d,5:0 15:0 14:0 1:0 2:0,2500,0x3e1f0000000000000000000f800001f0f8026,36,22,22 0 0 0 0 0 0 0,1798532470
357,1,23510505,1790756867,0x3f62ae0c7ed24dcd2b52c1c224296519b02df00d,5:0 15:0 14:0 1:0 2:0,2500,0x3e1f0000000000000000000f800001f0f8026,36,22,22 0 0 0 0 0 0 0,1798532804
358,1,23510965,1790757101,0x3f62ae0c7ed24dcd2b52c1c224296519b02df00d,5:0 15:0 14:0 1:0 2:0,2500,0x3e1f0000000000000000000f800001f0f8026,36,22,22 0 0 0 0 0 0 0,1798533023
15,27,23511325,1790757283,0xe6e5a8b9c4a0cd805f06b565b6f2857923cc6b11,1:0 5:0 9:0 13:0 17:0,2500,0xf80000000f80000000f80000000f80000000f8022,40,25,25 0 0 0 0 0 0 0,1793562863
359,1,23515084,1790759191,0x65d3f783f7a9f2a30cf70a8b3f6789fe98779086,1:0 5:0 9:0 13:0 17:0,2500,0xf80000000f80000000f80000000f80000000f802e,35,21,21 0 0 0 0 0 0 0,1798535021
215,5,23517428,1790760381,0x979358182743d44831696146a36aecf1ebbe7325,1:0 5:0 9:0 13:0 17:0,2500,0xf80000000f80000000f80000000f80000000f803b,35,21,21 0 0 0 0 0 0 0,1793352381
15,28,23517708,1790760523,0x979358182743d44831696146a36aecf1ebbe7325,pheromone,0,0x1fdc,18,10,10 0 0 0 0 0 0 0,1793562863
9,7,23519656,1790761511,0x9e366c1405f7951431dbdeb53dcd57db342f55c4,1:0 5:0 9:0 13:0 17:0,2500,0xf80000000f80000000f80000000f80000000f803b,50,30,30 0 0 0 0 0 0 0,1793353511
293,6,23519685,1790761526,0x9e366c1405f7951431dbdeb53dcd57db342f55c4,1:0 5:0 9:0 13:0 17:0,2500,0xf80000000f80000000f80000000f80000000f8035,52,31,30 0 0 1 0 0 0 0,1793353526
28,5,23521382,1790762386,0xa9a3dbee74753ccd9b40521d1f92f9cf2f49b9dd,19:0 5:0 15:0 17:0 2:0,2500,0x3e000f8003e000000000000000000000f800001f000023,40,25,25 0 0 0 0 0 0 0,1793354386
360,1,23525877,1790764667,0x81b4bf458a73ea46fadd46ee8236e5f94c4eb8e0,1:0 5:0 9:0 13:0 17:0,2500,0xf80000000f80000000f80000000f80000000f802e,35,21,21 0 0 0 0 0 0 0,1798540642
63,19,23528166,1790765828,0x62ff01f014f0da446e02a62392538f36a83a2659,1:0 5:0 9:0 13:0 17:0,2500,0xf80000000f80000000f80000000f80000000f803d,46,30,30 0 0 0 0 0 0 0,1793395593
70,18,23528219,1790765855,0x62ff01f014f0da446e02a62392538f36a83a2659,1:0 5:0 9:0 13:0 17:0,2500,0xf80000000f80000000f80000000f80000000f801c,63,39,39 0 0 0 0 0 0 0,1793374271
199,8,23528254,1790765873,0x0b1ba22af3fb3ad6247ba5d4413b6649edd40819,1:0,500,0xf803d,9,5,5 0 0 0 0 0 0 0,1793357873
328,20,23528738,1790766119,0x0b1ba22af3fb3ad6247ba5d4413b6649edd40819,1:0 5:0 9:0 13:0 17:0,2500,0xf80000000f80000000f80000000f80000000f802d,45,26,26 0 0 0 0 0 0 0,1793437700
215,6,23528990,1790766247,0x979358182743d44831696146a36aecf1ebbe7325,1:0 12:0 9:0 12:0 19:0,2500,0x3e00000000000000f800000f80000000000000000f801d,49,30,30 0 0 0 0 0 0 0,1793358247
199,9,23529444,1790766477,0x0b1ba22af3fb3ad6247ba5d4413b6649edd40819,1:0 5:0 9:0 13:0 17:0,2500,0xf80000000f80000000f80000000f80000000f8012,52,30,30 0 0 0 0 0 0 0,1793358477
285,51,23536724,1790770171,0x27f48de5e0605da8b2a52ddfd06f6d273b804336,12:0 16:0 18:0 13:0 17:0,2500,0x1f0f87c00000f87c000000000000000000000000000a,50,32,32 0 0 0 0 0 0 0,1793747482
246,18,23537164,1790770394,0xe79ca7d5c265c93be2b23e4e04ba9d8357622db7,pheromone,0,0x1fc0,8,5,5 0 0 0 0 0 0 0,1793362394
246,19,23538235,1790770938,0xe79ca7d5c265c93be2b23e4e04ba9d8357622db7,pheromone,0,0x1fc6,27,15,15 0 0 0 0 0 0 0,1793362938
6,21,23541909,1790772802,0x1a3a0e6f222e823cc8d0f39d87042f88ab763872,1:0 5:0 9:0 13:0 17:0,2500,0xf80000000f80000000f80000000f80000000f802f,50,33,33 0 0 0 0 0 0 0,1793411397
347,2,23542294,1790772998,0x1a3a0e6f222e823cc8d0f39d87042f88ab763872,1:0 5:0 9:0 13:0 17:0,2500,0xf80000000f80000000f80000000f80000000f8009,68,43,43 0 0 0 0 0 0 0,1798515017
348,2,23542309,1790773005,0x1a3a0e6f222e823cc8d0f39d87042f88ab763872,1:0 5:0 9:0 13:0 17:0,2500,0xf80000000f80000000f80000000f80000000f8009,68,43,43 0 0 0 0 0 0 0,1798515310
208,7,23543349,1790773534,0x019d9319cbefec30f672fe0f79acd709958ab271,1:0 5:0 9:0 13:0 17:0,2500,0xf80000000f80000000f80000000f80000000f803b,70,43,43 0 0 0 0 0 0 0,1793365534
220,10,23543520,1790773621,0x22fdae531a69647a0ade9154093ac83769f9dc49,pheromone,0,0x1fc5,27,15,15 0 0 0 0 0 0 0,1793365621
362,1,23543959,1790773843,0x22fdae531a69647a0ade9154093ac83769f9dc49,1:0,500,0xf8000,9,5,5 0 0 0 0 0 0 0,1798549679
216,5,23555261,1790779578,0x08bf056c728966c8d6d3f2acb0ad4be521ed0631,1:0 5:0 9:0 13:0 17:0,2500,0xf80000000f80000000f80000000f80000000f803b,42,25,25 0 0 0 0 0 0 0,1793371578
219,6,23555304,1790779600,0x08bf056c728966c8d6d3f2acb0ad4be521ed0631,1:0 5:0 9:0 13:0 17:0,2500,0xf80000000f80000000f80000000f80000000f8035,53,34,34 0 0 0 0 0 0 0,1793371600
296,6,23555330,1790779613,0x08bf056c728966c8d6d3f2acb0ad4be521ed0631,1:0 5:0 9:0 13:0 17:0,2500,0xf80000000f80000000f80000000f80000000f8035,42,25,25 0 0 0 0 0 0 0,1793371613
27,169,23563584,1790783802,0x81b4bf458a73ea46fadd46ee8236e5f94c4eb8e0,1:0 5:0 9:0 13:0 17:0,2500,0xf80000000f80000000f80000000f80000000f8012,60,35,35 0 0 0 0 0 0 0,1796049150
351,5,23563602,1790783811,0x81b4bf458a73ea46fadd46ee8236e5f94c4eb8e0,1:0 5:0 9:0 13:0 17:0,2500,0xf80000000f80000000f80000000f80000000f803b,35,21,21 0 0 0 0 0 0 0,1798518353
360,2,23563620,1790783820,0x81b4bf458a73ea46fadd46ee8236e5f94c4eb8e0,1:0 5:0 9:0 13:0 17:0,2500,0xf80000000f80000000f80000000f80000000f8009,68,43,43 0 0 0 0 0 0 0,1798540642
79,50,23565205,1790784624,0xd00226b73bab097e97c6df416dc031df7c4b5af1,pheromone,0,0x1fcc,8,5,5 0 0 0 0 0 0 0,1794001418
1,3,23565341,1790784693,0xd00226b73bab097e97c6df416dc031df7c4b5af1,pheromone,0,0x1ff8,18,10,10 0 0 0 0 0 0 0,1793376693
211,12,23565445,1790784746,0xd00226b73bab097e97c6df416dc031df7c4b5af1,pheromone,0,0x1fdb,18,10,10 0 0 0 0 0 0 0,1793376746
363,1,23565652,1790784851,0xd00226b73bab097e97c6df416dc031df7c4b5af1,4:1 5:1 9:1 13:1 17:1,10000,0x3f80000003f80000003f80000003f9fc0000000028,42,26,26 0 0 0 0 0 0 0,1798560788
227,3,23568028,1790786057,0xcf9ca4ebf3ed44342d01d6aa5bd48f61976d16a3,1:0 5:0 9:0 13:0 17:0,2500,0xf80000000f80000000f80000000f80000000f8017,42,25,25 0 0 0 0 0 0 0,1793378057
186,6,23568822,1790786460,0xcf9ca4ebf3ed44342d01d6aa5bd48f61976d16a3,pheromone,0,0x1fed,37,20,20 0 0 0 0 0 0 0,1793378460
285,52,23572539,1790788354,0x27f48de5e0605da8b2a52ddfd06f6d273b804336,3:0 4:0 5:0 18:0 17:0,2500,0x1f0f80000000000000000000000000f87c3e00000032,63,40,40 0 0 0 0 0 0 0,1793747482
285,53,23575375,1790789792,0x9628149b8268f15adc99911e64a79cdea7fb71ab,pheromone,0,0x1fec,18,10,10 0 0 0 0 0 0 0,1793747482
38,6,23575809,1790790011,0x9fe1c07a4b2ee2842eee679ae719bb23ed341c18,1:0 5:0 9:0 13:0 17:0,2500,0xf80000000f80000000f80000000f80000000f8035,47,29,29 0 0 0 0 0 0 0,1793382011
47,5,23575885,1790790050,0x9fe1c07a4b2ee2842eee679ae719bb23ed341c18,1:0 5:0 9:0 9:0 17:0,2500,0xf80000000000000001f00000000f80000000f8038,27,17,17 0 0 0 0 0 0 0,1793382050
23,64,23576480,1790790352,0x9fe1c07a4b2ee2842eee679ae719bb23ed341c18,pheromone,0,0x1fcc,18,10,10 0 0 0 0 0 0 0,1794341044
284,13,23576689,1790790457,0x26542d0bc93a63c141a21956337f18773b237882,1:1 5:1 9:1 16:1 16:1,10000,0x3f800000000000003f80000003f80000003f8036,58,35,35 0 0 0 0 0 0 0,1793382457
284,14,23588530,1790796470,0x27f48de5e0605da8b2a52ddfd06f6d273b804336,pheromone,0,0x1fe7,18,10,10 0 0 0 0 0 0 0,1793388470
284,15,23588581,1790796496,0x27f48de5e0605da8b2a52ddfd06f6d273b804336,pheromone,0,0x1fcb,27,15,15 0 0 0 0 0 0 0,1793388496
364,1,23589104,1790796761,0x27f48de5e0605da8b2a52ddfd06f6d273b804336,1:0 5:0 9:0 13:0 17:0,2500,0xf80000000f80000000f80000000f80000000f802e,35,21,21 0 0 0 0 0 0 0,1798572728
264,7,23589999,1790797216,0xc7f1dce49db860c865ce34e4eb65dbef625919ef,1:0 5:0 9:0 9:0 17:0,2500,0xf80000000000000001f00000000f80000000f8019,40,26,26 0 0 0 0 0 0 0,1793389216
247,12,23590062,1790797248,0xc7f1dce49db860c865ce34e4eb65dbef625919ef,7:0 5:0 9:0 13:0 17:0,2500,0xf80000000f80000000f8003e000f800000000000c,34,20,20 0 0 0 0 0 0 0,1793389248
335,2,23590172,1790797304,0xc7f1dce49db860c865ce34e4eb65dbef625919ef,1:0 5:0 15:0 13:0 17:0,2500,0xf8003e000f80000000000000000f80000000f8023,57,35,35 0 0 0 0 0 0 0,1798477744
77,187,23590782,1790797614,0xc7f1dce49db860c865ce34e4eb65dbef625919ef,pheromone,0,0x1fdd,18,10,10 0 0 0 0 0 0 0,1796960445
77,188,23590929,1790797689,0xc7f1dce49db860c865ce34e4eb65dbef625919ef,pheromone,0,0x1ff6,37,20,20 0 0 0 0 0 0 0,1796960445
20,23,23606568,1790805630,0xb528bf440e6c9dad0c15f7e5f4dc75655f7ae27b,2:0 3:0 9:0 13:0 17:0,2500,0xf80000000f80000000f8000000000003e1f00003e,70,44,44 0 0 0 0 0 0 0,1793476681
172,9,23610927,1790807844,0xed39205dd38074eea517a0e3dbd099b4e4a85af3,1:1 5:1 9:1 13:1 17:1,10000,0x3f80000003f80000003f80000003f80000003f802e,80,45,45 0 0 0 0 0 0 0,1793399844
185,9,23610971,1790807866,0xed39205dd38074eea517a0e3dbd099b4e4a85af3,1:1 11:1 9:1 13:1 17:1,10000,0x3f80000003f800fe003f80000000000000003f8014,63,39,39 0 0 0 0 0 0 0,1793399866
156,17,23614072,1790809441,0x574b60bc1a42becb1de3972751e9238c26c9cccf,1:1 5:1 9:1 13:1 17:1,10000,0x3f80000003f80000003f80000003f80000003f8022,82,55,55 0 0 0 0 0 0 0,1793401441
158,25,23614117,1790809465,0x574b60bc1a42becb1de3972751e9238c26c9cccf,1:1 5:1 9:1 13:1 17:1,10000,0x3f80000003f80000003f80000003f80000003f8012,94,63,63 0 0 0 0 0 0 0,1793470225
159,14,23614152,1790809482,0x574b60bc1a42becb1de3972751e9238c26c9cccf,1:1 5:1 9:1 13:1 17:1,10000,0x3f80000003f80000003f80000003f80000003f8006,57,34,34 0 0 0 0 0 0 0,1793401482
339,5,23614190,1790809501,0x574b60bc1a42becb1de3972751e9238c26c9cccf,1:1 5:1 9:1 13:1 17:1,10000,0x3f80000003f80000003f80000003f80000003f802b,61,42,42 0 0 0 0 0 0 0,1798499054
339,6,23614461,1790809639,0x574b60bc1a42becb1de3972751e9238c26c9cccf,8:1 14:1 9:1 16:1 19:1,10000,0xfe00001fc007f0000000003f9fc0000000000000000008,68,40,40 0 0 0 0 0 0 0,1798499054
185,10,23615213,1790810021,0x574b60bc1a42becb1de3972751e9238c26c9cccf,pheromone,0,0x1fc5,18,10,10 0 0 0 0 0 0 0,1793402021
216,6,23615876,1790810358,0x574b60bc1a42becb1de3972751e9238c26c9cccf,pheromone,0,0x1fed,18,10,10 0 0 0 0 0 0 0,1793402358
336,5,23618729,1790811805,0x27f48de5e0605da8b2a52ddfd06f6d273b804336,2:0 3:0 12:0 13:0 19:0,2500,0x3e000000000000f87c0000000000000000003e1f00002b,44,26,26 0 0 0 0 0 0 0,1798480606
336,6,23618822,1790811853,0x27f48de5e0605da8b2a52ddfd06f6d273b804336,8:0 5:0 14:0 15:0 19:0,2500,0x3e00000003e1f0000000000007c00000f8000000000031,40,24,24 0 0 0 0 0 0 0,1798480606
336,7,23620018,1790812460,0x27f48de5e0605da8b2a52ddfd06f6d273b804336,1:0 5:0 11:0 12:0 18:0,2500,0x1f0000000000007c3e000000000000f80000000f8006,54,34,34 0 0 0 0 0 0 0,1798480606
285,54,23620866,1790812890,0x27f48de5e0605da8b2a52ddfd06f6d273b804336,1:0 5:0 18:0 16:0 17:0,2500,0x1f0f87c00000000000000000000000f80000000f802e,58,34,34 0 0 0 0 0 0 0,1793747482
364,2,23621220,1790813069,0x27f48de5e0605da8b2a52ddfd06f6d273b804336,1:0 5:0 9:0 13:0 17:0,2500,0xf80000000f80000000f80000000f80000000f8009,68,43,43 0 0 0 0 0 0 0,1798572728
351,6,23625234,1790815106,0x81b4bf458a73ea46fadd46ee8236e5f94c4eb8e0,1:0 5:0 9:0 13:0 17:0,2500,0xf80000000f80000000f80000000f80000000f8035,78,48,48 0 0 0 0 0 0 0,1798518353
27,170,23625340,1790815160,0x81b4bf458a73ea46fadd46ee8236e5f94c4eb8e0,1:0 5:0 9:0 13:0 17:0,2500,0xf80000000f80000000f80000000f80000000f8031,49,33,33 0 0 0 0 0 0 0,1796049150
360,3,23625358,1790815169,0x81b4bf458a73ea46fadd46ee8236e5f94c4eb8e0,1:0 5:0 9:0 13:0 17:0,2500,0xf80000000f80000000f80000000f80000000f8017,35,21,21 0 0 0 0 0 0 0,1798540642
298,7,23626323,1790815659,0xbd081f1b95d62c9a30efab2bb862eea6dcd7450a,1:0,500,0xf8006,9,5,5 0 0 0 0 0 0 0,1793407659
141,13,23634772,1790819945,0x88c58b42f2783131d51a58af7f1a9b491089afeb,1:0 5:0 9:0 13:0 17:0,2500,0xf80000000f80000000f80000000f80000000f801a,60,35,35 0 0 0 0 0 0 0,1793411945
342,3,23634818,1790819968,0x88c58b42f2783131d51a58af7f1a9b491089afeb,1:0 5:0 9:0 13:0 17:0,2500,0xf80000000f80000000f80000000f80000000f8017,35,21,21 0 0 0 0 0 0 0,1798510026
219,7,23634970,1790820046,0x08bf056c728966c8d6d3f2acb0ad4be521ed0631,1:0 5:0 9:0 13:0 17:0,2500,0xf80000000f80000000f80000000f80000000f803b,60,35,35 0 0 0 0 0 0 0,1793412046
216,7,23635017,1790820069,0x08bf056c728966c8d6d3f2acb0ad4be521ed0631,7:0 10:0 7:0 17:0 19:0,2500,0x3e000f800000000000001f000007c00000000000000019,36,24,24 0 0 0 0 0 0 0,1793412069
296,7,23635065,1790820094,0x08bf056c728966c8d6d3f2acb0ad4be521ed0631,1:0 5:0 11:0 12:0 15:0,2500,0x3e000007c3e000000000000f80000000f8039,76,44,44 0 0 0 0 0 0 0,1793412094
213,8,23645690,1790825485,0xccde496b83c644f779e5b6fcc0cc4a5c276fa5d4,1:0 6:0 12:0 17:0 19:0,2500,0x3e000f80000000007c000000000001f0000000000f803b,47,30,30 0 0 0 0 0 0 0,1793417485
299,6,23645749,1790825515,0xccde496b83c644f779e5b6fcc0cc4a5c276fa5d4,4:0 10:0 12:0 4:0 12:0,2500,0xf8001f000000000000f80000000015,18,13,13 0 0 0 0 0 0 0,1793417515
341,2,23645805,1790825544,0xccde496b83c644f779e5b6fcc0cc4a5c276fa5d4,1:0 5:0 9:0 13:0 17:0,2500,0xf80000000f80000000f80000000f80000000f8009,68,43,43 0 0 0 0 0 0 0,1798505962
76,87,23647500,1790826404,0x3f62ae0c7ed24dcd2b52c1c224296519b02df00d,1:0 5:0 9:0 13:0 17:0,2500,0xf80000000f80000000f80000000f80000000f8025,56,35,35 0 0 0 0 0 0 0,1794800355
77,189,23647531,1790826419,0x3f62ae0c7ed24dcd2b52c1c224296519b02df00d,1:0 5:0 9:0 13:0 17:0,2500,0xf80000000f80000000f80000000f80000000f803b,40,25,25 0 0 0 0 0 0 0,1796960445
215,7,23647533,1790826420,0x979358182743d44831696146a36aecf1ebbe7325,1:2 5:2 9:2 13:2 19:2,20000,0x1fe000000000007f80000007f80000007f80000007f802b,101,61,61 0 0 0 0 0 0 0,1793418420
79,51,23647563,1790826436,0x3f62ae0c7ed24dcd2b52c1c224296519b02df00d,1:0 5:0 9:0 13:0 17:0,2500,0xf80000000f80000000f80000000f80000000f8016,63,39,39 0 0 0 0 0 0 0,1794001418
349,3,23647589,1790826449,0x3f62ae0c7ed24dcd2b52c1c224296519b02df00d,1:0 5:0 9:0 13:0 17:0,2500,0xf80000000f80000000f80000000f80000000f8017,50,33,33 0 0 0 0 0 0 0,1798516237
365,1,23648115,1790826716,0x979358182743d44831696146a36aecf1ebbe7325,1:0,500,0xf8000,9,5,5 0 0 0 0 0 0 0,1798602454
31,33,23649520,1790827428,0xac79fd6008b971723d16974cdb23ad70ecc00bee,1:0 5:0 4:0 13:0 17:0,2500,0xf80000000f80000000000000000f87c00000f8019,49,31,31 0 0 0 0 0 0 0,1793673392
350,3,23649528,1790827433,0x3f62ae0c7ed24dcd2b52c1c224296519b02df00d,1:0 5:0 9:0 13:0 17:0,2500,0xf80000000f80000000f80000000f80000000f8017,50,33,33 0 0 0 0 0 0 0,1798516477
42,16,23649541,1790827439,0x1b25bd7ce0fb701d9aac3fd43fa221ac63e3fb3e,1:0 5:0 9:0 13:0 17:0,2500,0xf80000000f80000000f80000000f80000000f8012,68,43,43 0 0 0 0 0 0 0,1793419439
356,2,23649562,1790827450,0x3f62ae0c7ed24dcd2b52c1c224296519b02df00d,1:0 5:0 9:0 13:0 17:0,2500,0xf80000000f80000000f80000000f80000000f8009,53,31,31 0 0 0 0 0 0 0,1798532470
357,2,23649590,1790827464,0x3f62ae0c7ed24dcd2b52c1c224296519b02df00d,1:0 5:0 9:0 13:0 17:0,2500,0xf80000000f80000000f80000000f80000000f8009,53,31,31 0 0 0 0 0 0 0,1798532804
358,2,23649619,1790827479,0x3f62ae0c7ed24dcd2b52c1c224296519b02df00d,1:0 5:0 9:0 13:0 17:0,2500,0xf80000000f80000000f80000000f80000000f8009,53,31,31 0 0 0 0 0 0 0,1798533023
187,144,23650682,1790828018,0x65d3f783f7a9f2a30cf70a8b3f6789fe98779086,1:0 5:0 9:0 13:0 17:0,2500,0xf80000000f80000000f80000000f80000000f8013,52,30,30 0 0 0 0 0 0 0,1796066394
303,6,23650704,1790828029,0xbfe2643c33dade319d1634215ab68b3c098ed3e7,5:1,2000,0x3f8000000000035,14,9,9 0 0 0 0 0 0 0,1793420029
286,45,23650710,1790828032,0x65d3f783f7a9f2a30cf70a8b3f6789fe98779086,1:0 5:0 9:0 13:0 17:0,2500,0xf80000000f80000000f80000000f80000000f800a,56,35,35 0 0 0 0 0 0 0,1793985151
307,6,23650713,1790828034,0xbfe2643c33dade319d1634215ab68b3c098ed3e7,5:1,2000,0x3f8000000000035,14,9,9 0 0 0 0 0 0 0,1793420034
287,45,23650735,1790828045,0x65d3f783f7a9f2a30cf70a8b3f6789fe98779086,1:0 5:0 9:0 13:0 17:0,2500,0xf80000000f80000000f80000000f80000000f800a,58,38,38 0 0 0 0 0 0 0,1793985170
353,2,23650762,1790828059,0x65d3f783f7a9f2a30cf70a8b3f6789fe98779086,1:0 5:0 9:0 13:0 17:0,2500,0xf80000000f80000000f80000000f80000000f8009,68,43,43 0 0 0 0 0 0 0,1798531254
354,2,23650793,1790828075,0x65d3f783f7a9f2a30cf70a8b3f6789fe98779086,1:0 5:0 9:0 13:0 17:0,2500,0xf80000000f80000000f80000000f80000000f8009,68,43,43 0 0 0 0 0 0 0,1798531317
355,2,23650823,1790828090,0x65d3f783f7a9f2a30cf70a8b3f6789fe98779086,1:0 5:0 9:0 13:0 17:0,2500,0xf80000000f80000000f80000000f80000000f8009,45,26,26 0 0 0 0 0 0 0,1798531370
359,2,23650858,1790828108,0x65d3f783f7a9f2a30cf70a8b3f6789fe98779086,1:0 5:0 9:0 13:0 17:0,2500,0xf80000000f80000000f80000000f80000000f8009,68,43,43 0 0 0 0 0 0 0,1798535021
211,13,23669450,1790837540,0xbcd76fa66f9edc46065f4f27fd634ca15a0b1c72,1:0 5:0 9:0 13:0 17:0,2500,0xf80000000f80000000f80000000f80000000f801a,45,26,26 0 0 0 0 0 0 0,1793429540
212,29,23669569,1790837601,0xbcd76fa66f9edc46065f4f27fd634ca15a0b1c72,1:0 5:0 9:0 13:0 17:0,2500,0xf80000000f80000000f80000000f80000000f8023,48,30,30 0 0 0 0 0 0 0,1793612256
305,27,23673925,1790839811,0xa754afb7549fce6e666bfcd6d4a4064c7d732d0e,1:1 5:1 9:1 13:1 17:1,10000,0x3f80000003f80000003f80000003f80000003f801f,73,47,47 0 0 0 0 0 0 0,1793562573
306,10,23673958,1790839828,0xa754afb7549fce6e666bfcd6d4a4064c7d732d0e,1:1 5:1 9:1 13:1 17:1,10000,0x3f80000003f80000003f80000003f80000003f8036,83,52,52 0 0 0 0 0 0 0,1793431828
115,10,23690631,1790848287,0x46f440d3d4e6466034b2a5034fc501ac0a31bf29,1:0 5:0 9:0 13:0 17:0,2500,0xf80000000f80000000f80000000f80000000f8014,53,34,34 0 0 0 0 0 0 0,1793440287
340,2,23690657,1790848300,0x46f440d3d4e6466034b2a5034fc501ac0a31bf29,1:0 5:0 9:0 13:0 17:0,2500,0xf80000000f80000000f80000000f80000000f8009,58,38,38 0 0 0 0 0 0 0,1798504148
215,8,23690804,1790848375,0x46f440d3d4e6466034b2a5034fc501ac0a31bf29,pheromone,0,0x1fff,18,10,10 0 0 0 0 0 0 0,1793440375
298,8,23695977,1790851000,0xbd081f1b95d62c9a30efab2bb862eea6dcd7450a,1:0 5:0 9:0 13:0 17:0,2500,0xf80000000f80000000f80000000f80000000f8030,70,40,40 0 0 0 0 0 0 0,1793443000
271,12,23699864,1790852972,0xd00226b73bab097e97c6df416dc031df7c4b5af1,1:1 5:1 9:1 13:1 17:1,10000,0x3f80000003f80000003f80000003f80000003f8020,72,47,47 0 0 0 0 0 0 0,1793444972
185,11,23702109,1790854111,0x81b4bf458a73ea46fadd46ee8236e5f94c4eb8e0,pheromone,0,0x1ff6,27,15,15 0 0 0 0 0 0 0,1793446111
366,1,23702291,1790854203,0x81b4bf458a73ea46fadd46ee8236e5f94c4eb8e0,1:0 5:0 9:0 13:0 17:0,2500,0xf80000000f80000000f80000000f80000000f802e,35,21,21 0 0 0 0 0 0 0,1798630163
294,6,23705859,1790856013,0xcd5504897ee44f57fc5d9f06a9cf1ca1d1eac578,2:0 5:0 9:0 13:0 12:0,2500,0xf87c00000f80000000f800001f00003f,47,30,30 0 0 0 0 0 0 0,1793448013
284,16,23711854,1790859055,0x26542d0bc93a63c141a21956337f18773b237882,6:0 13:0 8:0 10:0 18:0,2500,0x1f0000000000f800001f0007c001f00000000000002b,61,37,37 0 0 0 0 0 0 0,1793451055
14,12,23712634,1790859451,0x1b1829e31d3f85210ea84c2b62f59faa47687c7e,1:0 5:0 9:0 13:0 17:0,2500,0xf80000000f80000000f80000000f80000000f8036,60,35,35 0 0 0 0 0 0 0,1793451451
300,8,23712686,1790859477,0x1b1829e31d3f85210ea84c2b62f59faa47687c7e,1:0 5:0 9:0 13:0 17:0,2500,0xf80000000f80000000f80000000f80000000f8030,60,35,35 0 0 0 0 0 0 0,1793451477
285,55,23714058,1790860173,0x27f48de5e0605da8b2a52ddfd06f6d273b804336,7:0 8:0 11:0 16:0 17:0,2500,0xf87c0000000003e000007c3e00000000000000023,61,36,36 0 0 0 0 0 0 0,1793747482
336,8,23714172,1790860231,0x27f48de5e0605da8b2a52ddfd06f6d273b804336,1:0 5:0 4:0 13:0 19:0,2500,0x3e000000000000f80000000000000000f87c00000f8025,59,32,32 0 0 0 0 0 0 0,1798480606
364,3,23714325,1790860309,0x27f48de5e0605da8b2a52ddfd06f6d273b804336,2:0 4:0 9:0 12:0 17:0,2500,0xf80000000007c00000f80000000007c001f00001a,33,22,22 0 0 0 0 0 0 0,1798572728
4,113,23719914,1790863144,0x1a3a0e6f222e823cc8d0f39d87042f88ab763872,1:0 5:0 9:0 13:0 17:0,2500,0xf80000000f80000000f80000000f80000000f8012,52,30,30 0 0 0 0 0 0 0,1795182546
6,22,23719945,1790863160,0x1a3a0e6f222e823cc8d0f39d87042f88ab763872,1:0 5:0 9:0 13:0 17:0,2500,0xf80000000f80000000f80000000f80000000f801d,53,31,31 0 0 0 0 0 0 0,1793455160
305,28,23720071,1790863224,0x1a3a0e6f222e823cc8d0f39d87042f88ab763872,pheromone,0,0x1fdc,18,10,10 0 0 0 0 0 0 0,1793562573
188,6,23720144,1790863261,0x1a3a0e6f222e823cc8d0f39d87042f88ab763872,pheromone,0,0x1fed,37,20,20 0 0 0 0 0 0 0,1793455261
367,1,23720238,1790863309,0x1a3a0e6f222e823cc8d0f39d87042f88ab763872,1:0 5:0 9:0 13:0 17:0,2500,0xf80000000f80000000f80000000f80000000f802e,35,21,21 0 0 0 0 0 0 0,1798639287
347,3,23720279,1790863329,0x1a3a0e6f222e823cc8d0f39d87042f88ab763872,1:0 5:0 9:0 13:0 17:0,2500,0xf80000000f80000000f80000000f80000000f8017,35,21,21 0 0 0 0 0 0 0,1798515017
348,3,23720398,1790863390,0x1a3a0e6f222e823cc8d0f39d87042f88ab763872,1:0 5:0 9:0 13:0 17:0,2500,0xf80000000f80000000f80000000f80000000f8017,35,21,21 0 0 0 0 0 0 0,1798515310
12,9,23721463,1790863930,0xc0e1ff5b6ec47f15aebfe859b8ab4a566fe61752,6:0 5:0 9:0 13:0 17:0,2500,0xf80000000f80000000f800001f0f800000000001c,56,34,34 0 0 0 0 0 0 0,1793455930
15,29,23722691,1790864553,0x88c58b42f2783131d51a58af7f1a9b491089afeb,pheromone,0,0x1fca,27,15,15 0 0 0 0 0 0 0,1793562863
181,6,23724548,1790865495,0x224e633c9632a51de2f6225a7620dc46b2d58b08,1:0 5:0 9:0 13:0 17:0,2500,0xf80000000f80000000f80000000f80000000f8035,58,35,35 0 0 0 0 0 0 0,1793457495
27,171,23743785,1790875255,0x81b4bf458a73ea46fadd46ee8236e5f94c4eb8e0,1:0 5:0 9:0 13:0 17:0,2500,0xf80000000f80000000f80000000f80000000f802a,60,35,35 0 0 0 0 0 0 0,1796049150
176,7,23749871,1790878343,0x1ffb740eabe3d5fde7052df1e82a1df6fac2633e,1:0 5:0 9:0 13:0 17:0,2500,0xf80000000f80000000f80000000f80000000f803b,52,30,30 0 0 0 0 0 0 0,1793470343
247,13,23755562,1790881231,0xc7f1dce49db860c865ce34e4eb65dbef625919ef,8:1 12:1 5:1 10:1 19:1,10000,0xfe00000000000001fc007f001fc00003f8000000000028,61,37,37 0 0 0 0 0 0 0,1793473231
264,8,23755682,1790881292,0xc7f1dce49db860c865ce34e4eb65dbef625919ef,2:0 5:0 12:0 16:0 19:0,2500,0x3e000007c00000007c00000000000000f800001f000023,72,44,44 0 0 0 0 0 0 0,1793473292
285,56,23756361,1790881636,0x27f48de5e0605da8b2a52ddfd06f6d273b804336,12:0 5:0 18:0 16:0 17:0,2500,0x1f0f87c00000007c00000000000000f8000000000036,55,33,33 0 0 0 0 0 0 0,1793747482
285,57,23756687,1790881802,0x27f48de5e0605da8b2a52ddfd06f6d273b804336,1:0 13:0 16:0 18:0 17:0,2500,0x1f0f87c00000f80000000000000000000000000f8027,45,29,29 0 0 0 0 0 0 0,1793747482
336,9,23756884,1790881902,0x27f48de5e0605da8b2a52ddfd06f6d273b804336,1:0 5:0 9:0 13:0 17:0,2500,0xf80000000f80000000f80000000f80000000f8012,53,34,34 0 0 0 0 0 0 0,1798480606
364,4,23756978,1790881949,0x27f48de5e0605da8b2a52ddfd06f6d273b804336,1:0 5:0 9:0 13:0 17:0,2500,0xf80000000f80000000f80000000f80000000f8035,47,30,29 0 0 1 0 0 0 0,1798572728
285,58,23757098,1790882010,0x27f48de5e0605da8b2a52ddfd06f6d273b804336,16:0 16:0 16:0 16:0 17:0,2500,0xf9f00000000000000000000000000000000000019,16,12,12 0 0 0 0 0 0 0,1793747482
336,10,23757463,1790882195,0x27f48de5e0605da8b2a52ddfd06f6d273b804336,1:0 9:0 10:0 11:0 19:0,2500,0x3e00000000000000003e1f0f80000000000000000f8007,76,47,47 0 0 0 0 0 0 0,1798480606
156,18,23773541,1790890354,0x574b60bc1a42becb1de3972751e9238c26c9cccf,1:1 5:1 9:1 13:1 17:1,10000,0x3f80000003f80000003f80000003f80000003f8032,70,40,40 0 0 0 0 0 0 0,1793482354
158,26,23773629,1790890399,0x574b60bc1a42becb1de3972751e9238c26c9cccf,1:1 5:1 9:1 13:1 17:1,10000,0x3f80000003f80000003f80000003f80000003f8033,53,31,31 0 0 0 0 0 0 0,1793482399
159,15,23773686,1790890428,0x574b60bc1a42becb1de3972751e9238c26c9cccf,1:1 5:1 9:1 12:1 17:1,10000,0x3f8000000001fc00003f80000003f80000003f8031,89,60,60 0 0 0 0 0 0 0,1793482428
339,7,23773752,1790890461,0x574b60bc1a42becb1de3972751e9238c26c9cccf,1:0 5:0 9:0 13:0 17:0,2500,0xf80000000f80000000f80000000f80000000f803b,63,39,39 0 0 0 0 0 0 0,1798499054
368,1,23781459,1790894372,0x939571499a81766380edd7040bb16a785b800855,1:0 9:0 13:0 17:0 19:0,2500,0x3e000f80000000f80000000f80000000000000000f8035,37,21,21 0 0 0 0 0 0 0,1798670134
76,88,23791739,1790899588,0x3f62ae0c7ed24dcd2b52c1c224296519b02df00d,1:0 5:0 9:0 13:0 17:0,2500,0xf80000000f80000000f80000000f80000000f8014,57,34,34 0 0 0 0 0 0 0,1794800355
77,190,23791765,1790899601,0x3f62ae0c7ed24dcd2b52c1c224296519b02df00d,1:0 5:0 9:0 13:0 17:0,2500,0xf80000000f80000000f80000000f80000000f8007,63,39,39 0 0 0 0 0 0 0,1796960445
79,52,23791792,1790899615,0x3f62ae0c7ed24dcd2b52c1c224296519b02df00d,1:0 5:0 9:0 13:0 17:0,2500,0xf80000000f80000000f80000000f80000000f8010,50,30,30 0 0 0 0 0 0 0,1794001418
349,4,23791829,1790899634,0x3f62ae0c7ed24dcd2b52c1c224296519b02df00d,1:0 5:0 9:0 13:0 17:0,2500,0xf80000000f80000000f80000000f80000000f8035,55,32,31 0 0 1 0 0 0 0,1798516237
350,4,23791860,1790899650,0x3f62ae0c7ed24dcd2b52c1c224296519b02df00d,1:0 5:0 9:0 13:0 17:0,2500,0xf80000000f80000000f80000000f80000000f8035,55,32,31 0 0 1 0 0 0 0,1798516477
356,3,23791892,1790899666,0x3f62ae0c7ed24dcd2b52c1c224296519b02df00d,1:0 5:0 9:0 13:0 17:0,2500,0xf80000000f80000000f80000000f80000000f8017,50,33,33 0 0 0 0 0 0 0,1798532470
357,3,23791937,1790899689,0x3f62ae0c7ed24dcd2b52c1c224296519b02df00d,1:0 5:0 9:0 13:0 17:0,2500,0xf80000000f80000000f80000000f80000000f8017,50,33,33 0 0 0 0 0 0 0,1798532804
358,3,23791969,1790899705,0x3f62ae0c7ed24dcd2b52c1c224296519b02df00d,1:0 5:0 9:0 13:0 17:0,2500,0xf80000000f80000000f80000000f80000000f8017,50,33,33 0 0 0 0 0 0 0,1798533023
216,8,23796514,1790902011,0x08bf056c728966c8d6d3f2acb0ad4be521ed0631,19:0 9:0 5:0 13:0 15:0,2500,0x3e00000003e000f80000000f80000000f8000000000012,46,29,29 0 0 0 0 0 0 0,1793494011
219,8,23796572,1790902041,0x08bf056c728966c8d6d3f2acb0ad4be521ed0631,1:0 5:0 9:0 13:0 17:0,2500,0xf80000000f80000000f80000000f80000000f8030,53,34,34 0 0 0 0 0 0 0,1793494041
296,8,23796619,1790902065,0x08bf056c728966c8d6d3f2acb0ad4be521ed0631,14:0 4:0 7:0 16:0 18:0,2500,0x1f0007c001f000000000000003e000007c0000000010,44,25,25 0 0 0 0 0 0 0,1793494065
305,29,23797167,1790902343,0x08bf056c728966c8d6d3f2acb0ad4be521ed0631,pheromone,0,0x1fca,27,15,15 0 0 0 0 0 0 0,1793562573
172,10,23797222,1790902371,0x08bf056c728966c8d6d3f2acb0ad4be521ed0631,pheromone,0,0x1fc5,8,5,5 0 0 0 0 0 0 0,1793494371
187,145,23800433,1790904000,0x65d3f783f7a9f2a30cf70a8b3f6789fe98779086,1:0 5:0 9:0 13:0 17:0,2500,0xf80000000f80000000f80000000f80000000f800b,51,34,34 0 0 0 0 0 0 0,1796066394
286,46,23800468,1790904018,0x65d3f783f7a9f2a30cf70a8b3f6789fe98779086,1:0 5:0 9:0 13:0 17:0,2500,0xf80000000f80000000f80000000f80000000f800a,47,29,29 0 0 0 0 0 0 0,1793985151
287,46,23800490,1790904029,0x65d3f783f7a9f2a30cf70a8b3f6789fe98779086,1:0 5:0 9:0 13:0 17:0,2500,0xf80000000f80000000f80000000f80000000f800a,45,26,26 0 0 0 0 0 0 0,1793985170
353,3,23800513,1790904041,0x65d3f783f7a9f2a30cf70a8b3f6789fe98779086,1:0 5:0 9:0 13:0 17:0,2500,0xf80000000f80000000f80000000f80000000f8017,35,21,21 0 0 0 0 0 0 0,1798531254
354,3,23800537,1790904053,0x65d3f783f7a9f2a30cf70a8b3f6789fe98779086,1:0 5:0 9:0 13:0 17:0,2500,0xf80000000f80000000f80000000f80000000f8017,35,21,21 0 0 0 0 0 0 0,1798531317
355,3,23800565,1790904067,0x65d3f783f7a9f2a30cf70a8b3f6789fe98779086,1:0 5:0 9:0 13:0 17:0,2500,0xf80000000f80000000f80000000f80000000f8017,58,38,38 0 0 0 0 0 0 0,1798531370
359,3,23800594,1790904082,0x65d3f783f7a9f2a30cf70a8b3f6789fe98779086,1:0 5:0 9:0 13:0 17:0,2500,0xf80000000f80000000f80000000f80000000f8017,35,21,21 0 0 0 0 0 0 0,1798535021
366,2,23808173,1790907927,0x81b4bf458a73ea46fadd46ee8236e5f94c4eb8e0,1:0 5:0 9:0 13:0 17:0,2500,0xf80000000f80000000f80000000f80000000f8009,68,43,43 0 0 0 0 0 0 0,1798630163
27,172,23808228,1790907955,0x81b4bf458a73ea46fadd46ee8236e5f94c4eb8e0,1:0 5:0 9:0 13:0 17:0,2500,0xf80000000f80000000f80000000f80000000f8010,43,29,29 0 0 0 0 0 0 0,1796049150
351,7,23808321,1790908002,0x81b4bf458a73ea46fadd46ee8236e5f94c4eb8e0,1:0 5:0 9:0 13:0 17:0,2500,0xf80000000f80000000f80000000f80000000f803b,66,42,42 0 0 0 0 0 0 0,1798518353
360,4,23808342,1790908013,0x81b4bf458a73ea46fadd46ee8236e5f94c4eb8e0,1:0 5:0 9:0 13:0 17:0,2500,0xf80000000f80000000f80000000f80000000f8035,68,43,43 0 0 0 0 0 0 0,1798540642
303,7,23812961,1790910357,0xbfe2643c33dade319d1634215ab68b3c098ed3e7,1:0 5:0 9:0 13:0 17:0,2500,0xf80000000f80000000f80000000f80000000f803b,45,26,26 0 0 0 0 0 0 0,1793502357
307,7,23812999,1790910376,0xbfe2643c33dade319d1634215ab68b3c098ed3e7,1:0 5:0 9:0 13:0 17:0,2500,0xf80000000f80000000f80000000f80000000f803b,45,26,26 0 0 0 0 0 0 0,1793502376
215,9,23815737,1790911766,0x979358182743d44831696146a36aecf1ebbe7325,1:1 5:1 9:1 13:1 17:1,10000,0x3f80000003f80000003f80000003f80000003f802e,55,34,34 0 0 0 0 0 0 0,1793503766
324,10,23815811,1790911803,0x1df89c0350e94575d0e20fd86c12e2a38e4c0ce1,1:0 5:0 9:0 13:0 17:0,2500,0xf80000000f80000000f80000000f80000000f8014,45,26,26 0 0 0 0 0 0 0,1793503803
365,2,23815954,1790911875,0x979358182743d44831696146a36aecf1ebbe7325,1:2 5:2 9:2 13:2 17:2,20000,0x7f80000007f80000007f80000007f80000007f8020,76,47,47 0 0 0 0 0 0 0,1798602454
141,14,23817315,1790912566,0x88c58b42f2783131d51a58af7f1a9b491089afeb,6:0 15:0 17:0 9:0 12:0,2500,0xf8003e000007c00000f800001f000000000000030,39,28,28 0 0 0 0 0 0 0,1793504566
342,4,23817383,1790912601,0x88c58b42f2783131d51a58af7f1a9b491089afeb,19:0 18:0 17:0 15:0 14:0,2500,0x3e1f0f8003e1f000000000000000000000000000000001,38,24,24 0 0 0 0 0 0 0,1798510026
213,9,23817550,1790912685,0xccde496b83c644f779e5b6fcc0cc4a5c276fa5d4,1:0 5:0 9:0 13:0 17:0,2500,0xf80000000f80000000f80000000f80000000f8012,68,40,40 0 0 0 0 0 0 0,1793504685
370,1,23817597,1790912709,0x88c58b42f2783131d51a58af7f1a9b491089afeb,12:0 12:0 12:0 12:0 12:0,2500,0x26c0000000000000000000000000032,5,4,4 0 0 0 0 0 0 0,1798688669
299,7,23817601,1790912711,0xccde496b83c644f779e5b6fcc0cc4a5c276fa5d4,11:0 5:0 9:0 17:0 9:0,2500,0xf8000000000003e001f00000000f800000000003f,52,34,34 0 0 0 0 0 0 0,1793504711
30,22,23822358,1790915125,0xb39e79d3540fc34f516af70574b94d4ef8f885d2,1:0 5:0 9:0 13:0 17:0,2500,0xf80000000f80000000f80000000f80000000f801d,60,38,38 0 0 0 0 0 0 0,1793507125
116,17,23822407,1790915149,0xb39e79d3540fc34f516af70574b94d4ef8f885d2,1:0 5:0 9:0 13:0 17:0,2500,0xf80000000f80000000f80000000f80000000f8024,55,34,34 0 0 0 0 0 0 0,1793507149
197,13,23822430,1790915161,0xb39e79d3540fc34f516af70574b94d4ef8f885d2,1:0 5:0 9:0 13:0 17:0,2500,0xf80000000f80000000f80000000f80000000f801a,53,31,31 0 0 0 0 0 0 0,1793507161
343,2,23822456,1790915174,0xb39e79d3540fc34f516af70574b94d4ef8f885d2,1:0 5:0 9:0 13:0 17:0,2500,0xf80000000f80000000f80000000f80000000f8009,68,43,43 0 0 0 0 0 0 0,1798510382
63,20,23823822,1790915867,0x62ff01f014f0da446e02a62392538f36a83a2659,1:0 5:0 9:0 13:0 17:0,2500,0xf80000000f80000000f80000000f80000000f802d,57,34,34 0 0 0 0 0 0 0,1793507867
365,3,23824984,1790916457,0x979358182743d44831696146a36aecf1ebbe7325,1:1 5:1 9:1 18:1 17:1,10000,0x7f3f80000000000000003f80000003f80000003f802e,57,38,38 0 0 0 0 0 0 0,1798602454
215,10,23825111,1790916521,0x979358182743d44831696146a36aecf1ebbe7325,1:0 5:0 9:0 13:0 17:0,2500,0xf80000000f80000000f80000000f80000000f8014,48,30,30 0 0 0 0 0 0 0,1793508521
27,173,23825117,1790916524,0x81b4bf458a73ea46fadd46ee8236e5f94c4eb8e0,1:0 5:0 9:0 13:0 17:0,2500,0xf80000000f80000000f80000000f80000000f8022,60,35,35 0 0 0 0 0 0 0,1796049150
27,174,23825186,1790916559,0x81b4bf458a73ea46fadd46ee8236e5f94c4eb8e0,1:0 5:0 9:0 13:0 17:0,2500,0xf80000000f80000000f80000000f80000000f8010,53,37,37 0 0 0 0 0 0 0,1796049150
289,4,23829904,1790918953,0x54d1f1895026e84e4672d09c3e759a4fd847e497,1:0 5:0 9:0 13:0 17:0,2500,0xf80000000f80000000f80000000f80000000f8035,45,26,26 0 0 0 0 0 0 0,1793510953
211,14,23830026,1790919015,0xbcd76fa66f9edc46065f4f27fd634ca15a0b1c72,1:0 5:0 9:0 13:0 17:0,2500,0xf80000000f80000000f80000000f80000000f8027,68,43,43 0 0 0 0 0 0 0,1793511015
212,30,23830059,1790919032,0xbcd76fa66f9edc46065f4f27fd634ca15a0b1c72,1:0 5:0 9:0 13:0 17:0,2500,0xf80000000f80000000f80000000f80000000f8002,55,34,34 0 0 0 0 0 0 0,1793612256
142,9,23830071,1790919038,0x54d1f1895026e84e4672d09c3e759a4fd847e497,pheromone,0,0x1fcb,8,5,5 0 0 0 0 0 0 0,1793511038
42,17,23835646,1790921866,0x1b25bd7ce0fb701d9aac3fd43fa221ac63e3fb3e,1:0 5:0 9:0 13:0 17:0,2500,0xf80000000f80000000f80000000f80000000f8024,55,31,31 0 0 0 0 0 0 0,1793513866
115,11,23846076,1790927159,0x46f440d3d4e6466034b2a5034fc501ac0a31bf29,1:0 5:0 9:0 13:0 17:0,2500,0xf80000000f80000000f80000000f80000000f8005,50,30,30 0 0 0 0 0 0 0,1793519159
340,3,23846122,1790927182,0x46f440d3d4e6466034b2a5034fc501ac0a31bf29,1:0 5:0 9:0 13:0 17:0,2500,0xf80000000f80000000f80000000f80000000f8017,45,26,26 0 0 0 0 0 0 0,1798504148
345,2,23859685,1790934064,0xa754afb7549fce6e666bfcd6d4a4064c7d732d0e,1:1 5:1 9:1 13:1 17:1,10000,0x3f80000003f80000003f80000003f80000003f803d,99,64,64 0 0 0 0 0 0 0,1798513371
305,30,23859730,1790934087,0xa754afb7549fce6e666bfcd6d4a4064c7d732d0e,1:1 5:1 9:1 13:1 17:1,10000,0x3f80000003f80000003f80000003f80000003f8012,61,38,38 0 0 0 0 0 0 0,1793562573
371,1,23865215,1790936870,0x648468901b406e4fbb453e167ab0058195b2f8f9,1:1 5:1 9:1 13:1 17:1,10000,0x3f80000003f80000003f80000003f80000003f801e,35,21,21 0 0 0 0 0 0 0,1798712185
371,2,23865418,1790936973,0x648468901b406e4fbb453e167ab0058195b2f8f9,1:0 5:0 9:0 13:0 17:0,2500,0xf80000000f80000000f80000000f80000000f8009,68,43,43 0 0 0 0 0 0 0,1798712185
28,6,23866268,1790937404,0xa9a3dbee74753ccd9b40521d1f92f9cf2f49b9dd,2:0 7:0 9:0 18:0 13:0,2500,0x1f0000000000f80000000f8003e0000000001f000005,44,26,26 0 0 0 0 0 0 0,1793529404
371,3,23868131,1790938350,0x648468901b406e4fbb453e167ab0058195b2f8f9,1:1 5:1 9:1 13:1 17:1,10000,0x3f80000003f80000003f80000003f80000003f8022,66,42,42 0 0 0 0 0 0 0,1798712185
371,4,23868204,1790938387,0x648468901b406e4fbb453e167ab0058195b2f8f9,1:1 5:1 9:1 13:1 17:1,10000,0x3f80000003f80000003f80000003f80000003f8018,68,43,43 0 0 0 0 0 0 0,1798712185
371,5,23870786,1790939697,0x648468901b406e4fbb453e167ab0058195b2f8f9,9:2 12:2 18:2 10:2 8:2,20000,0xff000000000003fc00ff7fbfc000000000000000003b,75,52,52 0 0 0 0 0 0 0,1798712185
285,59,23878488,1790943605,0x27f48de5e0605da8b2a52ddfd06f6d273b804336,1:0 5:0 14:0 18:0 17:0,2500,0x1f0f800001f0000000000000000000f80000000f800a,46,26,26 0 0 0 0 0 0 0,1793747482
364,5,23878646,1790943685,0x27f48de5e0605da8b2a52ddfd06f6d273b804336,3:0 4:0 9:0 13:0 19:0,2500,0x3e000000000000f80000000f80000000007c3e0000001a,55,32,32 0 0 0 0 0 0 0,1798572728
271,13,23885786,1790947308,0xd00226b73bab097e97c6df416dc031df7c4b5af1,1:1 5:1 9:1 13:1 17:1,10000,0x3f80000003f80000003f80000003f80000003f801a,62,38,38 0 0 0 0 0 0 0,1793539308
215,11,23885835,1790947332,0xd00226b73bab097e97c6df416dc031df7c4b5af1,pheromone,0,0x1ff6,27,15,15 0 0 0 0 0 0 0,1793539332
336,11,23889042,1790948960,0x27f48de5e0605da8b2a52ddfd06f6d273b804336,1:0 5:0 9:0 13:0 17:0,2500,0xf80000000f80000000f80000000f80000000f8005,38,25,25 0 0 0 0 0 0 0,1798480606
208,8,23892909,1790950922,0x019d9319cbefec30f672fe0f79acd709958ab271,1:0 5:0 4:0 13:0 18:0,2500,0x1f0000000000f80000000000000000f87c00000f801b,60,36,36 0 0 0 0 0 0 0,1793542922
185,12,23894441,1790951699,0xed39205dd38074eea517a0e3dbd099b4e4a85af3,10:0 5:0 9:0 13:0 17:0,2500,0xf80000000f800001f0f80000000f800000000002f,41,28,28 0 0 0 0 0 0 0,1793543699
285,60,23897312,1790953156,0x27f48de5e0605da8b2a52ddfd06f6d273b804336,12:2 15:2 14:2 16:2 17:2,20000,0x7fbfdfeff003fc000000000000000000000000002f,100,69,69 0 0 0 0 0 0 0,1793747482
211,15,23899714,1790954374,0xbcd76fa66f9edc46065f4f27fd634ca15a0b1c72,1:0 5:0 9:0 13:0 17:0,2500,0xf80000000f80000000f80000000f80000000f8014,45,26,26 0 0 0 0 0 0 0,1793546374
211,16,23899937,1790954488,0xbcd76fa66f9edc46065f4f27fd634ca15a0b1c72,1:0 5:0 9:0 13:0 17:0,2500,0xf80000000f80000000f80000000f80000000f8012,58,38,38 0 0 0 0 0 0 0,1793546488
211,17,23899991,1790954515,0xbcd76fa66f9edc46065f4f27fd634ca15a0b1c72,1:0 5:0 9:0 13:0 17:0,2500,0xf80000000f80000000f80000000f80000000f8024,45,26,26 0 0 0 0 0 0 0,1793546515
211,18,23900068,1790954554,0xbcd76fa66f9edc46065f4f27fd634ca15a0b1c72,1:0 5:0 9:0 13:0 17:0,2500,0xf80000000f80000000f80000000f80000000f801c,63,42,42 0 0 0 0 0 0 0,1793546554
211,19,23900225,1790954634,0xbcd76fa66f9edc46065f4f27fd634ca15a0b1c72,1:0 5:0 9:0 13:0 17:0,2500,0xf80000000f80000000f80000000f80000000f803d,71,43,43 0 0 0 0 0 0 0,1793546634
12,10,23902398,1790955736,0xc0e1ff5b6ec47f15aebfe859b8ab4a566fe61752,7:0 5:0 9:0 13:0 17:0,2500,0xf80000000f80000000f8003e000f800000000003a,42,28,28 0 0 0 0 0 0 0,1793547736
188,7,23904411,1790956758,0xc0e1ff5b6ec47f15aebfe859b8ab4a566fe61752,pheromone,0,0x1fd1,18,10,10 0 0 0 0 0 0 0,1793548758
367,2,23904689,1790956899,0x1a3a0e6f222e823cc8d0f39d87042f88ab763872,1:0 5:0 9:0 13:0 17:0,2500,0xf80000000f80000000f80000000f80000000f8009,68,43,43 0 0 0 0 0 0 0,1798639287
4,114,23904796,1790956953,0x1a3a0e6f222e823cc8d0f39d87042f88ab763872,1:0 5:0 9:0 13:0 17:0,2500,0xf80000000f80000000f80000000f80000000f800f,51,34,34 0 0 0 0 0 0 0,1795182546
6,23,23904826,1790956968,0x1a3a0e6f222e823cc8d0f39d87042f88ab763872,1:0 5:0 9:0 13:0 17:0,2500,0xf80000000f80000000f80000000f80000000f802a,50,33,33 0 0 0 0 0 0 0,1793548968
372,1,23906032,1790957580,0xc0e1ff5b6ec47f15aebfe859b8ab4a566fe61752,1:0 5:0 9:0 13:0 17:0,2500,0xf80000000f80000000f80000000f80000000f802e,35,21,21 0 0 0 0 0 0 0,1798732865
368,2,23934009,1790971776,0x939571499a81766380edd7040bb16a785b800855,2:0 6:0 10:0 14:0 18:0,2500,0x1f00000001f00000001f00000001f00000001f000016,32,21,21 0 0 0 0 0 0 0,1798670134
336,12,23949875,1790979825,0x27f48de5e0605da8b2a52ddfd06f6d273b804336,1:0 5:0 9:0 13:0 17:0,2500,0xf80000000f80000000f80000000f80000000f8036,76,47,47 0 0 0 0 0 0 0,1798480606
216,9,23961819,1790985885,0x08bf056c728966c8d6d3f2acb0ad4be521ed0631,1:0 5:0 9:0 13:0 17:0,2500,0xf80000000f80000000f80000000f80000000f8012,52,30,30 0 0 0 0 0 0 0,1793577885
219,9,23961856,1790985904,0x08bf056c728966c8d6d3f2acb0ad4be521ed0631,1:0 5:0 9:0 13:0 17:0,2500,0xf80000000f80000000f80000000f80000000f8012,50,30,30 0 0 0 0 0 0 0,1793577904
296,9,23961887,1790985920,0x08bf056c728966c8d6d3f2acb0ad4be521ed0631,1:0 5:0 9:0 13:0 17:0,2500,0xf80000000f80000000f80000000f80000000f8012,43,29,29 0 0 0 0 0 0 0,1793577920
369,1,23961920,1790985937,0x08bf056c728966c8d6d3f2acb0ad4be521ed0631,1:0 5:0 9:0 13:0 17:0,2500,0xf80000000f80000000f80000000f80000000f802e,35,21,21 0 0 0 0 0 0 0,1798678438
285,61,23962062,1790986008,0x08bf056c728966c8d6d3f2acb0ad4be521ed0631,pheromone,0,0x1fdb,27,15,15 0 0 0 0 0 0 0,1793747482
364,6,23963190,1790986581,0x27f48de5e0605da8b2a52ddfd06f6d273b804336,1:0 2:0 12:0 11:0 16:0,2500,0x7c00000007c3e0000000000000000001f0f8004,60,36,36 0 0 0 0 0 0 0,1798572728
27,175,23972160,1790991131,0x81b4bf458a73ea46fadd46ee8236e5f94c4eb8e0,1:0,500,0xf8004,29,15,15 0 0 0 0 0 0 0,1796049150
373,1,23972166,1790991134,0x81b4bf458a73ea46fadd46ee8236e5f94c4eb8e0,1:0,500,0xf8000,9,5,5 0 0 0 0 0 0 0,1798767055
351,8,23972342,1790991223,0x81b4bf458a73ea46fadd46ee8236e5f94c4eb8e0,1:0 5:0 9:0 13:0 17:0,2500,0xf80000000f80000000f80000000f80000000f8030,68,43,43 0 0 0 0 0 0 0,1798518353
76,89,23974769,1790992453,0x3f62ae0c7ed24dcd2b52c1c224296519b02df00d,1:0 5:0 9:0 13:0 17:0,2500,0xf80000000f80000000f80000000f80000000f800b,56,35,35 0 0 0 0 0 0 0,1794800355
77,191,23974789,1790992463,0x3f62ae0c7ed24dcd2b52c1c224296519b02df00d,1:0 5:0 9:0 13:0 17:0,2500,0xf80000000f80000000f80000000f80000000f8018,40,25,25 0 0 0 0 0 0 0,1796960445
79,53,23974809,1790992473,0x3f62ae0c7ed24dcd2b52c1c224296519b02df00d,1:0 5:0 9:0 13:0 17:0,2500,0xf80000000f80000000f80000000f80000000f802b,63,42,42 0 0 0 0 0 0 0,1794001418
349,5,23974836,1790992487,0x3f62ae0c7ed24dcd2b52c1c224296519b02df00d,1:0 5:0 9:0 13:0 17:0,2500,0xf80000000f80000000f80000000f80000000f803b,52,34,34 0 0 0 0 0 0 0,1798516237
350,5,23974864,1790992501,0x3f62ae0c7ed24dcd2b52c1c224296519b02df00d,1:0 5:0 9:0 13:0 17:0,2500,0xf80000000f80000000f80000000f80000000f803b,52,34,34 0 0 0 0 0 0 0,1798516477
356,4,23974891,1790992515,0x3f62ae0c7ed24dcd2b52c1c224296519b02df00d,1:0 5:0 9:0 13:0 17:0,2500,0xf80000000f80000000f80000000f80000000f8035,55,32,31 0 0 1 0 0 0 0,1798532470
357,4,23974923,1790992531,0x3f62ae0c7ed24dcd2b52c1c224296519b02df00d,1:0 5:0 9:0 13:0 17:0,2500,0xf80000000f80000000f80000000f80000000f8035,55,32,31 0 0 1 0 0 0 0,1798532804
358,4,23974956,1790992548,0x3f62ae0c7ed24dcd2b52c1c224296519b02df00d,1:0 5:0 9:0 13:0 17:0,2500,0xf80000000f80000000f80000000f80000000f8035,55,32,31 0 0 1 0 0 0 0,1798533023
187,146,23975038,1790992589,0x65d3f783f7a9f2a30cf70a8b3f6789fe98779086,1:0 5:0 9:0 13:0 17:0,2500,0xf80000000f80000000f80000000f80000000f8012,57,34,34 0 0 0 0 0 0 0,1796066394
286,47,23975066,1790992603,0x65d3f783f7a9f2a30cf70a8b3f6789fe98779086,1:0 5:0 9:0 13:0 17:0,2500,0xf80000000f80000000f80000000f80000000f8033,56,35,35 0 0 0 0 0 0 0,1793985151
287,47,23975097,1790992619,0x65d3f783f7a9f2a30cf70a8b3f6789fe98779086,1:0 5:0 9:0 13:0 17:0,2500,0xf80000000f80000000f80000000f80000000f8033,78,48,48 0 0 0 0 0 0 0,1793985170
353,4,23975122,1790992632,0x65d3f783f7a9f2a30cf70a8b3f6789fe98779086,1:0 5:0 9:0 13:0 17:0,2500,0xf80000000f80000000f80000000f80000000f8035,68,43,43 0 0 0 0 0 0 0,1798531254
305,31,23977255,1790993714,0xa754afb7549fce6e666bfcd6d4a4064c7d732d0e,1:1 5:1 9:1 13:1 17:1,10000,0x3f80000003f80000003f80000003f80000003f8002,83,52,52 0 0 0 0 0 0 0,1793585714
345,3,23977305,1790993739,0xa754afb7549fce6e666bfcd6d4a4064c7d732d0e,1:1 5:1 9:1 13:1 17:1,10000,0x3f80000003f80000003f80000003f80000003f8022,35,21,21 0 0 0 0 0 0 0,1798513371
350,6,23979294,1790994749,0x3f62ae0c7ed24dcd2b52c1c224296519b02df00d,1:0 5:0 9:0 13:0 17:0,2500,0xf80000000f80000000f80000000f80000000f8035,65,37,36 0 0 1 0 0 0 0,1798516477
15,30,23999486,1791004993,0xe6e5a8b9c4a0cd805f06b565b6f2857923cc6b11,1:0 5:0 9:0 13:0 17:0,2500,0xf80000000f80000000f80000000f80000000f8002,53,34,34 0 0 0 0 0 0 0,1793596993
23,65,24004388,1791007480,0x0349cd3a83006bc4f057f553f221d69bd7a6c504,1:0 5:0 9:0 13:0 17:0,2500,0xf80000000f80000000f80000000f80000000f8024,61,39,39 0 0 0 0 0 0 0,1794341044
208,9,24014415,1791012568,0xcd5504897ee44f57fc5d9f06a9cf1ca1d1eac578,pheromone,0,0x1fcb,18,10,10 0 0 0 0 0 0 0,1793604568
365,4,24016595,1791013674,0x979358182743d44831696146a36aecf1ebbe7325,1:0 5:0 9:0 13:0 17:0,2500,0xf80000000f80000000f80000000f80000000f8035,50,30,30 0 0 0 0 0 0 0,1798602454
215,12,24016632,1791013693,0x979358182743d44831696146a36aecf1ebbe7325,1:0 5:0 9:0 13:0 17:0,2500,0xf80000000f80000000f80000000f80000000f8036,60,38,38 0 0 0 0 0 0 0,1793605693
220,11,24018501,1791014641,0x939571499a81766380edd7040bb16a785b800855,1:1 5:1 9:1 13:1 17:1,10000,0x3f80000003f80000003f80000003f80000003f802c,78,48,48 0 0 0 0 0 0 0,1793606641
211,20,24019550,1791015174,0xbcd76fa66f9edc46065f4f27fd634ca15a0b1c72,1:0 5:0 9:0 13:0 17:0,2500,0xf80000000f80000000f80000000f80000000f802d,58,38,38 0 0 0 0 0 0 0,1793607174
212,31,24019883,1791015342,0xbcd76fa66f9edc46065f4f27fd634ca15a0b1c72,1:0,500,0xf800a,9,5,5 0 0 0 0 0 0 0,1793612256
74,8,24033994,1791022502,0x74107b9b65801d477d5a7980905beecd72b57a29,1:0 5:0 9:0 13:0 17:0,2500,0xf80000000f80000000f80000000f80000000f8030,43,29,29 0 0 0 0 0 0 0,1793614502
92,5,24034018,1791022514,0x74107b9b65801d477d5a7980905beecd72b57a29,1:0 5:0 9:0 13:0 17:0,2500,0xf80000000f80000000f80000000f80000000f803b,43,26,26 0 0 0 0 0 0 0,1793614514
141,15,24034763,1791022892,0x88c58b42f2783131d51a58af7f1a9b491089afeb,16:2 8:2 9:2 18:2 17:2,20000,0xff7fbfc00000000000007fbfc0000000000000000010,86,56,56 0 0 0 0 0 0 0,1793614892
342,5,24034938,1791022981,0x88c58b42f2783131d51a58af7f1a9b491089afeb,15:2 12:2 14:2 13:2 19:2,20000,0x1fe0000001feff7fbfc0000000000000000000000000002,84,56,56 0 0 0 0 0 0 0,1798510026
220,12,24035417,1791023224,0x88c58b42f2783131d51a58af7f1a9b491089afeb,pheromone,0,0x1fdb,18,10,10 0 0 0 0 0 0 0,1793615224
247,14,24035467,1791023249,0x88c58b42f2783131d51a58af7f1a9b491089afeb,pheromone,0,0x1fe7,18,10,10 0 0 0 0 0 0 0,1793615249
321,9,24035500,1791023266,0x88c58b42f2783131d51a58af7f1a9b491089afeb,pheromone,0,0x1fcb,27,15,15 0 0 0 0 0 0 0,1793615266
370,2,24035971,1791023505,0x88c58b42f2783131d51a58af7f1a9b491089afeb,1:0 5:0 9:0 13:0 17:0,2500,0xf80000000f80000000f80000000f80000000f8009,40,25,25 0 0 0 0 0 0 0,1798688669
374,1,24036191,1791023616,0x88c58b42f2783131d51a58af7f1a9b491089afeb,1:2 2:2 3:2 4:2 19:2,20000,0x1fe00000000000000000000000000000003fdfeff7f8039,114,63,63 0 0 0 0 0 0 0,1798799556
351,9,24054699,1791033007,0x81b4bf458a73ea46fadd46ee8236e5f94c4eb8e0,1:0,500,0xf803a,9,5,5 0 0 0 0 0 0 0,1798518353
360,5,24054704,1791033009,0x81b4bf458a73ea46fadd46ee8236e5f94c4eb8e0,1:0,500,0xf8007,9,5,5 0 0 0 0 0 0 0,1798540642
351,10,24054733,1791033024,0x81b4bf458a73ea46fadd46ee8236e5f94c4eb8e0,1:0,500,0xf803b,29,15,15 0 0 0 0 0 0 0,1798518353
360,6,24054739,1791033027,0x81b4bf458a73ea46fadd46ee8236e5f94c4eb8e0,1:0,500,0xf8025,19,10,10 0 0 0 0 0 0 0,1798540642
351,11,24055052,1791033186,0x81b4bf458a73ea46fadd46ee8236e5f94c4eb8e0,1:0,500,0xf8038,9,5,5 0 0 0 0 0 0 0,1798518353
360,7,24055059,1791033189,0x81b4bf458a73ea46fadd46ee8236e5f94c4eb8e0,1:0,500,0xf8006,19,10,10 0 0 0 0 0 0 0,1798540642
364,7,24126854,1791069615,0x27f48de5e0605da8b2a52ddfd06f6d273b804336,2:0 3:0 4:0 5:0 6:0,2500,0x1f0f87c3e1f000033,54,33,33 0 0 0 0 0 0 0,1798572728
364,8,24128802,1791070603,0x27f48de5e0605da8b2a52ddfd06f6d273b804336,2:0 3:0 4:0 5:0 6:0,2500,0x1f0f87c3e1f00000d,71,42,42 0 0 0 0 0 0 0,1798572728
364,9,24131746,1791072097,0x27f48de5e0605da8b2a52ddfd06f6d273b804336,3:0 4:0 5:0 6:0 7:0,2500,0x3e1f0f87c3e0000001a,54,32,32 0 0 0 0 0 0 0,1798572728
324,11,24147847,1791080266,0x1df89c0350e94575d0e20fd86c12e2a38e4c0ce1,3:0 4:0 5:0 6:0 7:0,2500,0x3e1f0f87c3e0000000b,52,31,31 0 0 0 0 0 0 0,1793672266
215,13,24148042,1791080365,0x1df89c0350e94575d0e20fd86c12e2a38e4c0ce1,pheromone,0,0x1fcd,18,10,10 0 0 0 0 0 0 0,1793672365
351,12,24148108,1791080399,0x81b4bf458a73ea46fadd46ee8236e5f94c4eb8e0,3:0 4:0 5:0 6:0 7:0,2500,0x3e1f0f87c3e0000001f,44,26,26 0 0 0 0 0 0 0,1798518353
360,8,24148115,1791080402,0x81b4bf458a73ea46fadd46ee8236e5f94c4eb8e0,3:0 4:0 5:0 6:0 7:0,2500,0x3e1f0f87c3e00000027,54,31,31 0 0 0 0 0 0 0,1798540642
366,3,24148120,1791080405,0x81b4bf458a73ea46fadd46ee8236e5f94c4eb8e0,3:0 4:0 5:0 6:0 7:0,2500,0x3e1f0f87c3e0000000c,37,22,22 0 0 0 0 0 0 0,1798630163
169,8,24150514,1791081620,0x52c2947e6df632d9be6323f7fee666e95e4aa386,3:0 4:0 5:0 6:0 7:0,2500,0x3e1f0f87c3e00000027,46,27,27 0 0 0 0 0 0 0,1793673620
170,7,24150528,1791081627,0x52c2947e6df632d9be6323f7fee666e95e4aa386,3:0 4:0 5:0 6:0 7:0,2500,0x3e1f0f87c3e0000000f,69,40,40 0 0 0 0 0 0 0,1793673627
171,6,24150545,1791081635,0x52c2947e6df632d9be6323f7fee666e95e4aa386,3:0 4:0 5:0 6:0 7:0,2500,0x3e1f0f87c3e00000020,55,31,31 0 0 0 0 0 0 0,1793673635
115,12,24163671,1791088295,0x46f440d3d4e6466034b2a5034fc501ac0a31bf29,3:0 4:0 5:0 6:0 7:0,2500,0x3e1f0f87c3e0000001f,52,30,30 0 0 0 0 0 0 0,1793680295
340,4,24163682,1791088301,0x46f440d3d4e6466034b2a5034fc501ac0a31bf29,3:0 4:0 5:0 6:0 7:0,2500,0x3e1f0f87c3e0000001e,54,32,32 0 0 0 0 0 0 0,1798504148
366,4,24174707,1791093895,0x81b4bf458a73ea46fadd46ee8236e5f94c4eb8e0,3:0 4:0 5:0 6:0 7:0,2500,0x3e1f0f87c3e0000001e,78,45,45 0 0 0 0 0 0 0,1798630163
187,147,24181488,1791097336,0x65d3f783f7a9f2a30cf70a8b3f6789fe98779086,3:0 4:0 5:0 6:0 7:0,2500,0x3e1f0f87c3e00000007,60,35,35 0 0 0 0 0 0 0,1796066394
286,48,24181508,1791097346,0x65d3f783f7a9f2a30cf70a8b3f6789fe98779086,3:0 4:0 5:0 6:0 7:0,2500,0x3e1f0f87c3e00000009,44,26,26 0 0 0 0 0 0 0,1793985151
287,48,24181531,1791097357,0x65d3f783f7a9f2a30cf70a8b3f6789fe98779086,3:0 4:0 5:0 6:0 7:0,2500,0x3e1f0f87c3e00000009,52,30,30 0 0 0 0 0 0 0,1793985170
353,5,24181551,1791097367,0x65d3f783f7a9f2a30cf70a8b3f6789fe98779086,3:0 4:0 5:0 6:0 7:0,2500,0x3e1f0f87c3e00000001,44,26,26 0 0 0 0 0 0 0,1798531254
354,4,24181591,1791097388,0x65d3f783f7a9f2a30cf70a8b3f6789fe98779086,3:0 4:0 5:0 6:0 7:0,2500,0x3e1f0f87c3e0000001e,45,27,27 0 0 0 0 0 0 0,1798531317
355,4,24181631,1791097408,0x65d3f783f7a9f2a30cf70a8b3f6789fe98779086,3:0 4:0 5:0 6:0 7:0,2500,0x3e1f0f87c3e0000001e,37,22,22 0 0 0 0 0 0 0,1798531370
359,4,24181653,1791097419,0x65d3f783f7a9f2a30cf70a8b3f6789fe98779086,3:0 4:0 5:0 6:0 7:0,2500,0x3e1f0f87c3e0000001e,45,27,27 0 0 0 0 0 0 0,1798535021
359,5,24181696,1791097441,0x65d3f783f7a9f2a30cf70a8b3f6789fe98779086,3:0 4:0 5:0 6:0 7:0,2500,0x3e1f0f87c3e00000001,70,40,40 0 0 0 0 0 0 0,1798535021
349,6,24182341,1791097768,0x3f62ae0c7ed24dcd2b52c1c224296519b02df00d,3:0 4:0 5:0 6:0 7:0,2500,0x3e1f0f87c3e00000020,62,36,36 0 0 0 0 0 0 0,1798516237
350,7,24182353,1791097774,0x3f62ae0c7ed24dcd2b52c1c224296519b02df00d,3:0 4:0 5:0 6:0 7:0,2500,0x3e1f0f87c3e0000000f,51,31,31 0 0 0 0 0 0 0,1798516477
356,5,24182366,1791097781,0x3f62ae0c7ed24dcd2b52c1c224296519b02df00d,3:0 4:0 5:0 6:0 7:0,2500,0x3e1f0f87c3e00000001,46,27,27 0 0 0 0 0 0 0,1798532470
357,5,24182380,1791097788,0x3f62ae0c7ed24dcd2b52c1c224296519b02df00d,3:0 4:0 5:0 6:0 7:0,2500,0x3e1f0f87c3e00000001,46,27,27 0 0 0 0 0 0 0,1798532804
358,5,24182393,1791097795,0x3f62ae0c7ed24dcd2b52c1c224296519b02df00d,3:0 4:0 5:0 6:0 7:0,2500,0x3e1f0f87c3e00000001,46,27,27 0 0 0 0 0 0 0,1798533023
349,7,24182510,1791097854,0x3f62ae0c7ed24dcd2b52c1c224296519b02df00d,3:0 4:0 5:0 6:0 7:0,2500,0x3e1f0f87c3e0000000f,68,40,40 0 0 0 0 0 0 0,1798516237
349,8,24182546,1791097873,0x3f62ae0c7ed24dcd2b52c1c224296519b02df00d,3:0 4:0 5:0 6:0 7:0,2500,0x3e1f0f87c3e00000027,52,31,31 0 0 0 0 0 0 0,1798516237
187,148,24182564,1791097882,0x65d3f783f7a9f2a30cf70a8b3f6789fe98779086,3:0 4:0 5:0 6:0 7:0,2500,0x3e1f0f87c3e0000003b,55,32,32 0 0 0 0 0 0 0,1796066394
349,9,24182571,1791097885,0x3f62ae0c7ed24dcd2b52c1c224296519b02df00d,3:0 4:0 5:0 6:0 7:0,2500,0x3e1f0f87c3e0000001a,63,36,36 0 0 0 0 0 0 0,1798516237
350,8,24182619,1791097909,0x3f62ae0c7ed24dcd2b52c1c224296519b02df00d,3:0 4:0 5:0 6:0 7:0,2500,0x3e1f0f87c3e00000027,71,41,41 0 0 0 0 0 0 0,1798516477
359,6,24182637,1791097919,0x65d3f783f7a9f2a30cf70a8b3f6789fe98779086,3:0 4:0 5:0 6:0 7:0,2500,0x3e1f0f87c3e00000020,45,27,27 0 0 0 0 0 0 0,1798535021
350,9,24182665,1791097933,0x3f62ae0c7ed24dcd2b52c1c224296519b02df00d,3:0 4:0 5:0 6:0 7:0,2500,0x3e1f0f87c3e0000001a,44,26,26 0 0 0 0 0 0 0,1798516477
350,10,24182691,1791097946,0x3f62ae0c7ed24dcd2b52c1c224296519b02df00d,3:0 4:0 5:0 6:0 7:0,2500,0x3e1f0f87c3e00000033,71,41,41 0 0 0 0 0 0 0,1798516477
355,5,24182702,1791097952,0x65d3f783f7a9f2a30cf70a8b3f6789fe98779086,3:0 4:0 5:0 6:0 7:0,2500,0x3e1f0f87c3e00000001,78,45,45 0 0 0 0 0 0 0,1798531370
356,6,24182720,1791097961,0x3f62ae0c7ed24dcd2b52c1c224296519b02df00d,3:0 4:0 5:0 6:0 7:0,2500,0x3e1f0f87c3e00000020,71,41,41 0 0 0 0 0 0 0,1798532470
355,6,24182741,1791097971,0x65d3f783f7a9f2a30cf70a8b3f6789fe98779086,3:0 4:0 5:0 6:0 7:0,2500,0x3e1f0f87c3e00000020,37,22,22 0 0 0 0 0 0 0,1798531370
356,7,24182753,1791097977,0x3f62ae0c7ed24dcd2b52c1c224296519b02df00d,3:0 4:0 5:0 6:0 7:0,2500,0x3e1f0f87c3e0000000f,49,30,30 0 0 0 0 0 0 0,1798532470
354,5,24182784,1791097993,0x65d3f783f7a9f2a30cf70a8b3f6789fe98779086,3:0 4:0 5:0 6:0 7:0,2500,0x3e1f0f87c3e00000001,70,40,40 0 0 0 0 0 0 0,1798531317
187,149,24182865,1791098034,0x65d3f783f7a9f2a30cf70a8b3f6789fe98779086,3:0 4:0 5:0 6:0 7:0,2500,0x3e1f0f87c3e00000012,60,35,35 0 0 0 0 0 0 0,1796066394
354,6,24182901,1791098053,0x65d3f783f7a9f2a30cf70a8b3f6789fe98779086,3:0 4:0 5:0 6:0 7:0,2500,0x3e1f0f87c3e00000020,45,27,27 0 0 0 0 0 0 0,1798531317
353,6,24182943,1791098074,0x65d3f783f7a9f2a30cf70a8b3f6789fe98779086,3:0 4:0 5:0 6:0 7:0,2500,0x3e1f0f87c3e00000020,71,41,41 0 0 0 0 0 0 0,1798531254
364,10,24192129,1791102734,0x27f48de5e0605da8b2a52ddfd06f6d273b804336,3:0 4:0 5:0 6:0 7:0,2500,0x3e1f0f87c3e00000033,61,35,35 0 0 0 0 0 0 0,1798572728
357,6,24196780,1791105094,0x3f62ae0c7ed24dcd2b52c1c224296519b02df00d,3:0 4:0 5:0 6:0 7:0,2500,0x3e1f0f87c3e00000020,71,41,41 0 0 0 0 0 0 0,1798532804
357,7,24196802,1791105105,0x3f62ae0c7ed24dcd2b52c1c224296519b02df00d,3:0 4:0 5:0 6:0 7:0,2500,0x3e1f0f87c3e0000000f,49,30,30 0 0 0 0 0 0 0,1798532804
357,8,24196826,1791105118,0x3f62ae0c7ed24dcd2b52c1c224296519b02df00d,3:0 4:0 5:0 6:0 7:0,2500,0x3e1f0f87c3e00000027,71,41,41 0 0 0 0 0 0 0,1798532804
358,6,24196859,1791105134,0x3f62ae0c7ed24dcd2b52c1c224296519b02df00d,3:0 4:0 5:0 6:0 7:0,2500,0x3e1f0f87c3e00000020,71,41,41 0 0 0 0 0 0 0,1798533023
358,7,24196878,1791105144,0x3f62ae0c7ed24dcd2b52c1c224296519b02df00d,3:0 4:0 5:0 6:0 7:0,2500,0x3e1f0f87c3e0000000f,49,30,30 0 0 0 0 0 0 0,1798533023
12,11,24198444,1791105939,0xc0e1ff5b6ec47f15aebfe859b8ab4a566fe61752,3:0 4:0 5:0 6:0 7:0,2500,0x3e1f0f87c3e0000000b,69,40,40 0 0 0 0 0 0 0,1793697939
9,8,24202795,1791108146,0x9e366c1405f7951431dbdeb53dcd57db342f55c4,3:0 4:0 5:0 6:0 7:0,2500,0x3e1f0f87c3e00000027,54,32,32 0 0 0 0 0 0 0,1793700146
9,9,24202863,1791108181,0x9e366c1405f7951431dbdeb53dcd57db342f55c4,3:0 4:0 5:0 6:0 7:0,2500,0x3e1f0f87c3e0000001a,61,35,35 0 0 0 0 0 0 0,1793700181
351,13,24224266,1791119040,0x81b4bf458a73ea46fadd46ee8236e5f94c4eb8e0,3:0 4:0 5:0 6:0 7:0,2500,0x3e1f0f87c3e0000000b,71,41,41 0 0 0 0 0 0 0,1798518353
360,9,24224271,1791119042,0x81b4bf458a73ea46fadd46ee8236e5f94c4eb8e0,3:0 4:0 5:0 6:0 7:0,2500,0x3e1f0f87c3e0000001a,71,41,41 0 0 0 0 0 0 0,1798540642
366,5,24224275,1791119044,0x81b4bf458a73ea46fadd46ee8236e5f94c4eb8e0,3:0 4:0 5:0 6:0 7:0,2500,0x3e1f0f87c3e00000001,37,22,22 0 0 0 0 0 0 0,1798630163
175,9,24232441,1791123188,0x224e633c9632a51de2f6225a7620dc46b2d58b08,3:0 4:0 5:0 6:0 7:0,2500,0x3e1f0f87c3e0000001a,46,27,27 0 0 0 0 0 0 0,1793715188
177,7,24232468,1791123201,0x224e633c9632a51de2f6225a7620dc46b2d58b08,3:0 4:0 5:0 6:0 7:0,2500,0x3e1f0f87c3e0000000f,52,30,30 0 0 0 0 0 0 0,1793715201
181,7,24232492,1791123214,0x224e633c9632a51de2f6225a7620dc46b2d58b08,3:0 4:0 5:0 6:0 7:0,2500,0x3e1f0f87c3e0000000f,45,27,27 0 0 0 0 0 0 0,1793715214
285,62,24232598,1791123267,0x224e633c9632a51de2f6225a7620dc46b2d58b08,pheromone,0,0x1fc2,8,5,5 0 0 0 0 0 0 0,1793747482
364,11,24255092,1791134681,0x27f48de5e0605da8b2a52ddfd06f6d273b804336,3:0 4:0 5:0 6:0 7:0,2500,0x3e1f0f87c3e0000000b,59,36,36 0 0 0 0 0 0 0,1798572728
12,12,24305489,1791160252,0xc0e1ff5b6ec47f15aebfe859b8ab4a566fe61752,4:0 5:0 6:0 7:0 8:0,2500,0x7c3e1f0f87c0000000025,44,26,26 0 0 0 0 0 0 0,1793752252
372,2,24305502,1791160259,0xc0e1ff5b6ec47f15aebfe859b8ab4a566fe61752,4:0 5:0 6:0 7:0 8:0,2500,0x7c3e1f0f87c000000003b,43,26,26 0 0 0 0 0 0 0,1798732865
199,10,24311421,1791163262,0x0b1ba22af3fb3ad6247ba5d4413b6649edd40819,4:0 5:0 6:0 7:0 8:0,2500,0x7c3e1f0f87c0000000027,51,30,30 0 0 0 0 0 0 0,1793755262
328,21,24311434,1791163268,0x0b1ba22af3fb3ad6247ba5d4413b6649edd40819,4:0 5:0 6:0 7:0 8:0,2500,0x7c3e1f0f87c0000000034,58,34,34 0 0 0 0 0 0 0,1793755268
350,11,24311845,1791163477,0x3f62ae0c7ed24dcd2b52c1c224296519b02df00d,4:0 5:0 6:0 7:0 8:0,2500,0x7c3e1f0f87c000000002c,50,29,29 0 0 0 0 0 0 0,1798516477
350,12,24311863,1791163486,0x3f62ae0c7ed24dcd2b52c1c224296519b02df00d,4:0 5:0 6:0 7:0 8:0,2500,0x7c3e1f0f87c0000000025,60,35,35 0 0 0 0 0 0 0,1798516477
349,10,24311914,1791163512,0x3f62ae0c7ed24dcd2b52c1c224296519b02df00d,4:0 5:0 6:0 7:0 8:0,2500,0x7c3e1f0f87c0000000027,58,34,34 0 0 0 0 0 0 0,1798516237
349,11,24311931,1791163521,0x3f62ae0c7ed24dcd2b52c1c224296519b02df00d,4:0 5:0 6:0 7:0 8:0,2500,0x7c3e1f0f87c000000002c,52,30,30 0 0 0 0 0 0 0,1798516237
356,8,24311969,1791163540,0x3f62ae0c7ed24dcd2b52c1c224296519b02df00d,4:0 5:0 6:0 7:0 8:0,2500,0x7c3e1f0f87c000000003f,70,40,40 0 0 0 0 0 0 0,1798532470
356,9,24311987,1791163549,0x3f62ae0c7ed24dcd2b52c1c224296519b02df00d,4:0 5:0 6:0 7:0 8:0,2500,0x7c3e1f0f87c0000000007,50,29,29 0 0 0 0 0 0 0,1798532470
356,10,24312009,1791163560,0x3f62ae0c7ed24dcd2b52c1c224296519b02df00d,4:0 5:0 6:0 7:0 8:0,2500,0x7c3e1f0f87c0000000027,60,35,35 0 0 0 0 0 0 0,1798532470
357,9,24312033,1791163572,0x3f62ae0c7ed24dcd2b52c1c224296519b02df00d,4:0 5:0 6:0 7:0 8:0,2500,0x7c3e1f0f87c0000000007,50,29,29 0 0 0 0 0 0 0,1798532804
357,10,24312052,1791163582,0x3f62ae0c7ed24dcd2b52c1c224296519b02df00d,4:0 5:0 6:0 7:0 8:0,2500,0x7c3e1f0f87c0000000027,70,40,40 0 0 0 0 0 0 0,1798532804
358,8,24312079,1791163596,0x3f62ae0c7ed24dcd2b52c1c224296519b02df00d,4:0 5:0 6:0 7:0 8:0,2500,0x7c3e1f0f87c000000003f,70,40,40 0 0 0 0 0 0 0,1798533023
358,9,24312096,1791163604,0x3f62ae0c7ed24dcd2b52c1c224296519b02df00d,4:0 5:0 6:0 7:0 8:0,2500,0x7c3e1f0f87c0000000007,50,29,29 0 0 0 0 0 0 0,1798533023
358,10,24312113,1791163613,0x3f62ae0c7ed24dcd2b52c1c224296519b02df00d,4:0 5:0 6:0 7:0 8:0,2500,0x7c3e1f0f87c0000000027,60,35,35 0 0 0 0 0 0 0,1798533023
213,10,24316183,1791165678,0xccde496b83c644f779e5b6fcc0cc4a5c276fa5d4,4:0 5:0 6:0 7:0 8:0,2500,0x7c3e1f0f87c0000000027,42,25,25 0 0 0 0 0 0 0,1793757678
299,8,24316198,1791165686,0xccde496b83c644f779e5b6fcc0cc4a5c276fa5d4,4:0 5:0 6:0 7:0 8:0,2500,0x7c3e1f0f87c000000003f,44,26,26 0 0 0 0 0 0 0,1793757686
185,13,24316239,1791165706,0xccde496b83c644f779e5b6fcc0cc4a5c276fa5d4,pheromone,0,0x1fcd,18,10,10 0 0 0 0 0 0 0,1793757706
185,14,24316277,1791165726,0xccde496b83c644f779e5b6fcc0cc4a5c276fa5d4,pheromone,0,0x1fe7,27,15,15 0 0 0 0 0 0 0,1793757726
341,3,24316490,1791165834,0xccde496b83c644f779e5b6fcc0cc4a5c276fa5d4,4:0 5:0 6:0 7:0 8:0,2500,0x7c3e1f0f87c0000000021,35,21,21 0 0 0 0 0 0 0,1798505962
98,4,24318016,1791166608,0xd47b82d470587f09fb76525e7e929242756e6aec,4:0 5:0 6:0 7:0 8:0,2500,0x7c3e1f0f87c0000000031,50,29,29 0 0 0 0 0 0 0,1793758608
88,2,24318076,1791166638,0xd47b82d470587f09fb76525e7e929242756e6aec,4:0 5:0 6:0 7:0 8:0,2500,0x7c3e1f0f87c000000003b,50,29,29 0 0 0 0 0 0 0,1793758638
31,34,24318971,1791167093,0xac79fd6008b971723d16974cdb23ad70ecc00bee,4:0 5:0 6:0 7:0 8:0,2500,0x7c3e1f0f87c000000001f,62,35,35 0 0 0 0 0 0 0,1793759093
187,150,24322665,1791168967,0x65d3f783f7a9f2a30cf70a8b3f6789fe98779086,4:0 5:0 6:0 7:0 8:0,2500,0x7c3e1f0f87c0000000001,44,26,26 0 0 0 0 0 0 0,1796066394
187,151,24322705,1791168987,0x65d3f783f7a9f2a30cf70a8b3f6789fe98779086,4:0 5:0 6:0 7:0 8:0,2500,0x7c3e1f0f87c0000000032,72,42,42 0 0 0 0 0 0 0,1796066394
286,49,24322745,1791169008,0x65d3f783f7a9f2a30cf70a8b3f6789fe98779086,4:0 5:0 6:0 7:0 8:0,2500,0x7c3e1f0f87c0000000012,65,39,39 0 0 0 0 0 0 0,1793985151
286,50,24322785,1791169028,0x65d3f783f7a9f2a30cf70a8b3f6789fe98779086,4:0 5:0 6:0 7:0 8:0,2500,0x7c3e1f0f87c0000000038,60,34,34 0 0 0 0 0 0 0,1793985151
286,51,24322825,1791169048,0x65d3f783f7a9f2a30cf70a8b3f6789fe98779086,4:0 5:0 6:0 7:0 8:0,2500,0x7c3e1f0f87c0000000002,60,35,35 0 0 0 0 0 0 0,1793985151
287,49,24322865,1791169068,0x65d3f783f7a9f2a30cf70a8b3f6789fe98779086,4:0 5:0 6:0 7:0 8:0,2500,0x7c3e1f0f87c0000000012,65,39,39 0 0 0 0 0 0 0,1793985170
287,50,24322905,1791169089,0x65d3f783f7a9f2a30cf70a8b3f6789fe98779086,4:0 5:0 6:0 7:0 8:0,2500,0x7c3e1f0f87c0000000038,50,29,29 0 0 0 0 0 0 0,1793985170
287,51,24322945,1791169109,0x65d3f783f7a9f2a30cf70a8b3f6789fe98779086,4:0 5:0 6:0 7:0 8:0,2500,0x7c3e1f0f87c0000000002,60,35,35 0 0 0 0 0 0 0,1793985170
353,7,24322985,1791169129,0x65d3f783f7a9f2a30cf70a8b3f6789fe98779086,4:0 5:0 6:0 7:0 8:0,2500,0x7c3e1f0f87c0000000028,47,29,29 0 0 0 0 0 0 0,1798531254
353,8,24323025,1791169149,0x65d3f783f7a9f2a30cf70a8b3f6789fe98779086,4:0 5:0 6:0 7:0 8:0,2500,0x7c3e1f0f87c000000003f,78,44,44 0 0 0 0 0 0 0,1798531254
353,9,24323065,1791169170,0x65d3f783f7a9f2a30cf70a8b3f6789fe98779086,4:0 5:0 6:0 7:0 8:0,2500,0x7c3e1f0f87c0000000007,42,25,25 0 0 0 0 0 0 0,1798531254
354,7,24323126,1791169201,0x65d3f783f7a9f2a30cf70a8b3f6789fe98779086,4:0 5:0 6:0 7:0 8:0,2500,0x7c3e1f0f87c0000000028,64,38,38 0 0 0 0 0 0 0,1798531317
354,8,24323201,1791169239,0x65d3f783f7a9f2a30cf70a8b3f6789fe98779086,4:0 5:0 6:0 7:0 8:0,2500,0x7c3e1f0f87c000000003f,61,35,35 0 0 0 0 0 0 0,1798531317
355,7,24323240,1791169259,0x65d3f783f7a9f2a30cf70a8b3f6789fe98779086,4:0 5:0 6:0 7:0 8:0,2500,0x7c3e1f0f87c0000000028,67,39,39 0 0 0 0 0 0 0,1798531370
355,8,24323280,1791169279,0x65d3f783f7a9f2a30cf70a8b3f6789fe98779086,4:0 5:0 6:0 7:0 8:0,2500,0x7c3e1f0f87c000000003f,48,29,29 0 0 0 0 0 0 0,1798531370
359,7,24323320,1791169299,0x65d3f783f7a9f2a30cf70a8b3f6789fe98779086,4:0 5:0 6:0 7:0 8:0,2500,0x7c3e1f0f87c0000000028,64,38,38 0 0 0 0 0 0 0,1798535021
359,8,24323340,1791169310,0x65d3f783f7a9f2a30cf70a8b3f6789fe98779086,4:0 5:0 6:0 7:0 8:0,2500,0x7c3e1f0f87c000000003f,61,35,35 0 0 0 0 0 0 0,1798535021
215,14,24323435,1791169357,0x979358182743d44831696146a36aecf1ebbe7325,4:0 5:0 6:0 7:0 8:0,2500,0x7c3e1f0f87c0000000020,55,34,34 0 0 0 0 0 0 0,1793761357
365,5,24323502,1791169391,0x979358182743d44831696146a36aecf1ebbe7325,4:0 5:0 6:0 7:0 8:0,2500,0x7c3e1f0f87c0000000027,50,30,30 0 0 0 0 0 0 0,1798602454
365,6,24323965,1791169626,0x979358182743d44831696146a36aecf1ebbe7325,4:0 5:0 6:0 7:0 8:0,2500,0x7c3e1f0f87c0000000007,65,38,38 0 0 0 0 0 0 0,1798602454
365,7,24330080,1791172729,0x979358182743d44831696146a36aecf1ebbe7325,4:0 5:0 6:0 7:0 8:0,2500,0x7c3e1f0f87c0000000028,60,35,35 0 0 0 0 0 0 0,1798602454
215,15,24330521,1791172953,0x979358182743d44831696146a36aecf1ebbe7325,4:0 5:0 6:0 7:0 8:0,2500,0x7c3e1f0f87c0000000026,60,34,34 0 0 0 0 0 0 0,1793764953
169,9,24331988,1791173697,0x52c2947e6df632d9be6323f7fee666e95e4aa386,4:0 5:0 6:0 7:0 8:0,2500,0x7c3e1f0f87c0000000007,75,43,43 0 0 0 0 0 0 0,1793765697
170,8,24332005,1791173706,0x52c2947e6df632d9be6323f7fee666e95e4aa386,4:0 5:0 6:0 7:0 8:0,2500,0x7c3e1f0f87c000000003f,53,30,30 0 0 0 0 0 0 0,1793765706
171,7,24332019,1791173713,0x52c2947e6df632d9be6323f7fee666e95e4aa386,4:0 5:0 6:0 7:0 8:0,2500,0x7c3e1f0f87c0000000028,59,35,35 0 0 0 0 0 0 0,1793765713
169,10,24332082,1791173745,0x52c2947e6df632d9be6323f7fee666e95e4aa386,4:0 5:0 6:0 7:0 8:0,2500,0x7c3e1f0f87c0000000027,45,26,26 0 0 0 0 0 0 0,1793765745
170,9,24332091,1791173749,0x52c2947e6df632d9be6323f7fee666e95e4aa386,4:0 5:0 6:0 7:0 8:0,2500,0x7c3e1f0f87c0000000007,67,39,39 0 0 0 0 0 0 0,1793765749
171,8,24332100,1791173754,0x52c2947e6df632d9be6323f7fee666e95e4aa386,4:0 5:0 6:0 7:0 8:0,2500,0x7c3e1f0f87c000000003f,51,29,29 0 0 0 0 0 0 0,1793765754
172,11,24332567,1791173991,0xed39205dd38074eea517a0e3dbd099b4e4a85af3,4:0 5:0 6:0 7:0 8:0,2500,0x7c3e1f0f87c000000002c,60,34,34 0 0 0 0 0 0 0,1793765991
185,15,24332871,1791174145,0xed39205dd38074eea517a0e3dbd099b4e4a85af3,4:0 5:0 6:0 7:0 8:0,2500,0x7c3e1f0f87c0000000026,58,34,34 0 0 0 0 0 0 0,1793766145
324,12,24333483,1791174456,0x1df89c0350e94575d0e20fd86c12e2a38e4c0ce1,4:0 5:0 6:0 7:0 8:0,2500,0x7c3e1f0f87c0000000025,70,39,39 0 0 0 0 0 0 0,1793766456
215,16,24333987,1791174711,0x1df89c0350e94575d0e20fd86c12e2a38e4c0ce1,pheromone,0,0x1fec,27,15,15 0 0 0 0 0 0 0,1793766711
43,11,24337372,1791176429,0x2f694c711225e97dc71e2a98c0a186ae3e1ad167,4:0 5:0 6:0 7:0 8:0,2500,0x7c3e1f0f87c000000002c,51,30,30 0 0 0 0 0 0 0,1793768429
164,7,24337393,1791176439,0x2f694c711225e97dc71e2a98c0a186ae3e1ad167,4:0 5:0 6:0 7:0 8:0,2500,0x7c3e1f0f87c0000000028,35,21,21 0 0 0 0 0 0 0,1793768439
52,6,24339766,1791177643,0x346790c85882719d3806c1a7933dd7455a4f5b09,4:0 5:0 6:0 7:0 8:0,2500,0x7c3e1f0f87c0000000007,67,39,39 0 0 0 0 0 0 0,1793769643
325,3,24339886,1791177704,0x346790c85882719d3806c1a7933dd7455a4f5b09,4:0 5:0 6:0 7:0 8:0,2500,0x7c3e1f0f87c0000000021,35,21,21 0 0 0 0 0 0 0,1793769704
329,3,24339960,1791177742,0x346790c85882719d3806c1a7933dd7455a4f5b09,4:0 5:0 6:0 7:0 8:0,2500,0x7c3e1f0f87c0000000021,35,21,21 0 0 0 0 0 0 0,1793769742
57,7,24340355,1791177942,0xdb67846763415453a214ab8a9f7c14a0c8c99bed,4:0 5:0 6:0 7:0 8:0,2500,0x7c3e1f0f87c0000000028,70,39,39 0 0 0 0 0 0 0,1793769942
297,4,24340376,1791177953,0xdb67846763415453a214ab8a9f7c14a0c8c99bed,4:0 5:0 6:0 7:0 8:0,2500,0x7c3e1f0f87c0000000031,50,29,29 0 0 0 0 0 0 0,1793769953
326,3,24340393,1791177962,0xdb67846763415453a214ab8a9f7c14a0c8c99bed,4:0 5:0 6:0 7:0 8:0,2500,0x7c3e1f0f87c0000000021,52,31,31 0 0 0 0 0 0 0,1793769962
294,7,24359524,1791187668,0xcd5504897ee44f57fc5d9f06a9cf1ca1d1eac578,4:0 5:0 6:0 7:0 8:0,2500,0x7c3e1f0f87c0000000028,53,31,31 0 0 0 0 0 0 0,1793779668
351,14,24374959,1791195501,0x81b4bf458a73ea46fadd46ee8236e5f94c4eb8e0,4:0 5:0 6:0 7:0 8:0,2500,0x7c3e1f0f87c0000000020,42,25,25 0 0 0 0 0 0 0,1798518353
27,176,24375036,1791195540,0x81b4bf458a73ea46fadd46ee8236e5f94c4eb8e0,4:0 5:0 6:0 7:0 8:0,2500,0x7c3e1f0f87c000000001a,59,35,35 0 0 0 0 0 0 0,1796049150
351,15,24375040,1791195542,0x81b4bf458a73ea46fadd46ee8236e5f94c4eb8e0,4:0 5:0 6:0 7:0 8:0,2500,0x7c3e1f0f87c0000000026,68,39,39 0 0 0 0 0 0 0,1798518353
360,10,24375045,1791195544,0x81b4bf458a73ea46fadd46ee8236e5f94c4eb8e0,4:0 5:0 6:0 7:0 8:0,2500,0x7c3e1f0f87c0000000027,42,25,25 0 0 0 0 0 0 0,1798540642
366,6,24375058,1791195551,0x81b4bf458a73ea46fadd46ee8236e5f94c4eb8e0,4:0 5:0 6:0 7:0 8:0,2500,0x7c3e1f0f87c0000000007,67,39,39 0 0 0 0 0 0 0,1798630163
373,2,24375070,1791195557,0x81b4bf458a73ea46fadd46ee8236e5f94c4eb8e0,4:0 5:0 6:0 7:0 8:0,2500,0x7c3e1f0f87c000000003b,35,21,21 0 0 0 0 0 0 0,1798767055
76,90,24375586,1791195819,0x3f62ae0c7ed24dcd2b52c1c224296519b02df00d,4:0 5:0 6:0 7:0 8:0,2500,0x7c3e1f0f87c000000003e,63,37,37 0 0 0 0 0 0 0,1794800355
76,91,24375606,1791195829,0x3f62ae0c7ed24dcd2b52c1c224296519b02df00d,4:0 5:0 6:0 7:0 8:0,2500,0x7c3e1f0f87c0000000002,52,31,31 0 0 0 0 0 0 0,1794800355
77,192,24375632,1791195842,0x3f62ae0c7ed24dcd2b52c1c224296519b02df00d,4:0 5:0 6:0 7:0 8:0,2500,0x7c3e1f0f87c000000001f,66,38,38 0 0 0 0 0 0 0,1796960445
79,54,24375657,1791195855,0x3f62ae0c7ed24dcd2b52c1c224296519b02df00d,4:0 5:0 6:0 7:0 8:0,2500,0x7c3e1f0f87c000000002e,58,34,34 0 0 0 0 0 0 0,1794001418
79,55,24375673,1791195863,0x3f62ae0c7ed24dcd2b52c1c224296519b02df00d,4:0 5:0 6:0 7:0 8:0,2500,0x7c3e1f0f87c0000000026,52,30,30 0 0 0 0 0 0 0,1794001418
349,12,24375698,1791195876,0x3f62ae0c7ed24dcd2b52c1c224296519b02df00d,4:0 5:0 6:0 7:0 8:0,2500,0x7c3e1f0f87c0000000025,80,47,47 0 0 0 0 0 0 0,1798516237
349,13,24375715,1791195884,0x3f62ae0c7ed24dcd2b52c1c224296519b02df00d,4:0 5:0 6:0 7:0 8:0,2500,0x7c3e1f0f87c000000003e,62,35,35 0 0 0 0 0 0 0,1798516237
350,13,24375738,1791195896,0x3f62ae0c7ed24dcd2b52c1c224296519b02df00d,4:0 5:0 6:0 7:0 8:0,2500,0x7c3e1f0f87c000000003e,82,47,47 0 0 0 0 0 0 0,1798516477
356,11,24375764,1791195909,0x3f62ae0c7ed24dcd2b52c1c224296519b02df00d,4:0 5:0 6:0 7:0 8:0,2500,0x7c3e1f0f87c000000002c,72,42,42 0 0 0 0 0 0 0,1798532470
357,11,24375792,1791195923,0x3f62ae0c7ed24dcd2b52c1c224296519b02df00d,4:0 5:0 6:0 7:0 8:0,2500,0x7c3e1f0f87c000000002c,72,42,42 0 0 0 0 0 0 0,1798532804
357,12,24375809,1791195932,0x3f62ae0c7ed24dcd2b52c1c224296519b02df00d,4:0 5:0 6:0 7:0 8:0,2500,0x7c3e1f0f87c0000000025,60,35,35 0 0 0 0 0 0 0,1798532804
358,11,24375831,1791195943,0x3f62ae0c7ed24dcd2b52c1c224296519b02df00d,4:0 5:0 6:0 7:0 8:0,2500,0x7c3e1f0f87c000000002c,72,42,42 0 0 0 0 0 0 0,1798533023
358,12,24375850,1791195953,0x3f62ae0c7ed24dcd2b52c1c224296519b02df00d,4:0 5:0 6:0 7:0 8:0,2500,0x7c3e1f0f87c0000000025,60,35,35 0 0 0 0 0 0 0,1798533023
187,152,24375923,1791195990,0x65d3f783f7a9f2a30cf70a8b3f6789fe98779086,4:0 5:0 6:0 7:0 8:0,2500,0x7c3e1f0f87c000000003c,70,40,40 0 0 0 0 0 0 0,1796066394
354,9,24375967,1791196012,0x65d3f783f7a9f2a30cf70a8b3f6789fe98779086,4:0 5:0 6:0 7:0 8:0,2500,0x7c3e1f0f87c0000000007,59,34,34 0 0 0 0 0 0 0,1798531317
354,10,24375982,1791196020,0x65d3f783f7a9f2a30cf70a8b3f6789fe98779086,4:0 5:0 6:0 7:0 8:0,2500,0x7c3e1f0f87c0000000027,73,43,43 0 0 0 0 0 0 0,1798531317
355,9,24376005,1791196031,0x65d3f783f7a9f2a30cf70a8b3f6789fe98779086,4:0 5:0 6:0 7:0 8:0,2500,0x7c3e1f0f87c0000000007,67,39,39 0 0 0 0 0 0 0,1798531370
355,10,24376023,1791196041,0x65d3f783f7a9f2a30cf70a8b3f6789fe98779086,4:0 5:0 6:0 7:0 8:0,2500,0x7c3e1f0f87c0000000027,75,43,43 0 0 0 0 0 0 0,1798531370
359,9,24376045,1791196052,0x65d3f783f7a9f2a30cf70a8b3f6789fe98779086,4:0 5:0 6:0 7:0 8:0,2500,0x7c3e1f0f87c0000000007,59,34,34 0 0 0 0 0 0 0,1798535021
359,10,24376060,1791196059,0x65d3f783f7a9f2a30cf70a8b3f6789fe98779086,4:0 5:0 6:0 7:0 8:0,2500,0x7c3e1f0f87c0000000027,73,43,43 0 0 0 0 0 0 0,1798535021
370,3,24379290,1791197698,0x88c58b42f2783131d51a58af7f1a9b491089afeb,4:0 5:0 6:0 7:0 8:0,2500,0x7c3e1f0f87c0000000021,43,26,26 0 0 0 0 0 0 0,1798688669
370,4,24379335,1791197721,0x88c58b42f2783131d51a58af7f1a9b491089afeb,4:0 5:0 6:0 7:0 8:0,2500,0x7c3e1f0f87c0000000031,67,38,38 0 0 0 0 0 0 0,1798688669
370,5,24379349,1791197728,0x88c58b42f2783131d51a58af7f1a9b491089afeb,4:0 5:0 6:0 7:0 8:0,2500,0x7c3e1f0f87c0000000027,43,26,26 0 0 0 0 0 0 0,1798688669
284,17,24380117,1791198118,0x26542d0bc93a63c141a21956337f18773b237882,4:0 5:0 6:0 7:0 8:0,2500,0x7c3e1f0f87c0000000036,52,30,30 0 0 0 0 0 0 0,1793790118
285,63,24380192,1791198156,0x26542d0bc93a63c141a21956337f18773b237882,pheromone,0,0x1fda,27,15,15 0 0 0 0 0 0 0,1793790156
284,18,24380375,1791198249,0x26542d0bc93a63c141a21956337f18773b237882,4:0 5:0 6:0 7:0 8:0,2500,0x7c3e1f0f87c000000001f,58,34,34 0 0 0 0 0 0 0,1793790249
30,23,24392583,1791204443,0xb39e79d3540fc34f516af70574b94d4ef8f885d2,4:0 5:0 6:0 7:0 8:0,2500,0x7c3e1f0f87c000000000e,75,43,43 0 0 0 0 0 0 0,1793796443
216,10,24396047,1791206201,0x08bf056c728966c8d6d3f2acb0ad4be521ed0631,4:0 5:0 6:0 7:0 8:0,2500,0x7c3e1f0f87c0000000027,51,30,30 0 0 0 0 0 0 0,1793798201
219,10,24396071,1791206213,0x08bf056c728966c8d6d3f2acb0ad4be521ed0631,4:0 5:0 6:0 7:0 8:0,2500,0x7c3e1f0f87c0000000027,42,25,25 0 0 0 0 0 0 0,1793798213
296,10,24396101,1791206228,0x08bf056c728966c8d6d3f2acb0ad4be521ed0631,4:0 5:0 6:0 7:0 8:0,2500,0x7c3e1f0f87c0000000027,68,39,39 0 0 0 0 0 0 0,1793798228
369,2,24396129,1791206242,0x08bf056c728966c8d6d3f2acb0ad4be521ed0631,4:0 5:0 6:0 7:0 8:0,2500,0x7c3e1f0f87c000000003b,43,26,26 0 0 0 0 0 0 0,1798678438
55,59,24403880,1791210388,0xac0e67aaaa15dc791153b64df4a9d121dce797e5,4:0 5:0 6:0 7:0 8:0,2500,0x7c3e1f0f87c0000000008,60,34,34 0 0 0 0 0 0 0,1794151120
322,142,24407149,1791212091,0x2122e553875fe2d0e24eb0eb220ea7da258ddd5d,4:0 5:0 6:0 7:0 8:0,2500,0x7c3e1f0f87c0000000008,75,43,43 0 0 0 0 0 0 0,1796113332
322,143,24407271,1791212153,0x2122e553875fe2d0e24eb0eb220ea7da258ddd5d,4:0 5:0 6:0 7:0 8:0,2500,0x7c3e1f0f87c000000003b,35,21,21 0 0 0 0 0 0 0,1796113332
345,4,24407437,1791212237,0xa754afb7549fce6e666bfcd6d4a4064c7d732d0e,4:0 5:0 6:0 7:0 8:0,2500,0x7c3e1f0f87c0000000031,50,30,30 0 0 0 0 0 0 0,1798513371
156,19,24407452,1791212245,0x574b60bc1a42becb1de3972751e9238c26c9cccf,4:0 5:0 6:0 7:0 8:0,2500,0x7c3e1f0f87c000000000b,51,30,30 0 0 0 0 0 0 0,1793804245
158,27,24407475,1791212256,0x574b60bc1a42becb1de3972751e9238c26c9cccf,4:0 5:0 6:0 7:0 8:0,2500,0x7c3e1f0f87c0000000006,42,25,25 0 0 0 0 0 0 0,1793804256
159,16,24407496,1791212267,0x574b60bc1a42becb1de3972751e9238c26c9cccf,4:0 5:0 6:0 7:0 8:0,2500,0x7c3e1f0f87c000000000c,50,29,29 0 0 0 0 0 0 0,1793804267
339,8,24407520,1791212279,0x574b60bc1a42becb1de3972751e9238c26c9cccf,4:0 5:0 6:0 7:0 8:0,2500,0x7c3e1f0f87c000000003f,59,35,35 0 0 0 0 0 0 0,1798499054
14,13,24408084,1791212565,0x1b1829e31d3f85210ea84c2b62f59faa47687c7e,4:0 5:0 6:0 7:0 8:0,2500,0x7c3e1f0f87c000000003e,52,30,30 0 0 0 0 0 0 0,1793804565
300,9,24408129,1791212588,0x1b1829e31d3f85210ea84c2b62f59faa47687c7e,4:0 5:0 6:0 7:0 8:0,2500,0x7c3e1f0f87c0000000007,51,30,30 0 0 0 0 0 0 0,1793804588
349,14,24418414,1791217806,0x3f62ae0c7ed24dcd2b52c1c224296519b02df00d,4:0 5:0 6:0 7:0 8:0,2500,0x7c3e1f0f87c0000000020,63,38,38 0 0 0 0 0 0 0,1798516237
350,14,24418446,1791217822,0x3f62ae0c7ed24dcd2b52c1c224296519b02df00d,4:0 5:0 6:0 7:0 8:0,2500,0x7c3e1f0f87c0000000020,65,39,39 0 0 0 0 0 0 0,1798516477
356,12,24418473,1791217836,0x3f62ae0c7ed24dcd2b52c1c224296519b02df00d,4:0 5:0 6:0 7:0 8:0,2500,0x7c3e1f0f87c0000000025,60,35,35 0 0 0 0 0 0 0,1798532470
357,13,24418503,1791217851,0x3f62ae0c7ed24dcd2b52c1c224296519b02df00d,4:0 5:0 6:0 7:0 8:0,2500,0x7c3e1f0f87c000000003e,50,29,29 0 0 0 0 0 0 0,1798532804
358,13,24418537,1791217869,0x3f62ae0c7ed24dcd2b52c1c224296519b02df00d,4:0 5:0 6:0 7:0 8:0,2500,0x7c3e1f0f87c000000003e,50,29,29 0 0 0 0 0 0 0,1798533023
187,153,24418577,1791217889,0x65d3f783f7a9f2a30cf70a8b3f6789fe98779086,4:0 5:0 6:0 7:0 8:0,2500,0x7c3e1f0f87c0000000018,71,42,42 0 0 0 0 0 0 0,1796066394
286,52,24418604,1791217903,0x65d3f783f7a9f2a30cf70a8b3f6789fe98779086,4:0 5:0 6:0 7:0 8:0,2500,0x7c3e1f0f87c0000000014,50,29,29 0 0 0 0 0 0 0,1793985151
286,53,24418647,1791217924,0x65d3f783f7a9f2a30cf70a8b3f6789fe98779086,4:0 5:0 6:0 7:0 8:0,2500,0x7c3e1f0f87c000000002a,82,48,48 0 0 0 0 0 0 0,1793985151
287,52,24418673,1791217938,0x65d3f783f7a9f2a30cf70a8b3f6789fe98779086,4:0 5:0 6:0 7:0 8:0,2500,0x7c3e1f0f87c0000000014,50,29,29 0 0 0 0 0 0 0,1793985170
287,53,24418694,1791217948,0x65d3f783f7a9f2a30cf70a8b3f6789fe98779086,4:0 5:0 6:0 7:0 8:0,2500,0x7c3e1f0f87c000000002a,82,48,48 0 0 0 0 0 0 0,1793985170
353,10,24418718,1791217960,0x65d3f783f7a9f2a30cf70a8b3f6789fe98779086,4:0 5:0 6:0 7:0 8:0,2500,0x7c3e1f0f87c0000000027,68,39,39 0 0 0 0 0 0 0,1798531254
353,11,24418736,1791217970,0x65d3f783f7a9f2a30cf70a8b3f6789fe98779086,4:0 5:0 6:0 7:0 8:0,2500,0x7c3e1f0f87c000000002c,64,38,38 0 0 0 0 0 0 0,1798531254
354,11,24418758,1791217981,0x65d3f783f7a9f2a30cf70a8b3f6789fe98779086,4:0 5:0 6:0 7:0 8:0,2500,0x7c3e1f0f87c000000002c,59,34,34 0 0 0 0 0 0 0,1798531317
355,11,24418780,1791217992,0x65d3f783f7a9f2a30cf70a8b3f6789fe98779086,4:0 5:0 6:0 7:0 8:0,2500,0x7c3e1f0f87c000000002c,67,39,39 0 0 0 0 0 0 0,1798531370
355,12,24418796,1791218000,0x65d3f783f7a9f2a30cf70a8b3f6789fe98779086,4:0 5:0 6:0 7:0 8:0,2500,0x7c3e1f0f87c0000000025,43,25,25 0 0 0 0 0 0 0,1798531370
359,11,24418819,1791218012,0x65d3f783f7a9f2a30cf70a8b3f6789fe98779086,4:0 5:0 6:0 7:0 8:0,2500,0x7c3e1f0f87c000000002c,59,34,34 0 0 0 0 0 0 0,1798535021
359,12,24418846,1791218026,0x65d3f783f7a9f2a30cf70a8b3f6789fe98779086,4:0 5:0 6:0 7:0 8:0,2500,0x7c3e1f0f87c0000000025,51,30,30 0 0 0 0 0 0 0,1798535021
364,12,24427990,1791222664,0x27f48de5e0605da8b2a52ddfd06f6d273b804336,4:0 5:0 6:0 7:0 8:0,2500,0x7c3e1f0f87c0000000025,67,39,39 0 0 0 0 0 0 0,1798572728
364,13,24428033,1791222686,0x27f48de5e0605da8b2a52ddfd06f6d273b804336,4:0 5:0 6:0 7:0 8:0,2500,0x7c3e1f0f87c000000003e,57,34,34 0 0 0 0 0 0 0,1798572728
364,14,24428334,1791222839,0x27f48de5e0605da8b2a52ddfd06f6d273b804336,4:0 5:0 6:0 7:0 8:0,2500,0x7c3e1f0f87c0000000020,69,39,39 0 0 0 0 0 0 0,1798572728
336,13,24428458,1791222902,0x27f48de5e0605da8b2a52ddfd06f6d273b804336,4:0 5:0 6:0 7:0 8:0,2500,0x7c3e1f0f87c000000003e,59,34,34 0 0 0 0 0 0 0,1798480606
336,14,24428508,1791222927,0x27f48de5e0605da8b2a52ddfd06f6d273b804336,4:0 5:0 6:0 7:0 8:0,2500,0x7c3e1f0f87c0000000020,51,30,30 0 0 0 0 0 0 0,1798480606
285,64,24448338,1791232988,0x27f48de5e0605da8b2a52ddfd06f6d273b804336,4:0 5:0 6:0 7:0 8:0,2500,0x7c3e1f0f87c000000003b,59,35,35 0 0 0 0 0 0 0,1793824988
20,24,24450100,1791233883,0xb528bf440e6c9dad0c15f7e5f4dc75655f7ae27b,4:0 5:0 6:0 7:0 8:0,2500,0x7c3e1f0f87c0000000004,59,34,34 0 0 0 0 0 0 0,1793825883
375,1,24456303,1791237030,0xd8c92b3d755675727c38f102a4be7b939f0ab82d,4:0 5:0 6:0 7:0 8:0,2500,0x7c3e1f0f87c000000003c,35,21,21 0 0 0 0 0 0 0,1799012893
376,1,24460062,1791238937,0xd8c92b3d755675727c38f102a4be7b939f0ab82d,4:0 5:0 6:0 7:0 8:0,2500,0x7c3e1f0f87c000000003c,35,21,21 0 0 0 0 0 0 0,1799014897
27,177,24471327,1791244653,0x81b4bf458a73ea46fadd46ee8236e5f94c4eb8e0,4:0 5:0 6:0 7:0 8:0,2500,0x7c3e1f0f87c0000000015,61,34,34 0 0 0 0 0 0 0,1796049150
351,16,24471340,1791244660,0x81b4bf458a73ea46fadd46ee8236e5f94c4eb8e0,4:0 5:0 6:0 7:0 8:0,2500,0x7c3e1f0f87c000000000c,42,25,25 0 0 0 0 0 0 0,1798518353
360,11,24471352,1791244666,0x81b4bf458a73ea46fadd46ee8236e5f94c4eb8e0,4:0 5:0 6:0 7:0 8:0,2500,0x7c3e1f0f87c000000002c,73,43,43 0 0 0 0 0 0 0,1798540642
366,7,24471363,1791244671,0x81b4bf458a73ea46fadd46ee8236e5f94c4eb8e0,4:0 5:0 6:0 7:0 8:0,2500,0x7c3e1f0f87c0000000028,48,29,29 0 0 0 0 0 0 0,1798630163
373,3,24471370,1791244675,0x81b4bf458a73ea46fadd46ee8236e5f94c4eb8e0,4:0 5:0 6:0 7:0 8:0,2500,0x7c3e1f0f87c0000000021,75,43,43 0 0 0 0 0 0 0,1798767055
169,11,24477808,1791247942,0x52c2947e6df632d9be6323f7fee666e95e4aa386,5:0 6:0 7:0 8:0 1:0,2500,0x7c3e1f0f80000000f8009,73,42,42 0 0 0 0 0 0 0,1793839942
170,10,24477818,1791247947,0x52c2947e6df632d9be6323f7fee666e95e4aa386,5:0 6:0 7:0 8:0 1:0,2500,0x7c3e1f0f80000000f801e,56,33,33 0 0 0 0 0 0 0,1793839947
171,9,24477827,1791247951,0x52c2947e6df632d9be6323f7fee666e95e4aa386,5:0 6:0 7:0 8:0 1:0,2500,0x7c3e1f0f80000000f8004,51,30,30 0 0 0 0 0 0 0,1793839951
169,12,24477906,1791247991,0x52c2947e6df632d9be6323f7fee666e95e4aa386,5:0 6:0 7:0 8:0 1:0,2500,0x7c3e1f0f80000000f803e,46,26,26 0 0 0 0 0 0 0,1793839991
208,10,24480486,1791249300,0xcd5504897ee44f57fc5d9f06a9cf1ca1d1eac578,pheromone,0,0x1fc5,27,15,15 0 0 0 0 0 0 0,1793841300
211,21,24482513,1791250329,0xbcd76fa66f9edc46065f4f27fd634ca15a0b1c72,5:0 6:0 7:0 8:0 1:0,2500,0x7c3e1f0f80000000f8039,63,35,35 0 0 0 0 0 0 0,1793842329
215,17,24482592,1791250369,0x979358182743d44831696146a36aecf1ebbe7325,5:0 6:0 7:0 8:0 1:0,2500,0x7c3e1f0f80000000f8009,61,35,35 0 0 0 0 0 0 0,1793842369
365,8,24482626,1791250386,0x979358182743d44831696146a36aecf1ebbe7325,5:0 6:0 7:0 8:0 1:0,2500,0x7c3e1f0f80000000f8004,52,29,29 0 0 0 0 0 0 0,1798602454
212,32,24482684,1791250416,0xbcd76fa66f9edc46065f4f27fd634ca15a0b1c72,5:0 6:0 7:0 8:0 1:0,2500,0x7c3e1f0f80000000f8020,87,48,48 0 0 0 0 0 0 0,1793842416
211,22,24482905,1791250528,0xbcd76fa66f9edc46065f4f27fd634ca15a0b1c72,5:0 6:0 7:0 8:0 1:0,2500,0x7c3e1f0f80000000f8018,60,34,34 0 0 0 0 0 0 0,1793842528
212,33,24482926,1791250538,0xbcd76fa66f9edc46065f4f27fd634ca15a0b1c72,5:0 6:0 7:0 8:0 1:0,2500,0x7c3e1f0f80000000f8001,36,21,21 0 0 0 0 0 0 0,1793842538
365,9,24484965,1791251573,0x979358182743d44831696146a36aecf1ebbe7325,5:0 6:0 7:0 8:0 1:0,2500,0x7c3e1f0f80000000f8004,61,35,35 0 0 0 0 0 0 0,1798602454
215,18,24485678,1791251935,0x979358182743d44831696146a36aecf1ebbe7325,5:0 6:0 7:0 8:0 1:0,2500,0x7c3e1f0f80000000f8023,62,34,34 0 0 0 0 0 0 0,1793843935
364,15,24488437,1791253334,0x27f48de5e0605da8b2a52ddfd06f6d273b804336,5:0 6:0 7:0 8:0 1:0,2500,0x7c3e1f0f80000000f800b,60,34,34 0 0 0 0 0 0 0,1798572728
375,2,24489994,1791254125,0xd8c92b3d755675727c38f102a4be7b939f0ab82d,5:0 6:0 7:0 8:0 1:0,2500,0x7c3e1f0f80000000f8033,67,38,38 0 0 0 0 0 0 0,1799012893
376,2,24490007,1791254131,0xd8c92b3d755675727c38f102a4be7b939f0ab82d,5:0 6:0 7:0 8:0 1:0,2500,0x7c3e1f0f80000000f8033,67,38,38 0 0 0 0 0 0 0,1799014897
376,3,24493364,1791255834,0xd8c92b3d755675727c38f102a4be7b939f0ab82d,5:0 6:0 7:0 8:0 1:0,2500,0x7c3e1f0f80000000f8027,46,26,26 0 0 0 0 0 0 0,1799014897
365,10,24494576,1791256449,0x979358182743d44831696146a36aecf1ebbe7325,5:0 6:0 7:0 8:0 1:0,2500,0x7c3e1f0f80000000f801e,62,34,34 0 0 0 0 0 0 0,1798602454
141,16,24495761,1791257051,0x88c58b42f2783131d51a58af7f1a9b491089afeb,5:0 6:0 7:0 8:0 1:0,2500,0x7c3e1f0f80000000f8033,61,34,34 0 0 0 0 0 0 0,1793849051
342,6,24495783,1791257062,0x88c58b42f2783131d51a58af7f1a9b491089afeb,5:0 6:0 7:0 8:0 1:0,2500,0x7c3e1f0f80000000f803a,54,31,31 0 0 0 0 0 0 0,1798510026
370,6,24495808,1791257075,0x88c58b42f2783131d51a58af7f1a9b491089afeb,5:0 6:0 7:0 8:0 1:0,2500,0x7c3e1f0f80000000f803a,79,43,43 0 0 0 0 0 0 0,1798688669
374,2,24495830,1791257086,0x88c58b42f2783131d51a58af7f1a9b491089afeb,5:0 6:0 7:0 8:0 1:0,2500,0x7c3e1f0f80000000f8033,54,31,31 0 0 0 0 0 0 0,1798799556
177,8,24495914,1791257128,0x88c58b42f2783131d51a58af7f1a9b491089afeb,pheromone,0,0x1fff,27,15,15 0 0 0 0 0 0 0,1793849128
342,7,24496046,1791257195,0x88c58b42f2783131d51a58af7f1a9b491089afeb,5:0 6:0 7:0 8:0 1:0,2500,0x7c3e1f0f80000000f8002,59,33,33 0 0 0 0 0 0 0,1798510026
342,8,24496067,1791257206,0x88c58b42f2783131d51a58af7f1a9b491089afeb,5:0 6:0 7:0 8:0 1:0,2500,0x7c3e1f0f80000000f8004,54,31,31 0 0 0 0 0 0 0,1798510026
378,1,24496451,1791257401,0x88c58b42f2783131d51a58af7f1a9b491089afeb,5:0 6:0 7:0 8:0 1:0,2500,0x7c3e1f0f80000000f8033,36,21,21 0 0 0 0 0 0 0,1799033384
379,1,24496550,1791257451,0x88c58b42f2783131d51a58af7f1a9b491089afeb,5:0 6:0 7:0 8:0 1:0,2500,0x7c3e1f0f80000000f8033,36,21,21 0 0 0 0 0 0 0,1799033436
213,11,24498071,1791258223,0xccde496b83c644f779e5b6fcc0cc4a5c276fa5d4,5:0 6:0 7:0 8:0 1:0,2500,0x7c3e1f0f80000000f8009,60,34,34 0 0 0 0 0 0 0,1793850223
299,9,24498086,1791258230,0xccde496b83c644f779e5b6fcc0cc4a5c276fa5d4,5:0 6:0 7:0 8:0 1:0,2500,0x7c3e1f0f80000000f8004,77,43,43 0 0 0 0 0 0 0,1793850230
341,4,24498100,1791258238,0xccde496b83c644f779e5b6fcc0cc4a5c276fa5d4,5:0 6:0 7:0 8:0 1:0,2500,0x7c3e1f0f80000000f8003,67,38,38 0 0 0 0 0 0 0,1798505962
213,12,24498298,1791258338,0xccde496b83c644f779e5b6fcc0cc4a5c276fa5d4,5:0 6:0 7:0 8:0 1:0,2500,0x7c3e1f0f80000000f803e,53,30,30 0 0 0 0 0 0 0,1793850338
299,10,24498304,1791258341,0xccde496b83c644f779e5b6fcc0cc4a5c276fa5d4,5:0 6:0 7:0 8:0 1:0,2500,0x7c3e1f0f80000000f801e,36,21,21 0 0 0 0 0 0 0,1793850341
341,5,24498318,1791258348,0xccde496b83c644f779e5b6fcc0cc4a5c276fa5d4,5:0 6:0 7:0 8:0 1:0,2500,0x7c3e1f0f80000000f8038,46,26,26 0 0 0 0 0 0 0,1798505962
380,1,24498581,1791258481,0xccde496b83c644f779e5b6fcc0cc4a5c276fa5d4,5:0 6:0 7:0 8:0 1:0,2500,0x7c3e1f0f80000000f8033,36,21,21 0 0 0 0 0 0 0,1799034414
76,92,24500168,1791259287,0x3f62ae0c7ed24dcd2b52c1c224296519b02df00d,5:0 6:0 7:0 8:0 1:0,2500,0x7c3e1f0f80000000f8013,65,37,37 0 0 0 0 0 0 0,1794800355
187,154,24500176,1791259291,0x65d3f783f7a9f2a30cf70a8b3f6789fe98779086,5:0 6:0 7:0 8:0 1:0,2500,0x7c3e1f0f80000000f8003,42,25,25 0 0 0 0 0 0 0,1796066394
76,93,24500191,1791259299,0x3f62ae0c7ed24dcd2b52c1c224296519b02df00d,5:0 6:0 7:0 8:0 1:0,2500,0x7c3e1f0f80000000f8035,54,31,31 0 0 0 0 0 0 0,1794800355
187,155,24500196,1791259301,0x65d3f783f7a9f2a30cf70a8b3f6789fe98779086,5:0 6:0 7:0 8:0 1:0,2500,0x7c3e1f0f80000000f8009,77,43,43 0 0 0 0 0 0 0,1796066394
77,193,24500228,1791259317,0x3f62ae0c7ed24dcd2b52c1c224296519b02df00d,5:0 6:0 7:0 8:0 1:0,2500,0x7c3e1f0f80000000f8034,56,31,31 0 0 0 0 0 0 0,1796960445
286,54,24500236,1791259321,0x65d3f783f7a9f2a30cf70a8b3f6789fe98779086,5:0 6:0 7:0 8:0 1:0,2500,0x7c3e1f0f80000000f800f,57,33,33 0 0 0 0 0 0 0,1793985151
77,194,24500253,1791259330,0x3f62ae0c7ed24dcd2b52c1c224296519b02df00d,5:0 6:0 7:0 8:0 1:0,2500,0x7c3e1f0f80000000f8036,83,47,47 0 0 0 0 0 0 0,1796960445
77,195,24500274,1791259341,0x3f62ae0c7ed24dcd2b52c1c224296519b02df00d,5:0 6:0 7:0 8:0 1:0,2500,0x7c3e1f0f80000000f8028,51,30,30 0 0 0 0 0 0 0,1796960445
286,55,24500276,1791259342,0x65d3f783f7a9f2a30cf70a8b3f6789fe98779086,5:0 6:0 7:0 8:0 1:0,2500,0x7c3e1f0f80000000f800c,72,40,40 0 0 0 0 0 0 0,1793985151
287,54,24500315,1791259361,0x65d3f783f7a9f2a30cf70a8b3f6789fe98779086,5:0 6:0 7:0 8:0 1:0,2500,0x7c3e1f0f80000000f800f,67,38,38 0 0 0 0 0 0 0,1793985170
79,56,24500315,1791259361,0x3f62ae0c7ed24dcd2b52c1c224296519b02df00d,5:0 6:0 7:0 8:0 1:0,2500,0x7c3e1f0f80000000f800f,69,39,39 0 0 0 0 0 0 0,1794001418
287,55,24500336,1791259372,0x65d3f783f7a9f2a30cf70a8b3f6789fe98779086,5:0 6:0 7:0 8:0 1:0,2500,0x7c3e1f0f80000000f800c,52,30,30 0 0 0 0 0 0 0,1793985170
79,57,24500337,1791259373,0x3f62ae0c7ed24dcd2b52c1c224296519b02df00d,5:0 6:0 7:0 8:0 1:0,2500,0x7c3e1f0f80000000f801a,54,30,30 0 0 0 0 0 0 0,1794001418
287,56,24500356,1791259382,0x65d3f783f7a9f2a30cf70a8b3f6789fe98779086,5:0 6:0 7:0 8:0 1:0,2500,0x7c3e1f0f80000000f800f,66,38,38 0 0 0 0 0 0 0,1793985170
349,15,24500365,1791259387,0x3f62ae0c7ed24dcd2b52c1c224296519b02df00d,5:0 6:0 7:0 8:0 1:0,2500,0x7c3e1f0f80000000f800b,54,30,30 0 0 0 0 0 0 0,1798516237
350,15,24500389,1791259399,0x3f62ae0c7ed24dcd2b52c1c224296519b02df00d,5:0 6:0 7:0 8:0 1:0,2500,0x7c3e1f0f80000000f800b,51,29,29 0 0 0 0 0 0 0,1798516477
353,12,24500396,1791259402,0x65d3f783f7a9f2a30cf70a8b3f6789fe98779086,5:0 6:0 7:0 8:0 1:0,2500,0x7c3e1f0f80000000f803e,60,34,34 0 0 0 0 0 0 0,1798531254
356,13,24500432,1791259421,0x3f62ae0c7ed24dcd2b52c1c224296519b02df00d,5:0 6:0 7:0 8:0 1:0,2500,0x7c3e1f0f80000000f803d,51,29,29 0 0 0 0 0 0 0,1798532470
353,13,24500436,1791259423,0x65d3f783f7a9f2a30cf70a8b3f6789fe98779086,5:0 6:0 7:0 8:0 1:0,2500,0x7c3e1f0f80000000f803d,69,39,39 0 0 0 0 0 0 0,1798531254
357,14,24500471,1791259440,0x3f62ae0c7ed24dcd2b52c1c224296519b02df00d,5:0 6:0 7:0 8:0 1:0,2500,0x7c3e1f0f80000000f8025,57,34,34 0 0 0 0 0 0 0,1798532804
353,14,24500476,1791259443,0x65d3f783f7a9f2a30cf70a8b3f6789fe98779086,5:0 6:0 7:0 8:0 1:0,2500,0x7c3e1f0f80000000f8025,65,38,38 0 0 0 0 0 0 0,1798531254
354,12,24500516,1791259463,0x65d3f783f7a9f2a30cf70a8b3f6789fe98779086,5:0 6:0 7:0 8:0 1:0,2500,0x7c3e1f0f80000000f803e,62,35,35 0 0 0 0 0 0 0,1798531317
358,14,24500522,1791259466,0x3f62ae0c7ed24dcd2b52c1c224296519b02df00d,5:0 6:0 7:0 8:0 1:0,2500,0x7c3e1f0f80000000f8025,73,43,43 0 0 0 0 0 0 0,1798533023
354,13,24500537,1791259474,0x65d3f783f7a9f2a30cf70a8b3f6789fe98779086,5:0 6:0 7:0 8:0 1:0,2500,0x7c3e1f0f80000000f803d,67,38,38 0 0 0 0 0 0 0,1798531317
358,15,24500543,1791259477,0x3f62ae0c7ed24dcd2b52c1c224296519b02df00d,5:0 6:0 7:0 8:0 1:0,2500,0x7c3e1f0f80000000f800b,61,34,34 0 0 0 0 0 0 0,1798533023
355,13,24500577,1791259494,0x65d3f783f7a9f2a30cf70a8b3f6789fe98779086,5:0 6:0 7:0 8:0 1:0,2500,0x7c3e1f0f80000000f803d,75,43,43 0 0 0 0 0 0 0,1798531370
355,14,24500618,1791259515,0x65d3f783f7a9f2a30cf70a8b3f6789fe98779086,5:0 6:0 7:0 8:0 1:0,2500,0x7c3e1f0f80000000f8025,44,25,25 0 0 0 0 0 0 0,1798531370
359,13,24500661,1791259537,0x65d3f783f7a9f2a30cf70a8b3f6789fe98779086,5:0 6:0 7:0 8:0 1:0,2500,0x7c3e1f0f80000000f803d,67,38,38 0 0 0 0 0 0 0,1798535021
31,35,24502556,1791260498,0xd8c92b3d755675727c38f102a4be7b939f0ab82d,5:0 6:0 7:0 8:0 1:0,2500,0x7c3e1f0f80000000f802c,69,39,39 0 0 0 0 0 0 0,1793852498
31,36,24502610,1791260526,0xd8c92b3d755675727c38f102a4be7b939f0ab82d,5:0 6:0 7:0 8:0 1:0,2500,0x7c3e1f0f80000000f803f,44,25,25 0 0 0 0 0 0 0,1793852526
31,37,24504044,1791261253,0xd8c92b3d755675727c38f102a4be7b939f0ab82d,5:0 6:0 7:0 8:0 1:0,2500,0x7c3e1f0f80000000f8006,69,39,39 0 0 0 0 0 0 0,1793853253
247,15,24505413,1791261948,0xd8c92b3d755675727c38f102a4be7b939f0ab82d,pheromone,0,0x1fcb,17,10,10 0 0 0 0 0 0 0,1793853948
181,8,24505486,1791261985,0xd8c92b3d755675727c38f102a4be7b939f0ab82d,pheromone,0,0x1fff,18,10,10 0 0 0 0 0 0 0,1793853985
55,60,24505572,1791262029,0xd8c92b3d755675727c38f102a4be7b939f0ab82d,pheromone,0,0x1ff7,18,10,10 0 0 0 0 0 0 0,1794151120
305,32,24505630,1791262058,0xd8c92b3d755675727c38f102a4be7b939f0ab82d,pheromone,0,0x1fc3,8,5,5 0 0 0 0 0 0 0,1793854058
188,8,24505831,1791262160,0xd8c92b3d755675727c38f102a4be7b939f0ab82d,pheromone,0,0x1fff,27,15,15 0 0 0 0 0 0 0,1793854160
42,18,24517819,1791268243,0x1b25bd7ce0fb701d9aac3fd43fa221ac63e3fb3e,5:0 6:0 7:0 8:0 1:0,2500,0x7c3e1f0f80000000f8023,65,38,38 0 0 0 0 0 0 0,1793860243
215,19,24529428,1791274133,0x979358182743d44831696146a36aecf1ebbe7325,5:0 6:0 7:0 8:0 1:0,2500,0x7c3e1f0f80000000f8006,61,35,35 0 0 0 0 0 0 0,1793866133
55,61,24544408,1791281734,0x82b171ccadf43fc453b428b428693be638d62843,5:0 6:0 7:0 8:0 1:0,2500,0x7c3e1f0f80000000f8001,61,35,35 0 0 0 0 0 0 0,1794151120
185,16,24544513,1791281787,0x82b171ccadf43fc453b428b428693be638d62843,pheromone,0,0x1fec,18,10,10 0 0 0 0 0 0 0,1793873787
215,20,24544594,1791281828,0x82b171ccadf43fc453b428b428693be638d62843,pheromone,0,0x1fc7,18,10,10 0 0 0 0 0 0 0,1793873828
55,62,24544753,1791281908,0x82b171ccadf43fc453b428b428693be638d62843,5:0 6:0 7:0 8:0 1:0,2500,0x7c3e1f0f80000000f8016,52,29,29 0 0 0 0 0 0 0,1794151120
76,94,24552098,1791285635,0x3f62ae0c7ed24dcd2b52c1c224296519b02df00d,5:0 6:0 7:0 8:0 1:0,2500,0x7c3e1f0f80000000f803c,69,38,38 0 0 0 0 0 0 0,1794800355
77,196,24552132,1791285652,0x3f62ae0c7ed24dcd2b52c1c224296519b02df00d,5:0 6:0 7:0 8:0 1:0,2500,0x7c3e1f0f80000000f8013,81,46,46 0 0 0 0 0 0 0,1796960445
79,58,24552182,1791285678,0x3f62ae0c7ed24dcd2b52c1c224296519b02df00d,5:0 6:0 7:0 8:0 1:0,2500,0x7c3e1f0f80000000f800b,59,34,34 0 0 0 0 0 0 0,1794001418
79,59,24552200,1791285687,0x3f62ae0c7ed24dcd2b52c1c224296519b02df00d,5:0 6:0 7:0 8:0 1:0,2500,0x7c3e1f0f80000000f803d,70,39,39 0 0 0 0 0 0 0,1794001418
349,16,24552225,1791285699,0x3f62ae0c7ed24dcd2b52c1c224296519b02df00d,5:0 6:0 7:0 8:0 1:0,2500,0x7c3e1f0f80000000f8033,65,38,38 0 0 0 0 0 0 0,1798516237
350,16,24552251,1791285713,0x3f62ae0c7ed24dcd2b52c1c224296519b02df00d,5:0 6:0 7:0 8:0 1:0,2500,0x7c3e1f0f80000000f8033,72,40,40 0 0 0 0 0 0 0,1798516477
350,17,24552272,1791285723,0x3f62ae0c7ed24dcd2b52c1c224296519b02df00d,5:0 6:0 7:0 8:0 1:0,2500,0x7c3e1f0f80000000f8009,57,33,33 0 0 0 0 0 0 0,1798516477
356,14,24552293,1791285734,0x3f62ae0c7ed24dcd2b52c1c224296519b02df00d,5:0 6:0 7:0 8:0 1:0,2500,0x7c3e1f0f80000000f8025,83,48,48 0 0 0 0 0 0 0,1798532470
357,15,24552319,1791285747,0x3f62ae0c7ed24dcd2b52c1c224296519b02df00d,5:0 6:0 7:0 8:0 1:0,2500,0x7c3e1f0f80000000f800b,67,38,38 0 0 0 0 0 0 0,1798532804
358,16,24552378,1791285777,0x3f62ae0c7ed24dcd2b52c1c224296519b02df00d,5:0 6:0 7:0 8:0 1:0,2500,0x7c3e1f0f80000000f8033,52,30,30 0 0 0 0 0 0 0,1798533023
187,156,24552534,1791285856,0x65d3f783f7a9f2a30cf70a8b3f6789fe98779086,5:0 6:0 7:0 8:0 1:0,2500,0x7c3e1f0f80000000f8009,46,26,26 0 0 0 0 0 0 0,1796066394
286,56,24552568,1791285874,0x65d3f783f7a9f2a30cf70a8b3f6789fe98779086,5:0 6:0 7:0 8:0 1:0,2500,0x7c3e1f0f80000000f800f,56,33,33 0 0 0 0 0 0 0,1793985151
286,57,24552585,1791285882,0x65d3f783f7a9f2a30cf70a8b3f6789fe98779086,5:0 6:0 7:0 8:0 1:0,2500,0x7c3e1f0f80000000f801a,62,35,35 0 0 0 0 0 0 0,1793985151
287,57,24552609,1791285894,0x65d3f783f7a9f2a30cf70a8b3f6789fe98779086,5:0 6:0 7:0 8:0 1:0,2500,0x7c3e1f0f80000000f801a,52,30,30 0 0 0 0 0 0 0,1793985170
353,15,24552747,1791285964,0x65d3f783f7a9f2a30cf70a8b3f6789fe98779086,5:0 6:0 7:0 8:0 1:0,2500,0x7c3e1f0f80000000f800b,63,35,35 0 0 0 0 0 0 0,1798531254
354,14,24552776,1791285979,0x65d3f783f7a9f2a30cf70a8b3f6789fe98779086,5:0 6:0 7:0 8:0 1:0,2500,0x7c3e1f0f80000000f8025,67,39,39 0 0 0 0 0 0 0,1798531317
354,15,24552806,1791285994,0x65d3f783f7a9f2a30cf70a8b3f6789fe98779086,5:0 6:0 7:0 8:0 1:0,2500,0x7c3e1f0f80000000f800b,51,29,29 0 0 0 0 0 0 0,1798531317
355,15,24552830,1791286006,0x65d3f783f7a9f2a30cf70a8b3f6789fe98779086,5:0 6:0 7:0 8:0 1:0,2500,0x7c3e1f0f80000000f800b,74,43,43 0 0 0 0 0 0 0,1798531370
359,14,24552895,1791286039,0x65d3f783f7a9f2a30cf70a8b3f6789fe98779086,5:0 6:0 7:0 8:0 1:0,2500,0x7c3e1f0f80000000f8025,67,39,39 0 0 0 0 0 0 0,1798535021
359,15,24552914,1791286049,0x65d3f783f7a9f2a30cf70a8b3f6789fe98779086,5:0 6:0 7:0 8:0 1:0,2500,0x7c3e1f0f80000000f800b,61,34,34 0 0 0 0 0 0 0,1798535021
271,14,24553191,1791286189,0xd00226b73bab097e97c6df416dc031df7c4b5af1,5:0 6:0 7:0 8:0 1:0,2500,0x7c3e1f0f80000000f8025,59,34,34 0 0 0 0 0 0 0,1793878189
305,33,24553282,1791286236,0xd00226b73bab097e97c6df416dc031df7c4b5af1,pheromone,0,0x1fec,27,15,15 0 0 0 0 0 0 0,1793878236
383,1,24553491,1791286342,0xd00226b73bab097e97c6df416dc031df7c4b5af1,5:0 6:0 7:0 8:0 1:0,2500,0x7c3e1f0f80000000f8033,36,21,21 0 0 0 0 0 0 0,1799062320
172,12,24554578,1791286893,0xed39205dd38074eea517a0e3dbd099b4e4a85af3,5:0 6:0 7:0 8:0 1:0,2500,0x7c3e1f0f80000000f803e,67,39,39 0 0 0 0 0 0 0,1793878893
217,7,24555787,1791287507,0xd14049678140b62b8d5ea1766357b0f3646eb936,5:0 6:0 7:0 8:0 1:0,2500,0x7c3e1f0f80000000f8002,44,25,25 0 0 0 0 0 0 0,1793879507
285,65,24556343,1791287789,0xd14049678140b62b8d5ea1766357b0f3646eb936,pheromone,0,0x1fd6,18,10,10 0 0 0 0 0 0 0,1793879789
364,16,24565983,1791292680,0x27f48de5e0605da8b2a52ddfd06f6d273b804336,5:0 6:0 7:0 8:0 1:0,2500,0x7c3e1f0f80000000f8033,61,34,34 0 0 0 0 0 0 0,1798572728
4,115,24571115,1791295284,0x1a3a0e6f222e823cc8d0f39d87042f88ab763872,5:0 6:0 7:0 8:0 1:0,2500,0x7c3e1f0f80000000f8013,79,43,43 0 0 0 0 0 0 0,1795182546
6,24,24571142,1791295297,0x1a3a0e6f222e823cc8d0f39d87042f88ab763872,5:0 6:0 7:0 8:0 1:0,2500,0x7c3e1f0f80000000f801a,89,49,49 0 0 0 0 0 0 0,1793887297
367,3,24571163,1791295308,0x1a3a0e6f222e823cc8d0f39d87042f88ab763872,5:0 6:0 7:0 8:0 1:0,2500,0x7c3e1f0f80000000f8027,36,21,21 0 0 0 0 0 0 0,1798639287
348,4,24571187,1791295320,0x1a3a0e6f222e823cc8d0f39d87042f88ab763872,5:0 6:0 7:0 8:0 1:0,2500,0x7c3e1f0f80000000f8003,54,31,31 0 0 0 0 0 0 0,1798515310
347,4,24571215,1791295334,0x1a3a0e6f222e823cc8d0f39d87042f88ab763872,5:0 6:0 7:0 8:0 1:0,2500,0x7c3e1f0f80000000f8003,54,31,31 0 0 0 0 0 0 0,1798515017
216,11,24573389,1791296438,0x08bf056c728966c8d6d3f2acb0ad4be521ed0631,5:0 6:0 7:0 8:0 1:0,2500,0x7c3e1f0f80000000f8009,51,29,29 0 0 0 0 0 0 0,1793888438
219,11,24573444,1791296466,0x08bf056c728966c8d6d3f2acb0ad4be521ed0631,5:0 6:0 7:0 8:0 1:0,2500,0x7c3e1f0f80000000f8009,70,39,39 0 0 0 0 0 0 0,1793888466
296,11,24573473,1791296480,0x08bf056c728966c8d6d3f2acb0ad4be521ed0631,5:0 6:0 7:0 8:0 1:0,2500,0x7c3e1f0f80000000f8009,53,30,30 0 0 0 0 0 0 0,1793888480
369,3,24573508,1791296498,0x08bf056c728966c8d6d3f2acb0ad4be521ed0631,5:0 6:0 7:0 8:0 1:0,2500,0x7c3e1f0f80000000f8027,69,38,38 0 0 0 0 0 0 0,1798678438
372,3,24574553,1791297028,0xc0e1ff5b6ec47f15aebfe859b8ab4a566fe61752,5:0 6:0 7:0 8:0 1:0,2500,0x7c3e1f0f80000000f8027,69,38,38 0 0 0 0 0 0 0,1798732865
227,4,24576387,1791297959,0xcf9ca4ebf3ed44342d01d6aa5bd48f61976d16a3,5:0 6:0 7:0 8:0 1:0,2500,0x7c3e1f0f80000000f8003,54,31,31 0 0 0 0 0 0 0,1793889959
185,17,24576480,1791298006,0xcf9ca4ebf3ed44342d01d6aa5bd48f61976d16a3,pheromone,0,0x1fea,27,15,15 0 0 0 0 0 0 0,1793890006
227,5,24577123,1791298332,0xcf9ca4ebf3ed44342d01d6aa5bd48f61976d16a3,5:0 6:0 7:0 8:0 1:0,2500,0x7c3e1f0f80000000f8038,59,33,33 0 0 0 0 0 0 0,1793890332
227,6,24577271,1791298407,0xcf9ca4ebf3ed44342d01d6aa5bd48f61976d16a3,5:0 6:0 7:0 8:0 1:0,2500,0x7c3e1f0f80000000f803a,54,31,31 0 0 0 0 0 0 0,1793890407
27,178,24581370,1791300487,0x81b4bf458a73ea46fadd46ee8236e5f94c4eb8e0,5:0 6:0 7:0 8:0 1:0,2500,0x7c3e1f0f80000000f8010,53,31,30 0 0 0 1 0 0 0,1796049150
351,17,24581376,1791300490,0x81b4bf458a73ea46fadd46ee8236e5f94c4eb8e0,5:0 6:0 7:0 8:0 1:0,2500,0x7c3e1f0f80000000f8009,70,39,39 0 0 0 0 0 0 0,1798518353
360,12,24581383,1791300494,0x81b4bf458a73ea46fadd46ee8236e5f94c4eb8e0,5:0 6:0 7:0 8:0 1:0,2500,0x7c3e1f0f80000000f803e,53,30,30 0 0 0 0 0 0 0,1798540642
366,8,24581390,1791300497,0x81b4bf458a73ea46fadd46ee8236e5f94c4eb8e0,5:0 6:0 7:0 8:0 1:0,2500,0x7c3e1f0f80000000f8004,59,34,34 0 0 0 0 0 0 0,1798630163
373,4,24581400,1791300502,0x81b4bf458a73ea46fadd46ee8236e5f94c4eb8e0,5:0 6:0 7:0 8:0 1:0,2500,0x7c3e1f0f80000000f8003,46,26,26 0 0 0 0 0 0 0,1798767055
336,15,24591441,1791305596,0x27f48de5e0605da8b2a52ddfd06f6d273b804336,5:0 6:0 7:0 8:0 1:0,2500,0x7c3e1f0f80000000f800b,51,29,29 0 0 0 0 0 0 0,1798480606
336,16,24591495,1791305624,0x27f48de5e0605da8b2a52ddfd06f6d273b804336,5:0 6:0 7:0 8:0 1:0,2500,0x7c3e1f0f80000000f8033,72,40,40 0 0 0 0 0 0 0,1798480606
187,157,24592086,1791305924,0x65d3f783f7a9f2a30cf70a8b3f6789fe98779086,5:0 6:0 7:0 8:0 1:0,2500,0x7c3e1f0f80000000f800b,77,43,43 0 0 0 0 0 0 0,1796066394
187,158,24592103,1791305932,0x65d3f783f7a9f2a30cf70a8b3f6789fe98779086,5:0 6:0 7:0 8:0 1:0,2500,0x7c3e1f0f80000000f8011,42,25,25 0 0 0 0 0 0 0,1796066394
354,16,24592144,1791305954,0x65d3f783f7a9f2a30cf70a8b3f6789fe98779086,5:0 6:0 7:0 8:0 1:0,2500,0x7c3e1f0f80000000f8033,72,40,40 0 0 0 0 0 0 0,1798531317
354,17,24592165,1791305964,0x65d3f783f7a9f2a30cf70a8b3f6789fe98779086,5:0 6:0 7:0 8:0 1:0,2500,0x7c3e1f0f80000000f8009,65,37,37 0 0 0 0 0 0 0,1798531317
355,16,24592190,1791305977,0x65d3f783f7a9f2a30cf70a8b3f6789fe98779086,5:0 6:0 7:0 8:0 1:0,2500,0x7c3e1f0f80000000f8033,54,30,30 0 0 0 0 0 0 0,1798531370
355,17,24592215,1791305989,0x65d3f783f7a9f2a30cf70a8b3f6789fe98779086,5:0 6:0 7:0 8:0 1:0,2500,0x7c3e1f0f80000000f8009,93,52,52 0 0 0 0 0 0 0,1798531370
359,16,24592236,1791306000,0x65d3f783f7a9f2a30cf70a8b3f6789fe98779086,5:0 6:0 7:0 8:0 1:0,2500,0x7c3e1f0f80000000f8033,52,30,30 0 0 0 0 0 0 0,1798535021
359,17,24592261,1791306013,0x65d3f783f7a9f2a30cf70a8b3f6789fe98779086,5:0 6:0 7:0 8:0 1:0,2500,0x7c3e1f0f80000000f8009,85,47,47 0 0 0 0 0 0 0,1798535021
349,17,24592317,1791306041,0x3f62ae0c7ed24dcd2b52c1c224296519b02df00d,5:0 6:0 7:0 8:0 1:0,2500,0x7c3e1f0f80000000f8009,64,35,35 0 0 0 0 0 0 0,1798516237
350,18,24592346,1791306056,0x3f62ae0c7ed24dcd2b52c1c224296519b02df00d,5:0 6:0 7:0 8:0 1:0,2500,0x7c3e1f0f80000000f8023,62,35,35 0 0 0 0 0 0 0,1798516477
350,19,24592368,1791306067,0x3f62ae0c7ed24dcd2b52c1c224296519b02df00d,5:0 6:0 7:0 8:0 1:0,2500,0x7c3e1f0f80000000f8006,51,29,29 0 0 0 0 0 0 0,1798516477
356,15,24592391,1791306079,0x3f62ae0c7ed24dcd2b52c1c224296519b02df00d,5:0 6:0 7:0 8:0 1:0,2500,0x7c3e1f0f80000000f800b,51,29,29 0 0 0 0 0 0 0,1798532470
356,16,24592414,1791306090,0x3f62ae0c7ed24dcd2b52c1c224296519b02df00d,5:0 6:0 7:0 8:0 1:0,2500,0x7c3e1f0f80000000f8033,72,40,40 0 0 0 0 0 0 0,1798532470
357,16,24592439,1791306103,0x3f62ae0c7ed24dcd2b52c1c224296519b02df00d,5:0 6:0 7:0 8:0 1:0,2500,0x7c3e1f0f80000000f8033,62,35,35 0 0 0 0 0 0 0,1798532804
357,17,24592461,1791306114,0x3f62ae0c7ed24dcd2b52c1c224296519b02df00d,5:0 6:0 7:0 8:0 1:0,2500,0x7c3e1f0f80000000f8009,71,39,39 0 0 0 0 0 0 0,1798532804
358,17,24592488,1791306128,0x3f62ae0c7ed24dcd2b52c1c224296519b02df00d,5:0 6:0 7:0 8:0 1:0,2500,0x7c3e1f0f80000000f8009,71,39,39 0 0 0 0 0 0 0,1798533023
358,18,24592506,1791306137,0x3f62ae0c7ed24dcd2b52c1c224296519b02df00d,5:0 6:0 7:0 8:0 1:0,2500,0x7c3e1f0f80000000f8023,66,38,38 0 0 0 0 0 0 0,1798533023
324,13,24599590,1791309731,0x1df89c0350e94575d0e20fd86c12e2a38e4c0ce1,5:0 6:0 7:0 8:0 1:0,2500,0x7c3e1f0f80000000f803d,51,30,30 0 0 0 0 0 0 0,1793901731
364,17,24602128,1791311019,0x27f48de5e0605da8b2a52ddfd06f6d273b804336,5:0 6:0 7:0 8:0 1:0,2500,0x7c3e1f0f80000000f8009,52,30,30 0 0 0 0 0 0 0,1798572728
336,17,24603058,1791311491,0x27f48de5e0605da8b2a52ddfd06f6d273b804336,5:0 6:0 7:0 8:0 1:0,2500,0x7c3e1f0f80000000f8009,56,33,33 0 0 0 0 0 0 0,1798480606
74,9,24608402,1791314202,0x74107b9b65801d477d5a7980905beecd72b57a29,5:0 6:0 7:0 8:0 1:0,2500,0x7c3e1f0f80000000f8004,62,35,35 0 0 0 0 0 0 0,1793906202
92,6,24608426,1791314214,0x74107b9b65801d477d5a7980905beecd72b57a29,5:0 6:0 7:0 8:0 1:0,2500,0x7c3e1f0f80000000f803a,56,31,31 0 0 0 0 0 0 0,1793906214
92,7,24609177,1791314595,0x74107b9b65801d477d5a7980905beecd72b57a29,pheromone,0,0x1fd1,18,10,10 0 0 0 0 0 0 0,1793906595
384,1,24609340,1791314678,0x74107b9b65801d477d5a7980905beecd72b57a29,5:0 6:0 7:0 8:0 1:0,2500,0x7c3e1f0f80000000f8033,36,21,21 0 0 0 0 0 0 0,1799090632
169,13,24645946,1791333251,0x52c2947e6df632d9be6323f7fee666e95e4aa386,6:0 7:0 8:0 1:0 2:0,2500,0x7c3e1f00000001f0f8015,79,44,44 0 0 0 0 0 0 0,1793925251
169,14,24645994,1791333275,0x52c2947e6df632d9be6323f7fee666e95e4aa386,6:0 7:0 8:0 1:0 2:0,2500,0x7c3e1f00000001f0f802a,62,35,35 0 0 0 0 0 0 0,1793925275
170,11,24646010,1791333284,0x52c2947e6df632d9be6323f7fee666e95e4aa386,6:0 7:0 8:0 1:0 2:0,2500,0x7c3e1f00000001f0f8026,63,35,35 0 0 0 0 0 0 0,1793925284
171,10,24646024,1791333291,0x52c2947e6df632d9be6323f7fee666e95e4aa386,6:0 7:0 8:0 1:0 2:0,2500,0x7c3e1f00000001f0f8036,64,35,35 0 0 0 0 0 0 0,1793925291
169,15,24646173,1791333366,0x52c2947e6df632d9be6323f7fee666e95e4aa386,6:0 7:0 8:0 1:0 2:0,2500,0x7c3e1f00000001f0f8037,69,39,39 0 0 0 0 0 0 0,1793925366
170,12,24646183,1791333371,0x52c2947e6df632d9be6323f7fee666e95e4aa386,6:0 7:0 8:0 1:0 2:0,2500,0x7c3e1f00000001f0f8023,54,31,31 0 0 0 0 0 0 0,1793925371
171,11,24646193,1791333376,0x52c2947e6df632d9be6323f7fee666e95e4aa386,6:0 7:0 8:0 1:0 2:0,2500,0x7c3e1f00000001f0f8026,53,31,31 0 0 0 0 0 0 0,1793925376
285,66,24646327,1791333444,0x52c2947e6df632d9be6323f7fee666e95e4aa386,pheromone,0,0x1fcb,17,10,10 0 0 0 0 0 0 0,1793925444
55,63,24649471,1791335040,0x82b171ccadf43fc453b428b428693be638d62843,6:0 7:0 8:0 1:0 2:0,2500,0x7c3e1f00000001f0f8038,63,36,36 0 0 0 0 0 0 0,1794151120
55,64,24649502,1791335056,0x82b171ccadf43fc453b428b428693be638d62843,6:0 7:0 8:0 1:0 2:0,2500,0x7c3e1f00000001f0f800e,74,40,40 0 0 0 0 0 0 0,1794151120
365,11,24652838,1791336748,0x979358182743d44831696146a36aecf1ebbe7325,6:0 7:0 8:0 1:0 2:0,2500,0x7c3e1f00000001f0f8026,83,48,48 0 0 0 0 0 0 0,1798602454
365,12,24652933,1791336796,0x979358182743d44831696146a36aecf1ebbe7325,6:0 7:0 8:0 1:0 2:0,2500,0x7c3e1f00000001f0f8023,54,30,30 0 0 0 0 0 0 0,1798602454
215,21,24653021,1791336841,0x979358182743d44831696146a36aecf1ebbe7325,6:0 7:0 8:0 1:0 2:0,2500,0x7c3e1f00000001f0f8010,72,40,40 0 0 0 0 0 0 0,1793928841
76,95,24654532,1791337607,0x3f62ae0c7ed24dcd2b52c1c224296519b02df00d,6:0 7:0 8:0 1:0 2:0,2500,0x7c3e1f00000001f0f8014,56,32,32 0 0 0 0 0 0 0,1794800355
76,96,24654551,1791337617,0x3f62ae0c7ed24dcd2b52c1c224296519b02df00d,6:0 7:0 8:0 1:0 2:0,2500,0x7c3e1f00000001f0f800d,75,42,42 0 0 0 0 0 0 0,1794800355
77,197,24654578,1791337631,0x3f62ae0c7ed24dcd2b52c1c224296519b02df00d,6:0 7:0 8:0 1:0 2:0,2500,0x7c3e1f00000001f0f8027,56,32,32 0 0 0 0 0 0 0,1796960445
77,198,24654597,1791337640,0x3f62ae0c7ed24dcd2b52c1c224296519b02df00d,6:0 7:0 8:0 1:0 2:0,2500,0x7c3e1f00000001f0f8013,61,34,34 0 0 0 0 0 0 0,1796960445
79,60,24654625,1791337655,0x3f62ae0c7ed24dcd2b52c1c224296519b02df00d,6:0 7:0 8:0 1:0 2:0,2500,0x7c3e1f00000001f0f8036,75,43,43 0 0 0 0 0 0 0,1794001418
79,61,24654643,1791337664,0x3f62ae0c7ed24dcd2b52c1c224296519b02df00d,6:0 7:0 8:0 1:0 2:0,2500,0x7c3e1f00000001f0f801f,56,31,31 0 0 0 0 0 0 0,1794001418
349,18,24654670,1791337678,0x3f62ae0c7ed24dcd2b52c1c224296519b02df00d,6:0 7:0 8:0 1:0 2:0,2500,0x7c3e1f00000001f0f8024,61,35,35 0 0 0 0 0 0 0,1798516237
349,19,24654691,1791337688,0x3f62ae0c7ed24dcd2b52c1c224296519b02df00d,6:0 7:0 8:0 1:0 2:0,2500,0x7c3e1f00000001f0f8013,70,39,39 0 0 0 0 0 0 0,1798516237
350,20,24654717,1791337701,0x3f62ae0c7ed24dcd2b52c1c224296519b02df00d,6:0 7:0 8:0 1:0 2:0,2500,0x7c3e1f00000001f0f8002,78,44,44 0 0 0 0 0 0 0,1798516477
356,17,24654743,1791337714,0x3f62ae0c7ed24dcd2b52c1c224296519b02df00d,6:0 7:0 8:0 1:0 2:0,2500,0x7c3e1f00000001f0f8014,61,35,35 0 0 0 0 0 0 0,1798532470
357,18,24654772,1791337730,0x3f62ae0c7ed24dcd2b52c1c224296519b02df00d,6:0 7:0 8:0 1:0 2:0,2500,0x7c3e1f00000001f0f8024,68,39,39 0 0 0 0 0 0 0,1798532804
357,19,24654793,1791337740,0x3f62ae0c7ed24dcd2b52c1c224296519b02df00d,6:0 7:0 8:0 1:0 2:0,2500,0x7c3e1f00000001f0f8013,63,35,35 0 0 0 0 0 0 0,1798532804
358,19,24654815,1791337751,0x3f62ae0c7ed24dcd2b52c1c224296519b02df00d,6:0 7:0 8:0 1:0 2:0,2500,0x7c3e1f00000001f0f8013,71,40,40 0 0 0 0 0 0 0,1798533023
284,19,24654826,1791337757,0x26542d0bc93a63c141a21956337f18773b237882,6:0 7:0 8:0 1:0 2:0,2500,0x7c3e1f00000001f0f8013,60,35,35 0 0 0 0 0 0 0,1793929757
358,20,24654835,1791337761,0x3f62ae0c7ed24dcd2b52c1c224296519b02df00d,6:0 7:0 8:0 1:0 2:0,2500,0x7c3e1f00000001f0f8002,46,26,26 0 0 0 0 0 0 0,1798533023
187,159,24655006,1791337848,0x65d3f783f7a9f2a30cf70a8b3f6789fe98779086,6:0 7:0 8:0 1:0 2:0,2500,0x7c3e1f00000001f0f8008,87,48,48 0 0 0 0 0 0 0,1796066394
286,58,24655030,1791337860,0x65d3f783f7a9f2a30cf70a8b3f6789fe98779086,6:0 7:0 8:0 1:0 2:0,2500,0x7c3e1f00000001f0f8004,61,35,35 0 0 0 0 0 0 0,1793985151
286,59,24655048,1791337869,0x65d3f783f7a9f2a30cf70a8b3f6789fe98779086,6:0 7:0 8:0 1:0 2:0,2500,0x7c3e1f00000001f0f8012,56,31,31 0 0 0 0 0 0 0,1793985151
287,58,24655072,1791337881,0x65d3f783f7a9f2a30cf70a8b3f6789fe98779086,6:0 7:0 8:0 1:0 2:0,2500,0x7c3e1f00000001f0f8004,71,40,40 0 0 0 0 0 0 0,1793985170
353,16,24655109,1791337900,0x65d3f783f7a9f2a30cf70a8b3f6789fe98779086,6:0 7:0 8:0 1:0 2:0,2500,0x7c3e1f00000001f0f8031,62,35,35 0 0 0 0 0 0 0,1798531254
354,18,24655133,1791337912,0x65d3f783f7a9f2a30cf70a8b3f6789fe98779086,6:0 7:0 8:0 1:0 2:0,2500,0x7c3e1f00000001f0f8024,64,36,36 0 0 0 0 0 0 0,1798531317
355,18,24655179,1791337936,0x65d3f783f7a9f2a30cf70a8b3f6789fe98779086,6:0 7:0 8:0 1:0 2:0,2500,0x7c3e1f00000001f0f8024,54,31,31 0 0 0 0 0 0 0,1798531370
359,18,24655210,1791337951,0x65d3f783f7a9f2a30cf70a8b3f6789fe98779086,6:0 7:0 8:0 1:0 2:0,2500,0x7c3e1f00000001f0f8024,54,31,31 0 0 0 0 0 0 0,1798535021
284,20,24655295,1791337995,0x26542d0bc93a63c141a21956337f18773b237882,6:0 7:0 8:0 1:0 2:0,2500,0x7c3e1f00000001f0f8002,71,39,39 0 0 0 0 0 0 0,1793929995
141,17,24661929,1791341361,0x88c58b42f2783131d51a58af7f1a9b491089afeb,6:0 7:0 8:0 1:0 2:0,2500,0x7c3e1f00000001f0f8014,56,31,31 0 0 0 0 0 0 0,1793933361
342,9,24661938,1791341365,0x88c58b42f2783131d51a58af7f1a9b491089afeb,6:0 7:0 8:0 1:0 2:0,2500,0x7c3e1f00000001f0f8005,69,39,39 0 0 0 0 0 0 0,1798510026
370,7,24661947,1791341370,0x88c58b42f2783131d51a58af7f1a9b491089afeb,6:0 7:0 8:0 1:0 2:0,2500,0x7c3e1f00000001f0f800f,38,22,22 0 0 0 0 0 0 0,1798688669
374,3,24661958,1791341375,0x88c58b42f2783131d51a58af7f1a9b491089afeb,6:0 7:0 8:0 1:0 2:0,2500,0x7c3e1f00000001f0f8039,61,34,34 0 0 0 0 0 0 0,1798799556
378,2,24661966,1791341379,0x88c58b42f2783131d51a58af7f1a9b491089afeb,6:0 7:0 8:0 1:0 2:0,2500,0x7c3e1f00000001f0f803c,71,39,39 0 0 0 0 0 0 0,1799033384
379,2,24661978,1791341385,0x88c58b42f2783131d51a58af7f1a9b491089afeb,6:0 7:0 8:0 1:0 2:0,2500,0x7c3e1f00000001f0f803c,71,39,39 0 0 0 0 0 0 0,1799033436
342,10,24662167,1791341482,0x88c58b42f2783131d51a58af7f1a9b491089afeb,6:0 7:0 8:0 1:0 2:0,2500,0x7c3e1f00000001f0f8036,58,32,32 0 0 0 0 0 0 0,1798510026
247,16,24664057,1791342440,0xc7f1dce49db860c865ce34e4eb65dbef625919ef,6:0 7:0 8:0 1:0 2:0,2500,0x7c3e1f00000001f0f8031,89,49,49 0 0 0 0 0 0 0,1793934440
264,9,24664120,1791342472,0xc7f1dce49db860c865ce34e4eb65dbef625919ef,6:0 7:0 8:0 1:0 2:0,2500,0x7c3e1f00000001f0f8005,38,22,22 0 0 0 0 0 0 0,1793934472
335,3,24664180,1791342503,0xc7f1dce49db860c865ce34e4eb65dbef625919ef,6:0 7:0 8:0 1:0 2:0,2500,0x7c3e1f00000001f0f8039,38,22,22 0 0 0 0 0 0 0,1798477744
385,1,24664573,1791342702,0xc7f1dce49db860c865ce34e4eb65dbef625919ef,6:0 7:0 8:0 1:0 2:0,2500,0x7c3e1f00000001f0f802f,38,22,22 0 0 0 0 0 0 0,1799118660
172,13,24665238,1791343040,0xc7f1dce49db860c865ce34e4eb65dbef625919ef,pheromone,0,0x1fcd,27,15,15 0 0 0 0 0 0 0,1793935040
380,2,24670010,1791345461,0xccde496b83c644f779e5b6fcc0cc4a5c276fa5d4,6:0 7:0 8:0 1:0 2:0,2500,0x7c3e1f00000001f0f803c,71,39,39 0 0 0 0 0 0 0,1799034414
386,1,24670700,1791345811,0xc27b2850725c4df379bba8e0d2498c40c37c12e1,6:0 7:0 8:0 1:0 2:0,2500,0x7c3e1f00000001f0f802f,38,22,22 0 0 0 0 0 0 0,1799121753
386,2,24670776,1791345849,0xc27b2850725c4df379bba8e0d2498c40c37c12e1,6:0 7:0 8:0 1:0 2:0,2500,0x7c3e1f00000001f0f803c,79,44,44 0 0 0 0 0 0 0,1799121753
386,3,24670826,1791345875,0xc27b2850725c4df379bba8e0d2498c40c37c12e1,6:0 7:0 8:0 1:0 2:0,2500,0x7c3e1f00000001f0f8039,38,22,22 0 0 0 0 0 0 0,1799121753
216,12,24672147,1791346545,0x08bf056c728966c8d6d3f2acb0ad4be521ed0631,6:0 7:0 8:0 1:0 2:0,2500,0x7c3e1f00000001f0f8023,56,31,31 0 0 0 0 0 0 0,1793938545
219,12,24672173,1791346558,0x08bf056c728966c8d6d3f2acb0ad4be521ed0631,6:0 7:0 8:0 1:0 2:0,2500,0x7c3e1f00000001f0f8023,53,31,31 0 0 0 0 0 0 0,1793938558
296,12,24672231,1791346588,0x08bf056c728966c8d6d3f2acb0ad4be521ed0631,6:0 7:0 8:0 1:0 2:0,2500,0x7c3e1f00000001f0f8023,62,35,35 0 0 0 0 0 0 0,1793938588
369,4,24672265,1791346605,0x08bf056c728966c8d6d3f2acb0ad4be521ed0631,6:0 7:0 8:0 1:0 2:0,2500,0x7c3e1f00000001f0f8027,38,22,22 0 0 0 0 0 0 0,1798678438
27,179,24673561,1791347263,0x81b4bf458a73ea46fadd46ee8236e5f94c4eb8e0,6:0 7:0 8:0 1:0 2:0,2500,0x7c3e1f00000001f0f8019,86,48,48 0 0 0 0 0 0 0,1796049150
351,18,24673568,1791347266,0x81b4bf458a73ea46fadd46ee8236e5f94c4eb8e0,6:0 7:0 8:0 1:0 2:0,2500,0x7c3e1f00000001f0f8024,77,44,44 0 0 0 0 0 0 0,1798518353
360,13,24673578,1791347271,0x81b4bf458a73ea46fadd46ee8236e5f94c4eb8e0,6:0 7:0 8:0 1:0 2:0,2500,0x7c3e1f00000001f0f8015,62,35,35 0 0 0 0 0 0 0,1798540642
366,9,24673591,1791347278,0x81b4bf458a73ea46fadd46ee8236e5f94c4eb8e0,6:0 7:0 8:0 1:0 2:0,2500,0x7c3e1f00000001f0f8005,70,39,39 0 0 0 0 0 0 0,1798630163
373,5,24673605,1791347285,0x81b4bf458a73ea46fadd46ee8236e5f94c4eb8e0,6:0 7:0 8:0 1:0 2:0,2500,0x7c3e1f00000001f0f8039,61,34,34 0 0 0 0 0 0 0,1798767055
365,13,24685348,1791353243,0x979358182743d44831696146a36aecf1ebbe7325,6:0 7:0 8:0 1:0 2:0,2500,0x7c3e1f00000001f0f8015,63,36,36 0 0 0 0 0 0 0,1798602454
9,10,24686250,1791353701,0x9e366c1405f7951431dbdeb53dcd57db342f55c4,6:0 7:0 8:0 1:0 2:0,2500,0x7c3e1f00000001f0f8036,56,32,32 0 0 0 0 0 0 0,1793945701
293,7,24686358,1791353756,0x9e366c1405f7951431dbdeb53dcd57db342f55c4,6:0 7:0 8:0 1:0 2:0,2500,0x7c3e1f00000001f0f800f,48,27,27 0 0 0 0 0 0 0,1793945756
76,97,24691722,1791356478,0x3f62ae0c7ed24dcd2b52c1c224296519b02df00d,6:0 7:0 8:0 1:0 2:0,2500,0x7c3e1f00000001f0f8024,66,37,37 0 0 0 0 0 0 0,1794800355
76,98,24691744,1791356489,0x3f62ae0c7ed24dcd2b52c1c224296519b02df00d,6:0 7:0 8:0 1:0 2:0,2500,0x7c3e1f00000001f0f8036,71,39,39 0 0 0 0 0 0 0,1794800355
77,199,24691771,1791356503,0x3f62ae0c7ed24dcd2b52c1c224296519b02df00d,6:0 7:0 8:0 1:0 2:0,2500,0x7c3e1f00000001f0f8039,56,32,32 0 0 0 0 0 0 0,1796960445
79,62,24691798,1791356517,0x3f62ae0c7ed24dcd2b52c1c224296519b02df00d,6:0 7:0 8:0 1:0 2:0,2500,0x7c3e1f00000001f0f802a,61,35,35 0 0 0 0 0 0 0,1794001418
187,160,24691919,1791356578,0x65d3f783f7a9f2a30cf70a8b3f6789fe98779086,6:0 7:0 8:0 1:0 2:0,2500,0x7c3e1f00000001f0f8037,38,22,22 0 0 0 0 0 0 0,1796066394
187,161,24691941,1791356589,0x65d3f783f7a9f2a30cf70a8b3f6789fe98779086,6:0 7:0 8:0 1:0 2:0,2500,0x7c3e1f00000001f0f801a,97,54,54 0 0 0 0 0 0 0,1796066394
286,60,24691971,1791356604,0x65d3f783f7a9f2a30cf70a8b3f6789fe98779086,6:0 7:0 8:0 1:0 2:0,2500,0x7c3e1f00000001f0f8036,75,43,43 0 0 0 0 0 0 0,1793985151
287,59,24692000,1791356619,0x65d3f783f7a9f2a30cf70a8b3f6789fe98779086,6:0 7:0 8:0 1:0 2:0,2500,0x7c3e1f00000001f0f8012,56,31,31 0 0 0 0 0 0 0,1793985170
287,60,24692021,1791356629,0x65d3f783f7a9f2a30cf70a8b3f6789fe98779086,6:0 7:0 8:0 1:0 2:0,2500,0x7c3e1f00000001f0f8036,95,53,53 0 0 0 0 0 0 0,1793985170
353,17,24692050,1791356644,0x65d3f783f7a9f2a30cf70a8b3f6789fe98779086,6:0 7:0 8:0 1:0 2:0,2500,0x7c3e1f00000001f0f8014,55,31,31 0 0 0 0 0 0 0,1798531254
353,18,24692070,1791356655,0x65d3f783f7a9f2a30cf70a8b3f6789fe98779086,6:0 7:0 8:0 1:0 2:0,2500,0x7c3e1f00000001f0f8024,76,43,43 0 0 0 0 0 0 0,1798531254
354,19,24692100,1791356670,0x65d3f783f7a9f2a30cf70a8b3f6789fe98779086,6:0 7:0 8:0 1:0 2:0,2500,0x7c3e1f00000001f0f8013,53,30,30 0 0 0 0 0 0 0,1798531317
355,19,24692129,1791356684,0x65d3f783f7a9f2a30cf70a8b3f6789fe98779086,6:0 7:0 8:0 1:0 2:0,2500,0x7c3e1f00000001f0f8013,63,35,35 0 0 0 0 0 0 0,1798531370
355,20,24692151,1791356695,0x65d3f783f7a9f2a30cf70a8b3f6789fe98779086,6:0 7:0 8:0 1:0 2:0,2500,0x7c3e1f00000001f0f8002,60,35,35 0 0 0 0 0 0 0,1798531370
359,19,24692175,1791356708,0x65d3f783f7a9f2a30cf70a8b3f6789fe98779086,6:0 7:0 8:0 1:0 2:0,2500,0x7c3e1f00000001f0f8013,63,35,35 0 0 0 0 0 0 0,1798535021
349,20,24694573,1791357924,0x3f62ae0c7ed24dcd2b52c1c224296519b02df00d,6:0 7:0 8:0 1:0 2:0,2500,0x7c3e1f00000001f0f8002,61,35,35 0 0 0 0 0 0 0,1798516237
349,21,24694593,1791357935,0x3f62ae0c7ed24dcd2b52c1c224296519b02df00d,6:0 7:0 8:0 1:0 2:0,2500,0x7c3e1f00000001f0f8010,56,31,31 0 0 0 0 0 0 0,1798516237
350,21,24694632,1791357954,0x3f62ae0c7ed24dcd2b52c1c224296519b02df00d,6:0 7:0 8:0 1:0 2:0,2500,0x7c3e1f00000001f0f8010,53,30,30 0 0 0 0 0 0 0,1798516477
350,22,24694653,1791357965,0x3f62ae0c7ed24dcd2b52c1c224296519b02df00d,6:0 7:0 8:0 1:0 2:0,2500,0x7c3e1f00000001f0f8001,64,36,36 0 0 0 0 0 0 0,1798516477
356,18,24694680,1791357979,0x3f62ae0c7ed24dcd2b52c1c224296519b02df00d,6:0 7:0 8:0 1:0 2:0,2500,0x7c3e1f00000001f0f8024,70,39,39 0 0 0 0 0 0 0,1798532470
357,20,24694712,1791357995,0x3f62ae0c7ed24dcd2b52c1c224296519b02df00d,6:0 7:0 8:0 1:0 2:0,2500,0x7c3e1f00000001f0f8002,54,31,31 0 0 0 0 0 0 0,1798532804
357,21,24694737,1791358008,0x3f62ae0c7ed24dcd2b52c1c224296519b02df00d,6:0 7:0 8:0 1:0 2:0,2500,0x7c3e1f00000001f0f8010,63,35,35 0 0 0 0 0 0 0,1798532804
358,21,24694765,1791358022,0x3f62ae0c7ed24dcd2b52c1c224296519b02df00d,6:0 7:0 8:0 1:0 2:0,2500,0x7c3e1f00000001f0f8010,77,44,44 0 0 0 0 0 0 0,1798533023
31,38,24715161,1791368371,0xd8c92b3d755675727c38f102a4be7b939f0ab82d,6:0 7:0 8:0 1:0 2:0,2500,0x7c3e1f00000001f0f801d,54,31,31 0 0 0 0 0 0 0,1793960371
375,3,24715170,1791368375,0xd8c92b3d755675727c38f102a4be7b939f0ab82d,6:0 7:0 8:0 1:0 2:0,2500,0x7c3e1f00000001f0f8039,48,27,27 0 0 0 0 0 0 0,1799012893
376,4,24715181,1791368381,0xd8c92b3d755675727c38f102a4be7b939f0ab82d,6:0 7:0 8:0 1:0 2:0,2500,0x7c3e1f00000001f0f8027,61,34,34 0 0 0 0 0 0 0,1799014897
381,1,24715190,1791368386,0xd8c92b3d755675727c38f102a4be7b939f0ab82d,6:0 7:0 8:0 1:0 2:0,2500,0x7c3e1f00000001f0f802f,38,22,22 0 0 0 0 0 0 0,1799039307
376,5,24715466,1791368525,0xd8c92b3d755675727c38f102a4be7b939f0ab82d,6:0 7:0 8:0 1:0 2:0,2500,0x7c3e1f00000001f0f8039,66,37,37 0 0 0 0 0 0 0,1799014897
31,39,24715907,1791368749,0xd8c92b3d755675727c38f102a4be7b939f0ab82d,6:0 7:0 8:0 1:0 2:0,2500,0x7c3e1f00000001f0f801e,79,44,44 0 0 0 0 0 0 0,1793960749
31,40,24715943,1791368767,0xd8c92b3d755675727c38f102a4be7b939f0ab82d,6:0 7:0 8:0 1:0 2:0,2500,0x7c3e1f00000001f0f8012,68,39,39 0 0 0 0 0 0 0,1793960767
387,1,24717436,1791369525,0xc7f1dce49db860c865ce34e4eb65dbef625919ef,6:0 7:0 8:0 1:0 2:0,2500,0x7c3e1f00000001f0f802f,38,22,22 0 0 0 0 0 0 0,1799145487
336,18,24721354,1791371513,0x27f48de5e0605da8b2a52ddfd06f6d273b804336,6:0 7:0 8:0 1:0 2:0,2500,0x7c3e1f00000001f0f8024,64,36,36 0 0 0 0 0 0 0,1798480606
364,18,24721408,1791371540,0x27f48de5e0605da8b2a52ddfd06f6d273b804336,6:0 7:0 8:0 1:0 2:0,2500,0x7c3e1f00000001f0f8024,79,44,44 0 0 0 0 0 0 0,1798572728
336,19,24721480,1791371577,0x27f48de5e0605da8b2a52ddfd06f6d273b804336,6:0 7:0 8:0 1:0 2:0,2500,0x7c3e1f00000001f0f8013,73,42,42 0 0 0 0 0 0 0,1798480606
305,34,24724576,1791373148,0xa754afb7549fce6e666bfcd6d4a4064c7d732d0e,6:0 7:0 8:0 1:0 2:0,2500,0x7c3e1f00000001f0f800d,63,36,36 0 0 0 0 0 0 0,1793965148
344,2,24724942,1791373333,0xa754afb7549fce6e666bfcd6d4a4064c7d732d0e,6:0 7:0 8:0 1:0 2:0,2500,0x7c3e1f00000001f0f803c,63,36,36 0 0 0 0 0 0 0,1798481958
306,11,24725003,1791373364,0xa754afb7549fce6e666bfcd6d4a4064c7d732d0e,6:0 7:0 8:0 1:0 2:0,2500,0x7c3e1f00000001f0f8026,61,35,35 0 0 0 0 0 0 0,1793965364
320,10,24725043,1791373385,0xa754afb7549fce6e666bfcd6d4a4064c7d732d0e,6:0 7:0 8:0 1:0 2:0,2500,0x7c3e1f00000001f0f8036,79,44,44 0 0 0 0 0 0 0,1793965385
215,22,24731510,1791376666,0x224e633c9632a51de2f6225a7620dc46b2d58b08,pheromone,0,0x1fed,27,15,15 0 0 0 0 0 0 0,1793968666
76,99,24733794,1791377825,0x3f62ae0c7ed24dcd2b52c1c224296519b02df00d,6:0 7:0 8:0 1:0 2:0,2500,0x7c3e1f00000001f0f801d,62,36,36 0 0 0 0 0 0 0,1794800355
77,200,24733823,1791377839,0x3f62ae0c7ed24dcd2b52c1c224296519b02df00d,6:0 7:0 8:0 1:0 2:0,2500,0x7c3e1f00000001f0f801a,71,39,39 0 0 0 0 0 0 0,1796960445
79,63,24733866,1791377861,0x3f62ae0c7ed24dcd2b52c1c224296519b02df00d,6:0 7:0 8:0 1:0 2:0,2500,0x7c3e1f00000001f0f8038,66,36,36 0 0 0 0 0 0 0,1794001418
79,64,24733888,1791377872,0x3f62ae0c7ed24dcd2b52c1c224296519b02df00d,6:0 7:0 8:0 1:0 2:0,2500,0x7c3e1f00000001f0f800e,71,40,40 0 0 0 0 0 0 0,1794001418
286,61,24733989,1791377924,0x65d3f783f7a9f2a30cf70a8b3f6789fe98779086,6:0 7:0 8:0 1:0 2:0,2500,0x7c3e1f00000001f0f801f,72,40,40 0 0 0 0 0 0 0,1793985151
287,61,24734026,1791377943,0x65d3f783f7a9f2a30cf70a8b3f6789fe98779086,6:0 7:0 8:0 1:0 2:0,2500,0x7c3e1f00000001f0f801f,54,31,31 0 0 0 0 0 0 0,1793985170
353,19,24734066,1791377963,0x65d3f783f7a9f2a30cf70a8b3f6789fe98779086,6:0 7:0 8:0 1:0 2:0,2500,0x7c3e1f00000001f0f8013,55,31,31 0 0 0 0 0 0 0,1798531254
208,11,24740737,1791381347,0x019d9319cbefec30f672fe0f79acd709958ab271,6:0 7:0 8:0 1:0 2:0,2500,0x7c3e1f00000001f0f8026,63,36,36 0 0 0 0 0 0 0,1793973347
185,18,24741472,1791381721,0xed39205dd38074eea517a0e3dbd099b4e4a85af3,6:0 7:0 8:0 1:0 2:0,2500,0x7c3e1f00000001f0f8024,64,36,36 0 0 0 0 0 0 0,1793973721
23,66,24741901,1791381938,0x0349cd3a83006bc4f057f553f221d69bd7a6c504,6:0 7:0 8:0 1:0 2:0,2500,0x7c3e1f00000001f0f801c,46,26,26 0 0 0 0 0 0 0,1794341044
208,12,24742172,1791382076,0x019d9319cbefec30f672fe0f79acd709958ab271,6:0 7:0 8:0 1:0 2:0,2500,0x7c3e1f00000001f0f8023,64,35,35 0 0 0 0 0 0 0,1793974076
208,13,24742199,1791382089,0x019d9319cbefec30f672fe0f79acd709958ab271,6:0 7:0 8:0 1:0 2:0,2500,0x7c3e1f00000001f0f8015,53,31,31 0 0 0 0 0 0 0,1793974089
176,8,24746865,1791384457,0x1ffb740eabe3d5fde7052df1e82a1df6fac2633e,6:0 7:0 8:0 1:0 2:0,2500,0x7c3e1f00000001f0f8007,46,26,26 0 0 0 0 0 0 0,1793976457
205,3,24747169,1791384611,0x1ffb740eabe3d5fde7052df1e82a1df6fac2633e,6:0 7:0 8:0 1:0 2:0,2500,0x7c3e1f00000001f0f8039,54,30,30 0 0 0 0 0 0 0,1793976611
338,3,24747226,1791384640,0x1ffb740eabe3d5fde7052df1e82a1df6fac2633e,6:0 7:0 8:0 1:0 2:0,2500,0x7c3e1f00000001f0f8039,48,27,27 0 0 0 0 0 0 0,1798461389
174,5,24747265,1791384659,0x1ffb740eabe3d5fde7052df1e82a1df6fac2633e,6:0 7:0 8:0 1:0 2:0,2500,0x7c3e1f00000001f0f8039,58,32,32 0 0 0 0 0 0 0,1793976659
173,6,24747312,1791384683,0x1ffb740eabe3d5fde7052df1e82a1df6fac2633e,6:0 7:0 8:0 1:0 2:0,2500,0x7c3e1f00000001f0f8025,48,27,27 0 0 0 0 0 0 0,1793976683
178,6,24747400,1791384728,0x3103136150ed5dde8332551f0be87fcb7131a954,6:0 7:0 8:0 1:0 2:0,2500,0x7c3e1f00000001f0f8025,58,32,32 0 0 0 0 0 0 0,1793976728
179,7,24747415,1791384735,0x3103136150ed5dde8332551f0be87fcb7131a954,6:0 7:0 8:0 1:0 2:0,2500,0x7c3e1f00000001f0f800f,48,27,27 0 0 0 0 0 0 0,1793976735
180,7,24747422,1791384739,0x3103136150ed5dde8332551f0be87fcb7131a954,6:0 7:0 8:0 1:0 2:0,2500,0x7c3e1f00000001f0f800f,56,32,32 0 0 0 0 0 0 0,1793976739
186,7,24747492,1791384774,0x703ca793c3ce69082c70bea3a8fb71cc5bd05155,6:0 7:0 8:0 1:0 2:0,2500,0x7c3e1f00000001f0f800f,38,22,22 0 0 0 0 0 0 0,1793976774
188,9,24747500,1791384779,0x703ca793c3ce69082c70bea3a8fb71cc5bd05155,6:0 7:0 8:0 1:0 2:0,2500,0x7c3e1f00000001f0f8005,48,27,27 0 0 0 0 0 0 0,1793976779
189,5,24747507,1791384782,0x703ca793c3ce69082c70bea3a8fb71cc5bd05155,6:0 7:0 8:0 1:0 2:0,2500,0x7c3e1f00000001f0f8039,48,27,27 0 0 0 0 0 0 0,1793976782
182,10,24747668,1791384864,0x549ae637381f77c13bb0e9308a0d8f56769f4dc4,6:0 7:0 8:0 1:0 2:0,2500,0x7c3e1f00000001f0f8036,65,36,36 0 0 0 0 0 0 0,1793976864
183,10,24747676,1791384868,0x549ae637381f77c13bb0e9308a0d8f56769f4dc4,6:0 7:0 8:0 1:0 2:0,2500,0x7c3e1f00000001f0f8036,55,31,31 0 0 0 0 0 0 0,1793976868
184,6,24747684,1791384872,0x549ae637381f77c13bb0e9308a0d8f56769f4dc4,6:0 7:0 8:0 1:0 2:0,2500,0x7c3e1f00000001f0f8025,38,22,22 0 0 0 0 0 0 0,1793976872
193,5,24747759,1791384910,0xbfdd7a87be2ad35e150fe97ec3e9459cf922296f,6:0 7:0 8:0 1:0 2:0,2500,0x7c3e1f00000001f0f8039,48,27,27 0 0 0 0 0 0 0,1793976910
194,5,24747767,1791384914,0xbfdd7a87be2ad35e150fe97ec3e9459cf922296f,6:0 7:0 8:0 1:0 2:0,2500,0x7c3e1f00000001f0f8039,48,27,27 0 0 0 0 0 0 0,1793976914
195,6,24747783,1791384922,0xbfdd7a87be2ad35e150fe97ec3e9459cf922296f,6:0 7:0 8:0 1:0 2:0,2500,0x7c3e1f00000001f0f8025,38,22,22 0 0 0 0 0 0 0,1793976922
81,69,24748373,1791385221,0x474e45f9d4ddf36287be43ae051c18a994a76b57,6:0 7:0 8:0 1:0 2:0,2500,0x7c3e1f00000001f0f8032,46,27,27 0 0 0 0 0 0 0,1794455100
90,71,24748394,1791385232,0x474e45f9d4ddf36287be43ae051c18a994a76b57,6:0 7:0 8:0 1:0 2:0,2500,0x7c3e1f00000001f0f803d,71,40,40 0 0 0 0 0 0 0,1794476984
196,28,24748412,1791385241,0x474e45f9d4ddf36287be43ae051c18a994a76b57,6:0 7:0 8:0 1:0 2:0,2500,0x7c3e1f00000001f0f8019,71,39,39 0 0 0 0 0 0 0,1793977241
26,69,24748707,1791385391,0x4857faa2ae5bea08aa4ae3665966a0b92dd64af5,6:0 7:0 8:0 1:0 2:0,2500,0x7c3e1f00000001f0f8032,54,31,31 0 0 0 0 0 0 0,1794428903
62,68,24748728,1791385401,0x4857faa2ae5bea08aa4ae3665966a0b92dd64af5,6:0 7:0 8:0 1:0 2:0,2500,0x7c3e1f00000001f0f8030,71,40,40 0 0 0 0 0 0 0,1794410729
86,55,24748743,1791385409,0x4857faa2ae5bea08aa4ae3665966a0b92dd64af5,6:0 7:0 8:0 1:0 2:0,2500,0x7c3e1f00000001f0f801b,64,36,36 0 0 0 0 0 0 0,1794131321
323,13,24754490,1791388324,0x1ffb740eabe3d5fde7052df1e82a1df6fac2633e,6:0 7:0 8:0 1:0 2:0,2500,0x7c3e1f00000001f0f8015,66,36,36 0 0 0 0 0 0 0,1793980324
28,7,24754516,1791388338,0xa9a3dbee74753ccd9b40521d1f92f9cf2f49b9dd,6:0 7:0 8:0 1:0 2:0,2500,0x7c3e1f00000001f0f800f,56,31,31 0 0 0 0 0 0 0,1793980338
41,4,24755255,1791388712,0xe5aac01d46d2aeb58a8ee19c457e2d0d023274f3,6:0 7:0 8:0 1:0 2:0,2500,0x7c3e1f00000001f0f8027,56,32,32 0 0 0 0 0 0 0,1793980712
37,7,24755428,1791388800,0xa372af7cdc7e941d7282db43d98a5a52b3d4b67a,6:0 7:0 8:0 1:0 2:0,2500,0x7c3e1f00000001f0f800f,46,27,27 0 0 0 0 0 0 0,1793980800
276,3,24755437,1791388805,0xa372af7cdc7e941d7282db43d98a5a52b3d4b67a,6:0 7:0 8:0 1:0 2:0,2500,0x7c3e1f00000001f0f8039,56,31,31 0 0 0 0 0 0 0,1793980805
282,2,24755455,1791388814,0x3d23e40495043a4c7509b2d179ee1ad9e3a3a30c,6:0 7:0 8:0 1:0 2:0,2500,0x7c3e1f00000001f0f803c,56,32,32 0 0 0 0 0 0 0,1793980814
45,2,24755610,1791388892,0x5f30161457bc022e0280588a34de9aac6781a2c9,6:0 7:0 8:0 1:0 2:0,2500,0x7c3e1f00000001f0f803c,56,32,32 0 0 0 0 0 0 0,1793980892
45,3,24755794,1791388986,0x5f30161457bc022e0280588a34de9aac6781a2c9,6:0 7:0 8:0 1:0 2:0,2500,0x7c3e1f00000001f0f8039,61,34,34 0 0 0 0 0 0 0,1793980986
41,5,24756785,1791389488,0xe5aac01d46d2aeb58a8ee19c457e2d0d023274f3,6:0 7:0 8:0 1:0 2:0,2500,0x7c3e1f00000001f0f8039,71,39,39 0 0 0 0 0 0 0,1793981488
38,7,24759757,1791390996,0x9fe1c07a4b2ee2842eee679ae719bb23ed341c18,6:0 7:0 8:0 1:0 2:0,2500,0x7c3e1f00000001f0f800f,56,31,31 0 0 0 0 0 0 0,1793982996
47,6,24759791,1791391014,0x9fe1c07a4b2ee2842eee679ae719bb23ed341c18,6:0 7:0 8:0 1:0 2:0,2500,0x7c3e1f00000001f0f8025,63,35,35 0 0 0 0 0 0 0,1793983014
285,67,24759912,1791391075,0x9fe1c07a4b2ee2842eee679ae719bb23ed341c18,pheromone,0,0x1fc8,18,10,10 0 0 0 0 0 0 0,1793983075
36,8,24760236,1791391240,0xf410f5824a53bdeedb76f7d280bccad40538c523,6:0 7:0 8:0 1:0 2:0,2500,0x7c3e1f00000001f0f8007,64,35,35 0 0 0 0 0 0 0,1793983240
181,9,24760324,1791391284,0x9fe1c07a4b2ee2842eee679ae719bb23ed341c18,pheromone,0,0x1fcb,17,10,10 0 0 0 0 0 0 0,1793983284
12,13,24760392,1791391319,0x9fe1c07a4b2ee2842eee679ae719bb23ed341c18,pheromone,0,0x1fcd,18,10,10 0 0 0 0 0 0 0,1793983319
36,9,24760644,1791391447,0xf410f5824a53bdeedb76f7d280bccad40538c523,6:0 7:0 8:0 1:0 2:0,2500,0x7c3e1f00000001f0f8005,53,31,31 0 0 0 0 0 0 0,1793983447
50,7,24763877,1791393087,0xc01dde207a84c71149cde8b3657c5535c208aa20,6:0 7:0 8:0 1:0 2:0,2500,0x7c3e1f00000001f0f800f,66,37,37 0 0 0 0 0 0 0,1793985087
51,3,24764026,1791393162,0xc01dde207a84c71149cde8b3657c5535c208aa20,6:0 7:0 8:0 1:0 2:0,2500,0x7c3e1f00000001f0f8039,46,27,27 0 0 0 0 0 0 0,1793985162
283,2,24764047,1791393173,0xc01dde207a84c71149cde8b3657c5535c208aa20,6:0 7:0 8:0 1:0 2:0,2500,0x7c3e1f00000001f0f803c,38,22,22 0 0 0 0 0 0 0,1793985173
285,68,24764108,1791393204,0xc01dde207a84c71149cde8b3657c5535c208aa20,pheromone,0,0x1ff5,27,15,15 0 0 0 0 0 0 0,1793985204
177,9,24764268,1791393285,0xc01dde207a84c71149cde8b3657c5535c208aa20,pheromone,0,0x1fcb,8,5,5 0 0 0 0 0 0 0,1793985285
208,14,24764335,1791393319,0xc01dde207a84c71149cde8b3657c5535c208aa20,pheromone,0,0x1fe7,18,10,10 0 0 0 0 0 0 0,1793985319
15,31,24765332,1791393825,0xe6e5a8b9c4a0cd805f06b565b6f2857923cc6b11,6:0 7:0 8:0 1:0 2:0,2500,0x7c3e1f00000001f0f8014,89,49,49 0 0 0 0 0 0 0,1793985825
324,14,24768024,1791395191,0x1df89c0350e94575d0e20fd86c12e2a38e4c0ce1,6:0 7:0 8:0 1:0 2:0,2500,0x7c3e1f00000001f0f802a,64,35,35 0 0 0 0 0 0 0,1793987191
288,4,24768120,1791395239,0xaa3b48bac2fedc58a564904d27911392ca1f84ba,6:0 7:0 8:0 1:0 2:0,2500,0x7c3e1f00000001f0f8027,63,36,36 0 0 0 0 0 0 0,1793987239
76,100,24769346,1791395861,0x3f62ae0c7ed24dcd2b52c1c224296519b02df00d,6:0 7:0 8:0 1:0 2:0,2500,0x7c3e1f00000001f0f8008,63,35,35 0 0 0 0 0 0 0,1794800355
76,101,24769367,1791395872,0x3f62ae0c7ed24dcd2b52c1c224296519b02df00d,6:0 7:0 8:0 1:0 2:0,2500,0x7c3e1f00000001f0f803b,66,37,37 0 0 0 0 0 0 0,1794800355
77,201,24769394,1791395886,0x3f62ae0c7ed24dcd2b52c1c224296519b02df00d,6:0 7:0 8:0 1:0 2:0,2500,0x7c3e1f00000001f0f803a,82,46,46 0 0 0 0 0 0 0,1796960445
77,202,24769412,1791395895,0x3f62ae0c7ed24dcd2b52c1c224296519b02df00d,6:0 7:0 8:0 1:0 2:0,2500,0x7c3e1f00000001f0f8003,63,35,35 0 0 0 0 0 0 0,1796960445
79,65,24769437,1791395908,0x3f62ae0c7ed24dcd2b52c1c224296519b02df00d,6:0 7:0 8:0 1:0 2:0,2500,0x7c3e1f00000001f0f802d,68,37,37 0 0 0 0 0 0 0,1794001418
79,66,24769457,1791395918,0x3f62ae0c7ed24dcd2b52c1c224296519b02df00d,6:0 7:0 8:0 1:0 2:0,2500,0x7c3e1f00000001f0f801c,67,39,39 0 0 0 0 0 0 0,1794001418
349,22,24769493,1791395936,0x3f62ae0c7ed24dcd2b52c1c224296519b02df00d,6:0 7:0 8:0 1:0 2:0,2500,0x7c3e1f00000001f0f8001,61,35,35 0 0 0 0 0 0 0,1798516237
349,23,24769513,1791395946,0x3f62ae0c7ed24dcd2b52c1c224296519b02df00d,6:0 7:0 8:0 1:0 2:0,2500,0x7c3e1f00000001f0f8010,62,35,35 0 0 0 0 0 0 0,1798516237
350,23,24769534,1791395957,0x3f62ae0c7ed24dcd2b52c1c224296519b02df00d,6:0 7:0 8:0 1:0 2:0,2500,0x7c3e1f00000001f0f8010,63,35,35 0 0 0 0 0 0 0,1798516477
350,24,24769554,1791395967,0x3f62ae0c7ed24dcd2b52c1c224296519b02df00d,6:0 7:0 8:0 1:0 2:0,2500,0x7c3e1f00000001f0f8029,70,40,40 0 0 0 0 0 0 0,1798516477
356,19,24769581,1791395981,0x3f62ae0c7ed24dcd2b52c1c224296519b02df00d,6:0 7:0 8:0 1:0 2:0,2500,0x7c3e1f00000001f0f8013,61,35,35 0 0 0 0 0 0 0,1798532470
356,20,24769600,1791395990,0x3f62ae0c7ed24dcd2b52c1c224296519b02df00d,6:0 7:0 8:0 1:0 2:0,2500,0x7c3e1f00000001f0f8002,56,31,31 0 0 0 0 0 0 0,1798532470
357,22,24769620,1791396000,0x3f62ae0c7ed24dcd2b52c1c224296519b02df00d,6:0 7:0 8:0 1:0 2:0,2500,0x7c3e1f00000001f0f8001,60,35,35 0 0 0 0 0 0 0,1798532804
358,22,24769644,1791396013,0x3f62ae0c7ed24dcd2b52c1c224296519b02df00d,6:0 7:0 8:0 1:0 2:0,2500,0x7c3e1f00000001f0f8001,46,26,26 0 0 0 0 0 0 0,1798533023
187,162,24769706,1791396044,0x65d3f783f7a9f2a30cf70a8b3f6789fe98779086,6:0 7:0 8:0 1:0 2:0,2500,0x7c3e1f00000001f0f8002,38,22,22 0 0 0 0 0 0 0,1796066394
187,163,24769722,1791396052,0x65d3f783f7a9f2a30cf70a8b3f6789fe98779086,6:0 7:0 8:0 1:0 2:0,2500,0x7c3e1f00000001f0f8007,89,49,49 0 0 0 0 0 0 0,1796066394
354,20,24769764,1791396073,0x65d3f783f7a9f2a30cf70a8b3f6789fe98779086,6:0 7:0 8:0 1:0 2:0,2500,0x7c3e1f00000001f0f8002,70,40,40 0 0 0 0 0 0 0,1798531317
354,21,24769784,1791396084,0x65d3f783f7a9f2a30cf70a8b3f6789fe98779086,6:0 7:0 8:0 1:0 2:0,2500,0x7c3e1f00000001f0f8010,53,30,30 0 0 0 0 0 0 0,1798531317
355,21,24769806,1791396095,0x65d3f783f7a9f2a30cf70a8b3f6789fe98779086,6:0 7:0 8:0 1:0 2:0,2500,0x7c3e1f00000001f0f8010,63,35,35 0 0 0 0 0 0 0,1798531370
355,22,24769826,1791396105,0x65d3f783f7a9f2a30cf70a8b3f6789fe98779086,6:0 7:0 8:0 1:0 2:0,2500,0x7c3e1f00000001f0f8001,56,32,32 0 0 0 0 0 0 0,1798531370
359,20,24769852,1791396118,0x65d3f783f7a9f2a30cf70a8b3f6789fe98779086,6:0 7:0 8:0 1:0 2:0,2500,0x7c3e1f00000001f0f8002,60,35,35 0 0 0 0 0 0 0,1798535021
359,21,24769870,1791396127,0x65d3f783f7a9f2a30cf70a8b3f6789fe98779086,6:0 7:0 8:0 1:0 2:0,2500,0x7c3e1f00000001f0f8010,63,35,35 0 0 0 0 0 0 0,1798535021
141,18,24776562,1791399523,0x88c58b42f2783131d51a58af7f1a9b491089afeb,6:0 7:0 8:0 1:0 2:0,2500,0x7c3e1f00000001f0f8024,61,35,35 0 0 0 0 0 0 0,1793991523
342,11,24776574,1791399529,0x88c58b42f2783131d51a58af7f1a9b491089afeb,6:0 7:0 8:0 1:0 2:0,2500,0x7c3e1f00000001f0f8026,79,44,44 0 0 0 0 0 0 0,1798510026
370,8,24776585,1791399534,0x88c58b42f2783131d51a58af7f1a9b491089afeb,6:0 7:0 8:0 1:0 2:0,2500,0x7c3e1f00000001f0f8007,79,44,44 0 0 0 0 0 0 0,1798688669
374,4,24776597,1791399540,0x88c58b42f2783131d51a58af7f1a9b491089afeb,6:0 7:0 8:0 1:0 2:0,2500,0x7c3e1f00000001f0f8027,56,32,32 0 0 0 0 0 0 0,1798799556
378,3,24776610,1791399547,0x88c58b42f2783131d51a58af7f1a9b491089afeb,6:0 7:0 8:0 1:0 2:0,2500,0x7c3e1f00000001f0f8039,46,27,27 0 0 0 0 0 0 0,1799033384
379,3,24776622,1791399553,0x88c58b42f2783131d51a58af7f1a9b491089afeb,6:0 7:0 8:0 1:0 2:0,2500,0x7c3e1f00000001f0f8039,46,27,27 0 0 0 0 0 0 0,1799033436
294,8,24776959,1791399724,0x88c58b42f2783131d51a58af7f1a9b491089afeb,pheromone,0,0x1fff,18,10,10 0 0 0 0 0 0 0,1793991724
388,1,24777053,1791399772,0x88c58b42f2783131d51a58af7f1a9b491089afeb,6:0 7:0 8:0 1:0 2:0,2500,0x7c3e1f00000001f0f802f,38,22,22 0 0 0 0 0 0 0,1799175748
304,2,24781950,1791402257,0x8d97497483204a504670cdc5e1b3ff8868888888,6:0 7:0 8:0 1:0 2:0,2500,0x7c3e1f00000001f0f803c,38,22,22 0 0 0 0 0 0 0,1793994257
314,2,24782009,1791402286,0x8d97497483204a504670cdc5e1b3ff8868888888,6:0 7:0 8:0 1:0 2:0,2500,0x7c3e1f00000001f0f803c,38,22,22 0 0 0 0 0 0 0,1793994286
92,8,24782054,1791402309,0x8d97497483204a504670cdc5e1b3ff8868888888,pheromone,0,0x1fff,27,15,15 0 0 0 0 0 0 0,1793994309
319,3,24783101,1791402841,0xf5122a7f966ef24b32eeaea1fa4f40bfb281e8d2,6:0 7:0 8:0 1:0 2:0,2500,0x7c3e1f00000001f0f8039,56,32,32 0 0 0 0 0 0 0,1793994841
304,3,24783132,1791402856,0x8d97497483204a504670cdc5e1b3ff8868888888,6:0 7:0 8:0 1:0 2:0,2500,0x7c3e1f00000001f0f8039,79,44,44 0 0 0 0 0 0 0,1793994856
314,3,24783149,1791402865,0x8d97497483204a504670cdc5e1b3ff8868888888,6:0 7:0 8:0 1:0 2:0,2500,0x7c3e1f00000001f0f8039,79,44,44 0 0 0 0 0 0 0,1793994865
347,5,24783172,1791402876,0x8d97497483204a504670cdc5e1b3ff8868888888,6:0 7:0 8:0 1:0 2:0,2500,0x7c3e1f00000001f0f8039,69,39,39 0 0 0 0 0 0 0,1798515017
140,15,24784583,1791403592,0x7d7337fcdefe5771e3280f25c3ba670700e8560c,6:0 7:0 8:0 1:0 2:0,2500,0x7c3e1f00000001f0f8037,54,30,30 0 0 0 0 0 0 0,1793995592
163,12,24784604,1791403603,0x7d7337fcdefe5771e3280f25c3ba670700e8560c,6:0 7:0 8:0 1:0 2:0,2500,0x7c3e1f00000001f0f8023,56,31,31 0 0 0 0 0 0 0,1793995603
140,16,24785008,1791403808,0x7d7337fcdefe5771e3280f25c3ba670700e8560c,6:0 7:0 8:0 1:0 2:0,2500,0x7c3e1f00000001f0f8031,63,36,36 0 0 0 0 0 0 0,1793995808
305,35,24787005,1791404821,0x7d7337fcdefe5771e3280f25c3ba670700e8560c,pheromone,0,0x1fee,18,10,10 0 0 0 0 0 0 0,1793996821
185,19,24787063,1791404851,0x7d7337fcdefe5771e3280f25c3ba670700e8560c,pheromone,0,0x1fc6,18,10,10 0 0 0 0 0 0 0,1793996851
188,10,24787110,1791404875,0x7d7337fcdefe5771e3280f25c3ba670700e8560c,pheromone,0,0x1fc5,8,5,5 0 0 0 0 0 0 0,1793996875
117,4,24787142,1791404891,0x7d7337fcdefe5771e3280f25c3ba670700e8560c,pheromone,0,0x1fc3,8,5,5 0 0 0 0 0 0 0,1793996891
336,20,24812720,1791417869,0x27f48de5e0605da8b2a52ddfd06f6d273b804336,7:0 8:0 1:0 2:0 3:0,2500,0x7c3e00000003e1f0f801e,88,47,47 0 0 0 0 0 0 0,1798480606
364,19,24812877,1791417948,0x27f48de5e0605da8b2a52ddfd06f6d273b804336,7:0 8:0 1:0 2:0 3:0,2500,0x7c3e00000003e1f0f8004,59,32,32 0 0 0 0 0 0 0,1798572728
301,2,24813149,1791418086,0x08b296a897b1c8a033066a34dfde80c66a825d7b,7:0 8:0 1:0 2:0 3:0,2500,0x7c3e00000003e1f0f803a,43,23,23 0 0 0 0 0 0 0,1794010086
302,2,24813166,1791418095,0x08b296a897b1c8a033066a34dfde80c66a825d7b,7:0 8:0 1:0 2:0 3:0,2500,0x7c3e00000003e1f0f803a,43,23,23 0 0 0 0 0 0 0,1794010095
386,4,24813184,1791418104,0xc27b2850725c4df379bba8e0d2498c40c37c12e1,7:0 8:0 1:0 2:0 3:0,2500,0x7c3e00000003e1f0f8034,87,46,46 0 0 0 0 0 0 0,1799121753
386,5,24813238,1791418131,0xc27b2850725c4df379bba8e0d2498c40c37c12e1,7:0 8:0 1:0 2:0 3:0,2500,0x7c3e00000003e1f0f801d,52,28,28 0 0 0 0 0 0 0,1799121753
301,3,24813872,1791418453,0x08b296a897b1c8a033066a34dfde80c66a825d7b,7:0 8:0 1:0 2:0 3:0,2500,0x7c3e00000003e1f0f802d,86,46,46 0 0 0 0 0 0 0,1794010453
302,3,24813895,1791418465,0x08b296a897b1c8a033066a34dfde80c66a825d7b,7:0 8:0 1:0 2:0 3:0,2500,0x7c3e00000003e1f0f802d,86,46,46 0 0 0 0 0 0 0,1794010465
167,16,24815086,1791419069,0x4e4036db402290a8333fc81f2690bec313baa18f,7:0 8:0 1:0 2:0 3:0,2500,0x7c3e00000003e1f0f8016,52,28,28 0 0 0 0 0 0 0,1794011069
389,1,24815293,1791419174,0xc27b2850725c4df379bba8e0d2498c40c37c12e1,7:0 8:0 1:0 2:0 3:0,2500,0x7c3e00000003e1f0f803e,43,23,23 0 0 0 0 0 0 0,1799195150
389,2,24815337,1791419197,0xc27b2850725c4df379bba8e0d2498c40c37c12e1,7:0 8:0 1:0 2:0 3:0,2500,0x7c3e00000003e1f0f803a,86,46,46 0 0 0 0 0 0 0,1799195150
389,3,24815364,1791419210,0xc27b2850725c4df379bba8e0d2498c40c37c12e1,7:0 8:0 1:0 2:0 3:0,2500,0x7c3e00000003e1f0f802d,43,23,23 0 0 0 0 0 0 0,1799195150
365,14,24820159,1791421643,0x979358182743d44831696146a36aecf1ebbe7325,7:0 8:0 1:0 2:0 3:0,2500,0x7c3e00000003e1f0f801c,59,31,31 0 0 0 0 0 0 0,1798602454
365,15,24820387,1791421759,0x979358182743d44831696146a36aecf1ebbe7325,7:0 8:0 1:0 2:0 3:0,2500,0x7c3e00000003e1f0f8019,70,38,38 0 0 0 0 0 0 0,1798602454
141,19,24824568,1791423881,0x88c58b42f2783131d51a58af7f1a9b491089afeb,7:0 8:0 1:0 2:0 3:0,2500,0x7c3e00000003e1f0f8004,80,42,42 0 0 0 0 0 0 0,1794015881
342,12,24824580,1791423886,0x88c58b42f2783131d51a58af7f1a9b491089afeb,7:0 8:0 1:0 2:0 3:0,2500,0x7c3e00000003e1f0f8030,67,36,36 0 0 0 0 0 0 0,1798510026
370,9,24824594,1791423893,0x88c58b42f2783131d51a58af7f1a9b491089afeb,7:0 8:0 1:0 2:0 3:0,2500,0x7c3e00000003e1f0f8001,57,31,31 0 0 0 0 0 0 0,1798688669
374,5,24824607,1791423900,0x88c58b42f2783131d51a58af7f1a9b491089afeb,7:0 8:0 1:0 2:0 3:0,2500,0x7c3e00000003e1f0f801d,69,36,36 0 0 0 0 0 0 0,1798799556
378,4,24824619,1791423906,0x88c58b42f2783131d51a58af7f1a9b491089afeb,7:0 8:0 1:0 2:0 3:0,2500,0x7c3e00000003e1f0f8034,79,41,41 0 0 0 0 0 0 0,1799033384
379,4,24824632,1791423913,0x88c58b42f2783131d51a58af7f1a9b491089afeb,7:0 8:0 1:0 2:0 3:0,2500,0x7c3e00000003e1f0f8034,79,41,41 0 0 0 0 0 0 0,1799033436
388,2,24824645,1791423919,0x88c58b42f2783131d51a58af7f1a9b491089afeb,7:0 8:0 1:0 2:0 3:0,2500,0x7c3e00000003e1f0f803a,77,41,41 0 0 0 0 0 0 0,1799175748
380,3,24827654,1791425446,0xccde496b83c644f779e5b6fcc0cc4a5c276fa5d4,7:0 8:0 1:0 2:0 3:0,2500,0x7c3e00000003e1f0f802d,51,28,28 0 0 0 0 0 0 0,1799034414
213,13,24827893,1791425567,0xccde496b83c644f779e5b6fcc0cc4a5c276fa5d4,7:0 8:0 1:0 2:0 3:0,2500,0x7c3e00000003e1f0f800d,67,36,36 0 0 0 0 0 0 0,1794017567
299,11,24828794,1791426024,0xccde496b83c644f779e5b6fcc0cc4a5c276fa5d4,7:0 8:0 1:0 2:0 3:0,2500,0x7c3e00000003e1f0f8033,87,46,46 0 0 0 0 0 0 0,1794018024
1,4,24829393,1791426328,0x5e7293bbccad7d606add851b1a8887c02d0102ab,7:0 8:0 1:0 2:0 3:0,2500,0x7c3e00000003e1f0f8034,53,28,28 0 0 0 0 0 0 0,1794018328
13,2,24829644,1791426456,0x34e03f26217597a93d19cecee740af1bc3e85b18,7:0 8:0 1:0 2:0 3:0,2500,0x7c3e00000003e1f0f803a,60,33,33 0 0 0 0 0 0 0,1794018456
169,16,24832321,1791427814,0x52c2947e6df632d9be6323f7fee666e95e4aa386,7:0 8:0 1:0 2:0 3:0,2500,0x7c3e00000003e1f0f8016,53,28,28 0 0 0 0 0 0 0,1794019814
170,13,24832339,1791427823,0x52c2947e6df632d9be6323f7fee666e95e4aa386,7:0 8:0 1:0 2:0 3:0,2500,0x7c3e00000003e1f0f800d,78,41,41 0 0 0 0 0 0 0,1794019823
171,12,24832352,1791427830,0x52c2947e6df632d9be6323f7fee666e95e4aa386,7:0 8:0 1:0 2:0 3:0,2500,0x7c3e00000003e1f0f8030,96,50,50 0 0 0 0 0 0 0,1794019830
169,17,24832570,1791427940,0x52c2947e6df632d9be6323f7fee666e95e4aa386,7:0 8:0 1:0 2:0 3:0,2500,0x7c3e00000003e1f0f8007,86,46,46 0 0 0 0 0 0 0,1794019940
215,23,24832701,1791428007,0x979358182743d44831696146a36aecf1ebbe7325,7:0 8:0 1:0 2:0 3:0,2500,0x7c3e00000003e1f0f8011,62,33,33 0 0 0 0 0 0 0,1794020007
216,13,24832784,1791428049,0x08bf056c728966c8d6d3f2acb0ad4be521ed0631,7:0 8:0 1:0 2:0 3:0,2500,0x7c3e00000003e1f0f800d,59,32,32 0 0 0 0 0 0 0,1794020049
219,13,24832811,1791428063,0x08bf056c728966c8d6d3f2acb0ad4be521ed0631,7:0 8:0 1:0 2:0 3:0,2500,0x7c3e00000003e1f0f800d,79,41,41 0 0 0 0 0 0 0,1794020063
219,14,24832830,1791428073,0x08bf056c728966c8d6d3f2acb0ad4be521ed0631,7:0 8:0 1:0 2:0 3:0,2500,0x7c3e00000003e1f0f801c,60,33,33 0 0 0 0 0 0 0,1794020073
369,5,24832859,1791428087,0x08bf056c728966c8d6d3f2acb0ad4be521ed0631,7:0 8:0 1:0 2:0 3:0,2500,0x7c3e00000003e1f0f801d,77,41,41 0 0 0 0 0 0 0,1798678438
296,13,24832947,1791428132,0x08bf056c728966c8d6d3f2acb0ad4be521ed0631,7:0 8:0 1:0 2:0 3:0,2500,0x7c3e00000003e1f0f800d,59,32,32 0 0 0 0 0 0 0,1794020132
75,2,24834953,1791429149,0x22b033b7212cb9b8a8bce73dbad80ed77a229322,7:0 8:0 1:0 2:0 3:0,2500,0x7c3e00000003e1f0f803a,53,28,28 0 0 0 0 0 0 0,1794021149
333,1,24836130,1791429747,0x22b033b7212cb9b8a8bce73dbad80ed77a229322,7:0 8:0 1:0 2:0 3:0,2500,0x7c3e00000003e1f0f803e,43,23,23 0 0 0 0 0 0 0,1794021747
44,74,24837499,1791430441,0xf04ecec3cac1ad5e55e03cb5842b07be2c2249c9,7:0 8:0 1:0 2:0 3:0,2500,0x7c3e00000003e1f0f8035,86,46,46 0 0 0 0 0 0 0,1794538788
59,15,24837520,1791430452,0xf04ecec3cac1ad5e55e03cb5842b07be2c2249c9,7:0 8:0 1:0 2:0 3:0,2500,0x7c3e00000003e1f0f8019,69,37,37 0 0 0 0 0 0 0,1794022452
69,16,24837539,1791430462,0xf04ecec3cac1ad5e55e03cb5842b07be2c2249c9,7:0 8:0 1:0 2:0 3:0,2500,0x7c3e00000003e1f0f8016,67,36,36 0 0 0 0 0 0 0,1794022462
365,16,24837930,1791430660,0x979358182743d44831696146a36aecf1ebbe7325,7:0 8:0 1:0 2:0 3:0,2500,0x7c3e00000003e1f0f8016,59,31,31 0 0 0 0 0 0 0,1798602454
322,144,24838034,1791430713,0x2122e553875fe2d0e24eb0eb220ea7da258ddd5d,7:0 8:0 1:0 2:0 3:0,2500,0x7c3e00000003e1f0f803e,86,46,46 0 0 0 0 0 0 0,1796113332
386,6,24842177,1791432815,0xc27b2850725c4df379bba8e0d2498c40c37c12e1,7:0 8:0 1:0 2:0 3:0,2500,0x7c3e00000003e1f0f802a,77,41,41 0 0 0 0 0 0 0,1799121753
294,9,24844002,1791433741,0xcd5504897ee44f57fc5d9f06a9cf1ca1d1eac578,7:0 8:0 1:0 2:0 3:0,2500,0x7c3e00000003e1f0f8001,69,36,36 0 0 0 0 0 0 0,1794025741
377,1,24844016,1791433748,0xcd5504897ee44f57fc5d9f06a9cf1ca1d1eac578,7:0 8:0 1:0 2:0 3:0,2500,0x7c3e00000003e1f0f803e,43,23,23 0 0 0 0 0 0 0,1799025789
185,20,24847257,1791435392,0xc7f1dce49db860c865ce34e4eb65dbef625919ef,pheromone,0,0x1fc7,17,10,10 0 0 0 0 0 0 0,1794027392
185,21,24847325,1791435427,0xc7f1dce49db860c865ce34e4eb65dbef625919ef,pheromone,0,0x1fec,18,10,10 0 0 0 0 0 0 0,1794027427
185,22,24847387,1791435458,0xc7f1dce49db860c865ce34e4eb65dbef625919ef,pheromone,0,0x1fed,27,15,15 0 0 0 0 0 0 0,1794027458
247,17,24848727,1791436138,0xc7f1dce49db860c865ce34e4eb65dbef625919ef,7:0 8:0 1:0 2:0 3:0,2500,0x7c3e00000003e1f0f8007,52,28,28 0 0 0 0 0 0 0,1794028138
390,1,24862346,1791443049,0x379e8cfc45c0ba60966a3d013f85027d160235e4,7:0 8:0 1:0 2:0 3:0,2500,0x7c3e00000003e1f0f803e,43,23,23 0 0 0 0 0 0 0,1799218960
24,9,24865173,1791444483,0x2d631f41f6023db409f15e1ccc337e69f62a8a58,7:0 8:0 1:0 2:0 3:0,2500,0x7c3e00000003e1f0f8001,51,28,28 0 0 0 0 0 0 0,1794036483
208,15,24866507,1791445160,0x019d9319cbefec30f672fe0f79acd709958ab271,7:0 8:0 1:0 2:0 3:0,2500,0x7c3e00000003e1f0f8019,78,41,41 0 0 0 0 0 0 0,1794037160
74,10,24868173,1791446006,0x74107b9b65801d477d5a7980905beecd72b57a29,7:0 8:0 1:0 2:0 3:0,2500,0x7c3e00000003e1f0f802e,61,32,32 0 0 0 0 0 0 0,1794038006
92,9,24868199,1791446019,0x74107b9b65801d477d5a7980905beecd72b57a29,7:0 8:0 1:0 2:0 3:0,2500,0x7c3e00000003e1f0f8001,69,36,36 0 0 0 0 0 0 0,1794038019
384,2,24868215,1791446027,0x74107b9b65801d477d5a7980905beecd72b57a29,7:0 8:0 1:0 2:0 3:0,2500,0x7c3e00000003e1f0f803a,69,36,36 0 0 0 0 0 0 0,1799090632
175,10,24872712,1791448309,0x224e633c9632a51de2f6225a7620dc46b2d58b08,7:0 8:0 1:0 2:0 3:0,2500,0x7c3e00000003e1f0f802e,61,32,32 0 0 0 0 0 0 0,1794040309
177,10,24872722,1791448314,0x224e633c9632a51de2f6225a7620dc46b2d58b08,7:0 8:0 1:0 2:0 3:0,2500,0x7c3e00000003e1f0f802e,72,38,38 0 0 0 0 0 0 0,1794040314
181,10,24872731,1791448318,0x224e633c9632a51de2f6225a7620dc46b2d58b08,7:0 8:0 1:0 2:0 3:0,2500,0x7c3e00000003e1f0f802e,88,47,47 0 0 0 0 0 0 0,1794040318
