fly,tick,block,input_agg,attention,segments,synapses,spiked,fired,root,out_of_layer,reproduced
1,1,22875322,0x3f8000000000000000000028,40,0 61 18,5,4,28 88 148 208,0x6381e63db0d9e16f4e18e3582718a31231485ae167bafe4b52c144c3121bab3f,,1
1,2,23302137,0xff000000000000000000000019,25,0 46 3,16,12,30 31 32 90 91 92 150 151 152 210 211 212,0x208e1f04465903919c530451c6c0e053f2593115131193c398bad61caf86ce6f,,1
1,3,23565341,0x1ff8,56,0 13 34,18,10,0 1 60 61 120 121 180 181 240 241,0xebae9d576d542c08abc9542130bc92d28c3176a082fb70f9203aae6529a6581c,,1
1,4,24829393,0x7c3e00000003e1f0f8034,52,0 9 30,53,28,3 4 7 10 22 25 63 64 67 70 82 85 123 124 127 130 142 145 183 184 187 190 202 205 243 244 247 250,0x32f43ffe2515f06df90443d94380e79f3295a359eeaf960fc2864da92a72c243,,1
2,1,22823719,0x7f803c,60,0 17 38,19,10,4 5 64 65 124 125 184 185 244 245,0xc91e4b8cf6b806ddd75a7c0caf8a61c49013bb12b08de7e5fa33402897cb760d,,1
2,2,23298321,0xff000000000000000000000000000000021,33,0 54 11,14,8,43 44 103 104 163 164 223 224,0xe2e4c2bc22f8e5be57bb6d46d3f4dce0eb865a7893237e3bfcbf4a5a3e38e531,,1
3,1,22824843,0x3fc0000000000000000000000000001,1,0 22 43,9,8,37 38 97 98 157 158 217 218,0x34d473336feaadf64b5ee6d13f3183696483efcf8e067f1cc668c7d64290c00b,,1
3,2,22843230,0x1fe00000000000000000000000000000000031,49,0 6 27,11,8,46 47 106 107 166 167 226 227,0x1ebdc3934b261b4404c956fcea175e3f9cbd48ada6967f30ba5e9e2b7638a07b,,1
3,3,23147899,0x7f800000000000000000000000000000000000003d,61,0 18 39,12,8,52 53 112 113 172 173 232 233,0xa5d09b650a9a44486d227c5390b8181464263c54da62eb8fa505afb3ff35794a,,1
3,4,23148745,0xff000000000000000000000000000000030,48,0 5 26,18,12,43 44 45 103 104 105 163 164 165 223 224 225,0x8bb7df95f6e96c4c764f69f479688185b899d36f6781424889fc058b080ffa50,,1
4,1,22825604,0x3f8020,32,0 53 10,9,5,4 64 124 184 244,0x39ba80e1866ffc1d09de2e597461e3e9deef25f301dfaeff660571953e4a380e,,1
4,2,22826270,0x7c000000000000000000000000002c,44,0 1 22,5,4,37 97 157 217,0x3d4a594a194daf63e856b2422fa0d0f45cdb5b49d585a19a1b2e52fa6913189b,,1
4,3,22951236,0x1f000028,40,0 61 18,16,10,6 7 66 67 126 127 186 187 246 247,0x07a5666071845408fda00ebd1aade5c3463e55acc984dedd45d0219abdde6e5a,,1
4,4,22953541,0xf8037,55,0 12 33,19,10,3 4 63 64 123 124 183 184 243 244,0x5e65c3252567e5023dd95a73c8fcdcff4574e4e6d177d9a29ce33a499070bbdb,,1
4,5,22953580,0x1f000033,51,0 8 29,18,10,0 7 60 67 120 127 180 187 240 247,0xd44db8b8070a40cd7ed046dfebed6b7222cf01b70cbba52205c4237c2f965e76,,1
4,6,22953615,0x3e00000027,39,0 60 17,10,5,10 70 130 190 250,0x4547abe756ecba24371e04738e11ace76205bd2af064b659f345ccbe495258c2,,1
4,7,22953645,0x7c0000000012,18,0 39 60,8,5,13 73 133 193 253,0xea9c60c6f5e9c15a23e2914cf7a93b4685b7c72ea54f6ec5b8709ef04c9876d9,,1
4,8,22953676,0xf8000000000023,35,0 56 13,6,4,16 76 136 196,0x071560bba9e9541e16ffce2b912ad7585841935cb3ee768d38e47dcf88ea4719,,1
4,9,22953701,0x1f000000000000033,51,0 8 29,5,4,19 79 139 199,0x32da6ee64eab3af92058ddb666628d6dab191d32f55fcddd0f5367769f67d0c6,,1
4,10,22953738,0x3e00000000000000036,54,0 11 32,8,4,22 82 142 202,0x4d29fa041032bbf5ecfa0181467797483448327f4187c223f41e98a6bc97f1bc,,1
4,11,22953760,0x7c0000000000000000035,53,0 10 31,18,9,0 25 60 85 120 145 180 205 240,0xf5e57b91fa459c208e4d4b3f9fbbe4d0dc900be13abeccfdccb8e5a9e8289fc9,,1
4,12,22953806,0xf800000000000000000000c,12,0 33 54,5,4,28 88 148 208,0xa46ef08877309fdfb684fcf482fafce6ea21e4bcf372ad6d9fe1a0df850681f0,,1
4,13,22953828,0x1f00000000000000000000003b,59,0 16 37,5,4,31 91 151 211,0xb3be2bcf50e2896cfcff75c1bf88ef1e9a62fe68255147d1673f220cc838661c,,1
4,14,22953875,0x7c000000000000000000000000000f,15,0 36 57,13,8,36 37 96 97 156 157 216 217,0x465b659d68bfcdab4d7b8deed9c9c2de7c386e582800bfb64952e9301be45fd8,,1
4,15,22953898,0xf8000000000000000000000000000030,48,0 5 26,8,4,40 100 160 220,0x3bd75818d6212c532c4eba3fedfbb07085673ae75e85b7f02a94fe7bf12f63f0,,1
4,16,22954107,0x3e0000000000000000000000000000000000c,12,0 33 54,6,4,46 106 166 226,0x9572eec5a9d6970a957737b8dadab578337bf75a7d595423a414d87cc5f3d432,,1
4,17,22954134,0x7c0000000000000000000000000000000000024,36,0 57 14,6,4,49 109 169 229,0x690a6d8a9750b6a942838cc74c942f6a4fc786e426cfba417182d10c4128a73e,,1
4,18,23045987,0xf8027,39,0 60 17,19,10,0 4 60 64 120 124 180 184 240 244,0x4e37a0b6b5920a3df56fe197db5e9bfdad43f33b74083f2f7d9aece9a355092c,,1
4,19,23046015,0x3e00000000000000000000000000000000000000000023,35,0 56 13,8,4,58 118 178 238,0x83ff613a308adb8252550fe57da29326ce4ad9a4dc500d7f0ae8c7a570fc02ba,,1
4,20,23046124,0xf800d,13,0 34 55,19,10,3 4 63 64 123 124 183 184 243 244,0x469a5c0d7b76afd75ee29ecc10f8871da37bbe1d87f0a25500dc781708f92a33,,1
4,21,23046143,0x7c0000000028,40,0 61 18,17,10,12 13 72 73 132 133 192 193 252 253,0xd9a81850fd1776636f9fb833869e2a46c2f151d645ab3ff213b3d43b3c42ae13,,1
4,22,23046161,0xf8000000000015,21,0 42 63,14,9,15 16 75 76 135 136 195 196 255,0xae69523665625809d79265bb862a5bd64714835da8a259d841575de36d84c15a,,1
4,23,23046191,0x1f000000000000004,4,0 25 46,12,8,18 19 78 79 138 139 198 199,0x4912339fce82fd7190148d9d750571ba9e8be7b102c84634dedccdce7e26ceae,,1
4,24,23046219,0x7c000000000000000001b,27,0 48 5,16,8,24 25 84 85 144 145 204 205,0xba9056cfa7bb4cdbcf1bfed6eb128e4e9d1b31462056af601e2a651c69ffc98e,,1
4,25,23046235,0xf8000000000000000000023,35,0 56 13,12,8,27 28 87 88 147 148 207 208,0x8a4991e6c39544ee990c3ac654650cd654084698be69067ba725a598b0d84223,,1
4,26,23046268,0x1f00000000000000000000001d,29,0 50 7,8,8,30 31 90 91 150 151 210 211,0x53a72386cc18d1620ea95dbf87cdaa7ea7f34f490e54d5a40cc326dc6d7d898c,,1
4,27,23046293,0x3e00000000000000000000000035,53,0 10 31,16,9,0 34 60 94 120 154 180 214 240,0x2b7d1c041b74fe0ec97fd77e5bfe181ed1d4bf5b8fba2ba6a9aa5895cd31807e,,1
4,28,23046317,0x1fc000000000000000000000000001b,27,0 48 5,5,4,37 97 157 217,0x6ebe4c0ae4bd19a9f694825635240fc422e41239ea325e732a01a8b05ba300a7,,1
4,29,23046340,0xf800000000000000000000000000000a,10,0 31 52,13,8,39 40 99 100 159 160 219 220,0x21fb6b790ed1103d68fb2aead5c481e7d72b079573ffa601c8621d35356c10bf,,1
4,30,23046356,0x1f000000000000000000000000000000028,40,0 61 18,7,4,43 103 163 223,0x30bee2d0f8d7d01fcf83a346ffedee2b6e6b088c98c7f1027cf0ebdeca65058e,,1
4,31,23046454,0x7c0000000000000000000000000000000000003,3,0 24 45,14,8,48 49 108 109 168 169 228 229,0xb1ebe396f0bcf6816ff5b162e3d22a0fc539d8f3dcf5db4494b745edd31f2953,,1
4,32,23046485,0xf800000000000000000000000000000000000002c,44,0 1 22,7,4,52 112 172 232,0xa45156e8ace26e11b0544d6a4b7ac905a64bb57d6791aa8f33e2f01b7cf41065,,1
4,33,23046508,0x1f000000000000000000000000000000000000000007,7,0 28 49,7,4,55 115 175 235,0x4148390819e189b608836bbe29104978265868a191ed8a8a7558d8abb50a77cf,,1
4,34,23053013,0x3e00000000000000000000000000000000000000000012,18,0 39 60,13,8,57 58 117 118 177 178 237 238,0x116a74a828e0f9f7b90b8f72a2683772f692d017c7b8aa3dcd7999ced13dd5e3,,1
4,35,23053041,0x7c0000000000000000000000000000000000009,9,0 30 51,6,4,49 109 169 229,0xaf98c365e171e5db0eef30380e8d82565884ed68d636e5262104581d4022994d,,1
4,36,23053060,0x3e0000000000000000000000000000000000000000002b,43,0 0 21,8,4,58 118 178 238,0x4d605a84a786e328b370ea615729e084a67ec56b6764d146d41dfc956ce76493,,1
4,37,23053076,0x3e0000000000000000000000000000000001b,27,0 48 5,20,13,0 45 46 60 105 106 120 165 166 180 225 226 240,0xd5f530eaf9ac58720810635bdc66c2c447890409d6ce69ab0615fab2abba6dff,,1
4,38,23053103,0x1f000000000000000000000020,32,0 53 10,5,4,31 91 151 211,0xf1d42658b55d28df3be0cd7bc8e4bad2d7b85751d7a87eeb10a9433afe72eded,,1
4,39,23053183,0xf8000000000023,35,0 56 13,6,4,16 76 136 196,0xbad7095ff20e98b03cf1d54271baa84c6861da3b9a9db21cc6b2cc237286e21e,,1
4,40,23053217,0x3e00000000000000000000000028,40,0 61 18,14,8,33 34 93 94 153 154 213 214,0x09372c4f34d51b2258a91253ce28c2521d6853ca099c635eaef4ac094004d592,,1
4,41,23053253,0xf800000000000000000000000000000000000003f,63,0 20 41,10,8,51 52 111 112 171 172 231 232,0x5b5173e869e60eda8b9a011bafc269066637fcd4bc9f37ae7275b0c84de8f129,,1
4,42,23053285,0x1f000000000000000000000000000000000000000022,34,0 55 12,12,8,54 55 114 115 174 175 234 235,0xc7d816b2d8faf0d201bd5cfa289951fadd77792906e7c65771f77a301148ef32,,1
4,43,23053326,0x3e00000000000000000000000000000000035,53,0 10 31,16,9,0 46 60 106 120 166 180 226 240,0x9e37a7c2f9fc8ed3d1a4ee8a7b4cfa2d0d8a7c5331eef466d3ffcfcf8e1023ed,,1
4,44,23053350,0x1f000000000000000000000000000000016,22,0 43 0,13,8,42 43 102 103 162 163 222 223,0xaae8cdafeb0baf0c96bc34d7fc57122c52e0186668500048f91183a6ee7e1ec2,,1
4,45,23053376,0xf8000000000000000000000000000021,33,0 54 11,8,4,40 100 160 220,0x655dbeb92bff2fa1fb3c177cbd210b43b9392fd6bf5289be1bc3726926151e39,,1
4,46,23053398,0x3e00000000000000000000000016,22,0 43 0,6,4,34 94 154 214,0x01d3a27e5f41fa562ae295826bd88e8e34590939756cd9a382d134320bc37a48,,1
4,47,23053421,0x7c000000000000000000000000000000000003f,63,0 20 41,14,8,48 49 108 109 168 169 228 229,0x2cabd7d8f1582c558e66396a3577d081d83e99b0cf1aee541bc39d0e4dbe8059,,1
4,48,23053448,0x7c0000000000000000000000000011,17,0 38 59,13,8,36 37 96 97 156 157 216 217,0xcaa8f52c0de4f1884ef02aadb56c39d1aecb75cd51d8f09e39d21ffb64b5838f,,1
4,49,23053473,0x7c000000001b,27,0 48 5,8,5,13 73 133 193 253,0x8c2ebc26c95b6a793e3dabe1f4188a8067249b5e3f9d68d671efa9f3b1172a8c,,1
4,50,23053499,0xf8037,55,0 12 33,19,10,0 4 60 64 120 124 180 184 240 244,0xd129fb0f446902e8c9a20874d852f81730c6e3530d7ed71035629b93cbe6ddc0,,1
4,51,23053528,0x3e00000000000000000000000000000000023,35,0 56 13,10,8,45 46 105 106 165 166 225 226,0x416addae435927a528c090cff397270bc804f6135c7231f669ddc6183494c86f,,1
4,52,23053553,0x3e00000000000000000000000000000000039,57,0 14 35,6,4,46 106 166 226,0xce46bf94ab8d305fac6a444eb4413dccabc7ae862850133f5f90b155a71de5cb,,1
4,53,23053590,0x3e00000000000000000000000000000000030,48,0 5 26,10,8,45 46 105 106 165 166 225 226,0x26a5c72231cbd5bcfc506d7ad6117abf42afc9514383dc80cd0872e680e19fd3,,1
4,54,23053615,0x3e00000000000000000000000000000000026,38,0 59 16,6,4,46 106 166 226,0x9f26cd03fba7770739d76ca9698362ed5c4f6bea5e41af60ea1ff8351c0c9355,,1
4,55,23053696,0x3e00000000000000000000000000000000006,6,0 27 48,15,12,45 46 47 105 106 107 165 166 167 225 226 227,0x9eeee1a9b0a638ae13d94cf08e6a991e7ff2fc0b3f7d11fb1fa8071e9941837e,,1
4,56,23053716,0x1f000000000000000000000000000000006,6,0 27 48,7,4,43 103 163 223,0xe65d0dab1eaf14d0c126cf3aaaf6be8607309bdb3da7b2cb927dadffdcf6cd4f,,1
4,57,23053749,0x3e0000000000000000000000000000000000a,10,0 31 52,6,4,46 106 166 226,0x7373b4583891c30aa9d1362b08d4f622a6639667ee8d3c1cfdccace80a8df7b9,,1
4,58,23053781,0x3e0000000000000000000000000000000000d,13,0 34 55,10,8,45 46 105 106 165 166 225 226,0x20a8ae8f664b279291b09ffc8c599e5c196277de435cd57f3f19e9c8aaa9bfbe,,1
4,59,23053809,0x3e00000000000000000000000000000000006,6,0 27 48,6,4,46 106 166 226,0xa59911df3f5d0619f8914e777161981953e5b1c54fd90efb224d415c7a081354,,1
4,60,23053934,0xfe00000000000000000000000000000000003,3,0 24 45,15,12,45 46 47 105 106 107 165 166 167 225 226 227,0xb4d56fc0b79a864e062fb76ae0d2ff43d98397a7c8ef155664714761babd198d,,1
4,61,23186758,0x1f000000000000000000000000000000010,16,0 37 58,23,13,0 42 43 60 102 103 120 162 163 180 222 223 240,0xb6fd0477ff4309d976ffa0b96341af89add9975ae81a4d9a39e2dc84fed8aa46,,1
4,62,23186849,0x1f000000000000000000000000000000027,39,0 60 17,7,4,43 103 163 223,0xb8a28b3caab86ccb322b9dc063cc8d60a68986691f10f12a8201337646439a1e,,1
4,63,23186906,0x3e0000000000000000000000000000000000f,15,0 36 57,6,4,46 106 166 226,0xe1f8e2d33c21d847c0cd12a34e89f7864ba579ca73eec60fcb2a565eb9e03e33,,1
4,64,23186947,0x3e0000000000000000000000000000000003a,58,0 15 36,10,8,45 46 105 106 165 166 225 226,0xd48432c9e2fa7b6370a344d94fdff8b682225308dc8156991bd7d037bbd75e46,,1
4,65,23187135,0x3e00000000000000000000000000000000035,53,0 10 31,6,4,46 106 166 226,0xd26248f214d75dea8976ba7b3678c8d37863c28d23857d8c7b458610a78129fb,,1
4,66,23187149,0x3e00000000000000000000000000000000023,35,0 56 13,10,8,45 46 105 106 165 166 225 226,0x2fcfcac622e74a488b7d0c898e37db2897ee9287141a6542b4203be78403b420,,1
4,67,23187169,0x3e00000000000000000000000000000000033,51,0 8 29,16,9,0 46 60 106 120 166 180 226 240,0x4d1cfe7637d30de962170f9b63b34006063920477ff50eaeeaa98eac0c4de34d,,1
4,68,23187209,0x3e00000000000000000000000000000000002,2,0 23 44,10,8,45 46 105 106 165 166 225 226,0x946111a565f103f22be1967462c3e820a15df98d686e5e018158269f0dd3fb78,,1
4,69,23187311,0x3e0000000000000000000000000000000001a,26,0 47 4,11,8,46 47 106 107 166 167 226 227,0x02237ba32193b4ce2ea076a48aa2067166cbffed669dcaa282a0b10ca5a6769d,,1
4,70,23187325,0x1f00000000000000000000000000000002d,45,0 2 23,13,8,42 43 102 103 162 163 222 223,0x6d804a77b430b8a1f792f3e76eca26e796d0fa406f51c460e4e98e4b5d382ffe,,1
4,71,23187372,0x7c0000000000000000000000000018,24,0 45 2,5,4,37 97 157 217,0x2ee9393eb14dbec1a9285e3097f319c390d22fb3cd76769de6f46f0a64d1cc98,,1
4,72,23209620,0x7c0000000000000000000000000011,17,0 38 59,13,8,36 37 96 97 156 157 216 217,0x689c5e56308729a2047529df1ea2ccd7e34ec91c9cf2c9486472a970ac180de2,,1
4,73,23209643,0x7c0000000000000000000000000039,57,0 14 35,5,4,37 97 157 217,0x188d650f4d28e542850e86132a9b0993f3f442e5a91228457755c43c2a1bc264,,1
4,74,23209672,0xf8000000000000000000028,40,0 61 18,5,4,28 88 148 208,0x56e70dc8bfd5c06ce950786147dd468fafd7c0dad1da54619e63d1d843fbe73b,,1
4,75,23209706,0x3e0000000000000000000000000000000000f,15,0 36 57,20,13,0 45 46 60 105 106 120 165 166 180 225 226 240,0x13a243769b2e6f3ccdf035f03a939af12ae1a66fc3d2231535eceb1362074120,,1
4,76,23209903,0xf8020,32,0 53 10,19,10,3 4 63 64 123 124 183 184 243 244,0x509d3f70d12802a5014c39474ad5ab7eb8c82beaff233ca0ff4eb53e3fd99a45,,1
4,77,23209918,0x3e00000000000000000000000000000000016,22,0 43 0,6,4,46 106 166 226,0x1bf07f4c013d797daf5f31434f29672e8e5c14186dbdf94dc882139604495fd3,,1
4,78,23209949,0x7c000000000000000000000000000000000003a,58,0 15 36,14,8,48 49 108 109 168 169 228 229,0xc9d018549d955ee2c321e44426791bf2c86d42b9bbf3b49f1755afd83e8159fb,,1
4,79,23209965,0x7c000000002c,44,0 1 22,17,10,12 13 72 73 132 133 192 193 252 253,0x93f7f20c241efcb7b6732e053bbba1053c872f76dba960d14535b2d9c816b641,,1
4,80,23209980,0xf8000000000000000000000000000000,0,0 21 42,13,8,39 40 99 100 159 160 219 220,0x8c335b4990ae7fcc8ff17aa7529a2fe1e77ce24fb67e6e44b0a9c34c2fc82604,,1
4,81,23209999,0x3e00000000000000000000000000000000017,23,0 44 1,10,8,45 46 105 106 165 166 225 226,0xa324857089123acf9d5c52c699e94d8ab2f2227e2434d8686b017d2965974c27,,1
4,82,23215031,0x3e00000000000000000000000026,38,0 59 16,14,8,33 34 93 94 153 154 213 214,0x607d39b10101e7ece49d8f4229768dcab7b5741b194402c6f46a6253b27ba93b,,1
4,83,23215047,0x7c0000000000000000000000000000000000035,53,0 10 31,16,9,0 49 60 109 120 169 180 229 240,0x5fbe478f6348dd7d16c7bc973ed53fb06cfac8907ffcf4bae158055a386ac644,,1
4,84,23215063,0x3e00000000000000000000000000000000025,37,0 58 15,6,4,46 106 166 226,0x7e90898458eb9031e1f20a983fc5b5e491eb592d4d98da92fef79b4c2d648c31,,1
4,85,23215080,0x7c0000000006,6,0 27 48,8,5,13 73 133 193 253,0xdcdd9d30ef7dadf43707b21a247b6b4cf08ed20a853b8cbe2e8385107b02edde,,1
4,86,23218475,0x3e00000000000000000000000000000000039,57,0 14 35,10,8,45 46 105 106 165 166 225 226,0x594a1f2e736cdab498a8d836362231c12e6887f78a0a130494e232d03217ffbc,,1
4,87,23218498,0x1f000000000000000000000000000000039,57,0 14 35,7,4,43 103 163 223,0xec08c880954cab023bbe5603a9ca5c90e139dd733427fdf19c43fc258671205a,,1
4,88,23218517,0x3e0000000000000000000000003e,62,0 19 40,16,9,0 34 60 94 120 154 180 214 240,0xdadb0f57e0d08a2879d98eed8e85a2fac5524cc8382debff10f4339beef888de,,1
4,89,23218531,0x3e00000000000000000000000000000000036,54,0 11 32,6,4,46 106 166 226,0x412408d206bd370b31b88bf1190bd52321664bfb14c53ad9fd455826bb7e9fdf,,1
4,90,23218545,0x3e0000000000000000000000001f,31,0 52 9,14,8,33 34 93 94 153 154 213 214,0x2a5a693cfed1b2a138df945461df2c2831fed326a06cefabad00ab4532132e35,,1
4,91,23218560,0x3e0000000000000000000000000000000001f,31,0 52 9,10,8,45 46 105 106 165 166 225 226,0x295e06bc2494dc1b3051b2600de4ea470d961daa36aeaf304fe51e1f0bc3aa3d,,1
4,92,23218579,0x1f00000000000000000000000000000000c,12,0 33 54,13,8,42 43 102 103 162 163 222 223,0xf8e42a8864129b6a0219b8996a7f0d3a56650c6bc42ef809cfd65fc85da52081,,1
4,93,23218597,0x3e00000000000000000000000000000000039,57,0 14 35,11,8,46 47 106 107 166 167 226 227,0x2bf8945056b15524cb5e41c570f24c47089cc7eb65c2cfeb33d7b9b6687e472e,,1
4,94,23218619,0x1f00000000000000000000000000000000e,14,0 35 56,7,4,43 103 163 223,0x56906b0191b614676a9841c733bd2cb7346580e93c385ad10e50907c083b6470,,1
4,95,23218660,0x3e0000000000000000000000000000000001f,31,0 52 9,20,13,0 45 46 60 105 106 120 165 166 180 225 226 240,0xee1b02429d15123b92396270808d1b6a0aeb185d5586d2e39a9e9ff36c0b540c,,1
4,96,23218683,0x3e00000000000000013,19,0 40 61,16,8,21 22 81 82 141 142 201 202,0x34ff9570ff8bfda6485596b88fb53708bf3dfad74c5dc55ce8ba068dbdb0e217,,1
4,97,23220050,0x3e0000000000000000000000000000000000f,15,0 36 57,6,4,46 106 166 226,0x716124495b0141a717fc838a06cfe84561bf79c9d5b971a683211dc10868ec5c,,1
4,98,23220063,0x7c0000000000000000016,22,0 43 0,8,4,25 85 145 205,0x69ad283d3c60c075ec72ad95788182888ee51f635a2be3fffe74d8f2ee453e61,,1
4,99,23220077,0x3e0000000000000000000000000000000000d,13,0 34 55,10,8,45 46 105 106 165 166 225 226,0x9de7ff3a45c3e75239f034ff3e904b8e03025c53a919b33bb3432412ef474b1a,,1
4,100,23220097,0x3e0000000000000000000000000a,10,0 31 52,6,4,34 94 154 214,0x7c51626781172d9cd66b7b1358d10d34ac0c89ba41b425bb688f0b20726de3dd,,1
4,101,23384830,0x3e0000000000000000000000001d,29,0 50 7,14,8,33 34 93 94 153 154 213 214,0x90038e97cd93c1c6b31cb6ddf604df98605e099b5c53730e4c7fe2fb79a7bc9b,,1
4,102,23385359,0x3e0000000000000000000000000000000003b,59,0 16 37,6,4,46 106 166 226,0x611f1cf65a75096cf523ae4140a7d6a50f90f629227b0d2b301b36f550bfbf10,,1
4,103,23385384,0x3e0000000000000000000000002c,44,0 1 22,6,4,34 94 154 214,0xdcf6493474a5665f80fe7e968ae4054522811ed7024eac8aa361f84ee7d39724,,1
4,104,23385423,0x3e00000000000000000000000000000000003,3,0 24 45,10,8,45 46 105 106 165 166 225 226,0x02580b7d7009b04a47da945f752b30e96e9809478da9d68c194d49a085910237,,1
4,105,23385743,0xf800000000000000000000000000002b,43,0 0 21,18,9,0 40 60 100 120 160 180 220 240,0x7a176e0960d9eb7e4b047ce3b7141559a2493a2ce145cf9ebc4da386792c1c04,,1
4,106,23385765,0x3e0000000000000000000000000000000001a,26,0 47 4,6,4,46 106 166 226,0x3c31956640053fd0966d20d55b8690ba519afc6ffd25d01c8ed57ee7af8e1ad8,,1
4,107,23385806,0xf8000000000000000000000000000000000000039,57,0 14 35,7,4,52 112 172 232,0xefb5a62fb23b1aa98bcc038b7da4707332007ccd34ce6923b553a43da16f6a15,,1
4,108,23386105,0x3e00000000000000000000000000000000012,18,0 39 60,10,8,45 46 105 106 165 166 225 226,0x1740c86d77d52e1db9349358928687a034be451f533b951c013d3f2cc3a29c78,,1
4,109,23386125,0x3e00000000000000000000000014,20,0 41 62,14,8,33 34 93 94 153 154 213 214,0x55502cf562178cda9a388e356941e7bd60fddebc7848c5a93eed80c478d7bd27,,1
4,110,23475079,0x3e00000001f0f8003e00000000000000016,22,0 43 0,41,28,22 27 28 30 31 42 43 82 87 88 90 91 102 103 142 147 148 150 151 162 163 202 207 208 210 211 222 223,0x557c7491477245623521255871a5f25282e63e96399f4ea6c167821d5f102416,,1
4,111,23478970,0xba3e00000000000000000000000000000001d,29,0 50 7,25,16,43 44 46 47 103 104 106 107 163 164 166 167 223 224 226 227,0x226915afcdb56a64bfa62aa0b9c503c620401977e784dbe6b77a84385e5109db,,1
4,112,23479158,0xf80000000f80000000f80000000f80000000f8006,6,0 27 48,51,34,4 15 16 28 39 40 51 52 64 75 76 88 99 100 111 112 124 135 136 148 159 160 171 172 184 195 196 208 219 220 231 232 244 255,0x32de87eceee881f3130fe63c7fecfefe46ba84ce0eaf998b8e04fc08a97a50e7,,1
4,113,23719914,0xf80000000f80000000f80000000f80000000f8012,18,0 39 60,52,30,3 4 16 27 28 40 52 63 64 76 87 88 100 112 123 124 136 147 148 160 172 183 184 196 207 208 220 232 243 244,0x14e77e26c04f7857c688be13ea0bec6832b87c4d71ac1525d5d0a6574697c77a,,1
4,114,23904796,0xf80000000f80000000f80000000f80000000f800f,15,0 36 57,51,34,4 15 16 28 39 40 51 52 64 75 76 88 99 100 111 112 124 135 136 148 159 160 171 172 184 195 196 208 219 220 231 232 244 255,0xf4fb3afe3fdd17db49a306bf74c1895f52165eff08391e78b667883cfd82cfab,,1
4,115,24571115,0x7c3e1f0f80000000f8013,19,0 40 61,79,43,0 3 4 16 18 19 21 22 24 25 60 63 64 76 78 79 81 82 84 85 120 123 124 136 138 139 141 142 144 145 180 183 184 196 198 199 201 202 204 205 240 243 244,0xd9adf283486fd1f42b0e381a1e5a690e1fce111ce3e4bef3eb71ce8d5799a791,,1
5,1,22825062,0x1fe0000000000000000000000000000000000000000002d,45,0 2 23,16,8,58 59 118 119 178 179 238 239,0xda8ec9629f1d50f59623b5ca5b2389ebbabb65f0804900bc2900746a6c419e03,,1
5,2,23147933,0x3fc000000000000000000000000002e,46,0 3 24,9,8,37 38 97 98 157 158 217 218,0x1230fa984d3c29fcb6b277bb439f4c29c2a2765333842b7c4adcd6e44afa5aea,,1
5,3,23148919,0xff000000000000000000000000000000000000000003,3,0 24 45,19,12,55 56 57 115 116 117 175 176 177 235 236 237,0x4995817cfdb50113f4dcab4095b90f281530ce653c41e799dc570e6f6d3df695,,1
6,1,22825202,0x3f8020,32,0 53 10,9,5,4 64 124 184 244,0x39ba80e1866ffc1d09de2e597461e3e9deef25f301dfaeff660571953e4a380e,,1
6,2,22825576,0x1fc0000000000000000000000000019,25,0 46 3,5,4,37 97 157 217,0x8a816c5c236b37b8d04f4a7e7471b0c5180b9fa58f444a106527d6d3ad6d4201,,1
6,3,22826304,0x7c0000000000000000000000000000000000020,32,0 53 10,6,4,49 109 169 229,0x02b5f40ddbdc69b7bd7b9ab3df62bbad068444100e4af48ae41b8ec1576efe2d,,1
6,4,22951667,0x3f8000000000000000000019,25,0 46 3,5,4,28 88 148 208,0x2cea8a0dbed6dda1b45376e191100443078dd9f32d00d46fdd1997abcd3c1207,,1
6,5,23016687,0x7c0000000000000000000000000016,22,0 43 0,13,8,36 37 96 97 156 157 216 217,0xf3b76eed740930be1c22acaa845bf0e5bbb6f1c21bfe6e314dff1792b72866f0,,1
6,6,23046694,0xf8025,37,0 58 15,19,10,3 4 63 64 123 124 183 184 243 244,0xf72aa8f2918a61360ce4dc80f88963d624baa5fc8ab6174f047ef02b9c725aa6,,1
6,7,23046718,0x1f00001c,28,0 49 6,16,10,6 7 66 67 126 127 186 187 246 247,0x5046b1e638c10bf7947585b10bba3b94e147d4c0ac20d5a2b52d5c99a8ddadbc,,1
6,8,23050927,0x3e0000000000000000000000000000000000000000000c,12,0 33 54,8,4,58 118 178 238,0x1661cdf79e892290c746d47643c5cce40e1759a112a141d1fad6e823c157b8e6,,1
6,9,23050950,0x1f000000000000000000000000000000000000000021,33,0 54 11,17,9,0 55 60 115 120 175 180 235 240,0x19c51d0a90278c8d74e3b186ec8f1b4e5d32fb6fb764ef1bbfc2f4fbe5b086d2,,1
6,10,23050976,0xf800000000000000000000000000000000000002e,46,0 3 24,7,4,52 112 172 232,0x33cb3839b4f2347b97821e0b3ced72485b3aa81449fe0b6df1b7e3453705a66c,,1
6,11,23050992,0x7c0000000000000000000000000000000000023,35,0 56 13,14,8,48 49 108 109 168 169 228 229,0xea74c3f737bb75089077fd8d7dbefe5185f561a3795ab64cb008e91f8ef6167f,,1
6,12,23051023,0x3e0000000000000000000000000000000000e,14,0 35 56,6,4,46 106 166 226,0x74848a61a3a0194b73ab48936682783e02d5b48b2bbf73440096cd6ba7b210c9,,1
6,13,23186767,0x1f000000000000000000000000000000006,6,0 27 48,7,4,43 103 163 223,0x2b0f19b32a00cadda76d90c5cb0f024fb0ef46fb109f1866e22b808fa68cfa0b,,1
6,14,23186988,0x3e0000000000000000000000000000000003f,63,0 20 41,10,8,45 46 105 106 165 166 225 226,0xf23e10d9039b36db243b8b7ece2c18749fed1c4f445b2a0f23da5e5595a17559,,1
6,15,23187008,0x3e0000000000000000000000000000000000d,13,0 34 55,6,4,46 106 166 226,0x89580272433a1f2d584c6c106b6b01129ffaf1954c33d3d5f586ad01ad2a9598,,1
6,16,23187028,0x3e0000000000000000000000000000000000c,12,0 33 54,10,8,45 46 105 106 165 166 225 226,0x276145fd3dbd240cca47d7222de0d9971c30f5a8155e2a4659ff65d4e7f3e6ca,,1
6,17,23220143,0x3e00000000000000000000000000000000023,35,0 56 13,16,9,0 46 60 106 120 166 180 226 240,0x211a48f5b8f4277bfef50a3180b7c29129f179242c35277415c04995deafde7d,,1
6,18,23220214,0x1f00000000000001b,27,0 48 5,5,4,19 79 139 199,0x150594c14a73d27e0b6965a55b9b3bd89b6a2a334ca55204670b72a7c5af5d16,,1
6,19,23384853,0x7c0000000000000000023,35,0 56 13,8,4,25 85 145 205,0x4c2ac393cc7783b9accea3c0ffa6bc1b5a30dbf715f0c63d4a236c5320c60da9,,1
6,20,23386193,0x7c0000000000000000000000000012,18,0 39 60,5,4,37 97 157 217,0x875a296fa9ce1cf54bb60d86837817344940c116846012d67caec7103cd1dcb1,,1
6,21,23541909,0xf80000000f80000000f80000000f80000000f802f,47,0 4 25,50,33,4 16 27 28 39 40 51 52 64 76 87 88 99 100 111 112 124 136 147 148 159 160 171 172 184 196 207 208 219 220 231 232 244,0x2d32060d1bf949fb43cc0400b4993c5005fd7271289acd9efb957e441be59dfa,,1
6,22,23719945,0xf80000000f80000000f80000000f80000000f801d,29,0 50 7,53,31,3 4 15 16 28 40 52 63 64 75 76 88 100 112 123 124 135 136 148 160 172 183 184 195 196 208 220 232 243 244 255,0x05f8e5cd82bb5198b5a8501f523298cd1d4c7b350b7420ff99ffa7db4662f949,,1
6,23,23904826,0xf80000000f80000000f80000000f80000000f802a,42,0 63 20,50,33,4 16 27 28 39 40 51 52 64 76 87 88 99 100 111 112 124 136 147 148 159 160 171 172 184 196 207 208 219 220 231 232 244,0xf73a4e3e925d12ce830775fd60fd6ba041db745721fb16a622f230d49506e76c,,1
6,24,24571142,0x7c3e1f0f80000000f801a,26,0 47 4,89,49,0 3 4 5 15 16 18 19 22 24 25 60 63 64 65 75 76 78 79 82 84 85 120 123 124 125 135 136 138 139 142 144 145 180 183 184 185 195 196 198 199 202 204 205 240 243 244 245 255,0x87fd3c5ff396e0c8ee2de135be3a0f7919545dd5d15c9e50d10116b9abb25813,,1
7,1,22829950,0x3e0000000000000000a,10,0 31 52,8,4,22 82 142 202,0x5c20e5fd7a6829dfb153d2fb989210ef2967de2fd20388753bbbf22ccd5238c6,,1
7,2,23184663,0x1f00000000000000000000002c,44,0 1 22,5,4,31 91 151 211,0xb4f2a96e4fac2c65c64a579d2cce7a8e0135c517bacb134a1f7f8c4b884360cc,,1
8,1,22825230,0x3fc000000000000000000000000000000000001c,28,0 49 6,13,8,49 50 109 110 169 170 229 230,0xe5b1efbc45f01621b75739a47f55f1da34f0bbd462386f8d4d14e4608049636a,,1
8,2,23147977,0xff00000000000001b,27,0 48 5,11,8,19 20 79 80 139 140 199 200,0x36633eb128e8401e4e62c0e77fb41d12477aedfa44e0bd83d9e7b1ce2cc74bb5,,1
8,3,23149017,0x1fe00000000000000000000000000000000025,37,0 58 15,19,12,46 47 48 106 107 108 166 167 168 226 227 228,0x8b0f27cb6ed7d8dece57ea02df6be65a61766d528fa46083b6d0a004c52af254,,1
9,1,22825542,0x3f8020,32,0 53 10,9,5,4 64 124 184 244,0x2096fe90a70617281f1b9d2977e7e8fc7841d2eafbf2da74d7047907c22b6194,,1
9,2,22935187,0x7f000000,0,0 21 42,16,10,6 7 66 67 126 127 186 187 246 247,0x136aec5dd96bacb8d23dffdf1e5d1364586485e69796ce46b4b686396034a2ac,,1
9,3,22964054,0xf801c,28,0 49 6,19,10,3 4 63 64 123 124 183 184 243 244,0x4a414d46a166b2247f2d976d8ef6e554ce326125df5c0663b2f2761dcaadc464,,1
9,4,23118551,0xf8037,55,0 12 33,9,5,4 64 124 184 244,0x67de11884fa795bc71a0a86561c83166c8e0508681e4725bb9be8a4d4147e405,,1
9,5,23202738,0x1fc000000000000000000000000003b,59,0 16 37,5,4,37 97 157 217,0x2e221ac6ae7d7fe7f2b1c4fff87838b3f4e8e0836ddfc5f756961aabbfcb080c,,1
9,6,23334651,0x7f00002b,43,0 0 21,28,15,0 7 8 60 67 68 120 127 128 180 187 188 240 247 248,0x5a7d5fc520872d2f80e52cd0801f01ffd117bc72be40906ee0100b7a22144f22,,1
9,7,23519656,0xf80000000f80000000f80000000f80000000f803b,59,0 16 37,50,30,3 4 16 28 39 40 52 63 64 76 88 99 100 112 123 124 136 148 159 160 172 183 184 196 208 219 220 232 243 244,0xf42294651e686705898d488f7f7295dad67fa7e64d11f099124159c64574704a,,1
9,8,24202795,0x3e1f0f87c3e00000027,39,0 60 17,54,32,9 10 13 15 16 19 22 69 70 73 75 76 79 82 129 130 133 135 136 139 142 189 190 193 195 196 199 202 249 250 253 255,0xeefcd2b5185e475b3dd533968fb38ccaa3b9a2b97e37086a14752990159ec908,,1
9,9,24202863,0x3e1f0f87c3e0000001a,26,0 47 4,61,35,10 12 13 16 18 19 21 22 70 72 73 76 78 79 81 82 130 132 133 136 138 139 141 142 190 192 193 196 198 199 201 202 250 252 253,0x36db22541e5705c7a04152ca5c3d34b277c8eee24bc1dd52ce031168a7a9c649,,1
9,10,24686250,0x7c3e1f00000001f0f8036,54,0 11 32,56,32,4 5 6 7 19 22 25 64 65 66 67 79 82 85 124 125 126 127 139 142 145 184 185 186 187 199 202 205 244 245 246 247,0xf18c4e62cfc1571e905651e1e8edd861f93434ad21e3fb5935a3d648d9efb7d9,,1
10,1,22829994,0x3e0000000000000000000000003f,63,0 20 41,6,4,34 94 154 214,0xf55135510930815d961c49e51f30b6a9aaf07437b1ce06be212f174e6c3bbf2b,,1
10,2,23184696,0x1fc0000000024,36,0 57 14,8,5,13 73 133 193 253,0x507be6fb475c4ba496d631babc812a28eb15044ff89a77560e9fd6e2d0fe5208,,1
11,1,23384584,0xf8000,0,0 21 42,9,5,4 64 124 184 244,0x75d24ebcdf5e95a5dae6cb424a0865c25f593b2cc23b44e8c7e4115d71a8205a,,1
11,2,23404596,0x1fc1,1,0 22 43,8,5,1 61 121 181 241,0xeaef4871814a1785dc694d23fcaf9e980a3d6a26d3be6495c7a8d9f474e34afb,,1
11,3,23408618,0x1ff8,56,0 13 34,37,20,0 1 2 3 60 61 62 63 120 121 122 123 180 181 182 183 240 241 242 243,0x3ccb406f8ca0237cc06797cd62d9e5d7336b60fe8abe7bbdf88fa5e5e386c1cd,,1
12,1,22830031,0x1fe0000000000000000000000000000000000000000002d,45,0 2 23,16,8,58 59 118 119 178 179 238 239,0x07ab8751a2052357f398acd2a3c0998c7b9968bd71e6c15b86b301ff95b84215,,1
12,2,22991557,0xf8000000000000000000011,17,0 38 59,5,4,28 88 148 208,0x20236178ea2718e7a89364bbd8728387fdbc349a7eb259e827cae61f9202a392,,1
12,3,22995580,0x3f8000,0,0 21 42,9,5,4 64 124 184 244,0x7034ef425dc5b0d61288e8f93551bb46662afe6ae8a288e9bbdb09b0099366bb,,1
12,4,23043918,0x1f000032,50,0 7 28,16,10,6 7 66 67 126 127 186 187 246 247,0x9ed94287c62da1407cf63a3139e24a09846dea63e3fe9bbc6d17bf980e45083d,,1
12,5,23192467,0x3e00000000,0,0 21 42,10,5,10 70 130 190 250,0x5021bfbfeebd88247e70b9bdaa0e21cc8853822c8af66d4627919b4c2b1af196,,1
12,6,23192498,0x7c0000000030,48,0 5 26,8,5,13 73 133 193 253,0x821829558cd6d6ec5bdacd50895fdfe8b919ea92126f93e188f333a3b239c5fb,,1
12,7,23372814,0x7c0000000012,18,0 39 60,17,10,12 13 72 73 132 133 192 193 252 253,0x38f9fc5b55a7ddc3beb7060ba9193f47b17ebfe523706f13916bf405461d59e5,,1
12,8,23372852,0xf8000000000023,35,0 56 13,6,4,16 76 136 196,0xbeaac16dda5d3575192ad2da7fd1e1b10229bc553c4001fce9fcf7f404a2d021,,1
12,9,23721463,0xf80000000f80000000f800001f0f800000000001c,28,0 49 6,56,34,0 15 16 19 27 28 40 52 60 75 76 79 87 88 100 112 120 135 136 139 147 148 160 172 180 195 196 199 207 208 220 232 240 255,0x77c1787b09cb54cc273f1e89b349685474a1777c908f405ff69c8dc76a33c2f4,,1
12,10,23902398,0xf80000000f80000000f8003e000f800000000003a,58,0 15 36,42,28,16 22 28 39 40 51 52 76 82 88 99 100 111 112 136 142 148 159 160 171 172 196 202 208 219 220 231 232,0x3c0c62567f41ec7d9c4cd3e9a19fee113f8902243cdf4156e39af8645610d665,,1
12,11,24198444,0x3e1f0f87c3e0000000b,11,0 32 53,69,40,9 10 13 15 16 18 19 21 22 69 70 73 75 76 78 79 81 82 129 130 133 135 136 138 139 141 142 189 190 193 195 196 198 199 201 202 249 250 253 255,0x22629c3f5e84745b137ac0386bfdfbdd96dd33c10ce746596d9f5df07396a75f,,1
12,12,24305489,0x7c3e1f0f87c0000000025,37,0 58 15,44,26,12 13 16 19 22 25 72 73 76 79 82 85 132 133 136 139 142 145 192 193 196 199 202 205 252 253,0x1cc6b24b69cda42fa8f74a7ed5ce6cd80be3ac491f3d6d3348fcd4eb01ffd0d7,,1
12,13,24760392,0x1fcd,13,0 34 55,18,10,0 1 60 61 120 121 180 181 240 241,0x42681ecd8b7e102dbd5db441e71c3b309f0d7f044974af6a273392f812d5c3ee,,1
13,1,23377570,0xff00001c,28,0 49 6,18,10,7 8 67 68 127 128 187 188 247 248,0x1b62d34ddf8ae06a458f3d4a060dfb2921355e591731d39fb9876bdfdc0ed6f9,,1
13,2,24829644,0x7c3e00000003e1f0f803a,58,0 15 36,60,33,4 6 7 9 10 22 25 64 66 67 69 70 82 85 124 126 127 129 130 142 145 184 186 187 189 190 202 205 244 246 247 249 250,0x73f686bb7290d3eb6474bb3627a360586c2694c87e22dddc7c5e8c9714af6bb2,,1
14,1,22825561,0x3f8020,32,0 53 10,9,5,4 64 124 184 244,0xe8ae0c6d944789b18782e39091c5817492b8636b397fa1068cc1fb1e23841ccc,,1
14,2,22827100,0x7f000000,0,0 21 42,16,10,6 7 66 67 126 127 186 187 246 247,0x17c4e9d6f6d8d582d2863d5f3d3126d94039f1c082681cc8ac902678c5cea356,,1
14,3,22828115,0xfe0000001e,30,0 51 8,19,10,9 10 69 70 129 130 189 190 249 250,0xd973b88a997ad533c9f8c2f1f651b0eeaec6cff04613748e07a30661fc0043bd,,1
14,4,22892588,0xf8000000000006,6,0 27 48,6,4,16 76 136 196,0x08742a187267aaecc0811db723152fbffb9d0628bd9d171e4e42dc49f6ce16c1,,1
14,5,22950385,0xf8007,7,0 28 49,19,10,3 4 63 64 123 124 183 184 243 244,0x5637f974d319dab94ac3857f7fe09a8b0c4080fdb16c906282f81b69e1f81b88,,1
14,6,23036018,0x7c000000000000000003e,62,0 19 40,8,4,25 85 145 205,0x23eb0f5be02cfafcecb1260d8564a6cbff5ae40220a4c634b3cf76c6cafb65e1,,1
14,7,23138023,0xf8000000000000000000023,35,0 56 13,5,4,28 88 148 208,0x20947140f5339493c18629011147dd31ca2cbbfebdf91289e67a578414346a61,,1
14,8,23261296,0xf800000000000000000000000000001b,27,0 48 5,8,4,40 100 160 220,0x91d3539199a720059a5590704fd56f79f38a48945d561d5910d902af6d50e239,,1
14,9,23261361,0xf8000000000000000000000000000007,7,0 28 49,13,8,39 40 99 100 159 160 219 220,0x70d93436a6647cd7e9ed2d722d38e4086b1efef2ffe8efb95c28997648c59dca,,1
14,10,23261393,0x1f00000000000000000000000000000001a,26,0 47 4,17,9,0 43 60 103 120 163 180 223 240,0xbb90263ccfefb14d2b5e780ec567e3f939bdcf7bfd29e66de07677e6516a250e,,1
14,11,23361056,0xf8038,56,0 13 34,9,5,4 64 124 184 244,0x588213727711487512f0524772654c693275f2d56c813914fdd40097542809dd,,1
14,12,23712634,0xf80000000f80000000f80000000f80000000f8036,54,0 11 32,60,35,3 4 15 16 27 28 40 52 63 64 75 76 87 88 100 112 123 124 135 136 147 148 160 172 183 184 195 196 207 208 220 232 243 244 255,0xde4e1dcf698948e3326f393b5eaea89e5e85dfdcdeaf2daf9ee79061108e3a24,,1
14,13,24408084,0x7c3e1f0f87c000000003e,62,0 19 40,52,30,12 13 16 19 22 24 25 72 73 76 79 82 84 85 132 133 136 139 142 144 145 192 193 196 199 202 204 205 252 253,0x7c3014bddcce37668d730abfe2368885d1c02b02f68b3277d0dd449f7677c4a5,,1
15,1,22828516,0x7c0000000000000000000000000003,3,0 24 45,5,4,37 97 157 217,0xcb53290f5b6269f2d6e0abb57d53598abb29cba4761a63234a72f8a272263a55,,1
15,2,22849238,0x3e00000000000000000000000000000000000000000015,21,0 42 63,8,4,58 118 178 238,0x6a1e4ebb350cfa694f2a991e71ed42da5ea9ff2223177f5ad707d063ab4b087f,,1
15,3,22850957,0x1fc0000000013,19,0 40 61,8,5,13 73 133 193 253,0x83e4b5ff8df9986e7d12096e82f48f661ea02428233a4691df057fb269b92095,,1
15,4,22877742,0xf8000000000000000000021,33,0 54 11,5,4,28 88 148 208,0x06db029fc3a76a6e42bb166beedef3bf650813d2c24216c10dcfef620247885f,,1
15,5,22982090,0xf8007,7,0 28 49,9,5,4 64 124 184 244,0x7c4aff343ce4667f51c2e47d250d44a3f95a160f516cbaecc58ac15f81a026dd,,1
15,6,22983559,0xf8025,37,0 58 15,19,10,3 4 63 64 123 124 183 184 243 244,0x4a987ffc4c61d296e419821ae978d88dcd9ead762ce97087c60d5759b493f6f7,,1
15,7,23044657,0x3e0000000000000000000000000000000000000000003b,59,0 16 37,13,8,57 58 117 118 177 178 237 238,0x0be8552aa3bb9c07c0c3e2155865c8b7aedd46804ef9fc5200dbf18e2dc5c2f5,,1
15,8,23044814,0x3e00000000000000000000000000000000032,50,0 7 28,16,9,0 46 60 106 120 166 180 226 240,0xece8ef420c1e4a67caec67fff158cd12ec6ad4be2f0fcc9632b68d454442796e,,1
15,9,23045029,0xf803a,58,0 15 36,9,5,4 64 124 184 244,0x1332317d6f824acc6e6c7b8ba20627d46fb4cd7e8ee5a9fda337f28dc8218c2e,,1
15,10,23045089,0x1f000002,2,0 23 44,8,5,7 67 127 187 247,0x5acf622f9140c25e9ac3d9570498e454a04678fdab3122d12c5c839e77d04a05,,1
15,11,23045221,0x3e0000002f,47,0 4 25,10,5,10 70 130 190 250,0xf8d2a1cded88cb4e8efddef1d92a192949f73251aa59122f58f4803b456779e1,,1
15,12,23045274,0x7c0000000016,22,0 43 0,17,10,12 13 72 73 132 133 192 193 252 253,0xbd9d9598ce0906706cb26cc105574c8b559ed12721cac652f309ac6e35e2d0d1,,1
15,13,23045371,0x1f00000000000003f,63,0 20 41,5,4,19 79 139 199,0x5eb65aba831ada9df9f74367a3418b948f3576545ec8e5dd422bfdbb131cbeb1,,1
15,14,23045431,0x3e0000000000000001d,29,0 50 7,18,9,0 22 60 82 120 142 180 202 240,0xe66a4dc2631a0e90dbcc3da5793f142db6326507e4119c3d6f2f196bc5b8914c,,1
15,15,23045494,0x7c0000000000000000029,41,0 62 19,8,4,25 85 145 205,0x6fdeee01589cd548e6c9e15cc6f3e1c59d80c7de66642efba3d6855f5c08d4df,,1
15,16,23045568,0xf8000000000000000000004,4,0 25 46,12,8,27 28 87 88 147 148 207 208,0x24b117a8b284ecb8021c6768994f44322b865108f967e31148b44679e8b544b8,,1
15,17,23045648,0x1f00000000000000000000003c,60,0 17 38,5,4,31 91 151 211,0x2149d9ed5c2106b9c59f6d59eeac76161a140c302b0f010c608a9002350b8f13,,1
15,18,23045726,0x7c000000000000000000000000003b,59,0 16 37,13,8,36 37 96 97 156 157 216 217,0xf05127c68a179e69b99562cbd5d0ed3445484af94220c2d459976662c8b27c15,,1
15,19,23045798,0xf8000000000000000000000000000005,5,0 26 47,8,4,40 100 160 220,0x35573b98b6d5614e4e3dfd2195adcfd0b6cba49f0a56810f71403c51760a055a,,1
15,20,23045862,0x1f000000000000000000000000000000030,48,0 5 26,17,9,0 43 60 103 120 163 180 223 240,0xd4a826fb045468dae2a919e717acfe06060f01de974b4e4c4dea87d71ac20b3c,,1
15,21,23045930,0x3e00000000000000000000000000000000030,48,0 5 26,10,8,45 46 105 106 165 166 225 226,0xc57babd39bf8ac4e4282d749cf018ba2b305c02bb8b259336e3c2a8ca8eeec98,,1
15,22,23045998,0x1fc000000000000000000000000000000000002a,42,0 63 20,6,4,49 109 169 229,0x253e7ec960dfcbbd528a525a16cf3aaa562723f13118e383eff66c2b0fa2421b,,1
15,23,23046067,0x7f8000000000000000000000000000000000000026,38,0 59 16,15,12,51 52 53 111 112 113 171 172 173 231 232 233,0x967549a2184ffb0e53b708c5499479b2ccfa2086ebede39fe2b5040f198505d4,,1
15,24,23046161,0x3e0000000000000000000000000000000000000000002a,42,0 63 20,8,4,58 118 178 238,0x9eb1116c16c47740518b0acca6d29db79ebfebe4dd0741d3328d52ae4a5074cb,,1
15,25,23141622,0xf8032,50,0 7 28,29,15,0 3 4 60 63 64 120 123 124 180 183 184 240 243 244,0x182b80b3fecbcebf34706c358339a18b5a58410e258fec25d5fd2232be8791ad,,1
15,26,23224490,0x7c0000000000000000000000000018,24,0 45 2,5,4,37 97 157 217,0x6b96ff05a01ef93f413eb23d804b7283e12c6dbd3a89c0be14a1f3d35eb7dfaf,,1
15,27,23511325,0xf80000000f80000000f80000000f80000000f8022,34,0 55 12,40,25,4 16 28 39 40 52 64 76 88 99 100 112 124 136 148 159 160 172 184 196 208 219 220 232 244,0x84dc06efe8d5f3cecd7cac5a9c76228271b2e5010b809c223a5af14957e03e87,,1
15,28,23517708,0x1fdc,28,0 49 6,18,10,0 1 60 61 120 121 180 181 240 241,0xd27b7bb37fb5bddd1a991b0e21f387576c83fa0203759d08070e5938a573e657,,1
15,29,23722691,0x1fca,10,0 31 52,27,15,1 2 3 61 62 63 121 122 123 181 182 183 241 242 243,0x16253e062c9c1aff6e64ed657279e5c175422c3214779956b40ab2ab470be4cc,,1
15,30,23999486,0xf80000000f80000000f80000000f80000000f8002,2,0 23 44,53,34,4 15 16 27 28 40 51 52 64 75 76 87 88 100 111 112 124 135 136 147 148 160 171 172 184 195 196 207 208 220 231 232 244 255,0x1f15086fa90b7bfcce84f64b1f7e02f44c345245f592d3e5e75929899096a5a8,,1
15,31,24765332,0x7c3e1f00000001f0f8014,20,0 41 62,89,49,0 3 4 6 7 18 19 21 22 24 25 60 63 64 66 67 78 79 81 82 84 85 120 123 124 126 127 138 139 141 142 144 145 180 183 184 186 187 198 199 201 202 204 205 240 243 244 246 247,0xc884fadead333bf86e3c5caab0cf5d7b32b81ebf6c212eff103ecc7e492d9ce9,,1
16,1,22825742,0xff00001c,28,0 49 6,18,10,7 8 67 68 127 128 187 188 247 248,0x1b62d34ddf8ae06a458f3d4a060dfb2921355e591731d39fb9876bdfdc0ed6f9,,1
16,2,23298337,0x1fe00000000000000000000000000000000000000000036,54,0 11 32,16,8,58 59 118 119 178 179 238 239,0xebd4ffe89212653751d3423935672ce239e3f9ab8918265fd7c814eebdeff7ed,,1
17,1,22828796,0xf800000000000d,13,0 34 55,6,4,16 76 136 196,0x0754142c75264138e3b4b6604028a0b9bf7946c4330b3635b083266e8e443020,,1
17,2,23143780,0x3e00000000000000031,49,0 6 27,8,4,22 82 142 202,0x830d54dfffb8275361b98b38185c45344372c5930c40dfed7dc078b6d035932c,,1
18,1,22825874,0x1fe00000036,54,0 11 32,19,10,10 11 70 71 130 131 190 191 250 251,0xacdc1d862a18dbb60998889deb741afc0bd4d7d51a52cdf8a9e5f4d88a65c75c,,1
18,2,23298363,0xff000000000000000000000019,25,0 46 3,13,8,31 32 91 92 151 152 211 212,0x6f58520783345a2125875a4509419794b314d1f22e1ccb394e54540e5b49f623,,1
19,1,22828989,0x3f8000000000000000000028,40,0 61 18,5,4,28 88 148 208,0x6381e63db0d9e16f4e18e3582718a31231485ae167bafe4b52c144c3121bab3f,,1
19,2,23143819,0x1f000000000000000000000000000000028,40,0 61 18,7,4,43 103 163 223,0x81e6c70a9f4e8821a5eabd65cff3f21f632c06760e357b0fb4d6bde50b2a21cf,,1
20,1,22828304,0xf8000,0,0 21 42,9,5,4 64 124 184 244,0x75d24ebcdf5e95a5dae6cb424a0865c25f593b2cc23b44e8c7e4115d71a8205a,,1
20,2,22840541,0x3e00000000000000000000000000000000000000000015,21,0 42 63,8,4,58 118 178 238,0x05e0c215edd781808dbebeb8645102a4837d1c7aa2559f898158e815444abf65,,1
20,3,22840748,0xf8000000000000000000036,54,0 11 32,5,4,28 88 148 208,0x15a9f95bac68b0ac21d299668ea282d39c45e4a060e4ddaf489fb15acd8db8ec,,1
20,4,22842059,0x1f000000000000000000000000000000000000000010,16,0 37 58,7,4,55 115 175 235,0x76219f53f5318dd9eaf66e749e0f5b2c8f57892bc2f128fadf43623205bb9cdd,,1
20,5,22900627,0x7c0000000000000000000000000016,22,0 43 0,5,4,37 97 157 217,0xe40b4fa7775050bd40db8187b9ecd1c38688016ce20e270c94682c6750b6e167,,1
20,6,22989311,0x1f000000000000000000000000000000007,7,0 28 49,7,4,43 103 163 223,0x7c24184a91abfbac1e0a08defd56b99d2735bf7bf43f05b16b79b035ea891150,,1
20,7,22989380,0x1f000000000000000000000000000000000000000017,23,0 44 1,12,8,54 55 114 115 174 175 234 235,0xae80e491821c330b8fe1681866025e99bfa6ff91a7d881648ee3841b8b750dd6,,1
20,8,22989442,0x3e00000000000000000000000036,54,0 11 32,6,4,34 94 154 214,0x5743567419fd56577513c73be54cd7f929a2023307d6a0477a3a5940471b8fd2,,1
20,9,23091623,0x7c0000000000000000013,19,0 40 61,8,4,25 85 145 205,0xcb385f0a425d960ccce1ddfbfac03b60c325eeafa85dfacefc3788e0d05ddb33,,1
20,10,23191929,0x7f00001b,27,0 48 5,18,10,0 7 60 67 120 127 180 187 240 247,0x7bc6da794feb7ea7ac903c9faa3d978f512b7cd2a9c59aab3cca07e436683018,,1
20,11,23191973,0x7f000000000000030,48,0 5 26,5,4,19 79 139 199,0x24796ee2cb19542b361f71199bb4a25e9699209db2f3ef585306e8b9d02ae82c,,1
20,12,23192015,0x7f000000000000000000000032,50,0 7 28,5,4,31 91 151 211,0x42f9f3ecd3f0bbde54bdd82766905649b8a84e5f0da241f85b19b15ecd480034,,1
20,13,23192057,0x3f8000000000000000000000000000019,25,0 46 3,8,4,40 100 160 220,0x49ac322899c351b2cb52722995a8f381e5b1e5c036d79313b08109d218d63911,,1
20,14,23192115,0x3f8000000000000000000000000000000000000013,19,0 40 61,7,4,52 112 172 232,0xc4aaa4278065f248218a59953b8dbf9d80f4f047487cfccd35bf13f1a8add486,,1
20,15,23192160,0xfe0000000000000000000000000000000000000000000b,11,0 32 53,13,8,57 58 117 118 177 178 237 238,0x6673439db3e79be6118f9e75260cc3c0ed2cc76cd63a5b4692e1c75e354fcfcb,,1
20,16,23222655,0x1fc000000002a,42,0 63 20,8,5,13 73 133 193 253,0xc45d4fe31fe564d70f839c9307a2682b5645e264ad359975fd3938745f6b3977,,1
20,17,23222710,0x1fc0000000000000000010,16,0 37 58,16,8,24 25 84 85 144 145 204 205,0xdf4a75dc630051d8ad0a2bc090852d465a5fba65ceb905fd56b0b35de08c46ef,,1
20,18,23222741,0xfe0000000000000000000000003f,63,0 20 41,24,13,0 33 34 60 93 94 120 153 154 180 213 214 240,0x4539cde60f6d0c5f9aa1ef967ac3368045db9a7ed571b47488e6a0381f384c53,,1
20,19,23222773,0xfe00000000000000000000000000000000017,23,0 44 1,6,4,46 106 166 226,0xc80865df49552302ec1908f01b4d4b8d3dcdb56ffc86621ee1c6bc26f40b081e,,1
20,20,23222811,0x7f000000000000000000000000000000000000000009,9,0 30 51,12,8,54 55 114 115 174 175 234 235,0xc6d3da15d905c789635eeb09cffb2e25fc9a5116292d03cd0126634a9dc28d75,,1
20,21,23368344,0xf8009,9,0 30 51,19,10,3 4 63 64 123 124 183 184 243 244,0xa131525bb783896525b501baa68a840ddf0b2eccb94b8bad4e0da02b9a20dcdb,,1
20,22,23368374,0xf8000000000015,21,0 42 63,14,9,15 16 75 76 135 136 195 196 255,0x8d5547056bc667ddf8cb5d6e41be47b1d10f66781c989030c6b9c63123de36dd,,1
20,23,23606568,0xf80000000f80000000f8000000000003e1f00003e,62,0 19 40,70,44,6 7 9 10 27 28 39 40 51 52 66 67 69 70 87 88 99 100 111 112 126 127 129 130 147 148 159 160 171 172 186 187 189 190 207 208 219 220 231 232 246 247 249 250,0x750e41462bc16b747fba64797de1414c55baf7e17bb9ce6f6563ef4ca1e02054,,1
20,24,24450100,0x7c3e1f0f87c0000000004,4,0 25 46,59,34,12 13 16 18 19 21 22 25 72 73 76 78 79 81 82 85 132 133 136 138 139 141 142 145 192 193 196 198 199 201 202 205 252 253,0xeaf7074cab756065bdb3c2fc3c2370beec0629740d7de31740bae5f3064a492f,,1
21,1,22829034,0x7c0000000000000000000000000000000000024,36,0 57 14,6,4,49 109 169 229,0x6d7845b72214bce3f8081e983e0b6c3a9d860156fb992a8cdcce59858346b47d,,1
21,2,22972941,0x1f00000000000000000000002c,44,0 1 22,5,4,31 91 151 211,0x2146fe42707f815607741c9c721d77b3f467d988a780b743a9ab833fedc8306a,,1
21,3,23143862,0x1f000000000000000000000000000000000000000008,8,0 29 50,7,4,55 115 175 235,0x5374cfa99352e5242d5aca2bdd7f8a55fc786ffa1763248d2dda43eddc38e39b,,1
22,1,22826440,0x3f800000000000000000000000000003e,62,0 19 40,8,4,40 100 160 220,0xb2339b7203ed4edd2a80f69c6fe71c1a84b3943cfcf889cfaf739348d2614e95,,1
22,2,22827788,0x1fc0000000000000000000000000019,25,0 46 3,5,4,37 97 157 217,0x6f27808b9ebfd93cf1d2d5bc8f78f1aadb8570ec185e7043bfb2ab4b5a2401f3,,1
22,3,22841277,0x7f8039,57,0 14 35,19,10,4 5 64 65 124 125 184 185 244 245,0xe5e19a782895fc87160e0189b3bc00a0d8afca4466a53a2828f50cef24a32d36,,1
22,4,22841765,0x1f000032,50,0 7 28,16,10,6 7 66 67 126 127 186 187 246 247,0x27095d4b78765bd874efd83bfec10eae0dd194035450da985ff7fba3556ca883,,1
22,5,22841787,0x3e00000000,0,0 21 42,10,5,10 70 130 190 250,0x30fe1d09ca32000c778c370b72a40b970aa0ea083bc359af5302c273b28fd4a8,,1
22,6,22841809,0x7c0000000030,48,0 5 26,18,10,0 13 60 73 120 133 180 193 240 253,0x5072f156e41f06393fe93e71db54783ecb3fdfa64a5b8bec21a0f2b0ef0b7d63,,1
22,7,22965518,0xf8000000000000000000023,35,0 56 13,5,4,28 88 148 208,0x7798e3c213a682f1d40daae3d0c6624a03e0efcc4bcc53a9a84e98b7fd4d4b6d,,1
22,8,23130488,0x3e0000000000000000000000000000000000000000000c,12,0 33 54,8,4,58 118 178 238,0xf1070e18310e8eaa2bc0589a480c6229cc283b7c8d20ba2a1a478896e280d782,,1
22,9,23130521,0x1f000000000000000000000000000000000000000021,33,0 54 11,7,4,55 115 175 235,0x69b923538451e2f736465eb0d99db9ca910b80efeb8159edcf22589c7533e301,,1
22,10,23130548,0xf800000000000000000000000000000000000002e,46,0 3 24,7,4,52 112 172 232,0xb9afb1542de0b10df3f485814a4f859bda449d16a1c9d13da0275ebdeb2ff813,,1
23,1,22827848,0xf8000,0,0 21 42,9,5,4 64 124 184 244,0x75d24ebcdf5e95a5dae6cb424a0865c25f593b2cc23b44e8c7e4115d71a8205a,,1
23,2,22828285,0x3f803c,60,0 17 38,19,10,3 4 63 64 123 124 183 184 243 244,0xf3ddfa1263243fefd2dc61afdde339d7f07b37e3ef669a8a47089d0f9abeb51c,,1
23,3,22849757,0x3e00000000000000000000000000000000001,1,0 22 43,6,4,46 106 166 226,0x6c5ad0bef2126b4a790d3dc27f1cb3fe81a3882f0fc98793d6a2ec2badd47a9c,,1
23,4,22849803,0x1f000000000000000000000000000000000000000010,16,0 37 58,7,4,55 115 175 235,0x20b1620fd030b59ec6eb58692788a03f0998306a38d239d69a2136c59c7ec46c,,1
23,5,22849827,0x3e0000000000000000000000000000000000000000002e,46,0 3 24,8,4,58 118 178 238,0x8443da3c9c915811f7811f12046b9eb2d4e306538e4d9d58be50e69bbd6fb635,,1
23,6,22849854,0x3e00000000000000000000000012,18,0 39 60,6,4,34 94 154 214,0xf4f21867216993bd5c6cf1bdbc1e532701db144345b40370aad4846ec0c07e88,,1
23,7,22849891,0x7c0000000000000000011,17,0 38 59,8,4,25 85 145 205,0x9c30f599dce603e243772a40aac585cd6610041968924953f36bf3f07f5901cb,,1
23,8,22865392,0xf803d,61,0 18 39,19,10,0 4 60 64 120 124 180 184 240 244,0x289135193ca27a93fcd5c9a2f9309d04dff90f129e7058d9dc59853d32ac3e92,,1
23,9,22870779,0xf8000000000000000000032,50,0 7 28,5,4,28 88 148 208,0x302db854857109d6c0d69333b83def72909fca0b7c09135d3cd7c38a208600c8,,1
23,10,22870810,0x7c000000000000000000000000000000000001e,30,0 51 8,6,4,49 109 169 229,0xfc0ab0ee2b85f1f80bd0cd56617f7002a716800611c7828fba423da6315c8786,,1
23,11,22870894,0x3e0000000000000000000000000000000000000000001f,31,0 52 9,13,8,57 58 117 118 177 178 237 238,0x6e449d66b8c26a9c89d9016703aa96d7239f6919a01ea02898a1e82c3bf29c03,,1
23,12,22877606,0x7c000000000000000000000000000000000000d,13,0 34 55,14,8,48 49 108 109 168 169 228 229,0x36978a29dfa9ebdc00d2f722d734e70e8a98fc00c8fe5fee184243a7372ac7a8,,1
23,13,22888166,0x1f00000000000000000000003b,59,0 16 37,5,4,31 91 151 211,0xee479da20105383aba4700fceb77ff07a21b3c9cb138793c9642d4fcd272c267,,1
23,14,22980206,0xf8002,2,0 23 44,19,10,3 4 63 64 123 124 183 184 243 244,0xc43bb89a389a7eb7bb0f9471db366a545bbc3f30b772fdc386a9c8896e749451,,1
23,15,22980609,0x3e0000000000000000000000000000000000000000001e,30,0 51 8,8,4,58 118 178 238,0xa505177e5ed2a964731c54880972f1911f7dfa0eed7ccd47f495134f9c51975b,,1
23,16,22983397,0xf801a,26,0 47 4,29,15,0 4 5 60 64 65 120 124 125 180 184 185 240 244 245,0x72f90d954569cd31f54f31a602761fc1bead2f036da4a6a9b8fd356062c99ce8,,1
23,17,22984250,0x1f00001b,27,0 48 5,16,10,6 7 66 67 126 127 186 187 246 247,0xccf2226b25633f4bd29b4269f8c3340ac7c11f70df9746549945a45e3dc6a6b7,,1
23,18,22984342,0x3e00000036,54,0 11 32,10,5,10 70 130 190 250,0x1856b9e4625f962a4aeff1a2f9adecd5efb123c3db9a5f0ea9801fb3b0cc456d,,1
23,19,22984383,0x7c000000003e,62,0 19 40,8,5,13 73 133 193 253,0x0fcf3b75aee6dbeccfa79ff97b0643af8275d4c872fcf25216e313e2d04044ba,,1
23,20,22984496,0xfe00000000000000007,7,0 28 49,8,4,22 82 142 202,0x60c04bf03dfd2cb68fd667c2b08b10f086af07ed72006de9c0263cdd21377947,,1
23,21,22984598,0x7c0000000000000000018,24,0 45 2,16,8,24 25 84 85 144 145 204 205,0xd983e91ea46916068f81fd34b00ac33039fcda22939dce6c02a28bc988a07052,,1
23,22,23033250,0xf800000000000000000000000000000b,11,0 32 53,8,4,40 100 160 220,0xda7b5367fab4791ac8f01ee380bf7f569986ee30c68abfec42fda0c19a612003,,1
23,23,23033276,0x1f000000000000000000000000000000021,33,0 54 11,7,4,43 103 163 223,0x84a3e26284d58ba83443c0e387c08e92a3c358b41e9afb93d60bafb0021e89ea,,1
23,24,23033298,0x3e00000000000000000000000000000000039,57,0 14 35,20,13,0 45 46 60 105 106 120 165 166 180 225 226 240,0x707079d47a7e917938a8db44c14a6b6b17ddefc5a5397a23cb4386d59c9d70e8,,1
23,25,23033338,0x3e00000000000000000000000000000000008,8,0 29 50,6,4,46 106 166 226,0xe223799479f7357d8250a761dd2606d0f21082f6b599526fc5da1b378a9c63dd,,1
23,26,23033365,0x7c000000000000000000000000000000000000f,15,0 36 57,6,4,49 109 169 229,0x08aa874108453833b6707184e36a75f780dce1ed2ae3f7d6007ceafc5051c4eb,,1
23,27,23033401,0xf800000000000000000000000000000000000000b,11,0 32 53,7,4,52 112 172 232,0xaebafd5f4e2f796cb5072fd43feb3d91c41a65ff9cf4477b0446b9f726e982f5,,1
23,28,23033423,0x1f000000000000000000000000000000000000000027,39,0 60 17,12,8,54 55 114 115 174 175 234 235,0x18366aaa7ae114e5c0a9f5ad181c92821428c7faf936586b3a93843620f80897,,1
23,29,23033534,0x3e00000000000000000000000000000000000000000011,17,0 38 59,13,8,57 58 117 118 177 178 237 238,0xba5eb49f7a4ba075243f5b590df5602ac71f900e1e9ea640d38a390b1ce0fd0b,,1
23,30,23033557,0xf8000000000000000000035,53,0 10 31,12,8,27 28 87 88 147 148 207 208,0x0abd43b93fe93706e929fe5b3669f38bd8f914be27ea47275ac4e971d2ca0451,,1
23,31,23033587,0x1f00000000000000000000002e,46,0 3 24,8,8,30 31 90 91 150 151 210 211,0x9e0bc2c5cb6d941c61363867ea9f5cf2964163639cdc96449336aaa6a1a50d80,,1
23,32,23033608,0x3e00000000000000000000000038,56,0 13 34,24,13,0 33 34 60 93 94 120 153 154 180 213 214 240,0x265d5f3293b20037a347383aeab146f42c7dd7a7ed3ad7b20e8f9fa7cee108e6,,1
23,33,23033628,0x7c000000000000000002f,47,0 4 25,8,4,25 85 145 205,0x4e77b446c975d4c4e2d3006579559003898927cb86426d71010d6733f9187965,,1
23,34,23033653,0x3e00000000000000002,2,0 23 44,16,8,21 22 81 82 141 142 201 202,0x507e36539eb1fe4be12176f5b6d8d1245a8d30e1b54a5fa3788542bc97bf6e3a,,1
23,35,23033679,0x1f000000000000031,49,0 6 27,5,4,19 79 139 199,0xcd473406bfdce7d7a23924678d63e1c8ae180c2dee39d1ebe5dd3ef969fa2c4d,,1
23,36,23033706,0xf800000000001d,29,0 50 7,6,4,16 76 136 196,0xcb8581fca214f3196b923fbfad233163c8a6a8e03a14a6606eda604cda07dc5f,,1
23,37,23033731,0x7c0000000039,57,0 14 35,17,10,12 13 72 73 132 133 192 193 252 253,0x52ac8da4c9b930cfc127520b9f4281371e5656e8a02e40c216213a26e6571bd2,,1
23,38,23033754,0x3e00000035,53,0 10 31,29,15,0 9 10 60 69 70 120 129 130 180 189 190 240 249 250,0x648a80f1ab61538e200ad29a3573adc29e74e4288df57a6f637c588cf2089672,,1
23,39,23033776,0x1f000028,40,0 61 18,8,5,7 67 127 187 247,0xe149c7dcbf8d551dc58470ee4e5226ed41ef99d838e8e4ab5c967e823842dd98,,1
23,40,23033804,0xf8010,16,0 37 58,19,10,3 4 63 64 123 124 183 184 243 244,0x6ad2ba25617e4d0ddfd9812104e899da1e9059bf965be48f4ae10070e1705001,,1
23,41,23044536,0xf8002,2,0 23 44,9,5,4 64 124 184 244,0x67573b0dff7b8ea9918abbf29f61acf3876426a7d212e28b62efae51d0194319,,1
23,42,23046397,0xf8023,35,0 56 13,19,10,3 4 63 64 123 124 183 184 243 244,0xc51d11de8804a90fa0e651d11dc834c6928233bfd24c05230cac41e1b80cf9b2,,1
23,43,23046427,0x1f000020,32,0 53 10,16,10,6 7 66 67 126 127 186 187 246 247,0x475d9df110a0dca9fec244d6861d0241b1bb7ddc4310029332d30d125d6c3ea3,,1
23,44,23046453,0x3e00000020,32,0 53 10,10,5,10 70 130 190 250,0xab9d992f0e091d10deaeb3f5d9f81f927e4bc1d5f00a313b362ab4e530be49ae,,1
23,45,23046496,0x7c0000000022,34,0 55 12,8,5,13 73 133 193 253,0xd5689c587395de128c2236f1812900ef262bc462aaf56d4d96d1c3340b6a141c,,1
23,46,23046552,0x7c0000000000,0,0 21 42,17,10,12 13 72 73 132 133 192 193 252 253,0xe9f771be31391e361840f709ee1a99790201cb889e2d3dbc78913ec4e4666510,,1
23,47,23046578,0xf8000000000013,19,0 40 61,14,9,15 16 75 76 135 136 195 196 255,0xc5e1a385df7adae95d10360b3cc1b1b6f2a1787ed4f555bb300744e2e22c21d4,,1
23,48,23046600,0x1f000000000000006,6,0 27 48,12,8,18 19 78 79 138 139 198 199,0x657a67de33453897983bf3d8957186c45a0429604ba0cb2f55107f0526f3d96d,,1
23,49,23046621,0x3e00000000000000007,7,0 28 49,8,4,22 82 142 202,0x431d6cb3f8f7c764660e68e055e8260f1afd46f7f6fff93b106af49278d3fef1,,1
23,50,23046642,0x7c0000000000000000002,2,0 23 44,16,8,24 25 84 85 144 145 204 205,0xed78a763281ce042e4f4682b13f49eb1924fa289a2eaa1f3c2593ca804e2e951,,1
23,51,23046663,0xf800000000000000000002e,46,0 3 24,15,9,0 28 60 88 120 148 180 208 240,0x3dca6bca7059714330cf0504a8947f7dc63058e807307efe3b9fa6a1003587d2,,1
23,52,23046683,0x1f000000000000000000000021,33,0 54 11,5,4,31 91 151 211,0x03fe326bed88dc681961a9fba1a0187587723e707ae29d4af708f8c279296a7f,,1
23,53,23046704,0x3e00000000000000000000000034,52,0 9 30,6,4,34 94 154 214,0xfc97614689b01b3813a93e29410bea63a50d3da486e9f511295f7aae383b3f00,,1
23,54,23046728,0x7c0000000000000000000000000023,35,0 56 13,5,4,37 97 157 217,0xfcc302e39396ce1549b8dc5d18a35f1bbc12533e75f55aeef6f62428818382aa,,1
23,55,23046750,0xf800000000000000000000000000002d,45,0 2 23,13,8,39 40 99 100 159 160 219 220,0x9820c225e26501783e54da2933ae08e4a23413152d9e282664c7d168524ff78e,,1
23,56,23046772,0x1f000000000000000000000000000000006,6,0 27 48,13,8,42 43 102 103 162 163 222 223,0xfb7ff3c9191e269090dba880741cc0b76f59b502c4e94d192c1f612e083cfdb8,,1
23,57,23046792,0x3e0000000000000000000000000000000000a,10,0 31 52,10,8,45 46 105 106 165 166 225 226,0xd870ff50cce0c9e9b5ec308b342bab0da7cf30a30cb9fa4c51d03a4f128be77c,,1
23,58,23046814,0x7c000000000000000000000000000000000003f,63,0 20 41,24,13,0 48 49 60 108 109 120 168 169 180 228 229 240,0x6da06524e5787acb97960d0e08794f1ea6e8ff0265f39616421fb7ef87919b07,,1
23,59,23046835,0xf8000000000000000000000000000000000000004,4,0 25 46,10,8,51 52 111 112 171 172 231 232,0x654000f597c7b02ee3d0adbebd34b04dac3997027e4bc590bfb9ebe9c43ec59f,,1
23,60,23046872,0x1f00000000000000000000000000000000000000001c,28,0 49 6,7,4,55 115 175 235,0x3334ddd0193eb8431e2087a387f8cf2c6deae69fa5b4a665a54bcd92d07c65a3,,1
23,61,23046894,0x3e0000000000000000000000000000000000000000002f,47,0 4 25,8,4,58 118 178 238,0x3ad7befa66686b7928baaf26c01f023aaca6e40e21c80e81bb1b5acc00e6a582,,1
23,62,23218241,0xf801a,26,0 47 4,9,5,4 64 124 184 244,0xeda1d47adc6aafeb166a52a451168de889e7136493f066d89bebc08d548bffb8,,1
23,63,23509262,0xf80000000f80000000f80000000f80000000f8024,36,0 57 14,52,30,3 4 16 27 28 40 52 63 64 76 87 88 100 112 123 124 136 147 148 160 172 183 184 196 207 208 220 232 243 244,0x85deda18fdcdd68fd9762649ab0f0152ae1a25ec273555a6a10febfd80933e78,,1
23,64,23576480,0x1fcc,12,0 33 54,18,10,0 1 60 61 120 121 180 181 240 241,0x1d4493e0d8b689144e19723d04fe03808c2ad3447e823f061f155a81377f6085,,1
23,65,24004388,0xf80000000f80000000f80000000f80000000f8024,36,0 57 14,61,39,3 4 15 16 28 39 40 51 52 63 64 75 76 88 99 100 111 112 123 124 135 136 148 159 160 171 172 183 184 195 196 208 219 220 231 232 243 244 255,0xe6e85f242c7c0e9917b6b0a784b56caafba61bc94dc0f412473b0b4e48a20d4b,,1
23,66,24741901,0x7c3e1f00000001f0f801c,28,0 49 6,46,26,4 7 19 21 22 25 64 67 79 81 82 85 124 127 139 141 142 145 184 187 199 201 202 205 244 247,0xa3b8636f3dc4a7f54f8ba7d6bc7b77989469744be67cc9a0784a2f58d474ba95,,1
23,67,24903268,0x7c3e00000003e1f0f8010,16,0 37 58,78,42,3 4 6 7 9 10 22 24 25 63 64 66 67 69 70 82 84 85 123 124 126 127 129 130 142 144 145 183 184 186 187 189 190 202 204 205 243 244 246 247 249 250,0x520221e9f136b08acf09a0800201349fdeaa1c32be668d63697fbb2466c25514,,1
24,1,22828619,0x3f8020,32,0 53 10,9,5,4 64 124 184 244,0x39ba80e1866ffc1d09de2e597461e3e9deef25f301dfaeff660571953e4a380e,,1
24,2,22835365,0xfe00000000000000000000000000000000000000000033,51,0 8 29,8,4,58 118 178 238,0xeeb07a27795157aa9a4a66f0b3fb92e14a8c614b0b72d55cdee05a8e72cebebc,,1
24,3,22836046,0x1fc000000000000000000000000000000000002c,44,0 1 22,6,4,49 109 169 229,0x7720362a42dd1e4e712d46c40ef4bd01120c2ad3533cda84011a80a14a409336,,1
24,4,22921114,0x3fc0000000000000000000000000011,17,0 38 59,9,8,37 38 97 98 157 158 217 218,0x72ab40a349b7416dc963e0688fdd78c39be0525e796f67759ab44d1046ade422,,1
24,5,22942123,0x3f800000000000000000000000000001f,31,0 52 9,13,8,39 40 99 100 159 160 219 220,0x2a74691da55e2e2e39a68ba3d9a2545671c5de4050ad90e1e51cea563dbca827,,1
24,6,22942771,0xff000000000000000000000000000000007,7,0 28 49,20,12,42 43 44 102 103 104 162 163 164 222 223 224,0x58595a6b8f2e15e1fe428da0024b537600b03cb9f5cdc6458bb94f8cd3a325be,,1
24,7,23121565,0x1fc0000000023,35,0 56 13,8,5,13 73 133 193 253,0xb44105d4cbef5544941f7fe15c5eb8ab3567d89bf511662eb43b20ad69e5657f,,1
24,8,23217782,0xf803d,61,0 18 39,29,15,0 3 4 60 63 64 120 123 124 180 183 184 240 243 244,0x5f7573a2657aed34b2f88169fae576cafc2565a1be61204276131c07f021ea7d,,1
24,9,24865173,0x7c3e00000003e1f0f8001,1,0 22 43,51,28,4 6 7 10 22 25 64 66 67 70 82 85 124 126 127 130 142 145 184 186 187 190 202 205 244 246 247 250,0x87d853cb90a5479a660246d64621a59912a27126dd9edeb67ede51b550530a0b,,1
25,1,22829108,0x7f00000000000003a,58,0 15 36,5,4,19 79 139 199,0xb6aa06fc81f8b345872e7647b680fb2d3936607a2d9e0e02d437fcf29b77e9c1,,1
25,2,22841312,0x7f8022,34,0 55 12,19,10,4 5 64 65 124 125 184 185 244 245,0x91afe4a7e99b5fde60bcfa1e41ebd0468cacb2e16cac177580f915013a5031eb,,1
25,3,22841830,0x1f000028,40,0 61 18,16,10,6 7 66 67 126 127 186 187 246 247,0x6ed8095c7fcc1301e37499c13b4dd3289061951d5228033a56feb0e17f5998e1,,1
25,4,22841862,0x3e00000002,2,0 23 44,10,5,10 70 130 190 250,0xfe8c1298d3da9249a211fb0e2b41692e29e3dec8f4c40532edb9c6f73cdac67e,,1
25,5,22841884,0x7c0000000035,53,0 10 31,8,5,13 73 133 193 253,0x391ef61256286538f8f34844c359927035590ebf245526001a48fc9b6d2fb88a,,1
25,6,22965548,0xf8000000000000000000032,50,0 7 28,15,9,0 28 60 88 120 148 180 208 240,0xf734c27599ee4174fb5231f837bf4feb797d517253ce42e4b7dcd001766f6e84,,1
25,7,23130583,0x3e0000000000000000000000000000000000000000003b,59,0 16 37,8,4,58 118 178 238,0x7780c452d1e4254356e364f6f47266400ad712763074e4ba2417355b4ab1ee1a,,1
25,8,23130606,0x1f00000000000000000000000000000000000000000e,14,0 35 56,7,4,55 115 175 235,0x6d1975120f01acb224336d75a0e47c92ae66e76b2520658339227179f452e001,,1
25,9,23130631,0xf8000000000000000000000000000000000000001,1,0 22 43,7,4,52 112 172 232,0xfa5bd246edae08eb0416de36be1f4a16b760cbda110d9cf4936260e25fca84d3,,1
26,1,22830009,0xff000000000000000000000000000000000000000018,24,0 45 2,14,8,55 56 115 116 175 176 235 236,0x41981c3433782fc4e22eb2b8248f7ecab73c32e6d7826d1e3e93e5304dc056ae,,1
26,2,22866694,0x1fe0000000000000003c,60,0 17 38,16,8,22 23 82 83 142 143 202 203,0x19811b18978abf0ee08173e771b5754889849271b595323a49106337bc1f6a4a,,1
26,3,22876443,0x1fe00000000000000039,57,0 14 35,24,12,21 22 23 81 82 83 141 142 143 201 202 203,0x2a9e7f05361a647d289b8d70a81567ab9e5d746e3378a37cc095d4d8e9bb00de,,1
26,4,22978401,0xf8037,55,0 12 33,9,5,4 64 124 184 244,0xa0a16d21493d2a1bb21e234df5c2911c8aa2f96ab92026c829656e49717c1e72,,1
26,5,23100996,0x3e0000000000000000000000000000000000000000002e,46,0 3 24,23,13,0 57 58 60 117 118 120 177 178 180 237 238 240,0xb5d8b4c624c01ec50f1e42161b9cd6a3f6be282b1a22bbe087ab47fd577a3f40,,1
26,6,23154614,0xf8025,37,0 58 15,19,10,3 4 63 64 123 124 183 184 243 244,0xe8d406f0daf0d04f9aacbb560390e6f028fe4ec39a0f37286eb77d97a43cd3c5,,1
26,7,23154959,0xf8000000000000000000023,35,0 56 13,5,4,28 88 148 208,0x29ab54366585243ef4d5745ed4f4b81e73836f172bc4ebb99335f3258ab5ff2c,,1
26,8,23155148,0x7c0000000000000000000000000010,16,0 37 58,5,4,37 97 157 217,0x1cb2b776e6cdbe37a908b8fe421a9e6841b85ea2495d44f6e365f85253326996,,1
26,9,23155240,0x3e00000013,19,0 40 61,10,5,10 70 130 190 250,0x19935f3b64dc2b0d90b97bc573fbd0497e5b7292ed7385a9dc32f3d443dacf4f,,1
26,10,23155313,0x7c0000000019,25,0 46 3,8,5,13 73 133 193 253,0xe7f727f048e6ceddb9655f8f4067cd4427c1fea1912a37c88d4204a6e74d5dd0,,1
26,11,23155372,0x1f000000000000033,51,0 8 29,5,4,19 79 139 199,0x05a94c764de7c15e268ef4150df641a70741ecdd6aa1b54055247464feedd2b4,,1
26,12,23155427,0x3e00000000000000023,35,0 56 13,18,9,0 22 60 82 120 142 180 202 240,0xdfff638c5a21de14bee92ea95caad731b2d2ce355b87d9703d8eb51d54f33769,,1
26,13,23155477,0x7c000000000000000000b,11,0 32 53,16,8,24 25 84 85 144 145 204 205,0xf27279b999c78bcae1db8e6b1eb0d0bc2e1959ee96277d407c6e982bca4f5c1a,,1
26,14,23155539,0xf800000000000000000000a,10,0 31 52,12,8,27 28 87 88 147 148 207 208,0x5307f05f396d9394bdd9b6a259f8e773db86267fe71cc86126c2b8165df5e9a4,,1
26,15,23155591,0x1f000000000000000000000027,39,0 60 17,5,4,31 91 151 211,0x09a97a8feeccaef8b040c72712778df31cb141ae2e47524c61a636b73adb089b,,1
26,16,23155644,0x3e0000000000000000000000001b,27,0 48 5,6,4,34 94 154 214,0xd26685c94daa02b4c660127c4c4fef5b0386715b3d2c4e7e7d052c19eb955c5c,,1
26,17,23155736,0x7c0000000000000000000000000003,3,0 24 45,13,8,36 37 96 97 156 157 216 217,0x4683272deaa522eecf63cdcff3d7b1b6f0c036a57ae0ea479edeb65715aec246,,1
26,18,23155803,0x1f00000000000000000000000000000000b,11,0 32 53,7,4,43 103 163 223,0xae42ef19985a6fa66cd44bd292fc08e8eb6dd7cb060e59418012ee6c59ad58a6,,1
26,19,23155855,0x3e00000000000000000000000000000000027,39,0 60 17,6,4,46 106 166 226,0x90279646032f32936ce9e5a7ebdae5e973009fb2f54548fc8d2e81dbb1c51f59,,1
26,20,23155937,0x7c000000000000000000000000000000000003b,59,0 16 37,6,4,49 109 169 229,0x444a8b1a31a080f477228f89e68f7a206137a6f72dc4e2b0a0c25626ed868101,,1
26,21,23155990,0xf800000000000000000000000000000000000003c,60,0 17 38,17,9,0 52 60 112 120 172 180 232 240,0x3fdb0c6c9e344eaa74e82f34afe9b155488efea5ef1c3ceced764c163d095cd8,,1
26,22,23156039,0x1f000000000000000000000000000000000000000024,36,0 57 14,12,8,54 55 114 115 174 175 234 235,0x222c9d97db08e5a0d3ea9fb8baa0538097970431453b4288172b7aa208d91cd5,,1
26,23,23156104,0x3e0000000000000000000000000000000000000000003c,60,0 17 38,8,4,58 118 178 238,0x31ee4f21e4ff3da612a25894c8569846a76f84449f66a8b901befd195b077177,,1
26,24,23158665,0x3e0000000000000000000000000000000000000000002a,42,0 63 20,13,8,57 58 117 118 177 178 237 238,0xd2a62933a83fae934c3b05e70c6c54e912e0dd22bcad9db5a659cda11d7ad32a,,1
26,25,23158724,0x3e00000000000000000000000028,40,0 61 18,14,8,33 34 93 94 153 154 213 214,0xbc031455b3866ef9f9a7c50c85a842a5d279b03445324953bc6cdb3dea2e60b5,,1
26,26,23158792,0xf8000000000000000000000000000025,37,0 58 15,18,9,0 40 60 100 120 160 180 220 240,0x20bdd18ff1e4f50e258fb8882b00425acd00be2758f129a36d0f719dcfe37354,,1
26,27,23208814,0xf801c,28,0 49 6,9,5,4 64 124 184 244,0x4bdac3235cc7baa0cb16082475390e6261ecb7bbd94617f8303e1d925c2acc38,,1
26,28,23208974,0x1f00003f,63,0 20 41,8,5,7 67 127 187 247,0xa408e773fc7893ace510e35c933ade3a94087b502f63097640030fa2b6228775,,1
26,29,23209085,0x3e0000000b,11,0 32 53,19,10,9 10 69 70 129 130 189 190 249 250,0x44aae262f080241cba72fb3653941d8f369be78d1bb21a441ce581b1c7a1e24a,,1
26,30,23209155,0x3e00000001,1,0 22 43,10,5,10 70 130 190 250,0x847f3cb302d1b9767651ff41c9075eeb3357ca7e4afd5777601f852fef193d2d,,1
26,31,23209222,0x7c0000000013,19,0 40 61,17,10,12 13 72 73 132 133 192 193 252 253,0xaf5a8714a1e0496fa6e3f75dd3e10f1d7b94384636cf2a4b9f943518c132b2c8,,1
26,32,23209478,0xf8000000000007,7,0 28 49,6,4,16 76 136 196,0x5657d35efcd87d4b3a64b1155642ce2a052867ebbe99dbe83ad96e707f03c24a,,1
26,33,23209566,0x1f000000000000034,52,0 9 30,12,8,18 19 78 79 138 139 198 199,0xf6f7fb7b8945907a53c67477169b778a40e1c29f491b3a8c249ca8bae9a2b089,,1
26,34,23209613,0x3e00000000000000002,2,0 23 44,16,8,21 22 81 82 141 142 201 202,0x4fa18975b1b8d3f5e499cd547a77d23b17cc658dc707b70039b07cc6ffd38434,,1
26,35,23209662,0x7c0000000000000000032,50,0 7 28,18,9,0 25 60 85 120 145 180 205 240,0x07d55bb2832fcbda0941f660e06aabc8f392eb7372561a9b33541ceb97ec26b1,,1
26,36,23209710,0xf800000000000000000000e,14,0 35 56,5,4,28 88 148 208,0x79883eeb8c845a3421e2f268ca6d8d1f75beb44b2619e3594ea4df3e967b3bee,,1
26,37,23209755,0x1f000000000000000000000027,39,0 60 17,8,8,30 31 90 91 150 151 210 211,0x6f8ac8310de3f07c4892cc144b2e3a65742088c64eb04674e6b764e49e0eb80c,,1
26,38,23209808,0x3e00000000000000000000000038,56,0 13 34,6,4,34 94 154 214,0x863e9168681b0d70603f7500ed58f25ccaea6a7b1381b67771cd2b979a9772d3,,1
26,39,23209859,0x7c0000000000000000000000000012,18,0 39 60,5,4,37 97 157 217,0x811a8c66cd5edbb8a4ee7fd9e81170841049346ad8622d9162661ea9e2ed2ad2,,1
26,40,23209962,0x7c000000000000000000000000003a,58,0 15 36,13,8,36 37 96 97 156 157 216 217,0x006b684c7a0ac8498fbdd954ff6222138eff11333e325bdcf003350d07b8cbe9,,1
26,41,23210005,0xf8000000000000000000000000000021,33,0 54 11,23,13,0 39 40 60 99 100 120 159 160 180 219 220 240,0x07a1d8acefb75769bafee7845f726cba6041fe0b44ad091c43bc26756809021e,,1
26,42,23210048,0x1f00000000000000000000000000000000d,13,0 34 55,13,8,42 43 102 103 162 163 222 223,0x8dcff0bbe13efd2a557ce55148694074c0e7401ddf795057a9efa47830ff87db,,1
26,43,23210094,0x3e00000000000000000000000000000000035,53,0 10 31,10,8,45 46 105 106 165 166 225 226,0x21920cbef334f89b506d75b56f4221f0dbfcea17875966ee8e4d38d568482d1e,,1
26,44,23210139,0x7c0000000000000000000000000000000000035,53,0 10 31,14,8,48 49 108 109 168 169 228 229,0xbbd614cc7f28828363845fc18cad655f43b1b1eb97422dabed5de2a476f84fdb,,1
26,45,23210183,0xf800000000000000000000000000000000000003c,60,0 17 38,10,8,51 52 111 112 171 172 231 232,0xcc5ffa597bed076fae738c6945fa84a896cd2e4040c51423cb9ef1871b439979,,1
26,46,23210231,0x1f000000000000000000000000000000000000000038,56,0 13 34,17,9,0 55 60 115 120 175 180 235 240,0x2bd1b626d62c39034c58abb362a2519fcb695311b7f751c40e4b4bae9e029374,,1
26,47,23210271,0x3e00000000000000000000000000000000000000000002,2,0 23 44,8,4,58 118 178 238,0x4235a0d98f238dbf942ddc18c5b7cc21bfcfcf09646031370f33dd7f85ef7796,,1
26,48,23213384,0xf803d,61,0 18 39,19,10,3 4 63 64 123 124 183 184 243 244,0xccc8ad85bbd715f2066d92b18ae66236527f0f3279b731a477de03591c3ad616,,1
26,49,23213427,0x1f000035,53,0 10 31,16,10,6 7 66 67 126 127 186 187 246 247,0x3074b0c56fcec7fd48ab2aa9a35854b3bfc0273123a10a86e7edce90d0fb76fa,,1
26,50,23213470,0x3e00000039,57,0 14 35,19,10,9 10 69 70 129 130 189 190 249 250,0x20012632011bd1ded4c8fc60c1b9aa22d3811471763bbccc6a2a629a5700824e,,1
26,51,23213510,0x7c000000002a,42,0 63 20,18,10,0 13 60 73 120 133 180 193 240 253,0xfd5400d91ae867b56bde20a8b3c735aead5090466e78d4fb2a4e67611235bd64,,1
26,52,23213554,0xf8000000000030,48,0 5 26,14,9,15 16 75 76 135 136 195 196 255,0x739e4e8de66037df1c0c1bc98dd3009cd677c9ff51922fce9eee898f8e12944b,,1
26,53,23213596,0x1f000000000000039,57,0 14 35,5,4,19 79 139 199,0x2d6fe328b934ae28241c95f4f666a2d7602aba07e9dc052d708cccf6d66ea331,,1
26,54,23213680,0x1f000000000000000000000006,6,0 27 48,5,4,31 91 151 211,0x4d68f3dcaab02889da826ec7c5ae28db6d1cfec1d282a3912c2db94c8c3b56c3,,1
26,55,23213742,0x3e0000000000000000000000000a,10,0 31 52,14,8,33 34 93 94 153 154 213 214,0x6bbc0dd3a0cabbf5a9c8d208a4b84cc9f740521f37799dba27a90ed46c9372c7,,1
26,56,23213787,0x7c000000000000000000000000003f,63,0 20 41,5,4,37 97 157 217,0x4f257dabb98d0aa99dfba8b55e8c0f04ba8999410040e8ee33ae339d3b60a0d9,,1
26,57,23213830,0x7c000000000000000000000000000e,14,0 35 56,13,8,36 37 96 97 156 157 216 217,0xd115b0be29890f3359c7fccd8439daaedd21b9fbef91356b33902a87924e2fee,,1
26,58,23213876,0xf8000000000000000000000000000021,33,0 54 11,18,9,0 40 60 100 120 160 180 220 240,0x0565f435eae6e038ae7a4a8e75743258f52eb4c18d68fc4e0355f4f74c9592ff,,1
26,59,23213915,0x1f000000000000000000000000000000037,55,0 12 33,7,4,43 103 163 223,0xa79419366c564350404701b49b28801d0a4faf65688d237e36fd53c569297f40,,1
26,60,23213952,0x3e0000000000000000000000000000000001a,26,0 47 4,6,4,46 106 166 226,0x40b41f92166502ef0d96f85c80d9a0403dce34230bf187a957c371ae736458de,,1
26,61,23213999,0x7c0000000000000000000000000000000000004,4,0 25 46,6,4,49 109 169 229,0xb81001034ce2340065a08eb23e6d723c7d93c405e2e6a3fcab472969b6bb1dd8,,1
26,62,23214043,0xf800000000000000000000000000000000000000b,11,0 32 53,7,4,52 112 172 232,0x91937e9abde90a196b5ac031eb11c7c6f2946f440446827eff769ccfb1f94356,,1
26,63,23214082,0x1f00000000000000000000000000000000000000002c,44,0 1 22,12,8,54 55 114 115 174 175 234 235,0x5b701778d54f6c6b8a5923a7328383c337e58541114d2370105c9407c0e9553c,,1
26,64,23214122,0x3e0000000000000000000000000000000000000000001c,28,0 49 6,13,8,57 58 117 118 177 178 237 238,0x307f332ba8e79744f20e563ce37419b470b87eae012ea4bedabb7ebaf8d33251,,1
26,65,23214689,0xf800a,10,0 31 52,9,5,4 64 124 184 244,0x3850aba40fb37e6a104eb92e1dbd13b8bd1dc4799e911161943157e25cf3cc1c,,1
26,66,23304148,0xf8034,52,0 9 30,29,15,0 3 4 60 63 64 120 123 124 180 183 184 240 243 244,0x5ca48d2b3ebec8dc678079d448dc003bb2ba34f04b2f868c15b326fd14b020dd,,1
26,67,23447042,0xf802e,46,0 3 24,9,5,4 64 124 184 244,0x46428f2b81e456a5814bd2eeddfffae86ebfbb3f6399415da9ff9c78992ddb91,,1
26,68,23454052,0xf80000000f80000000f800001f0000000000f803d,61,0 18 39,66,42,3 4 18 19 27 28 39 40 51 52 63 64 78 79 87 88 99 100 111 112 123 124 138 139 147 148 159 160 171 172 183 184 198 199 207 208 219 220 231 232 243 244,0x2ee7c941aaf37056cac969527d3492744ab00b4a45c548254327db76f3e32beb,,1
26,69,24748707,0x7c3e1f00000001f0f8032,50,0 7 28,54,31,4 6 7 19 22 24 25 64 66 67 79 82 84 85 124 126 127 139 142 144 145 184 186 187 199 202 204 205 244 246 247,0xd69a8ac3e1b5dae226f921f70c382252ad2938882360d591bc361b5cc45f6812,,1
26,70,24930257,0x7c3e00000003e1f0f8021,33,0 54 11,71,37,3 4 5 7 10 21 22 25 63 64 65 67 70 81 82 85 123 124 125 127 130 141 142 145 183 184 185 187 190 201 202 205 243 244 245 247 250,0x4c6e8cb8372815e88d56d1cb7abfb07641729a3e0d973c593c643d9ed3eab377,,1
27,1,22830430,0x3fc000000000000000000000000000000000001c,28,0 49 6,13,8,49 50 109 110 169 170 229 230,0x2963af27850a4b35336afd39dd9b1605d0c17b3b33d52a5ab76cce0ad8494023,,1
27,2,22831735,0x3e00000000000000000000000000000000000000000015,21,0 42 63,8,4,58 118 178 238,0x734f28ac52a3b9fb68f19db0fcafc371eaea9d496667f321dd76068067daa7a5,,1
27,3,22871165,0x3f8000,0,0 21 42,9,5,4 64 124 184 244,0x7bc64a56998048a3da275387f80119806e28f895472bb9ebb6be24bc609d0178,,1
27,4,22871300,0xff00001f,31,0 52 9,26,15,6 7 8 66 67 68 126 127 128 186 187 188 246 247 248,0xe6032ad98869be532aee5eb1616f847fd4d3200f342c40c55dbfc53d4dc952da,,1
27,5,22875294,0x3f8000000000000000000013,19,0 40 61,5,4,28 88 148 208,0x740d9925eca9899bb0c58f01ef3da4f8b4dae999637a22762fbe9f41d2e0a944,,1
27,6,22936331,0x7f8000000000000000000002,2,0 23 44,17,12,27 28 29 87 88 89 147 148 149 207 208 209,0x12a528ca6e450f4d1c658b84842088f51f9b0b3bd795bb85d0e9dedd9f4a3f1d,,1
27,7,22948402,0x7f803e,62,0 19 40,29,15,3 4 5 63 64 65 123 124 125 183 184 185 243 244 245,0x40b8158805ff1c17ddbcc3ecd34caf4eafbfb5f4946a8e24381339a6ab0fcb05,,1
27,8,23012959,0x1fc0000000000000000000000000031,49,0 6 27,5,4,37 97 157 217,0x291e1083fd4f09e762cba53b53e6388534fcdc1245c36957a1e20576f503ac34,,1
27,9,23044252,0x3fc0000000000000000000000000008,8,0 29 50,27,17,0 36 37 38 60 96 97 98 120 156 157 158 180 216 217 218 240,0x8d5a5ec206e891984a707acec71baa2e82dde360b39ae5f79d9483f84a126b7d,,1
27,10,23044381,0x3fc0000000000000000018,24,0 45 2,14,8,25 26 85 86 145 146 205 206,0x67f4f2a947d6759370af7149ca9df9d73c339fd5e08930fae2457d119bcfacaa,,1
27,11,23048846,0x3fc0000000000000000000000000023,35,0 56 13,9,8,37 38 97 98 157 158 217 218,0xc4967f4169efb594c784977478c26999126b8b67c82c35abf9a1fa4e85e9bcce,,1
27,12,23048867,0x1fc0000000000000000000000000023,35,0 56 13,13,8,36 37 96 97 156 157 216 217,0x75a0612d8d7d7fabc8c7065e35d9bf0a960c8a3259bdc313d5fffa587839c7b9,,1
27,13,23048892,0x3fc0000000000000000000000000039,57,0 14 35,9,8,37 38 97 98 157 158 217 218,0x070aea9bb138e4fdff5e78be488c8ff0da1b1eacd35be593d8d316b1b8403b8f,,1
27,14,23048914,0x7f800000000000000000000000000000000000001c,28,0 49 6,15,12,51 52 53 111 112 113 171 172 173 231 232 233,0x493d5e8d21007d33334a5e7adaf0cbb9e640b6da707e8fa72e7ce5040fa9884e,,1
27,15,23048960,0x1fe00000000000000000000000000000000000000000032,50,0 7 28,31,17,0 57 58 59 60 117 118 119 120 177 178 179 180 237 238 239 240,0xe99387809c38ff93a66d3655146392bf446cb0f936ea64ff9f44fba25e95b008,,1
27,16,23048990,0xff000000000000000000000000000000035,53,0 10 31,14,8,43 44 103 104 163 164 223 224,0x1d0ed7f86c9e9d5bab96c0c9bd234e58f1b2dbd465c94f129a396bc1f681c3e5,,1
27,17,23049030,0xff000000000000000000000016,22,0 43 0,16,12,30 31 32 90 91 92 150 151 152 210 211 212,0xe02c8908ec07de39d5fe4775ff9da440146770b3b193105bbfbcdb5ab1746224,,1
27,18,23049083,0xff000000000000000000000005,5,0 26 47,13,8,31 32 91 92 151 152 211 212,0xb83646113dc75447af8dfdfc866087a13a347a1e4d58a0d81142ff0ef83bfeb1,,1
27,19,23049135,0xff000000000000000000000011,17,0 38 59,16,12,30 31 32 90 91 92 150 151 152 210 211 212,0xa43347b32cfbd5763bf0b2b7831b1858920c1f3e496b53518b604eeaaa1ad5f8,,1
27,20,23049190,0x3fc000000000000000000000000001b,27,0 48 5,17,12,36 37 38 96 97 98 156 157 158 216 217 218,0x64d5b8aba3a89ec9e55e3bc0b6f83d4ee884ee877cdb469ae653aa7f0990e8d1,,1
27,21,23049238,0x7f8000000000000000000000000000000000000021,33,0 54 11,12,8,52 53 112 113 172 173 232 233,0x27d7a2a29b184c603901a993445535052d8236e13ad38bc509455c6489b789e0,,1
27,22,23049356,0xff000000000000003,3,0 24 45,11,8,19 20 79 80 139 140 199 200,0xc1dc73bcb817f3484f4dff8d006643c36b2955c9d73cac0c380cee3fce986375,,1
27,23,23049404,0x7f8000000000002,2,0 23 44,18,12,16 17 18 76 77 78 136 137 138 196 197 198,0x9667ddf52e1a8d90ae24e7c022c0ec799b6835eab28393f25dce44cc9f6e60ec,,1
27,24,23143087,0x3f801b,27,0 48 5,9,5,4 64 124 184 244,0xff7c1248182be43bd0d9e3543e84c1bee08410e951b02e4ac368e1f8946ba98e,,1
27,25,23199557,0x1fe00000000000000015,21,0 42 63,24,12,21 22 23 81 82 83 141 142 143 201 202 203,0x1b2041524419ebce18651aa3c6e987dbd4f31f8b4327a34c50d01a90b0a627c0,,1
27,26,23199589,0xf803f,63,0 20 41,29,15,0 3 4 60 63 64 120 123 124 180 183 184 240 243 244,0x7161dd68a7a550a75f7822242f8b7e44005347be774a87db6621b06010d27166,,1
27,27,23199650,0x1f000000000000000000000000000000000000000007,7,0 28 49,12,8,54 55 114 115 174 175 234 235,0x81057a57fc507a19a6f8eefc47734197b5d1002ded1363fe574fa167347c9aac,,1
27,28,23199685,0x1fc000000000000000000000000001b,27,0 48 5,5,4,37 97 157 217,0x8ea00f45498b9398df8a4a2e9f776496790f95deae971d17aab54fd063dfaad9,,1
27,29,23199845,0x1fc000000002b,43,0 0 21,8,5,13 73 133 193 253,0x88a4c54a0e58760f6678b392cfd981692b27cfba40bd4108fa98f4184358d9fb,,1
27,30,23199919,0xfe0000001d,29,0 50 7,19,10,9 10 69 70 129 130 189 190 249 250,0x71cb5c0b9abc97bbd8aa475d636c107e230323e9e31114e00448e017a484a721,,1
27,31,23204489,0x3f800000000001f,31,0 52 9,14,9,15 16 75 76 135 136 195 196 255,0xbd71168c0c50888c3250245b341252e4acd77f3888f4d392f21a636b76938c52,,1
27,32,23208029,0x7f8000000000000000000000000000009,9,0 30 51,19,12,39 40 41 99 100 101 159 160 161 219 220 221,0x30c83b12d6722fc1601bb2d9c9d0f125bec76e1b63300c47421418ac12cd9beb,,1
27,33,23208047,0x1fc0000000003,3,0 24 45,25,15,12 13 14 72 73 74 132 133 134 192 193 194 252 253 254,0x55796d5a85d3b017856a38c61d5729b022c4e04d585126b1ab826fb7c6c00589,,1
27,34,23208076,0x3f8000000000034,52,0 9 30,19,13,15 16 17 75 76 77 135 136 137 195 196 197 255,0xbd3dae1625da7a0168820e043b8841b107fb6aa02b0f9a359999298c586a09cd,,1
27,35,23208095,0x3f800000000002e,46,0 3 24,16,9,0 16 60 76 120 136 180 196 240,0x4064db9a2c4a4c1201c913777ef156ac59498dd878e3e3789659d4ae217914c2,,1
27,36,23208112,0x7f000000000000008,8,0 29 50,12,8,18 19 78 79 138 139 198 199,0x9924d73b0590ddfbca3516a91ccff5ea540b8d9e6fd01f770be3fbce13d75f77,,1
27,37,23208218,0xfe0000000000000000000000000000000000000000002f,47,0 4 25,8,4,58 118 178 238,0x273d494719f0b07d3706ee961642c05586ab09a0610ad64b3e1b18a5e15268a7,,1
27,38,23215378,0x1f000000000000026,38,0 59 16,5,4,19 79 139 199,0x6c6bd4aeaa560bf07ec998b796f84a09072adfce38797e3d3e294f3c86f8a639,,1
27,39,23215434,0xf8000000000000000000008,8,0 29 50,12,8,27 28 87 88 147 148 207 208,0x6991d40148189ac81523007af55ea39f380619c02d0a94f3f56c58a1681b3133,,1
27,40,23215475,0xf8010,16,0 37 58,9,5,4 64 124 184 244,0x73b72d59e8f49dfd9b61e8b107fd41de979981cb37556d865fd581f575b7fdf9,,1
27,41,23215495,0x1f000038,56,0 13 34,16,10,6 7 66 67 126 127 186 187 246 247,0xbd2114bcc94b5c4fc57e13e99fb3084a881ec23b326ea778db233f50083fac6f,,1
27,42,23215530,0x3e00000034,52,0 9 30,20,10,0 10 60 70 120 130 180 190 240 250,0x009a3851971ddcdc3bff018920e3023545de765ae864a55cf30ac27b5692a963,,1
27,43,23215547,0x7c0000000005,5,0 26 47,8,5,13 73 133 193 253,0x92047435387e0410e2e00ff44d572d2a21977d6a403a90bf470e0d7c981ab33c,,1
27,44,23215816,0xf800000000001d,29,0 50 7,14,9,15 16 75 76 135 136 195 196 255,0x3e76cb644660e624035c7ca7aedc6d975133be12b1060033eaec95d5f213ad14,,1
27,45,23215836,0x1f000000000000030,48,0 5 26,12,8,18 19 78 79 138 139 198 199,0x80e0ef2740b70a2c327777bfdad67d1229f2ab86f291c3c7288609f248e38edd,,1
27,46,23215853,0x3e00000000000000022,34,0 55 12,16,8,21 22 81 82 141 142 201 202,0x770556c614658f051e4f9174da9bdb5fb8d4a8e5f61b6c48ad2fc8d1abcb9dac,,1
27,47,23216337,0xf8000000000000000000007,7,0 28 49,5,4,28 88 148 208,0xb6aa466af798a7a160fd8e683c10ea81cd915d93d1abbe373179084312d73f9d,,1
27,48,23216364,0x1f00000000000000000000001d,29,0 50 7,5,4,31 91 151 211,0x318fa8f1f520165bc91a2dfc3ee97fcc693f957cce886d95db6d92053afc3aee,,1
27,49,23216379,0x3e00000000000000000000000027,39,0 60 17,14,8,33 34 93 94 153 154 213 214,0xacc6ff2f8740d7559d28854fd7517d4081cfa8a3adc0df8255a7fdb701abb157,,1
27,50,23216406,0x7c000000000000000000000000003f,63,0 20 41,23,13,0 36 37 60 96 97 120 156 157 180 216 217 240,0xbc0eb1bac4d2d63b06b33a2cb21a7efc62355bfac7e7773894b8cbedd7c7954f,,1
27,51,23216497,0xf8000000000000000000000000000038,56,0 13 34,8,4,40 100 160 220,0x97d02e3c167531b4ff35414340ae97a4823e155be93faf0c2270de66b1524526,,1
27,52,23216514,0x1f000000000000000000000000000000028,40,0 61 18,13,8,42 43 102 103 162 163 222 223,0x7504bc1de83e9aa34654de19ba30c751062e769c186450c3e4484f1b9ae6d84e,,1
27,53,23216531,0x3e00000000000000000000000000000000030,48,0 5 26,10,8,45 46 105 106 165 166 225 226,0x5d296130eb02e18191f70277e653342ebb23cc812c7f7380d0393c30f6498c23,,1
27,54,23216695,0x7c000000000000000000000000000000000003c,60,0 17 38,14,8,48 49 108 109 168 169 228 229,0xc6f9fa7de864aa7a60b564e8b4d36a29303a207e97e9d428c68f0d142cc65929,,1
27,55,23216716,0xf800000000000000000000000000000000000001b,27,0 48 5,20,13,0 51 52 60 111 112 120 171 172 180 231 232 240,0x2f79ecf6a824ef2f4621752a4b65dcc7d76ccba3e35323dd416f798afeeabefb,,1
27,56,23216863,0x3e00000000000000000000000000000000024,36,0 57 14,6,4,46 106 166 226,0x3cf295de3dc1bcc3088b591d192376c6c692a541b771abd7916b4dfb4fc89150,,1
27,57,23216879,0x7c0000000000000000000000000000000000009,9,0 30 51,6,4,49 109 169 229,0xd2d76b3423b255d9fdcec452485a5f8e389d167e97cb6dd8e73d5104f0a2870d,,1
27,58,23216895,0xf8000000000000000000000000000000000000007,7,0 28 49,7,4,52 112 172 232,0xf4c4db5e12e65e62a82476ffe8baae56fe7ad3b833a7f688e57316bef87135a1,,1
27,59,23216919,0x1f000000000000000000000000000000000000000037,55,0 12 33,7,4,55 115 175 235,0x0151bea0a10af4cac5fbfbc22b080e10fc0b972789b569fb7ea6c7d5914db326,,1
27,60,23217056,0x1f00000000000000000000000000000000000000001c,28,0 49 6,12,8,54 55 114 115 174 175 234 235,0x347dcbb847fc633d5997c6b0fbefe66d8155c648061e0d23d4ee4d6ebd0b2669,,1
27,61,23217078,0x3e0000000000000000000000000000000000000000002f,47,0 4 25,13,8,57 58 117 118 177 178 237 238,0x63fb4c7a09795d0d1132ea741887fdf3746586c4e2013c1518a5bb9e651d6033,,1
27,62,23217106,0xf801a,26,0 47 4,19,10,3 4 63 64 123 124 183 184 243 244,0xa28bab45658e7e3bccffdd11c6baa7a0494467d8ad1f3a6b19f59afe183ea2f3,,1
27,63,23217131,0x1f00000000000000000000000c,12,0 33 54,18,13,0 30 31 60 90 91 120 150 151 180 210 211 240,0x9a7cdfbd8e31f9205ed338b87453d6384740a65fa6656ee550b771952e0e9714,,1
27,64,23217148,0x1f000000000000000000000004,4,0 25 46,5,4,31 91 151 211,0x13cebd37ec140cd65a340067cb9867de4758e71f3b4264cbaeb29825ab094677,,1
27,65,23217188,0x1f000000000000000000000008,8,0 29 50,8,8,30 31 90 91 150 151 210 211,0x97753aee619bf7260c14867e95fe0becb28be0ac31762cb6a8958e184c7ca5cb,,1
27,66,23217201,0x1f000000000000000000000029,41,0 62 19,5,4,31 91 151 211,0xf7b488af95d7325cde37823240ba6c42f9fd5d9dd528f0c3b5525864374f4da0,,1
27,67,23217218,0xf800000000000000000000000000000000000001a,26,0 47 4,10,8,51 52 111 112 171 172 231 232,0xe9ce188704db86a83a4d632bd99ec5c43854b1aeef46b3b474867b71596701ac,,1
27,68,23217250,0x1f00000f,15,0 36 57,8,5,7 67 127 187 247,0x12e87dd24d90019224409df1c8971e0afff6415429b5f7a07ceea4081ea7a4f5,,1
27,69,23274283,0xf8000000000000000000005,5,0 26 47,12,8,27 28 87 88 147 148 207 208,0x62dfa969cd863fe3cbaeaacd7ed95eb166a5fb757f4912c6b3876d35be720168,,1
27,70,23274303,0xf8000000000005,5,0 26 47,6,4,16 76 136 196,0x0d85e6bc316d9c537a4da66e64db6f771bf2f35ce8d5d4307c718c3f2e3a9966,,1
27,71,23274322,0xf8000000000000000000024,36,0 57 14,5,4,28 88 148 208,0x5501b82a7f3b04659499120cdfdbcf20494706948ac60ab0bf20b00cb8366621,,1
27,72,23274335,0x1f000000000000025,37,0 58 15,5,4,19 79 139 199,0x11cd767f2a13d5bdd12ee7bee9bea76923e5661d82e1ab150b30812787419cf3,,1
27,73,23274356,0x3e00000000000000023,35,0 56 13,8,4,22 82 142 202,0x7cae6343efba327efbd94323414b41faf24a80687fdf68013cd5db1b0f89b5df,,1
27,74,23274378,0xf8000000000000000000000000000031,49,0 6 27,23,13,0 39 40 60 99 100 120 159 160 180 219 220 240,0xe8df2a53b9b53a57290aca040ef68f68c68e717aa5354fb03a843f5a2c965c6f,,1
27,75,23274392,0x1f00000000000000000000000000000000b,11,0 32 53,7,4,43 103 163 223,0xcb8c403cd30bd784fbe8358f7b0a9f4c745933e6d0cca7836b8b42b9a4fb861f,,1
27,76,23274414,0xf8000000000000000000004,4,0 25 46,12,8,27 28 87 88 147 148 207 208,0x961fc55a4f7c041ac3c9b4dcfab21ab202dc12ea0d9315e1f28a59587c415014,,1
27,77,23274434,0x3e0000000000000000000000000b,11,0 32 53,6,4,34 94 154 214,0x54871cf5cd6f2e7bc6965854e1dc1702f3d1598903edbff579da761531d35b0e,,1
27,78,23274450,0x3e00000022,34,0 55 12,19,10,9 10 69 70 129 130 189 190 249 250,0x2e8c09980831f5c41ad977d937d373ac494805ae358487b2a7fe2c7d2c4497fe,,1
27,79,23274462,0x3e00000000000000000000000025,37,0 58 15,14,8,33 34 93 94 153 154 213 214,0x41c46b80f455a9329b93a6f58ed52ad98d8f31018ad24c0bcdf1afe8ad8db57f,,1
27,80,23274482,0x3e00000000000000000000000000000000000000000017,23,0 44 1,8,4,58 118 178 238,0xa76be5187cdf71d540e299b058ef800dac9a45218089bf4a08a62df4366b5acb,,1
27,81,23274502,0x1f000000000000000000000000000000031,49,0 6 27,13,8,42 43 102 103 162 163 222 223,0x5fc682616fa71726e1927a338254a71631ee022ec371810b78bfc5f0a455d525,,1
27,82,23274518,0x3e00000000000000000000000026,38,0 59 16,6,4,34 94 154 214,0x6ce0e9e912c9c3906d42d24be00582f034795dd95deda2a712d48378ac8c39c0,,1
27,83,23274541,0x7c0000000000000000025,37,0 58 15,26,13,0 24 25 60 84 85 120 144 145 180 204 205 240,0xbea53782ddad86493e64117f59af744fba64861d0e1dbc35771414b2789cee38,,1
27,84,23274595,0x1f000000000000011,17,0 38 59,12,8,18 19 78 79 138 139 198 199,0x681a1b032fb8eb27e47e9972519980683e39505847cba95cc930b854f17f3d09,,1
27,85,23274615,0x3e00000014,20,0 41 62,10,5,10 70 130 190 250,0xdf4a2f535916b84028fb82efc220be9c080e75386d170c58da50af7b915ca439,,1
27,86,23274635,0x3e0000000c,12,0 33 54,19,10,9 10 69 70 129 130 189 190 249 250,0x391c1fdcee34df8ab6eec3e516991789d7350cad72fb4f75286101f4de02fda2,,1
27,87,23274655,0x1f00000000000000000000000b,11,0 32 53,8,8,30 31 90 91 150 151 210 211,0x6d47ecdb601f0b917a66ced0ae01ae3c5cacb35555304934f137530245f539f7,,1
27,88,23274676,0x1f00000000000000000000000000000001a,26,0 47 4,7,4,43 103 163 223,0x890a023a286fe0ad51245d5e4e5394224ee5e3796ea1a5cca333b72efaefbdd6,,1
27,89,23274691,0xf8000000000000000000016,22,0 43 0,5,4,28 88 148 208,0xf7caa0b7c0eb8d7cd3edb5a584a03ec4ba3f3d1d895cc27c0d9eb69e8e897b4c,,1
27,90,23274706,0x1f000000000000001,1,0 22 43,5,4,19 79 139 199,0x5df2bc1f2d4312d1f043181e60ef00145172c5c719dfcd368fcf2afb903d5f03,,1
27,91,23274718,0x1f00000000000000000000001c,28,0 49 6,5,4,31 91 151 211,0xcabb327085943505165f9728f39f9651f360713f2d0767216e1329669b190f77,,1
27,92,23274737,0x1f00000000000000000000000000000000c,12,0 33 54,13,8,42 43 102 103 162 163 222 223,0x1d25390b5f6634f85fc4aec601aa02511dffa72f5ba26bf4a151b5d5e41a416d,,1
27,93,23274749,0xf800000000003e,62,0 19 40,14,9,15 16 75 76 135 136 195 196 255,0x7de4581869d8859ebdeb3748e1632153e4471cfe03eebae27c36c6a9655a55b4,,1
27,94,23274770,0xf8000000000000000000004,4,0 25 46,12,8,27 28 87 88 147 148 207 208,0x3dfd5c93f6223dc7d2aac07a41b968354d1a48a7ae4e7b4e7b62fd3042395da3,,1
27,95,23274791,0x1f000000000000000000000014,20,0 41 62,18,13,0 30 31 60 90 91 120 150 151 180 210 211 240,0x9d2bb6cf28cb2ba8598dfdccbbcf89b66d41e4ae1b62a19b4a95fb5407f93eb6,,1
27,96,23274803,0x1f000000000000000000000015,21,0 42 63,5,4,31 91 151 211,0x8e201ce82b20ab8be6d8f808c2c40a68acb70a8b1a5b5e8636dc3b603bc73449,,1
27,97,23274818,0x3e00000000000000033,51,0 8 29,16,8,21 22 81 82 141 142 201 202,0x2bae390af1afadcd077f71abef84ae58db52edbf01798e76541a2b31b08a3675,,1
27,98,23274886,0x1f000000000000032,50,0 7 28,12,8,18 19 78 79 138 139 198 199,0x6c0ae6e89be97f2c0be03327b55f4e66d343567cbaa997719f8a8f1baaccd676,,1
27,99,23274898,0x1f000000000000000000000002,2,0 23 44,16,12,30 31 32 90 91 92 150 151 152 210 211 212,0xea346291f889e636b933f4b7a7dbd00e949edae0f30045fd7dc5c03bee63e528,,1
27,100,23274919,0xf8000000000000000000020,32,0 53 10,5,4,28 88 148 208,0x10b9fab91c6da126871786f75317b8faf60a1d93a8197e167b78f34e02494d9a,,1
27,101,23274931,0x3e00000000000000026,38,0 59 16,8,4,22 82 142 202,0x2c1b0d0dea3153bd0ec30bf65d2dc061c93a23dfe6e2bb27d35774f311175ec5,,1
27,102,23274951,0xf800000000000000000000a,10,0 31 52,12,8,27 28 87 88 147 148 207 208,0x60afa069855e1227e0d1e757ff5840b08af051f95a7e7e15d85ef97b55845256,,1
27,103,23274971,0xf800000000002e,46,0 3 24,16,9,0 16 60 76 120 136 180 196 240,0x3f0e884359956fdde59df2743905baf34e903e9dd01afd1e1acd277e8128a45e,,1
27,104,23274989,0x3e0000000000000000000000001b,27,0 48 5,14,8,33 34 93 94 153 154 213 214,0xc6c3d61f6bda9ae84378befd8a91b266459516b34704423defc5ed4bc299a5b7,,1
27,105,23275002,0xf8000000000003,3,0 24 45,14,9,15 16 75 76 135 136 195 196 255,0xf299f0cbdf8820f62191b12b0dca741e076ab277fb457c7061378999077225ca,,1
27,106,23275026,0x3e00000000000000000000000020,32,0 53 10,6,4,34 94 154 214,0x5a0504f4178feb4dd973e254e8c8fb1e584ed9b64235f347f0551a17a620255c,,1
27,107,23275039,0x1f000000000000000000000026,38,0 59 16,5,4,31 91 151 211,0x09a832dbccdfe0286b453b7f171541c500b57d3070112093e07841deeca57b66,,1
27,108,23275052,0x3e0000000000000000000000003c,60,0 17 38,14,8,33 34 93 94 153 154 213 214,0xfb396536e3b0522cb535e29b652953e678e8dc42c32d4a05175dc0bbb1c7d0ba,,1
27,109,23275066,0xf8000000000000000000036,54,0 11 32,15,9,0 28 60 88 120 148 180 208 240,0x3d19b89cdaaf7db8ef42232f9eb404907090d5289454d06c4de16f6c42fb648f,,1
27,110,23275086,0x1f000000000000000000000014,20,0 41 62,8,8,30 31 90 91 150 151 210 211,0xbea90fee349924d6e470b5a78615f5d63e88f4c7d3ea8d6e1f70e34f5f935ce9,,1
27,111,23275106,0x1f000000000000000000000039,57,0 14 35,5,4,31 91 151 211,0x23e8c15b1c0a9866f343df2af8b6c6fdcc3762514f8a88b3332cfcc7a0432378,,1
27,112,23275200,0x1f000000000000000000000001,1,0 22 43,8,8,30 31 90 91 150 151 210 211,0x6076937597f4096cb030d8619167275b35a7fef2435f82d32c668d706f5fe455,,1
27,113,23275219,0x3e0000000000000001f,31,0 52 9,16,8,21 22 81 82 141 142 201 202,0x7d0f56a168df06eee9c143244af1bb1c88c30cc338c9e1a9049d4f62d439d370,,1
27,114,23275238,0x7c0000000000000000000000000001,1,0 22 43,13,8,36 37 96 97 156 157 216 217,0x33acc9735887e27811aa147e6e0d4b0ce0aa54d1288f8f28d99fd4df1ec09bd0,,1
27,115,23275257,0x3e0000000000000000000000000b,11,0 32 53,6,4,34 94 154 214,0xa2e928520d96bf0e3838017c82e50528f79d535e1195e7c110a390f8bba2a925,,1
27,116,23275277,0xf8000000000000000000015,21,0 42 63,12,8,27 28 87 88 147 148 207 208,0xfe17718b769ebc78518cc0962bfdfa439396c3074384470de04f018e65cd6b19,,1
27,117,23275291,0x3e00000000000000000000000013,19,0 40 61,14,8,33 34 93 94 153 154 213 214,0x14e55ece8c330571d7c62215ab9de3894a5d26eb08b4720a64e39e716b7a5d68,,1
27,118,23275319,0x1f000038,56,0 13 34,16,10,6 7 66 67 126 127 186 187 246 247,0x6f36de66947e3b82f1bb1322f936925ef98de8c9fde1c43316a7744dcfc241dd,,1
27,119,23311451,0xf8000000000000000000016,22,0 43 0,20,13,0 28 29 60 88 89 120 148 149 180 208 209 240,0x9007e36ee43a037e56be87bee35aac7a752dff71d5f649f980fea638b62edcf6,,1
27,120,23311633,0x1f000000000000032,50,0 7 28,5,4,19 79 139 199,0x1f5d39d78a80cdff779f302ab09b571025f15b58beac24321890616269789777,,1
27,121,23311651,0x1f00002a,42,0 63 20,8,5,7 67 127 187 247,0x2dad65378f53bc9958b6198c8ccfec5c4800e46ec0839a8dd5d3aca15bc83f4f,,1
27,122,23311685,0xf800000000002a,42,0 63 20,6,4,16 76 136 196,0x24451f05dc5234282f89fe4ca19c223cfee04c8566d2f62dadf264c695133f1a,,1
27,123,23311704,0x1f00000000000000a,10,0 31 52,12,8,18 19 78 79 138 139 198 199,0xff53b07b70f4e35eeb1079dc069d34750129041c5592acca42dcf387dc888f2e,,1
27,124,23354663,0x1f000000000000000000000008,8,0 29 50,5,4,31 91 151 211,0x49b4004f17f250a414662938e79192ed14ac4b2beb0292020160df6a9fd9099b,,1
27,125,23376735,0xf8000000000000000000026,38,0 59 16,12,8,27 28 87 88 147 148 207 208,0x37161f3b682d15e42123aee827f68b815ffc3d0b3479f4726870aa2306eff219,,1
27,126,23376750,0xf8000000000005,5,0 26 47,14,9,15 16 75 76 135 136 195 196 255,0x356ec1dff5a839186203d9c1b46628065e1d12d3c1fd8f0958ac7b8958e0044d,,1
27,127,23376777,0xf800000000000000000000000000000000000001a,26,0 47 4,7,4,52 112 172 232,0x4de10532d3ea27e71bec96d3e7d6623b10494dc3b4de3a24498ad8b94de14200,,1
27,128,23376793,0xf8000000000000000000000000000009,9,0 30 51,18,9,0 40 60 100 120 160 180 220 240,0x21b4820b9c024635f74c524acd84f5f0fb6046cb7c4a8133e053ae27ad2d54b2,,1
27,129,23376811,0x3e00000000000000006,6,0 27 48,8,4,22 82 142 202,0xc40ae74d844d36c5ebad3814c4b2db4d143a112672001a273cdcc83805e7614d,,1
27,130,23376854,0xf800000000000000000000000000000000000000d,13,0 34 55,10,8,51 52 111 112 171 172 231 232,0xae632494814abd564898b2119140d2609f4a4f52e90dfe01b0fc02e5ee23f5c1,,1
27,131,23376870,0x3e0000000000000001e,30,0 51 8,16,8,21 22 81 82 141 142 201 202,0xd0ad9d609198bbad1fe9c5705bf4bf941311e4bfdcd86496ef40ad672884e9f4,,1
27,132,23376886,0xf8000000000000000000024,36,0 57 14,5,4,28 88 148 208,0x4c39ef9fb14bbc7e7cce7c40bcc5b21fa4c80738e903c89cea170ef334db7332,,1
27,133,23376909,0xf800000000000000000000000000003e,62,0 19 40,13,8,39 40 99 100 159 160 219 220,0x54beda11ad61b0c72a4d1efb5218053d13ff1f7c4ce715b19e7501858d62a1f4,,1
27,134,23376922,0x1f00000000000000000000003b,59,0 16 37,8,8,30 31 90 91 150 151 210 211,0x2c42a96c31c75f6bba1ee6b2ebe9a0d6bb7444e80691d51c38b722b422136448,,1
27,135,23376945,0xf8000000000000000000000000000000000000033,51,0 8 29,17,9,0 52 60 112 120 172 180 232 240,0x2e2fa9517eef8aa44f7fdea6678601e37509474d0122ca5a5a68ded871ea7a7b,,1
27,136,23376958,0x1f000000000000000000000038,56,0 13 34,5,4,31 91 151 211,0xe8338326253515817f190b3dc7476e686b160ed9cbe11edf68e0fbb61bd5e0cb,,1
27,137,23376986,0xf8000000000000000000000000000010,16,0 37 58,8,4,40 100 160 220,0xa8b19b9d8a836cfea3abe5d637f89c00a615ae3615fbbdd0fb768c8c816b950a,,1
27,138,23377272,0x1f000000000000011,17,0 38 59,5,4,19 79 139 199,0x324d8c22e17a5bc950d8104f5ab57774aeb6fc3db007cd1edd48cc3a7cbde0c5,,1
27,139,23377296,0xf8000000000000000000000000000000,0,0 21 42,13,8,39 40 99 100 159 160 219 220,0x4c4a26186f618663748d20a71525155ee650b5ad175b4275e5484b4e2be20ec8,,1
27,140,23384711,0xf8022,34,0 55 12,9,5,4 64 124 184 244,0xaeca0423e9c7fdd0e797ae98d5c7a04506284ecdb17b9e3c7246c126cd397ba6,,1
27,141,23384749,0x1f000000000000034,52,0 9 30,12,8,18 19 78 79 138 139 198 199,0xa62f7c5f9c6b1868636f43cb93bd35c751310e8965dccc08efdf3080c35464d4,,1
27,142,23384930,0xf800000000002b,43,0 0 21,16,9,0 16 60 76 120 136 180 196 240,0x5d2e97add3f7616f3a024bd347cb92727edd481ae582e489c56b80a29131b222,,1
27,143,23384944,0x1f00000000000001b,27,0 48 5,5,4,19 79 139 199,0x46e64397bf5fa66021ec3dd31857b77b67a39e1127945dd9182b1d8c44f4a19d,,1
27,144,23384965,0xf800000000000000000000000000002d,45,0 2 23,8,4,40 100 160 220,0x665da8097e436d9856cc5bb370ca3a611c25ea98b100d72749319d74bcd6bf17,,1
27,145,23384978,0xf800000000000000000000a,10,0 31 52,12,8,27 28 87 88 147 148 207 208,0xd27e23853da547b3330973c1c218e1a8d5fd33aaa0b0c1b79c2b0eefee9f346e,,1
27,146,23384994,0x3e0000000a,10,0 31 52,10,5,10 70 130 190 250,0x1f0578cf882eb75fde783481e876ecf44286edede36b3b5b845bd02d9c931407,,1
27,147,23385010,0xf8000000000000000000032,50,0 7 28,5,4,28 88 148 208,0x35e0809e6e2e89082f67a931cb82ee8641980bce606efe608f0bbb440793cdaa,,1
27,148,23385030,0xf8000000000000000000000000000035,53,0 10 31,13,8,39 40 99 100 159 160 219 220,0xa04ad17d7cce3eecf65c6501f4a3ae059c2695479d5548d6004fa3db5dc140d8,,1
27,149,23385045,0x3e00000000000000021,33,0 54 11,18,9,0 22 60 82 120 142 180 202 240,0x4efcaec7ac075305a54666980f9b7a5d25296122bb72ac9d19645243239e00e5,,1
27,150,23385063,0x3e0000000000000000000000000000000000000000001e,30,0 51 8,13,8,57 58 117 118 177 178 237 238,0x47bb7e7e20442b9b30868ef2816b40fe5f4945319551cb9e238b3a75f9f8efbf,,1
27,151,23385080,0xf8000000000000000000000000000032,50,0 7 28,8,4,40 100 160 220,0x9aea3385536fb228cbe1b5e103ad0d1f09f87efb2a8eb076b2c3d347ee425561,,1
27,152,23385099,0x1f000000000000030,48,0 5 26,12,8,18 19 78 79 138 139 198 199,0xbc56c99a5aae8bd8a8089f4e8b572da0ed5da34204d90bb8c14e34398a0aac87,,1
27,153,23385119,0xf8000000000000000000000000000014,20,0 41 62,19,12,39 40 41 99 100 101 159 160 161 219 220 221,0x6eaedf40dcf920179cf279d7d3d8e7d7321e38e99376d0d7934137ad342b0c2f,,1
27,154,23385135,0x1f000039,57,0 14 35,16,10,6 7 66 67 126 127 186 187 246 247,0xe7130df0489bebc0697e8af14bbf3302ff7da112913c60c8e35b7fbb37476f7f,,1
27,155,23385155,0x1f00000000000000000000000000000002f,47,0 4 25,23,13,0 42 43 60 102 103 120 162 163 180 222 223 240,0xea2f10f156a1d3d7bcc7facce42de0c0af9b1404e134ade3feaf8bc02d8d5447,,1
27,156,23385169,0xf8036,54,0 11 32,19,10,3 4 63 64 123 124 183 184 243 244,0xc465d30a0a0a96495282851d30ad23d1e05a7c1d32fb8bccf2861ac936bb64cb,,1
27,157,23385193,0xf8000000000000000000000000000000000000019,25,0 46 3,10,8,51 52 111 112 171 172 231 232,0x2cc0ef38ee7b76d7ec4cd6f7ecb2a9d177b61b35663467382c693efe57650820,,1
27,158,23385209,0x1f000000000000000000000000000000004,4,0 25 46,7,4,43 103 163 223,0x247b45657cd2d8c587993c2ac4da7a9bd59a1f17d83833668f3a75911a99dd0d,,1
27,159,23385224,0x7c0000000000000000000000000004,4,0 25 46,5,4,37 97 157 217,0x23c4b9447f120d53d516933ab1eef48e07f2f2286c6346dfd2deefe60930dd98,,1
27,160,23385239,0x3e00000000000000000000000018,24,0 45 2,6,4,34 94 154 214,0xfc006edc8078ba692cddbec4c596865a9cf639125d53030682ba624c5e28ada4,,1
27,161,23386099,0x3e00000000000000022,34,0 55 12,16,8,21 22 81 82 141 142 201 202,0xbd2e41aaf48908c9e105f77bc66516f1c60c1779fa7291fbb18234cf5ae900ec,,1
27,162,23403748,0xf80000000f80000000f80000000f80000000f8024,36,0 57 14,50,30,4 15 16 27 28 40 52 64 75 76 87 88 100 112 124 135 136 147 148 160 172 184 195 196 207 208 220 232 244 255,0x1351a19342cbd6372995613e39f3a446128b8fe1b9a3bc65c32b5fd0b533028c,,1
27,163,23449668,0xf80000000f80000000f80000000f80000000f8009,9,0 30 51,53,34,3 4 16 28 39 40 51 52 63 64 76 88 99 100 111 112 123 124 136 148 159 160 171 172 183 184 196 208 219 220 231 232 243 244,0xfc8f80b4b004f66a0e5c4fbb157842dd2f15997b8fb0e48c1db8ded7402a71ee,,1
27,164,23482286,0xf80000000f80000000f80000000f80000000f8016,22,0 43 0,50,30,4 15 16 27 28 40 52 64 75 76 87 88 100 112 124 135 136 147 148 160 172 184 195 196 207 208 220 232 244 255,0x002333615c0634666497f80a1d875eb179eb5d6c2bef5ed12c45166862273558,,1
27,165,23483218,0xf80000000f80000000f80000000f80000000f8024,36,0 57 14,73,47,0 3 4 16 17 28 39 40 51 52 53 60 63 64 76 77 88 99 100 111 112 113 120 123 124 136 137 148 159 160 171 172 173 180 183 184 196 197 208 219 220 231 232 233 240 243 244,0x13ed353e561f384b1ccd1c79cd4aa841121e6a9c7d7984a384b3d06239191767,,1
27,166,23483238,0xf80000000f80000000f80000000f80000000f8011,17,0 38 59,65,39,4 5 15 16 27 28 29 40 52 64 65 75 76 87 88 89 100 112 124 125 135 136 147 148 149 160 172 184 185 195 196 207 208 209 220 232 244 245 255,0x1a1a7cc84ce1a3c963d2467bb6788eada891862d99c16f39715033bc60c32016,,1
27,167,23483252,0xf80000000f80000000f80000000f80000000f800a,10,0 31 52,53,34,3 4 16 28 39 40 51 52 63 64 76 88 99 100 111 112 123 124 136 148 159 160 171 172 183 184 196 208 219 220 231 232 243 244,0x1ec1e3f572a6f0dd5e56c355b933006d40efcebdd4651f55b5be56cccf816c66,,1
27,168,23509535,0x1ff2,50,0 7 28,18,10,0 1 60 61 120 121 180 181 240 241,0x1cf9419db0b1f14f7f3f3693f66dd1e125db98c939257a489d338065a92513c0,,1
27,169,23563584,0xf80000000f80000000f80000000f80000000f8012,18,0 39 60,60,35,3 4 15 16 27 28 40 52 63 64 75 76 87 88 100 112 123 124 135 136 147 148 160 172 183 184 195 196 207 208 220 232 243 244 255,0xbcef70f0a1e084dd814a1c16ef57d79fc6cb689c7181f4698f49b700e445dc5c,,1
27,170,23625340,0xf80000000f80000000f80000000f80000000f8031,49,0 6 27,49,33,4 16 28 39 40 41 51 52 64 76 88 99 100 101 111 112 124 136 148 159 160 161 171 172 184 196 208 219 220 221 231 232 244,0x0cfc6a279da22353cd26f90965330a1dc2479c15307ce4da21f43bd39f116c28,,1
27,171,23743785,0xf80000000f80000000f80000000f80000000f802a,42,0 63 20,60,35,3 4 15 16 27 28 40 52 63 64 75 76 87 88 100 112 123 124 135 136 147 148 160 172 183 184 195 196 207 208 220 232 243 244 255,0xfbd059e452e6638b143eb7d35510eda1cb59dc46231ef8974e95d5a9da31dfb6,,1
27,172,23808228,0xf80000000f80000000f80000000f80000000f8010,16,0 37 58,43,29,4 16 28 39 40 51 52 64 76 88 99 100 111 112 124 136 148 159 160 171 172 184 196 208 219 220 231 232 244,0x3c59a711f3e27768c5ba2291210c4f47e909fc8813c5d7010703ccd813be5983,,1
27,173,23825117,0xf80000000f80000000f80000000f80000000f8022,34,0 55 12,60,35,3 4 15 16 27 28 40 52 63 64 75 76 87 88 100 112 123 124 135 136 147 148 160 172 183 184 195 196 207 208 220 232 243 244 255,0xdb42da8a07511667836e7639e667b501e3bf3aa77e80d6dffbc6db5a8b64cacf,,1
27,174,23825186,0xf80000000f80000000f80000000f80000000f8010,16,0 37 58,53,37,4 16 17 28 39 40 51 52 53 64 76 77 88 99 100 111 112 113 124 136 137 148 159 160 171 172 173 184 196 197 208 219 220 231 232 233 244,0x6e129977841fbb95a5c1fedfb3a38d5947abdf5631e0afc4911ea0be8a596d5a,,1
27,175,23972160,0xf8004,4,0 25 46,29,15,3 4 5 63 64 65 123 124 125 183 184 185 243 244 245,0x8dc3dda126f9cfa1c9b83df2cebbafb44889f9389feeaad57068b242c97eeef6,,1
27,176,24375036,0x7c3e1f0f87c000000001a,26,0 47 4,59,35,12 13 15 16 18 19 22 25 72 73 75 76 78 79 82 85 132 133 135 136 138 139 142 145 192 193 195 196 198 199 202 205 252 253 255,0x8e7a5f7a6a9ac2afedd3f55358ca2764be73fa6435408b2e44d824ff08961881,,1
27,177,24471327,0x7c3e1f0f87c0000000015,21,0 42 63,61,34,0 13 16 19 21 22 24 25 60 73 76 79 81 82 84 85 120 133 136 139 141 142 144 145 180 193 196 199 201 202 204 205 240 253,0x22723d0f230796ac0bac17cdb2ba61c11110bd572abccc57d7dd33d3290f9b19,,1
27,178,24581370,0x7c3e1f0f80000000f8010,16,0 37 58,53,31,4 15 16 18 19 22 25 64 75 76 78 79 82 85 124 135 136 138 139 142 145 184 195 196 198 199 202 205 244 255 99615,0x147228ac0334bb1dec37039dfbd484a5dd075e3a8b2d84b0c8616d571a93a9af,99615,1
27,179,24673561,0x7c3e1f00000001f0f8019,25,0 46 3,86,48,3 4 6 7 19 20 21 22 23 24 25 63 64 66 67 79 80 81 82 83 84 85 123 124 126 127 139 140 141 142 143 144 145 183 184 186 187 199 200 201 202 203 204 205 243 244 246 247,0x58e5345f254d08fe272be165ff86309ba4501f533ab9c80dca4f40314d204365,,1
28,1,22831144,0x3e0000000000000000000000000000000000000000001a,26,0 47 4,8,4,58 118 178 238,0xaf05ac1ce4056b5302d5e0b9afc20b41ca46adb782a1acc393af9c768bc310ea,,1
28,2,22968154,0xf8007,7,0 28 49,9,5,4 64 124 184 244,0x870d8260476627dbea0327fab7a299c7891f064fa0a2acde3a2f82ed065d8596,,1
28,3,23058790,0x7c0000000000000000000000000014,20,0 41 62,5,4,37 97 157 217,0x719ef211627c9e23cf2bad39e365afe656e2c465b5b8b5ed3868608a1efda634,,1
28,4,23276614,0x7c0000000000000000000000000000000000007,7,0 28 49,6,4,49 109 169 229,0x71267fb3537c4df08ecc434a6010e0119e5ef16dbd870ab911a9ceacd69c1b51,,1
28,5,23521382,0x3e000f8003e000000000000000000000f800001f000023,35,0 56 13,40,25,7 16 46 52 57 58 67 76 106 112 117 118 127 136 166 172 177 178 187 196 226 232 237 238 247,0x00bb7a0fc5de177f854eb59ef7be198d367670ebd73d36be70aed0266a7e2f70,,1
28,6,23866268,0x1f0000000000f80000000f8003e0000000001f000005,5,0 26 47,44,26,6 7 22 28 40 55 66 67 82 88 100 115 126 127 142 148 160 175 186 187 202 208 220 235 246 247,0xabe36a4ec499740fa2e461e5568981fcea8606e255ecc5867f1b5af38d509078,,1
28,7,24754516,0x7c3e1f00000001f0f800f,15,0 36 57,56,31,3 4 7 19 21 22 25 63 64 67 79 81 82 85 123 124 127 139 141 142 145 183 184 187 199 201 202 205 243 244 247,0xf27b1aa7c587bb7342d06ecb3bbd0c27eca19e744b5a99ef5449a099e142c488,,1
29,1,22830489,0xfe00000000000000000000000000000000000000000003,3,0 24 45,8,4,58 118 178 238,0xe5936971863e4f8d753637425b951521b27b3975e6b33c05d373260d658f7658,,1
29,2,22838322,0x1fc0000000000000000024,36,0 57 14,8,4,25 85 145 205,0x210468643c0ab81803ed9adcb871cd56563645f3701f726baf12338fa46e512c,,1
29,3,22952119,0x1fe0000000000000000000000000000000000000000003d,61,0 18 39,21,12,57 58 59 117 118 119 177 178 179 237 238 239,0xc13d7958270c8236fa257ac3cd385116945278c2eb4ba44ef6a50388b83f0260,,1
30,1,22830816,0xfe00000000000000000000000000000000000000000003,3,0 24 45,8,4,58 118 178 238,0xe5936971863e4f8d753637425b951521b27b3975e6b33c05d373260d658f7658,,1
30,2,22938194,0x7f8022,34,0 55 12,19,10,4 5 64 65 124 125 184 185 244 245,0x1b6cb127f7f365455e4c2db0f4edd3fcff9295472449f03705def9d8584ef4a2,,1
30,3,22963021,0x7f800000000000000000001a,26,0 47 4,10,8,28 29 88 89 148 149 208 209,0xd7b3999f5693507896a5b6c18b91412104c6cc5fde90077cdd266cd6e3da35a9,,1
30,4,23070862,0x3fc0000000000000000000000000011,17,0 38 59,9,8,37 38 97 98 157 158 217 218,0x82d1e72fbedfa937b3f814921bdc1c8b0ea420320e4502e466e45464b354148b,,1
30,5,23133477,0xf8007,7,0 28 49,19,10,3 4 63 64 123 124 183 184 243 244,0xd3c44a74eb8a652545a96fb01c0941638781e311d18ae2fd2d7428008938a3c8,,1
30,6,23133626,0x1f000008,8,0 29 50,16,10,6 7 66 67 126 127 186 187 246 247,0x3626dbaa60c7d44d3c738b270d4ee19deb4593bb7306ca2312b24dcf2a4da12f,,1
30,7,23133709,0x3e00000030,48,0 5 26,10,5,10 70 130 190 250,0xe06869606309643df58ebaf62692ecf097c3af71cfc84fe3e2af335ec2343c00,,1
30,8,23133760,0x7c000000001c,28,0 49 6,8,5,13 73 133 193 253,0xf4a89c5e623d1e3e51ecbd5df2a36ed6b90049b11d7a80133901516d3d950498,,1
30,9,23133895,0xf800000000003c,60,0 17 38,16,9,0 16 60 76 120 136 180 196 240,0x4f690f78261d3b531ad9940e05792a92df97c7465f13a656df28f03c124d23bd,,1
30,10,23133928,0x1f00000000000002f,47,0 4 25,5,4,19 79 139 199,0x9004ee3801e0d481a7501ec767253bdf60e9c2bda16fc07288ecccc8d3f53c80,,1
30,11,23133964,0x3e0000000000000001b,27,0 48 5,8,4,22 82 142 202,0xca254392748450207d07b4e4d341ccc9f3a34be2514ced0c0cd99aa888b6896e,,1
30,12,23134011,0x7c000000000000000003b,59,0 16 37,8,4,25 85 145 205,0x424c137cdf97a2df0115c4e9fc92d871d4005f0f297f6fb921dfdf75e6784239,,1
30,13,23225231,0xf8000000000000000000023,35,0 56 13,12,8,27 28 87 88 147 148 207 208,0x8479e687dcdccde788a3a9dc4ed5554991cdcc8273d50193d13c3cb1a2aea1a9,,1
30,14,23275151,0x1f000000000000000000000017,23,0 44 1,8,8,30 31 90 91 150 151 210 211,0xe62809de1665918f8b5055af33118c627df5fe59f324ea7fba11fc5f53bc39bd,,1
30,15,23275180,0x3e00000000000000000000000032,50,0 7 28,16,9,0 34 60 94 120 154 180 214 240,0xb091883bdcd60a9cc7817baf6692c0d4e2c96053eb0ed0edd6aca1eeb6341b2c,,1
30,16,23275212,0x7c0000000000000000000000000004,4,0 25 46,13,8,36 37 96 97 156 157 216 217,0xc61a684ed6c17d31ccde541b7da15af57500b9d9f8a69aa06c6cc625c9ef1fc2,,1
30,17,23276262,0x7c0000000000000000000000000003,3,0 24 45,5,4,37 97 157 217,0x48af6f5a03e6f2484a1341e4e36415e002c6f7c89f98571af8d5fcb29cb1694a,,1
30,18,23276284,0xf8000000000000000000000000000038,56,0 13 34,13,8,39 40 99 100 159 160 219 220,0xf32e6219fd3e9d86ba4537bd96bbe09d0fe5e21b23dc0795f8dfa60af321b742,,1
30,19,23276310,0x1f000000000000000000000000000000031,49,0 6 27,7,4,43 103 163 223,0x514972d271f38058f57b598cd50de4392874dae143c3068eeb7a9c6e94c680c0,,1
30,20,23276334,0x3e00000000000000000000000000000000035,53,0 10 31,6,4,46 106 166 226,0x1d33d9aa71005db1d384d95859e350b21d36ebebe838a5c08f9b7b48f0056de3,,1
30,21,23465403,0xf80000000f80000000f80000000f80000000f802f,47,0 4 25,53,31,0 4 15 16 28 40 52 60 64 75 76 88 100 112 120 124 135 136 148 160 172 180 184 195 196 208 220 232 240 244 255,0x37e66b9f6e3ec16f07d7679cc8b498b656f6a3e44b52e3a1a6785fe6ada8124b,,1
30,22,23822358,0xf80000000f80000000f80000000f80000000f801d,29,0 50 7,60,38,3 4 16 27 28 39 40 51 52 63 64 76 87 88 99 100 111 112 123 124 136 147 148 159 160 171 172 183 184 196 207 208 219 220 231 232 243 244,0x08ca626f9a56f056dd36c060c1fbb129f1e74d50ee2de7ad68932794a8424720,,1
30,23,24392583,0x7c3e1f0f87c000000000e,14,0 35 56,75,43,12 13 15 16 18 19 21 22 24 25 72 73 75 76 78 79 81 82 84 85 132 133 135 136 138 139 141 142 144 145 192 193 195 196 198 199 201 202 204 205 252 253 255,0x21ad4323532b4b0f4abcc997f0775df78d89c42b21eb8a942730f7cb2ecd1704,,1
31,1,22831145,0x7c000000000b,11,0 32 53,8,5,13 73 133 193 253,0x335fd92f5f43c9bbf3f1d4c327d087a3f9f15b31e47e0c0363f88dcfcd63e6f2,,1
31,2,22866524,0x1f00000000000000000000002c,44,0 1 22,5,4,31 91 151 211,0x1e62f3d6c2ec54dbaa462f86906d7b842e2a05e229cc3098a94181573eddb925,,1
31,3,22866550,0x3e00000000000000000000000000000000001,1,0 22 43,6,4,46 106 166 226,0x64ce8689472d2d7529906dfc25a47bd4d1a7a5149ba72a82cd01dc2914b99cbc,,1
31,4,22866572,0x3e00000000000000000000000000000000000000000008,8,0 29 50,8,4,58 118 178 238,0xc9d9a71d53e398e6f2b18aff111c4193d4f711a0f8d96991bcbbb09c584d05bb,,1
31,5,22866949,0x3e00000000000000000000000000000000027,39,0 60 17,10,8,45 46 105 106 165 166 225 226,0x74d86a1164effb5eec91cf79f09860b7d857ec22873d5179759464c11b14122a,,1
31,6,22867352,0x1f00000000000002b,43,0 0 21,5,4,19 79 139 199,0xd8b2e0af0cc6b2b3a0856df5a20e23efee9ccc1c697d47a208566893864af3df,,1
31,7,22867573,0xf8000000000000000000023,35,0 56 13,5,4,28 88 148 208,0x8e808882fd4b3e8f40f40ccdc2cf6bf6385156124df415da7b51ca650b8c7fc7,,1
31,8,22869308,0xf8000000000000000000022,34,0 55 12,12,8,27 28 87 88 147 148 207 208,0xcd1a86d1ac7dcdb358325841963b540f8e75ac07b47f8b04c8cc0b4c4697983e,,1
31,9,22869330,0x1f000000000000033,51,0 8 29,22,13,0 18 19 60 78 79 120 138 139 180 198 199 240,0x93e078d64b36995743c5d4e07cee8604816925cf1acc1d3417ae3a683ce191a6,,1
31,10,22869357,0x3e0000000c,12,0 33 54,10,5,10 70 130 190 250,0x4755e3dfcabbfc59229d3b848ba82d854d438f2d1c8feaffc5f3fdf65cee4df3,,1
31,11,22869381,0x3e0000002f,47,0 4 25,19,10,9 10 69 70 129 130 189 190 249 250,0xe0994f8db92b9cd5ab2f14e7deffe59f65af7295688724809b18cf7bc7a0a0e2,,1
31,12,22869478,0x7c000000000000000003b,59,0 16 37,8,4,25 85 145 205,0xb7167f4063c1ebf1929760d50ab1fc4785eecf698524172369ee96d7f6ee3ea9,,1
31,13,22869503,0x7c0000000000000000000000000000000000005,5,0 26 47,6,4,49 109 169 229,0xb8d851ae8985b30440ff904b9e83f77e5fb22c925192c750557b61c05ab6a9a0,,1
31,14,22869934,0x7f000000000000000000000001,1,0 22 43,8,8,30 31 90 91 150 151 210 211,0xaa181b05f19fb4e0ba7ffaf587bcdaf6c89365a710e72a5d787c4f2fd025c588,,1
31,15,22874170,0x3e0000000000000000000000000000000000d,13,0 34 55,6,4,46 106 166 226,0x3235378731562a948f72b824eec51a57fa61d951a107bcad99f064f2dd17b7e7,,1
31,16,22964582,0x7c000000000000000000000000000000000000f,15,0 36 57,14,8,48 49 108 109 168 169 228 229,0xb9c9563715283af0a10c70615cd1fbd869982607ef751d7a5358fe2a07c6c78a,,1
31,17,23019173,0x7c0000000000000000000000000003,3,0 24 45,5,4,37 97 157 217,0x9adad8c6be1dd1e52423369ef8a705786cdea1c6b497ab676c4fa4528f89ea72,,1
31,18,23019189,0xf8027,39,0 60 17,9,5,4 64 124 184 244,0x53c0fb0f7edb7c798d6d1d332b82736fcb35b435971a736b41bda1295420e592,,1
31,19,23019217,0x7c000000003e,62,0 19 40,27,15,0 12 13 60 72 73 120 132 133 180 192 193 240 252 253,0xee3cc3f89ee3456827f41bbb307816941c36dca0f2e9c054290c5bbc1c5bc66f,,1
31,20,23019237,0x7c000000000000000000000000000000000003b,59,0 16 37,6,4,49 109 169 229,0x15009f82fad352de1675795e3055b809591acd66bc8ac5ade49536c13e0d0f8b,,1
31,21,23019254,0x1f00000000000000000000000000000000000000002a,42,0 63 20,7,4,55 115 175 235,0x809acfadba6698a3f22451ef6f034087140f756ed076b22016c006e1ab5854e2,,1
31,22,23020814,0x3e0000000000000000000000000000000000000000001b,27,0 48 5,13,8,57 58 117 118 177 178 237 238,0xf9ef6d1ad3489fa83439b338082189dbc467d6ed033f9d9a295e8566da0fbb00,,1
31,23,23020830,0xf8000000000000000000000000000026,38,0 59 16,8,4,40 100 160 220,0x32cadbf35a59277b8ff96daf903f85dc75072d6f87c6b2bed9a410c009748d3c,,1
31,24,23049034,0x1f000000000000000000000022,34,0 55 12,5,4,31 91 151 211,0x1e6ed5f9d4c384c0d945a79c48a7c8f2c434a2d93f337473c46b322e619b01fb,,1
31,25,23049050,0x7c000000003f,63,0 20 41,18,10,0 13 60 73 120 133 180 193 240 253,0x7285e10b4cfe356738bf8d8d5176a31f5fd1bd47b332ce6dceb22c7840355951,,1
31,26,23049067,0xf800000000000000000000f,15,0 36 57,5,4,28 88 148 208,0x5ecc5342e9c0c0229c0aad36525a0f6e831e0dfc452646edd59ecf0cf7f19c9a,,1
31,27,23049095,0x7c0000000004,4,0 25 46,17,10,12 13 72 73 132 133 192 193 252 253,0x5df51cb9219771c528a152e38a7f43c636e8abc9d29570c606a01c1078764dc0,,1
31,28,23130600,0x7c0000000000000000000000000003,3,0 24 45,13,8,36 37 96 97 156 157 216 217,0x0b8deb63fedade28c5988ff44fdd001633a88598973333c8d84747fd6a324205,,1
31,29,23217407,0xf8020,32,0 53 10,19,10,3 4 63 64 123 124 183 184 243 244,0xe1f07392f12cdba667e351fe5af3c1f0e576cd3a7776343865672500bbe20e46,,1
31,30,23217423,0xf8000000000000000000035,53,0 10 31,12,8,27 28 87 88 147 148 207 208,0xf43b78024b61260c1afa0b37df4cfe69f1b0608a6b4a000bfd64017c24b5d018,,1
31,31,23297559,0x1f00001e,30,0 51 8,8,5,7 67 127 187 247,0xf8799e8772a00769b326b7e09dfd1e6cde6dc7683ca838fffc5534c03515561a,,1
31,32,23471292,0xf80000001f000001f0000000000f800000000002b,43,0 0 21,34,24,16 30 31 39 40 52 76 90 91 99 100 112 136 150 151 159 160 172 196 210 211 219 220 232,0x2847b0676178301c8064944e58e0e4691a2a2e59685a147e82fdf24df788dd88,,1
31,33,23649520,0xf80000000f80000000000000000f87c00000f8019,25,0 46 3,49,31,4 13 15 16 40 51 52 64 73 75 76 100 111 112 124 133 135 136 160 171 172 184 193 195 196 220 231 232 244 253 255,0x3468160be7cf4900b85909294ccf1c66505b7e3cd8a1da29af37870cc0ece9f8,,1
31,34,24318971,0x7c3e1f0f87c000000001f,31,0 52 9,62,35,0 12 13 16 19 22 24 25 60 72 73 76 79 82 84 85 120 132 133 136 139 142 144 145 180 192 193 196 199 202 204 205 240 252 253,0x9631bdf20f8e1dfc78264962a85c61e6475d9d5cbbf8203863a14716bc79fe36,,1
31,35,24502556,0x7c3e1f0f80000000f802c,44,0 1 22,69,39,3 4 15 16 18 19 21 22 25 63 64 75 76 78 79 81 82 85 123 124 135 136 138 139 141 142 145 183 184 195 196 198 199 201 202 205 243 244 255,0xbca9363b65b8d462c5d001fca3bde7c0ab2612d1bf81c5782b396d52c6d96d59,,1
31,36,24502610,0x7c3e1f0f80000000f803f,63,0 20 41,44,25,4 16 19 22 24 25 64 76 79 82 84 85 124 136 139 142 144 145 184 196 199 202 204 205 244,0x632dc377da67f8a277dd21ae4ef311959cfb7647f9972b2de1d802702064803a,,1
31,37,24504044,0x7c3e1f0f80000000f8006,6,0 27 48,69,39,3 4 15 16 18 19 21 22 25 63 64 75 76 78 79 81 82 85 123 124 135 136 138 139 141 142 145 183 184 195 196 198 199 201 202 205 243 244 255,0x1db733999c02b30eeca93f75ba19cf69b9b5fcc35d8cbb418d9582a40488e44d,,1
31,38,24715161,0x7c3e1f00000001f0f801d,29,0 50 7,54,31,4 6 7 19 22 24 25 64 66 67 79 82 84 85 124 126 127 139 142 144 145 184 186 187 199 202 204 205 244 246 247,0xc9fe2b1321953befcc571be8ebf0933c51f2f3882750a68def4da801c27b07b5,,1
31,39,24715907,0x7c3e1f00000001f0f801e,30,0 51 8,79,44,3 4 5 7 18 19 20 21 22 25 63 64 65 67 78 79 80 81 82 85 123 124 125 127 138 139 140 141 142 145 183 184 185 187 198 199 200 201 202 205 243 244 245 247,0xeeea256e5cc9cf97d1444b286455156424fea43ec12f353a311dd6f568fdb60d,,1
31,40,24715943,0x7c3e1f00000001f0f8012,18,0 39 60,68,39,4 6 7 19 22 23 24 25 26 64 66 67 79 82 83 84 85 86 124 126 127 139 142 143 144 145 146 184 186 187 199 202 203 204 205 206 244 246 247,0x1e831e088185cbb0a9772a7fb35c40cc7c3154f32a7822a92b5c3e4fded54715,,1
31,41,24927592,0x7c3e00000003e1f0f8034,52,0 9 30,80,42,0 3 4 7 9 10 21 22 25 60 63 64 67 69 70 81 82 85 120 123 124 127 129 130 141 142 145 180 183 184 187 189 190 201 202 205 240 243 244 247 249 250,0x3be50386cf083e137f15fef56a335bd9d1c7d9884602015edbb40107fe1a8706,,1
33,1,22830968,0x1fe0000000000000000000000000000000000000000002d,45,0 2 23,16,8,58 59 118 119 178 179 238 239,0x23ccf25e8d413d95fe147f287699c678c91fc76d2b85bfabc92751e110e92468,,1
33,2,22956553,0xf8007,7,0 28 49,9,5,4 64 124 184 244,0x75ed74a8a5ccd9d4430ffd414d7223731c884dbc9ce7f71e6d94a3419f87af67,,1
33,3,23124281,0xf8000000000000000000036,54,0 11 32,5,4,28 88 148 208,0xccfd8bd87e10994e9cd2d81ecc0be5dadcd04931ca743c80f27dc483353f9351,,1
33,4,23229553,0x3e0000000000000000a,10,0 31 52,8,4,22 82 142 202,0xcb3f40941ceae54b3ca1667ccee7d9d75f4e9864c832e6ce000ea2a041bc682b,,1
34,1,22831324,0xff00001c,28,0 49 6,18,10,7 8 67 68 127 128 187 188 247 248,0x1b62d34ddf8ae06a458f3d4a060dfb2921355e591731d39fb9876bdfdc0ed6f9,,1
34,2,23030245,0x1f00002c,44,0 1 22,16,10,6 7 66 67 126 127 186 187 246 247,0xa56685266fdbe3335242e7497898f2cf1e01feebf874e9ead50df2cc35799efa,,1
34,3,24980495,0x7c3e00000003e1f0f802d,45,0 2 23,52,28,4 7 9 10 22 25 64 67 69 70 82 85 124 127 129 130 142 145 184 187 189 190 202 205 244 247 249 250,0x0b457feecbbb24871661c9e600513ca922123089dad4c5691273107d2366a147,,1
34,4,24980525,0x7c3e00000003e1f0f8034,52,0 9 30,77,41,3 4 6 7 10 21 22 24 25 63 64 66 67 70 81 82 84 85 123 124 126 127 130 141 142 144 145 183 184 186 187 190 201 202 204 205 243 244 246 247 250,0x6d28b34338c7077f2560a717f1b743f63d22ae7ddbf70796f7530444a91980e1,,1
35,1,22831900,0x1fe00000036,54,0 11 32,19,10,10 11 70 71 130 131 190 191 250 251,0x5fdca0b3181241cdb7ff11e93ed970d70a2535ac2df05fdd2f81f832d3718c85,,1
35,2,23150786,0x1fe0000000000000003c,60,0 17 38,16,8,22 23 82 83 142 143 202 203,0x649d341c67de1fdca3e24f0fbed19002153575b9c20b5c89a8669f72da6fe14d,,1
36,1,22832073,0x7f00000000000003a,58,0 15 36,5,4,19 79 139 199,0xb6aa06fc81f8b345872e7647b680fb2d3936607a2d9e0e02d437fcf29b77e9c1,,1
36,2,22883591,0x7f000000000000000000000000000000000000000007,7,0 28 49,7,4,55 115 175 235,0x83d6f4b45ad46dfacc3694c90648f6d43bfb56a4afb50a490972104a2158760f,,1
36,3,22950013,0x1fe0000000000000000000000000000000000000000003d,61,0 18 39,21,12,57 58 59 117 118 119 177 178 179 237 238 239,0xfee2128a3960a917f67257c0635eb32746c399e34f72372d2febd35e876d451d,,1
36,4,23041494,0xf8037,55,0 12 33,9,5,4 64 124 184 244,0xd5558431e0417b40c76dddebdf65a54951b8c9a8e69f07b135d501c84807e7e7,,1
36,5,23160547,0xff00000000000002e,46,0 3 24,28,17,0 18 19 20 60 78 79 80 120 138 139 140 180 198 199 200 240,0x3d5380f8e5655d5daa62abb3a79d119ef977f14794810c80c02e1c530738d849,,1
36,6,23305212,0x1fe00000039,57,0 14 35,19,10,10 11 70 71 130 131 190 191 250 251,0x101e7a0ad37b1e1a2fd43324180ca39621aec8a908e11a8b758abe95c440bacd,,1
36,7,23305264,0x3fc0000000000000000014,20,0 41 62,14,8,25 26 85 86 145 146 205 206,0xb676f742e7112b157f5a4c5c5cbf68649c4f9b10a06534319c2788bb311e3de2,,1
36,8,24760236,0x7c3e1f00000001f0f8007,7,0 28 49,64,35,3 4 7 19 21 22 24 25 63 64 67 79 81 82 84 85 123 124 127 139 141 142 144 145 183 184 187 199 201 202 204 205 243 244 247,0x3adcd8daebb635726d0a8624406abf8235981a7c1b0017b736f05e02ab4cc76d,,1
36,9,24760644,0x7c3e1f00000001f0f8005,5,0 26 47,53,31,4 6 7 18 19 22 25 64 66 67 78 79 82 85 124 126 127 138 139 142 145 184 186 187 198 199 202 205 244 246 247,0x27406b67fde8fee6587ece88dac1ea2b507a1f37413c24d36c8d7df818be891b,,1
37,1,22832672,0x1fe00000000000000000000000000000000000,0,0 21 42,11,8,46 47 106 107 166 167 226 227,0xe7f3fcc8b37edc77c066f24347bfe48e89075bce07904b139bb4ffb05be1c788,,1
37,2,22902731,0x7f8022,34,0 55 12,19,10,4 5 64 65 124 125 184 185 244 245,0x840a6a580f4d51034168ea2cae0903e5592642307d1fc5313af47a5a7effbaa6,,1
37,3,22903575,0x7f800000000000000000001a,26,0 47 4,10,8,28 29 88 89 148 149 208 209,0x7ff049e85f34433ad12621cf09f6b004a6dfa1c21c3ae497363328e74adf841f,,1
37,4,22903641,0x1fe0000000000000000000000000000000000000000003a,58,0 15 36,16,8,58 59 118 119 178 179 238 239,0xf60e6684b78ec042233d0209b35029d73c379a0d4cb3dfbbf8c3e3eead4b9322,,1
37,5,23084437,0x3e00000000,0,0 21 42,10,5,10 70 130 190 250,0x4bb25734092dabfd25317cc5258d7e02f5a2c92295a660a9ebde397471388285,,1
37,6,23420960,0xf80000000f80000000f80000000f80000000f8035,53,0 10 31,52,30,3 4 16 27 28 40 52 63 64 76 87 88 100 112 123 124 136 147 148 160 172 183 184 196 207 208 220 232 243 244,0x55f4040418d99e0ad506cd3f4eb52a887e7216d9c88b27012e3f44aade2bcc5f,,1
37,7,24755428,0x7c3e1f00000001f0f800f,15,0 36 57,46,27,4 6 7 19 22 25 64 66 67 79 82 85 124 126 127 139 142 145 184 186 187 199 202 205 244 246 247,0xf569714c80354a76411d425ae818be7f5bf49d7f228ec8e3c1e20f073874aed0,,1
38,1,22832221,0xfe00000000000000000000000000000000000000000003,3,0 24 45,8,4,58 118 178 238,0xe5936971863e4f8d753637425b951521b27b3975e6b33c05d373260d658f7658,,1
38,2,22833048,0xff000000000000000000000019,25,0 46 3,13,8,31 32 91 92 151 152 211 212,0x87bf2f6ec82e247375f9544d55bb404073dc33c32b143d2f6f02c42ab82ab516,,1
38,3,22891651,0x1fc0000000000000000000000000026,38,0 59 16,5,4,37 97 157 217,0x972ae84007bc0f5b2345f2de2a955ff95cfa2ecff2c892f9328206b3ab2b06cd,,1
38,4,22991135,0x3f8000000000000000000019,25,0 46 3,5,4,28 88 148 208,0x70d971ba4fe06cbca789d4de9eb2240e35de4e8e087ef589296b318d1c68697f,,1
38,5,23153088,0x7c000000000000000002a,42,0 63 20,8,4,25 85 145 205,0xac1db194439bf4722d541edf89cd9e7ea8117c9948bbef1bb85fd7a57ccad456,,1
38,6,23575809,0xf80000000f80000000f80000000f80000000f8035,53,0 10 31,47,29,4 16 27 28 39 40 52 64 76 87 88 99 100 112 124 136 147 148 159 160 172 184 196 207 208 219 220 232 244,0xbebc0342387eadddfd7fb1be34f5ce063019d129cf22786fe980a0fdaa6bdc2f,,1
38,7,24759757,0x7c3e1f00000001f0f800f,15,0 36 57,56,31,3 4 7 19 22 24 25 63 64 67 79 82 84 85 123 124 127 139 142 144 145 183 184 187 199 202 204 205 243 244 247,0x62bbb5837c28133c2f3df39095c19835149d95c5a03de19eb925e40687b8a13e,,1
39,1,22833121,0x7f803c,60,0 17 38,19,10,4 5 64 65 124 125 184 185 244 245,0xc91e4b8cf6b806ddd75a7c0caf8a61c49013bb12b08de7e5fa33402897cb760d,,1
40,1,22833695,0xff000000000000000000000036,54,0 11 32,13,8,31 32 91 92 151 152 211 212,0xa2efcd4cda86b019500703f9f3f1e25e0ca798da14c695a3d6c6e09cff9fffec,,1
40,2,22834533,0x7f00000000000000000000000000000003d,61,0 18 39,7,4,43 103 163 223,0xd3ed19bf9c7710c998ca8e93eac4e35ae2905fc6e045e0d9bdf25d171d36fded,,1
40,3,23030198,0xf8000000000011,17,0 38 59,6,4,16 76 136 196,0xeb1f21323d363f39b7603cfa90ed341111afed08069cf020c595110c94be6e54,,1
40,4,24980258,0x7c3e00000003e1f0f8034,52,0 9 30,43,23,4 7 10 22 25 64 67 70 82 85 124 127 130 142 145 184 187 190 202 205 244 247 250,0x18c613b496dd8c438580fc4995e131ecd76a574247cd1bb9bd90ef7e0a978d03,,1
40,5,24980343,0x7c3e00000003e1f0f801d,29,0 50 7,86,46,3 4 6 7 9 10 21 22 24 25 63 64 66 67 69 70 81 82 84 85 123 124 126 127 129 130 141 142 144 145 183 184 186 187 189 190 201 202 204 205 243 244 246 247 249 250,0xa167ad23533616f06441a22fb1eab333e59c97f2b92ced98fbb2d3b0f3b31f3a,,1
41,1,22832759,0x1fe0000000000000000000000000000000000000000002d,45,0 2 23,16,8,58 59 118 119 178 179 238 239,0x17289c481b11f33edf417e850a54036ad3643a164356e740bec5916edde83d75,,1
41,2,22832777,0xff000000000000000000000000000000000000000034,52,0 9 30,19,12,55 56 57 115 116 117 175 176 177 235 236 237,0x8afb608d94f6732b0dafd300f9db59a7829b4a13df694da2ea40952abe988bb5,,1
41,3,22862908,0x7f8039,57,0 14 35,19,10,4 5 64 65 124 125 184 185 244 245,0x8d37a2e7bdd13cd437ea2ea59c8c7fc0afb4f3d5bcfab0d006488031063c6fb4,,1
41,4,24755255,0x7c3e1f00000001f0f8027,39,0 60 17,56,32,3 4 6 7 19 22 25 63 64 66 67 79 82 85 123 124 126 127 139 142 145 183 184 186 187 199 202 205 243 244 246 247,0x504d6c084b337b357343098e4be823f039d464bcccea2f5fe7c596f2590e259d,,1
41,5,24756785,0x7c3e1f00000001f0f8039,57,0 14 35,71,39,0 4 7 18 19 21 22 24 25 60 64 67 78 79 81 82 84 85 120 124 127 138 139 141 142 144 145 180 184 187 198 199 201 202 204 205 240 244 247,0x79efeb1fac3a7c2d9035c122a59fa05b96edaee26508044d85373ea8d5c8dd98,,1
42,1,22834665,0x3f8020,32,0 53 10,9,5,4 64 124 184 244,0xe8ae0c6d944789b18782e39091c5817492b8636b397fa1068cc1fb1e23841ccc,,1
42,2,22835859,0x1f00000000000000d,13,0 34 55,5,4,19 79 139 199,0x532bbd237d38b75bff215b3e64b1e861a38d81c74f56665e12e75aae0ce0a6c6,,1
42,3,22835901,0x7c0000000000000000000000000000000000020,32,0 53 10,6,4,49 109 169 229,0xde47e718b0947bfe2f566e185a08dcbc1fd349f8057a567540c45c794b56fd55,,1
42,4,22837916,0xf8037,55,0 12 33,19,10,3 4 63 64 123 124 183 184 243 244,0x5f1119f5e47dd15ec1c79c6925de4e7457d4abf56e412902c24ac94c2477853c,,1
42,5,22840670,0x3e0000000000000000000000000000000000000000002e,46,0 3 24,8,4,58 118 178 238,0xf5155cf2effe8da17e1d84b1eaeb23f8d186f109903cf2c3ee8fbf575487918f,,1
42,6,22845182,0x1f000008,8,0 29 50,16,10,6 7 66 67 126 127 186 187 246 247,0x69a5f9830608d115240a04bbad1feea9ed57cb24f343daa34a3de77d5a2f9ee1,,1
42,7,22939413,0xfe00000000000000006,6,0 27 48,8,4,22 82 142 202,0x6cc94c5ba1bb1d0257d5dea03afa92265bffbbbe3fdaba1305fc24b97ea43844,,1
42,8,23018396,0x3f8000000000010,16,0 37 58,6,4,16 76 136 196,0x73a913543aaaa59847cf59dcfbb68b9a4c0e5aca73d02c4ae2becda4b44156ab,,1
42,9,23018414,0x7f00001d,29,0 50 7,18,10,0 7 60 67 120 127 180 187 240 247,0x5309e65df621136d78241285dfe270cfc0ba2aa3b15f5a671bc8d8eb3b76d3db,,1
42,10,23018430,0xfe00000000000000035,53,0 10 31,24,12,21 22 23 81 82 83 141 142 143 201 202 203,0xe6df3807a84f05e0d73d366ea00c62f8bad34067579933cbc2be6dddce78876a,,1
42,11,23112800,0x3fc000000003b,59,0 16 37,24,15,13 14 15 73 74 75 133 134 135 193 194 195 253 254 255,0x992a76ff39390cf9a5d15e41cbeee2f12e5646e78627ac3b0e70e5a22022b5c1,,1
42,12,23112821,0xff000000000000024,36,0 57 14,18,12,18 19 20 78 79 80 138 139 140 198 199 200,0xe8495f530716c9b69e85acd4c44fb926a8e27ab5e4e1ee69c3841651178702f0,,1
42,13,23459894,0xf80000000f80000000f80000000f80000000f801a,26,0 47 4,35,21,4 16 28 40 52 64 76 88 100 112 124 136 148 160 172 184 196 208 220 232 244,0x723878f491334a366f66e5c25ea6cfee617366d5cf01e826cb2e04985ed1dd4e,,1
42,14,23465981,0x1fe7,39,0 60 17,18,10,0 1 60 61 120 121 180 181 240 241,0xc200dc14f2ce571b01f5aef1ac005dcbbe458e9059e8b7f33e12527d953adc25,,1
42,15,23466105,0x1fcb,11,0 32 53,27,15,1 2 3 61 62 63 121 122 123 181 182 183 241 242 243,0xdb721b834c32b7ea233c863d220b86ce9a842804ae71770bff3a18485492543c,,1
42,16,23649541,0xf80000000f80000000f80000000f80000000f8012,18,0 39 60,68,43,0 4 15 16 27 28 39 40 51 52 60 64 75 76 87 88 99 100 111 112 120 124 135 136 147 148 159 160 171 172 180 184 195 196 207 208 219 220 231 232 240 244 255,0x2603c3166bee85aab5de2f90b8b349ea76ba704c8d8bafab370b1b7c2535685a,,1
42,17,23835646,0xf80000000f80000000f80000000f80000000f8024,36,0 57 14,55,31,3 4 5 16 28 40 52 63 64 65 76 88 100 112 123 124 125 136 148 160 172 183 184 185 196 208 220 232 243 244 245,0x6fba47cc5bce3a87b7aac038dbc3ec36e89243aebe2e12d71d933e7128c70d1a,,1
42,18,24517819,0x7c3e1f0f80000000f8023,35,0 56 13,65,38,4 15 16 17 19 21 22 24 25 64 75 76 77 79 81 82 84 85 124 135 136 137 139 141 142 144 145 184 195 196 197 199 201 202 204 205 244 255,0xaa64397a1aa6d9f597d48fb7c2b8990a09e451b68feb1f6cba63ac7b60df53f8,,1
43,1,22833516,0x1fe0000000000000000000000003b,59,0 16 37,12,8,34 35 94 95 154 155 214 215,0x75b8819dd96fbfeb4926c171e490c5dbeb5b772f415a71fceb17f97b5537cd59,,1
43,2,22833794,0xf8000000000000000000011,17,0 38 59,5,4,28 88 148 208,0x7faa13b19ebf842de5552667f18a0dc51bb74db2827ff0fcb1c699e11a39120a,,1
43,3,22835933,0x3f8000000000000000000000,0,0 21 42,12,8,27 28 87 88 147 148 207 208,0xe2033b5e8fb26f5e5d328d02d9827a8ec70227fdb7d6a46755f2fa9e5df82722,,1
43,4,22843999,0xf8037,55,0 12 33,9,5,4 64 124 184 244,0x8041ca759d06b4932f9a46eb2442c0ef0a664ac4ead53b660924398d2d22c30d,,1
43,5,22859675,0x7c000000000000000002a,42,0 63 20,8,4,25 85 145 205,0x8d3d192b272b1a98c18cfde6e8ba2b9e6de049a842839f95a71f8db6a624fb23,,1
43,6,22876559,0x1f000008,8,0 29 50,8,5,7 67 127 187 247,0x8b5883e1ccaa77c06f3a823a6d17f073acb013f502be415d91756b5a7a2570f0,,1
43,7,22989440,0x3e00000000000000000000000000000000006,6,0 27 48,6,4,46 106 166 226,0x05cbaa21c7e0302fce9d5a393101e2cea51e80b24a117c7ed848c309898d6742,,1
43,8,23205239,0xf8000000000023,35,0 56 13,16,9,0 16 60 76 120 136 180 196 240,0xc42ef16cf8a6c3160a630a4e6b3ddfad9b19bd8568c6f6c193a594a1b2f2292e,,1
43,9,23382498,0xfe00000000000000000000000000000000000000000013,19,0 40 61,8,4,58 118 178 238,0x63d5f9c5688f8770464b8cfb2b4aa5d28239505c0f04354e75554a29a3ae9c00,,1
43,10,23385627,0x7f00000000000000000000000000000001a,26,0 47 4,7,4,43 103 163 223,0x77e6756633e2660efd5d708c51e2127a4853e00d023769f68f248014f5344d3a,,1
43,11,24337372,0x7c3e1f0f87c000000002c,44,0 1 22,51,30,13 15 16 19 22 24 25 73 75 76 79 82 84 85 133 135 136 139 142 144 145 193 195 196 199 202 204 205 253 255,0xb2766def93a7580a00b34229b763e03b086da9a66ecdff5d5daaae8360081122,,1
44,1,22835680,0xfe00000000000000000000000000000000000000000003,3,0 24 45,8,4,58 118 178 238,0xe5936971863e4f8d753637425b951521b27b3975e6b33c05d373260d658f7658,,1
44,2,22835772,0x7f8022,34,0 55 12,19,10,4 5 64 65 124 125 184 185 244 245,0x1b6cb127f7f365455e4c2db0f4edd3fcff9295472449f03705def9d8584ef4a2,,1
44,3,22836970,0x3fc0000000000000000033,51,0 8 29,14,8,25 26 85 86 145 146 205 206,0x247668083bfb2ceb04e7cbd1c500d31f0513a7ed1f71b915f06863a89e819740,,1
44,4,22838126,0xff000000000000005,5,0 26 47,11,8,19 20 79 80 139 140 199 200,0x0505d3358e0cf682ad0d1c50e6e55e8e00e0680d0b09f578547408f83557f275,,1
44,5,22846280,0x1fe00000000000000010,16,0 37 58,32,16,21 22 23 24 81 82 83 84 141 142 143 144 201 202 203 204,0x31f56b2919af35723b7b4fc8644215edb01d1dd45f3c0acce04a69e745e6a27d,,1
44,6,22854216,0x7f8000000000026,38,0 59 16,18,12,16 17 18 76 77 78 136 137 138 196 197 198,0x9d84a53cdbe2ff93bdb59228b459ff9aafd7c1fea7bf7434aa02832dfb7403fe,,1
44,7,22854574,0x1fe0000000000000000000000000e,14,0 35 56,12,8,34 35 94 95 154 155 214 215,0x157f0418bd232e1e6e6d373b10c4782a364df3a0cdea64bf14e3898f843ac651,,1
44,8,22854677,0x7f8000000000000000000000000000034,52,0 9 30,14,8,40 41 100 101 160 161 220 221,0x1209372de3dbb972075790f70e6ffe9154bf1692554ca70a5c858cbeb7cd4ee2,,1
44,9,22855167,0x3fc0000000000000000037,55,0 12 33,24,13,0 25 26 60 85 86 120 145 146 180 205 206 240,0x370c327a0d95325a5fd66a170e93609bdaa322efe4c28520798bae4a33d4f339,,1
44,10,22855360,0xff00002c,44,0 1 22,26,15,6 7 8 66 67 68 126 127 128 186 187 188 246 247 248,0x7d3b0953ab2590621c8a5ceb801ab917c16cc6b9179bb7934ccf6974eca5c27f,,1
44,11,22876769,0x3fc0000000000000000000000000023,35,0 56 13,22,16,36 37 38 39 96 97 98 99 156 157 158 159 216 217 218 219,0x6b4af7789d47c5f7583199e3259da4852b3bdcb6e034903c49f143cb71ce87ca,,1
44,12,22933258,0x3f8037,55,0 12 33,19,10,3 4 63 64 123 124 183 184 243 244,0xff767cf0a36116e3e5498b55f1c28032f2dc383d94d05bf26fa4577688892f2a,,1
44,13,22933666,0x3fc0000000000000000036,54,0 11 32,22,12,24 25 26 84 85 86 144 145 146 204 205 206,0x861fbc3a1f7aae6e76ee1bb4cf356586661d55c7b1f6c1370caf2269e9a88c87,,1
44,14,22948806,0xf8002,2,0 23 44,9,5,4 64 124 184 244,0xccc95aaea075ff79dea455a55c325f7633fc1afc23d19d64c52eb01811a2f5b0,,1
44,15,22949012,0x1fe00000000000000000000000000000000000000000032,50,0 7 28,31,17,0 57 58 59 60 117 118 119 120 177 178 179 180 237 238 239 240,0x750844a415e5052c2f0147d4debf6e2a6b1288bd73f7100eb75b872d2f3cd3d1,,1
44,16,23054353,0x1fe00000000000000000000000000000000000000000029,41,0 62 19,16,8,58 59 118 119 178 179 238 239,0x8aed02bca5394db86a2a3a8f7e4a9fba0ffb61ced68817a2a4c2917deacf109b,,1
44,17,23054404,0xff000000000000000000000016,22,0 43 0,13,8,31 32 91 92 151 152 211 212,0x5d9eaff3cc3293fb44d5bcba936e3ce4c45c05c03e59e19a7cb3e81be188b936,,1
44,18,23054639,0x7f8014,20,0 41 62,29,15,3 4 5 63 64 65 123 124 125 183 184 185 243 244 245,0xbd94a4d5b81714b2c49e4c748b260e1f103958f9c4ed6b55a67219860c04fd1f,,1
44,19,23112588,0xf803a,58,0 15 36,9,5,4 64 124 184 244,0xe5c577b856ec836835bba33c7a94e6fea98df7e4b8971a2e93194388e6f68e48,,1
44,20,23176500,0xf800d,13,0 34 55,19,10,3 4 63 64 123 124 183 184 243 244,0xa0278e5ef0cd8dfd6790a87852abe399709648212d9a8ff7ce85f32d402d7e01,,1
44,21,23176725,0x1f000026,38,0 59 16,16,10,6 7 66 67 126 127 186 187 246 247,0xb9ba935f8e25bff5146ea8784b50fa27757b052ce6eec642a0d247b7ca96de82,,1
44,22,23176767,0x3e00000024,36,0 57 14,29,15,0 9 10 60 69 70 120 129 130 180 189 190 240 249 250,0xf61b8e0b6da9725504b14e335c2fc1a78fba54a3a887eed6fd7af07772767c38,,1
44,23,23184977,0xf802a,42,0 63 20,9,5,4 64 124 184 244,0x3eec412dead4fea2a46010e385e69e9365ec51ff6478a9ca7b0f18ae89e41b63,,1
44,24,23185017,0x1f00003c,60,0 17 38,8,5,7 67 127 187 247,0xb526f74f168d781e7c6cd259f98170c68e09a7307aa84ebc9641af7597e26c29,,1
44,25,23185052,0x3e00000005,5,0 26 47,10,5,10 70 130 190 250,0x1ebfc0e976d37f2dafdc31d4bd5b9a14be93721019d73e202b8f7cffe808cdc2,,1
44,26,23185089,0x7c0000000002,2,0 23 44,8,5,13 73 133 193 253,0x1e8806c48bef29477775487d77c88f8fc06600c205231ff2145eae9632492cb0,,1
44,27,23185130,0xf8000000000018,24,0 45 2,14,9,15 16 75 76 135 136 195 196 255,0xd338449c8c4aff6d171ff167a1d3a12be66ca952c415a7264af465d90e743807,,1
44,28,23185178,0x1f000000000000006,6,0 27 48,5,4,19 79 139 199,0x3a896dc5b277e0ea1e083fa85226a2869e21ea4bcb6c31a73ce78524b6470fd0,,1
44,29,23185232,0x3e0000000000000002d,45,0 2 23,8,4,22 82 142 202,0xd04a48e9725a99b69488a13991e0c8d22b235ebb1419e134d9c4a35bd3615ef7,,1
44,30,23185269,0x7c0000000000000000038,56,0 13 34,18,9,0 25 60 85 120 145 180 205 240,0x0f5e61a8b149c07429e0c5e15ef6ae2a4669c6bf1407a214ae8731b3c71ab7a5,,1
44,31,23185428,0x3e00000000000000000000000000000000000000000034,52,0 9 30,13,8,57 58 117 118 177 178 237 238,0x3742e20a0a0d0164e7601d48a050e6099a03495b7ac723607a0de7341b18e375,,1
44,32,23185463,0x7c0000000000000000000000000000000000009,9,0 30 51,6,4,49 109 169 229,0x9a11bbe741ec743a7dbd5ce5655cc184223cb980d1e5d7619158e44847c1d648,,1
44,33,23185518,0xf800000000000000000000000000000000000002d,45,0 2 23,7,4,52 112 172 232,0x3a74d2e707eb15c291a01e4727a654b50c165620bc81017787d1f5495bb6b7c2,,1
44,34,23185555,0x1f000000000000000000000000000000000000000003,3,0 24 45,7,4,55 115 175 235,0xfa5f8987c60967a552d9a5fc1b1d90389d6eb1d6f5693bfab86bd671fcc429f4,,1
44,35,23185609,0x3e00000000000000000000000000000000023,35,0 56 13,6,4,46 106 166 226,0x6c138545a40856ff6e8af207b6ae2da626f0e3080e4090ae66543d6733c3a1a5,,1
44,36,23185643,0x1f000000000000000000000000000000020,32,0 53 10,13,8,42 43 102 103 162 163 222 223,0x2f184b8cd48b363c574ff4f901305c8e0526e0a12cafec4234e90d50ecc8f937,,1
44,37,23185700,0xf8000000000000000000000000000032,50,0 7 28,18,9,0 40 60 100 120 160 180 220 240,0x8cd82fc4877a7417160d9a2857f9e1273a2cfc8936ada009f106d6e091840230,,1
44,38,23185750,0x7c000000000000000000000000002d,45,0 2 23,5,4,37 97 157 217,0x676d3c5197c663b6b461e8dff11e79f4515fa835bd1f404b624516377c47900e,,1
44,39,23185888,0x1f000000000000000000000034,52,0 9 30,8,8,30 31 90 91 150 151 210 211,0x7cadef97e08b5a1609c2be1146a44e5fb9b209391c769fddbcdf5dda40b9ffbd,,1
44,40,23186017,0x3e00000000000000000000000028,40,0 61 18,14,8,33 34 93 94 153 154 213 214,0x09d1027231e1451ac040ad3932c349c2c3a89d58e774701584e8056cfe78130e,,1
44,41,23186064,0x3e00000000000000000000000011,17,0 38 59,6,4,34 94 154 214,0x6475685afeadc17ed062e02bfc466007fbe488eba709d409fdd3e85b7f27b2a4,,1
44,42,23186171,0xf8000000000000000000007,7,0 28 49,12,8,27 28 87 88 147 148 207 208,0xfe68ca92a331d48c2c1dc2a18b90e0480fb2c327b4713cb5fff75a6d0df35e83,,1
44,43,23186224,0x1f000000000000000000000036,54,0 11 32,5,4,31 91 151 211,0xc71dc5c2977cb7b65d7d124ad51859960399e92d95a7cd70efe413b40363d985,,1
44,44,23186285,0xf8000000000000000000030,48,0 5 26,15,9,0 28 60 88 120 148 180 208 240,0xe8fb5ef1f8c64bf457ab7479510a2cd47f7038cb8472326ed6f0b2fd875830bd,,1
44,45,23186353,0x3e00000000000000000000000030,48,0 5 26,14,8,33 34 93 94 153 154 213 214,0x7431db398abdc0986f2293a2342a4949c2e1b3389e325ee54972e84d3fb450e5,,1
44,46,23233421,0x7f801e,30,0 51 8,29,15,3 4 5 63 64 65 123 124 125 183 184 185 243 244 245,0xa8e0d022e09f0d2a9baa80587be5c5017c650c9aea651f1992952722cbdc2216,,1
44,47,23233493,0x3e00000000000000000000000000000000000000000002,2,0 23 44,8,4,58 118 178 238,0xa4851ef3f780e1b25567dc979d8b5578c2be3ec02679630a977c4745b9463b1e,,1
44,48,23233524,0x7c0000000000000000000000000000000000020,32,0 53 10,14,8,48 49 108 109 168 169 228 229,0x239062fb2fc8f21299509a1a99ba5d425bf5290f6d97ce55adf5faf9226973ee,,1
44,49,23233565,0xf800000000000000000000000000000000000002b,43,0 0 21,10,8,51 52 111 112 171 172 231 232,0x390c31076151c6d061f0392a57468d3b14319538dec37ad7b3900160855bdbed,,1
44,50,23233600,0x1f00000000000000000000000000000000000000001d,29,0 50 7,12,8,54 55 114 115 174 175 234 235,0x4ead81cf542f7676a83d4bc5246345b14bd1e932d98203c626d79055de329ecf,,1
44,51,23233740,0x7c0000000000000000000000000027,39,0 60 17,23,13,0 36 37 60 96 97 120 156 157 180 216 217 240,0x4d3b8190d077cd0adb44b1dd51ce2f3e4377cd577f23e088aef5cf58d855ef8a,,1
44,52,23233781,0x7c0000000000000000000000000001,1,0 22 43,5,4,37 97 157 217,0xf447005e767f616e0ee5670a031a626005b894d577c80566d18ce40bcb13e03d,,1
44,53,23233869,0x3e0000000000000000000000000000000000000000003b,59,0 16 37,13,8,57 58 117 118 177 178 237 238,0x2ab2f3a3f5ffaa25ed28591349fe31548049d6c99f8058bf03d9d3524d7cc931,,1
44,54,23233904,0x7c0000000000000000000000000023,35,0 56 13,13,8,36 37 96 97 156 157 216 217,0x7729f1075e7f5a9ebcf34f70676145cb6e23989a19a15104df08d52463f5876b,,1
44,55,23233944,0xf800000000000000000000000000002d,45,0 2 23,13,8,39 40 99 100 159 160 219 220,0x1d0fe6b64f7305bfd9d53cefe918418785d9d0cce606ec12f8ed669489697f35,,1
44,56,23234153,0x3e00000000000000000000000000000000000000000015,21,0 42 63,8,4,58 118 178 238,0x68a47ab4a3658d60f7aa9e853678e3d27d66baf35140e466450363678d94ed50,,1
44,57,23234182,0xf800000000000000000000000000000e,14,0 35 56,8,4,40 100 160 220,0x949bbc88374236a5704b840e54e2e228dd83d4cf1861e79aef0d9fc8b42b9501,,1
44,58,23234216,0x1f00000000000000000000000000000003b,59,0 16 37,17,9,0 43 60 103 120 163 180 223 240,0x68b87265cd49a92bdb0521d891522c882ec57bba57e9d493f42ee42fe01df1fc,,1
44,59,23234252,0x3e00000000000000000000000000000000006,6,0 27 48,10,8,45 46 105 106 165 166 225 226,0xc19dd077fa1968715a360b79cb84285aaf0199b012bb5ab80c39b1b0a8dd3057,,1
44,60,23234338,0x3e0000000000000000000000000000000000000000002e,46,0 3 24,13,8,57 58 117 118 177 178 237 238,0x92da32c046ff6e56fdc90dc3bf570ccdc81e6caf3bb0a64bf5e57ce6e5d4f4c2,,1
44,61,23234373,0x3e0000000000000000000000000000000000000000002f,47,0 4 25,8,4,58 118 178 238,0x3871a57555b4a6bc5e69581e549d44b6740e7892ba3d8a1afb62f0b1bd89e549,,1
44,62,23234403,0x3e00000000000000000000000000000000000000000038,56,0 13 34,13,8,57 58 117 118 177 178 237 238,0xc373aefa5bf8677836a041d5ebcb00669e0662d02355451ea7a4e350227249da,,1
44,63,23234441,0x3e0000000000000000000000000000000000000000001a,26,0 47 4,16,8,58 59 118 119 178 179 238 239,0xc9d452768f2d1b4f4dccc1d087069a5b67f4748f13eb22546541e44de3ccb7b6,,1
44,64,23234472,0x3e0000000000000000000000000000000000000000001c,28,0 49 6,13,8,57 58 117 118 177 178 237 238,0xda570ee724fc1b0e3c9a2904ad5c8e852b888a3a9587339dad47de2a3786f82c,,1
44,65,23234510,0x7c0000000000000000000000000000000000017,23,0 44 1,16,9,0 49 60 109 120 169 180 229 240,0xea0b66ee1cbdc26104891d17da2d0fa35184c71a698ea94447ca086814618015,,1
44,66,23290207,0x3e0000000000000000000000000000000000000000002e,46,0 3 24,8,4,58 118 178 238,0xda9faf3f633d4d144aaf91e970fe10acf6a6d89aaf5b164274919ba9b4558934,,1
44,67,23321879,0xf802e,46,0 3 24,9,5,4 64 124 184 244,0xa3d3a51e5082846ff2270c25ddddbadbae736cb51e47678e5fa1dcbb146137bc,,1
44,68,23321921,0x1f00000000000000000000002f,47,0 4 25,8,8,30 31 90 91 150 151 210 211,0x9a006a1d232f412f62f5d654aa7a6490c01c890b4abc7fb3a30d589ceae8e940,,1
44,69,23321977,0x3e00000000000000000000000000000000000000000022,34,0 55 12,13,8,57 58 117 118 177 178 237 238,0x73902bc22826bfb92617775318ba4fc507dcff6221b637f0da750c4d464eb6e7,,1
44,70,23322016,0x7c000000000000000000000000000c,12,0 33 54,5,4,37 97 157 217,0xdf4f00e3724a4c3483d4768d4233a09fb3dca7fb5ee7ccefb1496cbed16bc417,,1
44,71,23322056,0x3e00000000000000000000000000000000016,22,0 43 0,6,4,46 106 166 226,0x5f06f63f9ce4afa694a3686cd81c20be7fb422a23cf9b4538e33dd9c1cc94368,,1
44,72,23435681,0xf80000000f80000000f80000000f80000000f801b,27,0 48 5,67,39,0 3 4 16 27 28 39 40 52 60 63 64 76 87 88 99 100 112 120 123 124 136 147 148 159 160 172 180 183 184 196 207 208 219 220 232 240 243 244,0x8788f6ce9ee2f8635baa905633d4d2b0fab65bb0e2f28c3707eb5541e816cca9,,1
44,73,23435713,0xf80000000f80000000f80000000f80000000f8030,48,0 5 26,46,30,4 15 16 28 40 51 52 64 75 76 88 100 111 112 124 135 136 148 160 171 172 184 195 196 208 220 231 232 244 255,0xd537e1042a818254eddd8356c8058f009c4f5e1e571800461757ee1257ac0f95,,1
44,74,24837499,0x7c3e00000003e1f0f8035,53,0 10 31,86,46,3 4 6 7 9 10 21 22 24 25 63 64 66 67 69 70 81 82 84 85 123 124 126 127 129 130 141 142 144 145 183 184 186 187 189 190 201 202 204 205 243 244 246 247 249 250,0x8ee9f485a0fbbf6e3f648c22494d83a02892431d297b890ec607a3f5e1ccb732,,1
45,1,22835005,0x7f803c,60,0 17 38,19,10,4 5 64 65 124 125 184 185 244 245,0xc91e4b8cf6b806ddd75a7c0caf8a61c49013bb12b08de7e5fa33402897cb760d,,1
45,2,24755610,0x7c3e1f00000001f0f803c,60,0 17 38,56,32,3 4 6 7 19 22 25 63 64 66 67 79 82 85 123 124 126 127 139 142 145 183 184 186 187 199 202 205 243 244 246 247,0x5828e990fa8146692815746d90cefd0d7e4874552ada43c9280ece327e4b8c4a,,1
45,3,24755794,0x7c3e1f00000001f0f8039,57,0 14 35,61,34,4 7 18 19 21 22 24 25 64 67 78 79 81 82 84 85 124 127 138 139 141 142 144 145 184 187 198 199 201 202 204 205 244 247,0x9404e859274e95732701e93ec72796ad63dc9a6e8c591cf549c09b76b7fe8838,,1
47,1,22834870,0x1fc000000000000000000b,11,0 32 53,8,4,25 85 145 205,0xebebce280c885fb3fdda62f3a37e4720f75660051c601673ab52dc45608d70ac,,1
47,2,22891711,0xfe00000000000000000000000000000000000000000033,51,0 8 29,8,4,58 118 178 238,0xae61ddbc12fdd67dd52b577dfe83c5cd88ff01b27ec58341304da2c6a08af2d7,,1
47,3,22991197,0x1f00000000000000c,12,0 33 54,5,4,19 79 139 199,0x62a4b6baa2494bdfe090374a43148ac93438b1d10d9c3fc437e7ae0a3bc09e9b,,1
47,4,23153169,0x3e00000000000000000000000000000000000000000008,8,0 29 50,13,8,57 58 117 118 177 178 237 238,0xf623792c5905ccf4a72e06c9a4594decb062563efcb03869c3abb96ba0644325,,1
47,5,23575885,0xf80000000000000001f00000000f80000000f8038,56,0 13 34,27,17,4 16 28 52 64 76 88 112 124 136 148 172 184 196 208 232 244,0x719212af95df731e2ca36b7764a6fc80bc42a708dee48ab88749cdd7e35f1e5f,,1
47,6,24759791,0x7c3e1f00000001f0f8025,37,0 58 15,63,35,3 4 7 18 19 22 24 25 63 64 67 78 79 82 84 85 123 124 127 138 139 142 144 145 183 184 187 198 199 202 204 205 243 244 247,0x674449ba3030327e80a966423503b289a50ecbcadb4de24d4bceebfdddbdf409,,1
48,1,22835371,0x7f803c,60,0 17 38,19,10,4 5 64 65 124 125 184 185 244 245,0xb7485ce3849b4aa08b136bf81828155d47e5e5e3d15ce5396a8eae6cc30987e9,,1
48,2,22835391,0x7f800000000000000000003f,63,0 20 41,10,8,28 29 88 89 148 149 208 209,0x5b9d966c6f9ae29956f303e85fcd12d8283b22ee72843eae85c7a33601f6b58b,,1
48,3,22835407,0x3fc0000000000000000000000000026,38,0 59 16,9,8,37 38 97 98 157 158 217 218,0xc5cf009bc0ef6889ad31eecd85de4fca04c7623cf58e53f3ca766f2b52f85ed2,,1
48,4,22835420,0x3fc0000000000000000000000000000000000017,23,0 44 1,13,8,49 50 109 110 169 170 229 230,0x942b075d041685b8e2042b6297595cc72c20b9d3f71d91b54ebbc7a8532aaee9,,1
48,5,22835434,0x1fe00000000000000000000000000000000000000000008,8,0 29 50,16,8,58 59 118 119 178 179 238 239,0xf56c574f845e9ec9fa3aeb89231ab72338eec4fdab931f25d96603537ce36cee,,1
50,1,22835846,0xff000000000000000000000036,54,0 11 32,13,8,31 32 91 92 151 152 211 212,0xa2efcd4cda86b019500703f9f3f1e25e0ca798da14c695a3d6c6e09cff9fffec,,1
50,2,22836116,0x1fe00000000000000000000000000000000000000000036,54,0 11 32,16,8,58 59 118 119 178 179 238 239,0xd4f4070e4aa13ef03f487ec30e3f88f4da50386073be0a7aef2c90dc993c6d04,,1
50,3,22873122,0xff000014,20,0 41 62,18,10,7 8 67 68 127 128 187 188 247 248,0x30162ff65efaeab62ebfd8fb50128f322601337ddc1f57cfb8d72813ecbca3fe,,1
50,4,22873250,0x1fe00000012,18,0 39 60,28,15,9 10 11 69 70 71 129 130 131 189 190 191 249 250 251,0xd8ba64f8ff8956eb09ac01360e2fc7b338c84fa16e467fd07aa6f06bf870ed0e,,1
50,5,22910862,0x3f802d,45,0 2 23,9,5,4 64 124 184 244,0x909f1bbf29223df8d7749c7b5f640dae3e3060c17597e116776e47521d85071f,,1
50,6,22910886,0xff000000000000000000000011,17,0 38 59,16,12,30 31 32 90 91 92 150 151 152 210 211 212,0x8675e4cff78994f9926af8948ec5d2a11d2e1558a27d721279ef2966ac2ca7ea,,1
50,7,24763877,0x7c3e1f00000001f0f800f,15,0 36 57,66,37,0 3 4 6 7 19 22 25 60 63 64 66 67 79 82 85 120 123 124 126 127 139 142 145 180 183 184 186 187 199 202 205 240 243 244 246 247,0xeeff8bbc16294e46a3328ca3a26bd55b3c6e3bb8ef5c5c28ab047e21874f5ef2,,1
51,1,22835882,0x7f803c,60,0 17 38,19,10,4 5 64 65 124 125 184 185 244 245,0xedaabd5f3125521d8146f3274a3bea648c377c1c7c86118286e743b2e4d4e723,,1
51,2,22911158,0x3f803c,60,0 17 38,19,10,3 4 63 64 123 124 183 184 243 244,0x7a6409bf945e8710782631e08635acdaf82b61c3bc247c87548240db5fb86390,,1
51,3,24764026,0x7c3e1f00000001f0f8039,57,0 14 35,46,27,4 6 7 19 22 25 64 66 67 79 82 85 124 126 127 139 142 145 184 186 187 199 202 205 244 246 247,0x58300cda08b93be5fd1b9971a1ed1afdb66855b1f9d8f2ad7d8054a0ba215a65,,1
52,1,22876415,0x7f8000000000000000000007,7,0 28 49,10,8,28 29 88 89 148 149 208 209,0x1959f78985d16863dd9b094592e53482f3087b9ec3af2ee23c3be1e50d2020c7,,1
52,2,22942672,0xff00000000000001b,27,0 48 5,11,8,19 20 79 80 139 140 199 200,0x13f7eff068f3472c07a51551f781b5318ec267ef3f0798bca6ba8c677d20b3bd,,1
52,3,22959746,0x1fe00000000000000000000000000000000025,37,0 58 15,11,8,46 47 106 107 166 167 226 227,0xdb3bb70e840c02517a91ecdd6c9cd3c33c4d14e7123b3035771949a8f16b9ed4,,1
52,4,23178229,0x3f8018,24,0 45 2,9,5,4 64 124 184 244,0xb3553cbf1f905507b7955682f1811064627061b6c45189cbbf672e28a2457bac,,1
52,5,23374778,0x1fc000000000b,11,0 32 53,8,5,13 73 133 193 253,0x9847420861d341542d1fedeb59df5e0974b82f1270bc09d30381511bbb47511a,,1
52,6,24339766,0x7c3e1f0f87c0000000007,7,0 28 49,67,39,12 13 15 16 18 19 21 22 25 72 73 75 76 78 79 81 82 85 132 133 135 136 138 139 141 142 145 192 193 195 196 198 199 201 202 205 252 253 255,0xd6cfce962dcc6d7295f55710f113e7a45e3ae0b16d19e94f6fd324cff697f283,,1
53,1,22835549,0x7f803c,60,0 17 38,19,10,4 5 64 65 124 125 184 185 244 245,0xa8b0c6964e9cf3767b5ee85d2bab07262d6273e9c0b4c5b1fd80d15c7c7e58b3,,1
53,2,22836638,0x3f800000000000000000001a,26,0 47 4,5,4,28 88 148 208,0x19c2779acb9906f7c5eb9149135a4dd6aef0caba0270151638973cadd1e224c0,,1
53,3,22843465,0x7f800000000000000000000000000000000000003d,61,0 18 39,12,8,52 53 112 113 172 173 232 233,0xc80d0b45eec5f99f7ffc89ddcb3fde57787a483ae07b9addf549d79a4f344c3f,,1
53,4,22848171,0xff000000000000005,5,0 26 47,11,8,19 20 79 80 139 140 199 200,0x8cc019f9de4add6e93b1f7fc0e9c8f7a7fda58cd661626f66153bfc347978336,,1
53,5,22848676,0xff00000000000000000000002a,42,0 63 20,16,12,30 31 32 90 91 92 150 151 152 210 211 212,0x3918c50ae8f4475c7ff062b370a0f62a1284e69bf5c0b98ce2dd0c6c96b2682d,,1
53,6,22851175,0x3fc000000000000000000000000000000000003b,59,0 16 37,26,17,0 49 50 51 60 109 110 111 120 169 170 171 180 229 230 231 240,0xa6339aafcf523651613a7e1dc46339e9d2a39f9b36f9bad4b57672b8c76943f1,,1
53,7,22888861,0xff000000000000000000000000000000000000000027,39,0 60 17,19,12,54 55 56 114 115 116 174 175 176 234 235 236,0x540e25f98b154b5760b96cd0ef53cee0fd146524e59addd6936fc623d3142555,,1
53,8,22923880,0x1fc000000000000000000000000000000000003a,58,0 15 36,14,8,48 49 108 109 168 169 228 229,0x187afcaab84d24849900e8c0594d7678b01653ed1d1889c024506d30072a7fee,,1
53,9,22923964,0x1f000000000000000000000000000000000000000021,33,0 54 11,7,4,55 115 175 235,0xdd43c3798dd0312484a4ef9be17e537430e72f674abd4af9fa6fbd57a3677043,,1
53,10,23009964,0xf803b,59,0 16 37,19,10,3 4 63 64 123 124 183 184 243 244,0x69258b8b93d604d76c10b2008efffda001f03b22eab973274ce22d15f664b4e9,,1
53,11,23173002,0x3f8000000000000000000000,0,0 21 42,17,12,27 28 29 87 88 89 147 148 149 207 208 209,0x1c932a3f37a8869dc62f984578324502b91a579c9b66b7526ad024b34b9944a5,,1
53,12,23215256,0x7f8000000000000000000025,37,0 58 15,20,13,0 28 29 60 88 89 120 148 149 180 208 209 240,0x4d04ef0de7a3fb13a4bfd15878b65d9303528023f0677b660c7c0afc92b0a754,,1
53,13,23215637,0x7f000000000000022,34,0 55 12,12,8,18 19 78 79 138 139 198 199,0xd75fc0ec74f2cf9459bcd7e51936fd3dfd1aebed5762c333e19579fe6c17755f,,1
53,14,23215732,0x3e00000000000000000000000000000000000000000033,51,0 8 29,13,8,57 58 117 118 177 178 237 238,0x542736537197b8f627b1ab6b24cde1448ef127e5a9fc1f156957cbea2f535a84,,1
53,15,23215824,0x3fc000000000000000000000000000000000003e,62,0 19 40,13,8,49 50 109 110 169 170 229 230,0x5d8e3bcaa3481481a6038e0637672a837c9c61c1101f1478a5e87261d73eb65f,,1
53,16,23215900,0x7c000000000000000000000000000000000000f,15,0 36 57,14,8,48 49 108 109 168 169 228 229,0xba29b8df87ae889285537a286d9c8ee79e0eefd66b686666716e009fb10892d0,,1
53,17,23215954,0xf8000000000000000000000000000014,20,0 41 62,8,4,40 100 160 220,0x395a5b54d86882b0e8423cd648654d43ab8a9266ab5478dd234c7fb2037f9c7f,,1
53,18,23216065,0x7f00000000000000000000000000000000b,11,0 32 53,7,4,43 103 163 223,0xef4dc66550dc103bb4ecf1e9824064049aba2137e80bfbb86c1043322f9f3383,,1
53,19,23216125,0x7c0000000000000000023,35,0 56 13,18,9,0 25 60 85 120 145 180 205 240,0xc4e317291beb4d884a17d631cc2d1f07287f67e990f26fa783d92ff0ef6adf0b,,1
53,20,23216198,0x7c000000000000000000e,14,0 35 56,16,8,24 25 84 85 144 145 204 205,0xf53f217c487d84e4750f86882053c33cadeba37e5f501b89d13c07eaf1c8b1ab,,1
53,21,23216268,0x7c000000000000000000000000000000000000f,15,0 36 57,6,4,49 109 169 229,0x283f562f5ea50ecb849436f7e191fb14940440077315fe257b818c056d71d5f7,,1
53,22,23216330,0x1fc000000000000000000000000000000000002a,42,0 63 20,14,8,48 49 108 109 168 169 228 229,0x65e75378b0abe7f6a61608e40bcd1a413b96d6f3ebcdb9445043ed05ad0c7e49,,1
53,23,23216387,0x3e00000000000000009,9,0 30 51,16,8,21 22 81 82 141 142 201 202,0x2dafb373a1275ceddc7f43f529d0e4e3500dec56d0b2e2e8c676656444fb2680,,1
53,24,23216452,0x7c000000000000000000000000000000000002f,47,0 4 25,13,8,49 50 109 110 169 170 229 230,0x28cddc22318ba48f6c6584888482f0c725c1ec31fb4d38c634c76dd444ca2297,,1
53,25,23216542,0x7c000000003f,63,0 20 41,8,5,13 73 133 193 253,0x0f9e80010ef8b9f47c6d6a52aabee2427c8151a9b2a96e29902484c7cabf8957,,1
53,26,23216646,0x7c000000000000000000000000000000000000f,15,0 36 57,14,8,48 49 108 109 168 169 228 229,0x432e1973495ff9fcff124f2159900fe9c9ce31521fe28affbf9ec4f286debbb8,,1
53,27,23216711,0x1f000000000000000000000000000000000000000007,7,0 28 49,12,8,54 55 114 115 174 175 234 235,0x0e3270a54922e3576c12a4f88916a403b53bd0bc23856ab566bb40cd4eef1f83,,1
53,28,23216788,0x7c0000000000000000000000000003,3,0 24 45,5,4,37 97 157 217,0x9bc624c3fe42fc51a573175caad7d900ed2004530d99085880ba5555be0d76c9,,1
53,29,23216852,0x3e00000000000000000000000000000000000000000011,17,0 38 59,18,9,0 58 60 118 120 178 180 238 240,0xb053e7a46f584992064515ee87420b14c6aa03a4b64cc35fe7e47616a58b2f3c,,1
53,30,23216952,0x3e00000000000000005,5,0 26 47,8,4,22 82 142 202,0xe03e8bd37d76d6596c13d800974ca129ace6461763e995bdf98be1726166c9a5,,1
53,31,23216999,0x7c0000000000000000000000000017,23,0 44 1,13,8,36 37 96 97 156 157 216 217,0x95220a363b0415693b3c8dcd3f42590ac4a20b051ebb4af7540c3d11a1d16e1b,,1
53,32,23217045,0xf8000000000000000000000000000012,18,0 39 60,13,8,39 40 99 100 159 160 219 220,0x64c8d2d87f99ae361cfd46a18466235eda5ca83590741f2a20f04a2ea7d16c0c,,1
53,33,23408529,0xf80000000f80000000f80000000f87c0000000026,38,0 59 16,53,34,12 13 16 27 28 40 51 52 72 73 76 87 88 100 111 112 132 133 136 147 148 160 171 172 192 193 196 207 208 220 231 232 252 253,0x7b4cd66af40faf52f09b8e7d0ed6ba94162774d2bb11dbad8a0d63c25abc4cc3,,1
54,1,22835478,0xff000000000000000000000000000000000000000018,24,0 45 2,14,8,55 56 115 116 175 176 235 236,0xb89be67ecae7afd869ad48c77c60b451a0bd1ebde79ff7604c8b771209cdff0a,,1
54,2,22956573,0xf8007,7,0 28 49,9,5,4 64 124 184 244,0xe4bb04f3a512ede9d84e6212207cbd311140412c4d49de6cf1092e22bf690f85,,1
54,3,23124325,0x1f00000000000000c,12,0 33 54,5,4,19 79 139 199,0x9f4b22357ceaef8f29ad26914e4dda0a5bffb51bfe27b59154ba9dd332ce60db,,1
54,4,23229579,0x3e00000000000000000000000000000000004,4,0 25 46,6,4,46 106 166 226,0xb194959eb41544fc33bf188ec5aceb541592a44311facc5e3470d092799628f5,,1
55,1,22835610,0x7f803c,60,0 17 38,19,10,4 5 64 65 124 125 184 185 244 245,0xdd411391b3914b75ecf72e7021220a0260a65ed9e2e77df3c42da4eea583ce37,,1
55,2,22836074,0x1fc0000000000000000000000000000000000034,52,0 9 30,6,4,49 109 169 229,0x9166dbeecd5417fabc91ad933144ddfcd5a3a92c4d1e7e81a930c09ac1409248,,1
55,3,22921150,0xff000000000000000000000030,48,0 5 26,13,8,31 32 91 92 151 152 211 212,0xa7214ea7603647189d4edf46db88b8af778b58910ebc540bbc1db6bc29f49740,,1
55,4,22942149,0x3f8000000000000000000000000000034,52,0 9 30,18,9,0 40 60 100 120 160 180 220 240,0x5fab0f44e30d6ec7a0fc4d125c1833dd26477d6abac18890343a04c05c865cce,,1
55,5,23000412,0xfe00000000000000005,5,0 26 47,8,4,22 82 142 202,0x15d99dbf55682f8272808172f00428819186946104f445b0db7cf17bd9682fdc,,1
55,6,23000454,0x7f00002b,43,0 0 21,16,10,6 7 66 67 126 127 186 187 246 247,0x820eb48a9b8603c816d5108c20d69883ad9a541a8bc49d5920e5deb4acb932b1,,1
55,7,23000554,0x3f800000000000000000000000000003d,61,0 18 39,19,12,39 40 41 99 100 101 159 160 161 219 220 221,0xf0593102acf53114a1e1069599b79de8bb622445562cdd8f96336b51e0b3c5f2,,1
55,8,23000579,0x3f800000000000000000000000000000000000003c,60,0 17 38,10,8,51 52 111 112 171 172 231 232,0x123cb095adab9d8c0459de4f1bdd9461a0ae10c13e1e853a25f3097d75c82e55,,1
55,9,23006593,0xfe00000000000000000000000000000000000000000013,19,0 40 61,8,4,58 118 178 238,0x14a16528ea1300c21e3401e5fbc0f3656e332c10a931bdabdd0727b93e2ae62a,,1
55,10,23006618,0x1fc000000000000000000000000000000000003c,60,0 17 38,31,17,0 48 49 50 60 108 109 110 120 168 169 170 180 228 229 230 240,0xde7ad06e623ef14cfbb7255c07d4fc60b4e4e041b952734889f6c3df3e93e0fc,,1
55,11,23006641,0x3f8000000000000000000000,0,0 21 42,5,4,28 88 148 208,0x9a1e0e8887f0d0ca0f19f9f4917e669c3e3461b185521b744884683e76d32369,,1
55,12,23006990,0x1fc0000000000000000000000000023,35,0 56 13,5,4,37 97 157 217,0x0e9472d04a96bb3178d61e0e21521465375804dd2e070dc5f332bf5d8cb38452,,1
55,13,23047602,0x3f8000000000022,34,0 55 12,6,4,16 76 136 196,0xb40964aa203dc7ec5dd80d70b1bcaaaa38e0103eff9941cc7b4844318ae21ef0,,1
55,14,23048518,0x7f000000000000000000000001,1,0 22 43,8,8,30 31 90 91 150 151 210 211,0xd94813b93d28f7d17d8fb4564754ecc9013533566767606c2f15b707cdd03733,,1
55,15,23048574,0x3f8000000000000000000000000000037,55,0 12 33,13,8,39 40 99 100 159 160 219 220,0x3c0d45753e8f058e8612a2ee35d7033f82ed97b927f0cb7f592f102a612bf6b8,,1
55,16,23048609,0x3f8000000000000000000000000000000000000030,48,0 5 26,15,12,51 52 53 111 112 113 171 172 173 231 232 233,0x94b041a722797b98c7125a3189408abee7e79264e75027d27c5447c893f2426d,,1
55,17,23106345,0xfe00000000000000000000000000000000000000000005,5,0 26 47,21,12,57 58 59 117 118 119 177 178 179 237 238 239,0xe8d23bd0ed27b20c1d83cec244a758b54b05769ac71b0b8ffc071b5a45e1d3bf,,1
55,18,23106401,0x1fc000000000000000000000000001a,26,0 47 4,17,12,36 37 38 96 97 98 156 157 158 216 217 218,0x445e181ea36cf2928e8b0c4c1dfea0818c92e9c2fd18f80d4fcab352f9ef0d63,,1
55,19,23106465,0xfe00000000000000019,25,0 46 3,34,17,0 21 22 23 60 81 82 83 120 141 142 143 180 201 202 203 240,0x35db39b144682b819fc477d717789b4aca107d82bc47b8d64e8355132acd0eed,,1
55,20,23106634,0x3f8000000000000000000000000000029,41,0 62 19,19,12,39 40 41 99 100 101 159 160 161 219 220 221,0x02a2624a5baddbd959567fd0bcc7777b9b5121111070dea4ac46e790b1213b14,,1
55,21,23106709,0x3f8000000000030,48,0 5 26,19,13,15 16 17 75 76 77 135 136 137 195 196 197 255,0x30aa45b8f557157195564b2ee874babe9bd97f122f48f8f462bcde9209ecc9b8,,1
55,22,23106778,0x7f000000000000000000000000000000000000000038,56,0 13 34,12,8,54 55 114 115 174 175 234 235,0x607df13eac87d8eafba5901e167910c7d21295e58f2fe1d601ba22b6048fe52f,,1
55,23,23184277,0x7c0000000000,0,0 21 42,8,5,13 73 133 193 253,0xa6934b9d2b158b159cb73ff765425086f6b1e350b891a51c38965fc557a2c410,,1
55,24,23184348,0x7c000000000c,12,0 33 54,17,10,12 13 72 73 132 133 192 193 252 253,0xd7fc65d1cc27a076478ff3ffec62266c6738b2352dc86f3e7622927b0bad6dc2,,1
55,25,23184376,0x1f00000000000002c,44,0 1 22,12,8,18 19 78 79 138 139 198 199,0xe1c7d082120321a65c83a91cd39e1985cf49c36298809bb8f75dd42bc7a7bf7e,,1
55,26,23184416,0x1f00001c,28,0 49 6,18,10,0 7 60 67 120 127 180 187 240 247,0x26c88a066f2d13fa2fea0a1470b84255674d1ef7f7db781b11d6bed34283bcc2,,1
55,27,23184449,0x1f00000000000000000000003b,59,0 16 37,5,4,31 91 151 211,0x5663f566fa6c52b144ac34542636a161d42c3544f608bd1867ffaaf182cc179d,,1
55,28,23184479,0xf800000000000000000000000000001d,29,0 50 7,8,4,40 100 160 220,0x60f05f5c5714bf512b9472876a776560f9a40ed551c0db798c771acb2dcb79ee,,1
55,29,23184510,0xf8000000000000000000000000000000000000002,2,0 23 44,7,4,52 112 172 232,0x81370f3111376092a814d5ce8de54f4bcbb1ad6010d0f3f4c010e4786f0fc0bd,,1
55,30,23184542,0x3e00000000000000000000000000000000000000000037,55,0 12 33,13,8,57 58 117 118 177 178 237 238,0x8ce59e57585017087358f5c7e5ee17ce94f833d00ba2c5386fbc74b44b4a1233,,1
55,31,23184676,0xf800a,10,0 31 52,19,10,3 4 63 64 123 124 183 184 243 244,0x76e38f7f34d0dea8eb533a49b1540dec23850ded58b02049dca51875cebe0333,,1
55,32,23184709,0x3e00000000000000000000000038,56,0 13 34,14,8,33 34 93 94 153 154 213 214,0xb3301c89b0384d24b59f676cbd2e1e8e6b321cf4c5ad3d4c715a05dae98a2b77,,1
55,33,23184751,0x3e0000000000000000000000000000000001b,27,0 48 5,16,9,0 46 60 106 120 166 180 226 240,0x0906a75f5b05d1d7b2be6aca5cd86257ef4d3e5000c8f6da08f9fbec32e0cc49,,1
55,34,23185770,0x3e00000000000000000000000000000000000000000012,18,0 39 60,8,4,58 118 178 238,0xae43215b24141582333db1f87a3c9d72a442cb7817e8d75159305d62da9457cd,,1
55,35,23185804,0x7c0000000000000000000000000000000000009,9,0 30 51,6,4,49 109 169 229,0x0138d11ce9e6d0fcb0573a28cfe64580b0085d5d05cbb4916e047238e26c7b7b,,1
55,36,23185827,0x7c000000000000000000000000003f,63,0 20 41,5,4,37 97 157 217,0xe576f2a84cad1d09eddc5d5caad637bcfa28fd569fb98d59564beeacfab67297,,1
55,37,23185855,0xf8000000000000000000036,54,0 11 32,12,8,27 28 87 88 147 148 207 208,0xe8f850f14a3a7a475d5a5b474e114969de19ee0631fdc063483b8b22f9690f2f,,1
55,38,23185882,0xf800000000002d,45,0 2 23,6,4,16 76 136 196,0x0666736d79169a022ea253dc16abab463771330395e68b3138effd708abea5db,,1
55,39,23186010,0x1f000028,40,0 61 18,26,15,0 6 7 60 66 67 120 126 127 180 186 187 240 246 247,0x946273b5169e5703724643699ccd718651a5201db937374a9f0ae50649a6343e,,1
55,40,23186049,0x7c0000000017,23,0 44 1,8,5,13 73 133 193 253,0x78485c81afc3b41caea335b2876b7d35ea75f1d6bc09df042c7f250d0f7c86fd,,1
55,41,23213563,0x1f00000000000002c,44,0 1 22,5,4,19 79 139 199,0x43da3db3751cb8a3d8b4f40bbabca429a51f124a0ce50fcf0fbbdd9e9ddcd6a3,,1
55,42,23213591,0xf8023,35,0 56 13,9,5,4 64 124 184 244,0x13e53750126909e5b2ade951749fdd0df006f9869db47a9c4afaef17274a33aa,,1
55,43,23213631,0x3e0000000000000000000000000000000000000000001b,27,0 48 5,13,8,57 58 117 118 177 178 237 238,0xeb159043b118d6077b6733b1cc2e0a94b1e6311c9244a72c02ca91876d14fb3c,,1
55,44,23213665,0x1f000031,49,0 6 27,8,5,7 67 127 187 247,0x322ad7043318757a8cc1abff47b65c12dc9634d66459f55c4dacd9b0bbf8ae55,,1
55,45,23213721,0x3e00000011,17,0 38 59,19,10,9 10 69 70 129 130 189 190 249 250,0x14544824da688999d6bc9f87aa73febae9cc8bfd4f147bfc85e14f220b596c7d,,1
55,46,23213747,0x7c0000000000,0,0 21 42,17,10,12 13 72 73 132 133 192 193 252 253,0x3b108ad286fd4186aabcb6e96b6b44a61a9bbf29be6c84659345bdb5873c8621,,1
55,47,23213776,0x1f00000000000002e,46,0 3 24,22,13,0 18 19 60 78 79 120 138 139 180 198 199 240,0xa927d1af8ccbf8429aae13c551e415c02409c941b9f6168eb229b0604f0fd284,,1
55,48,23213814,0x3e00000000000000007,7,0 28 49,8,4,22 82 142 202,0x0c180531d976942cefb210926488dd4ef33481504a6aa56d60c98051599d1ca1,,1
55,49,23213894,0xf800000000000000000000b,11,0 32 53,5,4,28 88 148 208,0x1f917a6ab904e60a3ce32ab27fb6f0cc5b75e40bb4dbde106ec7c1b4f6985b27,,1
55,50,23213937,0x1f000000000000000000000007,7,0 28 49,8,8,30 31 90 91 150 151 210 211,0x05e7e4040a8fe1bac10e04183262fc3d2fe1b742a7e0435e3d602497b7691026,,1
55,51,23213976,0x3e0000000000000000000000003b,59,0 16 37,6,4,34 94 154 214,0x3b2a0e821939df74a02301d631a275523a1d0c90186ad89378ed39a7ed51bbe9,,1
55,52,23214426,0xf801b,27,0 48 5,19,10,3 4 63 64 123 124 183 184 243 244,0x71b2904fa37399ccecfa46e2b28ce50761e48449af98ab8abe13bd8bea524133,,1
55,53,23365704,0x7c000000000a,10,0 31 52,8,5,13 73 133 193 253,0xe3e2374677238dd423413bf6db9f5de62326a4107c86c063ab01035a8447b91c,,1
55,54,23385611,0x1f00003e,62,0 19 40,16,10,6 7 66 67 126 127 186 187 246 247,0xf8bdac3ed7bdf2c031d62070f01713ca3e6ff50b98e7c15629d77c58cba7c581,,1
55,55,23385633,0xf8000000000000000000000,0,0 21 42,12,8,27 28 87 88 147 148 207 208,0xfd7871ef996f6f637669c7fbd088667ad088d957023d455a6e816c4237dae5a7,,1
55,56,23385657,0x1f000000000000000000000000000000006,6,0 27 48,13,8,42 43 102 103 162 163 222 223,0xf33409fb932bba6e1ccbd3b494dd38bd11a6428d943abe768a8231833cc81a30,,1
55,57,23433858,0xf80000000f8000000000000000000003e1f0f8022,34,0 55 12,60,36,0 4 7 10 39 40 51 52 60 64 67 70 99 100 111 112 120 124 127 130 159 160 171 172 180 184 187 190 219 220 231 232 240 244 247 250,0x2959a04c0a70fff7a80e1ddbbab0fadae2e56b1db7a7135d2cc3c806dbfc7b7d,,1
55,58,23485040,0xf80000000f80000000f80000001f000000000002a,42,0 63 20,34,21,15 16 28 40 52 75 76 88 100 112 135 136 148 160 172 195 196 208 220 232 255,0xcc320d3f7fa8e3c70bfd4011301f5d8d82ed38c6ab0a6e06bc6d4b456eb8433d,,1
55,59,24403880,0x7c3e1f0f87c0000000008,8,0 29 50,60,34,12 13 16 19 21 22 24 25 72 73 76 79 81 82 84 85 132 133 136 139 141 142 144 145 192 193 196 199 201 202 204 205 252 253,0x95c4fadf457af9924c957cb8b873e1e7823b20c62d4f6c6db785b76c23de0b3a,,1
55,60,24505572,0x1ff7,55,0 12 33,18,10,0 1 60 61 120 121 180 181 240 241,0xe4a4bd776570230f1787c84b089610dd20ed1c58c1fee22a4feac284660df6fb,,1
55,61,24544408,0x7c3e1f0f80000000f8001,1,0 22 43,61,35,3 4 15 16 18 19 22 25 63 64 75 76 78 79 82 85 123 124 135 136 138 139 142 145 183 184 195 196 198 199 202 205 243 244 255,0x5f5ab0a8c1c33cd99d16c8e3a6f02972f2389fafa1c0270feea57b0f768469a8,,1
55,62,24544753,0x7c3e1f0f80000000f8016,22,0 43 0,52,29,4 16 19 21 22 24 25 64 76 79 81 82 84 85 124 136 139 141 142 144 145 184 196 199 201 202 204 205 244,0xf642f92253d62a3ae0f08f30d87646f80e26ef3051b8341fcaa545f76fbeb735,,1
55,63,24649471,0x7c3e1f00000001f0f8038,56,0 13 34,63,36,3 4 6 7 18 19 22 25 63 64 66 67 78 79 82 85 123 124 126 127 138 139 142 145 183 184 186 187 198 199 202 205 243 244 246 247,0xa93d81d081aa26d1afe9d223c469756ce68874bac8c58bbb5b5f087d2671e0d0,,1
55,64,24649502,0x7c3e1f00000001f0f800e,14,0 35 56,74,40,4 5 7 8 19 21 22 24 25 64 65 67 68 79 81 82 84 85 124 125 127 128 139 141 142 144 145 184 185 187 188 199 201 202 204 205 244 245 247 248,0xdf2f915446208986862391d27360ebb8204e5f454dfd4ed3c124837c28faada2,,1
56,1,22835642,0x1fe0000000000000000000000003b,59,0 16 37,12,8,34 35 94 95 154 155 214 215,0x75b8819dd96fbfeb4926c171e490c5dbeb5b772f415a71fceb17f97b5537cd59,,1
56,2,22956591,0xf8007,7,0 28 49,9,5,4 64 124 184 244,0x3e216938ae855891af8a202e8ec8c40d9a9e455bdc881b91fc933276baa7b350,,1
56,3,23124348,0x1f00000000000000000000002d,45,0 2 23,5,4,31 91 151 211,0xe2116c9821cd47d6ad114e032359ed366c3e91b895d362338d67be338a8cd0a1,,1
56,4,23229603,0xf8000000000000000000000000000000000000001,1,0 22 43,7,4,52 112 172 232,0xe4fb78cf54c7ec9deb59c3c8aa3d9005858157f6fe07d35480859c920c28316e,,1
57,1,22876182,0x1fe00000036,54,0 11 32,19,10,10 11 70 71 130 131 190 191 250 251,0x5fdca0b3181241cdb7ff11e93ed970d70a2535ac2df05fdd2f81f832d3718c85,,1
57,2,22876914,0xff000000000000000000000019,25,0 46 3,13,8,31 32 91 92 151 152 211 212,0x58c1bb99015789d373c2b86ffc27b3fc9361134f375a33e1bca36ff9a1bc6aea,,1
57,3,22940853,0x7f800000000000000000001a,26,0 47 4,13,12,28 29 30 88 89 90 148 149 150 208 209 210,0x8f5bf92ed9c7d6080f9147e99fd8fba1f18c87ab56e7d3b88a6f7cbb6b6ccc22,,1
57,4,23177496,0x7f000000000000000000000023,35,0 56 13,5,4,31 91 151 211,0xffa08ff4c38c7d6d95f06736e484f37658c2d721d2e2c4329633f238a8a33ec3,,1
57,5,23179118,0x1fe00000022,34,0 55 12,28,15,9 10 11 69 70 71 129 130 131 189 190 191 249 250 251,0x49ca257d9a4e7e2771223110832cd9635514ea251addf29255cb6635367e5398,,1
57,6,23374396,0xfe0000000000000000f,15,0 36 57,8,4,22 82 142 202,0x03668416677907d88df948639da642ef6fe87de3115ea62f1742aa4a4100485e,,1
57,7,24340355,0x7c3e1f0f87c0000000028,40,0 61 18,70,39,0 12 13 16 19 21 22 24 25 60 72 73 76 79 81 82 84 85 120 132 133 136 139 141 142 144 145 180 192 193 196 199 201 202 204 205 240 252 253,0xf028d4308f60f17a1adcacf57bcb90f609b88706b74f7a04d0571579f7ad6d39,,1
59,1,22835932,0x3f8020,32,0 53 10,9,5,4 64 124 184 244,0x39ba80e1866ffc1d09de2e597461e3e9deef25f301dfaeff660571953e4a380e,,1
59,2,22836318,0x1fc0000000000000000000000000000000000034,52,0 9 30,6,4,49 109 169 229,0x6da3dff31d24a4c9779d1b435a3a9540d657d3371977e3a4ae41e809681e7f83,,1
59,3,22836718,0x7f00000000000000000000000f,15,0 36 57,5,4,31 91 151 211,0x4c96c5497ab1b223339988dddbb7dc0272848ac6ab7c47e05c349227523e7c39,,1
59,4,22840261,0x1fe0000000000000000000000000000000000000000003a,58,0 15 36,16,8,58 59 118 119 178 179 238 239,0x15e322c1208d3dce28e7914acff691507219c8cfc7ee0f53c710645bc335437f,,1
59,5,22846420,0x1fe00000000000000010,16,0 37 58,16,8,22 23 82 83 142 143 202 203,0x708355849bf280a976b2d85e9f4340ef3efb163ca7e9826cbb5899f3f8b69bdb,,1
59,6,22867970,0x3fc000000000000000002b,43,0 0 21,32,17,0 24 25 26 60 84 85 86 120 144 145 146 180 204 205 206 240,0x23c1b1e2f3142c5760033b86181242ab77088f68aa864365403cafe7a60741c7,,1
59,7,22876840,0x1fe00000000000000000000000000000000000000000036,54,0 11 32,21,12,57 58 59 117 118 119 177 178 179 237 238 239,0xc71cfa47be5b0177b5cb4e7aa12d13e69d975abeeedba69313ea46ad8b2e10e5,,1
59,8,22933385,0x3e0000000000000000000000000000000000000000000c,12,0 33 54,8,4,58 118 178 238,0x3d365a2d7abb278ecba29c4f9d705ff475bce08605e4710d92f106ae6c8d85d9,,1
59,9,22948823,0xf803a,58,0 15 36,19,10,3 4 63 64 123 124 183 184 243 244,0xe12457b98b4a30bbebe26a0b06bc639b080b1ca707b747879289ca602813f007,,1
59,10,23054505,0x1fe00000000000000000000000000000000000000000010,16,0 37 58,21,12,57 58 59 117 118 119 177 178 179 237 238 239,0x5053d039a6205407c55b8ce0c16f98fa63c96414ac1d3f7bdcbfc57dff466c46,,1
59,11,23112598,0xf8038,56,0 13 34,9,5,4 64 124 184 244,0x4eca67f8162cdc575a52d0a5426fcf55baab327404548dd36caff96c60641bac,,1
59,12,23176934,0x7c000000000000000000000000000000000000d,13,0 34 55,14,8,48 49 108 109 168 169 228 229,0x96197bf9779364656fbf64f333a2b5cef170cd1c6bc88e1417bb535c939d98f8,,1
59,13,23343540,0xf8000000000000000000023,35,0 56 13,22,13,0 27 28 60 87 88 120 147 148 180 207 208 240,0x233f8ab7ae8b333f4365735161c69e8b31c669e72f61259f31f4834b84380a5e,,1
59,14,23436305,0xf8002,2,0 23 44,19,10,3 4 63 64 123 124 183 184 243 244,0x9f4fd3d8f4f1295bbfdba34630689bab372e39bb2ecb2d56181da767f545fefd,,1
59,15,24837520,0x7c3e00000003e1f0f8019,25,0 46 3,69,37,4 5 6 7 10 21 22 25 64 65 66 67 70 81 82 85 124 125 126 127 130 141 142 145 184 185 186 187 190 201 202 205 244 245 246 247 250,0xd0047165dfab51e80a57d675122f86f302554c314ed182b60beb3b66bf2c0aaf,,1
60,1,22836123,0x3fc0000000000000000000000000001,1,0 22 43,9,8,37 38 97 98 157 158 217 218,0x34d473336feaadf64b5ee6d13f3183696483efcf8e067f1cc668c7d64290c00b,,1
60,2,22837192,0x1f00002c,44,0 1 22,8,5,7 67 127 187 247,0x88400a0fe73912c59c0ac628e89e1a52c607c33f8043813ed7fe065b0d2dce98,,1
60,3,22844965,0x7f800000000000000000000000000000000000003d,61,0 18 39,12,8,52 53 112 113 172 173 232 233,0x218561f086ef122b3650cb2db40647285fc288c0ae68e75c69b764bbb34840cb,,1
60,4,22848733,0xfe0000002e,46,0 3 24,10,5,10 70 130 190 250,0x1a2ff7407c81af7fc19168e8d8508310af7470667c3abe3104c2a6284a7a7083,,1
60,5,22888975,0x1fc000000000000000000000000003b,59,0 16 37,23,13,0 36 37 60 96 97 120 156 157 180 216 217 240,0x560bf46b699b956bae43e14f21bee1cec4864df35b1e81185f340a9b5003b47c,,1
60,6,23010009,0x3f8011,17,0 38 59,9,5,4 64 124 184 244,0x54dd0b39e235e9fb34a0a745000a34358f888bbb89367df05451c311f3eac72a,,1
60,7,23173081,0x7f00000000000000000000000000000000000000002a,42,0 63 20,12,8,54 55 114 115 174 175 234 235,0x4b5f557836035a2e88076a321c522d3ff82747b94b4aa57a716163a3ba25f31e,,1
60,8,23215301,0x7f800000000000000000000000000000000000003a,58,0 15 36,15,12,51 52 53 111 112 113 171 172 173 231 232 233,0x664900aeb30607ef70b2ecbb581dfd417b9ea04b2512ed1486a9adf5f8fbdd87,,1
60,9,23408846,0x1f000000000000000000000000,0,0 21 42,5,4,31 91 151 211,0xa174ef41308b6e69ffe013d80bf68182b97bcabcc6f1003f485403b184cf9f90,,1
61,1,22836257,0xff000000000000000000000036,54,0 11 32,13,8,31 32 91 92 151 152 211 212,0xc45135723128ca4276b27edd6a93fc3287f7a7178bbf14d90f500c9b1df30a3f,,1
61,2,22836995,0x3fc000000000000000000000000000000000000f,15,0 36 57,13,8,49 50 109 110 169 170 229 230,0xca8dfb1a9d916d2ef183f493aab5b445ad5d655302b24d268ed1b7341134eb91,,1
61,3,22837110,0x1fc0000000000000000017,23,0 44 1,8,4,25 85 145 205,0xceb22e1472196e0f3bd20eb00243b09aedb2cf4918e153f215511f3cdab72af8,,1
61,4,22837240,0x7f000000000000000000000000000000000,0,0 21 42,7,4,43 103 163 223,0xf3fc974eb7c43ea330dc39405e4c72e599fcdd7ebec5db5574798c2c69eec6ce,,1
61,5,22841464,0x7f00003a,58,0 15 36,8,5,7 67 127 187 247,0x7884467dd648cf4eeed294f95bc81ce80c729b97ee13fcc2f4a3e3dc0d9587eb,,1
61,6,22843360,0xfe0000000000000000f,15,0 36 57,8,4,22 82 142 202,0xe00944ebee2f22de625f5a38b3b6930f4c140ff85888c96879d9346cf751d891,,1
61,7,22843399,0xff000000000000007,7,0 28 49,19,12,19 20 21 79 80 81 139 140 141 199 200 201,0x0a2d7c30ecded69e29dedeae4b3961efff11849a1eb749a805c740a99b4c184a,,1
61,8,22843854,0x3fc0000000000000000000,0,0 21 42,22,12,24 25 26 84 85 86 144 145 146 204 205 206,0x228c0f6d7a1ae4887b5bdb89d0da98839b82c79c6fc1c9f5e4325923dca3d93e,,1
61,9,22844910,0x1fe00000036,54,0 11 32,38,20,0 9 10 11 60 69 70 71 120 129 130 131 180 189 190 191 240 249 250 251,0x13cc717e26a3579a6d60000b6bdf8b1c06eb97843469f09b366815271f118cad,,1
61,10,22848628,0x7f800000000000000000000000000000a,10,0 31 52,14,8,40 41 100 101 160 161 220 221,0xa833ecd030e5396a004a4ad81c5617c9e5df77ba2af7a567d5e70921b221d82e,,1
61,11,22889067,0x7f00002f,47,0 4 25,26,15,6 7 8 66 67 68 126 127 128 186 187 188 246 247 248,0xc5b968d647bfb7f1d4e1df15a00527e9ddaa431c6c54d3642d6ef43bd87e90bc,,1
61,12,23010060,0x7f8020,32,0 53 10,19,10,4 5 64 65 124 125 184 185 244 245,0x38985f7a84357dbc5a0370218cdcf9cd017242d733ccedabea6a0cb9c0d26fa6,,1
61,13,23010333,0x1fe00000012,18,0 39 60,28,15,9 10 11 69 70 71 129 130 131 189 190 191 249 250 251,0x69bcf3b6b4b3ef072b2530a1f7e177ec18569ecf4624bcfee42569ec48a63063,,1
61,14,23173157,0x3e00000000000000000000000000000000000000000033,51,0 8 29,8,4,58 118 178 238,0xdce482458d71da24e076b1166624d6b7e925663e06175724717d0011c3420485,,1
61,15,23215339,0x1fe00000000000000000000000000000000028,40,0 61 18,11,8,46 47 106 107 166 167 226 227,0x7182cc5b3edc642a42bdc2b61e3aead7a41abae2161344c4ea6cd383bd88809f,,1
61,16,23408855,0x3e00000000000000011,17,0 38 59,8,4,22 82 142 202,0x851005533d787442f877466591b58ed55e17b9cc1f577debd6f85274a1d111d9,,1
62,1,22836423,0x1fe0000000000000000000000000000000000000000002d,45,0 2 23,16,8,58 59 118 119 178 179 238 239,0xf5fe182ce8bd3408f7f6b177de56489847566fbc409bd8df34ed5e0fbf27606a,,1
62,2,22876638,0x3fc000000000000000000000000002e,46,0 3 24,9,8,37 38 97 98 157 158 217 218,0x3b47fce1e5c66fdfa8c8e5c6970960bd0ef8e4b5d4c6d06f60a94777e6e8f7df,,1
62,3,22978998,0x7c0000000000000000000000000000000000020,32,0 53 10,6,4,49 109 169 229,0xe679802d326d98042de0e1fc203bd69cd7da1eb5ea0b55a52c89f7e3806ef062,,1
62,4,23101454,0xf8000000000000000000021,33,0 54 11,5,4,28 88 148 208,0xcf157b7876df4812037745d5fbe830b85ea74dca1af171b100f9aab15a4dd2b4,,1
62,5,23158966,0xf8007,7,0 28 49,9,5,4 64 124 184 244,0x6e21b3c23b9a3700a7d38d04b6c81f025b69433b2c4d6c82ed1dd002093a09aa,,1
62,6,23159141,0x1f000008,8,0 29 50,8,5,7 67 127 187 247,0xe37adc3f4955fd9c4e9f8c1079b33c3ddef2f01f4acb0c08dfd283d79398599e,,1
62,7,23159189,0x3e00000030,48,0 5 26,20,10,0 10 60 70 120 130 180 190 240 250,0x05e92e86bd2864a5196af3beab9ab98a207c004c5789f7abf19aa772407b8bf8,,1
62,8,23159246,0x3e00000024,36,0 57 14,19,10,9 10 69 70 129 130 189 190 249 250,0x1d87062f35b9d3837d5a61575494632d694716705ef601b0656893c9fcacbf05,,1
62,9,23159294,0x7c0000000004,4,0 25 46,8,5,13 73 133 193 253,0x299dd8dc330fac091269ed15ffe3c8bc77bce00bb84a977e0aaf829d8f009944,,1
62,10,23159404,0x1f00000000000002f,47,0 4 25,5,4,19 79 139 199,0xb7fd0ea0441b4d9b224a8d752569aa6faa105c193c997bf5e11506da7f8674b9,,1
62,11,23159453,0x3e0000000000000001b,27,0 48 5,8,4,22 82 142 202,0x3540e10a3a4518bcd20e5d0372ad9495df85b770b805b5a60db4c6dba039e779,,1
62,12,23159501,0x7c000000000000000003b,59,0 16 37,8,4,25 85 145 205,0x4ef1035e4b1e2d472d66f515b9058c0f52c627706ac4f97f6dadc3f2a84c6f48,,1
62,13,23159554,0xf8000000000000000000023,35,0 56 13,12,8,27 28 87 88 147 148 207 208,0x935d746a1a58b003953bc93c7aef2e5f442973128292e8cbca58dac747c3eac3,,1
62,14,23159612,0x3e0000000000000000000000003b,59,0 16 37,16,9,0 34 60 94 120 154 180 214 240,0x39ad072d3669a2f9a6a786175641b2e2467ac3a7c318b247505b93c681f44eed,,1
62,15,23159657,0x7c000000000000000000000000000e,14,0 35 56,13,8,36 37 96 97 156 157 216 217,0xa0c08975ccbf7bf8de727681c161d0b0d3533c68245cca337006d7091eae43f0,,1
62,16,23159702,0x1f000000000000000000000025,37,0 58 15,5,4,31 91 151 211,0xb3d28bb9a82e5f33a107745825582bfc80c193dbcbf1f0ddd956f0cdbdaa174d,,1
62,17,23159740,0x3e00000000000000000000000016,22,0 43 0,14,8,33 34 93 94 153 154 213 214,0x02d228cf008775ddf07e4eb4c64338879d5b46ce3062cf9eb09f97e6e027dd8c,,1
62,18,23159787,0x3e00000000000000000000000000000000000000000011,17,0 38 59,13,8,57 58 117 118 177 178 237 238,0x45c4f32b14ef4ea7387f4bac53abd3975a3673426898d6b614b87218422c705a,,1
62,19,23159842,0x7c0000000000000000000000000000000000028,40,0 61 18,14,8,48 49 108 109 168 169 228 229,0x132b3a57f7806342a9ddfe1e9476d563af79bd9605d9352b96cf6742f763bdb0,,1
62,20,23159895,0xf8000000000000000000000000000000000000032,50,0 7 28,7,4,52 112 172 232,0x8dc4aaee731999e57f669a76b361d9c1b65fcd6f424e086b25d9d0f40ba664ee,,1
62,21,23159958,0x7c0000000000000000000000000030,48,0 5 26,15,9,0 37 60 97 120 157 180 217 240,0xa4eabd7e85808684ebb38878abe48afdd975a05264326a2c3546b9b63739ef75,,1
62,22,23160009,0xf800000000000000000000000000000b,11,0 32 53,13,8,39 40 99 100 159 160 219 220,0x8e35db98c348f9142bbf72994299114a35269719ee39f1e5da4d86df243fb06e,,1
62,23,23160060,0x1f000000000000000000000000000000021,33,0 54 11,7,4,43 103 163 223,0xd1a2279f62501abd155d667f1a5bdad260694f8aebdbb08233abd17f3b61fbc7,,1
62,24,23160108,0x1f000000000000000000000022,34,0 55 12,8,8,30 31 90 91 150 151 210 211,0x062c69a18ebff61505b8dc3501b54e1bb6939c41b7ea2d923d27e24bf61d3366,,1
62,25,23160157,0x3e00000000000000000000000028,40,0 61 18,6,4,34 94 154 214,0xe6648106d2e6a0b144e6814c44a52aa1eedb5c37984955e76b469a3f2bc4bce7,,1
62,26,23160287,0x1fe00000000000000000000000000000000000000000035,53,0 10 31,16,8,58 59 118 119 178 179 238 239,0x5cf1834fe09d51363be637794bb11dbb61e118035e3b28df63f4da5d07b9d984,,1
62,27,23209056,0xf801c,28,0 49 6,19,10,3 4 63 64 123 124 183 184 243 244,0x75af5bf2061443a6fc3d430794257a518f829d348c0d1463e454d4aeab0d96a0,,1
62,28,23209121,0x1f00003f,63,0 20 41,26,15,0 6 7 60 66 67 120 126 127 180 186 187 240 246 247,0xa9d103714cdc2c875fe83dbf6f4896aeef8bb05f4f10ad21e543889b58da2c79,,1
62,29,23209196,0x3e0000000b,11,0 32 53,10,5,10 70 130 190 250,0xbb129a93c1322e82ee76457eb0beeee9315e63bce5d09fa10d207b983acca340,,1
62,30,23209258,0x7c0000000036,54,0 11 32,17,10,12 13 72 73 132 133 192 193 252 253,0xe2fd68dc4e5b216af428a0dee4f8a4077ebec82a81801f0edec4bbae70e243a6,,1
62,31,23209533,0xf8000000000008,8,0 29 50,6,4,16 76 136 196,0x8dc95c47ff1cb5a67241490badd02b393568b9b30148bcd9c2f9a4b74a84562a,,1
62,32,23209579,0x1f00000000000002b,43,0 0 21,12,8,18 19 78 79 138 139 198 199,0xd2cc1b32b41ee5f0ef16823bc6686e6c41f00ffc7a379e8b69ea3549d269063c,,1
62,33,23209637,0x3e00000000000000002,2,0 23 44,16,8,21 22 81 82 141 142 201 202,0xf5dc1217e462f2220475581f41380ec0711d1a5169f1b447b1417be84e83fed9,,1
62,34,23209688,0x7c0000000000000000029,41,0 62 19,16,8,24 25 84 85 144 145 204 205,0xd0aaad6259eef9a332d3c452c76548f74668e919e3cc22be8b697ae634906999,,1
62,35,23209726,0xf8000000000000000000013,19,0 40 61,5,4,28 88 148 208,0x0502c9d11c2d9845d078cce093a72fae3638cdd67e9725c8e50a3617783d889a,,1
62,36,23209773,0x1f000000000000000000000016,22,0 43 0,5,4,31 91 151 211,0xa7543d668b2c4c38a86ca260fa0753af8791ca5e1d15de6e7867a4ba25fa7a30,,1
62,37,23209824,0x3e0000000000000000000000003f,63,0 20 41,24,13,0 33 34 60 93 94 120 153 154 180 213 214 240,0xa5e377975a78468f50db3a72f3c43ba6c29d715aa3ed1f27a1beeb3f5b6fcb0e,,1
62,38,23209883,0x3e00000000000000000000000038,56,0 13 34,6,4,34 94 154 214,0xad34923e477247873db03b550c59cb61d2e5a91e80be82ccd08f8b9b8d4a3d3a,,1
62,39,23209978,0x7c0000000000000000000000000012,18,0 39 60,13,8,36 37 96 97 156 157 216 217,0x3c7e8428c457030dd2a26c4effa990b27f8970c8ec2581e0b6ab107233dec92d,,1
62,40,23210022,0xf800000000000000000000000000002c,44,0 1 22,8,4,40 100 160 220,0x49f2ec92d63c193be0f1aec902912fac3a8d5074c6b4d395334b42b403eef064,,1
62,41,23210065,0x1f000000000000000000000000000000016,22,0 43 0,13,8,42 43 102 103 162 163 222 223,0x0187c54e5618769387ad827544f5c84b6f82914ffb92d5fca1195a5815be2beb,,1
62,42,23210111,0x3e0000000000000000000000000000000000a,10,0 31 52,6,4,46 106 166 226,0xae332fd2a0446898ff29f8a16e7c8b5a15c99bf9942b60d3b29a033877dd88c2,,1
62,43,23210156,0x7c0000000000000000000000000000000000005,5,0 26 47,6,4,49 109 169 229,0x080592dc40ccfb9c314de83370b873a880a3eb3c4d66d42f01d8f82e41bcba95,,1
62,44,23210202,0xf800000000000000000000000000000000000000e,14,0 35 56,10,8,51 52 111 112 171 172 231 232,0x8044100daa5c63f536e52291c9c45d47c9573a0a23a5da1fcfd4cf6d1d85415a,,1
62,45,23210248,0x1f000000000000000000000000000000000000000019,25,0 46 3,7,4,55 115 175 235,0x026b5e76cc8dc7aea6351929c7712000262f6953cc60af63d9a90aa2999917fe,,1
62,46,23210303,0x3e0000000000000000000000000000000000000000003d,61,0 18 39,23,13,0 57 58 60 117 118 120 177 178 180 237 238 240,0x5f3da0c7816d69284fa5a3b27b6f54c0a4bbe37fb4f467ade652e6b67e658165,,1
62,47,23213346,0xf8028,40,0 61 18,9,5,4 64 124 184 244,0xd9e3f695e02d629fc688879c80a727b3cf2cbb0bf2943695e537b401edaae538,,1
62,48,23213399,0x1f000019,25,0 46 3,8,5,7 67 127 187 247,0x29dcf3218a52f3a3b7b648c8a99694e8ebb445126375b9d3411050686064c4ec,,1
62,49,23213446,0x3e0000003e,62,0 19 40,19,10,9 10 69 70 129 130 189 190 249 250,0x3b9986294e2e8b2e239ce66861896eebe9f99787e7c07405a6a50add1be9b4aa,,1
62,50,23213484,0x7c0000000020,32,0 53 10,8,5,13 73 133 193 253,0x6704918daef4e8a54eaa13f1fe0f641b78c16639d8bb7dc007c522748becff1d,,1
62,51,23213529,0xf8000000000036,54,0 11 32,24,14,0 15 16 60 75 76 120 135 136 180 195 196 240 255,0x1ba1903e47c3e584397d2be12ff9220c51ef9fc62c5e392e66d7b34eac81ee4f,,1
62,52,23213572,0x1f000000000000000,0,0 21 42,5,4,19 79 139 199,0x2b969bf0f686e33fa4c097aa6d31b5649094f172d637ace80a6a72d172ba5f63,,1
62,53,23213609,0x3e00000000000000039,57,0 14 35,8,4,22 82 142 202,0x6ba69b24042d822c5173c93971c40796c44c03a5e2f00ea36204bb74870d9e61,,1
62,54,23213648,0xf8000000000000000000032,50,0 7 28,12,8,27 28 87 88 147 148 207 208,0xf3366e7cd7731ec5e0e1b49104ffd5f30eb8bc4a4da31f0df6114760186f435f,,1
62,55,23213715,0x3e0000000000000000000000000a,10,0 31 52,14,8,33 34 93 94 153 154 213 214,0x410a7f3a03c536f62a6fe917be1207026b3afb5cbf3d1ad94f45ab533c09b171,,1
62,56,23213761,0x7c000000000000000000000000003f,63,0 20 41,5,4,37 97 157 217,0xcad1ab50862f7d8a7d121944dea4194606e1b8d7aaa8cfed3f42e670ef6dcac4,,1
62,57,23213803,0xf800000000000000000000000000000e,14,0 35 56,13,8,39 40 99 100 159 160 219 220,0x5d66ceba61a068f17eb2e7fa3907f36b6d304c0b23a218fdab53a351cfc2d207,,1
62,58,23213849,0xf8000000000000000000000000000021,33,0 54 11,18,9,0 40 60 100 120 160 180 220 240,0xb84c4d89df83292be991c9d50a09ac149d6e2c72c60e7a9bcea2dc6b991efcf5,,1
62,59,23213892,0x1f000000000000000000000000000000037,55,0 12 33,7,4,43 103 163 223,0x0c1c24161e55eb7ea82163d78a9c9ad6bd7198dbf0a0e2d1d4fe615c389071a2,,1
62,60,23213928,0x3e0000000000000000000000000000000001a,26,0 47 4,10,8,45 46 105 106 165 166 225 226,0x7acc7e340e8919f933170cf7bf5acf9fd3d9684a7797c3ffa017fcdee7a63aaa,,1
62,61,23213975,0x7c0000000000000000000000000000000000004,4,0 25 46,14,8,48 49 108 109 168 169 228 229,0xc438e92f08a29af706fc6969ddfc14db7acb9f649bf3c754617fac767481d1c2,,1
62,62,23214017,0x7c0000000000000000000000000000000000017,23,0 44 1,6,4,49 109 169 229,0x622ec5e3b3b43c67cc9b1b7a1e0a0b44eea6afb641e9abb68f0b04763b0ff3b7,,1
62,63,23214057,0x1f00000000000000000000000000000000000000002c,44,0 1 22,12,8,54 55 114 115 174 175 234 235,0x2a47dafefc075fa88be4d805505d49f847028e74466418ef71537ee4b007ecc8,,1
62,64,23214099,0x3e0000000000000000000000000000000000000000001c,28,0 49 6,8,4,58 118 178 238,0xb959ef1e38b177728d61932cfdbcad3840f3ab32676309bafeadffe7167f981d,,1
62,65,23214685,0xf800a,10,0 31 52,19,10,3 4 63 64 123 124 183 184 243 244,0xbbbd1db79b70f0a1512ab45193560325d90353aec82b242ccaa89daa9ae34402,,1
62,66,23447593,0x7c0000000000000000000000000000000000019,25,0 46 3,14,8,48 49 108 109 168 169 228 229,0xba05834ed3432e72598ddf9c736118fdb08a21b17c108cb9498f148a4104f763,,1
62,67,23455239,0xf80000000f80000000f80000000f80000000f800b,11,0 32 53,50,30,0 4 16 28 39 40 52 60 64 76 88 99 100 112 120 124 136 148 159 160 172 180 184 196 208 219 220 232 240 244,0x0e77236cbb11240773029429bae8d385c5379b01eeedc2b207ff2d133f6ed23b,,1
62,68,24748728,0x7c3e1f00000001f0f8030,48,0 5 26,71,40,3 4 6 7 18 19 21 22 25 63 64 66 67 78 79 81 82 85 123 124 126 127 138 139 141 142 145 183 184 186 187 198 199 201 202 205 243 244 246 247,0x63431f8d3c90da0dcc7637d1e6ecc7e335f303215581b79c72d3db9b8a7aff5f,,1
62,69,24930234,0x7c3e00000003e1f0f801e,30,0 51 8,51,27,4 7 10 22 24 25 64 67 70 82 84 85 124 127 130 142 144 145 184 187 190 202 204 205 244 247 250,0xbc78805305acc91e0ecf3e0cdd7f8211d5ef0a1767792cabd303d25bcecc12a2,,1
63,1,22836633,0x1fe0000000000000000000000000000000000000000002d,45,0 2 23,16,8,58 59 118 119 178 179 238 239,0x07ab8751a2052357f398acd2a3c0998c7b9968bd71e6c15b86b301ff95b84215,,1
63,2,22839601,0xff000000000000000000000019,25,0 46 3,13,8,31 32 91 92 151 152 211 212,0x3aa0fc909ef0f314a9ab1fdb1df1598dedf96d666de0a8042f99e14b735a38e9,,1
63,3,22842338,0x3fc000000002a,42,0 63 20,16,10,13 14 73 74 133 134 193 194 253 254,0x1cb305a7370595f1c28d4de1fb7273acc364e6e3236af6a4893f55cfbcecb030,,1
63,4,22847603,0x7f00000000000001e,30,0 51 8,5,4,19 79 139 199,0xcb8a793e50ee9047babbeda3de3cdf6a0af33a0197ce668317a11cef77ad805d,,1
63,5,22864770,0xfe0000000000000000000000000000000001b,27,0 48 5,6,4,46 106 166 226,0xaa4a185adfd39f0c5fccaf336522e3b2279070c10b7a34176cf909cbda9a83ec,,1
63,6,22876513,0x7f8000000000000000000000000000009,9,0 30 51,14,8,40 41 100 101 160 161 220 221,0xcb0f5015d7cb77d4b80ad24fd983274372a5ab4cb56afed5d0eca976c2a44fa8,,1
63,7,22879055,0xff000003,3,0 24 45,18,10,7 8 67 68 127 128 187 188 247 248,0xafb69921af331880858b044536d8a0e9cb8d5ee030bf701f7de910a24abcc65a,,1
63,8,22909695,0xfe00000000000000000000000002,2,0 23 44,14,8,33 34 93 94 153 154 213 214,0xfd78ea5d8391be4e0c8e48ca2801833c8653e0cbc7852ae1fdd7460ebbf80aea,,1
63,9,22913516,0xfe00000000000000026,38,0 59 16,16,8,21 22 81 82 141 142 201 202,0x1147cba9d0b66bef3cd9f5fe5ee06ce166d5c04ebef9fd47a404c13e8df71afc,,1
63,10,22944413,0x3f8000000000000000000000000000015,21,0 42 63,23,13,0 39 40 60 99 100 120 159 160 180 219 220 240,0xaa665652d7fc9afcf331d66c103fdb4c27fe32a0451fab8b3317a1c4ce17b527,,1
63,11,22959973,0x3fc0000000000000000000000000000000000037,55,0 12 33,21,12,48 49 50 108 109 110 168 169 170 228 229 230,0x6d39f5b0a399421733ea39f4aaade2ff2573b4e9f1377e269bb055570367379e,,1
63,12,22992289,0xff000000000000024,36,0 57 14,18,12,18 19 20 78 79 80 138 139 140 198 199 200,0x2dca2e6c18d6eed5628c913459c8c761d497cda9d07f970a206eb4a430e32ac9,,1
63,13,22992380,0x1fe00000000000000000000000000000000034,52,0 9 30,15,12,45 46 47 105 106 107 165 166 167 225 226 227,0x963b316b324d51b05ecb726bf286be4ecabc7d83b7ecc2dea3d99d8abe149e53,,1
63,14,23026461,0x7f8015,21,0 42 63,19,10,4 5 64 65 124 125 184 185 244 245,0x4a4263d639a9f3bc4be4474a9d2144d6cdfdf5301110636138cf3d185fd95a9b,,1
63,15,23056003,0x7f8028,40,0 61 18,37,20,3 4 5 6 63 64 65 66 123 124 125 126 183 184 185 186 243 244 245 246,0x0463952795d5642f79e0da8ab616a232d0b5745a8c85e20847637ceedae8617e,,1
63,16,23056049,0x1fe00000000000000000000000031,49,0 6 27,22,13,0 34 35 60 94 95 120 154 155 180 214 215 240,0xcef92bcb420cd8c3328637e4a6252d1e9a123771f61ada532bd39ba06aa7e591,,1
63,17,23056096,0x1fe00000000000000000000000000000000000000000038,56,0 13 34,21,12,57 58 59 117 118 119 177 178 179 237 238 239,0x7f2b104cd5932649cd6fe661ce1bc81a40098f935b941be6998877e456c3cbe6,,1
63,18,23222526,0xfe0000000000000000c,12,0 33 54,24,12,21 22 23 81 82 83 141 142 143 201 202 203,0xf8028072f44e6e6a9ac91d7364acf54a3e04bf11bf279dfa6fcd44bec7250d66,,1
63,19,23528166,0xf80000000f80000000f80000000f80000000f803d,61,0 18 39,46,30,4 15 16 28 40 51 52 64 75 76 88 100 111 112 124 135 136 148 160 171 172 184 195 196 208 220 231 232 244 255,0xf5e2b6019d6f3c42cb29a7e3af966c834e7bcf8e912aacc2076bb1e3512a629f,,1
63,20,23823822,0xf80000000f80000000f80000000f80000000f802d,45,0 2 23,57,34,3 4 16 27 28 39 40 52 63 64 76 87 88 99 100 112 123 124 136 147 148 159 160 172 183 184 196 207 208 219 220 232 243 244,0x7e85d2aafa07f5f0bed4d57e2be631020ce2f442f57b9f8407d649683eb2a43f,,1
63,21,25006122,0x7c00000007c3e1f0f8034,52,0 9 30,79,43,0 4 7 9 10 12 13 24 25 60 64 67 69 70 72 73 84 85 120 124 127 129 130 132 133 144 145 180 184 187 189 190 192 193 204 205 240 244 247 249 250 252 253,0x150f8cf73cb815f6819d046f5c05a3ee92c4fea94f616e36efb86b2e22a668da,,1
63,22,25007868,0x7c00000007c3e1f0f800f,15,0 36 57,61,34,3 4 6 7 10 13 25 63 64 66 67 70 73 85 123 124 126 127 130 133 145 183 184 186 187 190 193 205 243 244 246 247 250 253,0x330edfad372e098394367659f47c28b99171971578c5bbef15ef326f36481485,,1
64,1,22836614,0x3e00000006,6,0 27 48,10,5,10 70 130 190 250,0xb2ca0105049acab04d5e6bbb08931332178fb42d5c0a9cd1be9dbb218ccd1864,,1
64,2,22956750,0x7c000000000000000000000000002c,44,0 1 22,5,4,37 97 157 217,0x366cb70ae3a46e7569008512b84a24bc0e5ad7c87e6efdd5cb98ebabc265ed3f,,1
64,3,23124414,0x3e00000004,4,0 25 46,19,10,9 10 69 70 129 130 189 190 249 250,0xe01dbc09cefba35243c1d4c80b2d49afe725342e5cc31c2fd7f1d2de9d16648a,,1
64,4,23229703,0x7c000000003c,60,0 17 38,8,5,13 73 133 193 253,0x6705f7c557f8b7390aa8ef3633a2413ebbacac7e5db7ad1105669435dfd4bb26,,1
64,5,23230053,0x7c0000000035,53,0 10 31,17,10,12 13 72 73 132 133 192 193 252 253,0x3b8be69a8329e4c7a99480d8cbef3f1365e820b56b2b547f2208da700693831b,,1
64,6,24919372,0x7c3e00000003e1f0f802a,42,0 63 20,43,23,4 7 10 22 25 64 67 70 82 85 124 127 130 142 145 184 187 190 202 205 244 247 250,0x48a32e570bc6bd654f7cc97f72d205361d11a829e6ea59e3cdd588f3e349c198,,1
65,1,22836947,0x3f8020,32,0 53 10,9,5,4 64 124 184 244,0x572e5802c7f33dae7c3037442c029e5d1afd496b9750a22d1625ff01bc2be5b1,,1
65,2,22917773,0x1fc0000000000000000000000000000000000034,52,0 9 30,6,4,49 109 169 229,0x063c18056e3da0e1a9f7e71b77efc9730ad251db717f887b641836712bb81328,,1
65,3,23055416,0x3f8000,0,0 21 42,29,15,3 4 5 63 64 65 123 124 125 183 184 185 243 244 245,0x9527de82648224daf0615c41235f95a250f09d8ddadae2caee78c7ba7c20c4d1,,1
65,4,24925229,0x7c3e00000003e1f0f8034,52,0 9 30,51,28,4 6 7 10 22 25 64 66 67 70 82 85 124 126 127 130 142 145 184 186 187 190 202 205 244 246 247 250,0xca48be1467c279e2c4b9aef52262ccb6fd8512b2039901228ed1750b467a9b0e,,1
65,5,24925276,0x7c3e00000003e1f0f801d,29,0 50 7,78,41,3 4 7 9 10 21 22 24 25 63 64 67 69 70 81 82 84 85 123 124 127 129 130 141 142 144 145 183 184 187 189 190 201 202 204 205 243 244 247 249 250,0xe6e058d6914aa3bacf3e034403ef8fa0c4934103bc045ac9c4c01c21e85d7902,,1
66,1,22836726,0x1f000000000000000000000000000000015,21,0 42 63,7,4,43 103 163 223,0xc50b3301204674e11d5dd47dbeebf3027cb9fc84fbbc64ab5952584438f582c5,,1
66,2,22956770,0x7c000000000000000000000000002c,44,0 1 22,5,4,37 97 157 217,0x29c759b6c3059aade709b617dbab12d7dda9db80fbdefda6bbebe217649ae6a6,,1
66,3,23124432,0x3e00000000000000037,55,0 12 33,8,4,22 82 142 202,0xe4ef872f9259a8ef4337f0c313161f178a25119a57f348d9b9200e536ea44852,,1
66,4,23230115,0x3e00000000000000000000000000000000004,4,0 25 46,6,4,46 106 166 226,0x4bd8edf3c309302701967c8d63e394f30e7bf52581a0ad342aa1a3e5f57e5f63,,1
67,1,22836850,0x3e0000000000000000000000000000000000000000001a,26,0 47 4,8,4,58 118 178 238,0xaf05ac1ce4056b5302d5e0b9afc20b41ca46adb782a1acc393af9c768bc310ea,,1
67,2,22956787,0x7c000000000000000000000000002c,44,0 1 22,5,4,37 97 157 217,0x575d759b1e61b85bf379c4a4c13a9eadccdde49e5de24c76513b43f3f85d77c5,,1
67,3,23124461,0x7c0000000000000000000000000014,20,0 41 62,13,8,36 37 96 97 156 157 216 217,0x3a1ee2d42cbe20ad3318ebbdbb3f87fbb7b3ce0bbfeda1e585d1a7ce5020c131,,1
67,4,23230160,0xf8000000000000000000000000000000000000001,1,0 22 43,7,4,52 112 172 232,0xf363ee8eea6390cf22f288d733759906e56810a5427b4e4bfd2788b587299a28,,1
68,1,22836866,0xff000000000000000000000036,54,0 11 32,13,8,31 32 91 92 151 152 211 212,0xa2efcd4cda86b019500703f9f3f1e25e0ca798da14c695a3d6c6e09cff9fffec,,1
68,2,22859690,0x1fe00000000000000000000000000000000000000000036,54,0 11 32,16,8,58 59 118 119 178 179 238 239,0x7ea9f68a6d724aac3d941d5fa35502216bf0fbcbfe8e87bce04d8e1bb2cc4779,,1
68,3,22876584,0x1fe0000003a,58,0 15 36,19,10,10 11 70 71 130 131 190 191 250 251,0xfdcb28cc124e5cbc871de1764e42d32facb6aa4263694061fa7d4bf26c1d4767,,1
68,4,22891988,0x7f800000000000000000001a,26,0 47 4,13,12,28 29 30 88 89 90 148 149 150 208 209 210,0x1244a7d56f8a0ec30ff3e344ae3ad4d4b76b8069bdd8494a8f9b7de79883d322,,1
68,5,22909768,0x7f8010,16,0 37 58,19,10,4 5 64 65 124 125 184 185 244 245,0x0b67d09e3cb205782796544405634f8d27f4579478d698a33831837f969d7903,,1
68,6,22913589,0x7f800000000000000000000000000000000000000d,13,0 34 55,22,13,0 52 53 60 112 113 120 172 173 180 232 233 240,0xcb8f771781d9bc80d6d622b9d688e66a2ff02e29192ebfdc8220d9d277597cab,,1
68,7,22944215,0xfe00000000000000000000000025,37,0 58 15,14,8,33 34 93 94 153 154 213 214,0xfaf5e64db53d2117dcb61d7babf3d6a01f091f526c81a8375a3b73e90968c254,,1
68,8,23026503,0x1fe00000000000000000000000000000000000000000028,40,0 61 18,21,12,57 58 59 117 118 119 177 178 179 237 238 239,0x9af87733879572a7c2f1c4b6ee02a08617554133c5b6883bea8e7d9eb27bd69a,,1
68,9,23056155,0xff000000000000034,52,0 9 30,11,8,19 20 79 80 139 140 199 200,0xe641dcb1b3c801c54889d31f976ec0eb1d85b999f2deb29b80a29de66506b8aa,,1
68,10,23058597,0x7f8000000000000000000000000000000000000035,53,0 10 31,15,12,51 52 53 111 112 113 171 172 173 231 232 233,0xea7edaffa680f504e3ce33e6a14c41d2e42aa212dc7e9c4354e3c507c1fb5629,,1
68,11,23222573,0x3f8000000000000000000000,0,0 21 42,12,8,27 28 87 88 147 148 207 208,0x9ff2151bf79059920aa78f6ffbc64c981537ff4bb5fb0a6f418073ad3fcd98c3,,1
68,12,25007779,0x7c00000007c3e1f0f800f,15,0 36 57,79,44,3 4 6 7 9 10 12 13 25 63 64 66 67 69 70 72 73 85 123 124 126 127 129 130 132 133 145 183 184 186 187 189 190 192 193 205 243 244 246 247 249 250 252 253,0xed07a65b7810585ae6d53d0ad788a7c8add85b6a2c46f5fdee490359e78b3079,,1
69,1,22836880,0x3fc000000000000000000000000000000000001c,28,0 49 6,13,8,49 50 109 110 169 170 229 230,0xe5b1efbc45f01621b75739a47f55f1da34f0bbd462386f8d4d14e4608049636a,,1
69,2,22837207,0x1fe00000000000000000000000000000000000000000036,54,0 11 32,16,8,58 59 118 119 178 179 238 239,0xbef45744ed0a77f9c8481a7481c75da0fa8bc531cb07c664735092bfdfc07922,,1
69,3,22837294,0x3f8000000000000000000000,0,0 21 42,5,4,28 88 148 208,0x9a36ada2fea8822ef5353ceae2c6f266c3f345bf9ee66c67172e779451d115b1,,1
69,4,22838195,0x1fe00000000000000000000000000000000037,55,0 12 33,19,12,46 47 48 106 107 108 166 167 168 226 227 228,0xc6e22381936016ddc73010293fdcf29683180a3535edaca16270ee3bebbddd13,,1
69,5,22839407,0x1fc0000000000000000002,2,0 23 44,8,4,25 85 145 205,0x7f97fb96934fef4b57cbb5efd47328ca6886b9548992c173c05cbb0ecdca881e,,1
69,6,22840132,0x7f8000000000000000000000000000009,9,0 30 51,14,8,40 41 100 101 160 161 220 221,0x1ae88b0019a001301e5b9a6dd31f86b3f052ffa2eb6b6ccda0f81dbb3010969b,,1
69,7,22854300,0xff000000000000007,7,0 28 49,11,8,19 20 79 80 139 140 199 200,0x07688320c0c99bfdd523feef48f59013d04f2b50678d23f0366e7c539e2a06c8,,1
69,8,22876883,0x1fe00000000000000000000000000000000000000000028,40,0 61 18,21,12,57 58 59 117 118 119 177 178 179 237 238 239,0x3c3570486beabc563cca109360d781d393575feaa9ec90685b1e5f3f50f68af3,,1
69,9,22933479,0x1f00001a,26,0 47 4,8,5,7 67 127 187 247,0x901f6451832ee0537180a205524d8de3bdcee604d533728f0c66372aaa8fdfe3,,1
69,10,22948836,0xf803b,59,0 16 37,19,10,0 4 60 64 120 124 180 184 240 244,0x920b1617b678afb66ee57e7ab0ba435f1b1a803755c12ced93ec8b92f20b7390,,1
69,11,23054435,0xff000000000000000000000020,32,0 53 10,16,12,30 31 32 90 91 92 150 151 152 210 211 212,0x32d18ddf98c5152cb9789ea80d5425149bd2b9b6663243a1584d9952e8895c61,,1
69,12,23112615,0xf800f,15,0 36 57,19,10,3 4 63 64 123 124 183 184 243 244,0x49e73005f7791e9919f4db2848a278d7b9b7e89cc12d6c11528e8c54308738f9,,1
69,13,23176977,0x3e0000000000000000000000000000000000000000002d,45,0 2 23,8,4,58 118 178 238,0x1f1f61de5154814a13b31637f6716823010355d95fa072fbccf9793be5caff1b,,1
69,14,23343596,0xf8002,2,0 23 44,9,5,4 64 124 184 244,0xc934d8d694b175f1d0ae817eb0c48e7adf3d1815ac0ce2db68c5a86240c8c5d7,,1
69,15,23436312,0xf8016,22,0 43 0,19,10,3 4 63 64 123 124 183 184 243 244,0x005545cedffe4a91c9c570d9269e6a494c15df6c2830916d85b8a1b983ae6258,,1
69,16,24837539,0x7c3e00000003e1f0f8016,22,0 43 0,67,36,4 6 7 10 21 22 24 25 64 66 67 70 81 82 84 85 124 126 127 130 141 142 144 145 184 186 187 190 201 202 204 205 244 246 247 250,0x21980efd9538985c94cd1077c61d0c9307a8d96e59f61a5695a5bea26aee28c3,,1
70,1,22837138,0x1fe00000000000000000000000000000000000,0,0 21 42,11,8,46 47 106 107 166 167 226 227,0xe7f3fcc8b37edc77c066f24347bfe48e89075bce07904b139bb4ffb05be1c788,,1
70,2,22859601,0x1fc0000000000000000000000000000000000034,52,0 9 30,14,8,48 49 108 109 168 169 228 229,0x1d14c51a7b5693a2138328c40327930269e18b506661065e1f7ad6f496329abb,,1
70,3,22876659,0x3fc0000000000000000000000000000000000005,5,0 26 47,13,8,49 50 109 110 169 170 229 230,0x1fc44882cc0f4cda99ab81962b39dc0d130c9fddfae08ca260cf3f117c7cef58,,1
70,4,22879284,0x1fe00000000000000009,9,0 30 51,16,8,22 23 82 83 142 143 202 203,0x62c3d1499d708fbc17a93f22fa433697314cfee370d7f26aacc41aa4ec876866,,1
70,5,22891925,0x7f8010,16,0 37 58,19,10,4 5 64 65 124 125 184 185 244 245,0xa03af03729184d69a91ca805c60a766318868cd408aa820c166528512d435811,,1
70,6,22909641,0x1fe00000000000000000000000000000000000000000034,52,0 9 30,16,8,58 59 118 119 178 179 238 239,0xc677f25d6283cf003dc487eafa8b16d4a6d20f165d41ac461f12c8945e6f08cc,,1
70,7,22944153,0x7f000024,36,0 57 14,16,10,6 7 66 67 126 127 186 187 246 247,0xc73db4e66742cdf01ed55d34e69640f329760a62846a11c335d5c01c17f24445,,1
70,8,22948116,0x3fc0000000000000000000,0,0 21 42,22,12,24 25 26 84 85 86 144 145 146 204 205 206,0x5670e69e9ad33316c3052595681e832ce593d7eac38ac1290a627f4aec14c083,,1
70,9,22953220,0x7f00001d,29,0 50 7,18,10,7 8 67 68 127 128 187 188 247 248,0x302876b852edf926b5e4c0f35bd34cf3124c815c8e34b98226a6b85f1be7abd2,,1
70,10,22959756,0x1fe00000000000000018,24,0 45 2,34,17,0 21 22 23 60 81 82 83 120 141 142 143 180 201 202 203 240,0xd6646f01c280fb22cfa02710cdc815ed80aed5745c2653dab20a32aca8de0535,,1
70,11,22964710,0x1fe00000000000000000000000000000000000000000030,48,0 5 26,21,12,57 58 59 117 118 119 177 178 179 237 238 239,0x6992eb71a086d0fdac0a412979e01675bd8ae602930a34755ae2b1fe326db145,,1
70,12,22992422,0x3fc000000000c,12,0 33 54,16,10,13 14 73 74 133 134 193 194 253 254,0x95c6580e4a247a41f4624cf4306b200fe17938f3980afeaf564861553c8e3574,,1
70,13,23026553,0x1fe00000000000000000000000000000000034,52,0 9 30,15,12,45 46 47 105 106 107 165 166 167 225 226 227,0x7f3f7016ec2e2ab777c5e2e38c3f50018ab824792cfaefd6167b009379549c05,,1
70,14,23056195,0x3fc000000000000000000000000000000000000f,15,0 36 57,21,12,48 49 50 108 109 110 168 169 170 228 229 230,0xa14efa25018da84d6cf0c07b0fc9ea7c7bd2a5a56067f8d6ebcc9d3a43c0b088,,1
70,15,23056230,0x1fe00000000000000000000000000000000028,40,0 61 18,11,8,46 47 106 107 166 167 226 227,0x60dcd6d154e31df539aea92691419874722888ddd6cce86d334dbf76bc1fb359,,1
70,16,23058520,0x3fc000000003f,63,0 20 41,35,20,0 12 13 14 60 72 73 74 120 132 133 134 180 192 193 194 240 252 253 254,0x8fadc7f90f7ff4c784a390a5f23a04b590de90f69d6b1cc1cbd8a9e6b3f14000,,1
70,17,23222621,0xfe00000000000000000000000007,7,0 28 49,6,4,34 94 154 214,0xe60e3635ba7a939569fe2ca83a1ddd19474385e1c570a5bd43dc21a3385c14f0,,1
70,18,23528219,0xf80000000f80000000f80000000f80000000f801c,28,0 49 6,63,39,3 4 15 16 27 28 40 51 52 63 64 75 76 87 88 100 111 112 123 124 135 136 147 148 160 171 172 183 184 195 196 207 208 220 231 232 243 244 255,0x2c9c0ae03a6c3068e69262286e5c4e404311a22ade0bf6c64740ff196df74344,,1
70,19,25007823,0x7c00000007c3e1f0f8019,25,0 46 3,68,38,4 6 7 9 10 13 24 25 64 66 67 69 70 73 84 85 124 126 127 129 130 133 144 145 184 186 187 189 190 193 204 205 244 246 247 249 250 253,0xf2c7bf7496eecb29e96b4103b0459edec143cd1724e66d064a2f93707625641a,,1
71,1,22837314,0x3fc0000000000000000033,51,0 8 29,14,8,25 26 85 86 145 146 205 206,0x0efa612ead503b3f1c4aff83462e52356ccefb2923c117876aef1174d2e4f5a9,,1
71,2,22956932,0xf8007,7,0 28 49,9,5,4 64 124 184 244,0xb59b875604fe7ea39d44bd28e56d5171288e8175b14274c88f4918e8ff614b08,,1
71,3,23124566,0x3e00000004,4,0 25 46,10,5,10 70 130 190 250,0x22bc7ba525d472c736647dfe22d7ddd1474eba5628950b56143bb85f08b50909,,1
71,4,23230578,0x3e0000000000000000a,10,0 31 52,8,4,22 82 142 202,0x91adc2d642ddc4c304fdcae542f2607f78471bd80ce60a4340c3f29d807a826f,,1
72,1,22837385,0x1fe00000000000000000000000000000000000,0,0 21 42,11,8,46 47 106 107 166 167 226 227,0x01b6e023b44a690237668f74aa1f7818e96be32870b95868370721505819ddf2,,1
72,2,22956949,0xf8007,7,0 28 49,9,5,4 64 124 184 244,0x2d04bc98d215909dee4bad95b6ec0e673e7e8802285a26d9625d9e72d3d0817e,,1
72,3,23124606,0x3e00000000000000037,55,0 12 33,8,4,22 82 142 202,0x83e5df15358172b3324ce7b5e48e6435298bc5a5a47901d0127dc21968f8e0ea,,1
72,4,23230610,0x3e00000000000000000000000000000000004,4,0 25 46,10,8,45 46 105 106 165 166 225 226,0x0031f444b51d296426bf4d3078d7035c44b0e0d3a29a11bcaeb7d78b67d31b84,,1
73,1,22837461,0x1fe0000000000000000000000003b,59,0 16 37,12,8,34 35 94 95 154 155 214 215,0x75b8819dd96fbfeb4926c171e490c5dbeb5b772f415a71fceb17f97b5537cd59,,1
73,2,22956966,0xf8007,7,0 28 49,9,5,4 64 124 184 244,0x3e216938ae855891af8a202e8ec8c40d9a9e455bdc881b91fc933276baa7b350,,1
73,3,23124625,0x3e0000000000000000000000000000000000000000000a,10,0 31 52,8,4,58 118 178 238,0xc49b20de7c6479f928c638892ea1e1757fa19a348949ccba7ac38460de357e9f,,1
73,4,23230642,0x3e00000000000000000000000000000000000000000008,8,0 29 50,13,8,57 58 117 118 177 178 237 238,0x209bb5f330fc4c4dc9661ecb8593e826cbde6af7908825bebba831cb5b734c16,,1
74,1,22837739,0x3fc000000000000000000000000000000000001c,28,0 49 6,13,8,49 50 109 110 169 170 229 230,0xe5b1efbc45f01621b75739a47f55f1da34f0bbd462386f8d4d14e4608049636a,,1
74,2,22839875,0x3fc000000000000000000000000000000000000f,15,0 36 57,21,12,48 49 50 108 109 110 168 169 170 228 229 230,0x20fe994d6d756316ea01aa291fa9d39a92446c3b195296212c9596a56186ebe1,,1
74,3,22871236,0x3fc0000000000000000000000000026,38,0 59 16,9,8,37 38 97 98 157 158 217 218,0x073e0a9b458cbc928fff6159a964f9b66340b199d646774547afaa94629322fa,,1
74,4,22924012,0x3fc0000000000000000000000000011,17,0 38 59,17,12,36 37 38 96 97 98 156 157 158 216 217 218,0xf41400816b5aebdf0c3f73cbf8844618ec3f278efbb6d1cfdfef4f21b5ead88b,,1
74,5,22924323,0xff000000000000000000000000000000000000000011,17,0 38 59,14,8,55 56 115 116 175 176 235 236,0x0f465311d8408260d12beda41ad7b75f5ff914f5bcd07e8f65f0cf0b1600b6ef,,1
74,6,22987674,0x1fe0000000000000000000000000c,12,0 33 54,12,8,34 35 94 95 154 155 214 215,0xd8bec97d943be7fb5f5aed2cd6639d0e285e0f3c94d618a9fbc42f6b6a8a9f35,,1
74,7,23258512,0x3e00000000000000000,0,0 21 42,8,4,22 82 142 202,0x1c710f27761987dbc0c2208a119c386683b60d48b99f4e6cf29753de6df63d11,,1
74,8,24033994,0xf80000000f80000000f80000000f80000000f8030,48,0 5 26,43,29,4 16 28 39 40 51 52 64 76 88 99 100 111 112 124 136 148 159 160 171 172 184 196 208 219 220 231 232 244,0xe2ac0e823271b2cbe2e097ff34715ec26700743dd9e123657eb8c63265b6a172,,1
74,9,24608402,0x7c3e1f0f80000000f8004,4,0 25 46,62,35,3 4 15 16 19 21 22 25 63 64 75 76 79 81 82 85 123 124 135 136 139 141 142 145 183 184 195 196 199 201 202 205 243 244 255,0xd0edd58be09e2956d61a997c83439ccd1d8902e2d3f35296b72b165c6de8331e,,1
74,10,24868173,0x7c3e00000003e1f0f802e,46,0 3 24,61,32,0 4 7 10 22 24 25 60 64 67 70 82 84 85 120 124 127 130 142 144 145 180 184 187 190 202 204 205 240 244 247 250,0x71057c1c1f9d37722f8527a7dc152f20e6fcd84a8b765b683cb4b013fe0c6ee0,,1
75,1,23445828,0x1fd3,19,0 40 61,18,10,0 1 60 61 120 121 180 181 240 241,0xe6182012993437c59cf8b4b1754bcb52f1c0339af456742c35c28f6c74360135,,1
75,2,24834953,0x7c3e00000003e1f0f803a,58,0 15 36,53,28,3 4 7 10 22 25 63 64 67 70 82 85 123 124 127 130 142 145 183 184 187 190 202 205 243 244 247 250,0x3fd29e18d812fdc4d69a8425656d074aa56d65a2c6c659e3781cf9f49f526ae3,,1
76,1,22853824,0x7f803c,60,0 17 38,19,10,4 5 64 65 124 125 184 185 244 245,0xc91e4b8cf6b806ddd75a7c0caf8a61c49013bb12b08de7e5fa33402897cb760d,,1
76,2,22863365,0xff000035,53,0 10 31,28,16,6 7 8 66 67 68 126 127 128 186 187 188 246 247 248 82570,0xa4ad5d43165f040f0b87558b697d131033a9819ea4d5ad50a8fcae0d807a9b71,82570,1
76,3,22877681,0x7f800000000000000000000000000000000000003d,61,0 18 39,14,9,52 53 112 113 172 173 232 233 247,0xaa3857832fca5b0e9214bc9315d9a478596e95fbee21fdf8defaa395b75460b3,,1
76,4,22959653,0x1f000032,50,0 7 28,18,10,0 7 60 67 120 127 180 187 240 247,0x596bf576be91295c9743ece535b3e74329e9943bece00629de71d670076907c2,,1
76,5,22959692,0xf800000000002a,42,0 63 20,6,4,16 76 136 196,0x32b71fc871084f15ec73184d8a612ff8754769b3c70cc1b8be988dfe1aa3eb98,,1
76,6,22959761,0x3e00000000000000011,17,0 38 59,8,4,22 82 142 202,0xe19ea919d8791b82f232bd8cf4c5f8818db0ed674d87e1958ddbc5489ac78730,,1
76,7,22959814,0x7c0000000000000000011,17,0 38 59,8,4,25 85 145 205,0x8bd634af556d25da50ce96474e179f0fe3d966bf1f3326dd87aa08c80708ca98,,1
76,8,23008056,0xf803d,61,0 18 39,19,10,3 4 63 64 123 124 183 184 243 244,0x0b3c92b058d856e9a8b1cd1df36bd71c12a9031b15f2f05f307094018f843875,,1
76,9,23008089,0x3e00000013,19,0 40 61,19,10,9 10 69 70 129 130 189 190 249 250,0x2c0aed4c6cbdf3528aaa8222a819ad652a8642bb9cdee5c4a334a371fb7dfa9d,,1
76,10,23008122,0x7c0000000019,25,0 46 3,8,5,13 73 133 193 253,0x53616909e8a9e635a74c7d03eb5c1bbc17ddd228d6ed8c171d11add08abfe988,,1
76,11,23008210,0x1f000000000000033,51,0 8 29,15,9,0 19 60 79 120 139 180 199 240,0x6a5ee788ec6e7cdb707effa983d297baa1ce1b4c4f73b4fe9b8e3795a75016ff,,1
76,12,23008304,0xf800000000000000000000c,12,0 33 54,5,4,28 88 148 208,0x924d49700907fd712d602fc60e8426a4063b444e903a4e158a50f70ecc29f14f,,1
76,13,23008336,0x1f00000000000000000000003b,59,0 16 37,5,4,31 91 151 211,0x8230792e2c91be6cc40b2cc22eb41a6d0c53755a8e29c081c1208647c9bebe6e,,1
76,14,23008368,0x3e0000000000000000000000003b,59,0 16 37,6,4,34 94 154 214,0xf9a2d550bd4a9676a5c35e5c0fd2ff3e4d7e1808d136a3d9430085e3e0f07f07,,1
76,15,23008399,0x7c000000000000000000000000000e,14,0 35 56,5,4,37 97 157 217,0x906e003b10a5d13cbf096ef3051104374d8cf2110449733b4441fe6328657a7b,,1
76,16,23008434,0xf800000000000000000000000000000e,14,0 35 56,8,4,40 100 160 220,0xb99d5ba91cd2912873be6861960c3757d0c28bc23ce6f8e3b5fc2a18388e4a03,,1
76,17,23009122,0x1f000000000000000000000000000000013,19,0 40 61,7,4,43 103 163 223,0xedf35bc06c90e4c6868c8dd3e001373ac997c0616ab4497e9e04d9f78c8cf258,,1
76,18,23009227,0x3e00000000000000000000000000000000010,16,0 37 58,6,4,46 106 166 226,0x8ac17a0798297b8c164306295ba4e875577431cfb25671facdaba24c6798884f,,1
76,19,23009305,0x3e00000000000000000000000000000000027,39,0 60 17,20,13,0 45 46 60 105 106 120 165 166 180 225 226 240,0x55cae27e84b1d3b1d089dce7c52723150f8dd6fb25a2815ff1781e1c0b98fea1,,1
76,20,23009398,0x7c000000000000000000000000000000000003b,59,0 16 37,6,4,49 109 169 229,0x55148b64cb4175efb58da4af23f565dbc4b77e7a6d72d8183429e47e63968874,,1
76,21,23009459,0xf800000000000000000000000000000000000003c,60,0 17 38,10,8,51 52 111 112 171 172 231 232,0x2c80b6905075aea30ba430dccd9336271cdf1b080cdb2d7e9c8f0c0f30c6a6f2,,1
76,22,23009516,0x1f000000000000000000000000000000000000000024,36,0 57 14,12,8,54 55 114 115 174 175 234 235,0xc2571aaa71200824a998da4d707b6bd84f423c5aa7d1ed9e6aada958bab50018,,1
76,23,23009548,0x3e0000000000000000000000000000000000000000003c,60,0 17 38,18,9,0 58 60 118 120 178 180 238 240,0xec8502004f2f363e3d016b88a028dfedda3ac5713cdcc7e9ba1aff55562e6d67,,1
76,24,23044895,0xf8022,34,0 55 12,9,5,4 64 124 184 244,0xbd0ca9505a60f24460b50b44099a22549ba901589fe1937c1f6a9f925288addb,,1
76,25,23044929,0x1f000014,20,0 41 62,16,10,6 7 66 67 126 127 186 187 246 247,0xac468ec3c834846bc0efbc2a1e478f3e80f0233121d106a5d4a0dca801dc7321,,1
76,26,23044985,0x3e0000002a,42,0 63 20,10,5,10 70 130 190 250,0xe1d8a827cf1f571f8b6aa82275a0fbcdb236c6d7c6e73bec5b3f3ea3eeb870c5,,1
76,27,23045014,0x7c0000000004,4,0 25 46,17,10,12 13 72 73 132 133 192 193 252 253,0xeb5d85c9886c86d9faef2c5163931a5f66b5cc9329efa1dfd5f65fab2e5b0b13,,1
76,28,23045052,0xf800000000001b,27,0 48 5,14,9,15 16 75 76 135 136 195 196 255,0x93db76e06578031bfee787f3a492168340b5eedc5b57ca6255df0942fc0597f7,,1
76,29,23045100,0x1f000000000000029,41,0 62 19,12,8,18 19 78 79 138 139 198 199,0xee41852b858742ee2d5c405d94c6fe2c5ef7b0e4a31bccb18c184dc8d3145a04,,1
76,30,23045125,0x3e00000000000000005,5,0 26 47,16,8,21 22 81 82 141 142 201 202,0xc9151822af610b619834b202abdd474e5f6ed0ef9b2c8fac97f692819ab2eebf,,1
76,31,23045152,0x7c0000000000000000025,37,0 58 15,16,8,24 25 84 85 144 145 204 205,0x7bf3e367c1405807aa3e776cc18700aa6490ce83b82030191df6883855897867,,1
76,32,23045188,0xf8000000000000000000036,54,0 11 32,22,13,0 27 28 60 87 88 120 147 148 180 207 208 240,0xdfc502901946807aacd638d583f8ceabc55f6e7b053393a8de5a6fb7908c70e2,,1
76,33,23045220,0x1f000000000000000000000002,2,0 23 44,8,8,30 31 90 91 150 151 210 211,0xe3961ec2440c40b78c540350fa6c903e5b4d132a9055fbc1e849a44059bc4434,,1
76,34,23045243,0x3e0000000000000000000000003e,62,0 19 40,14,8,33 34 93 94 153 154 213 214,0xc17782e85d3c28df8b07c7a58d5a0d4b1a9cc1f8b9274d39d6e3c00580e90257,,1
76,35,23045267,0x7c0000000000000000000000000026,38,0 59 16,13,8,36 37 96 97 156 157 216 217,0xef00b3d8117531ee9fbfa875b91521e7095ecfe0a7907190d2aa9a61d2bda391,,1
76,36,23045296,0xf8000000000000000000000000000010,16,0 37 58,13,8,39 40 99 100 159 160 219 220,0x443a3bcee0b391a93a5543001bd7573b1e353d0150087a5151ce23d9f2e18fb7,,1
76,37,23045321,0x1f00000000000000000000000000000002b,43,0 0 21,13,8,42 43 102 103 162 163 222 223,0x3a5e75b4729116f0996138bee2c043991489d6a8304bcc8e2ea9c8b02ac9bfaa,,1
76,38,23045345,0x3e00000000000000000000000000000000013,19,0 40 61,6,4,46 106 166 226,0xed1f178d33a68a96be03a4e2307a9034feca6235988357ebd64fc8f292259c17,,1
76,39,23045376,0x7c0000000000000000000000000000000000015,21,0 42 63,14,8,48 49 108 109 168 169 228 229,0x2f141393a1625ae0f83c735920811d1f85133c1a68db287697fb277965f12bb5,,1
76,40,23045400,0xf8000000000000000000000000000000000000029,41,0 62 19,17,9,0 52 60 112 120 172 180 232 240,0x22684ab5b4e6e5db92ec1adb015664786f170558cc4e0840c4dde909b8d317e5,,1
76,41,23045487,0x1f000000000000000000000000000000000000000031,49,0 6 27,7,4,55 115 175 235,0x3b60a24e57e1d4b9bfea500ab5616d6208ac2b18ed7d9636d58e8acd5ba6a05a,,1
76,42,23045510,0x3e0000000000000000000000000000000000000000003f,63,0 20 41,13,8,57 58 117 118 177 178 237 238,0xfff02c628d9801cd6a239025237993447db988dc3f978b92a220e0f14dca067f,,1
76,43,23205237,0x7c0000000000000000020,32,0 53 10,8,4,25 85 145 205,0xd5f4a7c2a159c403ecdc7d9e6242293449e8a6ff37b5a7d0f285f332da34c3c4,,1
76,44,23205350,0xf8010,16,0 37 58,19,10,3 4 63 64 123 124 183 184 243 244,0xe1f005ed6cfdfc6bc7d5a4e96d210cbd596402e41c70c1998a86c154a3052eac,,1
76,45,23205670,0x1f000008,8,0 29 50,8,5,7 67 127 187 247,0x75a068f277304d92a7f20de83be5594e49c1ebee4d4e271bb6f34fa874664dc3,,1
76,46,23205695,0x3e0000003f,63,0 20 41,29,15,0 9 10 60 69 70 120 129 130 180 189 190 240 249 250,0xbee353cac923a61fbb89832aef9fd168b02ccfc442e20da80ada955cc1afd524,,1
76,47,23205716,0x7c0000000017,23,0 44 1,8,5,13 73 133 193 253,0xaeb93b81d401c1daafc5a8eb7a6a18a2eb2c2b3f9dd1cfa510a1961f16203ab1,,1
76,48,23205737,0xf8000000000027,39,0 60 17,6,4,16 76 136 196,0xad3e60fc224358aa9edaa02b024fdd02998cc8fff0ea3a2c9b3cdfd5318e3745,,1
76,49,23205772,0x1f00000000000000a,10,0 31 52,5,4,19 79 139 199,0xb7af00fde0d3957761068d5d791c35cc359f2f1d14681bcd3d7f0c9a07a97203,,1
76,50,23205796,0x3e0000000000000002b,43,0 0 21,8,4,22 82 142 202,0x01b8a4085fe9c9fc26644f1f31a834b550e6a708e6694d75bf918a447acbfb82,,1
76,51,23205819,0x7c0000000000000000029,41,0 62 19,16,8,24 25 84 85 144 145 204 205,0x63e28e4402439284adad9f42b2b25433e4ae7f2dfe7cf4debc9da93120a7eb50,,1
76,52,23205841,0xf8000000000000000000012,18,0 39 60,5,4,28 88 148 208,0x948369dd56d471b0b37996944b5c109eb4f696a4d60360d62932b41905a227db,,1
76,53,23205940,0x3e00000000000000000000000034,52,0 9 30,16,9,0 34 60 94 120 154 180 214 240,0x500c1cbd22f49f7d752d992c8cfe9f2d8ee7bf555df87c42832328d6c3f11252,,1
76,54,23206007,0x7c0000000000000000000000000023,35,0 56 13,5,4,37 97 157 217,0x2b3a137b9d429b0322292e759c291e4288ef3c33fbfb78420f0e334a49667c59,,1
76,55,23206028,0xf800000000000000000000000000002d,45,0 2 23,8,4,40 100 160 220,0xfbb7543dbda4d4fcc79a33417da61d76b9cc52a8ee908d5945de90baba03df06,,1
76,56,23206055,0x1f000000000000000000000000000000006,6,0 27 48,7,4,43 103 163 223,0x1a3d8d430b56a1b45178c15f2613d2c0b8ac97cfcd7da2df08fb8681247500b3,,1
76,57,23206125,0x3e0000000000000000000000000000000000a,10,0 31 52,10,8,45 46 105 106 165 166 225 226,0x8168f45bfadc19221f5bf9a28fe50ca8026b69b23fbb35396330ee0fadb146c2,,1
76,58,23206153,0x7c000000000000000000000000000000000003f,63,0 20 41,6,4,49 109 169 229,0xbd4e519479eb8f2a3b09b55f1d39ca858b722158609779e492cef69ca5063dc8,,1
76,59,23206175,0xf8000000000000000000000000000000000000004,4,0 25 46,10,8,51 52 111 112 171 172 231 232,0x87d76c4923d1657c75a7beb795b33fe6bf80a68adf8f6535b721427d361fe619,,1
76,60,23206197,0x1f00000000000000000000000000000000000000001c,28,0 49 6,12,8,54 55 114 115 174 175 234 235,0xfcf4af57506dd48e0d34d9074b9e80ac5a76ef86dc50c15774a19c3edd9ff88a,,1
76,61,23206218,0x3e0000000000000000000000000000000000000000002f,47,0 4 25,18,9,0 58 60 118 120 178 180 238 240,0x963ed58b9e4380cc812fde6e9f41fd6689faf01412ce94ca397ef14c7b567e56,,1
76,62,23206266,0xf801a,26,0 47 4,9,5,4 64 124 184 244,0x43fd15a56eaa063bdec8ac3e01bad0c339a26873ae978c94a8077010ba2ff38c,,1
76,63,23206440,0x7c000000003a,58,0 15 36,17,10,12 13 72 73 132 133 192 193 252 253,0xc3bf7f6d9440070ecf883ccfdc606c3dba71d6166abd25c887877de42c843373,,1
76,64,23206461,0x1f000000000000000000000004,4,0 25 46,5,4,31 91 151 211,0x2e0a9680b715134c8e72dd894712e4290b9a4d2b269434e3688b8b4460658fea,,1
76,65,23206487,0x1f000032,50,0 7 28,16,10,6 7 66 67 126 127 186 187 246 247,0xa053732df03f2c50796b987a9c89a2a004b6aab9b9e69d73cd375c83eab62029,,1
76,66,23206570,0x7c000000000b,11,0 32 53,8,5,13 73 133 193 253,0x0f4d27840de7829171be4aa870834abd8a9f32ae5a3879a7eff3e3cfcb5a5353,,1
76,67,23206588,0x1f000000000000000000000025,37,0 58 15,8,8,30 31 90 91 150 151 210 211,0x9a74b014fe7b833b8238622b4e893b6e18953ce39d1106be9f6624924f664e74,,1
76,68,23206607,0x1f00000f,15,0 36 57,8,5,7 67 127 187 247,0x4b4972f3f70a6e5faa74220e214faf88c2b66ea54765a8bf5a0386e182f39ded,,1
76,69,23206672,0x7c000000001d,29,0 50 7,27,15,0 12 13 60 72 73 120 132 133 180 192 193 240 252 253,0x2344cab614f3ba6f3e0cfba57f038a63304d204fcd84ab9d3d62d222c97d179d,,1
76,70,23206696,0x1f00000000000000000000001c,28,0 49 6,5,4,31 91 151 211,0x3d674b9f28fab0c6b03ab75f38f84f819f6fd4d182fe170ee3ddabf0328b92fe,,1
76,71,23206716,0x1f000001,1,0 22 43,16,10,6 7 66 67 126 127 186 187 246 247,0xf308d62f93a0f9b97ef51d30ef073155f2a5aa17e282a8cfeae5681d78bb47d9,,1
76,72,23206761,0x7c0000000028,40,0 61 18,8,5,13 73 133 193 253,0x6c6a4338147b1252a45047e4decb5dccfe3d1d1a0ab0c954a74fca41a0d8b79a,,1
76,73,23206781,0x1f000000000000000000000008,8,0 29 50,8,8,30 31 90 91 150 151 210 211,0x3641215acbb44bd8adef37c5142d2d192b54e8d73ba075c687231cebd0c27fc9,,1
76,74,23206805,0x1f000012,18,0 39 60,8,5,7 67 127 187 247,0x0a074b585ca0bdba59fd8d5dc69e4201726c1d7dd91d1d131c73bd4e071555c3,,1
76,75,23206836,0x7c0000000028,40,0 61 18,17,10,12 13 72 73 132 133 192 193 252 253,0x8fd03d269c4bbe19b145c47042d7cb35645fd87f975373eaba54df3eebdf7974,,1
76,76,23206881,0x1f000000000000000000000021,33,0 54 11,5,4,31 91 151 211,0x4556d52c868df9eb0341eb27690438047257bcc4326472297529c70e622d3197,,1
76,77,23206905,0x1f00003c,60,0 17 38,26,15,0 6 7 60 66 67 120 126 127 180 186 187 240 246 247,0x49bfac277ba30d14c5aeaa646df4fce164d730ee2803aab2b27f2d113e8b9729,,1
76,78,23206967,0xf8000,0,0 21 42,19,10,3 4 63 64 123 124 183 184 243 244,0x12d41f814864802883dbcff89a437459a55b7024a43ea50f26561e7c0d4b8c23,,1
76,79,23227354,0xf801d,29,0 50 7,9,5,4 64 124 184 244,0xec8f11d9e3a13bbc03ff3337ab10904a77f50dbc0c2323fcdb6dfb632c0509e1,,1
76,80,23348153,0x7c0000000000000000019,25,0 46 3,8,4,25 85 145 205,0x9fc29fb76e895fac715697549b7e37ba8ecd09a5817d8883f20a7fb7e40d44e4,,1
76,81,23348417,0x3e0000002f,47,0 4 25,19,10,9 10 69 70 129 130 189 190 249 250,0xf3c7c6608c3f35ca742a35ea7affe77f46fba783b4d60f3abcb75c71794a554d,,1
76,82,23348857,0x7c0000000000000000000000000000000000029,41,0 62 19,14,8,48 49 108 109 168 169 228 229,0x5ee05b051ccf14bae9a26e451936f6b660353e9af917a7c56bd63929986bc881,,1
76,83,23348887,0x7c0000000000000000025,37,0 58 15,16,8,24 25 84 85 144 145 204 205,0x78333d39fa2649d72089dced39f14867fa559c8fe484db06c450cf32d92d7bfd,,1
76,84,23456718,0x7c000000000000000000c,12,0 33 54,8,4,25 85 145 205,0xdcda24a0421ce7f5216461055d0c5dd000d090b49458c1ba294ce2fd825f107c,,1
76,85,23476528,0xf80000000f80000000f80000000f80000000f8004,4,0 25 46,65,39,3 4 15 16 27 28 39 40 52 63 64 75 76 87 88 99 100 112 123 124 135 136 147 148 159 160 172 183 184 195 196 207 208 219 220 232 243 244 255,0x3a7159f039e3bc4126e9626d2e24aaadaad791add54729edcf190bee921a9a9f,,1
76,86,23508886,0x3e1f0000000000000000000f800001f0f801e,30,0 51 8,52,31,0 4 7 16 42 43 46 60 64 67 76 102 103 106 120 124 127 136 162 163 166 180 184 187 196 222 223 226 240 244 247,0x64d93029a527bad24c88f5ea64690030a36dd6825c5083df60569b6d08edc4ee,,1
76,87,23647500,0xf80000000f80000000f80000000f80000000f8025,37,0 58 15,56,35,3 4 15 16 28 40 51 52 63 64 75 76 88 100 111 112 123 124 135 136 148 160 171 172 183 184 195 196 208 220 231 232 243 244 255,0x1bfac45caa1f84f4c8cf21b3744ae652efb64734fe4787dd89c87d0d35719883,,1
76,88,23791739,0xf80000000f80000000f80000000f80000000f8014,20,0 41 62,57,34,4 5 16 27 28 39 40 52 64 65 76 87 88 99 100 112 124 125 136 147 148 159 160 172 184 185 196 207 208 219 220 232 244 245,0xbceed379f41c0969c487125397af2db394998a41c6df42559170b57022728f92,,1
76,89,23974769,0xf80000000f80000000f80000000f80000000f800b,11,0 32 53,56,35,3 4 15 16 28 40 51 52 63 64 75 76 88 100 111 112 123 124 135 136 148 160 171 172 183 184 195 196 208 220 231 232 243 244 255,0x358a0b73a42fc73e5436a29acec3b0b4c998d07d49bb25856ee1ea5e569824dd,,1
76,90,24375586,0x7c3e1f0f87c000000003e,62,0 19 40,63,37,13 16 17 18 19 21 22 24 25 73 76 77 78 79 81 82 84 85 133 136 137 138 139 141 142 144 145 193 196 197 198 199 201 202 204 205 253,0xe71afe7082efdbdaedf2f76a5b30f48c5b2f12513bb88c47808c9280c9843b4c,,1
76,91,24375606,0x7c3e1f0f87c0000000002,2,0 23 44,52,31,12 13 15 16 19 22 25 72 73 75 76 79 82 85 132 133 135 136 139 142 145 192 193 195 196 199 202 205 252 253 255,0xab3016d4b6bd56f5355ef17a50f2e7305ed21a171fa3766a1c432d5063775fd0,,1
76,92,24500168,0x7c3e1f0f80000000f8013,19,0 40 61,65,37,4 16 18 19 21 22 24 25 26 64 76 78 79 81 82 84 85 86 124 136 138 139 141 142 144 145 146 184 196 198 199 201 202 204 205 206 244,0xb8a25d8954e19794f0eb7c53d5663f594fa0afd03eb2dfd1aec82ca9f26994fc,,1
76,93,24500191,0x7c3e1f0f80000000f8035,53,0 10 31,54,31,3 4 15 16 19 22 25 63 64 75 76 79 82 85 123 124 135 136 139 142 145 183 184 195 196 199 202 205 243 244 255,0xd9243c9b2d68972977eba34a61fe5d652280903481b3596c24f6cd1934bf47bf,,1
76,94,24552098,0x7c3e1f0f80000000f803c,60,0 17 38,69,38,0 4 16 18 19 21 22 24 25 60 64 76 78 79 81 82 84 85 120 124 136 138 139 141 142 144 145 180 184 196 198 199 201 202 204 205 240 244,0xcdb52ad4b4dca24fd7884450a29b785fb6e38f95829076beadef1edb347e3c27,,1
76,95,24654532,0x7c3e1f00000001f0f8014,20,0 41 62,56,32,3 4 6 7 19 22 25 63 64 66 67 79 82 85 123 124 126 127 139 142 145 183 184 186 187 199 202 205 243 244 246 247,0x914df9eefd4855480241c976f89c9ee7c4b0c206ee15b69b42f96539278d5611,,1
76,96,24654551,0x7c3e1f00000001f0f800d,13,0 34 55,75,42,4 7 18 19 20 21 22 23 24 25 64 67 78 79 80 81 82 83 84 85 124 127 138 139 140 141 142 143 144 145 184 187 198 199 200 201 202 203 204 205 244 247,0xb52fcd187d5d45c4487520520d0a692fc012ff56413c79c4961b138b1b214633,,1
76,97,24691722,0x7c3e1f00000001f0f8024,36,0 57 14,66,37,3 4 6 7 8 19 22 25 63 64 66 67 68 79 82 85 123 124 126 127 128 139 142 145 183 184 186 187 188 199 202 205 243 244 246 247 248,0xcd25b6f64e154e31f240c92ae8601aae8804f9d6e882d75bcd949c15a9b18bf3,,1
76,98,24691744,0x7c3e1f00000001f0f8036,54,0 11 32,71,39,4 5 7 18 19 21 22 24 25 64 65 67 78 79 81 82 84 85 124 125 127 138 139 141 142 144 145 184 185 187 198 199 201 202 204 205 244 245 247,0x27475b2d70ac48c4a4479a25475eff92fddbf84fee9e4ac1aa7a6aae738c4060,,1
76,99,24733794,0x7c3e1f00000001f0f801d,29,0 50 7,62,36,3 4 6 7 19 22 25 26 63 64 66 67 79 82 85 86 123 124 126 127 139 142 145 146 183 184 186 187 199 202 205 206 243 244 246 247,0x2e740e9e62afaee1c60db9e6de280ce55d735cbcf2be51c752ca870d3e2b1f60,,1
76,100,24769346,0x7c3e1f00000001f0f8008,8,0 29 50,63,35,4 7 18 19 21 22 24 25 64 67 78 79 81 82 84 85 124 127 138 139 141 142 144 145 184 187 198 199 201 202 204 205 244 247 571,0x1edd878d0f671d79afd35496c017c6f8a35bc682b6c743483d663783673250c5,571,1
76,101,24769367,0x7c3e1f00000001f0f803b,59,0 16 37,66,37,0 3 4 6 7 19 22 25 60 63 64 66 67 79 82 85 120 123 124 126 127 139 142 145 180 183 184 186 187 199 202 205 240 243 244 246 247,0x5eb07b1e84cbb398d83b1973e48fa0f7a05559061461f9898c0d3d8174dc4581,,1
77,1,22853857,0x3f8000000000000000000028,40,0 61 18,5,4,28 88 148 208,0x6381e63db0d9e16f4e18e3582718a31231485ae167bafe4b52c144c3121bab3f,,1
77,2,22863443,0xff000000000000000000000000000000000000000034,52,0 9 30,14,8,55 56 115 116 175 176 235 236,0x03c193bbdf63a3c68f6cdd0c59258f771a342191647c2cb6355b57a78f9a3aa4,,1
77,3,22877712,0x1fe0000000000000000000000000000000000000000003d,61,0 18 39,21,12,57 58 59 117 118 119 177 178 179 237 238 239,0x8fe7907234e6fdace0742570d6055753de2437b246a6064c849a21b1c8eea61e,,1
77,4,22968871,0xf8037,55,0 12 33,9,5,4 64 124 184 244,0x7cb2256d287e57c687827896af2506ac7814e94f0d3c19d7b0460041213393dd,,1
77,5,23004295,0x1f000033,51,0 8 29,18,10,0 7 60 67 120 127 180 187 240 247,0xf0cc0301d0fef300b757df93b575c3707f70c2ef8ceb792f63a951a2d2fea00a,,1
77,6,23004326,0xf8000000000004,4,0 25 46,6,4,16 76 136 196,0x9122fbb0b6aeeb5750f54ecdcac7a7bc03d6a1738031b747a551e76e564d1ff8,,1
77,7,23004355,0x3e00000000000000000,0,0 21 42,8,4,22 82 142 202,0xbbd117da9e3126cae2cff1c323fb77fba90de3052877792ccf8e7974bd1df150,,1
77,8,23004571,0x1f000000000000001,1,0 22 43,5,4,19 79 139 199,0x0168398c6af23e59b493890b94553ba7417eeb0040a8adc1df06edf11b976090,,1
77,9,23007119,0xf803a,58,0 15 36,19,10,3 4 63 64 123 124 183 184 243 244,0x20478fa82c546216409132dbec5b009c3109890ee050096b05578021306748be,,1
77,10,23007208,0x3e0000000c,12,0 33 54,10,5,10 70 130 190 250,0x46e35192312558a134a238ef895bc09069ad3a549c784aad0a4f58e8d83eeac3,,1
77,11,23007282,0x7c000000003a,58,0 15 36,8,5,13 73 133 193 253,0xcd40994d2b4660f2b88d19436a0200ef555d0830790a699f275852c400d0f8d6,,1
77,12,23007310,0x7c000000000000000003b,59,0 16 37,8,4,25 85 145 205,0xf49146c5cacc9e7119cb1677286c89ffe0ab4ec481ca43090734a90a9c889299,,1
77,13,23007355,0xf8000000000000000000023,35,0 56 13,22,13,0 27 28 60 87 88 120 147 148 180 207 208 240,0x6230a62fcf49361de54f111f6601fe253995e46ce2bbf8d67555ef16cc8e098e,,1
77,14,23007403,0x1f000000000000000000000017,23,0 44 1,8,8,30 31 90 91 150 151 210 211,0x3a57047b7f36087f27b134088b385c192987cbc65e9511b69363b37ca623c52d,,1
77,15,23007492,0x3e00000000000000000000000032,50,0 7 28,6,4,34 94 154 214,0x96f8d7100834c40f17a9de9fcc25b3072d8e1536df26d0c0a1a591c5fb490c86,,1
77,16,23007567,0x7c0000000000000000000000000004,4,0 25 46,5,4,37 97 157 217,0x799460d42e2a81ef09c2151d504fd42e2c46fb6ba4194939594dc4c60b731573,,1
77,17,23007611,0xf8000000000000000000000000000014,20,0 41 62,8,4,40 100 160 220,0xe3a5e4e96c25c850a16074d057a2958dd5574fa87f34c263a8e3402f7247e0ba,,1
77,18,23007639,0x1f00000000000000000000000000000000b,11,0 32 53,7,4,43 103 163 223,0xb286746a1721d1cde464c55cdd16e6c51180950dbe4aa8c364c6870248dc6888,,1
77,19,23007665,0x3e00000000000000000000000000000000027,39,0 60 17,6,4,46 106 166 226,0xd4909da92f4b7ceb18fd8ee4282429923e79d0301617b582d891a4251504d029,,1
77,20,23007765,0x7c000000000000000000000000000000000003b,59,0 16 37,6,4,49 109 169 229,0xc67d225376a2c06fff46c1864de51c65099d3a110094dd3a768d828b88a553c5,,1
77,21,23007813,0xf800000000000000000000000000000000000003c,60,0 17 38,17,9,0 52 60 112 120 172 180 232 240,0x1d883544f7d1371e6fbc7af065ce4dc0fdcc6e0f3b8f1a941f8b6ba5fb552dff,,1
77,22,23007849,0x1f000000000000000000000000000000000000000024,36,0 57 14,12,8,54 55 114 115 174 175 234 235,0x4761984f79d53a13341e2fb8f69868e973c396ec7bf1d3f1bec56493e03fbf36,,1
77,23,23007883,0x3e0000000000000000000000000000000000000000003c,60,0 17 38,8,4,58 118 178 238,0xf9e59ad41a95344ece6d6e4e7fc8d70d66045fa07f6191d7d647be2af1c44bcd,,1
77,24,23046419,0xf8022,34,0 55 12,9,5,4 64 124 184 244,0x48c7a44888c0d60d1cb9246d07c2a52dfe787d8c325627edf0b9f5a68d8ed97a,,1
77,25,23046443,0xf800000000001f,31,0 52 9,14,9,15 16 75 76 135 136 195 196 255,0xe2ab9fc5a50064094d93cc654573cca8aa22723944c7b7e8df73a75dad59ff01,,1
77,26,23046466,0xf800000000000000000000f,15,0 36 57,5,4,28 88 148 208,0xff52238baf6b52fcf6aa1534270fc069312256a9bc07a2ffabff1a8f40c7ea81,,1
77,27,23046503,0x7c000000000000000000000000003a,58,0 15 36,23,13,0 36 37 60 96 97 120 156 157 180 216 217 240,0xebd9fdd0e6f86ebd0938f37189a3f8b94d2159842c7fd576031fe337087388aa,,1
77,28,23046537,0x7c0000000000000000000000000000000000015,21,0 42 63,14,8,48 49 108 109 168 169 228 229,0xad8a5beb82a3bf835ed526227953d95cc4f0f48d097c0caae1a0bab86fda14ef,,1
77,29,23046570,0x3e00000000000000000000000000000000000000000011,17,0 38 59,13,8,57 58 117 118 177 178 237 238,0xd1a13427a0b1f4eefa75eeaea1f8f15ae2046d4fe8aa8515218be046dc4157d4,,1
77,30,23046602,0x1f000003,3,0 24 45,16,10,6 7 66 67 126 127 186 187 246 247,0x03dcd3ea4d8c1c9430dd9faf952b9ec47edbec27a39464dfa09a567a6711ad97,,1
77,31,23046635,0x1f000000000000032,50,0 7 28,12,8,18 19 78 79 138 139 198 199,0x9ed30b5368e5c72b5da56ea3cab755062f3c431b08781f966edb6f61d873382b,,1
77,32,23046664,0x1f000000000000000000000005,5,0 26 47,5,4,31 91 151 211,0xfe2eb56ca0ab15cf857d1c989f1260841854d36498537d3321f667609511fae8,,1
77,33,23046702,0xf8000000000000000000000000000009,9,0 30 51,13,8,39 40 99 100 159 160 219 220,0xd652c4746e97daf3c7fd47a758d681c57100f187164be529c8e02722d5990462,,1
77,34,23046734,0xf8000000000000000000000000000000000000021,33,0 54 11,10,8,51 52 111 112 171 172 231 232,0x7920b73010d32a0db3858104a7f08d8ec3ebbab50828a92e56c652535fadec8a,,1
77,35,23046767,0x3e00000033,51,0 8 29,19,10,9 10 69 70 129 130 189 190 249 250,0x1b16f00598ed0c825b6f71557a3f0f4ca2a13d324c57b88746c978722147b6ca,,1
77,36,23046791,0x3e00000000000000030,48,0 5 26,26,13,0 21 22 60 81 82 120 141 142 180 201 202 240,0x134bd765309d831fedd66d8012e00523008c8e4c0e5446f77fb3322177be1455,,1
77,37,23046814,0x3e0000000000000000000000003f,63,0 20 41,14,8,33 34 93 94 153 154 213 214,0xb47da96e74319f7011e68f19cc5278974b83e1b5d3de2d5d540b211685c2fe31,,1
77,38,23046844,0x1f000000000000000000000000000000015,21,0 42 63,13,8,42 43 102 103 162 163 222 223,0xfc348b47bf9f5a9cb38db6635277042589d6fa75964434a16d61a5a9b4912d25,,1
77,39,23046872,0x1f000000000000000000000000000000000000000004,4,0 25 46,7,4,55 115 175 235,0x899c6caebc68cd55464bd939a8cbb9243d5880faffcf3b6ba96382d0891883b7,,1
77,40,23046894,0x7c0000000017,23,0 44 1,17,10,12 13 72 73 132 133 192 193 252 253,0x26b33847a22492736819fa6aba723ef6f7f02fd3415e2f2e52c4f655898d01af,,1
77,41,23046918,0x7c0000000000000000016,22,0 43 0,16,8,24 25 84 85 144 145 204 205,0x63d6dd0c1634fb6224d61b25ef1a8406a63c5a27c75401ec327afc3bba1296e0,,1
77,42,23046943,0x3e0000000000000000000000000000000000a,10,0 31 52,10,8,45 46 105 106 165 166 225 226,0xb8975cc3b0b716a26fc1355ecdddf948b192823751d8a7fa4d44bb55c232986d,,1
77,43,23205247,0xf800000000000000000000000000003d,61,0 18 39,8,4,40 100 160 220,0x472fb6ab28947ae2601bc82b82e6cb685e8eacd4533defd04215807bb80acc84,,1
77,44,23207101,0x7c000000001e,30,0 51 8,18,10,0 13 60 73 120 133 180 193 240 253,0xff2964052995868f7aaf3434f4a67f2e65df868a7fc917fa260bbd6d6549803a,,1
77,45,23207176,0x1f00000000000000000000001e,30,0 51 8,8,8,30 31 90 91 150 151 210 211,0x29554ad31acc887e5fa6805f072669d33f3ac9fd419e2e8eea865d4cf5a5eea5,,1
77,46,23207203,0x1f00001f,31,0 52 9,8,5,7 67 127 187 247,0x53ed6dc672e24ed5faf93b9456e58c16e3d9005ad9e127f9b3d3ad8acffe426b,,1
77,47,23207555,0x3e00000000000000000000000000000000000000000002,2,0 23 44,8,4,58 118 178 238,0xa3eb05b19c7fd3e0f4d9977dce6742d7bd49e05be80fa408d04a2f3339f2c2f5,,1
77,48,23207573,0x1f000000000000000000000000000000000000000036,54,0 11 32,12,8,54 55 114 115 174 175 234 235,0x4406c5089d82af3d1aa57304076bc93868185bfcf7a0b5c8b766e907e6051ba2,,1
77,49,23207595,0x1f00000000000000000000000000000002d,45,0 2 23,7,4,43 103 163 223,0x1eef8f0ac9f5219f3160b3e07882ff7c40d4321a5d876de794a0f4852f8062eb,,1
77,50,23207615,0x3e00000000000000000000000000000000018,24,0 45 2,6,4,46 106 166 226,0x2417946fcb86911e37817b8aeae3f9e8fa68e9484b23e735a0b5a3ffb8f6103b,,1
77,51,23207638,0x3e0000002b,43,0 0 21,20,10,0 10 60 70 120 130 180 190 240 250,0x186e25ebfa29aa9ec60564563b4b6ea8467869588747c4b69ca6544e704f5e50,,1
77,52,23207658,0x3e00000015,21,0 42 63,19,10,9 10 69 70 129 130 189 190 249 250,0xeeb97210e5254983dd439ff6f61a30ba15cda3d501a2ed710d86f1d201e368a3,,1
77,53,23207685,0x7c000000000a,10,0 31 52,17,10,12 13 72 73 132 133 192 193 252 253,0x15500daab6eae60a9ff2b102c7c0c77c494a0e02e83894ad510fc379a4dab6db,,1
77,54,23207716,0xf8000000000038,56,0 13 34,6,4,16 76 136 196,0xd9072b5a5968346afce490235e62f0d191fefdd77579084efeaa131b45e2c717,,1
77,55,23207736,0x1f000000000000009,9,0 30 51,5,4,19 79 139 199,0x52712bbc8d8aa8c90e6f5e88052ae58760e214b9560e8828d3d615ab1deb28ef,,1
77,56,23207755,0x3e00000000000000029,41,0 62 19,8,4,22 82 142 202,0x67a9db0b86690a5438006f9042868862723314199a5ea9f06a420588537dce37,,1
77,57,23207776,0x7c0000000000000000022,34,0 55 12,8,4,25 85 145 205,0x34b811de0c8d81f02a40dfac7ff0755073b7ba5e23ee8a429b8ca92f6a212c43,,1
77,58,23207796,0xf8004,4,0 25 46,19,10,3 4 63 64 123 124 183 184 243 244,0x3e8414b7f7c03c1a4985aa9f6cac8e83a987fbd8a8d343d1c908d7807935a4ff,,1
77,59,23207820,0xf8000000000000000000012,18,0 39 60,12,8,27 28 87 88 147 148 207 208,0xdc53ba444b0f6638794219e65860d17c6a9baae11f0aa08f279bf96b2077a1df,,1
77,60,23207840,0x1f00000000000000000000001f,31,0 52 9,15,9,0 31 60 91 120 151 180 211 240,0xa44279d48710fea3ef9c28ff22eeeefbe099e531984311f5c5bc2ad1aba72012,,1
77,61,23207865,0x3e0000000000000000000000001b,27,0 48 5,6,4,34 94 154 214,0x7b6e96f471f82d18fd1760a0c2c1ac46f3c3b2ad850fb4b65a48744c6b038216,,1
77,62,23207887,0x7c000000000000000000000000003e,62,0 19 40,5,4,37 97 157 217,0x18faf29a44478d6121514a1164bdf237e8b9066c08d886292a4403ce3bb075a4,,1
77,63,23207908,0xf800000000000000000000000000001f,31,0 52 9,13,8,39 40 99 100 159 160 219 220,0x202504b0f9ee56f758e531487aea012e6a02e7c1bc5d79c830f593b644d81752,,1
77,64,23207927,0x7c000000000000000000000000000000000001d,29,0 50 7,6,4,49 109 169 229,0x77b8977bb3cf93228a8b206bccae9caada5b4aaec2b5a7a84384ee586daa000a,,1
77,65,23207953,0x1f000032,50,0 7 28,16,10,6 7 66 67 126 127 186 187 246 247,0x237020258291df894c220df64b64b6fd8f5cce6fd18d64ccdab13926aab86f4c,,1
77,66,23207975,0x7c000000000b,11,0 32 53,8,5,13 73 133 193 253,0x8b6d0206e62ba015a49a3165fefa40c33ff1531e96b53ed3b3e7bc8da3a70b51,,1
77,67,23207997,0xf802e,46,0 3 24,19,10,0 4 60 64 120 124 180 184 240 244,0x458837dff7ef2219d7ebca71c2c04c22d15ef04ef01d560075a18c89f85e513d,,1
77,68,23208015,0xf8038,56,0 13 34,19,10,3 4 63 64 123 124 183 184 243 244,0xd3c8a0cb4fa4cbc142a9296cc6718c6fd60c2730b265be9ffaae67b3b325dbed,,1
77,69,23208042,0xf8021,33,0 54 11,9,5,4 64 124 184 244,0x9767ac026bea36c6038aa61b8c403aecb9567009918679200e06ee47db2df9e0,,1
77,70,23208066,0x3e0000001f,31,0 52 9,10,5,10 70 130 190 250,0x57a2d8e3fbacf3bb876102d298297c1a703e298fccd57ec3c9f48330cc29d065,,1
77,71,23208086,0x7c0000000039,57,0 14 35,17,10,12 13 72 73 132 133 192 193 252 253,0x8c3f603a8f6ba05e4cb0cbba4d0f00f10665e9c36d1f1bf31933d6ebf7faeea5,,1
77,72,23208205,0x3e00000000000000013,19,0 40 61,16,8,21 22 81 82 141 142 201 202,0xef35004dedc666c2cf29dd09d5a95d3481a554b7a2dfb2a94253b071f3acacf4,,1
77,73,23208226,0x1f00000000000000000000000000000001c,28,0 49 6,23,13,0 42 43 60 102 103 120 162 163 180 222 223 240,0xffbf9ba1f271f266379a588f925bcb5ae9060346c7e71a7b2316dcde86b854ad,,1
77,74,23208301,0x3e00000000000000000000000019,25,0 46 3,14,8,33 34 93 94 153 154 213 214,0x2fef89d69cbe16ccc535b770b0d61e341be079a2a599df6ff0373acd36289744,,1
77,75,23208321,0x3e0000000000000000000000001d,29,0 50 7,6,4,34 94 154 214,0xf029fc7a90d57324f50e376c7ca1e199894c8b0c453ed6a7fab1a0cf24e42395,,1
77,76,23208348,0x3e00000000000000033,51,0 8 29,8,4,22 82 142 202,0xf975b7e291a97c40d14a4507fc69f11747e768d085578cfa84d26c59776e0ba6,,1
77,77,23208405,0xf8000000000027,39,0 60 17,14,9,15 16 75 76 135 136 195 196 255,0x973a99f5e6256de4f8e3b4f2f0b56cbe0fea48b794d554097290ecc427a785b8,,1
77,78,23208427,0x7c000000000000000000000000001d,29,0 50 7,13,8,36 37 96 97 156 157 216 217,0xe0f545a248c8a86a95d834507d5b1741b6657a105c5692cc19bd98a56dc458b5,,1
77,79,23208450,0xf8000000000000000000023,35,0 56 13,5,4,28 88 148 208,0x532e9effdd83b4695a2d9e26311cebc343a864900a8acd08477a09b82f5aab68,,1
77,80,23208480,0xf8000000000000000000012,18,0 39 60,22,13,0 27 28 60 87 88 120 147 148 180 207 208 240,0x689ca10bc889ad78909a5d17069dab5d5e373504c2352bf7fee230a6feddb195,,1
77,81,23208500,0xf8000000000019,25,0 46 3,6,4,16 76 136 196,0xe1ba0354f341053e6546ea58724e4ea492252843dbcd897f52441fc3e8d6e687,,1
77,82,23208523,0x1f00000b,11,0 32 53,8,5,7 67 127 187 247,0x811624e099ac0bd07f2d8d059b0bd0b7ef5a130841d7c0a010f520fd4646d933,,1
77,83,23208546,0xf800000000000000000002a,42,0 63 20,5,4,28 88 148 208,0xc8456da4dbd3e0d3829d363da61881349279663eea2c98b3c892f483e92f395a,,1
77,84,23208572,0x3e00000000000000000000000000000000000000000027,39,0 60 17,13,8,57 58 117 118 177 178 237 238,0x7120e7bba84847c76eb380d465e2c976d51ace9634a7d618a8624aa27df49a32,,1
77,85,23208597,0xf8017,23,0 44 1,19,10,3 4 63 64 123 124 183 184 243 244,0x4d0baa4f5aebffaa717865323e73996c9ef08a571a618a88428ec72b9d8a81f7,,1
77,86,23208620,0x7c0000000000000000000000000019,25,0 46 3,5,4,37 97 157 217,0x00743f2cc54e86b4472b7fab0eb467dd8cb2edc1e166debe08cd137002944e7f,,1
77,87,23208653,0x3e00000035,53,0 10 31,29,15,0 9 10 60 69 70 120 129 130 180 189 190 240 249 250,0x89d57297a428321cb45f1a3a202c92d1b1db8dae7e63deec381ebd74ed961382,,1
77,88,23208688,0x3e0000000000000000000000003e,62,0 19 40,14,8,33 34 93 94 153 154 213 214,0xc763707269dd23635a9e667951061834943842b9b2c85a622a9abfdadf2ed963,,1
77,89,23208721,0x3e0000000000000000f,15,0 36 57,16,8,21 22 81 82 141 142 201 202,0xf0fe0cc0861da6c21fa5c7b49a6a08044923532b09e67eb6793474f828a3daa9,,1
77,90,23227495,0xf800a,10,0 31 52,9,5,4 64 124 184 244,0x26b6126b7ab42681a62af02ef9aaaf5ed6bf7d0b95e5547b2101827c158d689c,,1
77,91,23311878,0x1f000027,39,0 60 17,16,10,6 7 66 67 126 127 186 187 246 247,0xb188eae000695e9db893c634b5a58682ac3708298733f0586d507a75945a8313,,1
77,92,23311905,0xf801a,26,0 47 4,19,10,3 4 63 64 123 124 183 184 243 244,0x53e6a5902b85e4018934bf591678029d467a98df86e29f7ce198bf1d1999d30d,,1
77,93,23311929,0x3e0000001c,28,0 49 6,10,5,10 70 130 190 250,0xfaae0d04963be2394ef4c759835b914cf13c526471ded8b4caf1635e546bb687,,1
77,94,23312014,0xf803f,63,0 20 41,19,10,0 4 60 64 120 124 180 184 240 244,0x30d5b8e6dbeaafa898ef6e9da1b7d46cd5532cfc61accf651318b826e56fac11,,1
77,95,23312045,0xf8033,51,0 8 29,29,15,3 4 5 63 64 65 123 124 125 183 184 185 243 244 245,0x2e6642c22ecbab3a6c5ca06ac06d9e77adae65a9598e21e5b9631236463ed61d,,1
77,96,23312125,0xf8034,52,0 9 30,9,5,4 64 124 184 244,0x360f4dfdf53a6fdd650159bb43b7f26bfd50d4b9dee2900c1d9a1149d9d43802,,1
77,97,23312153,0xf8013,19,0 40 61,19,10,3 4 63 64 123 124 183 184 243 244,0xb72a92d84259f845fce94be36a045fb3d3cc26df655a14b49816440307f00e15,,1
77,98,23312184,0x1f000003,3,0 24 45,16,10,6 7 66 67 126 127 186 187 246 247,0xca9dc44b55b6651ec8c70ff12b808bebf17674d714e744cf07c7d3865106690f,,1
77,99,23312211,0xf8000000000038,56,0 13 34,14,9,15 16 75 76 135 136 195 196 255,0xc0445b091f89248060b9f968ebe2f5cf029d334cb00a84efaef606093f3a3d8e,,1
77,100,23312246,0x3e0000000000000000000000000a,10,0 31 52,6,4,34 94 154 214,0x5f94bc1ee60d3e9f08cbea0565a40042ab30fdff4db03d7d3def597490a62497,,1
77,101,23312275,0xf801b,27,0 48 5,9,5,4 64 124 184 244,0xff6fb4367086fbf68f3e2d67cb77ca8e33216937dd6c761e870d46635369370d,,1
77,102,23312309,0xf800000000000000000000a,10,0 31 52,22,13,0 27 28 60 87 88 120 147 148 180 207 208 240,0x28638a29e3cdaaffd7a6e8fd389ba119fb6a06914bcc13eff7745a9e1828f8db,,1
77,103,23346361,0xf8036,54,0 11 32,19,10,3 4 63 64 123 124 183 184 243 244,0x4d23bffb3ab9a37317a984899d78ee32d5cdc5d86939abe59efa1e261dc695f4,,1
77,104,23346412,0xf800000000003b,59,0 16 37,6,4,16 76 136 196,0x1e21a61deda03abd1eb0a22f94c8a96fd664114776f052846fd5d5ac667eb4bd,,1
77,105,23346442,0xf800000000000000000001c,28,0 49 6,5,4,28 88 148 208,0x55f44acf192ed7b07cda64fd69cbffe320a2613f9ca56b55c6e778d5e5454a34,,1
77,106,23346521,0xf8027,39,0 60 17,9,5,4 64 124 184 244,0x5be59acb07962d05d81bfbea11db0c98df9b9fdf5d88e46abec1d806e01cf52e,,1
77,107,23346607,0x1f000000000000000000000026,38,0 59 16,18,13,0 30 31 60 90 91 120 150 151 180 210 211 240,0x3f5e05eb2df73e5ea92f850f86365224c8b8fd85316fa1a114b47a4e26aaa1eb,,1
77,108,23346696,0xf8000000000000000000014,20,0 41 62,12,8,27 28 87 88 147 148 207 208,0xf91e07ad510de1193e7511f2b266226c28f8f09a015524ea0c41338ee23cf6cc,,1
77,109,23346864,0xf800000000000000000000000000001b,27,0 48 5,8,4,40 100 160 220,0xd592471a971a95ca2c9176f652d56d57673a7231d8671d38aa63d8b0864f19ce,,1
77,110,23346985,0x1f000000000000000000000014,20,0 41 62,5,4,31 91 151 211,0xc68ae00a8f70cf89352a69d77eb0329dda88ff8382e7e9f545961df64968c86c,,1
77,111,23347071,0x3e00000000000000005,5,0 26 47,8,4,22 82 142 202,0x1aa19e7adc89ed7cf1b88bfeef91f824e2288b0c4794f76f483366841188432f,,1
77,112,23347095,0x3e00000000000000000000000000000000000,0,0 21 42,10,8,45 46 105 106 165 166 225 226,0x6a131e31944d2f9e17eafb0803739bd9cc46283850849746610159ae32b67d66,,1
77,113,23347137,0xf8000000000000000000000000000026,38,0 59 16,13,8,39 40 99 100 159 160 219 220,0x5c6b212b7092a64217b4c12970650bf1bbd854e0524a5c2531767309cf259a9a,,1
77,114,23347159,0x1f000000000000000000000006,6,0 27 48,8,8,30 31 90 91 150 151 210 211,0xa1f45267fbd35eea0c4830b26c462b01d6ef0b128ce73f3ecc0ebab8c631fd25,,1
77,115,23347191,0xf800000000000000000000c,12,0 33 54,5,4,28 88 148 208,0xa82e2aa76d004bf6696a264507654f3677586564782f478a1b8cdc6dc21bd924,,1
77,116,23347223,0x1f000000000000021,33,0 54 11,12,8,18 19 78 79 138 139 198 199,0x6859b06aaca33e8fc173667feeeccd203be94841aa2aabd72b0c1177bcfdf969,,1
77,117,23347460,0x3e0000001e,30,0 51 8,19,10,9 10 69 70 129 130 189 190 249 250,0x5ce912177c1316407b9c7a81b633f29ed0fb03e9bb10936053ea7a6094261254,,1
77,118,23347486,0xf800000000002c,44,0 1 22,24,14,0 15 16 60 75 76 120 135 136 180 195 196 240 255,0x0ac643c86b01ca4e70834f899b346b09808149b3a26fee26ead1a3c2032b0afa,,1
77,119,23347509,0xf8000000000000000000016,22,0 43 0,12,8,27 28 87 88 147 148 207 208,0xeabf0735541291363cedfd0a6808f6e10a68c1425d24d992ea87212d3c6a14cc,,1
77,120,23347537,0x1f000000000000000000000007,7,0 28 49,5,4,31 91 151 211,0xa5719c94b35c83273df068ff9031cecb2ed558b29532d995525ea42b8e0ddf11,,1
77,121,23347571,0xf8000000000006,6,0 27 48,6,4,16 76 136 196,0x0453d38f6dda00793fe4616280ddaed80a559fe8865dd1327736ba0e323008e8,,1
77,122,23347605,0x7c000000000000000002b,43,0 0 21,16,8,24 25 84 85 144 145 204 205,0x8c14166249dd8b168ccef20825b46277e3329979ee4b2882b8b07e6d9001cefc,,1
77,123,23347652,0x7c0000000014,20,0 41 62,8,5,13 73 133 193 253,0x471cc92ffdb83e77d2cd61420f0a435ae7b19513e9a00fea587cbfc79b338020,,1
77,124,23347688,0xf800000000000000000000000000000000000000a,10,0 31 52,7,4,52 112 172 232,0x94991505fcadcbd171d30772a1ed20a1760fe7aa865c687cee65dd677317e1b8,,1
77,125,23347727,0x7c0000000000000000003,3,0 24 45,8,4,25 85 145 205,0x0099d7868115d8a1523a436c6c47d20f64be98a4adb51d731d5b2f848b2abbcb,,1
77,126,23347770,0x7c0000000000000000000000000037,55,0 12 33,13,8,36 37 96 97 156 157 216 217,0x9287155c59c969fb8377d4a836afbd7ba06bba9a2506a9ad2e78dcf755f3daae,,1
77,127,23347799,0x3e00000000000000000000000000000000032,50,0 7 28,6,4,46 106 166 226,0xfab19780ee4650d91ff5758de3996bf2eec226aa88f2f6a78f1477ac3b4714cd,,1
77,128,23347830,0x1f000000000000009,9,0 30 51,15,9,0 19 60 79 120 139 180 199 240,0x81713a11b65152aa1d5b354f1b224f715a415f79bc5209e9845b7743ecad7a42,,1
77,129,23347895,0x1f000000000000000000000000000000001,1,0 22 43,7,4,43 103 163 223,0x9188f041339ec990d13dc3e7257ee18994327e96aa1a768a6555c7192425325e,,1
77,130,23347926,0x7c0000000025,37,0 58 15,17,10,12 13 72 73 132 133 192 193 252 253,0x64f22fd3727562dc8091f175c7aa8e6234b6df8961a3563eb8f83b359e502001,,1
77,131,23347961,0x1f000030,48,0 5 26,8,5,7 67 127 187 247,0x10bf68fbf326f18faa5be317b8a96084c476741613ef88119d0437c0011ce1d6,,1
77,132,23347989,0x1f000000000000013,19,0 40 61,12,8,18 19 78 79 138 139 198 199,0x31a344949c7dda45eb9280dc5a0d04d2baf033ad8c1e37a291cc8a8ca4d3fcb8,,1
77,133,23348018,0x1f000000000000000000000012,18,0 39 60,8,8,30 31 90 91 150 151 210 211,0x70bbeaad58bad0cd1ff8eb47dec9ff8f41822f03dd98d5b73a504bf36cceb025,,1
77,134,23348054,0x3e00000000000000018,24,0 45 2,16,8,21 22 81 82 141 142 201 202,0x956bcd4a0fb620a3823aa95156c948148cbf66155b2ef46a3de044af0e2eed74,,1
77,135,23348204,0xf8000000000018,24,0 45 2,14,9,15 16 75 76 135 136 195 196 255,0x959b6167385c5b5462679a7b94a30d2efd77edc81a3e0f15da19bcdf005bc436,,1
77,136,23348245,0x1f00000e,14,0 35 56,16,10,6 7 66 67 126 127 186 187 246 247,0xb781c5778ee53427aca45dcae671b0125424a7a1560ac26adb767bacc365af19,,1
77,137,23348275,0x3e00000000000000010,16,0 37 58,8,4,22 82 142 202,0x99acfd42843dabbb6832f701ebfc5f75ba2d1b4e3bb00cb196c15926d790a66d,,1
77,138,23348311,0x1f000000000000011,17,0 38 59,5,4,19 79 139 199,0x425ebe3ce845524a49d249bbd81e5ae9d4ca00c04debfabf90b1396ee361dea2,,1
77,139,23348357,0xf8014,20,0 41 62,29,15,0 3 4 60 63 64 120 123 124 180 183 184 240 243 244,0x4e555bf7d2666d22338e23c819c65b319d714361fe26995a3752c0bc754ff33b,,1
77,140,23348513,0xf8000000000000,0,0 21 42,6,4,16 76 136 196,0x4200fcbbb31ba90aeac616156d64f94b17ade1d23a45354ab826d566b2506691,,1
77,141,23348569,0xf801b,27,0 48 5,9,5,4 64 124 184 244,0x77254afc6ee8804e62d5f39936733dcabeff779a084aeb1513caeb43c9f6c918,,1
77,142,23348609,0x7c0000000000000000000000000002,2,0 23 44,5,4,37 97 157 217,0x668761f38de97c44ec3e8758616b40d194e3b5808da85153eeb7ac6468a79e09,,1
77,143,23348637,0x3e00000000000000000000000000000000035,53,0 10 31,10,8,45 46 105 106 165 166 225 226,0x63601ef34caf491754ef67c6a873d4d8d0a450e457365cac9a7d4b18fbd106d4,,1
77,144,23348673,0x1f00000000000000000000001c,28,0 49 6,5,4,31 91 151 211,0x86993becd41f16ad504560e87dfd20f2da97746435fdde71d5909033928cb225,,1
77,145,23348700,0x3e0000003b,59,0 16 37,10,5,10 70 130 190 250,0x8ba032f54907b8208c344bb5f713af0bc4aeceee510f7cf6fad2d24de2298128,,1
77,146,23348723,0x3e0000000a,10,0 31 52,19,10,9 10 69 70 129 130 189 190 249 250,0xc79423822289709da6600880208adebc68eabc551a64f93bcafff7cbf51a080a,,1
77,147,23348750,0xf8000000000010,16,0 37 58,14,9,15 16 75 76 135 136 195 196 255,0x02b87c2fd1b68a9bcd15003b2bcfb6f87e14e6366b584bcb9643cc035ecfbeb5,,1
77,148,23348793,0x3e0000000000000000000000001e,30,0 51 8,24,13,0 33 34 60 93 94 120 153 154 180 213 214 240,0x1ed3799d50692e3c0a2bcb00866fb1b5f347a7e7a85f5fe98f8038d5f50ad13f,,1
77,149,23348825,0xf8000000000022,34,0 55 12,6,4,16 76 136 196,0xbe9864ce709c7596298c807e4dab03b4892e3f420a3b6ee77500e0d9c17c3d5e,,1
77,150,23348929,0x3e0000002b,43,0 0 21,10,5,10 70 130 190 250,0xad7440dbdd7a2a1d358d9343ff32714fb2dc8c68228e98c5f8bc9ebdf8d9cd39,,1
77,151,23348955,0xf800000000000000000000000000000000000000f,15,0 36 57,10,8,51 52 111 112 171 172 231 232,0x929761f36c190c420592d3f464c08f0c0ef7fc5c8057f74da9f1cf764e885780,,1
77,152,23349008,0x1f00000000000000000000002d,45,0 2 23,8,8,30 31 90 91 150 151 210 211,0xfacfbfd5d792c7d3784e6b4240a19eaf377dc9bdc00c5482f70494d18c3b3837,,1
77,153,23349041,0x1f000006,6,0 27 48,8,5,7 67 127 187 247,0x88e21889982d30577aa6d0187e3171ca7ac6a8398a0980bd356bffe0981ed309,,1
77,154,23349072,0x1f000000000000000000000000000000034,52,0 9 30,13,8,42 43 102 103 162 163 222 223,0x2e95172b7c84e9bcbccf9b1ef3481efb83a44a03dc387362404a9b4c8eed29a5,,1
77,155,23349103,0x1f00000000000000000000000000000002f,47,0 4 25,17,9,0 43 60 103 120 163 180 223 240,0x454f33a0eb5aca47a47d2f511c0ef9e041504780866811dc17a9cdc8c560cd4f,,1
77,156,23349134,0x3e00000000000000020,32,0 53 10,16,8,21 22 81 82 141 142 201 202,0x3f5d58e8c3915909fd44847361d00f43e3fc9f7c5ed149f9a4a3e1b1ff4a767f,,1
77,157,23349170,0x7c0000000029,41,0 62 19,8,5,13 73 133 193 253,0xde6505ad54a4297ce0a91ef5231e9ae00954f1b91576872975c3c115c980d51d,,1
77,158,23349199,0x7c000000000000000001a,26,0 47 4,16,8,24 25 84 85 144 145 204 205,0x2330070aa4105af5922704d30ae37a91aba5998bc854aa409133868af649eed2,,1
77,159,23349229,0x3e00000000000000009,9,0 30 51,8,4,22 82 142 202,0xc05939343c20997475806ed4029a08d9115db9bf03850546d22d5255ca1cf30d,,1
77,160,23349257,0x7c000000000000000000000000002a,42,0 63 20,13,8,36 37 96 97 156 157 216 217,0xa81330cbc9201884b5c59a753172bc8531ce019c2f289832d12d941d028a4700,,1
77,161,23349299,0x7c000000000000000003a,58,0 15 36,8,4,25 85 145 205,0x1e3d56f746b08ad3c32299cb051b7f8368ae23b8975b77d57371b19fa1dbfe86,,1
77,162,23349332,0xf800000000000a,10,0 31 52,24,14,0 15 16 60 75 76 120 135 136 180 195 196 240 255,0x4dd11f197f4838b8675f89445b13f604c795f6e3327dc5e80b8080e13696416e,,1
77,163,23349360,0x1f00002a,42,0 63 20,16,10,6 7 66 67 126 127 186 187 246 247,0xae54072b8a01ab15944dba2dce3d78b9c517dba7c5b3c315170a7c6d955ef77a,,1
77,164,23349408,0x7c0000000000000000033,51,0 8 29,16,8,24 25 84 85 144 145 204 205,0x5d33cb512c93589b05545a9c8b4ee7c5c57033c4a4d75721e24d00047dd2739b,,1
77,165,23349434,0x3e0000000000000000000000000f,15,0 36 57,6,4,34 94 154 214,0x65dfb19ee1be9cb39e478cdb938876ba45152135e6138e2d29e792b79d91ced7,,1
77,166,23349468,0x7c0000000000000000000,0,0 21 42,8,4,25 85 145 205,0xa9695a654ec76a351b80091bdaf890a9c6898877d51ed585aea2bf914d33d6e1,,1
77,167,23349497,0x1f000000000000000000000030,48,0 5 26,5,4,31 91 151 211,0xe0c85847542e47af1f18c2d7fd55e788bdccba1a579264eddcc4b3712f9b1180,,1
77,168,23349532,0x1f000000000000000000000007,7,0 28 49,8,8,30 31 90 91 150 151 210 211,0x68731f5db41f25a86aa9a5aad31e73d628175e1f9b1e5acbf692aff12f3dfb2d,,1
77,169,23349568,0x7c0000000000000000031,49,0 6 27,16,8,24 25 84 85 144 145 204 205,0x6cb025ae92dc2b54abfc3cd265d773ce53e4f9e8a64b3f72284d8da49299aba9,,1
77,170,23349608,0xf800000000000000000003b,59,0 16 37,22,13,0 27 28 60 87 88 120 147 148 180 207 208 240,0x4516bcba7dad1f1430bfcf5ebd39b242cf8a60a41b549bfcd050232af6d69836,,1
77,171,23349688,0x7c0000000000000000029,41,0 62 19,8,4,25 85 145 205,0x585afb55df28a63f11abd206cd80b65bc8a9ad5356282b36cedd9ba78fadde1c,,1
77,172,23349716,0xf8000000000014,20,0 41 62,6,4,16 76 136 196,0x6c848a0bcb21d4ae6c523370dc5485cf3c9fb33bfc959ab7cca7f907adb8fd51,,1
77,173,23349737,0x7c0000000027,39,0 60 17,17,10,12 13 72 73 132 133 192 193 252 253,0x7f0c3eaf4b3b3badace31a1b8303fb0d52d572cf73f2b2715a2697d4e998c45d,,1
77,174,23349814,0x3e0000002b,43,0 0 21,19,10,9 10 69 70 129 130 189 190 249 250,0x35acb1fa654080ac01007fa82fc99d6b727f91c2fd41a62f71754f904bfc2823,,1
77,175,23349847,0x7c000000002b,43,0 0 21,8,5,13 73 133 193 253,0xc11383805656fe0774ebd5b54359f833a0332e43a38ad170e9de6671e12a9a92,,1
77,176,23349871,0x7c000000003f,63,0 20 41,27,15,0 12 13 60 72 73 120 132 133 180 192 193 240 252 253,0x12c48d0939bde4fe91fbacaaa168438354b20bd826f4a2a046900ac378d2c8c6,,1
77,177,23349912,0xf8024,36,0 57 14,19,10,3 4 63 64 123 124 183 184 243 244,0x58ca6f5e40a228ac825b1c48d067ea0183503d0064c2208bb8e6d96305719826,,1
77,178,23349949,0x1f000000000000001,1,0 22 43,12,8,18 19 78 79 138 139 198 199,0x0538a0bf69a5f5a3b93f62d1d40f8d2ba4b452bd41485e97fa367fc69a37a555,,1
77,179,23349978,0xf8000000000014,20,0 41 62,14,9,15 16 75 76 135 136 195 196 255,0x22415b6334716adb43b8d559dab7ab5b29be2b21d9c8c712455ce0e2b32f2c74,,1
77,180,23350002,0x1f000000000000000000000025,37,0 58 15,5,4,31 91 151 211,0x58b6ef3e9d1017360cd3a0371c1674dca4a161f665c820c10f710da1d4a00891,,1
77,181,23350031,0x7c000000000000000000000000003a,58,0 15 36,5,4,37 97 157 217,0x9433addda61c1c8cb71de5744c2a4f141f23eb5fb49ba3cad832ca63c80d71b9,,1
77,182,23350060,0x7c000000000000000000000000000000000000a,10,0 31 52,14,8,48 49 108 109 168 169 228 229,0x564e55e9e590a53139bd0c2b66da0a3785adad5a8fa823a890faebbd62ce1b60,,1
77,183,23350106,0x1f00000000000000000000000000000000f,15,0 36 57,13,8,42 43 102 103 162 163 222 223,0xc4fce57d21a9e6b874d0646de6e220eb3a8358918724cee5484aef19dcea2978,,1
77,184,23456727,0xf8000000000000000000000000000010,16,0 37 58,8,4,40 100 160 220,0x4d9d86cf938911b98ed63f5951ff9e9e7cec9acaece6f58161d355b262d06ead,,1
77,185,23476581,0x3e1f000003e00000003e000000000000f800000000001c,28,0 49 6,41,24,16 33 34 46 55 58 76 93 94 106 115 118 136 153 154 166 175 178 196 213 214 226 235 238,0xfa74de2b7bc87771be2cd0f015d795593e408c115f2343b0514f19ae1f25a52e,,1
77,186,23509060,0x3e1f0000000000000000000f800001f0f8039,57,0 14 35,63,40,0 4 7 15 16 17 43 45 46 60 64 67 75 76 77 103 105 106 120 124 127 135 136 137 163 165 166 180 184 187 195 196 197 223 225 226 240 244 247 255,0xad2cadd57e2c9074bb73faf524bd887eae9240df85c868c1462cc6a842f93d2f,,1
77,187,23590782,0x1fdd,29,0 50 7,18,10,0 1 60 61 120 121 180 181 240 241,0x45106484128b461aca89cf013fe40a14c530767bb9f9cb2c421bfee1111b02bf,,1
77,188,23590929,0x1ff6,54,0 11 32,37,20,0 1 2 3 60 61 62 63 120 121 122 123 180 181 182 183 240 241 242 243,0x62c26e642a69cfdc557c20d22baa9c208a16935611baafe583c21e506d0513f7,,1
77,189,23647531,0xf80000000f80000000f80000000f80000000f803b,59,0 16 37,40,25,4 16 28 39 40 52 64 76 88 99 100 112 124 136 148 159 160 172 184 196 208 219 220 232 244,0xb9671125f05503f4a7c67f88213c0613bb7e5ad1f04bfd20963e26fc2d8dac04,,1
77,190,23791765,0xf80000000f80000000f80000000f80000000f8007,7,0 28 49,63,39,3 4 15 16 27 28 40 51 52 63 64 75 76 87 88 100 111 112 123 124 135 136 147 148 160 171 172 183 184 195 196 207 208 220 231 232 243 244 255,0x28d090df06e8f276795619eda5c2cf02141714999ef6a44d2b48af62e7b839b8,,1
77,191,23974789,0xf80000000f80000000f80000000f80000000f8018,24,0 45 2,40,25,4 16 28 39 40 52 64 76 88 99 100 112 124 136 148 159 160 172 184 196 208 219 220 232 244,0x4e1f782e9b8c96530147bfb26d7738bf882c8efbc8ac01e00ff20b0141714760,,1
77,192,24375632,0x7c3e1f0f87c000000001f,31,0 52 9,66,38,13 15 16 18 19 21 22 24 25 73 75 76 78 79 81 82 84 85 133 135 136 138 139 141 142 144 145 193 195 196 198 199 201 202 204 205 253 255,0x7da1f4ded09b1a2caef60c9ca90cada0335128c435daf931c1f3f702fa283cda,,1
77,193,24500228,0x7c3e1f0f80000000f8034,52,0 9 30,56,31,3 4 5 16 19 22 25 63 64 65 76 79 82 85 123 124 125 136 139 142 145 183 184 185 196 199 202 205 243 244 245,0x2e5a0ab16ee2e9fed5e2f55f776565706a7da413cff64877365aac4ed8a8aa38,,1
77,194,24500253,0x7c3e1f0f80000000f8036,54,0 11 32,83,47,0 4 15 16 18 19 21 22 24 25 26 60 64 75 76 78 79 81 82 84 85 86 120 124 135 136 138 139 141 142 144 145 146 180 184 195 196 198 199 201 202 204 205 206 240 244 255,0x1746c278be33df032d431fdf98907ea0c2ed71e76ffdbeea6c1abf37a71c3771,,1
77,195,24500274,0x7c3e1f0f80000000f8028,40,0 61 18,51,30,3 4 16 17 19 22 25 63 64 76 77 79 82 85 123 124 136 137 139 142 145 183 184 196 197 199 202 205 243 244,0x817d0532ce92c8cfe87332403d446a24ae2f6f2416e39d31c688540e2178e719,,1
77,196,24552132,0x7c3e1f0f80000000f8013,19,0 40 61,81,46,4 15 16 18 19 20 21 22 23 24 25 64 75 76 78 79 80 81 82 83 84 85 124 135 136 138 139 140 141 142 143 144 145 184 195 196 198 199 200 201 202 203 204 205 244 255,0x8d97512721bdaac3cdad026cbe89219de6d9c3da5d8b95d49e6d9aa789d124dc,,1
77,197,24654578,0x7c3e1f00000001f0f8027,39,0 60 17,56,32,3 4 6 7 19 22 25 63 64 66 67 79 82 85 123 124 126 127 139 142 145 183 184 186 187 199 202 205 243 244 246 247,0x4e0f951748738e76c31b29f3467ae1e9713c6be6bd92019752d8af99ae09410d,,1
77,198,24654597,0x7c3e1f00000001f0f8013,19,0 40 61,61,34,4 7 18 19 21 22 24 25 64 67 78 79 81 82 84 85 124 127 138 139 141 142 144 145 184 187 198 199 201 202 204 205 244 247,0x5861e2891f5e30a733597f542324ebf042da11980d47b9ccc16791eb4aa78afc,,1
77,199,24691771,0x7c3e1f00000001f0f8039,57,0 14 35,56,32,3 4 6 7 19 22 25 63 64 66 67 79 82 85 123 124 126 127 139 142 145 183 184 186 187 199 202 205 243 244 246 247,0xc6fb53b46a925f281c712e9ad8acfe79dd28cd54d78d854798b67ca5e530fb9e,,1
77,200,24733823,0x7c3e1f00000001f0f801a,26,0 47 4,71,39,4 5 7 18 19 21 22 24 25 64 65 67 78 79 81 82 84 85 124 125 127 138 139 141 142 144 145 184 185 187 198 199 201 202 204 205 244 245 247,0xa2563e04838b736de90b4f6457041811e44c76397e2e39a35d923004a59590b0,,1
77,201,24769394,0x7c3e1f00000001f0f803a,58,0 15 36,82,46,0 3 4 6 7 8 19 22 25 26 60 63 64 66 67 68 79 82 85 86 120 123 124 126 127 128 139 142 145 146 180 183 184 186 187 188 199 202 205 206 240 243 244 246 247 248,0x0cc083bf7f569a41d4c4745312d99b7bc6b48a8b2e13b1b3828f8136f22e312e,,1
77,202,24769412,0x7c3e1f00000001f0f8003,3,0 24 45,63,35,4 7 18 19 21 22 24 25 64 67 78 79 81 82 84 85 124 127 138 139 141 142 144 145 184 187 198 199 201 202 204 205 244 247 571,0xb854be8ead7c1a69fcb9502af189ca0003625a74d455f4cadc38b5412f71bd60,571,1
78,1,22838267,0x1fe0000000000000000000000003b,59,0 16 37,12,8,34 35 94 95 154 155 214 215,0x75b8819dd96fbfeb4926c171e490c5dbeb5b772f415a71fceb17f97b5537cd59,,1
78,2,22876692,0x1fe00000000000000000000000039,57,0 14 35,20,12,33 34 35 93 94 95 153 154 155 213 214 215,0x2ee3b5af12212a10a30852da5962439bf5e4504e329f0370eb2e01de7be07f4e,,1
78,3,22979018,0xf800000000000000000000000000000000000000d,13,0 34 55,7,4,52 112 172 232,0x5001503d1c9631aa03ffe3519164f3ec0d9b967d70a9c1616bc7b6f9650df1b7,,1
78,4,23101495,0x1f000000000000000000000013,19,0 40 61,5,4,31 91 151 211,0x499b540bab443b9bb180df0f313c35171972d289c2bcdd47a537a8549a848efb,,1
78,5,23158994,0xf8007,7,0 28 49,9,5,4 64 124 184 244,0xb833fc6e0d0c62bda192a68748d545055df40b943a69ab98aec7b3a35d63004c,,1
78,6,23160378,0x1f000008,8,0 29 50,8,5,7 67 127 187 247,0x7d429018842ea2bab4c14fe4f28117fa3ae998dd10eff0f4bf2f6d86a6ed3be6,,1
78,7,23160429,0x3e00000030,48,0 5 26,10,5,10 70 130 190 250,0x9eb38a4405cfd57c84bf762b03f9c2cb284f1b7700121e389e0938c904824b62,,1
78,8,23160471,0x7c000000001c,28,0 49 6,18,10,0 13 60 73 120 133 180 193 240 253,0x485336fb753c0af008354191ec3f9c1136c80a021007595d5567713e29b2baf2,,1
78,9,23160527,0xf800000000003c,60,0 17 38,6,4,16 76 136 196,0xeddc4375f928cc7746fa5692ec302246b17e8f05648613969bf01d0eaecb3a72,,1
78,10,23160590,0x1f00000000000002f,47,0 4 25,5,4,19 79 139 199,0x52b861f5da3076456b6eae7a8a3329d1e9f79ffeb68ff4e0c8218fe6820d74e5,,1
78,11,23160643,0x3e0000000000000001b,27,0 48 5,8,4,22 82 142 202,0xf87df91cdbaeb01e4db2a15005b8dc9ab66959ce677543d8650c6a8f61f1e7d2,,1
78,12,23160694,0x7c000000000000000003b,59,0 16 37,8,4,25 85 145 205,0xfc3065ce95946c0ffe6aa53b517dd1747c67422a4009a5561c605ebcf8a063e5,,1
78,13,23160751,0xf8000000000000000000023,35,0 56 13,15,9,0 28 60 88 120 148 180 208 240,0xc3ce2b8ce752535ca69fdbbe33a0a64e2dd90154bd5c5f3ce702278a0d417d8f,,1
78,14,23160799,0x1f000000000000000000000017,23,0 44 1,8,8,30 31 90 91 150 151 210 211,0x69ad47d4d8979e870643f5057e144ba4bc9214f5c7eab1ed8469b0649ceb11f7,,1
78,15,23160855,0x3e00000000000000000000000032,50,0 7 28,6,4,34 94 154 214,0x7704bb3ad9835afa88448933c7a6ba88cc42472e40d2fa30b01315fc5943c328,,1
78,16,23160912,0x7c0000000000000000000000000004,4,0 25 46,13,8,36 37 96 97 156 157 216 217,0x3705fed9fe84bf6d62e62c029423716c8e036cbba74585ea350442c64088ff97,,1
78,17,23160967,0xf8000000000000000000000000000014,20,0 41 62,8,4,40 100 160 220,0xb93ff2dd13e0e0ce7d26456b05be57a880c93a027ad5568eeca393f2e8bb903f,,1
78,18,23161003,0x1f00000000000000000000000000000000b,11,0 32 53,7,4,43 103 163 223,0x69a8cc411fd4cbd2f1d1d6c31dc8ec8fc6fe8af57eb6a888c7a9f72bb7484b30,,1
78,19,23161054,0x3e00000000000000000000000000000000027,39,0 60 17,6,4,46 106 166 226,0x416ecdb3a55385f4c994ec907bcc45adcbf9a16382192a57abc87bed8e87cb27,,1
78,20,23161112,0x7c000000000000000000000000000000000003b,59,0 16 37,6,4,49 109 169 229,0xcde88b884a3e7c26129d058f1ac170dedecdcbdb793762a01455b55ed2ee60e8,,1
78,21,23161156,0xf800000000000000000000000000000000000003c,60,0 17 38,20,13,0 51 52 60 111 112 120 171 172 180 231 232 240,0xc7c3345427499ced6cb70b5e304af16d653f0d23b8a3efbf18e88c8ee60b700e,,1
78,22,23161211,0x1f000000000000000000000000000000000000000024,36,0 57 14,7,4,55 115 175 235,0xaf19b19fd4a431dbd21a8583f1dc022d4f4741bc23203923fce3fb359590d594,,1
78,23,23161260,0x3e0000000000000000000000000000000000000000003c,60,0 17 38,8,4,58 118 178 238,0xef03f1a9bc2d20ced2b4f72d47ac8085a37653dce1a44c3877d1acfc05b2df78,,1
78,24,23161322,0x3e0000000000000000000000000000000000000000002a,42,0 63 20,13,8,57 58 117 118 177 178 237 238,0xf334427d9432676fd8fe12e7f552f4a91a8bd275e508f3a1aaa9bc87270b1ec4,,1
78,25,23161369,0x1f000000000000000000000026,38,0 59 16,5,4,31 91 151 211,0x35e79fa16fcdf83182d811d781c5b787e4b1c8c078d563809139262f60df60a4,,1
78,26,23161438,0x1f00000000000000000000001d,29,0 50 7,8,8,30 31 90 91 150 151 210 211,0xf981ed3f9f9b8d0226345dd817561ead4daf06ac39f2f0f26ec3e861e6b60cd1,,1
78,27,23210382,0xf801c,28,0 49 6,29,15,0 3 4 60 63 64 120 123 124 180 183 184 240 243 244,0x7e16633ff3aaf3118c3ddd7571151db2115bbdb2ee4aab7e316dee8f27f6535c,,1
78,28,23210425,0x1f00003f,63,0 20 41,16,10,6 7 66 67 126 127 186 187 246 247,0x8558fba23d304aefbd26f7df5b7f861d0e9b074ffcbb055660865174db368d8b,,1
78,29,23210476,0x3e0000000b,11,0 32 53,19,10,9 10 69 70 129 130 189 190 249 250,0xd68911658e37c84fa5c22b70b230b6cb475637b5d12f46a76c968141d9b43cd5,,1
78,30,23210518,0x7c0000000036,54,0 11 32,17,10,12 13 72 73 132 133 192 193 252 253,0x4d6f7a274402a09c26899b7c6a971658392fa8a64788875b461c0ac68f21c06e,,1
78,31,23210562,0xf8000000000008,8,0 29 50,14,9,15 16 75 76 135 136 195 196 255,0xe1bb1871896de0df88dd1541731f5396c1c91fa12c5925bd69546574543c14bc,,1
78,32,23210601,0x1f00000000000002b,43,0 0 21,12,8,18 19 78 79 138 139 198 199,0x89be3726e707dbcd9d1afa7ec2ba729aac85d7dad60058f37914b647eb429e72,,1
78,33,23210647,0x3e00000000000000002,2,0 23 44,16,8,21 22 81 82 141 142 201 202,0x756c4e6ec4e75e472d50b91d3bca66ac16429f11edc9506b10363d05a3b76b92,,1
78,34,23210692,0x7c0000000000000000029,41,0 62 19,26,13,0 24 25 60 84 85 120 144 145 180 204 205 240,0xd2d2c86efe0af98a9481d1e8e9f7592bec58d773cad62e381778e673dcbefc99,,1
78,35,23210732,0xf8000000000000000000013,19,0 40 61,12,8,27 28 87 88 147 148 207 208,0xc2a2309163ff9c2794e2806edfc87e18a4e999d3dcf74ade285fc7ca2e41faba,,1
78,36,23210783,0x1f000000000000000000000016,22,0 43 0,5,4,31 91 151 211,0x2c3bf76b3bc14879a80102da141fead52253d79f3f4c368ca0fb30c94af2211a,,1
78,37,23211069,0x7c000000000000000000000000002f,47,0 4 25,5,4,37 97 157 217,0x8dfe2890c94965c3fee0aad4bbe5d7e0af47eedb3d32bf6bd0a5c4c7cc8518b9,,1
78,38,23211122,0xf8000000000000000000000000000003,3,0 24 45,13,8,39 40 99 100 159 160 219 220,0xfe4a8d1afd08c82ffcbfd681f829edd7a334d71cb145ce5912700e1286c57653,,1
78,39,23211163,0x1f000000000000000000000000000000035,53,0 10 31,13,8,42 43 102 103 162 163 222 223,0x1e7ba63599ae6eecd99e0f9ebbe1472c9a12b9d6adc51973791c06cc1c3b3964,,1
78,40,23211203,0x3e00000000000000000000000000000000005,5,0 26 47,10,8,45 46 105 106 165 166 225 226,0x2b8568b8fc357c700a07d74f70b5e6de1efcb055ea0f39c930e7bc5d3900f2c6,,1
78,41,23211249,0x7c0000000000000000000000000000000000027,39,0 60 17,14,8,48 49 108 109 168 169 228 229,0xb3f096e10ab6994bb9d1d3ad3ef42a705fc2b6cc4b3984d3e1dec91556a63498,,1
78,42,23211282,0xf800000000000000000000000000000000000001a,26,0 47 4,7,4,52 112 172 232,0x6aed426a00d3571eebd1214ac38d6c9cc6f37fe8c65aa9067129512d2d8d5565,,1
78,43,23211343,0x1f000000000000000000000000000000000000000013,19,0 40 61,22,13,0 54 55 60 114 115 120 174 175 180 234 235 240,0x678b1cf9f68d8dba6e89bc6dfb488180235feef8d803371b67f1c9f409fd9957,,1
78,44,23211397,0x3e0000000000000000000000000000000000000000001d,29,0 50 7,8,4,58 118 178 238,0x835525522600799bd596dc20ece471192b83891e0e362a9aa36857f343c1d165,,1
78,45,23211449,0xf8000000000000000000000000000021,33,0 54 11,8,4,40 100 160 220,0x290f9fefe081b0efb936e55e71204515634d03949d5598bd6cf4b9ae49ba02b0,,1
78,46,23211519,0x3e0000000000000000000000000000000000000000003d,61,0 18 39,13,8,57 58 117 118 177 178 237 238,0x7e137a02cd333a893a18c0e3c631943004448835f8bc30d0db9bf577e1cb938a,,1
78,47,23214154,0xf8028,40,0 61 18,9,5,4 64 124 184 244,0x2286d81bfcf70c8b5328e2d9c6966e4d85aeb479b636c93fcb23e479f697c67b,,1
78,48,23214196,0x1f00000000000000000000001d,29,0 50 7,8,8,30 31 90 91 150 151 210 211,0x719a358f6a22691a7ac5d87952c52ed94bef33e4df77277e792d0c55fad8c386,,1
78,49,23214222,0x1f000000000000000000000007,7,0 28 49,5,4,31 91 151 211,0x8b802943713464fcf97d3541254c4de63d09135fc19c35ac45c8d313a2138908,,1
78,50,23214269,0x1f000000000000000000000007,7,0 28 49,8,8,30 31 90 91 150 151 210 211,0xcf8ac9bbcecba79da366545e5fa33dc94636a20822447548828cc5d099701b4f,,1
78,51,23214742,0xf800f,15,0 36 57,19,10,3 4 63 64 123 124 183 184 243 244,0x7308626f494dc3d9b6069d0308ac6e02c47ad2a34371048e4324768fcaa7b7b8,,1
78,52,23447603,0xf8000000000000000000000000000000000000000,0,0 21 42,10,8,51 52 111 112 171 172 231 232,0x6075fd08527ed4af025a5572fd4eb1ab86564c38bea303e8058dd24f9cfa4bdc,,1
78,53,23455382,0xf80000000f80000000f80000000f80000000f802b,43,0 0 21,50,30,0 4 16 28 39 40 52 60 64 76 88 99 100 112 120 124 136 148 159 160 172 180 184 196 208 219 220 232 240 244,0xc356b451da97ec85903db7dcd9e98c2c89366bd7f2ac4e039865d4d01a094033,,1
79,1,22853878,0xfe00000000000000000000000000000000000000000003,3,0 24 45,8,4,58 118 178 238,0xe5936971863e4f8d753637425b951521b27b3975e6b33c05d373260d658f7658,,1
79,2,22863538,0x1fe00000000000000000000000000000000031,49,0 6 27,11,8,46 47 106 107 166 167 226 227,0x1c36915780c841646f7eb6c3b6257ddd76ff99f01386e3e331d85583dd4078f1,,1
79,3,22877752,0x7f800000000000000000001a,26,0 47 4,10,8,28 29 88 89 148 149 208 209,0x0cbd619950008f986bf226ab05432932973dde453f43f53f0d72b3e3c4d84c1e,,1
79,4,22968889,0xf8037,55,0 12 33,9,5,4 64 124 184 244,0x4f6758b11b33681457f7c8b2c53cc400cfe0bf86fbccb943ff61364cf2d77bb5,,1
79,5,23005224,0xff000024,36,0 57 14,18,10,7 8 67 68 127 128 187 188 247 248,0xf2713407121299a2658505e8b229ff549caf37a9c3be4d4e35ef354c08f2805e,,1
79,6,23005252,0x7f8000000000026,38,0 59 16,11,8,16 17 76 77 136 137 196 197,0x4c5d2e83039d256ead383e40381d1feb0dc59ff0246a0205db2ca60146e341ac,,1
79,7,23005282,0x1fe00000000000000030,48,0 5 26,26,13,0 22 23 60 82 83 120 142 143 180 202 203 240,0xaec83677d1d6fb5a8ad4d3e4c9182d86facea5f32d0333f246c6df2ace5db2c8,,1
79,8,23005331,0xff00000000000001c,28,0 49 6,26,16,18 19 20 21 78 79 80 81 138 139 140 141 198 199 200 201,0xfd790b0c3a337c262b79bc57f0eae3d961ff6c03e9b06b94a7e3c5eaaf9d8261,,1
79,9,23009675,0xf803a,58,0 15 36,19,10,3 4 63 64 123 124 183 184 243 244,0x2f516ab0caa6c72d17edbcb3ab779d75b5ef4d45530075a99af0fb3e09e56fcd,,1
79,10,23009701,0x3e0000000c,12,0 33 54,19,10,9 10 69 70 129 130 189 190 249 250,0x87f7a7ddc2f9a4b72d8a7790395895129ff7d8e1fda98d9ed4db322f2628a4e5,,1
79,11,23009723,0x7c000000003a,58,0 15 36,8,5,13 73 133 193 253,0x985b6c1c96e5ab6e4e4513013410b5b9bdf32d86d7457e61f25f75d6c04ac072,,1
79,12,23009758,0x7c000000000000000003b,59,0 16 37,26,13,0 24 25 60 84 85 120 144 145 180 204 205 240,0x726a88333e93b35e6cb01449b00aea9c88f62450268f772e846aefeb2127b8c7,,1
79,13,23009805,0xf8000000000000000000023,35,0 56 13,12,8,27 28 87 88 147 148 207 208,0x097a4fd91832a0f76cb20a0e3ec20df53e59e35f774a046da62b485780570010,,1
79,14,23009836,0x1f000000000000000000000017,23,0 44 1,8,8,30 31 90 91 150 151 210 211,0x4e4b376930fc95fea341284b1c315b2539b048b8fe84fa962991f6ea489b228c,,1
79,15,23009876,0x7c000000000000000000000000000e,14,0 35 56,5,4,37 97 157 217,0xd8da24558dfde712de1ba3f2c9e7710a36febaa6bdd6d4bd3aa4ab30b96934b7,,1
79,16,23009913,0xf800000000000000000000000000000e,14,0 35 56,8,4,40 100 160 220,0x71423b93ddc04f33559b9c3b0344049d53abb57ca3c9f0c41f2d13ca408cbc39,,1
79,17,23009941,0x1f000000000000000000000000000000013,19,0 40 61,7,4,43 103 163 223,0xec953065cf72acec72fc2b09eaab5766830a672104ae30a5d6570b8697444182,,1
79,18,23009967,0x3e00000000000000000000000000000000010,16,0 37 58,10,8,45 46 105 106 165 166 225 226,0x7f4fa398e6829efcbee656000a2d3b0d0076e91eb07cec6893d329ae8d5c24d1,,1
79,19,23009991,0x7c0000000000000000000000000000000000028,40,0 61 18,14,8,48 49 108 109 168 169 228 229,0x60c84c88a952c7b67873f8b15d2db6daec31d135874dcbad42a2001179e31961,,1
79,20,23010015,0x3f8000000000000000000000000000000000000015,21,0 42 63,7,4,52 112 172 232,0x9af1dd6c406772c20d987b6d64be7f176e01e51276b4ff41efddba5376867103,,1
79,21,23010038,0x1f00000000000000000000000000000000000000002a,42,0 63 20,22,13,0 54 55 60 114 115 120 174 175 180 234 235 240,0xa927148552da556d4f195d60598ded43378337d717ca8526f32b31fc49a1feb2,,1
79,22,23010067,0x3e0000000000000000000000000000000000000000001b,27,0 48 5,13,8,57 58 117 118 177 178 237 238,0xe979360c7a84e6fbfb9ec2907f0d9622accfe5bb76cd7a4c96c07cf5942a8cf4,,1
79,23,23010139,0x3e00000000000000000000000024,36,0 57 14,6,4,34 94 154 214,0x04b69b9ad2d180ec95eaefe5f2a64f53f6697b2d036c1a8abdd4bbb588b4785f,,1
79,24,23047200,0x1f00003c,60,0 17 38,16,10,6 7 66 67 126 127 186 187 246 247,0x91f1064b2bd839f0db01dd80419a0b1b58f7ec24cdbd66ca41da5cbcbb41087f,,1
79,25,23047224,0x3f800000000001c,28,0 49 6,14,9,15 16 75 76 135 136 195 196 255,0xa2159ea7f058f8c6bbc2c2a534c90bfc8093c2d57846468fd183b7e4d964e484,,1
79,26,23047250,0x3e00000000000000004,4,0 25 46,8,4,22 82 142 202,0xfa1f6a0251d6851617add03fdadc74d764f397238c5f304df71c523a5ba09e8d,,1
79,27,23047276,0x1f000000000000021,33,0 54 11,12,8,18 19 78 79 138 139 198 199,0xa86351c739af133530944e3b5cb42a847e55fa918caa3c501c0721bdd913063d,,1
79,28,23047386,0xf8024,36,0 57 14,19,10,0 4 60 64 120 124 180 184 240 244,0x77056ae75022ce12b90b5ac0dfe211751807d3e145e66a3fb964f546cc4294a0,,1
79,29,23047415,0x3e0000000b,11,0 32 53,10,5,10 70 130 190 250,0x9d57331e15ffd3cdd4ad94028a0c42fd9f019f5402042ac9f15859b98eb7c7f9,,1
79,30,23047439,0x7c0000000036,54,0 11 32,17,10,12 13 72 73 132 133 192 193 252 253,0x9f48eaadffa7c126611b123496c39139a7264a737a584cc2d6c6f5baf8f44501,,1
79,31,23047465,0x7c0000000000000000025,37,0 58 15,8,4,25 85 145 205,0x679d0e39650072749dd881eed84c1504059e90a8157d6905023571118fbc785d,,1
79,32,23047488,0x3e00000000000000000000000038,56,0 13 34,14,8,33 34 93 94 153 154 213 214,0xed500fccdcb4499b50939da6c1f69003f39f8a18bfe49d38656cb115bd455dc5,,1
79,33,23047511,0x1f000000000000000000000002,2,0 23 44,5,4,31 91 151 211,0x9b581286591c529fa116231fe44edbdddccc5dbc9bff4e65f6a62c0a8af493ed,,1
79,34,23047542,0xf8000000000000000000034,52,0 9 30,5,4,28 88 148 208,0x765d2e88f9eb97a12084b0694ade8a05bdeb3f708bc519071888f56e01b9f06b,,1
79,35,23047563,0x3e00000000000000000000000000000000023,35,0 56 13,16,9,0 46 60 106 120 166 180 226 240,0x958cbaf398b4acb0bbeba4db6c03ddf9254ead692bbd1f61ce0b7443508a4120,,1
79,36,23047588,0x1f000000000000000000000000000000020,32,0 53 10,13,8,42 43 102 103 162 163 222 223,0x4b0c4bec7ed0f1311a2498fb7858842d7e6820258f3a964a56a78422b4cf7173,,1
79,37,23047613,0xf8000000000000000000000000000032,50,0 7 28,13,8,39 40 99 100 159 160 219 220,0xf6c37c5b8835298775260f9f88d78743fd95454e260761e0957682b5edbf02bf,,1
79,38,23047643,0x7c000000000000000000000000002d,45,0 2 23,13,8,36 37 96 97 156 157 216 217,0x8c07cec9fb935287af97369301c27a0285f775838e9848059f6ed4ac3aab665c,,1
79,39,23047671,0x1f000000000000000000000000000000000000000004,4,0 25 46,7,4,55 115 175 235,0x7670449389dcdb1f07970907fdf7ee49e7649921af857821c8372bf8f7733b58,,1
79,40,23047695,0xf8000000000000000000000000000000000000029,41,0 62 19,10,8,51 52 111 112 171 172 231 232,0x569d9f96fe0635d35bd2bbfcb80a3b3af98bcf0d6233c4ac6a71ded7a0177bdc,,1
79,41,23047721,0x7c0000000000000000000000000000000000027,39,0 60 17,6,4,49 109 169 229,0x631c480f1ab87c9f318b540bf35609452a48aad24cabc8401aac119b11f1a256,,1
79,42,23047748,0x3e0000000000000000000000000000000000000000003f,63,0 20 41,18,9,0 58 60 118 120 178 180 238 240,0x4c8583b56bf8599ebe08f075dcac62e8801a31723ce1d4daec93c4c70adaad85,,1
79,43,23205259,0x3e00000000000000000000000000000000035,53,0 10 31,10,8,45 46 105 106 165 166 225 226,0x85c2fc69e2b71831975be38184dcdc47c90ce631937a768d259f75748342b024,,1
79,44,23227523,0x1f000031,49,0 6 27,8,5,7 67 127 187 247,0x64d0e6e081fab15e10bc8f48a992e67e122c25ac25cafe984daf6c8902e580f6,,1
79,45,23348161,0x3e00000000000000000000000000000000037,55,0 12 33,6,4,46 106 166 226,0x64b0ca99908928e516f2284f40abfad70a4327967ad137386d30a5065d03832d,,1
79,46,23348455,0x7c000000000000000000e,14,0 35 56,16,8,24 25 84 85 144 145 204 205,0xb9fb58910bb7d6fa863e21c7d1ac4d386021002bcbb13a325b122190903e485d,,1
79,47,23456737,0x3e0000000000000000000000000000000000e,14,0 35 56,10,8,45 46 105 106 165 166 225 226,0x55f9ca390f7ecc42fbf61474e4addacde098616fa9c6ec9ef0ed7eb1dcc43a33,,1
79,48,23476635,0xf80000000f80000000f80000000f80000000f801d,29,0 50 7,52,30,3 4 16 27 28 40 52 63 64 76 87 88 100 112 123 124 136 147 148 160 172 183 184 196 207 208 220 232 243 244,0xeaeab35fd33ead902c40bae373ca3f7a2aaccb62f2eab1903fd012a6675c175c,,1
79,49,23509116,0x3e1f0000000000000000000f800001f0f803c,60,0 17 38,62,37,0 4 6 7 15 16 43 46 60 64 66 67 75 76 103 106 120 124 126 127 135 136 163 166 180 184 186 187 195 196 223 226 240 244 246 247 255,0x1faa53d3430a279b587948b169d8c36be4950f23b4046ca4989a5cebf8b435a3,,1
79,50,23565205,0x1fcc,12,0 33 54,8,5,1 61 121 181 241,0x0a1affe69639407e6eaa34c591758830536d34ac0b79e8f122695069b0024f12,,1
79,51,23647563,0xf80000000f80000000f80000000f80000000f8016,22,0 43 0,63,39,0 3 4 16 28 39 40 51 52 60 63 64 76 88 99 100 111 112 120 123 124 136 148 159 160 171 172 180 183 184 196 208 219 220 231 232 240 243 244,0x11bb62216f9d2fefe90eef80a260f7c7cdd664052e92d0293cd9e5178c94c2db,,1
79,52,23791792,0xf80000000f80000000f80000000f80000000f8010,16,0 37 58,50,30,4 15 16 27 28 40 52 64 75 76 87 88 100 112 124 135 136 147 148 160 172 184 195 196 207 208 220 232 244 255,0xfd5929a3808deb5d523e1a0f8e91699349395445be30afb2aa2a8ae11f311ab3,,1
79,53,23974809,0xf80000000f80000000f80000000f80000000f802b,43,0 0 21,63,42,3 4 16 17 28 39 40 51 52 53 63 64 76 77 88 99 100 111 112 113 123 124 136 137 148 159 160 171 172 173 183 184 196 197 208 219 220 231 232 233 243 244,0x4984b99d97d86ce685dba297bf6e2d287cdb1dbc3b4ca0ddda1e5ef8c18c2f07,,1
79,54,24375657,0x7c3e1f0f87c000000002e,46,0 3 24,58,34,13 15 16 18 19 21 22 25 73 75 76 78 79 81 82 85 133 135 136 138 139 141 142 145 193 195 196 198 199 201 202 205 253 255,0x537e19340b01afeec467eb19fefed7889392d4b5c1f2916a1ab9768a2a6872fe,,1
79,55,24375673,0x7c3e1f0f87c0000000026,38,0 59 16,52,30,12 13 16 19 22 24 25 72 73 76 79 82 84 85 132 133 136 139 142 144 145 192 193 196 199 202 204 205 252 253,0xab823e49b2f2db34aa2cdfcf05176209928b8b59c239a5a0aadd74a1b75de8f1,,1
79,56,24500315,0x7c3e1f0f80000000f800f,15,0 36 57,69,39,4 5 15 16 18 19 21 22 25 64 65 75 76 78 79 81 82 85 124 125 135 136 138 139 141 142 145 184 185 195 196 198 199 201 202 205 244 245 255,0xfac656c2f59099417ff1845e40efdd5f26777924f243020ad5338a4785bdf86d,,1
79,57,24500337,0x7c3e1f0f80000000f801a,26,0 47 4,54,30,3 4 16 19 22 24 25 63 64 76 79 82 84 85 123 124 136 139 142 144 145 183 184 196 199 202 204 205 243 244,0xa2ef3b3d883a9a7c892aca22be0162421a635679ba8583270650d682d29b3503,,1
79,58,24552182,0x7c3e1f0f80000000f800b,11,0 32 53,59,34,4 15 16 18 19 21 22 25 64 75 76 78 79 81 82 85 124 135 136 138 139 141 142 145 184 195 196 198 199 201 202 205 244 255,0x260c2533e96e3267491fc0df3b587693777322cce3d940e68de84e4df3439149,,1
79,59,24552200,0x7c3e1f0f80000000f803d,61,0 18 39,70,39,0 3 4 16 19 22 24 25 26 60 63 64 76 79 82 84 85 86 120 123 124 136 139 142 144 145 146 180 183 184 196 199 202 204 205 206 240 243 244,0xd1dc102d575f0dfb4794d80e82e0633865771c1eb2744c080cbaba729f4da0dd,,1
79,60,24654625,0x7c3e1f00000001f0f8036,54,0 11 32,75,43,4 6 7 18 19 20 21 22 23 25 64 66 67 78 79 80 81 82 83 85 124 126 127 138 139 140 141 142 143 145 184 186 187 198 199 200 201 202 203 205 244 246 247,0x3cf55e36069849593ec5aea6e1400279b6c70b3df94f4dba29adc9df59aa7819,,1
79,61,24654643,0x7c3e1f00000001f0f801f,31,0 52 9,56,31,3 4 7 19 22 24 25 63 64 67 79 82 84 85 123 124 127 139 142 144 145 183 184 187 199 202 204 205 243 244 247,0xcc991008377e77fe021e080ea79d95eadba4e26f13997a5c462e7777337dc7d1,,1
79,62,24691798,0x7c3e1f00000001f0f802a,42,0 63 20,61,35,4 6 7 18 19 21 22 25 64 66 67 78 79 81 82 85 124 126 127 138 139 141 142 145 184 186 187 198 199 201 202 205 244 246 247,0x9ca47b0fd877c6154c666a5c9e9a7c25cb818da8d408516d60b27de628ad971e,,1
79,63,24733866,0x7c3e1f00000001f0f8038,56,0 13 34,66,36,3 4 5 7 19 22 24 25 63 64 65 67 79 82 84 85 123 124 125 127 139 142 144 145 183 184 185 187 199 202 204 205 243 244 245 247,0x1fdbecb47b7c056a5508c03a913244dde40c1de7d246c667c8286f96382c0d37,,1
79,64,24733888,0x7c3e1f00000001f0f800e,14,0 35 56,71,40,4 6 7 8 18 19 21 22 25 64 66 67 68 78 79 81 82 85 124 126 127 128 138 139 141 142 145 184 186 187 188 198 199 201 202 205 244 246 247 248,0x93e629406c46b5c0d7c8ac1a57b37df4a7018a411e196830c6fabe68f1ecb090,,1
79,65,24769437,0x7c3e1f00000001f0f802d,45,0 2 23,68,37,0 3 4 7 19 22 24 25 60 63 64 67 79 82 84 85 120 123 124 127 139 142 144 145 180 183 184 187 199 202 204 205 240 243 244 247 571,0x5b5bcec64a06e6172149a5f8887062a8c0a084fd8fbcbc650b2882dae6fb716f,571,1
79,66,24769457,0x7c3e1f00000001f0f801c,28,0 49 6,67,39,4 6 7 18 19 21 22 25 26 64 66 67 78 79 81 82 85 86 124 126 127 138 139 141 142 145 146 184 186 187 198 199 201 202 205 206 244 246 247,0x13f3744a0c2aa7400ec417e1c503d12105c9284763ee87f4480fd520fddd587d,,1
80,1,22838669,0x3e0000000000000000000000000000000000000000001a,26,0 47 4,8,4,58 118 178 238,0xaf05ac1ce4056b5302d5e0b9afc20b41ca46adb782a1acc393af9c768bc310ea,,1
80,2,22838805,0x3f8000000000000000000000000000000000000033,51,0 8 29,7,4,52 112 172 232,0x06b19423dea6d65fb9cc6e5a71552104ac66f6b510df5b18e8fe043ab9edcf5f,,1
80,3,22842468,0x1fc000000000000000000000000000000000002c,44,0 1 22,6,4,49 109 169 229,0xd612aa8311d9fe24187a9a702dd6a098755c593feb6a6cbed0d498458e137b11,,1
80,4,22847891,0x3f8000000000000000000000000000000000000028,40,0 61 18,15,12,51 52 53 111 112 113 171 172 173 231 232 233,0x1f731ac9386ed823be68849eb284124be8b70a16aa3d9d061badc911464c0c9f,,1
80,5,22903021,0xf8007,7,0 28 49,9,5,4 64 124 184 244,0x26a3c3ea48bb5f2c530fae92b701c98e1027e27bdfeb9209231232bcc055d501,,1
80,6,23173270,0xf8000000000004,4,0 25 46,6,4,16 76 136 196,0xf9a01ba52c8d6f02cffd35bcc517262d641ee986909aabed5a4d4d081adfbd98,,1
80,7,23217751,0x7c0000000000000000000000000000000000000,0,0 21 42,14,8,48 49 108 109 168 169 228 229,0x37bb7d4c39675b01cbffb53090d906a69623f29ea61eca632cc52c243956b7ea,,1
80,8,23218101,0x7c0000000000000000000000000000000000035,53,0 10 31,16,9,0 49 60 109 120 169 180 229 240,0x206b8a24fe7828074f4a62496bdbf739419edd063a0d9bc72deaf768d9c4e8d9,,1
81,1,22838780,0x3fc0000000000000000033,51,0 8 29,14,8,25 26 85 86 145 146 205 206,0xb9880e90e650a94455c2ce12c4950d22ca9746d2e04ab1b91ed8d15f3edf5a60,,1
81,2,22876732,0x1fe00000000000000000000000000000000000000000036,54,0 11 32,16,8,58 59 118 119 178 179 238 239,0x94901f769b292e19402b59c044985e180830015ea64dab6e690ab037b1bd9373,,1
81,3,22979035,0x1f000000000000000000000000000000000000000008,8,0 29 50,7,4,55 115 175 235,0xd3c1a52fed0f5aa3b128b5f1a04ab55e3f201b84927ae9b427cf2c05200e5eea,,1
81,4,23101537,0x3e00000000000000000000000001,1,0 22 43,6,4,34 94 154 214,0x274a9708f89209a0397da1e2a19e652150d7fdaac9849577832fd8c60cd8aba8,,1
81,5,23159043,0xf8007,7,0 28 49,9,5,4 64 124 184 244,0x0d01c0a95d510bec1ef7bae5b4eeea4283a8e5f8b1532012b138f967f646b36c,,1
81,6,23161504,0x1f000008,8,0 29 50,8,5,7 67 127 187 247,0xeff7096d6a14b62b0ba7e7ffd1e88795fab7f6ba0260af7eb826c9e3b162a981,,1
81,7,23161551,0x3e00000030,48,0 5 26,10,5,10 70 130 190 250,0x451f3c0cd290a369b817a8eb2fba9e068477a22c90eca8571c6bc14cc6289f7a,,1
81,8,23161597,0x7c000000001c,28,0 49 6,8,5,13 73 133 193 253,0x7d85b2e89b185c6b41213fc8dc4cd861fb6759ebc91e3e8b243f61b61cc0cbcf,,1
81,9,23161642,0xf800000000003c,60,0 17 38,16,9,0 16 60 76 120 136 180 196 240,0xe00d7eb00897633ac2dc70576b1bb05386514a6e0da702523850a67da8aff89b,,1
81,10,23161704,0xf8000000000014,20,0 41 62,14,9,15 16 75 76 135 136 195 196 255,0x2721ea4ae909a80cf2ffc5743defb0796737356046c7ab9d997fafb8bf83e7f8,,1
81,11,23161764,0x1f000000000000033,51,0 8 29,5,4,19 79 139 199,0xc0f5cbe2ef19d934842a0153904ade9332b27bdab64575a93678bd6327170805,,1
81,12,23161819,0x3e00000000000000023,35,0 56 13,8,4,22 82 142 202,0x2c80bb4170f9a0a70e400b48dd0b2594ac2fbae6d34a964170482dd6c8c04b37,,1
81,13,23162501,0x7c0000000000000000000000000009,9,0 30 51,5,4,37 97 157 217,0x7af75d6dd817e9e2c498c68d21fb98dafd50529f95d50c00590628bab39f2306,,1
81,14,23162561,0xf8000000000000000000000000000018,24,0 45 2,8,4,40 100 160 220,0x14c6143ffc8f49a36e4907918e120b6c61302ae5246cb4b793071d3e7b7552dc,,1
81,15,23162607,0xf8000000000000000000000000000030,48,0 5 26,13,8,39 40 99 100 159 160 219 220,0x5a8867877e82fea3129fb9164badb6d250ee5d8e3578c3956c9370b58af4fbdc,,1
81,16,23162658,0xf800000000000000000000000000000000000002c,44,0 1 22,17,9,0 52 60 112 120 172 180 232 240,0xcc1afb86e427747670775c5f1289638acdd3944c31476f863f6d31a4aaa34354,,1
81,17,23162714,0xf8000000000000000000000000000000000000039,57,0 14 35,10,8,51 52 111 112 171 172 231 232,0xf51a218a030e6a813b44234878aae12ffa6fbae99fc29e42bd039ca1f94de664,,1
81,18,23162788,0x3e00000000000000000000000000000000000000000011,17,0 38 59,13,8,57 58 117 118 177 178 237 238,0x442e75c2c9705f59f495858bda32f43445b2d6b2250649a432f9b1b45aeabf32,,1
81,19,23162863,0xf8000000000000000000039,57,0 14 35,12,8,27 28 87 88 147 148 207 208,0x4a52b1fece973a6d69ed3d377ff765ce0ba9c83524b91a47782c3df2c48ebc89,,1
81,20,23162922,0x1f000000000000000000000026,38,0 59 16,5,4,31 91 151 211,0x7648b707713fce2a0657770331631ff62d8696b92bd7665015442bb4bb22852d,,1
81,21,23162978,0xf800000000000000000000000000000000000003c,60,0 17 38,17,9,0 52 60 112 120 172 180 232 240,0x5e35af9844acc95216c75a6c1dd4060311a59132734e6678bcaf428fe16ce7ec,,1
81,22,23163848,0x3e0000000000000000000000000000000000000000001b,27,0 48 5,8,4,58 118 178 238,0x43a5db6d07ecea5b58f9cced96f8ea5890c88027a7da682524fead224e167d1c,,1
81,23,23163910,0xf8000000000000000000000000000026,38,0 59 16,8,4,40 100 160 220,0xd5acd7da4bc742dce6cc1555d93e6ef7095c193db20821c09f38b0098fac90e9,,1
81,24,23163948,0xf800000000000000000000000000003c,60,0 17 38,13,8,39 40 99 100 159 160 219 220,0x816211760d647452f132dd592fa8716b56aad62741efab909309b5f867e67bf6,,1
81,25,23163983,0x3e00000000000000000000000028,40,0 61 18,14,8,33 34 93 94 153 154 213 214,0xf6ffb04a6ebbe77e03b048f03d95831e54c104ede2a7aad6e674ec0c77134e1f,,1
81,26,23164046,0x3e0000000000000000000000000000000000000000003c,60,0 17 38,23,13,0 57 58 60 117 118 120 177 178 180 237 238 240,0xdc7dc9f056fdf2dd238f4830e6e1a06b14d5095997fad15410bd2353c52cc7ba,,1
81,27,23211595,0xf801c,28,0 49 6,19,10,3 4 63 64 123 124 183 184 243 244,0xf2a4119e31307743392bec0058fdcca626584f69421a1855b9cea54ce411a2d1,,1
81,28,23211636,0x1f00003f,63,0 20 41,16,10,6 7 66 67 126 127 186 187 246 247,0x2b302d1c2616a91a0034773adce654c6d3491ad9a90fa506e0a4a9a7def78917,,1
81,29,23211680,0x3e0000000b,11,0 32 53,19,10,9 10 69 70 129 130 189 190 249 250,0x82e7575d420e47bd1eeeb636cbcc20cd3c9c026d2c6bc34aeaf0c6b1f19bd68d,,1
81,30,23211721,0x7c0000000036,54,0 11 32,17,10,12 13 72 73 132 133 192 193 252 253,0x9e852e0e1228ed299bec178b4f216ee460721d2123e6ed00c0f7bfcf7dfd149c,,1
81,31,23211758,0xf8000000000008,8,0 29 50,6,4,16 76 136 196,0xc4abeab353159103e6324848f971ff54d691173d0c3061596fa2095d5f1ceb61,,1
81,32,23211801,0x1f00000000000002b,43,0 0 21,12,8,18 19 78 79 138 139 198 199,0xa468e57a6863a9935ac96117ec5c2780ba83389046880cded89252fec54f06d4,,1
81,33,23211845,0x3e00000000000000002,2,0 23 44,16,8,21 22 81 82 141 142 201 202,0x0ec1e3ec20c656b6f56392b91bac69b92bd0c01240f0140bc9344d459f72e37c,,1
81,34,23211890,0x7c0000000000000000029,41,0 62 19,26,13,0 24 25 60 84 85 120 144 145 180 204 205 240,0x46f3e0c7ca0401a7c5f728759c99a5c9d8330321a72710d23ca3eb7cf927db00,,1
81,35,23211942,0xf8000000000000000000013,19,0 40 61,5,4,28 88 148 208,0x77bafb83b705c8c3ea88413680b3c02968142f3d031e96d6f860f75ab2f05dbe,,1
81,36,23211983,0x1f000000000000000000000016,22,0 43 0,8,8,30 31 90 91 150 151 210 211,0x56000bf73a71493061489f9be4a19f445aaa105677442e9c05146b8897e50ffe,,1
81,37,23212026,0x3e0000000000000000000000003f,63,0 20 41,6,4,34 94 154 214,0xf13a7b0ec6dad54a478ea8ff4093584a96d5227468d3febd02e029a8e1220315,,1
81,38,23212073,0x3e00000000000000000000000038,56,0 13 34,14,8,33 34 93 94 153 154 213 214,0x86f9df86acf3292c09ff2027a3b0d33f93135c6086b5613a74e6427dbc244f11,,1
81,39,23212117,0x7c0000000000000000000000000012,18,0 39 60,13,8,36 37 96 97 156 157 216 217,0x946213d96cdd8d231247279c26fda9b716f3baafe82f213e3afa92d2d18715a3,,1
81,40,23212158,0xf800000000000000000000000000002c,44,0 1 22,18,9,0 40 60 100 120 160 180 220 240,0xb91dc0cd1afcae4d87cb85514667d0e7f510185ca608769c4433caa2b7b86dbf,,1
81,41,23212197,0x1f000000000000000000000000000000016,22,0 43 0,7,4,43 103 163 223,0x155e7ac7839b007bd3734c1fc653491c7b081366d4c91a35284f6836e3edae64,,1
81,42,23212249,0x3e0000000000000000000000000000000000a,10,0 31 52,6,4,46 106 166 226,0x9023212a4f35acd0f9fd42cd7adb69bbf0a1d451f7feacfc3632c3bb0317191d,,1
81,43,23212295,0x1f00000000000000000000000000000003c,60,0 17 38,13,8,42 43 102 103 162 163 222 223,0x1ad798f0514d75dd4596c32288f06b96508ea58d672c60a338fd35597d99be2f,,1
81,44,23212333,0x3e0000000000000000000000000000000001d,29,0 50 7,10,8,45 46 105 106 165 166 225 226,0x6360141016635a52ce289d748f0103ce40d093544290e4f35d0f68a9d2300ef3,,1
81,45,23212377,0x7c0000000000000000000000000000000000034,52,0 9 30,6,4,49 109 169 229,0x038e89dc3a0965637172d79ce0dc3641d99193dbe29f874a2a11eb10199eb588,,1
81,46,23212426,0xf8000000000000000000000000000000000000011,17,0 38 59,10,8,51 52 111 112 171 172 231 232,0x153cea46cb1c6629bde5c723be3ec91bc8c9908b55d9071bf300c8a0a3117531,,1
81,47,23212462,0x1f000000000000000000000000000000000000000002,2,0 23 44,12,8,54 55 114 115 174 175 234 235,0x0d76234a15db151134cbf9b22d0fcbfc7526bd9be9c61fbc987bc41cef9ce680,,1
81,48,23212499,0x3e00000000000000000000000000000000000000000026,38,0 59 16,18,9,0 58 60 118 120 178 180 238 240,0x2a5eda2c785f67395ce586d909e72cb3464ef3065033c542a104929357b86ec6,,1
81,49,23212541,0x3e00000000000000000000000000000000000000000031,49,0 6 27,13,8,57 58 117 118 177 178 237 238,0xab9fefda95196fcdeae5460d7eacc55e05de0eeb4bb2ace24fd281d5710a46d5,,1
81,50,23212585,0x7c000000000000000000000000000000000000e,14,0 35 56,14,8,48 49 108 109 168 169 228 229,0xc426679b975e53979dd43ea2d962d23f30a9dcefe5ab71a3604118cae0a29417,,1
81,51,23212622,0xf800000000000000000000000000000000000001d,29,0 50 7,7,4,52 112 172 232,0x31230e32b5d668ae5617db72f47cff52fb0f63668e1d4470d3264c786891bd0c,,1
81,52,23212665,0x1f00000000000000000000000000000000000000002c,44,0 1 22,7,4,55 115 175 235,0x426aed94c9243713eefadd7bb91604abd9606ffc9a52336c7f6a26a1c6118671,,1
81,53,23212707,0x7c000000000000000000000000002e,46,0 3 24,5,4,37 97 157 217,0x4d65f6f56300727dfd5f0155685aecc21a85861a2a9a08e4d1700ff4cde60f09,,1
81,54,23212756,0xf800000000000000000000000000001b,27,0 48 5,13,8,39 40 99 100 159 160 219 220,0x1881cbd8871edaf59f03150e271a616483300f15f583b938c2016ff7b9117626,,1
81,55,23212799,0x1f000000000000000000000000000000008,8,0 29 50,7,4,43 103 163 223,0xf2302363ce89bf134a09d71a1f75598ba9ec2ee67ae01d5667369677f3155e80,,1
81,56,23212835,0x3e00000000000000000000000000000000024,36,0 57 14,16,9,0 46 60 106 120 166 180 226 240,0xb0faadaea78a7ebf8a0b0d6a8854339721ce03ac76ce3e6055c7008326e7073f,,1
81,57,23212882,0xf8000000000000000000035,53,0 10 31,12,8,27 28 87 88 147 148 207 208,0x1189a59558a6ea0a65430a7bdca686a53e8861701523695c2eb875dc55b1daad,,1
81,58,23212921,0x1f000000000000000000000004,4,0 25 46,5,4,31 91 151 211,0x5a9f1ed3f66a5cdb804b725161f027fefa3b8835d067a9a7ad4590e5331db183,,1
81,59,23212963,0x3e00000000000000000000000020,32,0 53 10,6,4,34 94 154 214,0x2f2811e56d992e54543fb9033d984333fc48883fdc27e46df62193672c3fec47,,1
81,60,23213008,0xf800d,13,0 34 55,9,5,4 64 124 184 244,0xa5b356a5460691b3f92c5020c859b9a4759371db4e75cc6542e4a12205435c4a,,1
81,61,23213059,0x1f000008,8,0 29 50,8,5,7 67 127 187 247,0x9fc560e5ad38a1ee1631a0bcfd00146bded18f19df38cb4868f5bca0b829b5aa,,1
81,62,23213098,0x3e00000008,8,0 29 50,10,5,10 70 130 190 250,0x614e71eb87d8db3ab013f6c365a78bf0bb5926144cab70460ea00568115f14fc,,1
81,63,23213139,0x7c000000003a,58,0 15 36,8,5,13 73 133 193 253,0xbbbdba77bfc6fe874f0083859ab983487afb76b04c15026ac077b66a165c7322,,1
81,64,23213186,0xf8000000000027,39,0 60 17,14,9,15 16 75 76 135 136 195 196 255,0x9d9cbef5f388feda73344f3cc53e815821e4602ea20ccaa062413123c7efbf65,,1
81,65,23213236,0x1f000000000000000000000008,8,0 29 50,18,13,0 30 31 60 90 91 120 150 151 180 210 211 240,0x42e7ba912f790f0403480ee3aa6d4df08951e734b8b240dbd2bfa8723d9d9c20,,1
81,66,23213283,0x3e00000000000000000000000013,19,0 40 61,14,8,33 34 93 94 153 154 213 214,0x2a725bac0e66c50ea4cf9f39d47eb2a2c05c689d134a91edd9b764e313254bdd,,1
81,67,23214805,0xf802e,46,0 3 24,19,10,3 4 63 64 123 124 183 184 243 244,0xabe2441596da405b840aed648a7d392937a1aad5c2fc45fc03e96cd45f190f0d,,1
81,68,23450468,0x1f000000000000000000000000000000000000000018,24,0 45 2,12,8,54 55 114 115 174 175 234 235,0xd807225f6028bcbcccde7c601db596d23c74d1a27775e7db7d80a865c8b361e3,,1
81,69,24748373,0x7c3e1f00000001f0f8032,50,0 7 28,46,27,4 6 7 19 22 25 64 66 67 79 82 85 124 126 127 139 142 145 184 186 187 199 202 205 244 246 247,0xd9d8ba866b18e28a9989674f4c98cb1a9e6def1dbf9dd1e1896a7abef6250864,,1
81,70,24929906,0x7c3e00000003e1f0f8021,33,0 54 11,78,41,3 4 7 9 10 21 22 24 25 63 64 67 69 70 81 82 84 85 123 124 127 129 130 141 142 144 145 183 184 187 189 190 201 202 204 205 243 244 247 249 250,0xb3211da389ce2ab21bbffb42bfbfde11570837223aed52abad520f89d98a9f3d,,1
82,1,22843059,0x3f8020,32,0 53 10,9,5,4 64 124 184 244,0x39ba80e1866ffc1d09de2e597461e3e9deef25f301dfaeff660571953e4a380e,,1
82,2,22952161,0x1fe00000000000000000000000000000000031,49,0 6 27,11,8,46 47 106 107 166 167 226 227,0x0fc1da0c3bb71fe34e606fb2a02b846b7e81305cebdd5e4d29ca3310de5e0a78,,1
83,1,22839048,0x3fc000000000000000000000000000000000001c,28,0 49 6,13,8,49 50 109 110 169 170 229 230,0xf27d81669be42c3464fb47e9c2ebb0776699f752d5711a57cccd8c5db2f092ae,,1
83,2,22839106,0xff00000000000001b,27,0 48 5,11,8,19 20 79 80 139 140 199 200,0xc816b2a7b4dfd5398539641b764d222ed8eb2ba95ce0cfe28b72897fadcbbb8f,,1
83,3,22843540,0x1fe0000000000000000000000000000000000000000003d,61,0 18 39,16,8,58 59 118 119 178 179 238 239,0xe76d7655b846aef56d9e66d6bcead60f4dfe90349c7e913a05253a37aefeeb83,,1
83,4,22843745,0xfe00000000000000000000000038,56,0 13 34,6,4,34 94 154 214,0xec19d193ddfe48833e490728a1e3b67068cbc4100cc09cca71eaba647a7e692e,,1
83,5,22903088,0x3f8000000000018,24,0 45 2,6,4,16 76 136 196,0x2d82c67babd32bb932b7d4287928aad4ba54bb3a4a95f20913760425338baa9d,,1
83,6,23173345,0x1fc0000000000000000000000000024,36,0 57 14,23,13,0 36 37 60 96 97 120 156 157 180 216 217 240,0xedab78c4af76f669ce4de41bcca7a72d5008876ebdb39863f7705c796489724b,,1
83,7,23217786,0x7c000000000000000000000000002f,47,0 4 25,5,4,37 97 157 217,0xe122b138d6101ba475bc2abd3a8e7e76bd1d5f4d18401e5ac902f37daac9e1db,,1
84,1,22839642,0x7c000000000000000001f,31,0 52 9,8,4,25 85 145 205,0x539ed63b218cf0954ab59a8770876db3249320a02420d4899201e2c990905abc,,1
84,2,22839737,0xf8000000000000000000011,17,0 38 59,5,4,28 88 148 208,0x11e8c0653639dba5bf89c94cc83b2d72bffe8e2bf5ee44b0268088bd4562aba5,,1
84,3,22839853,0x3e0000000000000000000000000000000000000000000a,10,0 31 52,8,4,58 118 178 238,0x93a1531642f91d3d25e85143ddc834186b680f02bbd6e02c2c70b5c315cd385e,,1
84,4,23131161,0xf8037,55,0 12 33,9,5,4 64 124 184 244,0x09e2076938df6144bee2f92657e04f68a73e54b32e1e467251470236faa1a68a,,1
85,1,22839109,0xff000000000000000000000000000000000000000018,24,0 45 2,14,8,55 56 115 116 175 176 235 236,0x41981c3433782fc4e22eb2b8248f7ecab73c32e6d7826d1e3e93e5304dc056ae,,1
85,2,22957098,0xf8007,7,0 28 49,9,5,4 64 124 184 244,0xea6fcbebd60bb64bd9d201d784118114cd93358636477f7dc7120a28ca846aaa,,1
85,3,23124727,0xf8000000000011,17,0 38 59,6,4,16 76 136 196,0x2b8b15d3ed01733408aca4bb7f13311b760cc9e9ce774953c139314b391dcfa0,,1
85,4,23230912,0x3e0000000000000000a,10,0 31 52,8,4,22 82 142 202,0xbfde7c4f15461310b685519e3bd74be05fe668bb87568a1fddf28db2bc511dc3,,1
86,1,22839181,0x3fc0000000000000000033,51,0 8 29,14,8,25 26 85 86 145 146 205 206,0x0efa612ead503b3f1c4aff83462e52356ccefb2923c117876aef1174d2e4f5a9,,1
86,2,22866755,0xff000000000000000000000019,25,0 46 3,13,8,31 32 91 92 151 152 211 212,0xea2359893d19386198d22efbe11e91af46baf2c895161fe66fe4ae8a4a18cd59,,1
86,3,22876514,0x7f8000000000000000000000000000020,32,0 53 10,14,8,40 41 100 101 160 161 220 221,0x2bb32f504e059920a6a8223506ab06b66e02ca0369dd43c1b2e1e94fc3528902,,1
86,4,22978451,0x1f000000000000000000000013,19,0 40 61,8,8,30 31 90 91 150 151 210 211,0x9c48bebe86af730c95da8d41c3de72877fc93938e79ff1f61274b653d26e7dbe,,1
86,5,23101050,0x3e0000000000000000000000000d,13,0 34 55,14,8,33 34 93 94 153 154 213 214,0xecce3e5f2138de400ea77ac94d66f0d0234321c525b700289336ce5f63c3d02e,,1
86,6,23154654,0xf8025,37,0 58 15,9,5,4 64 124 184 244,0x7dfcf3ffe16aeb00c809558c3294884c09dd5c516fcd3b410fd4b44d276e7bbf,,1
86,7,23155019,0xf8000000000000000000023,35,0 56 13,12,8,27 28 87 88 147 148 207 208,0x40b2d7673378d369b9c0228ad3e43c8cff5af12abe69526697ecc2c780e24c6a,,1
86,8,23156206,0x3e0000000000000000000000000000000000000000000c,12,0 33 54,18,9,0 58 60 118 120 178 180 238 240,0x057b14206d85422ac270d1d4430e1543c34615990d211d9b51e33465cb669545,,1
86,9,23156296,0x1f000000000000000000000000000000000000000021,33,0 54 11,7,4,55 115 175 235,0xc00c2086a7d734f41fe5a5cfc43c4cae4807a5ac250ea8473f7f7e00491a966c,,1
86,10,23156362,0xf800000000000000000000000000000000000002e,46,0 3 24,7,4,52 112 172 232,0x88252150334da1f074bff43993c718e9db587333f2673ae4c8b665dd7fdbcfaa,,1
86,11,23156447,0x7c0000000000000000000000000000000000023,35,0 56 13,6,4,49 109 169 229,0xffc325cec76056360f0021da390d9ef254962c9997e2e8f258362a2647b07d2f,,1
86,12,23156506,0x7c0000000000000000000000000037,55,0 12 33,5,4,37 97 157 217,0x2097d2ea949f3e40f095f4ac7073eb82adcdba81cfe4b6b14596483a60bd5dc4,,1
86,13,23156566,0xf8000000000000000000000000000033,51,0 8 29,23,13,0 39 40 60 99 100 120 159 160 180 219 220 240,0xe5ae35430b417bd71eec8d9a029fe1da055c13852686ca9e601d383c6ad0a5aa,,1
86,14,23156625,0x1f00000000000000000000000000000000c,12,0 33 54,13,8,42 43 102 103 162 163 222 223,0x64e66631067655a1a476e0980c27209eb871736b2aee25d0f7443dba653fbe61,,1
86,15,23156685,0x3e0000000000000000000000000000000000d,13,0 34 55,6,4,46 106 166 226,0xfe829d32c0c6d1a09a783dffeb3373547c7be954b690605f583803a1ba1c4220,,1
86,16,23156738,0xf8000000000000000000004,4,0 25 46,5,4,28 88 148 208,0x37b6a831db5f66648c8ec40cc87ac74a2b75d01bf48619edfe996591b05bb073,,1
86,17,23156792,0x1f00000000000000000000003c,60,0 17 38,5,4,31 91 151 211,0x31a85716ccc210f73c70db20ed6977c5ae2d6c6bd91c1a2adf851776a0e97dfe,,1
86,18,23156845,0x3e00000000000000000000000033,51,0 8 29,6,4,34 94 154 214,0x6087d896088bed6ff87d1fe846770e24cc0be4d779e581a17d2f9f9bc730bdb8,,1
86,19,23156912,0x7c0000000000000000023,35,0 56 13,16,8,24 25 84 85 144 145 204 205,0x364c028781a20964e33556556cc265c71d5a9e8b953f17c56f8ded490f1da11a,,1
86,20,23156990,0x3e00000000000000010,16,0 37 58,8,4,22 82 142 202,0x5086ff79686aff29e82dc6e050263ff23de37165b55c334487560214a4b1b4ad,,1
86,21,23157112,0x3e0000002b,43,0 0 21,20,10,0 10 60 70 120 130 180 190 240 250,0x59655ed15bc04120de608bb8d4d3a54c47baafc4a6d2917e6819f768c581d917,,1
86,22,23157196,0x3e00000024,36,0 57 14,19,10,9 10 69 70 129 130 189 190 249 250,0x4b581906951f04be46b93fc5c914174d684b5cb9f610919d3a00cb435c10b491,,1
86,23,23157249,0x7c0000000000,0,0 21 42,8,5,13 73 133 193 253,0x61530b15fbe8b86251d4341792ee23783e66fc3fa36df92371c3936c858d3326,,1
86,24,23158437,0x1f000000000000034,52,0 9 30,5,4,19 79 139 199,0x27d358ba65680d3eba096faef7b915567c6ccc9e1089f488d3ab33dfcea845d5,,1
86,25,23158472,0x3e00000000000000000000000000000000000000000003,3,0 24 45,13,8,57 58 117 118 177 178 237 238,0xdf2bd41c0393543b281bb49afc679a76321be750ce2f39db1cf249bda1bb9c34,,1
86,26,23158540,0x3e00000000000000000000000026,38,0 59 16,14,8,33 34 93 94 153 154 213 214,0xd19cf1ae6edd860dac5e19f639d8eeb408938b2086ab8013a28976391dd21c84,,1
86,27,23210407,0xf801c,28,0 49 6,19,10,3 4 63 64 123 124 183 184 243 244,0xf17ed0ee3528cc9974b80716079d66624e92debee7067e5dd4281f6ac3b73116,,1
86,28,23210456,0x1f00003f,63,0 20 41,18,10,0 7 60 67 120 127 180 187 240 247,0x61ceaea8d3f59f461de60c50586ef741e7262fcb5107a2be2469c80c0caefa94,,1
86,29,23210500,0x3e0000000b,11,0 32 53,10,5,10 70 130 190 250,0xf80a2276b99b4df560c34ccf5729e5de10d98817aa9464a89ec40270e6319b1f,,1
86,30,23210545,0x7c0000000036,54,0 11 32,17,10,12 13 72 73 132 133 192 193 252 253,0x5727fa6bbc18ad41d6a8179e5f1ef99cdc6ff2592dbd2ca88abea0c475e671af,,1
86,31,23210586,0xf8000000000008,8,0 29 50,6,4,16 76 136 196,0x9313e0e77f9803b72784704ae29ecd86ead70525f6a61791bd2c05a23c8da03f,,1
86,32,23210627,0x1f00000000000002b,43,0 0 21,12,8,18 19 78 79 138 139 198 199,0xd7a031e23897b1cf6e6ed2620d685e76296e10958d8a2ffd1d77458277ce8e3d,,1
86,33,23210674,0x3e00000000000000002,2,0 23 44,16,8,21 22 81 82 141 142 201 202,0xaa8997f7874d7328f0cb96862990a36c6657ea779bff1d7d6cd44e2a95f0e3ff,,1
86,34,23210714,0x7c0000000000000000029,41,0 62 19,8,4,25 85 145 205,0x778a348fd2610506189c86057f4faf704df9a18dfd51bc2e6a7c704e216a2dd7,,1
86,35,23210764,0xf8000000000000000000013,19,0 40 61,12,8,27 28 87 88 147 148 207 208,0xdb806312393d19f26bd63f67a31915c2080391438d55fb0ca059943bfdab9423,,1
86,36,23210810,0x1f000000000000000000000016,22,0 43 0,8,8,30 31 90 91 150 151 210 211,0x3617adb9355c08c7e056e1819f2ff4b7efc75fca92df3a90d8697ff9043d2be1,,1
86,37,23211101,0x7c000000000000000000000000002f,47,0 4 25,23,13,0 36 37 60 96 97 120 156 157 180 216 217 240,0xb221cb65428b2e970887a5cb28f2831d12a3aed8fb2def20c2692224e6e87814,,1
86,38,23211146,0xf8000000000000000000000000000003,3,0 24 45,8,4,40 100 160 220,0x74f1740b21c599286e10a7f61760951f82c9315e328da90d6b2d9230515621e0,,1
86,39,23211186,0x1f000000000000000000000000000000035,53,0 10 31,7,4,43 103 163 223,0xb8c83cf08c624624257f87bac684568274bd649b159d7381af7b1ab814291bc1,,1
86,40,23211228,0x3e00000000000000000000000000000000005,5,0 26 47,10,8,45 46 105 106 165 166 225 226,0xffea36b2074bf0bf468448b37c9516a7bd831a0ba474f02c7b01e5166c38bc5d,,1
86,41,23211269,0x7c0000000000000000000000000000000000027,39,0 60 17,14,8,48 49 108 109 168 169 228 229,0x7a4fb6bcc4bafb7f850daf69059529320e9ff5bde7fc6168f6c503e7bba7d3d8,,1
86,42,23211323,0xf800000000000000000000000000000000000001a,26,0 47 4,10,8,51 52 111 112 171 172 231 232,0xc6449b1a8ddd8be322b01f4b6f5c9c5fd6e5ee0657049bcd0d167ce117a058ae,,1
86,43,23211365,0x1f000000000000000000000000000000000000000013,19,0 40 61,12,8,54 55 114 115 174 175 234 235,0xf2eeaa39e19ed8dee8eb89cce39b59631a27383b9b8e7133a6ae143247f8ecaa,,1
86,44,23211420,0x3e0000000000000000000000000000000000000000001d,29,0 50 7,8,4,58 118 178 238,0x9b883a57fbb8e583ebdddde820e897724fab100f1d564238a5fe787be5d26a2a,,1
86,45,23211485,0x1f00000000000000000000001e,30,0 51 8,5,4,31 91 151 211,0x9362edab01b49bc909971d2660c69dfd592ef7737438fd1580c9f5bb0ede06a5,,1
86,46,23211542,0xf8000000000000000000000000000000000000011,17,0 38 59,17,9,0 52 60 112 120 172 180 232 240,0x259e910f6bb5d2ea9ec68cf77db391610e30eac0d02b725d49d4537cb9759f2f,,1
86,47,23214186,0xf8028,40,0 61 18,9,5,4 64 124 184 244,0x2f2cba1d1822342782f5a0275fbf480dbc74560dc6b3651d029b73c8fd09a69e,,1
86,48,23214228,0xf800000000000000000000000000000000000003c,60,0 17 38,10,8,51 52 111 112 171 172 231 232,0xa75b03def21c3607d812937b9d833564491030c14818bf849f060681d5f5ef32,,1
86,49,23214264,0x1f000000000000000000000000000000000000000022,34,0 55 12,7,4,55 115 175 235,0x4a00c0db87ca8c5347ad1388129396849a3fe2512863fe2481c47395f7571c46,,1
86,50,23214773,0xf8037,55,0 12 33,19,10,3 4 63 64 123 124 183 184 243 244,0x11c6fd9616cffc684c1655d3f379bb84730f79663006d83cdf3116a618e4eb5f,,1
86,51,23214837,0xf8000000000036,54,0 11 32,24,14,0 15 16 60 75 76 120 135 136 180 195 196 240 255,0x915faf42a5fbfe1ae3b26a437b564851a13b71cfe0f4854ea6e088c4a1bd851a,,1
86,52,23304170,0xf801b,27,0 48 5,9,5,4 64 124 184 244,0xc91de9a6204bd4fcca275f686a35a569ba2a660e9a5f2d3334873765fa7c3694,,1
86,53,23447054,0xf803a,58,0 15 36,19,10,3 4 63 64 123 124 183 184 243 244,0x1bf5712aec15006ed5e0a68b35721026be5e13315683da1380d6e233dc878553,,1
86,54,23454112,0xf80000000f80000000f80000000f80000000f802b,43,0 0 21,40,25,4 16 28 39 40 52 64 76 88 99 100 112 124 136 148 159 160 172 184 196 208 219 220 232 244,0xf48ba9594f989a438fef18a40f23d6de103552e411251f74267d7a60ebbe7178,,1
86,55,24748743,0x7c3e1f00000001f0f801b,27,0 48 5,64,36,3 4 6 7 19 22 24 25 63 64 66 67 79 82 84 85 123 124 126 127 139 142 144 145 183 184 186 187 199 202 204 205 243 244 246 247,0x5166a4c1c8dd836eac9438b62c6602a57528dd56e47a854849704a84cccbed40,,1
86,56,24930189,0x7c3e00000003e1f0f802e,46,0 3 24,70,37,4 5 7 9 10 21 22 25 64 65 67 69 70 81 82 85 124 125 127 129 130 141 142 145 184 185 187 189 190 201 202 205 244 245 247 249 250,0x60de28b637f59c7321cd9f687acf8cd5f3bce6eae1ff98fad3ef978e3aaf9019,,1
87,1,22839173,0x3fc0000000000000000033,51,0 8 29,14,8,25 26 85 86 145 146 205 206,0xf09b0e193440ae3f69646f39537cdaa0b40c3daddf3eda752d99450038c4e217,,1
87,2,22957116,0xf8007,7,0 28 49,9,5,4 64 124 184 244,0xf5a9f9966b51d4e2a5db36d7341fb3049bd9e0de76da12d050aa3faff79cf300,,1
87,3,23124748,0x7c0000000000000000030,48,0 5 26,16,8,24 25 84 85 144 145 204 205,0xa6bed0dff7efe876e434decfa27c55867c4dbee6e1a8d4c381e0b5c170304373,,1
87,4,23230944,0x3e00000000000000000000000000000000004,4,0 25 46,6,4,46 106 166 226,0xbdc3168e3e8a7f3f9c052d56040f6b4e2f882473d601242bc97a61ac2831658b,,1
88,1,22955017,0x7f00000000000003a,58,0 15 36,5,4,19 79 139 199,0xb6aa06fc81f8b345872e7647b680fb2d3936607a2d9e0e02d437fcf29b77e9c1,,1
88,2,24318076,0x7c3e1f0f87c000000003b,59,0 16 37,50,29,13 16 18 19 21 22 25 73 76 78 79 81 82 85 133 136 138 139 141 142 145 193 196 198 199 201 202 205 253,0xdda37dcbb037cb93627e3ae8aac7494fbf11fe3d10fd7b2fa61c0915d2448450,,1
89,1,22839231,0x1fe0000000000000000000000003b,59,0 16 37,12,8,34 35 94 95 154 155 214 215,0x75b8819dd96fbfeb4926c171e490c5dbeb5b772f415a71fceb17f97b5537cd59,,1
89,2,22957133,0xf8007,7,0 28 49,9,5,4 64 124 184 244,0x3e216938ae855891af8a202e8ec8c40d9a9e455bdc881b91fc933276baa7b350,,1
89,3,23124764,0x7c0000000000000000000000000000000000020,32,0 53 10,6,4,49 109 169 229,0xee15f4366d9e5ef9d0bb8afea2294de8aca65fd7f9872282bb221ab1ae5d695d,,1
89,4,23230967,0xf8000000000000000000000000000000000000001,1,0 22 43,7,4,52 112 172 232,0x39732bc464c0b00460f72c7e2d68d2ebc2f9123f7d53c5c5caae3caf5c8e13b4,,1
90,1,22839319,0x1fe00000000000000000000000000000000000,0,0 21 42,11,8,46 47 106 107 166 167 226 227,0x9af10469ab5a59ed9780633d66c189f9be1df78c38f374f4ef5745fb964dd279,,1
90,2,22866818,0x1fe00000000000000000000000000000000000000000036,54,0 11 32,16,8,58 59 118 119 178 179 238 239,0x545c717f164e38b7ac4e1aa65d7455d358aab6f257b0114ad18c07593bccbe1c,,1
90,3,22876554,0x7f800000000000000000000000000000000000003d,61,0 18 39,12,8,52 53 112 113 172 173 232 233,0x239c3461c2b6f3a980d10681cadb6f8902eebd44bbcec9bbed2e910f3ffc51a7,,1
90,4,22979825,0x1f000000000000000000000013,19,0 40 61,5,4,31 91 151 211,0xd74b0f458ac55706e6ca077fa90952761a356f4eeb7c7b8d9158ebb91fc26933,,1
90,5,23101103,0x1f000000000000000000000000000000000000000004,4,0 25 46,12,8,54 55 114 115 174 175 234 235,0x3b38c31c801ce57949b2ce5702f021aec2ff894b923fe8f27b1f3e01fdeab881,,1
90,6,23154679,0xf8025,37,0 58 15,9,5,4 64 124 184 244,0x21fca5858c6bba602b930d98095331f0a1e60cdff1306084ea9780a23dbb192b,,1
90,7,23155076,0xf8000000000000000000023,35,0 56 13,5,4,28 88 148 208,0x52f3378a47cc615a5151f4c8a06c423548d376f6d7782c9c30980c0c1dd4f7c1,,1
90,8,23157335,0x7f00002e,46,0 3 24,18,10,0 7 60 67 120 127 180 187 240 247,0xb796c551ad7b22c87b94957f0cf1829f49e3f3667d0c623fe1ffd9cb3ad05d25,,1
90,9,23157406,0x3e00000013,19,0 40 61,19,10,9 10 69 70 129 130 189 190 249 250,0x58a77ee6b4b1be2596133bb938396373051df262ba8ccc624a8f634dfc1f260a,,1
90,10,23157464,0x7c0000000019,25,0 46 3,8,5,13 73 133 193 253,0x40770dfa3df5476b7867da9e6456052605d2cf95701b76e1806fc4c5c5988ce7,,1
90,11,23157547,0xf8000000000016,22,0 43 0,6,4,16 76 136 196,0x4f3f6da4be7690ba7e9a1f5608923e19dc955b699afbf6762df6a3f0fb84ed11,,1
90,12,23157629,0x1f00000000000000000000000f,15,0 36 57,8,8,30 31 90 91 150 151 210 211,0x667afc27df55a14eca9eb8043f126271ac553917f75fe7f41d2ba847a23dc019,,1
90,13,23157681,0x1f00000000000000000000003b,59,0 16 37,5,4,31 91 151 211,0x734dc16b67617616993350c6498d1d8159acd61e49c2abd9c790601e6317c0e5,,1
90,14,23157732,0x1f00000000000000000000000000000000c,12,0 33 54,7,4,43 103 163 223,0xd543f709909cd71befd3f8aec514574a55ae78bcc4aad1366d0216e67cbfaf3c,,1
90,15,23157790,0x7c000000000000000000000000000000000002d,45,0 2 23,14,8,48 49 108 109 168 169 228 229,0xb52e42ea02c2b9dc094854ac744dd5afb341bb84de61814d826f7c4e819001a2,,1
90,16,23157845,0x7c000000000000000000000000000000000000f,15,0 36 57,6,4,49 109 169 229,0xc2d8393724a151c55457ba28e0ab88a72ffb581ba990c34294e11106d1bf717d,,1
90,17,23157924,0xf8000000000000000000000000000000000000039,57,0 14 35,20,13,0 51 52 60 111 112 120 171 172 180 231 232 240,0x947480c9dfe1c60f20f03681d5cb41e2b79c524c7f2c28d95c5b2bc537fe2c61,,1
90,18,23157979,0x7c000000000000000000000000003b,59,0 16 37,5,4,37 97 157 217,0x306fc32205ae8d003260bb88c1d2cf54efa3bbd07fd97bda83ad73cc3a3775b3,,1
90,19,23158042,0xf8000000000000000000000000000005,5,0 26 47,8,4,40 100 160 220,0x3c004b52338295c9678d231b19c89030979324599026a8db697f185227a8c212,,1
90,20,23158103,0xf8000000000000000000023,35,0 56 13,12,8,27 28 87 88 147 148 207 208,0xa73c71af1e747119077aebf76824710da6529ae4f6d459475f73e42c26875f1e,,1
90,21,23158152,0x1f000000000000000000000026,38,0 59 16,8,8,30 31 90 91 150 151 210 211,0xb8f07d2dbf3901f8c9e24b8ea952305721a914639eb7e30866765aa90c22eefe,,1
90,22,23158204,0x3e0000000000000000000000002f,47,0 4 25,6,4,34 94 154 214,0xe7339c38b295b246a297b811364c36213102064e108ebe76781329ee8bf611e5,,1
90,23,23158261,0x1f000000000000000000000000000000021,33,0 54 11,23,13,0 42 43 60 102 103 120 162 163 180 222 223 240,0x8c358ef53c9c576c13dda55fa61538ec156f54fcda6680c6a59b2d94ff9d04df,,1
90,24,23158331,0xf800000000000000000000000000003c,60,0 17 38,13,8,39 40 99 100 159 160 219 220,0x43557d660229469bc794bb115b6f2fd48d21044e6bee0fe34ac7735b511d8e3b,,1
90,25,23158388,0x1f000000000000000000000026,38,0 59 16,5,4,31 91 151 211,0x79019571a75996b584db0bc85ea51ecf52c2349f3431552608fbca8ff8f49631,,1
90,26,23158595,0x3e00000000000000000000000026,38,0 59 16,14,8,33 34 93 94 153 154 213 214,0xfa671cbcef7e5f4c0a5cdb89fc46a2e1aabb7aa157f7fcc0ed39a6dcab59381d,,1
90,27,23211618,0xf801c,28,0 49 6,19,10,3 4 63 64 123 124 183 184 243 244,0x3aa8a6f7fd69d6c30e5cb9aa4d1b9910576fa2ad0f5458af830b77aa16effbbc,,1
90,28,23211661,0x1f00003f,63,0 20 41,26,15,0 6 7 60 66 67 120 126 127 180 186 187 240 246 247,0x4532b5b09fcb91cdf8efbdbce94f6e6cf73f522b62f48e989a9c36c3894d2203,,1
90,29,23211705,0x3e0000000b,11,0 32 53,10,5,10 70 130 190 250,0x83e759762cd08f1b08a703b83f35dc09b2d5fdee0f32be562f8f20676455be18,,1
90,30,23211743,0x7c0000000036,54,0 11 32,17,10,12 13 72 73 132 133 192 193 252 253,0x38176cf4c51b4aa63e628626e867a400092897bead133058ad54966be2fb1f8a,,1
90,31,23211783,0xf8000000000008,8,0 29 50,14,9,15 16 75 76 135 136 195 196 255,0xc2e2bfe86e1d64bc1a94a8f390d084ffd08aaa05c8d12a16967e2ec82de8aff8,,1
90,32,23211824,0x1f00000000000002b,43,0 0 21,5,4,19 79 139 199,0x47c9c6ad146b21b8011993a51680709ee68297489f222dd4da7e8b456eea4445,,1
90,33,23211870,0x3e00000000000000002,2,0 23 44,8,4,22 82 142 202,0x53e666dfaddcc5071d755739942908b8c1ef45ee0544b6720966051a2cbf8d3a,,1
90,34,23211925,0x7c0000000000000000029,41,0 62 19,8,4,25 85 145 205,0x704e72a7e6d0c141ae9a93da3449933fe0a70f1441980950c508db1c83818c42,,1
90,35,23211967,0xf8000000000000000000013,19,0 40 61,5,4,28 88 148 208,0x42f2b1526b8765b4d83e4c08f9ad221946ec3c37e4abcfab5c14e7f74ed1d72e,,1
90,36,23212006,0x1f000000000000000000000016,22,0 43 0,8,8,30 31 90 91 150 151 210 211,0xaf4085df85bc59c4bc779b11e91b23859ba1cd94c1de86166c85b9367190f20b,,1
90,37,23212053,0x3e0000000000000000000000003f,63,0 20 41,16,9,0 34 60 94 120 154 180 214 240,0xbc73e222d0bc2437e2cc5dab3d51d659c49dfd2cc9d4d94188599c43b643d6c7,,1
90,38,23212102,0x3e00000000000000000000000038,56,0 13 34,14,8,33 34 93 94 153 154 213 214,0xc56bbfa0a911b94bb3dded67294c68b4d5e59582e02376f1cd5e1839b83d43b6,,1
90,39,23212142,0x7c0000000000000000000000000012,18,0 39 60,13,8,36 37 96 97 156 157 216 217,0x6671c27c7b0a5256236187f4d62be8bfe02a49a32dd5bfb26375b83034aaaa11,,1
90,40,23212181,0xf800000000000000000000000000002c,44,0 1 22,8,4,40 100 160 220,0x32e45b420ebb74d6af33be0c811e22a9025d0b3a55ddd1ef41e61ca42cbb37d6,,1
90,41,23212221,0x1f000000000000000000000000000000016,22,0 43 0,7,4,43 103 163 223,0xb99981935d280311ed6822cc770b1bd46542906713a71969f189941670ebc460,,1
90,42,23212279,0xf8000000000000000000000000000006,6,0 27 48,13,8,39 40 99 100 159 160 219 220,0x6080a14c7b9177ac9a03854f6caa85777eb7e1153819a2e0b798efbf023c5fa3,,1
90,43,23212319,0x1f00000000000000000000000000000003c,60,0 17 38,13,8,42 43 102 103 162 163 222 223,0x01b2390818da73c9d736fb3d870ea3b590c5958ea0aa81511dbf110a91c4a19a,,1
90,44,23212361,0x3e0000000000000000000000000000000001d,29,0 50 7,20,13,0 45 46 60 105 106 120 165 166 180 225 226 240,0x3b022b17343ac071c7af1a569be62afb03366f5e1cec0aaf05f92c5c823e8c72,,1
90,45,23212404,0x7c0000000000000000000000000000000000034,52,0 9 30,14,8,48 49 108 109 168 169 228 229,0x6cb4d2465dc04bf1bfefd90405c7c0c25f707c8234530b84540cdb4bbe6a2628,,1
90,46,23212447,0xf8000000000000000000000000000000000000011,17,0 38 59,7,4,52 112 172 232,0xaaba878c4d49003415b4850b553a4d0a7ceb1ad013678f5c897ffb768ceebd9a,,1
90,47,23212482,0x1f000000000000000000000000000000000000000002,2,0 23 44,7,4,55 115 175 235,0x5bd1974d8e41f557c5532a589e81f33a056001354efe9ff58553ffdf482ca8c8,,1
90,48,23212521,0x3e00000000000000000000000000000000000000000026,38,0 59 16,13,8,57 58 117 118 177 178 237 238,0x7dd60cb9818e56e782614ae770072ea7f244c38faad563bfe13635ae3ca37fb2,,1
90,49,23212565,0x3e00000000000000000000000000000000000000000031,49,0 6 27,8,4,58 118 178 238,0x7ff48adae46955817f13043e9ba4d314b423a40bb7772e26b9bed6f08be69e2b,,1
90,50,23212608,0x7c000000000000000000000000000000000000e,14,0 35 56,6,4,49 109 169 229,0xde35f80d9c56b8b3fa7304aa7c03127956422872c42e1565211e66af5b7d64cc,,1
90,51,23212646,0xf800000000000000000000000000000000000001d,29,0 50 7,10,8,51 52 111 112 171 172 231 232,0x33a76eb54ea48cfe86e766c10e6cac5569a6ffe38d4ba3c5723ddaf3f5bbd98c,,1
90,52,23212688,0x1f00000000000000000000000000000000000000002c,44,0 1 22,22,13,0 54 55 60 114 115 120 174 175 180 234 235 240,0x5be87c73922f3649c06c831ccda51bc026b3090fe00b9693e180502c9aafedeb,,1
90,53,23212736,0x7c000000000000000000000000002e,46,0 3 24,5,4,37 97 157 217,0xba802917fd36005f1a8eccf992eb355d0c196091395e43937bfd2283694794d8,,1
90,54,23212780,0xf800000000000000000000000000001b,27,0 48 5,8,4,40 100 160 220,0x30381e24af49b4cd5feec68e42275998a002bbd04af718b4bc8b751f01f39d0a,,1
90,55,23212819,0x1f000000000000000000000000000000008,8,0 29 50,7,4,43 103 163 223,0x1deacffaa995298c2f0371a0a207d51c5861d5acbaf8e72a0b41a8e2210018df,,1
90,56,23212863,0x3e00000000000000000000000000000000024,36,0 57 14,6,4,46 106 166 226,0xe1765b40d226f3cecfbfc9457ca1ce93b0620b91dde095ced85c47215ac06711,,1
90,57,23212905,0xf8000000000000000000035,53,0 10 31,12,8,27 28 87 88 147 148 207 208,0xbd6700d53b97ec9f66d33c5e10a62b5b636b176b040334e338759e4e6cbb7a0a,,1
90,58,23212946,0x1f000000000000000000000004,4,0 25 46,5,4,31 91 151 211,0x0220c8b994392eb1776ddfb70c6474f5c536e04efac516e3bafa2404ca39d048,,1
90,59,23212985,0x3e00000000000000000000000020,32,0 53 10,6,4,34 94 154 214,0x696a47ebf7daef46d79f2ebab4928c4a5450ef36bb3b5ac5e4f9166ffdb7d547,,1
90,60,23213037,0xf800d,13,0 34 55,9,5,4 64 124 184 244,0xd61f3bd1385e66910d28d14f69a1f05d68fbd56954d1df84bf0b319b493736e0,,1
90,61,23213083,0x1f000008,8,0 29 50,18,10,0 7 60 67 120 127 180 187 240 247,0x942863ab889f63cd2a66bac5b199b7a5a40e046d94d65f7471679b6276ff71b5,,1
90,62,23213123,0x3e00000008,8,0 29 50,19,10,9 10 69 70 129 130 189 190 249 250,0xc1be2ecad0e3daff6dc8b19187e12ebdbd1291cfd066b15f6cdddf3366734057,,1
90,63,23213166,0x7c000000003a,58,0 15 36,8,5,13 73 133 193 253,0x57ccfba30be716e9f324cb471e6676e7f8cb32502ab3acaaa826cee3885455b8,,1
90,64,23213212,0xf8000000000027,39,0 60 17,6,4,16 76 136 196,0x062f2d8ca8e49c2fe51b51e8e6e00d8a1913b70593ee49703c76b13874783806,,1
90,65,23213264,0x1f000000000000000000000008,8,0 29 50,8,8,30 31 90 91 150 151 210 211,0xf55fcea585399e35bcfb2b30da380749ce1a1df7c43a6c0afe4fc08788128d92,,1
90,66,23213306,0x3e00000000000000000000000013,19,0 40 61,14,8,33 34 93 94 153 154 213 214,0xe0727396dd17037f919bd2ec61c51ece8304daf384d5b3e25b524d9b9c055412,,1
90,67,23214908,0x3e00000000000000000000000000000000000000000021,33,0 54 11,13,8,57 58 117 118 177 178 237 238,0x1b69ce7adee36eb2ecb053c99925a635a388df714c97dd54000e4c5c95cb1c97,,1
90,68,23304194,0xf8038,56,0 13 34,29,15,0 3 4 60 63 64 120 123 124 180 183 184 240 243 244,0x055c0f0deadfeed713b71629d10c8d28be790d60f2eaf31ac0866169cab51280,,1
90,69,23447063,0x3e0000000000000001e,30,0 51 8,16,8,21 22 81 82 141 142 201 202,0x3d04b40337c353be2ea6640d2ea1da462455a53be7786c05be7acac0e92ae021,,1
90,70,23454179,0xf80000000f80000000f80000000f80000000f801a,26,0 47 4,48,30,4 15 16 28 39 40 52 64 75 76 88 99 100 112 124 135 136 148 159 160 172 184 195 196 208 219 220 232 244 255,0xa64165af0237b1447b79a6bb62ac2d9cb94eb95618ee6b4c97bcf37c8bfedacc,,1
90,71,24748394,0x7c3e1f00000001f0f803d,61,0 18 39,71,40,3 4 6 7 18 19 22 24 25 63 64 66 67 78 79 82 84 85 123 124 126 127 138 139 142 144 145 183 184 186 187 198 199 202 204 205 243 244 246 247,0xd41ffcf4816a5015fe2963d11de5e80c5d3af847bb071968ba0430b63b7154f8,,1
90,72,24929885,0x7c3e00000003e1f0f8017,23,0 44 1,51,27,4 7 10 21 22 25 64 67 70 81 82 85 124 127 130 141 142 145 184 187 190 201 202 205 244 247 250,0x58f0a1fd9b97e016f4a1236c9a3d2b39483397f916cbcf0767497ca4e9724b48,,1
91,1,22839567,0xff000000000000000000000000000000032,50,0 7 28,14,8,43 44 103 104 163 164 223 224,0x7829de223ed847ca16436821eea9837ba70c0da6dca5e615e2a3ec8ca3104834,,1
91,2,22957306,0xf8007,7,0 28 49,9,5,4 64 124 184 244,0xf7798c2a6bd9b19c32c3c39bed73187c0c18baa32294c1ad4c3ba9deb1bf83d7,,1
91,3,23124835,0x7c0000000013,19,0 40 61,8,5,13 73 133 193 253,0x79ef794ae6d938c59993bec75de3df9ad532e23347f00a002c99b74575702768,,1
91,4,23231296,0x3e00000002,2,0 23 44,10,5,10 70 130 190 250,0x9345ddc40e8af71dad5acfedaa8c95f57f97dd6c6c7f49b37951e6f607eeac8b,,1
92,1,22871277,0x1fe0000000000000000000000000000000000000000002d,45,0 2 23,16,8,58 59 118 119 178 179 238 239,0xe854626760dd3ddf1c926b301c83a00e314be569c15d16655f9e5733e6080932,,1
92,2,22924055,0xff000000000000000000000000000000021,33,0 54 11,14,8,43 44 103 104 163 164 223 224,0x4ab314bf7be7d38e3a59b8337850f1031da07ce04c466362966e4f60b5d2bdf9,,1
92,3,22987726,0x3fc000000002a,42,0 63 20,16,10,13 14 73 74 133 134 193 194 253 254,0xe4efa4b3eeedc30f3f03dc95984ca1de36f3d8697de4ee1c63cc5c1e3ce1cdac,,1
92,4,23258538,0x1f000000000000000000000000000000000000000010,16,0 37 58,7,4,55 115 175 235,0x96f6e860da0712da9b2355c75fe6d00cdffe530fb483288bc90c8a79e0820f41,,1
92,5,24034018,0xf80000000f80000000f80000000f80000000f803b,59,0 16 37,43,26,4 15 16 28 40 52 64 75 76 88 100 112 124 135 136 148 160 172 184 195 196 208 220 232 244 255,0xc4dc89732a6e55b625086874961f30cd17bb930abfb904ba6b02b06c1fad99c4,,1
92,6,24608426,0x7c3e1f0f80000000f803a,58,0 15 36,56,31,0 3 4 16 19 22 25 60 63 64 76 79 82 85 120 123 124 136 139 142 145 180 183 184 196 199 202 205 240 243 244,0xa55ea900e322ac9df9b1555d504f3b423ad29e06b83a8837fd5a207d2438822a,,1
92,7,24609177,0x1fd1,17,0 38 59,18,10,0 1 60 61 120 121 180 181 240 241,0x29892f1954c40050a2f0ba978fbe013313f5c06a6cd8c39067e4356ca68e6990,,1
92,8,24782054,0x1fff,63,0 20 41,27,15,0 1 2 60 61 62 120 121 122 180 181 182 240 241 242,0x2a3dd088d5b88acf21dfdd80182294362b4109144d93257ee27236b47db95caf,,1
92,9,24868199,0x7c3e00000003e1f0f8001,1,0 22 43,69,36,3 4 7 10 21 22 24 25 63 64 67 70 81 82 84 85 123 124 127 130 141 142 144 145 183 184 187 190 201 202 204 205 243 244 247 250,0xd51dd4ab0f389c98799f3ad4c16245b720bd3b0c3780f11532b19e1ead694856,,1
92,10,24995750,0x1fc5,5,0 26 47,8,5,1 61 121 181 241,0xa4566b82a80473e4a8c7f1b93132baafca6f98a468a95f76daa796c0a081a6fa,,1
92,11,24995805,0x1ff6,54,0 11 32,27,15,0 1 2 60 61 62 120 121 122 180 181 182 240 241 242,0x193ed8e81ce257e0cd8fb7917b50a9e067f34159db076c0a43475ffc15503395,,1
93,1,22839673,0xff00001c,28,0 49 6,18,10,7 8 67 68 127 128 187 188 247 248,0x1b62d34ddf8ae06a458f3d4a060dfb2921355e591731d39fb9876bdfdc0ed6f9,,1
93,2,22839784,0xff000000000000000000000000000000021,33,0 54 11,14,8,43 44 103 104 163 164 223 224,0xa1c0c9683363b61d50b526f73fb117ad8a06f43525341ec0531df66934524a62,,1
93,3,22839914,0x3f800000000000000000000000000002a,42,0 63 20,8,4,40 100 160 220,0x64a864076a6f9284e43bdd004cfb7da08bd426e8bf26a977f7d17c09f1cdfcd9,,1
93,4,22957323,0xf8037,55,0 12 33,9,5,4 64 124 184 244,0x21b6d9eb3b2041f88ba216c08e2b1144232849b2bea8b180e02636925b1c03b2,,1
93,5,23124854,0x3e00000000000000023,35,0 56 13,8,4,22 82 142 202,0xc7123388df3a33e6743f0f58672683fac67723551d2161cf4896b769a4bc5711,,1
93,6,23231382,0x7c000000000000000000000000000b,11,0 32 53,5,4,37 97 157 217,0x3b16bcad0d173a9293e01f1edfb0279bc28d20392e0d4d8ab2376a63c90cf491,,1
94,1,22839740,0xff000000000000000000000000000000000000000018,24,0 45 2,14,8,55 56 115 116 175 176 235 236,0x83332b258d2cb7c534002fb2fed8c31468e5f7879be7bfbb24954749de71be8d,,1
94,2,22844551,0x1fe00000000000000000000000000000000031,49,0 6 27,11,8,46 47 106 107 166 167 226 227,0xd72060cb1135e3bccf9991f16d347e6595a9ebd1412493c86f97ecb1a584c9f4,,1
94,3,22844624,0x7f800000000000000000001a,26,0 47 4,10,8,28 29 88 89 148 149 208 209,0xe64c6f102e8d67de07875eda55b707a83563a911a78690f90d0faad0b925ec4d,,1
94,4,22845962,0x3fc0000000000000000000000000000000000017,23,0 44 1,21,12,48 49 50 108 109 110 168 169 170 228 229 230,0xdb22a4ada34c50e1942f9adbec3efcd3ac9a2ff5fbeb463c761a22699b5db93e,,1
94,5,22848389,0xff000000000000000000000000000000000000000011,17,0 38 59,19,12,54 55 56 114 115 116 174 175 176 234 235 236,0x38e4cf3496392e5bb3d02707de7f005a951ac02b154633f2aa117882e65273ff,,1
94,6,22849400,0x1fe00000000000000000000000000000000000000000034,52,0 9 30,21,12,57 58 59 117 118 119 177 178 179 237 238 239,0xa95988194d3ef1c3d00a57e336f35c4bd08e10df091e85d3f2d38d70627bccdf,,1
94,7,22902181,0x7f000024,36,0 57 14,18,10,0 7 60 67 120 127 180 187 240 247,0xc9d37cbfc3efd3e4500bf5979dea1622ef79eb9451b7b66fb19dd9fb2d1bd7f6,,1
94,8,23172836,0xf800000000000000000000000000001b,27,0 48 5,8,4,40 100 160 220,0x4caf11df0969ef57509a75eb118e3f4858728b285770d7bbe542afaef5ad6452,,1
94,9,23217351,0x1f00001a,26,0 47 4,16,10,6 7 66 67 126 127 186 187 246 247,0xa5ab50d8edfc1603c2900f26cfaac44b78ebbb5f45a7b91b48bd2851bf07582d,,1
94,10,23217492,0x1f000002,2,0 23 44,8,5,7 67 127 187 247,0xd83d5b23927a7f14673d62078dce0307eabefc6496bb74db87500070ab7aaed1,,1
95,1,22839854,0x3fc0000000000000000033,51,0 8 29,14,8,25 26 85 86 145 146 205 206,0x0efa612ead503b3f1c4aff83462e52356ccefb2923c117876aef1174d2e4f5a9,,1
95,2,22843254,0x3f8000000000000000000000000000016,22,0 43 0,8,4,40 100 160 220,0xb83c821aec6af2bb0ea5fdbd881619317f9fbbedca21ddc434c6d0fb809167be,,1
95,3,22848488,0x7f8000000000006,6,0 27 48,11,8,16 17 76 77 136 137 196 197,0x963ca2e3a728911b7436ee824049582c7b894111e05db0338a2da71f2ef8cfe5,,1
95,4,22902298,0x7f000000000000000000000000000000000,0,0 21 42,13,8,42 43 102 103 162 163 222 223,0x75b8897c133ec7ce8d8f8fec6e08316611197052bf1c503686c96fe3acd684c1,,1
95,5,23172903,0xf800000000002a,42,0 63 20,14,9,15 16 75 76 135 136 195 196 255,0x7ce15479b2c93a19ac2e74c5fd305a93b406ed4057f8986d96b08a8942651798,,1
95,6,23217383,0xf800000000000000000000000000000000000000c,12,0 33 54,7,4,52 112 172 232,0x6e47758d00126a453646285bbf48e5c1b524abefff29d055e4b024853244cdc8,,1
96,1,22839983,0x3f8020,32,0 53 10,9,5,4 64 124 184 244,0x39ba80e1866ffc1d09de2e597461e3e9deef25f301dfaeff660571953e4a380e,,1
96,2,22957338,0xf8007,7,0 28 49,19,10,3 4 63 64 123 124 183 184 243 244,0x6d108b5e48059c40e463680c6469d7c26f7704836ab03c416f783b7d2256b882,,1
96,3,23124877,0x3e00000000000000000000000000000000001,1,0 22 43,6,4,46 106 166 226,0x8bea80661577399b03f77d1f8fb43e9187d744e53acd9f884385b3115d70c31d,,1
96,4,23231332,0x3e00000000000000000000000000000000000000000008,8,0 29 50,8,4,58 118 178 238,0x89f9a3e9e9dc01bd356d6c2d6161c5f2e0f1325999c294e79b2c3d57eb317cb2,,1
97,1,22843107,0x7f8000000000000000000007,7,0 28 49,10,8,28 29 88 89 148 149 208 209,0x1959f78985d16863dd9b094592e53482f3087b9ec3af2ee23c3be1e50d2020c7,,1
97,2,22952192,0x7f000000000000000000000000000000000000000007,7,0 28 49,7,4,55 115 175 235,0x5967590eb62bea02504a59e56eb67af8aaedc49473da420cb3ce9499146fb547,,1
98,1,22954790,0x7f00000000000003a,58,0 15 36,5,4,19 79 139 199,0xb6aa06fc81f8b345872e7647b680fb2d3936607a2d9e0e02d437fcf29b77e9c1,,1
98,2,23475781,0x1fc1,1,0 22 43,18,10,0 1 60 61 120 121 180 181 240 241,0xcd7005e5671e575dc7a14fd965cc4d01628e6b5576be815142f65efc65aa1bf8,,1
98,3,23475862,0x1ff8,56,0 13 34,27,15,0 1 2 60 61 62 120 121 122 180 181 182 240 241 242,0x19ab6fe3701b7036254ba989a98e13d17c6ad721ef453a3332e0601e56725fc8,,1
98,4,24318016,0x7c3e1f0f87c0000000031,49,0 6 27,50,29,13 16 18 19 21 22 25 73 76 78 79 81 82 85 133 136 138 139 141 142 145 193 196 198 199 201 202 205 253,0x24302b781e8ca6754d42aecd74a7560cf1ee3ae91ee635b03d638b3392771b4e,,1
99,1,22840149,0x7f00000000000000000000000e,14,0 35 56,5,4,31 91 151 211,0x7a96b67774d4ed8d624e0fba9b5f4bbe60983e50f1ad28f3ad3485ff4a29607f,,1
99,2,22957517,0xf8007,7,0 28 49,9,5,4 64 124 184 244,0xae3e5a6ef72334df4fbd9d8494eb47ab532759016267449b234c3a0f5cee385b,,1
99,3,22957644,0xf801c,28,0 49 6,19,10,3 4 63 64 123 124 183 184 243 244,0x07d59ce596024f9702351f9ea0448ad73bf8a2a3d4ae79cab9c5dbd488bc8288,,1
99,4,23124951,0x7c000000003c,60,0 17 38,8,5,13 73 133 193 253,0x00e7c53f4098bbddb2afb12a22c2598837a8fdccec1715bd90a275c130d6bd26,,1
99,5,23231576,0xfe00000000000000005,5,0 26 47,8,4,22 82 142 202,0x27380ff257155b54fbca6a2fa8ef90a57bd8aa7cd81b7a029946b02d3a3225f7,,1
99,6,24919220,0x7c3e00000003e1f0f802a,42,0 63 20,59,31,4 7 10 21 22 24 25 64 67 70 81 82 84 85 124 127 130 141 142 144 145 184 187 190 201 202 204 205 244 247 250,0x5ba64c88b46349fd5cfc999a51ad8d4dc21342aa4fd9dd599280dfb281c13276,,1
100,1,22840226,0x7f000033,51,0 8 29,8,5,7 67 127 187 247,0x110fcbdb301b9377d62967d6d93f205b32da00c76a635eab7e4c75ad1805605b,,1
100,2,22840311,0x7f000000,0,0 21 42,26,15,6 7 8 66 67 68 126 127 128 186 187 188 246 247 248,0xd67ffd4c8ee6586986703a319c4b392a6931746e54194f9bb5689239d9934df0,,1
100,3,22957534,0xf801c,28,0 49 6,9,5,4 64 124 184 244,0x7b1dbe54b5b359e1ba11c334578d7ebef5fbb659f5d8b824c7c8146b5f13dc52,,1
100,4,22957660,0xf8037,55,0 12 33,19,10,3 4 63 64 123 124 183 184 243 244,0xe83c48c4271b7648db3e7a5d72dac9bb77ff9fd3e5ab6e940c4d060a1a311f96,,1
100,5,23124970,0xf800000000000000000000000000002a,42,0 63 20,8,4,40 100 160 220,0xdcbc508ad29ff27053c0d267bd8e9418fc9699eecc59411b58f76418ef4d142f,,1
100,6,23231623,0xf8000000000000000000000000000007,7,0 28 49,13,8,39 40 99 100 159 160 219 220,0x1529c648ce0c48ca57a47e4aaeacca7d2bbca26d99771b38525ed38e34fb0d5d,,1
101,1,22840366,0x7f00000000000003a,58,0 15 36,5,4,19 79 139 199,0xb6aa06fc81f8b345872e7647b680fb2d3936607a2d9e0e02d437fcf29b77e9c1,,1
101,2,22957549,0xf8007,7,0 28 49,9,5,4 64 124 184 244,0x4b02dcca1167b830f1870567a99ccceab4c344a834f427ac02337429cd65a352,,1
101,3,22957675,0xf801c,28,0 49 6,19,10,3 4 63 64 123 124 183 184 243 244,0xc7a60a5ce0cd724f1d658b3abd53426bbd21af5b0ec74dfc0ae060ff43aa46ba,,1
101,4,23124988,0xf8000000000000000000000000000000000000001,1,0 22 43,7,4,52 112 172 232,0xb0f9056287544feed1fa001ec227aca9b003e102146d873345673b3a2fbbbb2a,,1
101,5,23231656,0x7c000000000000000000000000000000000002c,44,0 1 22,6,4,49 109 169 229,0xd2e8c691f1eac1979a3503a1028f889b8d104d3ce1852576a893653924ee13e5,,1
102,1,22840751,0x7f000033,51,0 8 29,8,5,7 67 127 187 247,0x110fcbdb301b9377d62967d6d93f205b32da00c76a635eab7e4c75ad1805605b,,1
102,2,22957868,0xf8007,7,0 28 49,9,5,4 64 124 184 244,0x8948fbad2dc50f34b705c7aa839f277d81b5345b7824c0123538094dc00b349f,,1
102,3,23125085,0x7c0000000013,19,0 40 61,8,5,13 73 133 193 253,0x2f92529ab9cd9c56173ce03121bcb183ff897170491ce52d06dfdf430d5fabbe,,1
102,4,23231865,0x7c000000000000000000000000001e,30,0 51 8,5,4,37 97 157 217,0x3d2490cf853b4e23ada8e5a0265a5d744d763cfe5f69ab833f76c5836edeb828,,1
103,1,22840839,0xfe00000000000000030,48,0 5 26,8,4,22 82 142 202,0x642f312bebc7fce64252bdee4d14a8a1483fae178df6ed977152de60caf1b1c5,,1
103,2,22957888,0xf8007,7,0 28 49,9,5,4 64 124 184 244,0x0df0788ebe88a2cd506440b137e2852ca4602099b498ff6b736aeb3b0cdbdb3b,,1
103,3,23125104,0xf8000000000000000000036,54,0 11 32,5,4,28 88 148 208,0x52f38469671d1eb0d1679e879d773206659279b13d96859873500f93a441703b,,1
103,4,23231899,0xf800000000000000000000000000002b,43,0 0 21,8,4,40 100 160 220,0x8ed4484542cb02b8a029ea5f955ebb3196db9f3786e74fae8807921297cf84fe,,1
104,1,22840859,0x7f8000000000000000000000000000006,6,0 27 48,14,8,40 41 100 101 160 161 220 221,0x48f71dfe3e103c9be34117e4a7d086c2ec431d6adb7205133c4e7637cc4e0708,,1
104,2,22843080,0x1fe00000000000000000000000000000000031,49,0 6 27,11,8,46 47 106 107 166 167 226 227,0x30bd8b500921612ac9b8a250c8fcbde2113a8d3eaa4904aa417c9839b4d944e8,,1
104,3,22843670,0x1fe00000000000000000000000000000000025,37,0 58 15,15,12,45 46 47 105 106 107 165 166 167 225 226 227,0xbb74d254de68ac47298c74b5c1a259deade547d88841429145496b78ccb44f13,,1
104,4,22843957,0x7f8000000000018,24,0 45 2,11,8,16 17 76 77 136 137 196 197,0xd8c7d06765165b44ef6a46f4b647da98fa612cdeff14ade2b91b586e7ef2b505,,1
104,5,22844025,0x7f800000000000000000000000000002f,47,0 4 25,19,12,39 40 41 99 100 101 159 160 161 219 220 221,0xc74785a393bd20085b85807cac3612b20ab917c98d7c2e1c0566b53f24bcf05e,,1
104,6,22844378,0x7f00002b,43,0 0 21,8,5,7 67 127 187 247,0xa45b6e5a78fca447f623771d510f76d4293445315fe8acdcdbd1a6bfd49470af,,1
104,7,22844440,0x3fc0000000000000000000000000000000000020,32,0 53 10,31,17,0 48 49 50 60 108 109 110 120 168 169 170 180 228 229 230 240,0xa05ac164fd27b3f0842993ccd82224632ec760dbffd358bb6d54af543da8ff2b,,1
104,8,22845098,0x1fc000000000f,15,0 36 57,8,5,13 73 133 193 253,0x13cd327377c87aa86d20ad7197df9db8f00740df8d6770876bd523ac637b0578,,1
104,9,22846625,0x1fe00000000000000000000000000000000000000000036,54,0 11 32,16,8,58 59 118 119 178 179 238 239,0xca7fedfa408ebd44a895c4da8a6b4b561e9b05897d0a095c1f1e93274644ad90,,1
104,10,22846661,0xff00000000000000000000002b,43,0 0 21,13,8,31 32 91 92 151 152 211 212,0x5407c78a3df0972cea906b6fcf0947adfc044a6f9e0098ac155053abdb6c492e,,1
104,11,22847947,0x7f8000000000000000000032,50,0 7 28,13,12,28 29 30 88 89 90 148 149 150 208 209 210,0x8da23070fc562f087758b9f655316d1c8201b793370ec40bd3080b0e983e4181,,1
104,12,22849511,0x1fe00000000000000000000000018,24,0 45 2,20,12,33 34 35 93 94 95 153 154 155 213 214 215,0xece6ff096c1102846b28024cc70c4388524c3bfa2dbdecea7fc0779ee1abc26f,,1
104,13,22903149,0xff000000000000000000000000000000000000000007,7,0 28 49,19,12,55 56 57 115 116 117 175 176 177 235 236 237,0x57ee5faf4c4f5e7d528aca048a088bef708ef6e73c2e490307d308e27f8f4eb2,,1
104,14,23173411,0x7f8000000000000000000014,20,0 41 62,17,12,27 28 29 87 88 89 147 148 149 207 208 209,0x885318858b6eb1394f57f205fd4dee34fbb1147fea5196e23c08ead635bca5ca,,1
104,15,23217819,0x1f000000000000000000000027,39,0 60 17,18,13,0 30 31 60 90 91 120 150 151 180 210 211 240,0x1c27097d49956600c526721ec1da969119b80e81a86571ff339e12192127d6d6,,1
105,1,22840898,0x3f8000000000000000000028,40,0 61 18,5,4,28 88 148 208,0x819811b7abd6ac623313f2ce18f8eba5acdbe5162e1d54ae071f5f9860a9e39b,,1
105,2,22957904,0xf8007,7,0 28 49,9,5,4 64 124 184 244,0xf92ae86439f912fb5fa327fd37dab61b9429db80524b719421a2cd2cbfb584c6,,1
105,3,23125124,0xf800000000000000000000000000000000000000d,13,0 34 55,7,4,52 112 172 232,0x5734b270c1fd70d6d5d36880f2c09afc42e8536c039bc81104e86c9c6f45934c,,1
105,4,23231921,0x3e00000000000000000000000001,1,0 22 43,6,4,34 94 154 214,0x412dc567a5b302813cbf0b9cf6340443d4afa49f19b991684c8d7238f44232a8,,1
106,1,22841169,0x7f00000000000003a,58,0 15 36,5,4,19 79 139 199,0xb6aa06fc81f8b345872e7647b680fb2d3936607a2d9e0e02d437fcf29b77e9c1,,1
106,2,22958006,0xf8007,7,0 28 49,9,5,4 64 124 184 244,0x4b02dcca1167b830f1870567a99ccceab4c344a834f427ac02337429cd65a352,,1
106,3,23125203,0x3e00000000000000037,55,0 12 33,16,8,21 22 81 82 141 142 201 202,0xfa267896a08404b09fc8090f6a9d51448e539c923742eb91921eb097ec763e70,,1
106,4,23232114,0x7c000000003c,60,0 17 38,8,5,13 73 133 193 253,0x1a26cd0906edf97085d7813b03360b564df2c155056a167c9d9b6427b5959851,,1
107,1,22841221,0x3f800000000000000000000000000000000000000d,13,0 34 55,7,4,52 112 172 232,0x3e540c36529b49c8f33956e57fbd584efc241fc8d660ee2bcc52abb7ac15e27f,,1
107,2,22958024,0xf8007,7,0 28 49,9,5,4 64 124 184 244,0xf7b875ce77ad7fb94bc1add6b57da798ad214f11d585b884fb9d5529b884cd54,,1
107,3,23125220,0xf801c,28,0 49 6,19,10,3 4 63 64 123 124 183 184 243 244,0x55afa1f974f71466bd7d57fedf3ce67161c10bce3913d19e8ebaf4127c87a43f,,1
107,4,23232141,0x3e00000000000000000000000000000000004,4,0 25 46,6,4,46 106 166 226,0xd89a9229d849d3cbcdb30578dd6452105c6797f4f4615dc06b4e199bfe6ac9bf,,1
108,1,22841298,0x3f8020,32,0 53 10,9,5,4 64 124 184 244,0x39ba80e1866ffc1d09de2e597461e3e9deef25f301dfaeff660571953e4a380e,,1
108,2,22958166,0xf8007,7,0 28 49,19,10,3 4 63 64 123 124 183 184 243 244,0x6d108b5e48059c40e463680c6469d7c26f7704836ab03c416f783b7d2256b882,,1
108,3,23125235,0x3e0000000000000000000000000000000000000000000a,10,0 31 52,8,4,58 118 178 238,0x9c3d61669b8e215de1a81f95d8e6ed4b510ad5c0b92c1d2dca432368c6bcfc2f,,1
108,4,23232170,0x7c000000000000000001b,27,0 48 5,8,4,25 85 145 205,0xe680a1687154c19c80a365896b937429276c48bd021b50e457ec2de4edec1b75,,1
109,1,22841425,0x3f800000000000000000000000000000000000000d,13,0 34 55,7,4,52 112 172 232,0x3e540c36529b49c8f33956e57fbd584efc241fc8d660ee2bcc52abb7ac15e27f,,1
109,2,22958309,0xf8007,7,0 28 49,9,5,4 64 124 184 244,0xf7b875ce77ad7fb94bc1add6b57da798ad214f11d585b884fb9d5529b884cd54,,1
109,3,23125364,0x3e00000000000000037,55,0 12 33,8,4,22 82 142 202,0xa4b9db16c5d887567339dbe0a5bb46bf453234c7c4bcf18d9834df2ade503a20,,1
109,4,23232962,0x7c000000003c,60,0 17 38,8,5,13 73 133 193 253,0xc73358f900cff3f9e983eb97bc6e67c49726562c0d07947caeeccb642c27b7be,,1
110,1,22841472,0x7f00000000000000000000000000000000000000000f,15,0 36 57,7,4,55 115 175 235,0xe3687dd28d25b8a5f0723941c69957776f4b28dd599dce81b5ff8803e8d93b98,,1
110,2,22958328,0xf8007,7,0 28 49,9,5,4 64 124 184 244,0xc45e577b112397deef7fe27c29645156f0371c5c4db5e44304604f2ef1effa9b,,1
110,3,23125379,0x3e00000000000000000000000001,1,0 22 43,6,4,34 94 154 214,0xd8a1ef720926c84532883ba2b192bb394d2df692ee1ec634534098c0edd7ff87,,1
110,4,23232987,0x1f000000000000012,18,0 39 60,5,4,19 79 139 199,0x2e5fab7093a5077312300fc18d5a8769e05dc9e19aed2f86907f160da0fb0ce5,,1
111,1,22841543,0x1fc0000000005,5,0 26 47,8,5,13 73 133 193 253,0xbbc026f50244554c0c3ace741513aa3319c361a656c49e22cdb91fd6921c44af,,1
111,2,22841615,0x3f8000000000000000000000000000000000000033,51,0 8 29,7,4,52 112 172 232,0xeca308c2a2e20abc8b4ab272cdd39532b8c5081a484b0f35019d2e941e37f65d,,1
111,3,22958344,0xf801c,28,0 49 6,9,5,4 64 124 184 244,0x806e42d9bb6a6a8b1616b7d152e8dc9fe1ef59d1797c134aee253462a06467f1,,1
111,4,23125393,0x1f000000000000000000000000000000026,38,0 59 16,7,4,43 103 163 223,0xea47d71bc7dee88c95700531c884824f73ea22c96515f19d6ed0465046ef6b74,,1
111,5,23233014,0x3e00000000000000000000000000000000027,39,0 60 17,6,4,46 106 166 226,0x79722ebc4957ffd44ad8137a1bc1db6ec2ea6dfe73ace2fe7ca228bd163924c6,,1
112,1,22841989,0xfe00000027,39,0 60 17,10,5,10 70 130 190 250,0x494fdc0201ad6e241d2a37f40274edfe8fc8091e7b2f626ae68e55725acaaa69,,1
112,2,22958535,0xf8007,7,0 28 49,9,5,4 64 124 184 244,0xe98f03521fa029cd3b11cf9f3137997b32f1f5c13a29f5b89166750a8b8f5e31,,1
112,3,23125450,0x3e00000000000000037,55,0 12 33,8,4,22 82 142 202,0xeab71ede675a8dc49204dfac9d552fe25b8cce0479e4cde4b6e35d3bfa0a0130,,1
112,4,23233174,0xf8037,55,0 12 33,19,10,3 4 63 64 123 124 183 184 243 244,0x0ed3e1d860393079e40b9e9d3937d9a486143fd31d9c73e375afa0389c052f9a,,1
112,5,23233906,0x3e0000000000000000000000000000000000000000002e,46,0 3 24,8,4,58 118 178 238,0x4276abe6efb7c8ac27e6e48eb9572a9eeb0473db36342e70c1e9162b55830a50,,1
112,6,23233954,0x1f000000000000000000000000000000000000000031,49,0 6 27,17,9,0 55 60 115 120 175 180 235 240,0xc6c98f12fd11566d77e114363fbc22ad3ee51bec2c50cf48fa8d5a4a557ca162,,1
112,7,23234043,0x1f00001c,28,0 49 6,8,5,7 67 127 187 247,0xc76a1f3d50cddb7470ead2584763145c728ef001c0d3746a86861644971e532d,,1
113,1,22842039,0x7f00000000000000000000000e,14,0 35 56,5,4,31 91 151 211,0x7a96b67774d4ed8d624e0fba9b5f4bbe60983e50f1ad28f3ad3485ff4a29607f,,1
113,2,22958550,0xf8007,7,0 28 49,9,5,4 64 124 184 244,0xae3e5a6ef72334df4fbd9d8494eb47ab532759016267449b234c3a0f5cee385b,,1
113,3,23125467,0x1f000000000000000000000000000000028,40,0 61 18,7,4,43 103 163 223,0x0ed0ba75e80695f7c34e4a70b9e5eec30df9d2c6777e19a03194ed165e8dd612,,1
113,4,23233212,0x7c000000000000000001b,27,0 48 5,8,4,25 85 145 205,0xb6aa128a3679144cc107b1594dd0d5b0fea86aeb010cb6d169331cc4f6f15815,,1
114,1,22842112,0x7f00000000000000000000000000000000000000000f,15,0 36 57,7,4,55 115 175 235,0xe3687dd28d25b8a5f0723941c69957776f4b28dd599dce81b5ff8803e8d93b98,,1
114,2,22958566,0xf8007,7,0 28 49,9,5,4 64 124 184 244,0xc45e577b112397deef7fe27c29645156f0371c5c4db5e44304604f2ef1effa9b,,1
114,3,23125482,0xf800000000000000000000000000000000000000d,13,0 34 55,7,4,52 112 172 232,0xb0499314ea4c187e6dec7c2695707feedc22c6250a3ba2e6f1e4e7a498f24ac3,,1
114,4,23233238,0xf8000000000000000000000000000000000000001,1,0 22 43,10,8,51 52 111 112 171 172 231 232,0x89a5427293a28d8b1a8b4d6baf5179b0c305784f7942992922250e3c34791cb3,,1
115,1,22844475,0x7f00000000000003a,58,0 15 36,5,4,19 79 139 199,0xb6aa06fc81f8b345872e7647b680fb2d3936607a2d9e0e02d437fcf29b77e9c1,,1
115,2,22943241,0x1fe00000000000000000000000000000000000000000036,54,0 11 32,16,8,58 59 118 119 178 179 238 239,0xf9b0a8fc08e5801092ad92f66bdfc2b9f7ea17071b72391bc91ebb1d2d32b31b,,1
115,3,22972516,0x3f8000000000000000000000,0,0 21 42,5,4,28 88 148 208,0x294be2211caa52f20918114f5e03d45f4a059b92008077c23c76d3d9be042f2c,,1
115,4,22972798,0xfe00000000000000000000000000000000024,36,0 57 14,6,4,46 106 166 226,0xe4018aeeb309eb6ed1d461f5377cb84c37e1cfd292ebf6c02d68f5a529a4a21d,,1
115,5,23126371,0x3f800000000000000000000000000000000000001c,28,0 49 6,7,4,52 112 172 232,0xa692597e38271c59aa6d4fc307e20195e710a983a794f6983d23de2cbd56cdeb,,1
115,6,23284457,0x7f00000000000000000000000c,12,0 33 54,8,8,30 31 90 91 150 151 210 211,0x7bd52f1e23d3d1178f6d54e520522b51555d8676003215578467af423488017c,,1
115,7,23334777,0x7f800000000001b,27,0 48 5,11,8,16 17 76 77 136 137 196 197,0x912dc8346779c6cae78e1c8836c7cda3312856a0d0db7f84b70674702127d9bf,,1
115,8,23335903,0x3e0000000000000000000000000000000000000000000c,12,0 33 54,23,13,0 57 58 60 117 118 120 177 178 180 237 238 240,0xd55781c4c70e96fb1b2803eca93277ae155ed795f18cc2dccd39de583aa18ac0,,1
115,9,23453012,0x3e000000000000f80000000f80000000f80000000f801e,30,0 51 8,51,30,4 15 16 27 28 40 58 64 75 76 87 88 100 118 124 135 136 147 148 160 178 184 195 196 207 208 220 238 244 255,0x160dc0284c4898c52c354e9947294468856f05ce45bcaf270126e6babc10ee92,,1
115,10,23690631,0xf80000000f80000000f80000000f80000000f8014,20,0 41 62,53,34,3 4 16 28 39 40 51 52 63 64 76 88 99 100 111 112 123 124 136 148 159 160 171 172 183 184 196 208 219 220 231 232 243 244,0x464de6252b788826687275d208de449097a167eb44f62f62ce09c65b95e03fa3,,1
115,11,23846076,0xf80000000f80000000f80000000f80000000f8005,5,0 26 47,50,30,4 15 16 27 28 40 52 64 75 76 87 88 100 112 124 135 136 147 148 160 172 184 195 196 207 208 220 232 244 255,0x5961fc3649dda95393e8b001c078e44f2550d688da7b1b0038f592ec5465735a,,1
115,12,24163671,0x3e1f0f87c3e0000001f,31,0 52 9,52,30,10 13 16 18 19 21 22 70 73 76 78 79 81 82 130 133 136 138 139 141 142 190 193 196 198 199 201 202 250 253,0xc302108ec2069bf258ecd08ef50c980e75116634f1af1d1e179ab46e550ee91f,,1
116,1,22843754,0xfe00000000000000000000000000000000000000000003,3,0 24 45,8,4,58 118 178 238,0x0d5049ee43ebaaa8cb5b8a2ee95e512420880158694e0a7571057f67f7399932,,1
116,2,22938262,0x7f8022,34,0 55 12,19,10,4 5 64 65 124 125 184 185 244 245,0x37fa941fa26d8aff6dd18bec609f0827e1851b888f93738b32ed46a5e6221294,,1
116,3,22962953,0x7f800000000000000000001a,26,0 47 4,10,8,28 29 88 89 148 149 208 209,0x98a0270dd3ca8916ca8634d0505e7420841f953a9cc65edc52f25d3f03b3fec4,,1
116,4,23070905,0x3fc0000000000000000000000000011,17,0 38 59,9,8,37 38 97 98 157 158 217 218,0xbf631b83e80d2a1914cb922e5a1add0c64f7c46a7c8c785a9431e7a0590d5923,,1
116,5,23134123,0xf8000000000000000000007,7,0 28 49,12,8,27 28 87 88 147 148 207 208,0x7f510ac38570ca44cbcf6d67364f4622d07b33fdd964e3738a624874abbdb9bb,,1
116,6,23134158,0x1f00000000000000000000003d,61,0 18 39,8,8,30 31 90 91 150 151 210 211,0x0372fcb2857b7074266010e4a44756739026ca35dd459caf5f1a2a81761f1731,,1
116,7,23134204,0x3e00000000000000000000000013,19,0 40 61,6,4,34 94 154 214,0x6b1c1fe5ef427c13c6e9ded1d1497c82b23cfd02dbcf83daf9da42be040a2d0a,,1
116,8,23134237,0x7c0000000000000000000000000010,16,0 37 58,13,8,36 37 96 97 156 157 216 217,0xc1cd1a4455e9ee2fa868787baee98c7a606eb920852f39cee05230ed1000c219,,1
116,9,23134275,0xf8000000000000000000000000000007,7,0 28 49,13,8,39 40 99 100 159 160 219 220,0x65534dd2327122df76ec78f4a320c3baba9dda74a7d1456cf2a5ad3cd20b2de5,,1
116,10,23134302,0x1f00000000000000000000000000000001a,26,0 47 4,7,4,43 103 163 223,0xae5836556bef1effb2893a693c2eec73da7b031fd2dc5fbdebdcf100910e26b7,,1
116,11,23134332,0x3e00000000000000000000000000000000000,0,0 21 42,6,4,46 106 166 226,0x8fadf649b39efd75905a516f9a902cd038816e55303083927ab4ea2fb3fbf1e5,,1
116,12,23225269,0x7c000000000000000000000000000000000000d,13,0 34 55,6,4,49 109 169 229,0x592a2835910487f7f4f399adbe47e85c6cc27ccfd0f0bcb445b4c0cf28f1904e,,1
116,13,23275953,0xf800000000000000000000000000000000000000b,11,0 32 53,17,9,0 52 60 112 120 172 180 232 240,0x36554a4289f2db5a08aee110f116c4c044d1f1a96b188ff61425f8680ae4d812,,1
116,14,23275974,0x1f000000000000000000000000000000000000000026,38,0 59 16,7,4,55 115 175 235,0x69bd2b92630987a1262e81f15f522960ff43853cc4f5e94150bda8e49af90872,,1
116,15,23276000,0x3e0000000000000000000000000000000000000000001e,30,0 51 8,13,8,57 58 117 118 177 178 237 238,0x0f03cf34bbe477cc262d8c33db92a7dadef0769976cee23926b5c9d0fe9356c0,,1
116,16,23465428,0xf80000000f80000000f80000000f80000000f8012,18,0 39 60,48,30,3 4 16 28 40 51 52 63 64 76 88 100 111 112 123 124 136 148 160 171 172 183 184 196 208 220 231 232 243 244,0xd7d28a907363aa795cf08954f478e8d04bdacb0b3b21fc04e1dc4450975c2b77,,1
116,17,23822407,0xf80000000f80000000f80000000f80000000f8024,36,0 57 14,55,34,4 15 16 27 28 39 40 52 64 75 76 87 88 99 100 112 124 135 136 147 148 159 160 172 184 195 196 207 208 219 220 232 244 255,0x1879f1f6f4b5597ff5b51d3f275f0d17d675a4cad2a5148642ca2371c19ab2cd,,1
117,1,23403939,0xf80000000f80000000f80000000f80000000f802e,46,0 3 24,35,21,4 16 28 40 52 64 76 88 100 112 124 136 148 160 172 184 196 208 220 232 244,0x59d242a45ad7b2041297ee324c5f0bd34fb0b0ae457748fd13f1b7d0dca1afa9,,1
117,2,23434282,0x1fc1,1,0 22 43,18,10,0 1 60 61 120 121 180 181 240 241,0xe4eb604e87173895d0dc6d57466cdf058b857d72aeae50d72459444bfb03affa,,1
117,3,23440194,0x1ff8,56,0 13 34,37,20,0 1 2 3 60 61 62 63 120 121 122 123 180 181 182 183 240 241 242 243,0x22dc10bc7ca06551f90a7c6aebf7b9d68364fca5ffa414087bd1b48bda16cd1e,,1
117,4,24787142,0x1fc3,3,0 24 45,8,5,1 61 121 181 241,0xa045a9caf5b2f2323bd9f77ed592530399a1f317255a1f7a6ee39f31e1ad1872,,1
118,1,22844449,0xf800000000000000000000000000000000000003e,62,0 19 40,7,4,52 112 172 232,0x417c12421e1e8de3c26a82d9a6b0d3233539c859bf82a6578d8cd9a870113039,,1
118,2,22958707,0xf8007,7,0 28 49,9,5,4 64 124 184 244,0x00730c74c5def9b0cb391f31b6ff561ca756dabef08c0e4f76ed1a29ef4f76b0,,1
118,3,23125524,0xf8000000000000000000036,54,0 11 32,5,4,28 88 148 208,0xa0761c65523ed234f9c6b1533ad130d9a04e6d70acaaa087629007df0e76b0f9,,1
118,4,23234675,0x1f000000000000012,18,0 39 60,5,4,19 79 139 199,0x8ce942ec5ebdf275771024b9334bf1093d836c37097beb3190a81a82d558e534,,1
119,1,22844492,0xf8000,0,0 21 42,9,5,4 64 124 184 244,0x75d24ebcdf5e95a5dae6cb424a0865c25f593b2cc23b44e8c7e4115d71a8205a,,1
119,2,22958725,0xf8007,7,0 28 49,19,10,3 4 63 64 123 124 183 184 243 244,0xec3af8fc75e43823be4268213fbf562f341621a93aacd5507723d8ef0b063b21,,1
119,3,23125543,0x1f000000000000000000000000000000028,40,0 61 18,7,4,43 103 163 223,0x16fe63a631341c7cbf050c060d3c56a2ec358e71e0fbdd5a697f1d55eaa406d8,,1
119,4,23234699,0x3e00000000000000000000000000000000004,4,0 25 46,6,4,46 106 166 226,0x08cdf145932063e551cb0cd01b3c792c536f04ba833d64756a2f91e251bdb6a4,,1
120,1,22844536,0xf800000000000000000000000000000000000003e,62,0 19 40,7,4,52 112 172 232,0x825ad70db97d890dfa09605865f57c29bf66b5ed19e430b7c9dcd6864997a2d6,,1
120,2,22844621,0x7c000000000000000000000000002c,44,0 1 22,5,4,37 97 157 217,0x42089fd60fccb749d04acba786a0a1a7d538278e627703faa1ec49a2c56adabc,,1
120,3,22958747,0xf801c,28,0 49 6,9,5,4 64 124 184 244,0x96fd8ee4b0d4ca1a21712ad2ac56c12fd5f396230531b87e0200ee307fa64bd5,,1
120,4,23125560,0xf8000000000000000000000000000000000000001,1,0 22 43,10,8,51 52 111 112 171 172 231 232,0x86ae93a744718f72fd07c1dadea252bace3e13f11e5c173152057019774fc35e,,1
120,5,23234721,0x3e0000000000000000000000000000000000000000002e,46,0 3 24,8,4,58 118 178 238,0x808792c61b0a8f3cef1bc933681ead7e94f139ff928526327a74f38bcb07e191,,1
121,1,22845451,0xf800000000000d,13,0 34 55,6,4,16 76 136 196,0x0754142c75264138e3b4b6604028a0b9bf7946c4330b3635b083266e8e443020,,1
121,2,22959228,0xf8007,7,0 28 49,9,5,4 64 124 184 244,0x79fe30274fec0d9456df05546ede3eb935dabbfb0d458437a836902633b2ff33,,1
121,3,23125747,0x7c0000000013,19,0 40 61,8,5,13 73 133 193 253,0x6d05df00ecec70bf79d166cf58347471e2823deb163eea76fcfbd44b3e27b6a6,,1
122,1,22845599,0x7c0000000000000000000000000000000000024,36,0 57 14,6,4,49 109 169 229,0xa955f8d84737c2175415ac8b854a8949283f32126ead49a17693f571864e2d4e,,1
122,2,22959242,0xf8007,7,0 28 49,9,5,4 64 124 184 244,0x037cf25eb5677f7ee3a9239e0338491541a5fce095f14752ca90cc35f2eb4a53,,1
122,3,23125764,0x3e00000000000000037,55,0 12 33,8,4,22 82 142 202,0xf1c4be4a38bb1d529f88509c967df8ce8b0113178dff55337e479d4190799476,,1
123,1,22845694,0x1f000006,6,0 27 48,8,5,7 67 127 187 247,0x8318f8a23c511f1c13c1425742f91eae99da672ef6027c03788b656298400c1f,,1
123,2,22959256,0xf8007,7,0 28 49,9,5,4 64 124 184 244,0x5347b13b26d4353bc104eda823b6639299a3a1a4a56d3c8427444d8cd65ff48d,,1
123,3,23125779,0x3e00000000000000000000000000000000001,1,0 22 43,6,4,46 106 166 226,0x935606cf8843f75705b608c9fa6da35925ac7d47080bb74e9ac3b1aa70189219,,1
124,1,22845798,0x3e0000000000000000a,10,0 31 52,8,4,22 82 142 202,0xc8df1895d1a9e5a732401b0b4c8c945d6d3838483a49a8f8df94abd62392dba7,,1
124,2,22959359,0xf8007,7,0 28 49,9,5,4 64 124 184 244,0xbfa7fd1c54ac24a78687c24dda41f4dc6e500295e2e60611b2bd487c34ad57d9,,1
124,3,23125839,0x7c0000000013,19,0 40 61,8,5,13 73 133 193 253,0x4c15d5d0000f32b5209dad852c5bb3966c3189f2de1950d6cc8ff037375169fa,,1
124,4,23235390,0xf8037,55,0 12 33,19,10,3 4 63 64 123 124 183 184 243 244,0xadce0de29563f9237952061d66e615f0533287b1552f70adc736bb9db49c1255,,1
125,1,22845849,0x3e0000000000000000a,10,0 31 52,8,4,22 82 142 202,0x5c20e5fd7a6829dfb153d2fb989210ef2967de2fd20388753bbbf22ccd5238c6,,1
125,2,22959373,0xf8007,7,0 28 49,9,5,4 64 124 184 244,0x4d4aac25594e99d2b3cf91135274d86db4ffb3d9ed42da875f7be551d09d416c,,1
125,3,23125854,0x3e00000000000000037,55,0 12 33,16,8,21 22 81 82 141 142 201 202,0x85955d63916ff5c785cbe69b470a24457fc553e58615ca85f6f82288da70d56b,,1
125,4,23235416,0xf8000000000000000000000000000000000000001,1,0 22 43,7,4,52 112 172 232,0xa0a6593807a4a7de9b0d238403872694279c45275f7fd3db87608a72cf744eca,,1
126,1,22845929,0x3e00000000000000000000000000000000002,2,0 23 44,6,4,46 106 166 226,0x1d41ef37350151e04b703a15ee8b2d27d4ece6bd0484e3a2fe953c1c5230b57f,,1
126,2,22959388,0xf8007,7,0 28 49,9,5,4 64 124 184 244,0x1779a3985d6407d7b088affe2dca95a94f70e41226e349d7b6ed92d992ddac87,,1
126,3,23125871,0x3e00000000000000000000000000000000001,1,0 22 43,10,8,45 46 105 106 165 166 225 226,0x9c8fe4dad04d1960104d19d69115f327778cdf0f03a7d59bc1f2c5e61102f7ef,,1
126,4,23235444,0x3e00000000000000000000000001,1,0 22 43,6,4,34 94 154 214,0x15a07ca337a754fa11d4dcb036f4eb63959831f95853dec622f5ef654dcb3325,,1
127,1,22846056,0x3e0000000000000000a,10,0 31 52,8,4,22 82 142 202,0x5c20e5fd7a6829dfb153d2fb989210ef2967de2fd20388753bbbf22ccd5238c6,,1
127,2,22959498,0xf8007,7,0 28 49,9,5,4 64 124 184 244,0x4d4aac25594e99d2b3cf91135274d86db4ffb3d9ed42da875f7be551d09d416c,,1
127,3,23126039,0x1f00000000000000000000002d,45,0 2 23,5,4,31 91 151 211,0x4febd005ff59dc43677ce55335c8a7db544fc98038ebb5cc1d775353f57491cd,,1
127,4,23235659,0x3e0000000000000000a,10,0 31 52,16,8,21 22 81 82 141 142 201 202,0xa8676107cad8af9089ddbb1754b2a1f9a2b0a25b7841208ecb0dacfa98a87fe0,,1
128,1,22846126,0x7c000000000000000001f,31,0 52 9,8,4,25 85 145 205,0xefe99620a27704c0ae8a132ef7091b74386b7bd7eb165be0c1668c84aec13f5a,,1
128,2,22959514,0xf8007,7,0 28 49,9,5,4 64 124 184 244,0x21f6ea8bd36d070709aa038122e658999d65850b1716e2aaa37488fc9d25eec9,,1
128,3,23126053,0xf8000000000000000000000000000039,57,0 14 35,8,4,40 100 160 220,0x021072725c56b0c9ab7da6e8e124c32e2f064d0219685b94c80195778a37a5a3,,1
128,4,23235697,0x1f000000000000012,18,0 39 60,5,4,19 79 139 199,0x3615d1a698e79d7f76a94807e5c0cbf98dd106ff4740b89ac79ebe14002c7996,,1
129,1,22846177,0x1f000000000000000000000000000000015,21,0 42 63,7,4,43 103 163 223,0x1e57d09f23a732a0ed0a6f016423274648c5fe2cb6e0de73315f1c2d1a555ded,,1
129,2,22959528,0xf8007,7,0 28 49,9,5,4 64 124 184 244,0xe984ff90654ce346455bee70575b3e069a738b41076f6f9ed2aa24ac6bddc939,,1
129,3,23126068,0xf800000000000000000000000000000000000000d,13,0 34 55,7,4,52 112 172 232,0x54b4f417164d4afb18a15269cdd4d36261f953dc1cc3965cc87c614e8aeac627,,1
129,4,23235720,0x3e00000000000000000000000000000000004,4,0 25 46,6,4,46 106 166 226,0xffa84daf455fe808fd079bdbe56671fabace062f9547c31de8571bcdeb3e1a31,,1
130,1,22846565,0x3e0000000000000000000000000000000000000000001a,26,0 47 4,8,4,58 118 178 238,0xaf05ac1ce4056b5302d5e0b9afc20b41ca46adb782a1acc393af9c768bc310ea,,1
130,2,22959581,0xf8007,7,0 28 49,9,5,4 64 124 184 244,0x870d8260476627dbea0327fab7a299c7891f064fa0a2acde3a2f82ed065d8596,,1
130,3,23126161,0x1f00000000000000c,12,0 33 54,5,4,19 79 139 199,0xdbddc175f3d3639ae131f9e8907e4a4f732242d0f6e69f536cdeb6cf14813f70,,1
130,4,23295500,0xf8000000000006,6,0 27 48,6,4,16 76 136 196,0xfaf65fa880c433234a8e3cec19194e75754e8d2534c23986ec174980142300f5,,1
131,1,22846670,0xf800000000000000000000000000002d,45,0 2 23,8,4,40 100 160 220,0x5d6a3067794c725d3d6da49b254f9a43adafa37586e01ec7f57a6e6854e4b6a4,,1
131,2,22959596,0xf8007,7,0 28 49,9,5,4 64 124 184 244,0xc83dd128bc76c1ea3cc0f65fec6563ba1e4a25c7020277d7b48d2d7ac5db60ed,,1
131,3,23126176,0x1f000000000000000000000000000000028,40,0 61 18,7,4,43 103 163 223,0x2eb06ecd3c3cd9b18958fb5fc9b7f882348e92c96db446c30f7be2fd0d10d154,,1
131,4,23295524,0x3e00000000000000000000000001,1,0 22 43,6,4,34 94 154 214,0x8aa85728ddfe5f0e36897b572999b4534df32d428b6b206aedbd67fc68861e67,,1
132,1,22846743,0xf800000000000000000000000000000000000003e,62,0 19 40,7,4,52 112 172 232,0x825ad70db97d890dfa09605865f57c29bf66b5ed19e430b7c9dcd6864997a2d6,,1
132,2,22959621,0xf8007,7,0 28 49,9,5,4 64 124 184 244,0x8429eb62beab43c0f680117ef85afa4382663696bb316cced4bc735b8ddfd13f,,1
132,3,23126191,0xf800000000000000000000000000000000000000d,13,0 34 55,10,8,51 52 111 112 171 172 231 232,0x190534f5f424cff696f0e72156b75fa8a2e014e20dec5fa121fc873fda314e23,,1
132,4,23295549,0xf8000000000000000000000000000000000000001,1,0 22 43,7,4,52 112 172 232,0x99862bf37a8c2fa9584edc2b400b0acff736a6859ee1e377151f249e875c2c49,,1
133,1,22846854,0x3e0000000000000000a,10,0 31 52,8,4,22 82 142 202,0x5c20e5fd7a6829dfb153d2fb989210ef2967de2fd20388753bbbf22ccd5238c6,,1
133,2,22960434,0xf8007,7,0 28 49,9,5,4 64 124 184 244,0x4d4aac25594e99d2b3cf91135274d86db4ffb3d9ed42da875f7be551d09d416c,,1
133,3,23126249,0x3e00000000000000037,55,0 12 33,16,8,21 22 81 82 141 142 201 202,0x2b6a8f810193b90862732f9bfcf6072c9023c444441bdf8831f6dac01f8df168,,1
134,1,22846920,0xf800000000000000000000000000002d,45,0 2 23,8,4,40 100 160 220,0x5d6a3067794c725d3d6da49b254f9a43adafa37586e01ec7f57a6e6854e4b6a4,,1
134,2,22960453,0xf8007,7,0 28 49,9,5,4 64 124 184 244,0xc83dd128bc76c1ea3cc0f65fec6563ba1e4a25c7020277d7b48d2d7ac5db60ed,,1
134,3,23126265,0x1f00000000000000000000002d,45,0 2 23,5,4,31 91 151 211,0xdac2de4f939ea0855c80bc276a7a05fb0614ad2801f9224d285a394394192bb8,,1
135,1,22846995,0xf800000000000000000000000000000000000003e,62,0 19 40,7,4,52 112 172 232,0x9cbf48112f68f3667dc5a35532a6cdf9c7d2eb80cd358e5cbc06c8a9abf7c973,,1
135,2,22960469,0xf8007,7,0 28 49,9,5,4 64 124 184 244,0x5e6444281ac2dacd90b9a87c812ff16defddc98ef5ddbd260f2639d927c237d7,,1
135,3,23126283,0x3e00000000000000000000000000000000001,1,0 22 43,6,4,46 106 166 226,0x77686e49b9ea22700f1aeb8740e16f0083d9d9b6ebc5fc4d97390c3f67d01e85,,1
136,1,22847103,0x3e0000000000000000000000003f,63,0 20 41,6,4,34 94 154 214,0xf55135510930815d961c49e51f30b6a9aaf07437b1ce06be212f174e6c3bbf2b,,1
136,2,22951637,0x7f00000000000000000000003d,61,0 18 39,5,4,31 91 151 211,0x41b9433719fd04df3b08adb1a67391a5ac127ccb488a74852716b0ff6e5660b9,,1
137,1,22847398,0x1f000000000000000000000000000000015,21,0 42 63,7,4,43 103 163 223,0xc50b3301204674e11d5dd47dbeebf3027cb9fc84fbbc64ab5952584438f582c5,,1
137,2,22960705,0xf8007,7,0 28 49,9,5,4 64 124 184 244,0xc2fbb8bcf5f83ef2cf7eb7c04bc54d53d90f8ec6498751cb81ff1b91f976de63,,1
137,3,23126704,0x7c0000000013,19,0 40 61,8,5,13 73 133 193 253,0x0840220ae4d7a101f08cb70a9f0a7d415f844cdec0ef7c2876c90ee94d6af4ba,,1
138,1,22847480,0x1f000000000000000000000000000000015,21,0 42 63,7,4,43 103 163 223,0xc50b3301204674e11d5dd47dbeebf3027cb9fc84fbbc64ab5952584438f582c5,,1
138,2,22960721,0xf8007,7,0 28 49,9,5,4 64 124 184 244,0xc2fbb8bcf5f83ef2cf7eb7c04bc54d53d90f8ec6498751cb81ff1b91f976de63,,1
138,3,23126720,0x3e00000000000000000000000001,1,0 22 43,6,4,34 94 154 214,0x491c31ff139c6a6a277211f9d578998e4902a3e4b4c295e0664dc8d1db773eaf,,1
139,1,22847583,0x7c0000000000000000000000000003,3,0 24 45,5,4,37 97 157 217,0xcb53290f5b6269f2d6e0abb57d53598abb29cba4761a63234a72f8a272263a55,,1
139,2,22960737,0xf8007,7,0 28 49,9,5,4 64 124 184 244,0x7dea5e5063994d7df796b23ea2f5c4a4792c909fdecb7d15bff007eeac9e184a,,1
139,3,23126739,0x3e00000000000000000000000000000000001,1,0 22 43,6,4,46 106 166 226,0x8045349d8c2bde99d50cf0cd11b073ecce100f229986fca58ff6826ee4a75c64,,1
140,1,22848862,0x1fe00000036,54,0 11 32,19,10,10 11 70 71 130 131 190 191 250 251,0x8f42ebfbf776b7c3128d1e75b83b4c0b8d99d2fdff1ebe8abf4b7bd285b7c78e,,1
140,2,22848904,0x1fe00000000000000000000000039,57,0 14 35,12,8,34 35 94 95 154 155 214 215,0x9f93863e3e1322fc6c7f2a3c9fb5e9ff1c9e538cb8e227770d4a513d1fa93c06,,1
140,3,22848937,0xff00000000000000000000000000000002c,44,0 1 22,14,8,43 44 103 104 163 164 223 224,0x25fadec1964899a7913c101b945f9ebac75eccfe56524f1cb569a8b8c407e8f6,,1
140,4,22848968,0xff00000000000000000000000000000000000000001f,31,0 52 9,14,8,55 56 115 116 175 176 235 236,0x2d6b856951dfbc0b1a7604ca67863200d881659468ba8470a3a78d19fd4f1cb9,,1
140,5,22849059,0x1fe00000000000000000000000000000000000000000008,8,0 29 50,21,12,57 58 59 117 118 119 177 178 179 237 238 239,0xddf68ffc84295305b5f3b1e12aad8eb3b072dcd35f4ffb97919d6e656a689cba,,1
140,6,22941307,0xfe00000026,38,0 59 16,29,15,0 9 10 60 69 70 120 129 130 180 189 190 240 249 250,0xd37c24c45537ea49355cc0fdab484513fcd8739c367dc8e4172c5b1c82e4192f,,1
140,7,22941464,0x7f000024,36,0 57 14,8,5,7 67 127 187 247,0x9d29625dc67490c6e07cbfaa682f31bcf4fd56a7e88b4783f3a63056b74a5807,,1
140,8,22941482,0x3f800000000000000000000000000000000000003c,60,0 17 38,7,4,52 112 172 232,0xb04802decf0e758020372110dcc71a03e58be548fa0adbf7b2394b68004efc16,,1
140,9,22941511,0xfe00000000000000000000000029,41,0 62 19,14,8,33 34 93 94 153 154 213 214,0xafc9e1a10004be09132dca6f8e7b4657518d4f1412901464ac2a34911445d176,,1
140,10,22972922,0xfe00000000000000035,53,0 10 31,8,4,22 82 142 202,0xb5f834cf079b74f3ba27d7d848373bc1715fb7e11af17bd7cf2a522b083a6097,,1
140,11,22973094,0x3f8000000000000000000000,0,0 21 42,5,4,28 88 148 208,0xb207e41a6fa8ba73b51470447f19c6ee2706a319c8c719230d1dc99fea60c2ef,,1
140,12,22973118,0x1fc0000000000000000000000000023,35,0 56 13,23,13,0 36 37 60 96 97 120 156 157 180 216 217 240,0x7947274ac7a1a3cba5d22fbd158f7e301f3e84413f39a1bdfb2956615137b57b,,1
140,13,22973142,0x3f8000000000000000000000000000000000000027,39,0 60 17,15,12,51 52 53 111 112 113 171 172 173 231 232 233,0x612c64963d123106b40293b3011253e3ef02cac5ef0a10bdc714e1c01feb6ae2,,1
140,14,23048837,0x7f00000a,10,0 31 52,28,16,6 7 8 66 67 68 126 127 128 186 187 188 246 247 248 82570,0x8b5c0f08e0097836b18a79780c6f1c070532e2bfbd055b8f7856469f73ed8bd6,82570,1
140,15,24784583,0x7c3e1f00000001f0f8037,55,0 12 33,54,30,4 7 19 21 22 24 25 64 67 79 81 82 84 85 124 127 139 141 142 144 145 184 187 199 201 202 204 205 244 247,0x8fd262af089a3438616ce5a6057917e508f84fc54ce38545f64303fb2cbf2ae7,,1
140,16,24785008,0x7c3e1f00000001f0f8031,49,0 6 27,63,36,3 4 6 7 18 19 22 25 63 64 66 67 78 79 82 85 123 124 126 127 138 139 142 145 183 184 186 187 198 199 202 205 243 244 246 247,0xd666d34acb0a1cbd19ec011e7c564aabd33091fc90bd90a3f0149525d8378bef,,1
140,17,24909248,0x7c3e00000003e1f0f8007,7,0 28 49,68,36,4 7 9 10 21 22 24 25 64 67 69 70 81 82 84 85 124 127 129 130 141 142 144 145 184 187 189 190 201 202 204 205 244 247 249 250,0x87e270444cccf657e79cdd338072057d98ea095a272dc4f3af77fd5c7d27e17f,,1
141,1,22849609,0xfe00000000000000000000000000000000000000000003,3,0 24 45,8,4,58 118 178 238,0xe5936971863e4f8d753637425b951521b27b3975e6b33c05d373260d658f7658,,1
141,2,22915328,0x1fc0000000000000000000000000019,25,0 46 3,5,4,37 97 157 217,0xbc5f30d99e3f1f3205ec685df60be515ec3aee9da6c7ff5b53204b48f764af0b,,1
141,3,22922429,0x7f00000000000000000000000000000003a,58,0 15 36,7,4,43 103 163 223,0x4c1af34a5256157ac5b0506d60ae2b881a22086e4dd814630d19d83466016fe0,,1
141,4,23005174,0xf8037,55,0 12 33,9,5,4 64 124 184 244,0x4012d0792da0f26c68069c563ce0952e1306f1b845101e36b04c7072b212b4c1,,1
141,5,23005353,0x3e0000000000000000000000000000000000000000002e,46,0 3 24,13,8,57 58 117 118 177 178 237 238,0x8eb1a487aca78737761dd813f819665b864f689fd369f48d204a4f17ac9839ec,,1
141,6,23051353,0xf8025,37,0 58 15,29,15,0 3 4 60 63 64 120 123 124 180 183 184 240 243 244,0x5aaf18f848424dee1c0c8c9a241b5b620f67fc66c60b33f8d52b0fd6fbbcccdd,,1
141,7,23051427,0x1f00001c,28,0 49 6,8,5,7 67 127 187 247,0x709573b0fc968bdfd2b40a88b864ee9db1aea140835574085ff6e8f8430d9c14,,1
141,8,23178607,0x3f800000000000000000002f,47,0 4 25,5,4,28 88 148 208,0x38e0e837516f60953964cd7cdb646f0453377b6d04d1a8048837c73408a919c3,,1
141,9,23178751,0x1f000000000000000000000000,0,0 21 42,8,8,30 31 90 91 150 151 210 211,0x8fac1fd743dd5e41e2438923383eb152713f02ba7e59db3c398fe01e47106171,,1
141,10,23178787,0x3e0000000000000000000000000b,11,0 32 53,6,4,34 94 154 214,0x98d183631b30df1ec7ec2ae31ad0ba5a9aa721b63725716f1aae275924a69383,,1
141,11,23178824,0xfe0000000000000000000000000000000000c,12,0 33 54,10,8,45 46 105 106 165 166 225 226,0x7eccb29002b08d99ad515a79fead0cab16740bcbdec057ce7bbd32bccbc26324,,1
141,12,23464909,0xf87c3e1f0f8005,5,0 26 47,49,29,4 6 7 10 13 16 64 66 67 70 73 76 124 126 127 130 133 136 184 186 187 190 193 196 244 246 247 250 253,0xc87ca6e7d16ace059b13b866ab42e288f0a84fcdddfcd744c1ae56c35763b0ac,,1
141,13,23634772,0xf80000000f80000000f80000000f80000000f801a,26,0 47 4,60,35,3 4 15 16 27 28 40 52 63 64 75 76 87 88 100 112 123 124 135 136 147 148 160 172 183 184 195 196 207 208 220 232 243 244 255,0x5a55b55fd5958f79858ebe9c647e9df206aa8aa75b947eb861d13398bffe8619,,1
141,14,23817315,0xf8003e000007c00000f800001f000000000000030,48,0 5 26,39,28,19 28 36 37 46 51 52 79 88 96 97 106 111 112 139 148 156 157 166 171 172 199 208 216 217 226 231 232,0xa708483fcfb77aff7c61f5698dd94ccba114d4a83f18345c0860fd5aaa8f9443,,1
141,15,24034763,0xff7fbfc00000000000007fbfc0000000000000000010,16,0 37 58,86,56,25 26 27 28 29 48 49 50 51 52 53 54 55 56 85 86 87 88 89 108 109 110 111 112 113 114 115 116 145 146 147 148 149 168 169 170 171 172 173 174 175 176 205 206 207 208 209 228 229 230 231 232 233 234 235 236,0x4eb0d84e1d0b7908498ef499f2b0301e955483be40421eee6a0460ca1d92310c,,1
141,16,24495761,0x7c3e1f0f80000000f8033,51,0 8 29,61,34,0 4 16 18 19 22 24 25 60 64 76 78 79 82 84 85 120 124 136 138 139 142 144 145 180 184 196 198 199 202 204 205 240 244,0x7e4e3e37421ecad08c06cb6797780a8d91a785f4e9dee588980a17891a39dc98,,1
141,17,24661929,0x7c3e1f00000001f0f8014,20,0 41 62,56,31,3 4 7 19 21 22 25 63 64 67 79 81 82 85 123 124 127 139 141 142 145 183 184 187 199 201 202 205 243 244 247,0xdf32a601b0fb6ebb0bc0a142ef4bb589efd37177ff9aee717896c8abbf287cf7,,1
141,18,24776562,0x7c3e1f00000001f0f8024,36,0 57 14,61,35,4 6 7 18 19 22 24 25 64 66 67 78 79 82 84 85 124 126 127 138 139 142 144 145 184 186 187 198 199 202 204 205 244 246 247,0x6a245d107c71f5f33ff0975c6a1b912aea6544315a7dc5739408178a5a5c97d3,,1
141,19,24824568,0x7c3e00000003e1f0f8004,4,0 25 46,80,42,3 4 5 7 9 10 21 22 25 63 64 65 67 69 70 81 82 85 123 124 125 127 129 130 141 142 145 183 184 185 187 189 190 201 202 205 243 244 245 247 249 250,0x61d939dcaecd35753fc1a47f9e1dda6a200ab5de50d9dfd2a23360f200d4daec,,1
141,20,24924919,0x7c3e00000003e1f0f801e,30,0 51 8,59,32,4 6 7 10 22 24 25 64 66 67 70 82 84 85 124 126 127 130 142 144 145 184 186 187 190 202 204 205 244 246 247 250,0xd46baf3deb874a6273926eb9d8893b3001927937f51bab0dadc92602a23add59,,1
142,1,22850305,0xfe00000000000000000000000000000000000000000003,3,0 24 45,8,4,58 118 178 238,0xe5936971863e4f8d753637425b951521b27b3975e6b33c05d373260d658f7658,,1
142,2,22892743,0x7f00000000000000000000003d,61,0 18 39,5,4,31 91 151 211,0x9d5c2df81047fb96edd2f69ba99ba7fccc99fdb5d64cb8c78002c80d3d32eeeb,,1
142,3,22991972,0xf801c,28,0 49 6,9,5,4 64 124 184 244,0xaadd36a3de156b4a6d18c4ed0a24cf339a9f84420fec16f1064214b182c31a41,,1
142,4,23089550,0x3e00000000000000000000000000000000000000000008,8,0 29 50,13,8,57 58 117 118 177 178 237 238,0x884e2cf04a12422de027c9bedac16a178c45bd415cc7e00c9f16bf021bc7ea77,,1
142,5,23174748,0xf8007,7,0 28 49,19,10,3 4 63 64 123 124 183 184 243 244,0x3a6086ff6e6d74869e4455a1a938f11e365db1703b99048ee62e506f8e77e4e2,,1
142,6,23234333,0x1f00000000000000000000003d,61,0 18 39,8,8,30 31 90 91 150 151 210 211,0xd0d57cf8253134afd6d3f37c46c6d02f1baba2efb47cddb18e8c7e1692443229,,1
142,7,23332958,0xf8006,6,0 27 48,9,5,4 64 124 184 244,0x49881087f073b716fd5945ee37d7b3e90d43028ecfd1a803ad45aad24cf3c41f,,1
142,8,23461151,0xf803d,61,0 18 39,29,15,0 3 4 60 63 64 120 123 124 180 183 184 240 243 244,0xe4f8cc4d71bd1906f22567ee846c3121426930cdcacacbeebadcd84298288e74,,1
142,9,23830071,0x1fcb,11,0 32 53,8,5,1 61 121 181 241,0x2761d4f69404b4c48eb44e56f046f7917f5c8b62a3016e05cfe085919e8852ec,,1
143,1,22851142,0x7c000000000b,11,0 32 53,8,5,13 73 133 193 253,0x335fd92f5f43c9bbf3f1d4c327d087a3f9f15b31e47e0c0363f88dcfcd63e6f2,,1
143,2,22851364,0x1fe00000000000000000000000000000000031,49,0 6 27,11,8,46 47 106 107 166 167 226 227,0xf49bb7ab13f7612a86ebcce143acd1b443840ee2ba60c52f89109d00ef9e483e,,1
143,3,22852276,0xf8000000000011,17,0 38 59,6,4,16 76 136 196,0x874a1640be3641e7b61fe15261bc6d86308f0fc18515512bc4bf06366c7fac21,,1
143,4,22854165,0xf800000000000000000000000000002b,43,0 0 21,8,4,40 100 160 220,0x93c48a5f6d9e1d034cb839171f4446096388b7ec8edd92f8b45753f42f88df68,,1
143,5,22854182,0x7c000000000000000000000000000000000002c,44,0 1 22,14,8,48 49 108 109 168 169 228 229,0x6c20578904aa9fbf220731bb3e414d56e388a8578000a4b7340a401989c6992a,,1
143,6,22854204,0x1f00000000000000000000003d,61,0 18 39,15,9,0 31 60 91 120 151 180 211 240,0x077387751ed00112cb60265e41fa9343d9137d2172c63d7505d86fb5836eec27,,1
143,7,22879645,0xf8006,6,0 27 48,9,5,4 64 124 184 244,0xa4c4ceadef0795763423cb36fa60b2e6806e819071ee5669875c9332272e8c34,,1
143,8,22879680,0x7c0000000000000000000000000010,16,0 37 58,5,4,37 97 157 217,0x34e26336e39e7064e9395aa95db7fb67a1b50c03bf013f7dea6b551bfa0150b7,,1
143,9,22879696,0xfe00000000000000000000000000000000000000000013,19,0 40 61,8,4,58 118 178 238,0xcdcebc0c05307e089c380340cfefcc10df734bf0ff602c01ca9f83ecf1c868a4,,1
143,10,22879714,0xf8000000000000000000011,17,0 38 59,5,4,28 88 148 208,0xa4378c65a68dba80ee52cbcc4e9d119af0423eeb217b90650b79f83e806fd389,,1
143,11,22897356,0xf800000000000000000000000000000000000003b,59,0 16 37,7,4,52 112 172 232,0xea80c8da57ba3069a3109ec3fc3782b082a548544ce628f5e717ff2dff01af84,,1
143,12,22965149,0xf800f,15,0 36 57,19,10,3 4 63 64 123 124 183 184 243 244,0x29dcf55ed312d6e477ccdee91bd0b607090d9c841562239c2ac62d849270df92,,1
143,13,22965180,0xf8000000000000000000023,35,0 56 13,12,8,27 28 87 88 147 148 207 208,0x67635eacdd889f4b21df2c9a16c55a41b23f9e42ff378f0f8cace7c23944fee0,,1
143,14,22965405,0x7c000000000000000000000000000f,15,0 36 57,13,8,36 37 96 97 156 157 216 217,0x1e5d2f5c79574ddfcb06129f7d22186f3a414190166e365e403158a39113594d,,1
143,15,22965435,0xfe0000000000000000000000001a,26,0 47 4,6,4,34 94 154 214,0x77db06ddd3f0ba3856ed55699a32ab4b15545e4bfb8cacbea1422009f0a6607b,,1
143,16,22965461,0x3e00000000000000000000000000000000000000000000,0,0 21 42,13,8,57 58 117 118 177 178 237 238,0x5eb2c6f87733ae2dc43e529f3e0e7672a4ee454063815119f128cc136db954d5,,1
143,17,22987288,0x3e00000000000000004,4,0 25 46,8,4,22 82 142 202,0xd57879e18d0bfb833474e894c295329d7d74f2b8db0ccf0ae335f17f6b70e49e,,1
143,18,23045263,0x3e00000000000000000000000000000000000000000011,17,0 38 59,8,4,58 118 178 238,0xb7d3abb6976090241d6192c5d340a664a5deab71a3411f41ceccc1c7fb22d023,,1
144,1,22851605,0xfe00000000000000000000000031,49,0 6 27,6,4,34 94 154 214,0xc64bfff68f4f47fdcb3339ac17cf5a0a63569000e6de779ff6644f7fb154713e,,1
144,2,23042301,0x3f8000000000012,18,0 39 60,6,4,16 76 136 196,0xdde2bcee1b53a3a19207639996e346806af9e55de10aa8f571ac806b9c2a1651,,1
144,3,23377676,0x3f8000,0,0 21 42,9,5,4 64 124 184 244,0x58807b41ed356cfff1ac8f4917d7601cb2e2c32ef6eae2385b8ed020e5f567d7,,1
145,1,22851837,0x3fc000000000000000000000000000000000001c,28,0 49 6,13,8,49 50 109 110 169 170 229 230,0xe5b1efbc45f01621b75739a47f55f1da34f0bbd462386f8d4d14e4608049636a,,1
145,2,23042343,0x7f000000000000037,55,0 12 33,5,4,19 79 139 199,0x12eef94003ea293f23efd0aabd0cbf479b8c4e026cd7faf3fc2ce82f38a31583,,1
145,3,23377708,0xfe0000000000000000000000000f,15,0 36 57,6,4,34 94 154 214,0x0abe76512955bef1057a161f505a4bdd339a7352e729b4831e9e642e21d11634,,1
146,1,22852232,0x1fe00000036,54,0 11 32,19,10,10 11 70 71 130 131 190 191 250 251,0x5fdca0b3181241cdb7ff11e93ed970d70a2535ac2df05fdd2f81f832d3718c85,,1
146,2,23042396,0x1fc0000000000000000000000000000000000034,52,0 9 30,6,4,49 109 169 229,0x85645fea81cbf38e3d42a123f248b45b94d4406f6a6cf376ca4638087d56334d,,1
146,3,23377743,0x1fc000000000000000000000000000000000002c,44,0 1 22,21,12,48 49 50 108 109 110 168 169 170 228 229 230,0x425936f113ee475d066c9e9d38ae17b177293012866ca4f78b09876b17751e13,,1
147,1,22852726,0xfe00000000000000030,48,0 5 26,8,4,22 82 142 202,0x642f312bebc7fce64252bdee4d14a8a1483fae178df6ed977152de60caf1b1c5,,1
147,2,22852809,0xfe00000000000000000000000000000000000000000033,51,0 8 29,8,4,58 118 178 238,0xb629b82822a99647463a280b7a9eab33040cb28c8152c5144b2aae7ba3269d31,,1
147,3,22853567,0x1fe0000000000000000000000000000000000000000003d,61,0 18 39,21,12,57 58 59 117 118 119 177 178 179 237 238 239,0x4bbbb97f674671aa8ac60e7ca5f46724105d9a3e66352e99d21839161a6da4d3,,1
147,4,22853722,0x1fe00000000000000000000000012,18,0 39 60,12,8,34 35 94 95 154 155 214 215,0x46c8c0216d3daf1ea29f050026479918d66479adb65b9c74ef6f5d220abed9e4,,1
147,5,24995859,0x7c00000007c3e1f0f8035,53,0 10 31,61,33,0 4 7 10 13 24 25 60 64 67 70 73 84 85 120 124 127 130 133 144 145 180 184 187 190 193 204 205 240 244 247 250 253,0x6bc1a912ca2e30640e317401b63e740ed1759856ebda4a37eacc18b3d73ce43c,,1
148,1,22853708,0x7f8000000000000000000007,7,0 28 49,10,8,28 29 88 89 148 149 208 209,0x1959f78985d16863dd9b094592e53482f3087b9ec3af2ee23c3be1e50d2020c7,,1
148,2,22874961,0xf8007,7,0 28 49,9,5,4 64 124 184 244,0xf5c50feb20249e56f348cecc9b6495ce8bba5534962bdd0ea48220a9330729c9,,1
148,3,22985821,0xf801c,28,0 49 6,19,10,3 4 63 64 123 124 183 184 243 244,0x5f4827f3fd56a875b04ebcc0826a81a5771bffbd3e714ff075bb4d11c3eb3992,,1
148,4,23053714,0xfe00000000000000000000000000000000000000000006,6,0 27 48,8,4,58 118 178 238,0xa18e9a79b3498647b59fdfc7a0530d7bb083c888a21bc5b3c1d7b843467b4a30,,1
148,5,23162502,0xfe0000000000000000000000003a,58,0 15 36,6,4,34 94 154 214,0xe518745784f517f489f91d5e81cfbaac8685ee97ae643f3a7b70639b17074a92,,1
149,1,22853594,0x1fe00000000000000000000000000000000000,0,0 21 42,11,8,46 47 106 107 166 167 226 227,0xe7f3fcc8b37edc77c066f24347bfe48e89075bce07904b139bb4ffb05be1c788,,1
149,2,23042597,0x3f8000000000012,18,0 39 60,6,4,16 76 136 196,0x9593fcfe55dbb1f34bae94aa4189111bde887956cc54bbe0f2cd22816be53dd7,,1
150,1,22853835,0x1fe0000000000000000000000000000000000000000002d,45,0 2 23,16,8,58 59 118 119 178 179 238 239,0x07ab8751a2052357f398acd2a3c0998c7b9968bd71e6c15b86b301ff95b84215,,1
150,2,22854502,0x1fc0000000024,36,0 57 14,8,5,13 73 133 193 253,0xb7d8dc814103af1813f184c9511abf824764ccd9fc9b80b59c94cfd82e811f78,,1
150,3,22854659,0x7f00000000000000000000000f,15,0 36 57,5,4,31 91 151 211,0x706203e1cc2ca18a55d3fe59b41b60d6000e084e4aa5dd089e71622f4ba7a216,,1
150,4,22854680,0x3f8000000000000000000000000000034,52,0 9 30,8,4,40 100 160 220,0x300e2d86af807d314654672415e3b0cdca04d2d28e013255bce58fd00cdf3f57,,1
150,5,22939042,0x3f800000000000000000000000000001f,31,0 52 9,19,12,39 40 41 99 100 101 159 160 161 219 220 221,0x15c106f481fb81b2bd6fd30389abe66cfc9c7afa90b4837efa61c1b8ddf1efcf,,1
150,6,22939126,0xfe0000000000000000f,15,0 36 57,8,4,22 82 142 202,0x59d8431f2034cb57eaea1c84cdb11b2af58dc1cd5ec5eec07a0f0f4f98082664,,1
150,7,22961337,0x3f800000000000000000000000000003d,61,0 18 39,18,9,0 40 60 100 120 160 180 220 240,0x810c727010c78c782a3a813938f3047cbb046330caf327be466968c806fbbab2,,1
150,8,23125587,0xf803d,61,0 18 39,9,5,4 64 124 184 244,0xdf8bb75f11ac8f6c6c56425e65ba527bd753ddc53d2fc5916ef8a9e0b9427345,,1
151,1,22853673,0x7f8000000000000000000007,7,0 28 49,10,8,28 29 88 89 148 149 208 209,0x51241343b5d8566cb676a324dd9c275f17e801ba9057dbfba03b80d167a8e77e,,1
151,2,23042652,0x7f00000000000000000000003d,61,0 18 39,8,8,30 31 90 91 150 151 210 211,0x3311dbe3d0f439a8fa1e2e8b8e02332dfb017071591b646902572d0141685e98,,1
152,1,22853836,0x1fe0000000000000000000000000000000000000000002d,45,0 2 23,16,8,58 59 118 119 178 179 238 239,0x6d33fc3eef1e16a093bf44bbcb7110e2b23520102ba509783bafbf0e512d9836,,1
152,2,23042704,0xfe00000000000000000000000000000000000000000033,51,0 8 29,13,8,57 58 117 118 177 178 237 238,0x8327e1b6d4731730d5a5ffb879906d709259912331a3f768a5848baae0d1d2b9,,1
153,1,22853982,0x3fc0000000000000000000000000001,1,0 22 43,9,8,37 38 97 98 157 158 217 218,0x34d473336feaadf64b5ee6d13f3183696483efcf8e067f1cc668c7d64290c00b,,1
153,2,22854528,0xfe00000000000000000000000012,18,0 39 60,6,4,34 94 154 214,0x77831607cfd4231368e7e8cfb1172094c2afe4ea21ca41da6a4bc12656129a49,,1
153,3,22854639,0xfe0000001e,30,0 51 8,10,5,10 70 130 190 250,0x9a71ff270d36abe40f40e3aa69253369b721c867df03e5437594b1ebde16af07,,1
153,4,22854709,0x7f000000000000000000000000000000000000000012,18,0 39 60,7,4,55 115 175 235,0x4ddc9bbbdc39d96979e42e21c8716c8fc67e48609859b7b349272370771ad15d,,1
153,5,22939065,0x1fc0000000000000000000000000000000000020,32,0 53 10,6,4,49 109 169 229,0x1c0573ff09d1d34328779477415b028b859889c1383f3446f46d060fa2893b08,,1
153,6,22973983,0x3f8011,17,0 38 59,9,5,4 64 124 184 244,0x45547819f666013c9b6779e2857a9e88cbb292e4b489045350d533914c2bff37,,1
153,7,23125605,0x3f801a,26,0 47 4,29,15,3 4 5 63 64 65 123 124 125 183 184 185 243 244 245,0xd58e2a6de5944bfefb8910874216ca54369ea438507ec5b05a4ae8b6580f7e51,,1
153,8,23125684,0x3fc0000000000000000000000000000000000007,7,0 28 49,21,12,48 49 50 108 109 110 168 169 170 228 229 230,0x4566ffbec8f15a6ff74e675f7b868360364d2f1a67a577d88e4704323f7ef424,,1
156,1,22857249,0x3fc0000000000000000033,51,0 8 29,14,8,25 26 85 86 145 146 205 206,0x0efa612ead503b3f1c4aff83462e52356ccefb2923c117876aef1174d2e4f5a9,,1
156,2,22857844,0xfe00000000000000000000000000000000000000000033,51,0 8 29,8,4,58 118 178 238,0xb9b578a75630912e17e9aa97020ad24ec6b42c493bfc55c3083879c334b75e69,,1
156,3,22860167,0x1fe00000000000000000000000000000000025,37,0 58 15,11,8,46 47 106 107 166 167 226 227,0x7652246bfa161c3e276614c3d91ebcc278938a46f6c6812f507879068642956b,,1
156,4,22871170,0x1fe00000000000000000000000000000000037,55,0 12 33,15,12,45 46 47 105 106 107 165 166 167 225 226 227,0x77676306975c2ad461f42669d3e0b961a05c6700a369edd4a836053534eb4b78,,1
156,5,22873995,0x1fe00000000000000000000000000000000023,35,0 56 13,21,13,0 46 47 60 106 107 120 166 167 180 226 227 240,0x4dda010cd7b3146f7b30d3f39e4360a72b02d13327b7c8a58387fa0c574238ec,,1
156,6,22951939,0xfe0000000000000000000000000000000000000000000c,12,0 33 54,21,12,57 58 59 117 118 119 177 178 179 237 238 239,0x58b6c8c42362b73efb6ca02c9cafd5de7402576b7b8d7ab60e6001b1a95a76ce,,1
156,7,22952011,0x1fe0000000000000000000000000000000000b,11,0 32 53,15,12,45 46 47 105 106 107 165 166 167 225 226 227,0x48a11a9abdbc9d55ad7dbc952889feb373b189b7e02dde3c5d880031390c4226,,1
156,8,22952718,0x3fc0000000020,32,0 53 10,16,10,13 14 73 74 133 134 193 194 253 254,0x859a7c9c4dc2318edbf86f38b0bfd66e79523e82fb339ebb46133175edc84dad,,1
156,9,23020705,0x1fe00000000000000000000000000000000030,48,0 5 26,11,8,46 47 106 107 166 167 226 227,0x782ed7426b529269b536a4f83dc8342c25cea0c13821337bd45470992560e1dc,,1
156,10,23104467,0x3fc0000000000000000018,24,0 45 2,22,12,24 25 26 84 85 86 144 145 146 204 205 206,0xa5b9f7d4ac63b39715ef76e8d027ae30a018e9767ad1021cda395610744bc372,,1
156,11,23104518,0x1fe00000000000000000000000000000000036,54,0 11 32,15,12,45 46 47 105 106 107 165 166 167 225 226 227,0xdc206cadbece7017746df3a963dd9ae8c30e7e2206937a10ecddd373e68c8844,,1
156,12,23108564,0x7f000039,57,0 14 35,18,10,0 7 60 67 120 127 180 187 240 247,0x4b2e46100a1c6613a831cde9b243c4e59d62b69b30b630f64054bc6ac7880f69,,1
156,13,23228077,0xfe0000000000000000000000001a,26,0 47 4,6,4,34 94 154 214,0xcef1915ef896f993da54b139ad74e854a1437e79109e92cf421779870ab0d323,,1
156,14,23228165,0xfe00000030,48,0 5 26,19,10,9 10 69 70 129 130 189 190 249 250,0x80a8443ee52dc2ebf7fac6f30b1a7474817554f90fbe78254d2513f9587b8634,,1
156,15,23439230,0xf8016,22,0 43 0,9,5,4 64 124 184 244,0x80a9ce390a6dd9f83e944998d30bf43b976c0927bd9b21af5b8c145f020ffe2f,,1
156,16,23441919,0x3f80000003f80000003f80000003f80000003f803b,59,0 16 37,60,35,3 4 15 16 27 28 40 52 63 64 75 76 87 88 100 112 123 124 135 136 147 148 160 172 183 184 195 196 207 208 220 232 243 244 255,0x779a2101c47f5288d22cfe9f2b946511482c71db449bb7fbee3272ca8088f5e2,,1
156,17,23614072,0x3f80000003f80000003f80000003f80000003f8022,34,0 55 12,82,55,4 5 6 16 17 28 29 39 40 41 51 52 53 64 65 66 76 77 88 89 99 100 101 111 112 113 124 125 126 136 137 148 149 159 160 161 171 172 173 184 185 186 196 197 208 209 219 220 221 231 232 233 244 245 246,0x7cae770d9e011d89387f8997842937f1366176ef0ccdf5ae02c16d5afe2155f1,,1
156,18,23773541,0x3f80000003f80000003f80000003f80000003f8032,50,0 7 28,70,40,0 3 4 15 16 27 28 40 52 60 63 64 75 76 87 88 100 112 120 123 124 135 136 147 148 160 172 180 183 184 195 196 207 208 220 232 240 243 244 255,0xea3d2a9f7018165d3f9902dd1f8630187e37e8d3031313cb0f99fbda4c3a89c9,,1
156,19,24407452,0x7c3e1f0f87c000000000b,11,0 32 53,51,30,12 13 16 18 19 22 25 72 73 76 78 79 82 85 132 133 136 138 139 142 145 192 193 196 198 199 202 205 252 253,0xd9a9f827d89ee8132f7e0a2d54e048542414eed19a0789e369f8c7d75877cb55,,1
156,20,24947971,0x7c3e00000003e1f0f801e,30,0 51 8,67,36,4 6 7 10 21 22 24 25 64 66 67 70 81 82 84 85 124 126 127 130 141 142 144 145 184 186 187 190 201 202 204 205 244 246 247 250,0x10cc4321cf6c215ef1fb6fc4ec15bbba77396d29d91d9798da68ad1721869c45,,1
156,21,24948501,0x7c3e00000003e1f0f802e,46,0 3 24,62,33,3 4 7 9 10 22 25 63 64 67 69 70 82 85 123 124 127 129 130 142 145 183 184 187 189 190 202 205 243 244 247 249 250,0x6433ceb3266ca68d40928ec1d6401c21862cd47f249e141a8af6560eb64d1074,,1
157,1,22855833,0x3f800000000000000000000000000003e,62,0 19 40,8,4,40 100 160 220,0xb2339b7203ed4edd2a80f69c6fe71c1a84b3943cfcf889cfaf739348d2614e95,,1
157,2,22885438,0x3f803c,60,0 17 38,9,5,4 64 124 184 244,0x8f43fc93791367c14076e2c68c81f5ddcae569d30f17a32673fda96d848830ed,,1
157,3,22885455,0xfe00000000000000008,8,0 29 50,8,4,22 82 142 202,0xca8047592072435c4a4ab257603942936f855810c7d36d60c40db02fc5aa808d,,1
157,4,22885473,0x7f00000000000001e,30,0 51 8,5,4,19 79 139 199,0x9df7f9c2bb8f44fa585204bd52e1c35ef833d6da89a8f20aea01ba8b004a1adf,,1
158,1,22857455,0x1fe0000000000000000000000003b,59,0 16 37,12,8,34 35 94 95 154 155 214 215,0x75b8819dd96fbfeb4926c171e490c5dbeb5b772f415a71fceb17f97b5537cd59,,1
158,2,22857957,0xfe00000000000000000000000000000000000000000033,51,0 8 29,8,4,58 118 178 238,0x75c940a066660a890c023e211a898990d500faa933be2f8480367c0138e52e55,,1
158,3,22858066,0x3f800000000000000000000000000000000000002d,45,0 2 23,7,4,52 112 172 232,0xede8fbebd5328ea9c4ea275521955912cd53e355d71d905395c539b9fc20e550,,1
158,4,22860224,0xff000000000000000000000000000000030,48,0 5 26,14,8,43 44 103 104 163 164 223 224,0x0bf5665cdbb5914b072f3dc21e696a1c08f860a28f7df04bdd03a30536506b8a,,1
158,5,22874125,0x1fe00000000000000000000000000000000023,35,0 56 13,25,17,0 45 46 47 60 105 106 107 120 165 166 167 180 225 226 227 240,0x051ed97b805300fd9d882de7664f127563a7916efc449ba20eebb7361d1a0375,,1
158,6,22874361,0x1fc0000000000000000017,23,0 44 1,8,4,25 85 145 205,0xe0d6d12b50ad2f68cb1b8d6dca973992c1f04b6cf22bb90e556227de259f48ac,,1
158,7,22952195,0x3f801a,26,0 47 4,9,5,4 64 124 184 244,0xbc9b364ae409d23d40246cfbdf731b8acda47b7d4650000b47ea92e8a38efd7d,,1
158,8,22952579,0x3f800000000000000000002f,47,0 4 25,12,8,27 28 87 88 147 148 207 208,0xe377993af7a48e58f32ecbc647b4be3a8f047bc02c7854b04a85bbf165e87cbf,,1
158,9,23020629,0x3fc0000000000000000000000000008,8,0 29 50,17,12,36 37 38 96 97 98 156 157 158 216 217 218,0xd38b08df8bf71234c90f62226c176a32fc92b3d2dced8865e538fc6f9d83b915,,1
158,10,23104623,0xff00000000000000000000002b,43,0 0 21,16,12,30 31 32 90 91 92 150 151 152 210 211 212,0xcdf5e9529c493682b558dc831f4440e27bdd623a788c2dbff32759df71dc0222,,1
158,11,23105158,0x1fe00000000000000000000000000000000000000000030,48,0 5 26,21,12,57 58 59 117 118 119 177 178 179 237 238 239,0x571e457a87075ec6d2607d87f9fdd56a59d62a24eb8ecf1004fe0ac667050d4a,,1
158,12,23105218,0xff00000000000000000000000c,12,0 33 54,21,12,31 32 33 91 92 93 151 152 153 211 212 213,0x29850cd2761e32a1b531af9b5a15f5d3ced916153338668837c16e1a5ac81e51,,1
158,13,23108098,0x1fe00000000000000000000000000000000034,52,0 9 30,21,13,0 46 47 60 106 107 120 166 167 180 226 227 240,0xa41b90a6c3a15900a547bd8a71862123a6c4dad94e0d0a27bb57bbfae4470585,,1
158,14,23108145,0x1fe00000000000000000000000000000000000000000018,24,0 45 2,16,8,58 59 118 119 178 179 238 239,0xda5de4cf63f856130920fbf95ec7a7720e0b4c7acb257ace0652fa3437e58b3a,,1
158,15,23108192,0x7f8028,40,0 61 18,29,15,3 4 5 63 64 65 123 124 125 183 184 185 243 244 245,0x68d6bf5d67a38df256855b303f49a27657df8e8c7db8861ed36f7c3cae11444b,,1
158,16,23108256,0x1fe00000000000000000000000031,49,0 6 27,12,8,34 35 94 95 154 155 214 215,0xe97e4eaabb21c5a44884d2bc2b81358abcac7ff599e17ad26c50ffb0e9c408cb,,1
158,17,23108337,0x1fe00000000000000000000000000000000024,36,0 57 14,15,12,45 46 47 105 106 107 165 166 167 225 226 227,0x3c7133633a2e1afabc5d14157f04c0abd45b9d0614968b415f9489a6636c0c6d,,1
158,18,23108411,0xff00000000000000000000000000000000000000003a,58,0 15 36,19,12,55 56 57 115 116 117 175 176 177 235 236 237,0x07040afd536d3343818a91e89c8287455690192741c651b183f7c457b2d90fbd,,1
158,19,23227902,0x3fc000000000000000001d,29,0 50 7,32,17,0 24 25 26 60 84 85 86 120 144 145 146 180 204 205 206 240,0x45e27961cf693ead62d4016054f212b18a49a76b2165286788207583c7c0f948,,1
158,20,23227973,0x1fe0000000000000000000000000000000002f,47,0 4 25,11,8,46 47 106 107 166 167 226 227,0xce4d9811f8931273b4b67bc458bbdc71f122bb3ca9cf0e942913fbb7cf952b5b,,1
158,21,23228023,0x7c000000000000000000000000000000000000f,15,0 36 57,14,8,48 49 108 109 168 169 228 229,0xd60a58fdb7d8b19919a2cecf1181f46d890ca5940b7075cb2dc431b8372481c4,,1
158,22,23439230,0x3f801c,28,0 49 6,9,5,4 64 124 184 244,0x34c7351e7e9d6b4c2f7b3b86795aab121f0f71f8b9ab9d76ea09cc1be0b15522,,1
158,23,23439487,0x7f80000007f80000007f80000007f80000007f802f,47,0 4 25,96,63,3 4 5 16 17 27 28 29 39 40 41 51 52 53 54 63 64 65 76 77 87 88 89 99 100 101 111 112 113 114 123 124 125 136 137 147 148 149 159 160 161 171 172 173 174 183 184 185 196 197 207 208 209 219 220 221 231 232 233 234 243 244 245,0x554abf2b614f568ffbd04722334c4a29e658e25883d23624e67b41e1f9da8b2a,,1
158,24,23440074,0x3f80000003f80000003f80000003f80000003f803b,59,0 16 37,43,26,4 15 16 28 40 52 64 75 76 88 100 112 124 135 136 148 160 172 184 195 196 208 220 232 244 255,0x021f2574660226ce5b5d09fa31b7432295ba5795a275fccb24b218199daba70f,,1
158,25,23614117,0x3f80000003f80000003f80000003f80000003f8012,18,0 39 60,94,63,3 4 5 16 17 27 28 29 30 39 40 41 51 52 53 63 64 65 76 77 87 88 89 90 99 100 101 111 112 113 123 124 125 136 137 147 148 149 150 159 160 161 171 172 173 183 184 185 196 197 207 208 209 210 219 220 221 231 232 233 243 244 245,0x7b62b00203c9ec3810704f37540689069733fc6c371127d81aeea64bd5ae5df9,,1
158,26,23773629,0x3f80000003f80000003f80000003f80000003f8033,51,0 8 29,53,31,0 4 15 16 28 40 52 60 64 75 76 88 100 112 120 124 135 136 148 160 172 180 184 195 196 208 220 232 240 244 255,0x5e874b639da0f414184a021e9cae81b066d0972556190349d7ee93e41bbce0f2,,1
158,27,24407475,0x7c3e1f0f87c0000000006,6,0 27 48,42,25,13 16 18 19 22 25 73 76 78 79 82 85 133 136 138 139 142 145 193 196 198 199 202 205 253,0xcfea4168333b42c79c78ef0dbc9b301aa53bfafe4629a650d587ceff8f1a6e2e,,1
158,28,24948005,0x7c3e00000003e1f0f8005,5,0 26 47,77,41,3 4 6 7 10 21 22 24 25 63 64 66 67 70 81 82 84 85 123 124 126 127 130 141 142 144 145 183 184 186 187 190 201 202 204 205 243 244 246 247 250,0x46f9211e3c1a97ea035590ee34d182d657aab53a2c02e00e0d15fa9d0687fd57,,1
158,29,24949216,0x7c3e00000003e1f0f802a,42,0 63 20,52,28,4 7 9 10 22 25 64 67 69 70 82 85 124 127 129 130 142 145 184 187 189 190 202 205 244 247 249 250,0x8d0d9b91327e70f653d1caaaad5cec6acdf753160b87f597d6a55bf405c6c0c1,,1
158,30,24949275,0x7c3e00000003e1f0f8011,17,0 38 59,87,46,3 4 5 6 7 10 21 22 24 25 63 64 65 66 67 70 81 82 84 85 123 124 125 126 127 130 141 142 144 145 183 184 185 186 187 190 201 202 204 205 243 244 245 246 247 250,0x3ed5213ea9e2eddfcaf0d2f0a0a5adcb5c667f12454e18a4a0711a438a9b40eb,,1
159,1,22857658,0x1fe0000000000000000000000000000000000000000002d,45,0 2 23,16,8,58 59 118 119 178 179 238 239,0x07ab8751a2052357f398acd2a3c0998c7b9968bd71e6c15b86b301ff95b84215,,1
159,2,22858147,0x1fe0000000000000003c,60,0 17 38,16,8,22 23 82 83 142 143 202 203,0x7855476af8ad08af2abde4ead008954a01bff9b20045b40668be7852250f3772,,1
159,3,22860265,0x1fe00000000000000000000000023,35,0 56 13,12,8,34 35 94 95 154 155 214 215,0x6fee7888b0b0575d06bb477739d5f4e081826e4b969784fda609c2fb4e4ada8b,,1
159,4,22871365,0x1fe00000000000000000000000000000000037,55,0 12 33,11,8,46 47 106 107 166 167 226 227,0x325ea8b9e416d9f1e48b9282daabce51c9280e3823324204ca72f55124ef1941,,1
159,5,22874201,0x1fe00000000000000000000000000000000000000000008,8,0 29 50,21,12,57 58 59 117 118 119 177 178 179 237 238 239,0xd0af07ed431be2f79df56c16a5971eb83d9cd63672e77d6da966824147c826b0,,1
159,6,22874775,0x1fc0000000000000000017,23,0 44 1,26,13,0 24 25 60 84 85 120 144 145 180 204 205 240,0x6bf7e9d7a79057d2982d425dd19af70ae20f5c3c3fdf0e097a9aeac956b70198,,1
159,7,22952213,0x3f801a,26,0 47 4,9,5,4 64 124 184 244,0xce2b7de6844a07a9a7604995f81e56c2c012b6e1998f2356b717e7a651011001,,1
159,8,22953024,0x7f00000000000000000000000000000000000000000a,10,0 31 52,7,4,55 115 175 235,0x84b0e6871dc4ce6ec8919498292d9dded37188f2af65923cd0884d873d26df02,,1
159,9,23020769,0x7f8000000000000000000000000000000000000023,35,0 56 13,17,12,52 53 54 112 113 114 172 173 174 232 233 234,0xec29c21ea3376c30d0db661f8e2ac5d63c0485a547a420fc2fbe5b6a080cfc26,,1
159,10,23104764,0x3fc0000000004,4,0 25 46,16,10,13 14 73 74 133 134 193 194 253 254,0x59c66a63aa6f8aafd353642db579a28b7a5f659a0ca5159d0b24ca34287da928,,1
159,11,23228245,0x1fc0000000006,6,0 27 48,17,10,12 13 72 73 132 133 192 193 252 253,0x9358e31ce3ef46f2fe86570f502d1ae846c8f259566c3d0019bb4c2845b28ece,,1
159,12,23439230,0x3f8037,55,0 12 33,29,15,3 4 5 63 64 65 123 124 125 183 184 185 243 244 245,0x79553fc52ee793533fb322fe6c669b4b20e6b35e45ed1f783fc5af4c49262118,,1
159,13,23441613,0xf80000000f800001f0000000000f80000000f8027,39,0 60 17,46,30,4 15 16 31 40 51 52 64 75 76 91 100 111 112 124 135 136 151 160 171 172 184 195 196 211 220 231 232 244 255,0xd4db5c0633e6c41359f32187fb9638e76a7375ba72d3a82429c0c492975e4456,,1
159,14,23614152,0x3f80000003f80000003f80000003f80000003f8006,6,0 27 48,57,34,3 4 16 27 28 39 40 52 63 64 76 87 88 99 100 112 123 124 136 147 148 159 160 172 183 184 196 207 208 219 220 232 243 244,0x491bbf911da6d288b4b04df3189f5fd57cbb63c220ac8cb29f90f025488d07d1,,1
159,15,23773686,0x3f8000000001fc00003f80000003f80000003f8031,49,0 6 27,89,60,0 4 5 15 16 17 28 29 30 36 37 51 52 53 60 64 65 75 76 77 88 89 90 96 97 111 112 113 120 124 125 135 136 137 148 149 150 156 157 171 172 173 180 184 185 195 196 197 208 209 210 216 217 231 232 233 240 244 245 255,0x1b8ff11f0bf06b0f689230dab86a5f58f45e983bfc7690bb70c7400d9d9b3b10,,1
159,16,24407496,0x7c3e1f0f87c000000000c,12,0 33 54,50,29,13 16 18 19 21 22 25 73 76 78 79 81 82 85 133 136 138 139 141 142 145 193 196 198 199 201 202 205 253,0x21ece4ddfa229cbd89099a7d62b9de6f48a431d8e3bafb77c78379108fbbca1f,,1
159,17,24948039,0x7c3e00000003e1f0f8007,7,0 28 49,69,37,3 4 6 7 10 22 24 25 63 64 66 67 70 82 84 85 123 124 126 127 130 142 144 145 183 184 186 187 190 202 204 205 243 244 246 247 250,0x785d36cd6c397281655d53c3d703b8fcfc353ed92a84ce946e8fbd1b3f7d6683,,1
159,18,24948220,0x7c3e00000003e1f0f803a,58,0 15 36,60,32,4 7 9 10 21 22 25 64 67 69 70 81 82 85 124 127 129 130 141 142 145 184 187 189 190 201 202 205 244 247 249 250,0x1c0a60fed52a3a7d7b43b6c1a8b8e14559fc9122986c2f128b043040bf7e0e60,,1
159,19,24948266,0x7c3e00000003e1f0f8004,4,0 25 46,75,41,3 4 6 7 10 22 24 25 26 63 64 66 67 70 82 84 85 86 123 124 126 127 130 142 144 145 146 183 184 186 187 190 202 204 205 206 243 244 246 247 250,0x40c9e06a9c9c284f3dde0450b6daa766961906b42f28bd121ba4f812971a6864,,1
160,1,22859593,0xf8000,0,0 21 42,9,5,4 64 124 184 244,0x75d24ebcdf5e95a5dae6cb424a0865c25f593b2cc23b44e8c7e4115d71a8205a,,1
160,2,22859641,0xf8000000000000000000011,17,0 38 59,5,4,28 88 148 208,0x5f5b58bd9b99e0fa78c8b73c43c1b7c694fd30d917720b130c5095d2bf35fa80,,1
160,3,22859677,0x7c0000000000000000000000000014,20,0 41 62,5,4,37 97 157 217,0xed8d40019005d59401018bf456dfb1d9571c947ef62f5273ba98e638b6d20358,,1
160,4,22859707,0x7c0000000000000000000000000000000000007,7,0 28 49,6,4,49 109 169 229,0x56c36392bdaca8cf6f897891ef80577c76bed39d4df40b40c572112aa09d42f6,,1
160,5,22859732,0x3e0000000000000000000000000000000000000000002e,46,0 3 24,8,4,58 118 178 238,0x8705b7bbd1f3926e63702f5658b1187319f14720832af02b82404e9af8b74d6c,,1
160,6,22859961,0x1f000008,8,0 29 50,8,5,7 67 127 187 247,0x4cc189bbd5203984f441f481845eed32c3833a7dfecd5e6661e6e33258e8a43c,,1
160,7,22859987,0x1f00000000000000000000003d,61,0 18 39,5,4,31 91 151 211,0x153a9f863216aa8e436049b4dac20d57e55d71e62351e88aa88bb807fdb02f12,,1
160,8,22860010,0xf800000000000000000000000000001b,27,0 48 5,8,4,40 100 160 220,0x18b453109ff5baadb5f702faec7fb2e223f5f91e9c62b3a009661c83654b2ed9,,1
161,1,22859274,0x1fe00000036,54,0 11 32,19,10,10 11 70 71 130 131 190 191 250 251,0x5fdca0b3181241cdb7ff11e93ed970d70a2535ac2df05fdd2f81f832d3718c85,,1
161,2,22859653,0x1fe00000000000000000000000039,57,0 14 35,12,8,34 35 94 95 154 155 214 215,0x387b20a01270276aa470f0274afc1f5fc665fbdebe26fcf6b993373f6be37c89,,1
161,3,22859673,0x1fe00000000000000000000000000000000025,37,0 58 15,11,8,46 47 106 107 166 167 226 227,0xa22b918abf5b4883a3e5c1ee06989e6fe70db6b7ca9b3e15bfa5dc0f4f2960d4,,1
161,4,22859700,0x3fc0000000000000000000000000000000000017,23,0 44 1,21,12,48 49 50 108 109 110 168 169 170 228 229 230,0x84c9b9eedb4a1656cbf6e6a9c7c0a3357f13cdfc3ca38d10f65a7fc3b057b9ab,,1
161,5,22859718,0x1fe00000000000000000000000000000000000000000008,8,0 29 50,16,8,58 59 118 119 178 179 238 239,0x3afc6d979ffd9336ee6cbc32e6181da2c9ebade022e9180df76e4533ae3729f1,,1
161,6,22941332,0xfe00000026,38,0 59 16,29,15,0 9 10 60 69 70 120 129 130 180 189 190 240 249 250,0xd1e795dad394b061efe43b828d0a645240fa3d91a1c43d62f8f0392f899fc8f6,,1
161,7,22941425,0x3f800000000000000000000000000003d,61,0 18 39,8,4,40 100 160 220,0x0d09d84a6aa36d57b06ca816e6a1190b6a5cdeb20a7f9b174ad071edf0127b0b,,1
161,8,22941445,0x7f000000000000000000000000000000016,22,0 43 0,13,8,42 43 102 103 162 163 222 223,0x95ebb1e3d8b981599b7f663fdf8eb058152d399f9ca53ece7d5ede42a5e9797a,,1
161,9,23001243,0x7f000000000000000000000000000000030,48,0 5 26,14,8,43 44 103 104 163 164 223 224,0x7f0fa894d7cff0519907de0d3ce005fcec44459fcce3f1fc26f184f51f3d2e61,,1
161,10,23048855,0x1fc000000000000000000000000000000000003c,60,0 17 38,6,4,49 109 169 229,0xc03cf09b73250f496bb004f7e594eccfe0b9c4abefaf8a23f58d0a45be940d52,,1
161,11,23367115,0xf8038,56,0 13 34,19,10,0 4 60 64 120 124 180 184 240 244,0x3bf79d5d4af2a22517458d7bff443d9c24e4e9f9ef6f9ab8b0d15d5acde032e7,,1
161,12,23367309,0xf800000000000000000000c,12,0 33 54,5,4,28 88 148 208,0xef31a35860526ffc25ca41caa372c931d167333383f404c62917610a4fe0ccc3,,1
161,13,23367435,0x7c0000000000000000000000000009,9,0 30 51,13,8,36 37 96 97 156 157 216 217,0x6543101004ce55ddabac5cc74bffa623e918a2a11d4d4b1c01ffc183291094c3,,1
161,14,23367488,0x7c0000000000000000000000000000000000017,23,0 44 1,14,8,48 49 108 109 168 169 228 229,0x7c4d9860ba37efbf8386d45d082e2b27fe840c5bc67c6076a1962d719e3de1f8,,1
161,15,23367658,0x3e0000000000000000000000000000000000000000001e,30,0 51 8,13,8,57 58 117 118 177 178 237 238,0x88dcaa4e09819f4a45de608cffb3351fd4a422f25addfa0406ec9f0a5ed4e99d,,1
161,16,23486050,0xf801a,26,0 47 4,19,10,3 4 63 64 123 124 183 184 243 244,0x6e76b9813f708484cf21f4de4df7a18284b715fda287acb7f1ae6a6e2e0c0f15,,1
161,17,23487614,0x7c00000007c00000f800001f0007c000000000a,10,0 31 52,45,30,12 13 19 27 28 37 49 72 73 79 87 88 97 109 132 133 139 147 148 157 169 192 193 199 207 208 217 229 252 253,0xd1f73fc17e55a0ac2b124bda68df17426b755a4c5a418267d4e74ebc69e18ee1,,1
163,1,22859751,0x7f803c,60,0 17 38,19,10,4 5 64 65 124 125 184 185 244 245,0x1aa6d6c51be0ee6f0662d04a4734a21b174e3e4a17007c00631a40386427b4cb,,1
163,2,22859772,0x3fc000000003f,63,0 20 41,16,10,13 14 73 74 133 134 193 194 253 254,0xfc15094e26eedce43bf8c1c8a29f32eb2e3c5916337f601ec330731cc5c2d124,,1
163,3,22859789,0x3fc0000000000000000000000000026,38,0 59 16,9,8,37 38 97 98 157 158 217 218,0x1151825e61894a06ed602b72e0b4e2ab143243f55555d3201e72f1ebcbc780cf,,1
163,4,22859805,0x1fe0000000000000000000000000000000000000000003a,58,0 15 36,26,13,0 58 59 60 118 119 120 178 179 180 238 239 240,0xd855b5bad4fb5043153152d37321ee204a85c3991fe1f242d225216ab148f25d,,1
163,5,22859826,0xff00000000000000000000002a,42,0 63 20,13,8,31 32 91 92 151 152 211 212,0x4e1743ae7865dcd126cfdd3530dd935a1adf47b5a19687e546ddbc77b1c6de21,,1
163,6,22859917,0x7f800000000000000000000000000000000000000d,13,0 34 55,12,8,52 53 112 113 172 173 232 233,0xb81d010dcd3f0a4cd2a7c31344ca0a96e32ca54b40cf1e1122cfe3b19204555a,,1
163,7,22941352,0x1fc0000000000000000020,32,0 53 10,8,4,25 85 145 205,0x1101aa53878fc3f1f792fe58654b63da94ee60c1e28f570547ce3ae256cb6d1e,,1
163,8,22941387,0x7f00000000000000000000000000000000000000000a,10,0 31 52,12,8,54 55 114 115 174 175 234 235,0xa9547f0383590b99cbeea742223427b873c84d271f25a5867f53252539c63547,,1
163,9,23001270,0x3f800000000000000000000000000003f,63,0 20 41,13,8,39 40 99 100 159 160 219 220,0x4a5898ec61f3c6f5ec18e91e47695804257ee7cf00943a0027a1c0c2f3fc272b,,1
163,10,23048869,0x1fc000000000000000000000000002f,47,0 4 25,13,8,36 37 96 97 156 157 216 217,0x7c4e57410fd0754721fb3667b40ebb7bf55c5d8363abc3a25bb05c882026a757,,1
163,11,23168040,0x7f00002f,47,0 4 25,26,15,0 6 7 60 66 67 120 126 127 180 186 187 240 246 247,0x1953c1db1c26c92f383d6ccbfc0da62d66e0567bcff6684dbee4415e33835db0,,1
163,12,24784604,0x7c3e1f00000001f0f8023,35,0 56 13,56,31,3 4 7 19 22 24 25 63 64 67 79 82 84 85 123 124 127 139 142 144 145 183 184 187 199 202 204 205 243 244 247,0x91210ed182fbf6bb0a03b423256b31c46e470949ca28b4130821051526899daa,,1
163,13,24909269,0x7c3e00000003e1f0f800d,13,0 34 55,68,37,4 6 7 9 10 21 22 25 64 66 67 69 70 81 82 85 124 126 127 129 130 141 142 145 184 186 187 189 190 201 202 205 244 246 247 249 250,0x3308b69376c95a4400b2c6f59178ea1e8b07f566ce0d5a5248dfa4dbd9ca56af,,1
164,1,22859616,0x3f800000000000000000000000000000000000000d,13,0 34 55,7,4,52 112 172 232,0x3e540c36529b49c8f33956e57fbd584efc241fc8d660ee2bcc52abb7ac15e27f,,1
164,2,22876596,0x1f00000000000000000000002c,44,0 1 22,5,4,31 91 151 211,0x0352c247237eccbdb8f8a146aa2fb253904e66cf4850b1069416f737f5cdcf61,,1
164,3,22989453,0x1f000000000000000000000000000000000000000008,8,0 29 50,12,8,54 55 114 115 174 175 234 235,0x0527589dc114cef38b8a0b98cd93ec44c00af6e97109352a526b1cae8e16d9a4,,1
164,4,23205265,0x7c000000000000000000000000001e,30,0 51 8,5,4,37 97 157 217,0x2768c7ae686eccfc14091446c6effcd778711a6045cee4ba91dfa453b58baf2e,,1
164,5,23382539,0x3f800000000000000000000000000000000000001c,28,0 49 6,15,12,51 52 53 111 112 113 171 172 173 231 232 233,0x12323e745f2f66d55116a0f0387692ab63acf8cc170a0a98e63a4af92b562ccc,,1
164,6,23385600,0x7f000000000000000000000000000000013,19,0 40 61,7,4,43 103 163 223,0x98095a225558fa58e4e53f3b804bc1e73762ea52a26c863cbef324242b9d82af,,1
164,7,24337393,0x7c3e1f0f87c0000000028,40,0 61 18,35,21,13 16 19 22 25 73 76 79 82 85 133 136 139 142 145 193 196 199 202 205 253,0xd0feeb7e17de12b0a3b225f864fef633556cd6760b777ebf578459a5073c56d0,,1
165,1,22859589,0xfe00000000000000000000000000000000000000000003,3,0 24 45,8,4,58 118 178 238,0xe5936971863e4f8d753637425b951521b27b3975e6b33c05d373260d658f7658,,1
165,2,22878678,0x1fe00000000000000000000000000000000000000000036,54,0 11 32,21,12,57 58 59 117 118 119 177 178 179 237 238 239,0xff9e042a4dc1fbc3a1e49e6d8ee687e6bd2918458a70ca87f9801743a6476ee0,,1
165,3,22969143,0xff000000000000000000000000000000000000000003,3,0 24 45,14,8,55 56 115 116 175 176 235 236,0x7682a0c81fe9ca77906f1f297a6a62e8372b7a1c4fd3191b1a4e45ad0266094c,,1
165,4,22969328,0xff00000000000000000000000000000000000000001f,31,0 52 9,19,12,54 55 56 114 115 116 174 175 176 234 235 236,0x32843010a2967da86be700f4f967e755a2aacd157fb06322361123efdd299758,,1
165,5,23166665,0x1fe00000000000000000000000025,37,0 58 15,12,8,34 35 94 95 154 155 214 215,0xa50043b1092e95c3f0d34c014562da0627d382d0675755890e64abe661b54fab,,1
165,6,23166689,0x1fe00000000000000000000000000000000000000000034,52,0 9 30,21,12,57 58 59 117 118 119 177 178 179 237 238 239,0x5a04109c32652533b5e45271cb0acba0e37d61d9d876bf1a2a0088908133a3c8,,1
167,1,22865518,0x7c000000000b,11,0 32 53,8,5,13 73 133 193 253,0xe8f8902fb2275507a692a2f28f24a5d5bbb20464397573a74a6665694601877a,,1
167,2,22865666,0x1f000000000000000000000000000000000000000031,49,0 6 27,7,4,55 115 175 235,0x82948f9eb32848cbdd5cacebe03f8d1cb272915fe2bad29a06e9548781a8667c,,1
167,3,22865699,0x1fc0000000000000000000000000026,38,0 59 16,5,4,37 97 157 217,0x0c98e21188195794cd67aed388bf881456aeef78c5b46a0ab73f3fd6ad1ff47a,,1
167,4,22866048,0x3f8000000000000000000000000000034,52,0 9 30,13,8,39 40 99 100 159 160 219 220,0x7ab77a641a879f765dacbe3563bc8b59c05533aea90be5666bf7f93c17e458cf,,1
167,5,22870091,0xfe00000000000000000000000000000000000000000037,55,0 12 33,8,4,58 118 178 238,0x1332d74f318d05d872903209b3acd705f7d88b3e04c9bd980ff75faff23baf3f,,1
167,6,22870196,0xf800000000000000000000000000000000000000c,12,0 33 54,17,9,0 52 60 112 120 172 180 232 240,0x2fbd65725c9d648095c5947c6864a7cecef845fe68339f981af702b9ad4cabd4,,1
167,7,22873363,0x3e00000000000000000000000013,19,0 40 61,6,4,34 94 154 214,0xc54a07c01e46fb07734ca8017216ba71fddc00c9a5ee79abca9ce1344ab31462,,1
167,8,22874350,0x1f00000000000000000000001b,27,0 48 5,5,4,31 91 151 211,0x8e937c735b9eee289d8647b47dc25cbb553c95676c4b3cf0739f34961716825a,,1
167,9,22875277,0xfe00000000000000000000000000000000000000000013,19,0 40 61,21,12,57 58 59 117 118 119 177 178 179 237 238 239,0xd8a7d51b01f128b50ca41c480b1cc89c1008349b35cbaabe11ca4332810bfbf4,,1
167,10,22876740,0x7f8000000000001,1,0 22 43,11,8,16 17 76 77 136 137 196 197,0xa91204cd3ac63e9f5112b2cf7023212c792a8d7bc4c53d2b8e2e27832a4b989d,,1
167,11,22879161,0xfe0000000000000000000000000000000000c,12,0 33 54,6,4,46 106 166 226,0xc231e15ef086231a8b34dbeeb0ce3c85db4ec5eda2b52b2595a422910b366453,,1
167,12,22932293,0xf8000000000014,20,0 41 62,14,9,15 16 75 76 135 136 195 196 255,0x72d7111da36ac896d048cc8f86925a2a155e49340faff11672aff539dcfe8c4e,,1
167,13,22955001,0xf8000000000000000000000000000033,51,0 8 29,8,4,40 100 160 220,0xcfa2a5c122d0e99d727700df84e036c59baea96362d9937586f3ff2ed07984fb,,1
167,14,22972793,0x3e00000015,21,0 42 63,10,5,10 70 130 190 250,0x1ac2c766d7d17f17b65669d4f2e7a9034de28774616baeac884fba6264247a0b,,1
167,15,22972958,0x1f000000000000000000000000000000039,57,0 14 35,23,13,0 42 43 60 102 103 120 162 163 180 222 223 240,0x95f5664561bcb0c9d1a4be1132776f62d34008ff1b69abd8b6085e89fea5b568,,1
167,16,24815086,0x7c3e00000003e1f0f8016,22,0 43 0,52,28,4 7 9 10 22 25 64 67 69 70 82 85 124 127 129 130 142 145 184 187 189 190 202 205 244 247 249 250,0xc44bc6ffbab6b5ad1dd149a9244dfbf849c315865c59eeb3a50cfc5623df7e04,,1
167,17,24913858,0x7c3e00000003e1f0f8007,7,0 28 49,77,41,3 4 6 7 10 21 22 24 25 63 64 66 67 70 81 82 84 85 123 124 126 127 130 141 142 144 145 183 184 186 187 190 201 202 204 205 243 244 246 247 250,0xcb12e7031ed5efb98a80bcca426f59757d3b20838ae60c0af6513564687e7011,,1
169,1,22860102,0x3f8020,32,0 53 10,9,5,4 64 124 184 244,0x39ba80e1866ffc1d09de2e597461e3e9deef25f301dfaeff660571953e4a380e,,1
169,2,22939543,0x7f000000,0,0 21 42,16,10,6 7 66 67 126 127 186 187 246 247,0xde9e93f085415ee6bb8a0ed921980581f6a64dbe8900108533e1652676855161,,1
169,3,22953473,0xf801c,28,0 49 6,19,10,3 4 63 64 123 124 183 184 243 244,0x981538d5b8b9460cb5992a02caeb6aed705ea08bdd22f0b2efa4e3217662e4a1,,1
169,4,22953528,0x7f00001a,26,0 47 4,18,10,7 8 67 68 127 128 187 188 247 248,0x746ec8c6f455d9d9d5817f3ffcceb7485176876a84a0d8fab32a4dd687b5f539,,1
169,5,23125093,0x3f8000000000000000000013,19,0 40 61,5,4,28 88 148 208,0x92b605e82e6a22f8a40548bf2605e04c0cb86a04e55f42ca3a90cfc753dc3afa,,1
169,6,23356086,0x7f8000000000000000000002,2,0 23 44,17,12,27 28 29 87 88 89 147 148 149 207 208 209,0xbc738c70749d8314a1e3d23cf53ef6e0f309239722b010ad6d43f3c20edf7229,,1
169,7,23356149,0x1fc0000000000000000020,32,0 53 10,8,4,25 85 145 205,0x946964a58d359fe19df946dc173219391c3a61f89ff7c9235647ae75f32ba5c6,,1
169,8,24150514,0x3e1f0f87c3e00000027,39,0 60 17,46,27,9 10 13 16 19 22 69 70 73 76 79 82 129 130 133 136 139 142 189 190 193 196 199 202 249 250 253,0x27d4db4f0fb1233dc0921d4723c6475aac0dd00450ddd09a9df2b56a770da418,,1
169,9,24331988,0x7c3e1f0f87c0000000007,7,0 28 49,75,43,12 13 15 16 18 19 21 22 24 25 72 73 75 76 78 79 81 82 84 85 132 133 135 136 138 139 141 142 144 145 192 193 195 196 198 199 201 202 204 205 252 253 255,0x090c2577e145c6235ad9d853cfc838b258e412b919d4cb60fa6cf648ce585967,,1
169,10,24332082,0x7c3e1f0f87c0000000027,39,0 60 17,45,26,0 13 16 19 22 25 60 73 76 79 82 85 120 133 136 139 142 145 180 193 196 199 202 205 240 253,0xf8f3877b657724ca749319268d01063829bed5b2299f586bfeb5df9a38d27008,,1
169,11,24477808,0x7c3e1f0f80000000f8009,9,0 30 51,73,42,4 15 16 18 19 21 22 24 25 26 64 75 76 78 79 81 82 84 85 86 124 135 136 138 139 141 142 144 145 146 184 195 196 198 199 201 202 204 205 206 244 255,0xe4414fbcb422907f072f138434fc1c592d1f250610f8a8da7d3db0a7a23f08ba,,1
169,12,24477906,0x7c3e1f0f80000000f803e,62,0 19 40,46,26,3 4 16 19 22 25 63 64 76 79 82 85 123 124 136 139 142 145 183 184 196 199 202 205 243 244,0xb96787bc454f13a58bc4741d68f3a4946f435927694bd81af4fe196b12aa7478,,1
169,13,24645946,0x7c3e1f00000001f0f8015,21,0 42 63,79,44,4 5 6 7 18 19 21 22 24 25 64 65 66 67 78 79 81 82 84 85 124 125 126 127 138 139 141 142 144 145 184 185 186 187 198 199 201 202 204 205 244 245 246 247,0x1834441fff8f7a912878dac63f794e188b7f818528fb272a7f21d20ed70a65e7,,1
169,14,24645994,0x7c3e1f00000001f0f802a,42,0 63 20,62,35,3 4 7 19 20 22 23 25 63 64 67 79 80 82 83 85 123 124 127 139 140 142 143 145 183 184 187 199 200 202 203 205 243 244 247,0x320ec72bf5c17dc6ba5099683e23e0e127f3da1ce715c3ea8918fdb14df1a182,,1
169,15,24646173,0x7c3e1f00000001f0f8037,55,0 12 33,69,39,4 6 7 18 19 21 22 24 25 64 66 67 78 79 81 82 84 85 124 126 127 138 139 141 142 144 145 184 186 187 198 199 201 202 204 205 244 246 247,0xa303b2031cfdfdd763b98975479c706c0bb662eaec883444033c19bf541b30b6,,1
169,16,24832321,0x7c3e00000003e1f0f8016,22,0 43 0,53,28,3 4 7 10 22 25 63 64 67 70 82 85 123 124 127 130 142 145 183 184 187 190 202 205 243 244 247 250,0xfd53731a2f83b5175a311848057c8060fcdc5c04092792ec8b45d1cd31dc5486,,1
169,17,24832570,0x7c3e00000003e1f0f8007,7,0 28 49,86,46,0 4 6 7 9 10 21 22 24 25 60 64 66 67 69 70 81 82 84 85 120 124 126 127 129 130 141 142 144 145 180 184 186 187 189 190 201 202 204 205 240 244 246 247 249 250,0x1de68d2f3cb09cb0c40ead5714b2860d9eb954168789f4042e18f6285b13ece6,,1
170,1,22860118,0x7f8000000000000000000007,7,0 28 49,10,8,28 29 88 89 148 149 208 209,0x1959f78985d16863dd9b094592e53482f3087b9ec3af2ee23c3be1e50d2020c7,,1
170,2,22939559,0x7f000000000000037,55,0 12 33,5,4,19 79 139 199,0x07a1f401568d3b49c551e93208687139118f250af22ef46d39fff4540a4c96a6,,1
170,3,22953540,0x1fc0000000013,19,0 40 61,8,5,13 73 133 193 253,0xf2661de553a4bdc5819fca43932568ee644730dec0e07494ebaaf0d6a38e1276,,1
170,4,23125193,0x1fc000000002f,47,0 4 25,25,15,12 13 14 72 73 74 132 133 134 192 193 194 252 253 254,0x834930ae9daca2a81a67176bad7cc2ff47e346235cb58e4f258d69b0166f0856,,1
170,5,23125248,0x1fc0000000000000000002,2,0 23 44,8,4,25 85 145 205,0x9d5574ac1fa9d1863092d0a3c67eb90c8fd1ae39441cb5751474ba28724d3f10,,1
170,6,23356098,0x3fc000000002b,43,0 0 21,16,10,13 14 73 74 133 134 193 194 253 254,0x1f0e0a4e6d69918d05fedcbc4c22d15b50ae8c604e903a84b5f375ca1da18375,,1
170,7,24150528,0x3e1f0f87c3e0000000f,15,0 36 57,69,40,10 12 13 15 16 18 19 21 22 70 72 73 75 76 78 79 81 82 130 132 133 135 136 138 139 141 142 190 192 193 195 196 198 199 201 202 250 252 253 255,0x8129050c540810d9fc4fd9517c66b0a86f8801a61dcf90ce83231c2eda27e9bc,,1
170,8,24332005,0x7c3e1f0f87c000000003f,63,0 20 41,53,30,0 13 16 19 22 24 25 60 73 76 79 82 84 85 120 133 136 139 142 144 145 180 193 196 199 202 204 205 240 253,0xf456dd4186a1dbfcf0818222d52bc2c73855bfb96fc82b827de3a9ce0c6cdcf7,,1
170,9,24332091,0x7c3e1f0f87c0000000007,7,0 28 49,67,39,12 13 15 16 18 19 21 22 25 72 73 75 76 78 79 81 82 85 132 133 135 136 138 139 141 142 145 192 193 195 196 198 199 201 202 205 252 253 255,0x62b297b521e47c741c741861e4436eb09821eb1002b1a81d5041053be89e6be8,,1
170,10,24477818,0x7c3e1f0f80000000f801e,30,0 51 8,56,33,4 16 19 20 22 24 25 26 64 76 79 80 82 84 85 86 124 136 139 140 142 144 145 146 184 196 199 200 202 204 205 206 244,0xcb8aed698392dcf09c4fec2816bb0307694998bbdbbf55be97a9aa70c41d0aa2,,1
170,11,24646010,0x7c3e1f00000001f0f8026,38,0 59 16,63,35,3 4 7 18 19 21 22 25 63 64 67 78 79 81 82 85 123 124 127 138 139 141 142 145 183 184 187 198 199 201 202 205 243 244 247,0x8899c50225f4a2c0afc82b7b1623c0055a0b7cfd7ba1ad57fe9f736e8b22a065,,1
170,12,24646183,0x7c3e1f00000001f0f8023,35,0 56 13,54,31,4 6 7 19 22 24 25 64 66 67 79 82 84 85 124 126 127 139 142 144 145 184 186 187 199 202 204 205 244 246 247,0x48fcc4104f46ea034aeb42e3c990849c69e1066137ac0ac4149dbbe5c337b607,,1
170,13,24832339,0x7c3e00000003e1f0f800d,13,0 34 55,78,41,3 4 7 9 10 21 22 23 25 63 64 67 69 70 81 82 83 85 123 124 127 129 130 141 142 143 145 183 184 187 189 190 201 202 203 205 243 244 247 249 250,0x20b5745994b8f60e3645e1b2864f9ff71260c1b0cbba113f2b33ad98edfdf3fc,,1
171,1,22860135,0x1fc0000000000000000000000000000000000019,25,0 46 3,6,4,49 109 169 229,0x1d1d018b23d4eaf3c7595262b3447ee9fc61511196ee180064ba4772b294078d,,1
171,2,22939575,0x7f00000000000000000000003d,61,0 18 39,5,4,31 91 151 211,0x547122465044bd0ed5b0c68ddf76fedc9b2e1c7552d3ec951cd742172ba9b7fe,,1
171,3,22953552,0x7f000000000000020,32,0 53 10,5,4,19 79 139 199,0x699b621c5ec8d0444fcda2d74773d26c3a4049d1875825fc6e1aacd3c278387d,,1
171,4,23125269,0x3f8000000000000000000000000000000000000028,40,0 61 18,10,8,51 52 111 112 171 172 231 232,0x8f744850a17caa4e270840a00c6353e1eaaea1ad329fe302ba35ed0f359e8722,,1
171,5,23356112,0xff00000000000002e,46,0 3 24,18,12,18 19 20 78 79 80 138 139 140 198 199 200,0xe8ec3ceb399c2c70f95e5b05441438899effd963e950716744a10b093854824d,,1
171,6,24150545,0x3e1f0f87c3e00000020,32,0 53 10,55,31,0 10 13 16 19 21 22 60 70 73 76 79 81 82 120 130 133 136 139 141 142 180 190 193 196 199 201 202 240 250 253,0xd86675021d794b290334d78e6f280a000307715cc909d0f13b342499a0f72643,,1
171,7,24332019,0x7c3e1f0f87c0000000028,40,0 61 18,59,35,12 13 15 16 18 19 22 25 72 73 75 76 78 79 82 85 132 133 135 136 138 139 142 145 192 193 195 196 198 199 202 205 252 253 255,0x7620e44031a0cb36911c25bcc7febcda0da8c88f2d1ccd763e094efdaf3897e0,,1
171,8,24332100,0x7c3e1f0f87c000000003f,63,0 20 41,51,29,13 16 19 21 22 24 25 73 76 79 81 82 84 85 133 136 139 141 142 144 145 193 196 199 201 202 204 205 253,0x650e56969f957ee8c3d89587bab9fcedf15854f45c71ef9da753cdae89064569,,1
171,9,24477827,0x7c3e1f0f80000000f8004,4,0 25 46,51,30,4 15 16 18 19 22 25 64 75 76 78 79 82 85 124 135 136 138 139 142 145 184 195 196 198 199 202 205 244 255,0xfad2738abcb5dbd354a30d123d6f65275774229fb01a37bc73ec597aeb419fea,,1
171,10,24646024,0x7c3e1f00000001f0f8036,54,0 11 32,64,35,3 4 7 19 21 22 24 25 63 64 67 79 81 82 84 85 123 124 127 139 141 142 144 145 183 184 187 199 201 202 204 205 243 244 247,0x6b6af467cf701cee1b68dae9347eb9971e4a7eb43892c335b597be2d07d94449,,1
171,11,24646193,0x7c3e1f00000001f0f8026,38,0 59 16,53,31,4 6 7 18 19 22 25 64 66 67 78 79 82 85 124 126 127 138 139 142 145 184 186 187 198 199 202 205 244 246 247,0x83a1f0943cf97b6d54e4e2565f804fcd9746204729464342011582ba293551b6,,1
171,12,24832352,0x7c3e00000003e1f0f8030,48,0 5 26,96,50,0 3 4 7 9 10 21 22 23 24 25 60 63 64 67 69 70 81 82 83 84 85 120 123 124 127 129 130 141 142 143 144 145 180 183 184 187 189 190 201 202 203 204 205 240 243 244 247 249 250,0x516f9f3ddba061e485a0708f974edf8454c4e7ba504f6ff64d9e9c5225df18dc,,1
172,1,22860715,0xfe00000000000000000000000000000000000000000003,3,0 24 45,8,4,58 118 178 238,0xc3ae5475f0dbdcda655993feb4b1f0671215b29c1ff0455772f4d0aab03a153c,,1
172,2,22861334,0x1fc0000000000000000024,36,0 57 14,8,4,25 85 145 205,0xb75c4829c1490f10acfe41b50c154b8e7a3eff2ab17a0f11741f793b3bd3a901,,1
172,3,22866370,0x3f8000000000000000000000,0,0 21 42,12,8,27 28 87 88 147 148 207 208,0x24084dd7e897c3653ed23965cfb78f3b3d49c0ab421a3c6ddde30aa3f278ca0f,,1
172,4,22877363,0x3f8000000000000000000019,25,0 46 3,10,8,28 29 88 89 148 149 208 209,0x1e390219fbb3857ec18ec8f587dd6c7a02dfd71339b7e03e6e50a1fcad2e94c1,,1
172,5,23003303,0x3f802d,45,0 2 23,9,5,4 64 124 184 244,0xcb13b61cdef4edda2c89e6533773251999a92da60f851db043b5be90124a76af,,1
172,6,23134457,0x7f00002b,43,0 0 21,16,10,6 7 66 67 126 127 186 187 246 247,0xa18febcd3f4cacc1da193691dea22e09eab687933e27b207ca29104e86661bc8,,1
172,7,23321533,0xfe00000000000000000000000000000000000000000013,19,0 40 61,21,12,57 58 59 117 118 119 177 178 179 237 238 239,0x4557dee67710bb9e7dfeb138b07335938895c8672a7a7396e4c5b9ec87b389ef,,1
172,8,23322010,0xf8000000000023,35,0 56 13,6,4,16 76 136 196,0x20644ba0576861f7f81ae276067e15d6e45249b1c5b6189f9082f12c4e6ffc0a,,1
172,9,23610927,0x3f80000003f80000003f80000003f80000003f802e,46,0 3 24,80,45,0 3 4 5 15 16 27 28 40 52 60 63 64 65 75 76 87 88 100 112 120 123 124 125 135 136 147 148 160 172 180 183 184 185 195 196 207 208 220 232 240 243 244 245 255,0x0aaf4e28e1a2b825e898d4781f4062291c60987874ec391abe9171086934eebd,,1
172,10,23797222,0x1fc5,5,0 26 47,8,5,1 61 121 181 241,0x77fcc6ad862c11274564449d39c876f0db5ef239df64d4b1f5f2ada8b7c9bc71,,1
172,11,24332567,0x7c3e1f0f87c000000002c,44,0 1 22,60,34,0 13 16 18 19 22 24 25 60 73 76 78 79 82 84 85 120 133 136 138 139 142 144 145 180 193 196 198 199 202 204 205 240 253,0xa6671affbaa3fc2b4d24b09640a400e645e3a0c9b60eed1a384d1efd23c02304,,1
172,12,24554578,0x7c3e1f0f80000000f803e,62,0 19 40,67,39,3 4 15 16 17 19 21 22 25 63 64 75 76 77 79 81 82 85 123 124 135 136 137 139 141 142 145 183 184 195 196 197 199 201 202 205 243 244 255,0xb5b4f7510b840dea885e5dd440e16a48625d61d9bd2db7ec43d944be8cd3856c,,1
172,13,24665238,0x1fcd,13,0 34 55,27,15,0 1 2 60 61 62 120 121 122 180 181 182 240 241 242,0x6407d6244d1afbb3c112e8708e734abef8b4b6cbbb252f49404a1944c31ea906,,1
172,14,24878027,0x1fe7,39,0 60 17,18,10,0 1 60 61 120 121 180 181 240 241,0x238ed6f22bc65425d7939210e6db9a74edd61f0b22433d183a646b7ee6265e0d,,1
173,1,22865420,0xfe0000000000000000000000000000000001f,31,0 52 9,6,4,46 106 166 226,0xa5a87e0db65c0410c953e12bec1455b0db1d979cf41ccd86f101f7f1eeeb4596,,1
173,2,23046465,0x3e00000000000000000000000000000000000000000015,21,0 42 63,8,4,58 118 178 238,0x2404ab9ffbe12d04d3afaed2e32e27c34a0f788f7aca8caaa3e913c0ad104f1a,,1
173,3,23245556,0xf801c,28,0 49 6,9,5,4 64 124 184 244,0x48a056835538cd8bbe11c7a4c5f808edfcc683a35623b4bd61297104e7e5ded7,,1
173,4,23404585,0xf80000000f80000000f80000000f80000000f8035,53,0 10 31,45,26,3 4 16 28 40 52 63 64 76 88 100 112 123 124 136 148 160 172 183 184 196 208 220 232 243 244,0x8690add63a37cde7ad373122290bb66230cf0a8fd80ba743345b9ed01c8a4b0c,,1
173,5,23436191,0x1fe1,33,0 54 11,18,10,0 1 60 61 120 121 180 181 240 241,0xa035f7c9e4cf29349c3c9feb809e3bc12fe0d7909eaa020687723d47803dc7dc,,1
173,6,24747312,0x7c3e1f00000001f0f8025,37,0 58 15,48,27,3 4 7 19 22 25 63 64 67 79 82 85 123 124 127 139 142 145 183 184 187 199 202 205 243 244 247,0x1c56c62e5a45bd10b02328ebe961145227d3588105d73ec34a952bf81d8008fd,,1
173,7,24928625,0x7c3e00000003e1f0f8018,24,0 45 2,67,36,4 6 7 10 21 22 24 25 64 66 67 70 81 82 84 85 124 126 127 130 141 142 144 145 184 186 187 190 201 202 204 205 244 246 247 250,0x321a011922aade225cdb9241c4ffd03e62d473dbf51808b69833387ea6036d74,,1
174,1,22865499,0x7f00000000000000000000000000000000000000000f,15,0 36 57,7,4,55 115 175 235,0xe3687dd28d25b8a5f0723941c69957776f4b28dd599dce81b5ff8803e8d93b98,,1
174,2,23046537,0xfe00000000000000000000000000000000000000000033,51,0 8 29,13,8,57 58 117 118 177 178 237 238,0x0ad5fb8a46cdd6580fb7c4ec37e6aa952143b12bbbd5b76ae33f59dd8bb1aedc,,1
174,3,23245619,0x7f00000000000000000000000000000003a,58,0 15 36,7,4,43 103 163 223,0xec16242a54636fda9f68a763262c66162a8da576f7ffb29daf633e4e8c290458,,1
174,4,23405408,0xf8037,55,0 12 33,9,5,4 64 124 184 244,0xd98f5ea15ad33c32a5dbec2cb5da6dba3ff74cf1c194a1ff3a307e6d4476a73c,,1
174,5,24747265,0x7c3e1f00000001f0f8039,57,0 14 35,58,32,0 3 4 7 19 22 25 60 63 64 67 79 82 85 120 123 124 127 139 142 145 180 183 184 187 199 202 205 240 243 244 247,0x7172cf43484da4ff21d50f11a583f069b8b3ab44c3fcd1ea9e67b6ec015d20fe,,1
174,6,24928656,0x7c3e00000003e1f0f802a,42,0 63 20,67,36,4 6 7 10 21 22 24 25 64 66 67 70 81 82 84 85 124 126 127 130 141 142 144 145 184 186 187 190 201 202 204 205 244 246 247 250,0x61dd3d19869f500b884e68ef45133e9e92e42aa054eb3a6db797b4fddbd52565,,1
175,1,22862113,0x7f803c,60,0 17 38,19,10,4 5 64 65 124 125 184 185 244 245,0xc91e4b8cf6b806ddd75a7c0caf8a61c49013bb12b08de7e5fa33402897cb760d,,1
175,2,22862157,0x7f800000000000000000003f,63,0 20 41,10,8,28 29 88 89 148 149 208 209,0xc75ebe1146c62fa84bb6d32b3ef9d9055a050a4f83367a22543728c13d4b503b,,1
175,3,23041629,0x7f8039,57,0 14 35,29,15,3 4 5 63 64 65 123 124 125 183 184 185 243 244 245,0x27df6f30fa86b758413af1e63a8894d07064eba320e6169dadec86ee4cb29692,,1
175,4,23052827,0xfe00000000000000000000000000000000000000000006,6,0 27 48,8,4,58 118 178 238,0x706c906b2ce11533fc4d71b988fc069791138f1bf50337107dabc77bfb2aaf96,,1
175,5,23214553,0xff000024,36,0 57 14,36,20,0 6 7 8 60 66 67 68 120 126 127 128 180 186 187 188 240 246 247 248,0x927effa84fd340aefaf0b34019c7104be7e759bb4a0663dc7bcf4fd983ac370d,,1
175,6,23386291,0x1fc0000000000000000000000000000000000019,25,0 46 3,6,4,49 109 169 229,0x270d2a740ec77dd48dd0ac8f21a82a3172524eeaf42018e0fbccdaa41f8802ac,,1
175,7,23445919,0x1fd1,17,0 38 59,18,10,0 1 60 61 120 121 180 181 240 241,0xf9a7caedbf1695c9bb26c82a884f69249e03936d7074dfcefce8d25ec8f30dce,,1
175,8,23464697,0x1fff,63,0 20 41,27,15,0 1 2 60 61 62 120 121 122 180 181 182 240 241 242,0x03264e256fc22034166b65db6ac7e31d40f494859f7c20a9b14231b3de520fd4,,1
175,9,24232441,0x3e1f0f87c3e0000001a,26,0 47 4,46,27,9 10 13 16 19 22 69 70 73 76 79 82 129 130 133 136 139 142 189 190 193 196 199 202 249 250 253,0xe989e883fd2d94abd4fd01653a7c1cb7c10dbd1ec6cfd50a61439e94b868c85d,,1
175,10,24872712,0x7c3e00000003e1f0f802e,46,0 3 24,61,32,3 4 7 10 21 22 25 63 64 67 70 81 82 85 123 124 127 130 141 142 145 183 184 187 190 201 202 205 243 244 247 250,0xd4adb699f29d613c5cffb2423b8ec5fe8ea80184164e69f0840873749b54bb91,,1
176,1,22865530,0x3e0000000000000000000000000000000000000000001a,26,0 47 4,8,4,58 118 178 238,0x087b3b40d5a87a9cb3e3e44ca1e9c8662b5b20decd627693fd9a205deba309df,,1
176,2,22882372,0x1fe00000000000000000000000000000000000000000036,54,0 11 32,21,12,57 58 59 117 118 119 177 178 179 237 238 239,0x70c6625b61c014d786fea1cdaedd0b5673abf7882e29a14a5a329605c9c49779,,1
176,3,23046672,0x3fc0000000000000000033,51,0 8 29,14,8,25 26 85 86 145 146 205 206,0x9e592f7f22112c3925f55318643a4c7641435383c43551e4be445122aba3f529,,1
176,4,23245668,0x1fe0000000000000000000000000000000000000000003a,58,0 15 36,16,8,58 59 118 119 178 179 238 239,0x687069f6275b66846b4c57f7a983b169e70bc8d4a2f8d032793f261532c6647d,,1
176,5,23405418,0xf8007,7,0 28 49,9,5,4 64 124 184 244,0x8132f2e116490947608eb59efd79108e00de43ae71ebf47aff3cc7b57d7b1fcb,,1
176,6,23481414,0x1fed,45,0 2 23,18,10,0 1 60 61 120 121 180 181 240 241,0xbb1a8ecb3ef6726ac5e7286b0d6eb21346aa0390a58b4cd0e760da357ace2cd5,,1
176,7,23749871,0xf80000000f80000000f80000000f80000000f803b,59,0 16 37,52,30,3 4 16 27 28 40 52 63 64 76 87 88 100 112 123 124 136 147 148 160 172 183 184 196 207 208 220 232 243 244,0x5c15e20659b2e0fd431ef676a89b01e2b86be21df04ab119cddedec8a1c5e369,,1
176,8,24746865,0x7c3e1f00000001f0f8007,7,0 28 49,46,26,4 7 19 22 24 25 64 67 79 82 84 85 124 127 139 142 144 145 184 187 199 202 204 205 244 247,0xab80be077d637157a10c12e21e4e40ef0db1926bdd75d153da6a3344ae328dca,,1
176,9,24926516,0x7c3e00000003e1f0f8001,1,0 22 43,69,37,3 4 6 7 10 21 22 25 63 64 66 67 70 81 82 85 123 124 126 127 130 141 142 145 183 184 186 187 190 201 202 205 243 244 246 247 250,0x7c044cc2c30cf3026e0fc3e11d3d3d04a47d625cf28b7d5a18ed49ab0371860b,,1
177,1,22862325,0x7f8000000000000000000007,7,0 28 49,10,8,28 29 88 89 148 149 208 209,0x1959f78985d16863dd9b094592e53482f3087b9ec3af2ee23c3be1e50d2020c7,,1
177,2,23041669,0x7f800000000000000000003f,63,0 20 41,17,12,27 28 29 87 88 89 147 148 149 207 208 209,0xb10672aae60019ee7f3b18f4305ff44eebae7d53ad2fe389bf70b24093a0231d,,1
177,3,23052852,0xfe0000000000000000000000000000000000000000002e,46,0 3 24,8,4,58 118 178 238,0x5f45060c52de6fe20915aa04432ce645d064a948f1a16221b7d4bf438ac4a079,,1
177,4,23214606,0xff000000000000005,5,0 26 47,11,8,19 20 79 80 139 140 199 200,0xb646237e702c947ead5ca3b449ea108045e0fb49697edd55d3efea3094cbd131,,1
177,5,23386314,0x1fc0000000000000000000000000000000000020,32,0 53 10,6,4,49 109 169 229,0x45d65b67bbc07f6ac13cad044ed557a772237879475b87867f3d7698c1901018,,1
177,6,23475303,0x1fed,45,0 2 23,18,10,0 1 60 61 120 121 180 181 240 241,0x4a5072413d4f366de4c6b4dade320c01485de3f71cc4d5406df246da06771f58,,1
177,7,24232468,0x3e1f0f87c3e0000000f,15,0 36 57,52,30,10 13 16 18 19 21 22 70 73 76 78 79 81 82 130 133 136 138 139 141 142 190 193 196 198 199 201 202 250 253,0x61c465508b200158d4c5638e4554939ba7c882a4576aa1316677b3284368bbaa,,1
177,8,24495914,0x1fff,63,0 20 41,27,15,0 1 2 60 61 62 120 121 122 180 181 182 240 241 242,0xddc4a6cff866f4585237f623673a8060e91f31dcd19a5bca5823180a208327e3,,1
177,9,24764268,0x1fcb,11,0 32 53,8,5,1 61 121 181 241,0x66d2c9410f3a7f173d80696d73abf0525dc9bdebfe074e7be87e2b152fb5086b,,1
177,10,24872722,0x7c3e00000003e1f0f802e,46,0 3 24,72,38,0 3 4 7 9 10 22 25 60 63 64 67 69 70 82 85 120 123 124 127 129 130 142 145 180 183 184 187 189 190 202 205 240 243 244 247 249 250,0xc9e62dbb40a8857fc1558dedb40e9ddd26c5c812af46e8aeee200420ef20688e,,1
178,1,22870133,0x3e0000000000000000000000003f,63,0 20 41,6,4,34 94 154 214,0x3fc6b164ac3c3be38ba3cef84dfe0b4885cab01d3566d74131ad590301c82242,,1
178,2,22877976,0x3e00000000000000000000000000000000000000000015,21,0 42 63,8,4,58 118 178 238,0x32f36c8487f4a2f4601fb4ec575828c3e5f35c0cb00ac843584d1194c77b4e45,,1
178,3,23047290,0xfe0000000000000000000000000000000000000000002e,46,0 3 24,13,8,57 58 117 118 177 178 237 238,0x393b1148ffa946a97bbc5bd25fb70909562275c000dceb12c2c1f55c7a35e2d9,,1
178,4,23246222,0x1fc000000002f,47,0 4 25,8,5,13 73 133 193 253,0xc18e8dba9b95bf350a703636a1900e7f65b593ec51ef20a24ff771c4c879f07a,,1
178,5,23405934,0xf8007,7,0 28 49,9,5,4 64 124 184 244,0x004a1d39bba3045467a9dca65baa3b6f13d18d7fc48725655b02dfff7dccfeca,,1
178,6,24747400,0x7c3e1f00000001f0f8025,37,0 58 15,58,32,0 3 4 7 19 22 25 60 63 64 67 79 82 85 120 123 124 127 139 142 145 180 183 184 187 199 202 205 240 243 244 247,0xca773aa9a15795da7f36a24acb714a2f60693e98d02988d6f3e409d49af40d10,,1
178,7,24928890,0x7c3e00000003e1f0f8018,24,0 45 2,67,36,4 6 7 10 21 22 24 25 64 66 67 70 81 82 84 85 124 126 127 130 141 142 144 145 184 186 187 190 201 202 204 205 244 246 247 250,0xf6f21887ee260a46a492a7ca941ab29a7b654f8dc74b14a41375f683c1043d90,,1
178,8,24928902,0x7c3e00000003e1f0f8035,53,0 10 31,62,33,3 4 7 9 10 22 25 63 64 67 69 70 82 85 123 124 127 129 130 142 145 183 184 187 189 190 202 205 243 244 247 249 250,0x69f2682d1e8fd5330a42a5ae259af0170d021f4652b46d623b39a025fd9d6c06,,1
179,1,22870165,0x1f00000000000000000000000000000000000000001a,26,0 47 4,7,4,55 115 175 235,0x82947bfb75f91da701d63be91bc831ab04c0119aad4cd20fc0d3ae0b84fdcc3e,,1
179,2,22870181,0x3e00000000000000000000000000000000000000000015,21,0 42 63,8,4,58 118 178 238,0x3c9eabef39f57890d26633a9bf1763130d922af89894204c60b9fb8b1f663a99,,1
179,3,22877996,0x3e0000000000000000000000000000000000000000000a,10,0 31 52,13,8,57 58 117 118 177 178 237 238,0x4403b4ffa1b22882946640c4a00243bb5aeee1f9e7a1b9efd828b4874b91cbb5,,1
179,4,23047349,0xfe00000000000000000000000000000000000000000006,6,0 27 48,8,4,58 118 178 238,0x8c756111b92dd5c10a11a041c2fa848ddcbde8db3f754c5478af4f490ce38637,,1
179,5,23246246,0x3f800000000000000000000000000001f,31,0 52 9,8,4,40 100 160 220,0x5c02fc1ff5eba0bb7a8b2e659637ffba8c44e1cfd5977904ca31fdd0fdb8ebe7,,1
179,6,23405940,0xf8025,37,0 58 15,9,5,4 64 124 184 244,0x8588c9a696705010e2a61bcf12c933d21bf3f7370900e65d7596518c7463e917,,1
179,7,24747415,0x7c3e1f00000001f0f800f,15,0 36 57,48,27,3 4 7 19 22 25 63 64 67 79 82 85 123 124 127 139 142 145 183 184 187 199 202 205 243 244 247,0xa8cccc2fb812be98a4bf9927b06210715ff0adbb0d516bf84add92ee6ffd3a00,,1
179,8,24928969,0x7c3e00000003e1f0f8035,53,0 10 31,69,37,4 6 7 10 21 22 24 25 64 66 67 70 81 82 84 85 124 126 127 130 141 142 144 145 184 186 187 190 201 202 204 205 244 246 247 250 82570,0x68641e8597f9593574671ea0455cffbc9e2013af7e5e6eb1690a6ba81e81d04d,82570,1
180,1,22878075,0x3e0000000000000000000000000000000000000000001a,26,0 47 4,8,4,58 118 178 238,0xaf05ac1ce4056b5302d5e0b9afc20b41ca46adb782a1acc393af9c768bc310ea,,1
180,2,22878121,0xfe00000000000000000000000000000000000000000033,51,0 8 29,13,8,57 58 117 118 177 178 237 238,0x57e08c955f7c27fc5b2223087a5db983af665eddeb9d18cccf42ad404a3ac63a,,1
180,3,23047430,0x3f8000,0,0 21 42,9,5,4 64 124 184 244,0x6848923faed2e92c3d165d6115b0557ece626c9fc3bf66bc1b96f564056c8b89,,1
180,4,23246265,0xfe00000000000000000000000000000000024,36,0 57 14,6,4,46 106 166 226,0xaac7193a3e49d0e9ea08ea364c5c39406feefea038900e6ff3f22dae28f09d63,,1
180,5,23405946,0xf8007,7,0 28 49,19,10,3 4 63 64 123 124 183 184 243 244,0x3a28c3dbd772dbc0a0606a966d58d7b673bf59bf5e6f18b05ccbce37e832fb5b,,1
180,6,23484278,0x1fed,45,0 2 23,18,10,0 1 60 61 120 121 180 181 240 241,0xe858a979b79c366784b3097b1bea1a16d5d36ddc3ed01dde47451b0b125d9935,,1
180,7,24747422,0x7c3e1f00000001f0f800f,15,0 36 57,56,32,3 4 6 7 19 22 25 63 64 66 67 79 82 85 123 124 126 127 139 142 145 183 184 186 187 199 202 205 243 244 246 247,0xdd4be211721269d151a17311cb9e30569f6871773ef28f8d8275f977350ca086,,1
180,8,24928912,0x7c3e00000003e1f0f8035,53,0 10 31,69,36,4 5 7 10 21 22 24 25 64 65 67 70 81 82 84 85 124 125 127 130 141 142 144 145 184 185 187 190 201 202 204 205 244 245 247 250,0xd848670f24990b2a8932acd51badf35ee4d9f6b2872c4d6dcaebc91f79029c2a,,1
181,1,22863119,0x7f803c,60,0 17 38,19,10,4 5 64 65 124 125 184 185 244 245,0xc91e4b8cf6b806ddd75a7c0caf8a61c49013bb12b08de7e5fa33402897cb760d,,1
181,2,23041684,0x1fe00000000000000000000000000000000000000000036,54,0 11 32,16,8,58 59 118 119 178 179 238 239,0x1312213e9e7d9c7b63b26acd9c9a520e73b1d33f426de8725b89ba9fee993ffa,,1
181,3,23052872,0xfe0000000000000000000000000000000000000000002e,46,0 3 24,13,8,57 58 117 118 177 178 237 238,0x32a4ab622f6874110f3e21af5ec31bf3081ff9eee70d34a5f99543012143de70,,1
181,4,23214643,0xff00000000000000000000000d,13,0 34 55,13,8,31 32 91 92 151 152 211 212,0x175278f3db6d6e7eb2464a51f74ad9ffcb1150f4c4ca649fdcaa2b5b30d31cee,,1
181,5,23386349,0x1fc0000000000000000000000000000000000020,32,0 53 10,6,4,49 109 169 229,0x7769278fe749208b699e2c5b65d182fbc6382c6b06b25e294f2abf7bd7942fee,,1
181,6,23724548,0xf80000000f80000000f80000000f80000000f8035,53,0 10 31,58,35,0 3 4 16 28 40 51 52 60 63 64 76 88 100 111 112 120 123 124 136 148 160 171 172 180 183 184 196 208 220 231 232 240 243 244,0x26a6bd69d5260fe75ee36619df9f4bb0049a994428ca6b2f1ce9e8bb32cd496d,,1
181,7,24232492,0x3e1f0f87c3e0000000f,15,0 36 57,45,27,10 13 15 16 19 22 70 73 75 76 79 82 130 133 135 136 139 142 190 193 195 196 199 202 250 253 255,0x3ad3c3007343f4d8bee8c7e2988c69c2be8bf5852c92da4147bd222c1a2121c9,,1
181,8,24505486,0x1fff,63,0 20 41,18,10,0 1 60 61 120 121 180 181 240 241,0xebdc3cb1ec8300c031c543c0086c274b460bd22326e011c74e1792c59e6a5d1c,,1
181,9,24760324,0x1fcb,11,0 32 53,17,10,1 2 61 62 121 122 181 182 241 242,0xfc326056144931ab5c6997c65d644f8080b93ba4e935bb4ad2be05078abc2ff9,,1
181,10,24872731,0x7c3e00000003e1f0f802e,46,0 3 24,88,47,0 3 4 6 7 9 10 21 22 25 60 63 64 66 67 69 70 81 82 85 120 123 124 126 127 129 130 141 142 145 180 183 184 186 187 189 190 201 202 205 240 243 244 246 247 249 250,0x9d1576c4f3f3099ab07785c769320669e7a5215109dd861521b08c4bd914dd7c,,1
182,1,22878398,0xf8000,0,0 21 42,9,5,4 64 124 184 244,0x75d24ebcdf5e95a5dae6cb424a0865c25f593b2cc23b44e8c7e4115d71a8205a,,1
182,2,22878433,0xf8000000000000000000011,17,0 38 59,5,4,28 88 148 208,0x5f5b58bd9b99e0fa78c8b73c43c1b7c694fd30d917720b130c5095d2bf35fa80,,1
182,3,22878456,0x7c0000000000000000000000000014,20,0 41 62,5,4,37 97 157 217,0xed8d40019005d59401018bf456dfb1d9571c947ef62f5273ba98e638b6d20358,,1
182,4,22878479,0x7c0000000000000000000000000000000000007,7,0 28 49,6,4,49 109 169 229,0x56c36392bdaca8cf6f897891ef80577c76bed39d4df40b40c572112aa09d42f6,,1
182,5,22878494,0xfe00000000000000000000000000000000000000000037,55,0 12 33,8,4,58 118 178 238,0x924b89ec701302e535872d1398d95b01f1fcdc6473684c08115d3556ca8f457e,,1
182,6,23047938,0xfe0000000000000000000000002b,43,0 0 21,6,4,34 94 154 214,0xbe8bd1803a77434c1f11ac95d0cff3f741bc4081cd68b19fa2fa0cdf98e33db6,,1
182,7,23246404,0x1f00000000000002a,42,0 63 20,5,4,19 79 139 199,0xc3a255f0bc1e3d0347ff08db20bdab641160f9ef6f5723036d11b39771f108cf,,1
182,8,23406993,0xf803d,61,0 18 39,29,15,0 3 4 60 63 64 120 123 124 180 183 184 240 243 244,0x271b7a9975535c614b8dc80c3297af1f98b05d938d302d3661acfdb8465e004d,,1
182,9,23460585,0x1fcb,11,0 32 53,8,5,1 61 121 181 241,0xcca8384c81e503f41d2ec54d0a2ba5d7332ab624273fb5c0ca1a90891d803c5e,,1
182,10,24747668,0x7c3e1f00000001f0f8036,54,0 11 32,65,36,0 3 4 7 18 19 22 25 60 63 64 67 78 79 82 85 120 123 124 127 138 139 142 145 180 183 184 187 198 199 202 205 240 243 244 247,0x626d518872cf017bcb27aa15973475ba2b21b5d0af4cf62e78d00e0c538b9f29,,1
182,11,24929027,0x7c3e00000003e1f0f8033,51,0 8 29,67,36,4 6 7 10 21 22 24 25 64 66 67 70 81 82 84 85 124 126 127 130 141 142 144 145 184 186 187 190 201 202 204 205 244 246 247 250,0xa059b77605409c6bc818bd9fe5ca7d5020f9dff6c8dcb7814980783670eb4e76,,1
182,12,24929046,0x7c3e00000003e1f0f8030,48,0 5 26,62,33,3 4 7 9 10 22 25 63 64 67 69 70 82 85 123 124 127 129 130 142 145 183 184 187 189 190 202 205 243 244 247 249 250,0x419c552f0ed7405c56010e6a3f8c475c42d0a2b3c0c2397736a5c2e5d0ac127e,,1
183,1,22878520,0xf8000,0,0 21 42,9,5,4 64 124 184 244,0x75d24ebcdf5e95a5dae6cb424a0865c25f593b2cc23b44e8c7e4115d71a8205a,,1
183,2,22878539,0xf8000000000000000000011,17,0 38 59,5,4,28 88 148 208,0x5f5b58bd9b99e0fa78c8b73c43c1b7c694fd30d917720b130c5095d2bf35fa80,,1
183,3,22878555,0x7c0000000000000000000000000014,20,0 41 62,5,4,37 97 157 217,0xed8d40019005d59401018bf456dfb1d9571c947ef62f5273ba98e638b6d20358,,1
183,4,22878573,0x7c0000000000000000000000000000000000007,7,0 28 49,6,4,49 109 169 229,0x56c36392bdaca8cf6f897891ef80577c76bed39d4df40b40c572112aa09d42f6,,1
183,5,22878616,0x3e0000000000000000000000000000000000000000002e,46,0 3 24,8,4,58 118 178 238,0x8705b7bbd1f3926e63702f5658b1187319f14720832af02b82404e9af8b74d6c,,1
183,6,23047984,0xfe0000000000000000000000002b,43,0 0 21,6,4,34 94 154 214,0xebbcf1ed35f259d1e579e00c365f8fbdb8d74db139db15ba7262fdb355f99761,,1
183,7,23246431,0x1f00000000000002a,42,0 63 20,5,4,19 79 139 199,0xf7217999c222a4905f655242d5e724cd5a78a10449c9220a06b50b3bf7ff1417,,1
183,8,23407006,0xf803d,61,0 18 39,29,15,0 3 4 60 63 64 120 123 124 180 183 184 240 243 244,0x336e2b86e402ebc7f43df7e28f31a18e5e232e59090f3ec0bece00f27e4a2565,,1
183,9,23407031,0xf803a,58,0 15 36,9,5,4 64 124 184 244,0x5f94b73308602c610cccd6e80818b353f5a4c033f7318b104ffb3be6b58bf841,,1
183,10,24747676,0x7c3e1f00000001f0f8036,54,0 11 32,55,31,3 4 7 18 19 22 25 63 64 67 78 79 82 85 123 124 127 138 139 142 145 183 184 187 198 199 202 205 243 244 247,0xf88b47566a5730941a13b82006a68ce808e4e64dcd9ec031184cc64f2b519a1c,,1
184,1,22878650,0xfe00000000000000000000000000000000000000000003,3,0 24 45,8,4,58 118 178 238,0xe5936971863e4f8d753637425b951521b27b3975e6b33c05d373260d658f7658,,1
184,2,23048031,0xfe00000000000000000000000000000000037,55,0 12 33,6,4,46 106 166 226,0xa55870d1f59e20e79a7102e571988fad65280dfa80f712269deeeecda31c6741,,1
184,3,23246459,0x7c0000000000000000000000000000000000020,32,0 53 10,14,8,48 49 108 109 168 169 228 229,0xa43fa0d75b5f7361a08e2b8f061b428e0786acb1b9183d59230a3c2d7e162fe8,,1
184,4,23407015,0xf8037,55,0 12 33,9,5,4 64 124 184 244,0x15d570561b6650a25df4e733012ba0a70db8411ea306220c369d68dd9daa7c5f,,1
184,5,23407037,0xf8007,7,0 28 49,19,10,3 4 63 64 123 124 183 184 243 244,0x9597ede7317d15e476d58d61453d5d2c716fd842a87b4d8c226fb1ddac8aba19,,1
184,6,24747684,0x7c3e1f00000001f0f8025,37,0 58 15,38,22,4 7 19 22 25 64 67 79 82 85 124 127 139 142 145 184 187 199 202 205 244 247,0x5a26712f421ac2b7ac553380c268c465534629958ffb563dbc0c9fb744e3ba7d,,1
184,7,24929057,0x7c3e00000003e1f0f8018,24,0 45 2,77,41,3 4 6 7 10 21 22 24 25 63 64 66 67 70 81 82 84 85 123 124 126 127 130 141 142 144 145 183 184 186 187 190 201 202 204 205 243 244 246 247 250,0x6fcbc344e7ec948968e21645e7f99948195acd2d06a8e9c5715f227cb6644d6e,,1
185,1,22864021,0x7f00000000000003a,58,0 15 36,5,4,19 79 139 199,0xb6aa06fc81f8b345872e7647b680fb2d3936607a2d9e0e02d437fcf29b77e9c1,,1
185,2,22866343,0xfe00000000000000000000000000000000000000000033,51,0 8 29,8,4,58 118 178 238,0xb0492273851d72c7fc1aa19163c5a9ce80d605e2653e30f82fdc1e980020958f,,1
185,3,22866447,0xff00000000000000000000000000000002c,44,0 1 22,14,8,43 44 103 104 163 164 223 224,0x8796b90bbd0b828cfe9d021aeacd9e146d241013dd8150921a4808412922eeeb,,1
185,4,22877411,0x1fc0000000000000000000000000000000000031,49,0 6 27,6,4,49 109 169 229,0x986337905022116353181092e084fac401c9b346a7212c69f23bd116d5697d62,,1
185,5,23003318,0x3f802d,45,0 2 23,19,10,0 4 60 64 120 124 180 184 240 244,0x0dcaca65371d6f2d976913c995ca10a95c654f997fd795ee18aa53ef35fabb9f,,1
185,6,23134492,0x7f00002b,43,0 0 21,16,10,6 7 66 67 126 127 186 187 246 247,0x3e1bd844db2f859cf75a15f56428657f66891fb67e5e203a16848d407acf8c73,,1
185,7,23321817,0x1fc000000000000000000000000000e,14,0 35 56,5,4,37 97 157 217,0x8178da4f2fd711779531c5c874463efcec5d68637e38da6e00a7547173f276c9,,1
185,8,23322065,0x3e00000024,36,0 57 14,19,10,9 10 69 70 129 130 189 190 249 250,0x846adfd77ba49e9536c70150350475ec0aec5659dc00ad12d981028ffd976da2,,1
185,9,23610971,0x3f80000003f800fe003f80000000000000003f8014,20,0 41 62,63,39,3 4 5 28 34 39 40 51 52 63 64 65 88 94 99 100 111 112 123 124 125 148 154 159 160 171 172 183 184 185 208 214 219 220 231 232 243 244 245,0x509ae216d53cdc98ed49b2771a516ad3421a5ead27de5f2fc48cbf5ca7b35691,,1
185,10,23615213,0x1fc5,5,0 26 47,18,10,0 1 60 61 120 121 180 181 240 241,0x0f9eb41b15826a5eac9e09e28dac5ad50196d2911df1169035e638f279f0f0d4,,1
185,11,23702109,0x1ff6,54,0 11 32,27,15,0 1 2 60 61 62 120 121 122 180 181 182 240 241 242,0x493e9bf3b82facfc4615d973b37254527708fcb981e9a6eaed53b84ef84b44b4,,1
185,12,23894441,0xf80000000f800001f0f80000000f800000000002f,47,0 4 25,41,28,16 27 28 30 31 40 52 76 87 88 90 91 100 112 136 147 148 150 151 160 172 196 207 208 210 211 220 232,0x9379f0ae0aabd3ce599098574e24bb0108ff26f0153a2b018b5182b5479972a7,,1
185,13,24316239,0x1fcd,13,0 34 55,18,10,0 1 60 61 120 121 180 181 240 241,0x22d3afbd6fe9e8434786a38b788433e968105151e0a1041d4a35038b5a6f16a0,,1
185,14,24316277,0x1fe7,39,0 60 17,27,15,0 1 2 60 61 62 120 121 122 180 181 182 240 241 242,0x5de56088b02565e61ff93979abc9bdafc475f429f960c2de5582ffc8aa7ecc7b,,1
185,15,24332871,0x7c3e1f0f87c0000000026,38,0 59 16,58,34,13 15 16 18 19 21 22 25 73 75 76 78 79 81 82 85 133 135 136 138 139 141 142 145 193 195 196 198 199 201 202 205 253 255,0x5e642d27fae11a6e41c83d2f832c8042e10d13244e9c00c64ee60ba80f2fdfc9,,1
185,16,24544513,0x1fec,44,0 1 22,18,10,0 1 60 61 120 121 180 181 240 241,0xb8c5a15cd5d2484baf9de5e13abf22c9c64348a9d80920d3d7c91e02af0385b5,,1
185,17,24576480,0x1fea,42,0 63 20,27,15,0 1 2 60 61 62 120 121 122 180 181 182 240 241 242,0x8d8cdd811901c281f0bb5a48bcf2c6ccf161eb4002b57c318720cb2df1d9434f,,1
185,18,24741472,0x7c3e1f00000001f0f8024,36,0 57 14,64,36,3 4 6 7 19 22 24 25 63 64 66 67 79 82 84 85 123 124 126 127 139 142 144 145 183 184 186 187 199 202 204 205 243 244 246 247,0x5b8b8c0f47c1a1dc83541b4e73a017bf1dd71aa1ffea33b5bde24e7b3715762e,,1
185,19,24787063,0x1fc6,6,0 27 48,18,10,0 1 60 61 120 121 180 181 240 241,0xd092a8a870fc5a68b270a9bd7c603265a0907f0779c4e7cc0d012b1db063657a,,1
185,20,24847257,0x1fc7,7,0 28 49,17,10,1 2 61 62 121 122 181 182 241 242,0x74266a38b0cccf2d7990bc287a2b88db1ad9cfe3b94a44edac433d98bdcb7168,,1
185,21,24847325,0x1fec,44,0 1 22,18,10,0 1 60 61 120 121 180 181 240 241,0xa6ce4c3b6fd269f4c00a86e331c106aaf37ad4d25ad257579961b83fc1a07f6a,,1
185,22,24847387,0x1fed,45,0 2 23,27,15,0 1 2 60 61 62 120 121 122 180 181 182 240 241 242,0xb959dbc6ffab21dfc2d421592363b4bf30cd1e536520eddebb34eb1622074cc6,,1
186,1,22878967,0xfe00000000000000000000000000000000000000000003,3,0 24 45,8,4,58 118 178 238,0xe5936971863e4f8d753637425b951521b27b3975e6b33c05d373260d658f7658,,1
186,2,23048403,0xfe00000000000000000000000000000000037,55,0 12 33,6,4,46 106 166 226,0xa55870d1f59e20e79a7102e571988fad65280dfa80f712269deeeecda31c6741,,1
186,3,23246561,0xf800000000000000000000000000000000000000d,13,0 34 55,7,4,52 112 172 232,0x8e4727f0bd70a8685f5d2af23cbc1ab5c220c876b5890a182b3d6e94c346d952,,1
186,4,23406912,0xf8037,55,0 12 33,9,5,4 64 124 184 244,0xada4b3dcb2fe2eafe8f836b0444176a85912d4942d6b31fccd729d1e0c3b6664,,1
186,5,23475588,0x1fe1,33,0 54 11,18,10,0 1 60 61 120 121 180 181 240 241,0xbbfdf898e7d92cef609cd6b31ea5c34cc312f6e0f8b3806c8910f46950835c81,,1
186,6,23568822,0x1fed,45,0 2 23,37,20,0 1 2 3 60 61 62 63 120 121 122 123 180 181 182 183 240 241 242 243,0xa2728487f9232c209b795606b628857c919bb16cc5938698a13cca7bdb49120a,,1
186,7,24747492,0x7c3e1f00000001f0f800f,15,0 36 57,38,22,4 7 19 22 25 64 67 79 82 85 124 127 139 142 145 184 187 199 202 205 244 247,0xb0f116f6500007b47e31ee7305aba35f5688b8532c81d480640abf946557ffdc,,1
186,8,24929151,0x7c3e00000003e1f0f8035,53,0 10 31,77,41,3 4 6 7 10 21 22 24 25 63 64 66 67 70 81 82 84 85 123 124 126 127 130 141 142 144 145 183 184 186 187 190 201 202 204 205 243 244 246 247 250,0x5a47bf510eadf59e8b37225e364914084712dfeea9a98196fd6f54cdaca8c865,,1
187,1,22864142,0xfe00000000000000000000000031,49,0 6 27,6,4,34 94 154 214,0xc64bfff68f4f47fdcb3339ac17cf5a0a63569000e6de779ff6644f7fb154713e,,1
187,2,22878076,0x7f8022,34,0 55 12,19,10,4 5 64 65 124 125 184 185 244 245,0x05e390c69f046679a096e609fd5a7482fd1e4c33eddb770a2902ac52b0afe1ae,,1
187,3,22970190,0xf801c,28,0 49 6,19,10,3 4 63 64 123 124 183 184 243 244,0x54840eb0433f8ab6fd3e769a293d19f03db17c207e435ca2d928927f7d45111c,,1
187,4,23005821,0x1f000032,50,0 7 28,16,10,6 7 66 67 126 127 186 187 246 247,0x708fd4088a2dbe63395bf7a6579b685719a0ad7738558ddc0296e1b4d70e5fbf,,1
187,5,23005863,0xf800000000002a,42,0 63 20,6,4,16 76 136 196,0xcacb520191a957ea2b506a638cf9a8df0f7fcc6b23503cf2005274a405248776,,1
187,6,23005928,0x3e00000000000000011,17,0 38 59,18,9,0 22 60 82 120 142 180 202 240,0x8edc72577455eb0de6c3bed632009e0e9ed8b1c100dfb28f5189131c16b7b1f9,,1
187,7,23005967,0x1f00000000000002a,42,0 63 20,5,4,19 79 139 199,0x07267542f63abd908b854fd2cbce489eba18579969314887554f4abc05b9f53b,,1
187,8,23018203,0xf803d,61,0 18 39,9,5,4 64 124 184 244,0x6afa502e8264dc642248293472e148977ab6c46c2206695da0b643c6a94f4b0e,,1
187,9,23018224,0x3e00000013,19,0 40 61,10,5,10 70 130 190 250,0x73f6a6f3c0a46c4f686f08e48846a3884d2a4732c298972870353a1c5d1f0a4e,,1
187,10,23018254,0x7c0000000019,25,0 46 3,8,5,13 73 133 193 253,0x8d60947f600e3ab410c8390cb6165aa73f2804ce1272bd5b017f015e344fc3ec,,1
187,11,23018276,0x7c0000000000000000035,53,0 10 31,8,4,25 85 145 205,0x4ceb95db81a92ae09cddd90ae05044efaf8075f5016f87ed2b71ec39c276f405,,1
187,12,23018300,0xf800000000000000000000c,12,0 33 54,5,4,28 88 148 208,0xc1a327cad3b60d8e946e85d6648b5117652c3ed2da69311f0068b4b78939b38c,,1
187,13,23018320,0x1f00000000000000000000003b,59,0 16 37,15,9,0 31 60 91 120 151 180 211 240,0x921becbdd6bc4ee5c5bd95ce7d28ed43ac587d2762d9619f6558f4d670d7cc4e,,1
187,14,23018339,0x3e0000000000000000000000003b,59,0 16 37,14,8,33 34 93 94 153 154 213 214,0x11e2127e686396012bc1196578c115a6fe4270f43765e82dd62e3e14bee86a9f,,1
187,15,23018361,0x7c000000000000000000000000000e,14,0 35 56,13,8,36 37 96 97 156 157 216 217,0xe7a9050e3b130d03ccaeebd69e5b2ba2ef14d7510d06916f98ac62f20c7c5143,,1
187,16,23018382,0xf800000000000000000000000000000e,14,0 35 56,8,4,40 100 160 220,0x381d372be0fe2468b0e8a1b5926c997da32237f34aa41e9953543cf80bf49525,,1
187,17,23018404,0x1f000000000000000000000000000000013,19,0 40 61,7,4,43 103 163 223,0x6708275b14e828643970b287e8af8b7bef84c05f0784c4a2560997c241277170,,1
187,18,23018424,0x3e00000000000000000000000000000000010,16,0 37 58,6,4,46 106 166 226,0xefa036b42d453911060a42a2fd3ab15ab18e87cbc85fd35e997d8fade58db394,,1
187,19,23018450,0x7c0000000000000000000000000000000000028,40,0 61 18,6,4,49 109 169 229,0x687ed4e3833518bd30da6f93006ee69abb13fd63637800b35a953bff245c1d80,,1
187,20,23018472,0xf8000000000000000000000000000000000000032,50,0 7 28,7,4,52 112 172 232,0x9996b32392ef5c89ae93798cfa7f7be3aed8c842b78eb9ca088e2ef87b564d2f,,1
187,21,23018493,0x1f00000000000000000000000000000000000000002a,42,0 63 20,17,9,0 55 60 115 120 175 180 235 240,0x448b5c94decafadb8158765e056d743949e5ea78399932407d9368e8a74b3404,,1
187,22,23018515,0x3e0000000000000000000000000000000000000000001b,27,0 48 5,8,4,58 118 178 238,0x05d343abb28030eac8ac1c79a76d45669dfbdb59100e761b79b231c16148f80b,,1
187,23,23144885,0x7c0000000000,0,0 21 42,17,10,12 13 72 73 132 133 192 193 252 253,0x8498f3becd183992e8e8f79bd6c2c6104e7e886a147af477516f1fb5f17e82b5,,1
187,24,23144925,0x1f000000000000000000000022,34,0 55 12,8,8,30 31 90 91 150 151 210 211,0x34c8050572d2c19ee7ca4adc9a50b5763ae527d2708df49254f70edac709ab82,,1
187,25,23144965,0x1f000014,20,0 41 62,8,5,7 67 127 187 247,0x71e11d65a43895174450c3c8e50fda8d5f414e86a43e0785a27149e43fd1eeb6,,1
187,26,23160275,0xf803f,63,0 20 41,19,10,3 4 63 64 123 124 183 184 243 244,0x816f860e9e6792f9f146d6f62f79921f707976de214134ceac82937d5f5692fd,,1
187,27,23160316,0x3e00000027,39,0 60 17,19,10,9 10 69 70 129 130 189 190 249 250,0xf6adbef62b15df5299f51e11ac9a5a652a2101a0773130189e705fd04a501e6d,,1
187,28,23160356,0xf800000000001b,27,0 48 5,14,9,15 16 75 76 135 136 195 196 255,0xc3237007cc20babf8e0409ce34e0b32a7f76619e66859d360bcab248004e8685,,1
187,29,23160396,0x1f000000000000029,41,0 62 19,22,13,0 18 19 60 78 79 120 138 139 180 198 199 240,0x9699ab201413e1d8ab8d27a7eca4ae87a442ea64c707d9d2a104d0f8744b4930,,1
187,30,23160436,0x3e00000000000000005,5,0 26 47,16,8,21 22 81 82 141 142 201 202,0x3b603eaea24360969332b325ca56671fbee36855b7f86a68915a611149ce2970,,1
187,31,23160516,0xf800000000000000000002b,43,0 0 21,12,8,27 28 87 88 147 148 207 208,0x79424fc6c6153488f29169051a0c03c59e97232e1dd6f89d96ebcbdfd893e279,,1
187,32,23160556,0x3e00000000000000000000000038,56,0 13 34,6,4,34 94 154 214,0xedf87e4c54ad422ac388fe282f7da5e9c616572764e7e73066a81da651c6abb5,,1
187,33,23160596,0x7c0000000000000000000000000029,41,0 62 19,5,4,37 97 157 217,0x5a4ee981531f5b0ccb9948b1ca8914f794927ddcc260ed9ca862f88422b69246,,1
187,34,23160637,0xf800000000000000000000000000002e,46,0 3 24,13,8,39 40 99 100 159 160 219 220,0x04d9e6f3edf8908d2071e03b6c0f8c8395546134823b0777a10752d4952cf40a,,1
187,35,23160677,0x1f000000000000000000000000000000020,32,0 53 10,23,13,0 42 43 60 102 103 120 162 163 180 222 223 240,0x04c0623d4f2d3b5cca04379717c23ac37283d9f6950b8964783b6ff210e03ac3,,1
187,36,23160717,0x3e0000000000000000000000000000000000d,13,0 34 55,10,8,45 46 105 106 165 166 225 226,0xa2d5b0a5361e8a8f9cc0697a08f6826fdc6bceeb29b9e2d8b1e2c2e1556c4524,,1
187,37,23160757,0x7c000000000000000000000000000000000002a,42,0 63 20,14,8,48 49 108 109 168 169 228 229,0xe8a36745d4516b82d8de378b275fb7fde29d293ad2e4ec8da000db431562ec70,,1
187,38,23160797,0x3e00000000000000000000000000000000000000000010,16,0 37 58,13,8,57 58 117 118 177 178 237 238,0x8d7e7c2ca45f610c3080ec7238b495f7f0f81229f9e0c6067378883e5b943273,,1
187,39,23160897,0x1f000000000000000000000000000000000000000004,4,0 25 46,12,8,54 55 114 115 174 175 234 235,0x1f9e4ef7fecf4f2e18e6a18f1cfa51434bb64828b2dc1a34f0d8be5614078313,,1
187,40,23160937,0xf8000000000000000000000000000000000000029,41,0 62 19,10,8,51 52 111 112 171 172 231 232,0xe5574c1c37f2e4a6f134915936a7e336c2bcd6d683dc6c33d00c8ceaff3f4f16,,1
187,41,23160977,0x7c0000000000000000000000000000000000027,39,0 60 17,6,4,49 109 169 229,0x756046b226db7bba18b36c0ab4f9da5164400336040e31979feb6e7a5193ec96,,1
187,42,23227032,0xf8023,35,0 56 13,9,5,4 64 124 184 244,0x9ea1048fbf2c6e271970bcdc5825a569fba6ac8d4ba5e3a300dc4659de1e68ac,,1
187,43,23298805,0x1f000000000000000000000036,54,0 11 32,15,9,0 31 60 91 120 151 180 211 240,0x5caacc8c8f14ff80113476cbafe18354f1babae039bf78d5a4e905d3dff4b0ac,,1
187,44,23345485,0x7c0000000000000000000000000000000000035,53,0 10 31,14,8,48 49 108 109 168 169 228 229,0xa2378a172f1675490265c0077121a962c1ead276090938857f0d836157f68311,,1
187,45,23345528,0xf801c,28,0 49 6,19,10,3 4 63 64 123 124 183 184 243 244,0xf3882eeb31a516a4e29e95b450033fb9f2779ae3968278121f0b954014a31070,,1
187,46,23345573,0x7c0000000000000000000000000000000000029,41,0 62 19,6,4,49 109 169 229,0x54601cc4d47cf458a6940dfd28f2696041b36a0cc01b2f6118c58866ba365792,,1
187,47,23345661,0xf8000000000000000000007,7,0 28 49,5,4,28 88 148 208,0x768598115ce5fbf3b6e920c6f74d7f24d2186c82bbe39919bac543f5cddcd2a4,,1
187,48,23345709,0x3e00000037,55,0 12 33,10,5,10 70 130 190 250,0x1460c44fce18b6966ec671c16ccd75ad25b268098e7b4c881abb67b42b12d4bf,,1
187,49,23345751,0x3e00000000000000000000000027,39,0 60 17,24,13,0 33 34 60 93 94 120 153 154 180 213 214 240,0xb37c917443b37e598d2621ee4c3f10b3e61b28f8375d9743fce5e730a1e2ef67,,1
187,50,23345793,0x1f000000000000000,0,0 21 42,5,4,19 79 139 199,0xb1a125fa8d199582f5087fc988a68a04621c56ebac49e2bc19971ed613c3b886,,1
187,51,23345882,0xf800000000000000000002e,46,0 3 24,12,8,27 28 87 88 147 148 207 208,0x03435dafddc8e8a46aef5170dedc7692d6b896232805268be3e2ae5bdcd5b874,,1
187,52,23345934,0xf8000000000030,48,0 5 26,6,4,16 76 136 196,0x27d68f95f1fb103bb33a4a4d9b65dc1ceee7df6427822cb9684b8cb699f0d18e,,1
187,53,23346076,0xf8000000000000000000000000000007,7,0 28 49,8,4,40 100 160 220,0xc7387a4b4e911111f2a1fe2622bec89f90606d3ea1639bac7d313a58262264ff,,1
187,54,23346099,0x1f000000000000000000000006,6,0 27 48,8,8,30 31 90 91 150 151 210 211,0x8e84a1b05c96d820d86b6941dd8dba76be5153105d0948f81c9e27ced1083102,,1
187,55,23346142,0x1f000000000000009,9,0 30 51,12,8,18 19 78 79 138 139 198 199,0xa2a4d69a4cab0dde3268b55458c8160c8116a6e85f7a4a8d4e0ed59f5630dea2,,1
187,56,23346205,0x3e00000000000000000000000000000000000000000015,21,0 42 63,8,4,58 118 178 238,0x198beee15a11bf0fd1c0ae1d6e3d0c04ee1aee5b3b758e74e3ea1a6720405f6e,,1
187,57,23346235,0x1f00000000000001d,29,0 50 7,5,4,19 79 139 199,0x5b04895dca3d41b3f719625e210ba49d990f66b2da1c4799f5bd27e617e0f6f7,,1
187,58,23346277,0x7c000000000a,10,0 31 52,8,5,13 73 133 193 253,0xe1c0c10fb378b5316afe885b2892ad903c3d4aa7ecca745436193f327d0e7c49,,1
187,59,23346300,0x1f000000000000013,19,0 40 61,12,8,18 19 78 79 138 139 198 199,0x2037010d6eae83a918d9ad5576f6a82066f6cc20a1503fefcad9da237b21d912,,1
187,60,23346342,0x3e00000000000000000000000034,52,0 9 30,16,9,0 34 60 94 120 154 180 214 240,0xe8584a672dc81e1f044ad9edd86f4e5e9cd67172d3b768e7c01458f16bcfcce0,,1
187,61,23346384,0x7c0000000000000000000000000000000000004,4,0 25 46,14,8,48 49 108 109 168 169 228 229,0xf21e7e84d5ce1e6bb23162ae4660a3f8e3caf6d9442342bcbd73e721bac8d76a,,1
187,62,23346431,0xf800000000000000000000000000000000000000b,11,0 32 53,7,4,52 112 172 232,0x7b3f7063ee35a04af15eee4f28b2d7cd445f12eb225b56521fb68a70e22a9c05,,1
187,63,23346473,0x1f00000000000000d,13,0 34 55,5,4,19 79 139 199,0x81065018c1a3e8131f3eb79e05dc52fb4c305525c48f1a336abe281192dcb858,,1
187,64,23346544,0x1f000000000000000000000000000000006,6,0 27 48,7,4,43 103 163 223,0x6ed46dbc3fc07a67432dfcc0e88202658589c08f394e636433496258c6e9b006,,1
187,65,23346610,0x1f000000000000000000000000000000000000000014,20,0 41 62,7,4,55 115 175 235,0xededb3b599b89ea8b3e5a8a9e59fc45729dc889fc75bd5854535494030912b81,,1
187,66,23346633,0x7c0000000000000000000000000000000000019,25,0 46 3,6,4,49 109 169 229,0xe1f3359dffce827ebb4c55ba324132b8ea2b762f07e5366ced865038fbfaa08c,,1
187,67,23346674,0x3e0000000000000000000000000b,11,0 32 53,14,8,33 34 93 94 153 154 213 214,0x5e86a7296d953ff8b68cdbf0f3d4a35841ed38552e527e6c7250080fb5ea4875,,1
187,68,23346750,0x1f000000000000021,33,0 54 11,12,8,18 19 78 79 138 139 198 199,0xda2f8518275f9d8b64259f18d8f5b20380e5cde1ea4143e767114b80e1fbb383,,1
187,69,23346785,0x1f00000000000000000000003c,60,0 17 38,5,4,31 91 151 211,0xe04840e5930c4e1e81c2844e7e338bca8c9c4e8d82eb02a8433d1201201f68bf,,1
187,70,23346841,0x3e0000001f,31,0 52 9,19,10,9 10 69 70 129 130 189 190 249 250,0xa5bd84a51090d9acd1c08d7b9199a7dfe9260eb225f198772912651dc9d95fc6,,1
187,71,23346907,0x1f00000000000000000000002c,44,0 1 22,18,13,0 30 31 60 90 91 120 150 151 180 210 211 240,0xdf9ae1880bf6ea0d2f715abcb2360a020ddcb0dccfd3b8999bf425c81b38acdf,,1
187,72,23346957,0xf8000000000000000000012,18,0 39 60,5,4,28 88 148 208,0x9b1877aa1dac913a2069e1505dc70fcca2b3840a2d3c5b99aee347cf52fe4d0c,,1
187,73,23346981,0x3e00000000000000000000000000000000002,2,0 23 44,6,4,46 106 166 226,0xe9c407cb71cc50781ef23dd677fc5cd9b4823f4e91189096e0600554b7e9de20,,1
187,74,23347025,0x3e0000000b,11,0 32 53,10,5,10 70 130 190 250,0x23b6c526f8046a68b632873fc8b6d12fb927b8817b6251307ae5a7848eb1773f,,1
187,75,23347070,0x7c000000000000000000000000000000000001a,26,0 47 4,14,8,48 49 108 109 168 169 228 229,0x3e6b473c62261a66205d277ee2b5a2bf718acc75eeb275b8d3404dbc5073597f,,1
187,76,23347151,0x3e00000000000000000000000023,35,0 56 13,6,4,34 94 154 214,0x02f238372e82d0516dd442737d0aeb50367b38c02cd083a7a9c59d8d342c4f6c,,1
187,77,23347196,0x1f00000000000002c,44,0 1 22,5,4,19 79 139 199,0x1d6de5a5f8b9c4a29d5c6d4a2264a386b9c43f8a54c255e4710becae6fc6fc08,,1
187,78,23347239,0x7c0000000000000000024,36,0 57 14,16,8,24 25 84 85 144 145 204 205,0x06c5e2a6c54cbcf9775f467a5203a5641d5270588c98e35161af5a5f281142d5,,1
187,79,23347285,0x1f000000000000015,21,0 42 63,12,8,18 19 78 79 138 139 198 199,0x9bc66dcff317d97b0bca6233435142863d57ed436797c9f87b5ec2fb97b1cea8,,1
187,80,23347309,0xf8000000000033,51,0 8 29,24,14,0 15 16 60 75 76 120 135 136 180 195 196 240 255,0xd8b5f0898e95750ca85e19fc49a853a35b14d54888ab0bf732c932695d924d4a,,1
187,81,23347349,0x7c0000000033,51,0 8 29,17,10,12 13 72 73 132 133 192 193 252 253,0x1b97b2b8617c8e7be0fae981410cf4133a01f8e77ca3779d25eef7b0b317f407,,1
187,82,23347393,0x7c0000000000000000026,38,0 59 16,8,4,25 85 145 205,0xd472a63ac640e3df8ef2bab99629aa5e240144a5553ae7a52342d9083d8d947d,,1
187,83,23347416,0xf8000000000000000000000000000015,21,0 42 63,13,8,39 40 99 100 159 160 219 220,0x312503140f7e2b2201b61c56cbf39ab999d2485a6973e37ad58c36e8f44e0542,,1
187,84,23347497,0x1f000034,52,0 9 30,16,10,6 7 66 67 126 127 186 187 246 247,0xc3c5c8c66031453a672e8113cd4079e9ddd87b5be4d9eae984fae9970cd431f4,,1
187,85,23347543,0x1f00000000000000000000001b,27,0 48 5,5,4,31 91 151 211,0x464c0c84fae2953d7bc5fc8304b05b34e04ccae7d52ede55b30e8ee5cb45e380,,1
187,86,23347567,0x7c0000000000000000000000000019,25,0 46 3,13,8,36 37 96 97 156 157 216 217,0xb1304b85aa9eea28eafa00e62032534e67fbb8b4e29d90911ca93b84084ebf1f,,1
187,87,23347708,0x1f00000000000000000000000b,11,0 32 53,18,13,0 30 31 60 90 91 120 150 151 180 210 211 240,0x0a77c8861c6b65e32d3b8bcd4b0a48093ec9bbe156a3b4c1c0b65c9f1e7f2e5e,,1
187,88,23347751,0xf8000000000000000000000000000000000000024,36,0 57 14,10,8,51 52 111 112 171 172 231 232,0x0838b0af25220bfa2cc01cf39adb948fd319fb8c204763107b6d5938c3bbbd9f,,1
187,89,23347774,0x1f000016,22,0 43 0,8,5,7 67 127 187 247,0x159ef918c7e7680f3d3112683c25871c26918af3cc0167f428a1a542d5468802,,1
187,90,23347817,0xf8000000000000000000000000000000000000028,40,0 61 18,7,4,52 112 172 232,0x8afe8867dfbda6f23b4e540652f5978f27ad6933bf5facd70ce7702336608b36,,1
187,91,23347872,0xf800000000003f,63,0 20 41,6,4,16 76 136 196,0x780c9b3a8a1c694ae7d266a0a1e103305b11591ff59498ee0f60cd2e5e14b652,,1
187,92,23347915,0x1f000000000000029,41,0 62 19,5,4,19 79 139 199,0xf06e675e649c2452c66280b13bdaa0f8cd7b12b114b50a7fdcec90d915834528,,1
187,93,23347961,0x1f000000000000000000000025,37,0 58 15,15,9,0 31 60 91 120 151 180 211 240,0xc8317a17902684446059c48da6d3f85070dfffa675bd3a78d369eb5177bd6265,,1
187,94,23348007,0x1f00000000000000000000000000000000e,14,0 35 56,13,8,42 43 102 103 162 163 222 223,0xd62b15cbbbbd2f0610ee7cf6aee83f1e8a4575ec007b8460b2d492b5ad34dec9,,1
187,95,23348029,0x3e0000000000000000000000000000000001f,31,0 52 9,10,8,45 46 105 106 165 166 225 226,0x1d2c0c106b2f1a7c05bc9082202e1a97e9135869cca46df2335210fc1a6509e0,,1
187,96,23348090,0x3e00000022,34,0 55 12,19,10,9 10 69 70 129 130 189 190 249 250,0xa9995da5c959505fd02ee07fd19eaa76d3ff7e3e35cc616f90730bf41a76d7e4,,1
187,97,23348165,0xf8000000000000000000000000000025,37,0 58 15,8,4,40 100 160 220,0xcebd5100ca75f2f38ced883d5f2bcb5cc4a6680f2a7269dff0cf78c3bfea5b34,,1
187,98,23348207,0x3e00000000000000027,39,0 60 17,16,8,21 22 81 82 141 142 201 202,0xf7ec604e07ec56c93a8bc1656841290d3d0e44077081029ebf56698c9ee1b91e,,1
187,99,23348250,0xf8000000000000000000000000000000000000004,4,0 25 46,10,8,51 52 111 112 171 172 231 232,0xdd41a945905b37fcf384d1f7cca6749cd4d5d32d547e679c83f59cafd3ec55ae,,1
187,100,23348296,0x1f00000000000000000000000000000002d,45,0 2 23,7,4,43 103 163 223,0xc167710efc21efeae4ee4cab142cc26c99ba1d0981f164d5381226345f85aab8,,1
187,101,23348318,0x3e00000000000000026,38,0 59 16,18,9,0 22 60 82 120 142 180 202 240,0x93282e9668cc8522e328cc83537d5b0c0fcb19d1fb735bfbe214e801c7985500,,1
187,102,23348365,0x3e00000039,57,0 14 35,10,5,10 70 130 190 250,0x89ab58786572b4d8bbe2d1590f656cf39801a8aff48216c1ce13353987098805,,1
187,103,23348436,0x3e0000000000000000000000002c,44,0 1 22,14,8,33 34 93 94 153 154 213 214,0x1a2f7db4d28ac72bde1223bc8ac69e04d10c333f1aeb6a7907c9eb9fc7f139c0,,1
187,104,23348584,0xf800000000003b,59,0 16 37,14,9,15 16 75 76 135 136 195 196 255,0x649f54c406f527c96ad2b6f872ddf34d0b84c193e26e662802de2f1d0e45f5b5,,1
187,105,23348606,0x3e0000000000000000c,12,0 33 54,16,8,21 22 81 82 141 142 201 202,0xfd3057fa57a33b0c17b92317b8db6c84aea5db288e30b45dd8e166134e4b8cdb,,1
187,106,23348651,0x7c000000000f,15,0 36 57,8,5,13 73 133 193 253,0x584040b38cfe3fb8286c2017e233acd2f19fc6ed91ba86b58a3a752d000c11a4,,1
187,107,23348674,0x1f000000000000000000000026,38,0 59 16,18,13,0 30 31 60 90 91 120 150 151 180 210 211 240,0xc4930778004f515b74781f442faeedae0ec23dbb1462aedf4a3d556248c0a811,,1
187,108,23348696,0x1f000014,20,0 41 62,16,10,6 7 66 67 126 127 186 187 246 247,0x31f3cb7805566df87ed780a83e6167f788670ce05dbbe45bcbe7f56af795af90,,1
187,109,23348739,0x3e0000003b,59,0 16 37,19,10,9 10 69 70 129 130 189 190 249 250,0x42875d219b73321f470f0af92302e08d9178b0892100b4edc77a187570a17938,,1
187,110,23348782,0x7c0000000000000000016,22,0 43 0,16,8,24 25 84 85 144 145 204 205,0x3d2ca824489ec29c53d9697cf476425f47cf377fb714b7c7b150d904ec420838,,1
187,111,23348823,0x1f000000000000012,18,0 39 60,12,8,18 19 78 79 138 139 198 199,0x38397de52f3503e42893f003f0b019f6d55773563fc9a0ea35b4c7be46c7f64d,,1
187,112,23348846,0x3e00000009,9,0 30 51,10,5,10 70 130 190 250,0x67f808ee14f3d2fb1a6e1b99c521b6fe5e94a97805e19367c05d95db264e08f9,,1
187,113,23348892,0x7c0000000000000000027,39,0 60 17,8,4,25 85 145 205,0x73b9baa06e428a1224dbeb50aede4b17b6469989bb6449eda04cc0c18e095c4d,,1
187,114,23348937,0x7c0000000000000000000000000000000000023,35,0 56 13,6,4,49 109 169 229,0x3655957e8af31dfd351da971fdc6f0557794324e09e36575f22b7bfe0f76151b,,1
187,115,23348984,0xf800000000000000000000000000000000000000c,12,0 33 54,7,4,52 112 172 232,0xdb254c1f16fe471a496c7fd257ac426f3606a33fb2f20cf63a8eed57b38dea0a,,1
187,116,23349030,0xf8006,6,0 27 48,9,5,4 64 124 184 244,0xc19ac9c0b9815afcf0c30a52f6587f97fffca2b0cba242cb3ffd494ee20c4d25,,1
187,117,23349076,0x3e00000000000000014,20,0 41 62,18,9,0 22 60 82 120 142 180 202 240,0x267a8c113b0dd2a0865fc3518db43e391abb958c6e718ee76c53986b1b560871,,1
187,118,23349118,0x3e00000000000000000000000000000000000000000025,37,0 58 15,13,8,57 58 117 118 177 178 237 238,0x802653e2706d28ab870d723e6a192c7fba21c7eb78775061c27043bd15c69ed3,,1
187,119,23349140,0xf8000000000000000000000000000000000000011,17,0 38 59,10,8,51 52 111 112 171 172 231 232,0x14667dfb5f2e46c3a73f65b087733c04e1f132b7cfffd2cd83e5054a124b2820,,1
187,120,23349182,0x1f000000000000000000000000000000000000000004,4,0 25 46,12,8,54 55 114 115 174 175 234 235,0x6a2673eca66275be63234aa8b0ec9fdf1fe9563e2616f3f7274a7089840db383,,1
187,121,23349224,0x1f000000000000000000000038,56,0 13 34,5,4,31 91 151 211,0xd5b1fa2e3ddc8b48ae10c7d15c60535f647132b6ee77745574fa947d6fd7994d,,1
187,122,23349266,0x7c000000000000000000000000003a,58,0 15 36,5,4,37 97 157 217,0x0fb03ef24a4d6831bf6f4eb5f5f20a76a7adcc49d3a1bb55f414325ccd57053e,,1
187,123,23349319,0x3e00000000000000000000000037,55,0 12 33,16,9,0 34 60 94 120 154 180 214 240,0xfd7331cdb2a5e98c6c037eb050ecf289d525a8d0420089d21dd5f5a2639f84a4,,1
187,124,23349361,0x7c000000000000000003c,60,0 17 38,16,8,24 25 84 85 144 145 204 205,0x563e2f27863a68135a3e18788febdf8b3d640e516156890e824a4aaeb32e5df7,,1
187,125,23349429,0x3e00000000000000000000000000000000012,18,0 39 60,6,4,46 106 166 226,0x0d24dd0a481954cd2d0b0712f6638c0b5ef4b1e0724473525525919690be6f99,,1
187,126,23349456,0xf800000000000000000001c,28,0 49 6,12,8,27 28 87 88 147 148 207 208,0x5c2aee5a56338445a92ba08f09e61e93dafec09f274aafaee3cd1fc973f21309,,1
187,127,23349499,0x1f00003a,58,0 15 36,8,5,7 67 127 187 247,0xf2df3d06b222e8781356b364f71aab626eb4d52488dea3121594239a94a90309,,1
187,128,23349545,0xf8000000000003,3,0 24 45,6,4,16 76 136 196,0xe2f76d92b5a232c1cfb1858a459786a202f8a9225a5937fb685a13892775007f,,1
187,129,23349591,0xf800000000000000000000000000003e,62,0 19 40,23,13,0 39 40 60 99 100 120 159 160 180 219 220 240,0x4e17b453a725c83a7d673e8c752718ee7eb94c7ae4f6a23bd000cd5f03f58983,,1
187,130,23349660,0x7c000000000000000000000000003e,62,0 19 40,13,8,36 37 96 97 156 157 216 217,0x227a5f45231746ed7e33a628ca246998ff12ffd238d8e937ac55c635f190086a,,1
187,131,23349711,0x1f00000000000000000000000000000000000000000c,12,0 33 54,7,4,55 115 175 235,0xcec39f570f2fc4057af0e0b6a50033fc4629d098d97794bccddcb7ac849ec2a7,,1
187,132,23349755,0xf800000000001f,31,0 52 9,14,9,15 16 75 76 135 136 195 196 255,0x3ffc2fd1a52cb711de39d7b2ee3fc898db0adeb031d575400071fec1ede968b8,,1
187,133,23349797,0xf8000000000001,1,0 22 43,6,4,16 76 136 196,0x06734366915f752da527c1eda6449ec5747223017e2de3a64bc1cc104c695ac6,,1
187,134,23349821,0x3e00000000000000000000000000000000000000000008,8,0 29 50,8,4,58 118 178 238,0xe0384fe84c26176079e69edbeca11952c1cb408f67f015579bd1227f2fceb051,,1
187,135,23349871,0x1f000006,6,0 27 48,16,10,6 7 66 67 126 127 186 187 246 247,0x216ce2d392bfa444b0e0beba59d43ceee5aa2a35fd095d5a006dbbb651ec8a65,,1
187,136,23349893,0x7c000000000000000000000000000000000000e,14,0 35 56,14,8,48 49 108 109 168 169 228 229,0x2c7cf77522da203f28352bf244f4af62c2b8fa34b6de139beaf2e2bf09e9db85,,1
187,137,23349934,0x1f00000000000000000000000000000001f,31,0 52 9,13,8,42 43 102 103 162 163 222 223,0x3c060bb6eae76361ab9040312ae2b6748f104fa0e0a4402de1de65c0701efdff,,1
187,138,23349984,0x1f000023,35,0 56 13,8,5,7 67 127 187 247,0x5a43657d53feb45629596aa6a066b57f2b4ae146ba37bb540b8d67074657b835,,1
187,139,23350039,0xf8000000000000000000011,17,0 38 59,5,4,28 88 148 208,0x73f51562300fcaa7c0be3b3e79d8ef17a829b411c79a002364077908e8593f58,,1
187,140,23350083,0x1f000010,16,0 37 58,26,15,0 6 7 60 66 67 120 126 127 180 186 187 240 246 247,0x1cde8f2fe9db0e64ecbcafe2289354814b37dfe0490166ba552e1f99a8260306,,1
187,141,23350106,0x1f000000000000000000000000000000010,16,0 37 58,7,4,43 103 163 223,0xc59239a19d0e7976bbdc802a662abaec64c6ce8672520dd8bbd9430617314699,,1
187,142,23469024,0xf87c3e1f0f8025,37,0 58 15,77,44,3 4 7 9 10 12 13 15 16 63 64 67 69 70 72 73 75 76 123 124 127 129 130 132 133 135 136 183 184 187 189 190 192 193 195 196 243 244 247 249 250 252 253 255,0x61f25b2eb4bce4cde2292b720dbb870605c51b25aa8570367ae878c281a78c51,,1
187,143,23471776,0x1fed,45,0 2 23,18,10,0 1 60 61 120 121 180 181 240 241,0x76faccdb50843258ea2215d053ebc112d8998a4e3443d4f186311590decd2be4,,1
187,144,23650682,0xf80000000f80000000f80000000f80000000f8013,19,0 40 61,52,30,3 4 16 27 28 40 52 63 64 76 87 88 100 112 123 124 136 147 148 160 172 183 184 196 207 208 220 232 243 244,0x6935b0839b926901924a2ce5d8100bafca38cd1334ade6cd885a80e36868556e,,1
187,145,23800433,0xf80000000f80000000f80000000f80000000f800b,11,0 32 53,51,34,4 15 16 28 39 40 51 52 64 75 76 88 99 100 111 112 124 135 136 148 159 160 171 172 184 195 196 208 219 220 231 232 244 255,0xa8fd2453f50f7849ce54211d39a221fb74ee7622f0f250f47293229f5611a142,,1
187,146,23975038,0xf80000000f80000000f80000000f80000000f8012,18,0 39 60,57,34,3 4 16 17 27 28 40 52 63 64 76 77 87 88 100 112 123 124 136 137 147 148 160 172 183 184 196 197 207 208 220 232 243 244,0xd3a7c2d5e2294189f7686ce43d234a3183c064bb40d68df31f46877b9b45f5c7,,1
187,147,24181488,0x3e1f0f87c3e00000007,7,0 28 49,60,35,10 13 15 16 18 19 21 22 70 73 75 76 78 79 81 82 130 133 135 136 138 139 141 142 190 193 195 196 198 199 201 202 250 253 255,0xed3a5caa8024e45a2ca80fd50d17c3c1055ab370a9ec34e06bf059a41aaaff84,,1
187,148,24182564,0x3e1f0f87c3e0000003b,59,0 16 37,55,32,9 10 12 13 16 19 22 69 70 72 73 76 79 82 129 130 132 133 136 139 142 189 190 192 193 196 199 202 249 250 252 253,0x2271cde0fbe57930b99cf6ad190099b68f7b43520c5679c10311a8a5ef369939,,1
187,149,24182865,0x3e1f0f87c3e00000012,18,0 39 60,60,35,10 13 15 16 18 19 21 22 70 73 75 76 78 79 81 82 130 133 135 136 138 139 141 142 190 193 195 196 198 199 201 202 250 253 255,0xc2f9a0c7c4632810efef8dcc6863dfc6d0fb6dac878578fba89a5d6548698aa1,,1
187,150,24322665,0x7c3e1f0f87c0000000001,1,0 22 43,44,26,12 13 16 19 22 25 72 73 76 79 82 85 132 133 136 139 142 145 192 193 196 199 202 205 252 253,0x5c47fb8605e93da4843ba0769d36c151492946b2e35c1b84f74ad5cd23a9df66,,1
187,151,24322705,0x7c3e1f0f87c0000000032,50,0 7 28,72,42,13 15 16 18 19 20 21 22 24 25 73 75 76 78 79 80 81 82 84 85 133 135 136 138 139 140 141 142 144 145 193 195 196 198 199 200 201 202 204 205 253 255,0x09494108c30f32e3b10b69494df573dca01a8bcab82e735bb4cd9d0d64af84fe,,1
187,152,24375923,0x7c3e1f0f87c000000003c,60,0 17 38,70,40,0 12 13 14 16 19 22 23 25 60 72 73 74 76 79 82 83 85 120 132 133 134 136 139 142 143 145 180 192 193 194 196 199 202 203 205 240 252 253 254,0xd74fa1904aad5054fb922dbc4d95e2cfdb0a779e6d6beef04e4984ce5f64fe44,,1
187,153,24418577,0x7c3e1f0f87c0000000018,24,0 45 2,71,42,13 15 16 17 18 19 21 22 24 25 73 75 76 77 78 79 81 82 84 85 133 135 136 137 138 139 141 142 144 145 193 195 196 197 198 199 201 202 204 205 253 255,0xd77f162af4f7857163ef617704b8514a482cb39eb3e35f385779519d88812202,,1
187,154,24500176,0x7c3e1f0f80000000f8003,3,0 24 45,42,25,4 16 19 22 25 26 64 76 79 82 85 86 124 136 139 142 145 146 184 196 199 202 205 206 244,0xd18f49b124054674c8851968c8465858e3febf367254a29ffc177587425aa645,,1
187,155,24500196,0x7c3e1f0f80000000f8009,9,0 30 51,77,43,3 4 15 16 18 19 21 22 24 25 63 64 75 76 78 79 81 82 84 85 123 124 135 136 138 139 141 142 144 145 183 184 195 196 198 199 201 202 204 205 243 244 255,0x3f3728610fe09a357d2ac87d309c71c8f9982228d12da96b852481edc00a3f61,,1
187,156,24552534,0x7c3e1f0f80000000f8009,9,0 30 51,46,26,4 5 16 19 22 25 64 65 76 79 82 85 124 125 136 139 142 145 184 185 196 199 202 205 244 245,0xfcb6c5ebed79f80538922cae7b94f6c8d9061daa116bea01d7f4d280c14ba91f,,1
187,157,24592086,0x7c3e1f0f80000000f800b,11,0 32 53,77,43,3 4 15 16 18 19 21 22 24 25 63 64 75 76 78 79 81 82 84 85 123 124 135 136 138 139 141 142 144 145 183 184 195 196 198 199 201 202 204 205 243 244 255,0x16e7e1c4f9dbfeec3604ed2f08a52f1034d0cd8b45b4709490efbe3483d2cbb9,,1
187,158,24592103,0x7c3e1f0f80000000f8011,17,0 38 59,42,25,4 16 19 20 22 25 64 76 79 80 82 85 124 136 139 140 142 145 184 196 199 200 202 205 244,0xf1bce6d86cdeee1587aa954933788c50e9440e6a30242e55e2c4ac777cd97c22,,1
187,159,24655006,0x7c3e1f00000001f0f8008,8,0 29 50,87,48,3 4 6 7 18 19 21 22 23 24 25 63 64 66 67 78 79 81 82 83 84 85 123 124 126 127 138 139 141 142 143 144 145 183 184 186 187 198 199 201 202 203 204 205 243 244 246 247,0x2e1446e027d02a3cf1d1b6d225a39b7890e987de7f504e8e499ff1dc0a1532f3,,1
187,160,24691919,0x7c3e1f00000001f0f8037,55,0 12 33,38,22,4 7 19 22 25 64 67 79 82 85 124 127 139 142 145 184 187 199 202 205 244 247,0x3149dfcbab4a41a218f819ee0748c5dc8b4526624eefd63974a8d542e6279a07,,1
187,161,24691941,0x7c3e1f00000001f0f801a,26,0 47 4,97,54,3 4 6 7 8 18 19 21 22 24 25 26 63 64 66 67 68 78 79 81 82 84 85 86 123 124 126 127 128 138 139 141 142 144 145 146 183 184 186 187 188 198 199 201 202 204 205 206 243 244 246 247 248 571,0x2262b09d0fc0c17311bc755ae436f022d18a3c7ef411618cfbd847f89c21faf1,571,1
187,162,24769706,0x7c3e1f00000001f0f8002,2,0 23 44,38,22,4 7 19 22 25 64 67 79 82 85 124 127 139 142 145 184 187 199 202 205 244 247,0xadea5d1468ca85042a19809a45fa4223d00ae0e8f23bdff657653247f099c2eb,,1
187,163,24769722,0x7c3e1f00000001f0f8007,7,0 28 49,89,49,3 4 5 6 7 18 19 21 22 24 25 63 64 65 66 67 78 79 81 82 84 85 123 124 125 126 127 138 139 141 142 144 145 183 184 185 186 187 198 199 201 202 204 205 243 244 245 246 247,0xbb5f8a1bb4413ef5448afc2f1e1883235cbd46da2743a617bbb1e07c38ef00fc,,1
188,1,22878982,0xfe00000000000000000000000000000000000000000003,3,0 24 45,8,4,58 118 178 238,0xe5936971863e4f8d753637425b951521b27b3975e6b33c05d373260d658f7658,,1
188,2,23048184,0x1fe00000000000000000000000000000000000000000036,54,0 11 32,21,12,57 58 59 117 118 119 177 178 179 237 238 239,0xff9e042a4dc1fbc3a1e49e6d8ee687e6bd2918458a70ca87f9801743a6476ee0,,1
188,3,23246603,0x1f000000000000000000000000000000000000000008,8,0 29 50,7,4,55 115 175 235,0xb8257154ed4eb42b5c9e96c0e16fd0b28695788c57c4326c1a86617254625762,,1
188,4,23406918,0xf8037,55,0 12 33,9,5,4 64 124 184 244,0x45ddf664d0bf8187b0dd6d0a685db8690c63dc6f14e3c62791aca77ab3e220ae,,1
188,5,23436028,0x1fe1,33,0 54 11,18,10,0 1 60 61 120 121 180 181 240 241,0xf58fa891672cacd3e6081447b9049f1caaec0d2aca33b26a7954a5a30b681570,,1
188,6,23720144,0x1fed,45,0 2 23,37,20,0 1 2 3 60 61 62 63 120 121 122 123 180 181 182 183 240 241 242 243,0xc36b4053d78688939a74bf1378121ec7ef8b983a2bd0ae9f6fa9ab5293d7e4e0,,1
188,7,23904411,0x1fd1,17,0 38 59,18,10,0 1 60 61 120 121 180 181 240 241,0x7fff7c92fbdc872eefa6c554419a55d73647e41992760c578674542ce327111f,,1
188,8,24505831,0x1fff,63,0 20 41,27,15,0 1 2 60 61 62 120 121 122 180 181 182 240 241 242,0x72af72807116ab71a1e34e24b30eca8225191cc76ef00ee4e2efc80a7960d487,,1
188,9,24747500,0x7c3e1f00000001f0f8005,5,0 26 47,48,27,3 4 7 19 22 25 63 64 67 79 82 85 123 124 127 139 142 145 183 184 187 199 202 205 243 244 247,0xdc49ff908d6b4078fbc3c825c1d141743b8bc071a8f0fabe669ad29553d7738a,,1
188,10,24787110,0x1fc5,5,0 26 47,8,5,1 61 121 181 241,0x6e1143d4e339d9a5d2bcdaa91888643a4135120c4411af8040716df28c5631e4,,1
188,11,24929135,0x7c3e00000003e1f0f8033,51,0 8 29,87,46,0 3 4 6 7 10 21 22 24 25 60 63 64 66 67 70 81 82 84 85 120 123 124 126 127 130 141 142 144 145 180 183 184 186 187 190 201 202 204 205 240 243 244 246 247 250,0xd303fab98eb0f38a80b5d48c0334d6a0ebe046138f85a56903bb58ba6c52bf5b,,1
189,1,22879021,0xfe00000000000000000000000000000000000000000003,3,0 24 45,8,4,58 118 178 238,0xe5936971863e4f8d753637425b951521b27b3975e6b33c05d373260d658f7658,,1
189,2,23048459,0x3e00000000000000000000000000000000000000000015,21,0 42 63,13,8,57 58 117 118 177 178 237 238,0x3816996e3be82de4ffcdae8d0ed0b1743d9ffb9fd97faf21903dd88067099cfe,,1
189,3,23246649,0x1f000000000000000000000000000000000000000008,8,0 29 50,7,4,55 115 175 235,0xf80895beeccd6e39a6ddf2ece948f587f8ff56bd71967568bb7f17606b9b38d0,,1
189,4,23406924,0xf8037,55,0 12 33,9,5,4 64 124 184 244,0xd873dafa687ed278bec72d825be3fda89b74baa144ca72e8de08ff5b1b74be4b,,1
189,5,24747507,0x7c3e1f00000001f0f8039,57,0 14 35,48,27,3 4 7 19 22 25 63 64 67 79 82 85 123 124 127 139 142 145 183 184 187 199 202 205 243 244 247,0x45799d96700106f07c8450a0ff581f3df14c014cb48254f27c469ad3423db683,,1
189,6,24929174,0x7c3e00000003e1f0f802a,42,0 63 20,67,36,4 6 7 10 21 22 24 25 64 66 67 70 81 82 84 85 124 126 127 130 141 142 144 145 184 186 187 190 201 202 204 205 244 246 247 250,0x4f089a87f0a736b1e3542b6a7d9a43b0793e27821ceee67100b8b56c42c83454,,1
190,1,22864422,0xf800000000000000000000000000002d,45,0 2 23,8,4,40 100 160 220,0x5d6a3067794c725d3d6da49b254f9a43adafa37586e01ec7f57a6e6854e4b6a4,,1
190,2,22960951,0xf8007,7,0 28 49,9,5,4 64 124 184 244,0xc83dd128bc76c1ea3cc0f65fec6563ba1e4a25c7020277d7b48d2d7ac5db60ed,,1
190,3,23126790,0x1f000028,40,0 61 18,8,5,7 67 127 187 247,0xe9a683abe46fbe3c6542f35ee3bb99f16fb2deac6ae8c556a081e10462842b06,,1
190,4,23296034,0xf8037,55,0 12 33,19,10,3 4 63 64 123 124 183 184 243 244,0x1d7818c81fd2d368ebc172a4b7d0b800975641adfbb1326e804a11a1e8d2ef7e,,1
191,1,22864500,0x7f00000000000000000000000e,14,0 35 56,5,4,31 91 151 211,0x71a7ea7548f84cdfa98818e840d51c1ce7b1d0b2e5eea9b80569c64a3430aed6,,1
191,2,22960972,0xf8007,7,0 28 49,9,5,4 64 124 184 244,0xdf13ca3ab09c16d026bd40b8aa8fe45c6a9f4ca9e457cb9a87eb9aee7a158516,,1
191,3,23126804,0x1f00000000000000000000002d,45,0 2 23,8,8,30 31 90 91 150 151 210 211,0x7fd726460eac7454b353b3d65973abef3c1f1ab2b4aaf3f12602316447f88a5b,,1
191,4,23296075,0x7c0000000000000000000000000000000000007,7,0 28 49,6,4,49 109 169 229,0x2a7e9a5974ea736024b0b176522ecfec2eb572e30a249999f66f0ce1dd50c9fc,,1
192,1,22864613,0x1fe00000036,54,0 11 32,19,10,10 11 70 71 130 131 190 191 250 251,0xafb36241c8acda53d66f13882c51b32f6a778896310c96ace775a9da42759fc1,,1
192,2,22960988,0xf8007,7,0 28 49,9,5,4 64 124 184 244,0xe372d765d2941bbdc96a3daf0e51049c820fcd9cdda63867af543ad10c37c679,,1
192,3,23126819,0x1f000000000000000000000000000000028,40,0 61 18,7,4,43 103 163 223,0xbe4a99c4b228626d7adb88c5ac0c3876cd13ee4ccec63253f6397ec75a1af7af,,1
192,4,23296112,0x1f000000000000000000000000000000000000000010,16,0 37 58,7,4,55 115 175 235,0x5fcbbbc37bd55e0605a26db5b264a7a7d155a5120077e95b86872f8670ba6dae,,1
193,1,22879355,0xfe00000000000000000000000000000000000000000003,3,0 24 45,8,4,58 118 178 238,0xe5936971863e4f8d753637425b951521b27b3975e6b33c05d373260d658f7658,,1
193,2,23048803,0xf8007,7,0 28 49,9,5,4 64 124 184 244,0xaa3bd3f6622d170c1e5d9fd9640d9e873a364f78dfb570ff27f70cb93370bd9e,,1
193,3,23246765,0xf8000000000000000000000000000039,57,0 14 35,8,4,40 100 160 220,0x2c6fa1f47cc3f49103b10bb39452d14916c451ac3378cc9b4bb12896d21b190f,,1
193,4,23407368,0xf800000000000000000000000000002b,43,0 0 21,13,8,39 40 99 100 159 160 219 220,0x0b435c13fdd5ec7d35a20d27edb57193206206fbecceb6573c9e9617748b4755,,1
193,5,24747759,0x7c3e1f00000001f0f8039,57,0 14 35,48,27,3 4 7 19 22 25 63 64 67 79 82 85 123 124 127 139 142 145 183 184 187 199 202 205 243 244 247,0xce8c38c5606527fc284e5d187696d809b6cf15f411e9216c7be808fdbf52a95e,,1
193,6,24929226,0x7c3e00000003e1f0f802a,42,0 63 20,67,36,4 6 7 10 21 22 24 25 64 66 67 70 81 82 84 85 124 126 127 130 141 142 144 145 184 186 187 190 201 202 204 205 244 246 247 250,0x76a83a7be54474e0f2b4383a8cb2f3ef858b1520453a1be084b63521ec273cce,,1
194,1,22879390,0xfe00000000000000000000000000000000000000000003,3,0 24 45,8,4,58 118 178 238,0xe5936971863e4f8d753637425b951521b27b3975e6b33c05d373260d658f7658,,1
194,2,23048840,0xf8007,7,0 28 49,9,5,4 64 124 184 244,0xaa3bd3f6622d170c1e5d9fd9640d9e873a364f78dfb570ff27f70cb93370bd9e,,1
194,3,23246780,0x1f00000000000000c,12,0 33 54,5,4,19 79 139 199,0xaaa420dde070351e5f90818659f8d0a614fe6a92dbaf277ddcda26bfbf1c6dc2,,1
194,4,23407374,0x1f000000000000012,18,0 39 60,12,8,18 19 78 79 138 139 198 199,0x5f15bc9a994acff87824d8489629ba51410907e7991277dc14fed58f1e42e030,,1
194,5,24747767,0x7c3e1f00000001f0f8039,57,0 14 35,48,27,3 4 7 19 22 25 63 64 67 79 82 85 123 124 127 139 142 145 183 184 187 199 202 205 243 244 247,0x44c1a3b04731623902838017f716f13b37196f4bcbf918aa9fc52e2a9ab26009,,1
194,6,24929237,0x7c3e00000003e1f0f802a,42,0 63 20,67,36,4 6 7 10 21 22 24 25 64 66 67 70 81 82 84 85 124 126 127 130 141 142 144 145 184 186 187 190 201 202 204 205 244 246 247 250,0x567a9461d7cd67f5c728268b3d0ca64c35b1440da820773f88d0e77e38fd2e06,,1
195,1,22879417,0xfe00000000000000000000000000000000000000000003,3,0 24 45,8,4,58 118 178 238,0xe5936971863e4f8d753637425b951521b27b3975e6b33c05d373260d658f7658,,1
195,2,23048851,0xf8007,7,0 28 49,9,5,4 64 124 184 244,0xd67dddc3594f85419ccc8712d5a769c094d479349cc55689fa9638a35bc58327,,1
195,3,23048869,0xf801c,28,0 49 6,19,10,3 4 63 64 123 124 183 184 243 244,0x81f0790babff9c3d96aa167303be4e54f3e1d67574a3c32b84dcdbdd812e09e7,,1
195,4,23246787,0x1f000000000000000000000000000000000000000010,16,0 37 58,7,4,55 115 175 235,0x769c059df6f138cabcfe3dc4faaca691d66cc22564c86becd6791bebfeb7bd7e,,1
195,5,23407382,0x1f000000000000000000000000000000000000000004,4,0 25 46,12,8,54 55 114 115 174 175 234 235,0x565df18bfe1b63dbde197569bcee696b3e9973c6740aa0a62f8cc037245150c7,,1
195,6,24747783,0x7c3e1f00000001f0f8025,37,0 58 15,38,22,4 7 19 22 25 64 67 79 82 85 124 127 139 142 145 184 187 199 202 205 244 247,0x819bc1687d54ffde39f8791f3f9e7386112437e549771e8992d950eef1972bd3,,1
195,7,24929257,0x7c3e00000003e1f0f8018,24,0 45 2,77,41,3 4 6 7 10 21 22 24 25 63 64 66 67 70 81 82 84 85 123 124 126 127 130 141 142 144 145 183 184 186 187 190 201 202 204 205 243 244 246 247 250,0xd53007221c9aadee66f9e47f79408dafbb485d245b2e18a1fc30efcfa722db5a,,1
196,1,22866066,0x7f803c,60,0 17 38,19,10,4 5 64 65 124 125 184 185 244 245,0x667bffc7d572c8ba7567eb0fef0a359ff2ab0f7bda764ee668c3258f399e1b02,,1
196,2,22866104,0x7f800000000000000000003f,63,0 20 41,10,8,28 29 88 89 148 149 208 209,0x0acb931e2fdc3b99c9c96f2362f389c119b352ca190127ed16c6042eea80f7af,,1
196,3,22866167,0x1fc0000000000000000000000000026,38,0 59 16,5,4,37 97 157 217,0x6b8b2958abe785d83c97b4472e9d0f1ec5b8ad6af7ef309b7e1a3b1802d5af15,,1
196,4,22866193,0x1fc0000000000000000000000000000000000031,49,0 6 27,6,4,49 109 169 229,0xbd3fa4621c61f55a7c07d2e3f612ad71024f9bfa88102d879bf929fe426e2fcb,,1
196,5,22866217,0x1fe00000000000000000000000000000000000000000008,8,0 29 50,26,13,0 58 59 60 118 119 120 178 179 180 238 239 240,0xd1d2e6df5a00cb4bd6eaf119ade9d418aef92bdd3dfb259542b4dec81bed380a,,1
196,6,22867568,0x7f00002b,43,0 0 21,16,10,6 7 66 67 126 127 186 187 246 247,0x14a2cbec6878f8f92a53f6c7d2397dbc320a90af7d62e3dfb008f059b64d2887,,1
196,7,22867625,0xfe00000030,48,0 5 26,19,10,9 10 69 70 129 130 189 190 249 250,0x8d11f36e7955bc09a0c15ea8d46a0981c8d657e86b13c6724477e0077a19035c,,1
196,8,22867701,0x1fc000000000f,15,0 36 57,17,10,12 13 72 73 132 133 192 193 252 253,0x7f42e0b8fa4e84ba4e523b1b374db0e823b5964ea2373cddfc10b88cdd10d8f1,,1
196,9,22867754,0x3f8000000000000000000000000000000000000027,39,0 60 17,10,8,51 52 111 112 171 172 231 232,0x6ae3ed7dd019dae37a533b95392d8890787f774a49e3ed6272138d6b4059fe25,,1
196,10,22867788,0x7f000000000000000000000000000000000000000017,23,0 44 1,12,8,54 55 114 115 174 175 234 235,0x4b6cb6e86bff31fe38f5d425b9d0cf3d0aa243ab1c8f71cdf59b7dd6977cc8ac,,1
196,11,22868617,0x7f000000000000000000000020,32,0 53 10,8,8,30 31 90 91 150 151 210 211,0xd32857db0e285a070951ed1136fccbb687deb438e09da30ff0cacbff1768aa89,,1
196,12,22869041,0x7f800000000001f,31,0 52 9,29,18,0 15 16 17 60 75 76 77 120 135 136 137 180 195 196 197 240 255,0x1a06dbe5cc2a396f13c570f65d4d3c7fbf2df03acf646ae8559c959597ad618c,,1
196,13,22869280,0x7f000000000000022,34,0 55 12,12,8,18 19 78 79 138 139 198 199,0xc2ff91db4ba484c8c231655552dd54a8eeaeb24c816493713289e1b86b078053,,1
196,14,22887751,0xfe0000000000000000000000000000000003f,63,0 20 41,6,4,46 106 166 226,0x5f2fed2a9e2b65bed185fc292f5fc04e23eb30ec50b47b544c4d09121b91d9f1,,1
196,15,22942781,0x7f000000000000000000000000000000001,1,0 22 43,7,4,43 103 163 223,0xdb76b041c48b9b3396a9d90af3149eda8f4e0cf386c0fd79069231057e2688a5,,1
196,16,22953956,0x7f000037,55,0 12 33,18,10,7 8 67 68 127 128 187 188 247 248,0xa6adaf29ec084310da620882debf6472d2918c3fd65d1684bfe9c0f5fbf07488,,1
196,17,22953990,0x3f800000000001e,30,0 51 8,6,4,16 76 136 196,0x16dcb191094b2e09601aae6fc514873ba60adfcbc4148b4bf94dc0cbd64f896c,,1
196,18,22954138,0xfe0000000000000000c,12,0 33 54,16,8,21 22 81 82 141 142 201 202,0x82aeb139e09be279b5d858c4635d863e9a392401f7d6482add7779446a4e14f7,,1
196,19,22972074,0xfe00000000000000000000000000000000000000000035,53,0 10 31,23,13,0 57 58 60 117 118 120 177 178 180 237 238 240,0xaccf13381d4401c9ff17800ded142774100bd4ec56948c61e9ac08e341295de7,,1
196,20,23047652,0x7f00002f,47,0 4 25,16,10,6 7 66 67 126 127 186 187 246 247,0x451f20af1fbaeccd6c599eb363841d320da18059984da6542d3344883b7e3e26,,1
196,21,23048682,0x1f000000000000000000000026,38,0 59 16,5,4,31 91 151 211,0xbaff4fb7b9987acfdd16dd7f0c74333a908925005c37cb0b6bba486214c3fa3a,,1
196,22,23048712,0x3f8000000000000000000000000000029,41,0 62 19,8,4,40 100 160 220,0x178fdb7b36cd12365fd0b986014a1aec411f7b3a932d592ec5508475f61dbba4,,1
196,23,23184277,0x1f000000000000004,4,0 25 46,12,8,18 19 78 79 138 139 198 199,0x65a241cbc4a52b74ea8db1cc7d4e19f4be59a6fa028e3c113e0c713161c00290,,1
196,24,23214485,0xf8022,34,0 55 12,19,10,3 4 63 64 123 124 183 184 243 244,0x445bb1332631d093a6355847a65038d4c61781f4bca0e57b2374707b192748b4,,1
196,25,23365704,0x1f00000000000002c,44,0 1 22,5,4,19 79 139 199,0x06703d8d5b3f64e036d93add34b9efb2020c5c92bdbd795181840e42fa51f1e4,,1
196,26,23385821,0x1f000000000000027,39,0 60 17,22,13,0 18 19 60 78 79 120 138 139 180 198 199 240,0x32f96a5eb2b1f62e25a962276ce984a0985ce777e8a83648c91fde77d5e37ec8,,1
196,27,23485097,0xf80000000f80000000f800001f0000000000f8034,52,0 9 30,52,33,4 19 20 27 28 39 40 52 64 79 80 87 88 99 100 112 124 139 140 147 148 159 160 172 184 199 200 207 208 219 220 232 244,0xb92754e466f43f6e62dbd8b74a5960b1b300aa45b5d60c9d4f01a4af8393a2b1,,1
196,28,24748412,0x7c3e1f00000001f0f8019,25,0 46 3,71,39,3 4 7 18 19 21 22 24 25 63 64 67 78 79 81 82 84 85 123 124 127 138 139 141 142 144 145 183 184 187 198 199 201 202 204 205 243 244 247,0xbe89a68702721f03cd64572c00c51a3f01527e268d3f13009b5deaf9ba464726,,1
196,29,24929856,0x7c3e00000003e1f0f802a,42,0 63 20,60,33,4 6 7 9 10 22 25 64 66 67 69 70 82 85 124 126 127 129 130 142 145 184 186 187 189 190 202 205 244 246 247 249 250,0x36dddbfcaca0adf2e3301b049da37896b0fece7b42ed899709d0255ec0d18c12,,1
197,1,22871490,0x1fe0000000000000000000000000000000000000000002d,45,0 2 23,16,8,58 59 118 119 178 179 238 239,0x07ab8751a2052357f398acd2a3c0998c7b9968bd71e6c15b86b301ff95b84215,,1
197,2,22938297,0x7f8022,34,0 55 12,19,10,4 5 64 65 124 125 184 185 244 245,0x8f4ad41e984ced0b7d35ceef98e0ee636a5c69d18605a3be6ea91cf7897c52fb,,1
197,3,22963059,0x7f800000000000000000001a,26,0 47 4,10,8,28 29 88 89 148 149 208 209,0x2470ae1f96309039b7c58db5b52debbeecad1920ad3227ddc4245cbae3330a51,,1
197,4,23070936,0x3fc0000000000000000000000000011,17,0 38 59,9,8,37 38 97 98 157 158 217 218,0x267814e2b8f1b891e998e7bdff9877bc0d46d197c97a43c1d5f795fb26451585,,1
197,5,23134378,0x7c000000000000000000000000000000000002c,44,0 1 22,6,4,49 109 169 229,0xf1608bdef8bec8fad9d252f1815fdc7c2af670e85c6d09b61dc39fca0413d833,,1
197,6,23134402,0xf800000000000000000000000000000000000000c,12,0 33 54,7,4,52 112 172 232,0xf268bf9b67d63987b315cf8eac5d67e4c5b7fbdea4fecfcc73e6452986170e76,,1
197,7,23134534,0x1f000000000000000000000000000000000000000017,23,0 44 1,7,4,55 115 175 235,0x42babb560f8cf5414cbab9f2aa7d85262860ed44e75056cfea60ffd075e18192,,1
197,8,23134564,0x3e0000000000000000000000000000000000000000000c,12,0 33 54,13,8,57 58 117 118 177 178 237 238,0xbb13e2bd3a3b5c04bbe88c1d0374316432593afee9897a08d3b261273a607bf8,,1
197,9,23225305,0xf803a,58,0 15 36,29,15,0 3 4 60 63 64 120 123 124 180 183 184 240 243 244,0x63278bb5c3efe8d8839cb8157a81a9615995fe81bedb441c3e124407276ed747,,1
197,10,23276039,0x1f000002,2,0 23 44,16,10,6 7 66 67 126 127 186 187 246 247,0x5b2e1f12677e12391561c02a20f4f3e5062cf6eaeea3db903575fbd162a48127,,1
197,11,23276085,0x3e0000002f,47,0 4 25,10,5,10 70 130 190 250,0x42824c192b718b0a3d5ee8c62d0bd75b69152e007254f47e3164a3b557c75f41,,1
197,12,23465452,0xf80000000f80000000f80000000f80000000f8036,54,0 11 32,50,33,4 16 27 28 39 40 51 52 64 76 87 88 99 100 111 112 124 136 147 148 159 160 171 172 184 196 207 208 219 220 231 232 244,0x637f49018d8e2b89adaebf556bcf3bf5fcbb0ad7968325d7021e6da64f789c8b,,1
197,13,23822430,0xf80000000f80000000f80000000f80000000f801a,26,0 47 4,53,31,3 4 15 16 28 40 52 63 64 75 76 88 100 112 123 124 135 136 148 160 172 183 184 195 196 208 220 232 243 244 255,0xf3accb143aa251df1f0705a9222914d45f3849f881b97038a9e10c888a97a8ef,,1
198,1,22872065,0x7f00000000000000000000000e,14,0 35 56,5,4,31 91 151 211,0x7a96b67774d4ed8d624e0fba9b5f4bbe60983e50f1ad28f3ad3485ff4a29607f,,1
198,2,22874521,0x7f8022,34,0 55 12,19,10,4 5 64 65 124 125 184 185 244 245,0x513a30c1c7d452506c72232f1e45e6271be9f93d2bddb007484139d56312f23b,,1
198,3,23036788,0xf801c,28,0 49 6,19,10,3 4 63 64 123 124 183 184 243 244,0xbc79597feaf8d49e128458c8af63e6b3f08c83fa403b2ac058e10deb8cab2deb,,1
198,4,23137659,0x7f000000000000000000000023,35,0 56 13,16,12,30 31 32 90 91 92 150 151 152 210 211 212,0x1d8ac42a461290269f0325aecc6dc7265a7c2d0992def9c353bbce3281bbe68d,,1
198,5,23359644,0x1f000000000000000000000016,22,0 43 0,5,4,31 91 151 211,0x952919e8450960b6c3fa981cad37cceaee6984c8b1ed2b524f4234d711449e8f,,1
198,6,23368325,0x1f00000000000000000000003d,61,0 18 39,8,8,30 31 90 91 150 151 210 211,0x45dc3fead7daee57d41867178075cb6bd3c76402f7d107bccf22da587e23155d,,1
198,7,23368424,0x3e00000000000000000,0,0 21 42,8,4,22 82 142 202,0x4c82941e0aca9dd095632c7f9437042e4cf3694805862cab5a290769895d7700,,1
198,8,23368451,0x7c000000001c,28,0 49 6,18,10,0 13 60 73 120 133 180 193 240 253,0x9acceb7db686539d3638d500572ff50e0a1303dd205a2c3f21461eea404906e8,,1
198,9,23368478,0xf803a,58,0 15 36,9,5,4 64 124 184 244,0x0b8c2c44da324cfbf42280cce8e9708ee0378c2796d4e02f381569b253a7e401,,1
198,10,23368509,0x3e00000000000000036,54,0 11 32,16,8,21 22 81 82 141 142 201 202,0xf4c3ccf60a81ec08d45ffecdaddcf13a79c8e910a0abf7ca170f2cb3670688a2,,1
198,11,23368536,0x7c000000003a,58,0 15 36,17,10,12 13 72 73 132 133 192 193 252 253,0xa4e2156407cc12b90c67107848401dfeaf3368b0f24c1aa6f84409c98ad05df7,,1
198,12,23368563,0xf800f,15,0 36 57,19,10,3 4 63 64 123 124 183 184 243 244,0xfe41a0815cf4a1e365db6c48db1ea0be0719b3897b8f6a4fa5954ce71d7ea5ce,,1
198,13,23368849,0x3f8000000000000000000000000000019,25,0 46 3,8,4,40 100 160 220,0x80e1669e8e70058e8e7f8332ac68c095b95901616bb59ebec0dd6f76c83dc89c,,1
198,14,23368876,0x7c0000000023,35,0 56 13,18,10,0 13 60 73 120 133 180 193 240 253,0xa47451a8912d61f557b2b17575491cee10b22a150c8739d3be4c073ecf1115f2,,1
198,15,23368961,0xf8000000000010,16,0 37 58,6,4,16 76 136 196,0x0b6f10bc6cfa201e549f455951e514d5f189d0aa1e03c21d2fb2744660c5936d,,1
198,16,23368991,0x3e00000000000000011,17,0 38 59,8,4,22 82 142 202,0xba782f0177db7a3fd04d14a67f9c57b80dffae9a54312e2fe3f7f1184d3506f3,,1
198,17,23369017,0x7c0000000033,51,0 8 29,17,10,12 13 72 73 132 133 192 193 252 253,0xea73d070594d617585986fb5d868b908356143afb351f041a894d4d962af78e8,,1
198,18,23369044,0xf8027,39,0 60 17,9,5,4 64 124 184 244,0x62ce172e5987e37246b46acaa9e0ca6340fd74740813283e16b0e1b5ddf43b0b,,1
198,19,23369118,0xf800000000003a,58,0 15 36,14,9,15 16 75 76 135 136 195 196 255,0x43b5f6593d78974f11bba4a761ace76b51339d87e3662533d601d9462358ffd2,,1
198,20,23369140,0xf8000000000030,48,0 5 26,16,9,0 16 60 76 120 136 180 196 240,0xcfc3f92dc3ee48745d2f1261e2afc0723f4a2b957473c7977bbc25aa38106952,,1
198,21,23369161,0xf8000000000032,50,0 7 28,14,9,15 16 75 76 135 136 195 196 255,0x30696b7ca55ee1d1baa0fb45e798adc7764a96b0605459692bc04784507db371,,1
198,22,23369183,0xf8000000000015,21,0 42 63,6,4,16 76 136 196,0x56d706ee6250d027704d47fd540db3351c69723046cb32e306af31a64063297a,,1
198,23,23369204,0xf800000000001f,31,0 52 9,14,9,15 16 75 76 135 136 195 196 255,0xd171368fdf45026382127a55547103435acd770208214b51c77094e195a9f17e,,1
198,24,23369226,0xf800000000003e,62,0 19 40,6,4,16 76 136 196,0x703d754a7de0281b604307b666c7312e5b3900df8674cd414d367caa3828ba49,,1
198,25,23369247,0xf800000000001f,31,0 52 9,19,13,15 16 17 75 76 77 135 136 137 195 196 197 255,0xfdabf70e63316a0c5d3fd201e6fae51afb59d47f79900712a2d9055b0fa126ab,,1
198,26,23369269,0xf800000000003a,58,0 15 36,16,9,0 16 60 76 120 136 180 196 240,0x4329966cb95ef84c165f2dc8ec2fe8a8e78dfdc85c7002bff9fc89f498de961f,,1
198,27,23369290,0xf8000000000018,24,0 45 2,14,9,15 16 75 76 135 136 195 196 255,0xa6e2835dea8bedd8e2f76045b46ce310938090acd808843d801a7cb0f11e43af,,1
198,28,23369312,0xf800000000001b,27,0 48 5,6,4,16 76 136 196,0x44d6d77297a81ac6076ae2d3d1cc2e998bbe91068c8baac8d5b5e01320bd65ee,,1
198,29,23369333,0xf800000000003a,58,0 15 36,14,9,15 16 75 76 135 136 195 196 255,0xb06097559e8bf3dca9075a6eb1d735940d7d5319779e82c2f6cb073302b1b231,,1
198,30,23369355,0xf8000000000017,23,0 44 1,6,4,16 76 136 196,0x53fd7b231b1a99e08decee221aa5eff221eda9c80514787bba0cc2268b983767,,1
198,31,23369398,0xf8000000000008,8,0 29 50,14,9,15 16 75 76 135 136 195 196 255,0xa93a4f09c4e2b953c5a703087b5832bcd5f15324eb84b2fbe895ef4e2c2a60a6,,1
198,32,23369420,0xf8000000000007,7,0 28 49,11,8,16 17 76 77 136 137 196 197,0xe58b26ba7b32ca59179d814cc23cac3cc2eab8b498b610f62b742e17ca35c389,,1
198,33,23369440,0xf8000000000025,37,0 58 15,14,9,15 16 75 76 135 136 195 196 255,0x7c4627448c2910f9587ce985a6bb730f9174163329f41d0bd232199dfe087eaf,,1
198,34,23369462,0xf800000000003b,59,0 16 37,16,9,0 16 60 76 120 136 180 196 240,0xd5b070a45715a406d5548883ce71665a672814b0850102747ece1e2abd50349b,,1
198,35,23369484,0xf8000000000036,54,0 11 32,14,9,15 16 75 76 135 136 195 196 255,0x2836d238ac7ab839b568a9ba72a61afe4949bc1b58deb9cbca2969f3cb4bf116,,1
198,36,23369505,0xf800000000001d,29,0 50 7,6,4,16 76 136 196,0x9b1d71a1cf1b29cd1a803f7d2a068480abafc2eea0cc1e780e294674b7577401,,1
198,37,23369526,0xf8000000000005,5,0 26 47,14,9,15 16 75 76 135 136 195 196 255,0x884af6aa29bddf1884c87a21307dba5255e4be476ffe185055842212be8e9c66,,1
198,38,23369548,0xf800000000002d,45,0 2 23,6,4,16 76 136 196,0x10af96bed1f80f220af6d1d150ebaf7e1335010d2d8762c20c825235ef5721f9,,1
198,39,23369570,0xf8000000000023,35,0 56 13,19,13,15 16 17 75 76 77 135 136 137 195 196 197 255,0x0f765325a26ad561d04f38163c499db0a77c3d5e63c9fed57d9cc5512ff47448,,1
198,40,23369591,0xf8000000000004,4,0 25 46,6,4,16 76 136 196,0xc76b7839a8e36554770f2ac5a8bb4eb5be7856b678d966bcdf3a4677ea67a8a1,,1
198,41,23369612,0xf8000000000012,18,0 39 60,14,9,15 16 75 76 135 136 195 196 255,0xd19cabf186034d1580d97d3e78ac78369683fe9487d7c61929bbfd8b78291e53,,1
198,42,23369634,0xf8000000000034,52,0 9 30,16,9,0 16 60 76 120 136 180 196 240,0x0a9c4f77fdbee3cfda4291fbdf360eef12c6c5b3dc74156beb17649ef4249873,,1
198,43,23369655,0xf8000000000020,32,0 53 10,14,9,15 16 75 76 135 136 195 196 255,0x0d4d53a8dfc664f797856e3841f04b0621aed8c4f7158999b2587c518d80f35b,,1
198,44,23369677,0xf800000000001d,29,0 50 7,6,4,16 76 136 196,0xe8a05060d8c7dc35321b205464cf6f55c5fbdaf33ec35984d885de0708f60d1c,,1
198,45,23369698,0xf8000000000039,57,0 14 35,14,9,15 16 75 76 135 136 195 196 255,0x9cb7da30013d647f59c56cbb05f5ac514e7ad70bc5f340b6b33fce3e88360390,,1
198,46,23369720,0xf800000000003d,61,0 18 39,11,8,16 17 76 77 136 137 196 197,0xbbabca9fc7c574e3ceec8dfdf19c714ff6e52d2b4d6bebdb8505f2df2b8d5979,,1
198,47,23369741,0xf8000000000013,19,0 40 61,14,9,15 16 75 76 135 136 195 196 255,0x110c0f5af6732e18da3ff2b46e7684568aab3267ee5a518c42979a63c17736c2,,1
198,48,23369763,0xf8000000000027,39,0 60 17,16,9,0 16 60 76 120 136 180 196 240,0xf468a368949b7f274bed13ecc1b77431de0a58185089ed249d5087de4d05fb8d,,1
198,49,23369784,0xf800000000000e,14,0 35 56,14,9,15 16 75 76 135 136 195 196 255,0x75d0928157d83abac8907c3aec3215140233769dd3ef4f73852b165670243a12,,1
198,50,23369806,0xf800000000002a,42,0 63 20,6,4,16 76 136 196,0xdf98f4e1d1496a195a3b328d71def14cd1db21e0864650a0300fb67de5518875,,1
198,51,23369827,0xf8000000000036,54,0 11 32,14,9,15 16 75 76 135 136 195 196 255,0x85068e74ede3d1e6aecfb8aabb09e94e11d141673f870a76e4768ed6b628eb1c,,1
198,52,23369848,0xf8000000000030,48,0 5 26,6,4,16 76 136 196,0x6c93eb2202c0292f4a1fab24b0e51ea145f758d1942fbafbf37afb1e9709954a,,1
198,53,23369870,0xf8000000000020,32,0 53 10,19,13,15 16 17 75 76 77 135 136 137 195 196 197 255,0x602fb37692db49515295ef7119ecf1e42b5a500507f9299d2ac0411420e24b2e,,1
198,54,23369892,0xf8000000000038,56,0 13 34,16,9,0 16 60 76 120 136 180 196 240,0x25e5a30ea799e27d5e0dba749ffbcf0e6b74043bd23183281ebe465c3e1d38dd,,1
198,55,23369913,0xf8000000000009,9,0 30 51,14,9,15 16 75 76 135 136 195 196 255,0x33862f118517b6b4a4c3f1c1c69449fe3c89536ca48c2d3837ccb23df00c0f47,,1
198,56,23369935,0xf8000000000034,52,0 9 30,6,4,16 76 136 196,0x1bc3eb2389999f5841d949c0fe1f837a3c850d85de463277be5cc541769dd9b0,,1
198,57,23369956,0xf800000000001f,31,0 52 9,14,9,15 16 75 76 135 136 195 196 255,0xa6e3568c55bbee667ebf453ded9ca0965280e004ddba2caeee7fd32d8d6d1108,,1
198,58,23369977,0xf800000000000f,15,0 36 57,6,4,16 76 136 196,0x440befe66f9dcf36d3e549715d1a2ad0cf7881c7c478995cd00e1e3b287580f4,,1
198,59,23369999,0xf800000000003c,60,0 17 38,14,9,15 16 75 76 135 136 195 196 255,0x58b811e64e7beb7163fbaa6ec7e9029c44ff6a91e2ef287313068121274279ed,,1
198,60,23370022,0xf8000000000018,24,0 45 2,11,8,16 17 76 77 136 137 196 197,0xd2237f0d0c9fec442922aadd1255dbf694e1ad4af0cd59516ae4e975497aedc6,,1
198,61,23370042,0xf8000000000024,36,0 57 14,24,14,0 15 16 60 75 76 120 135 136 180 195 196 240 255,0x615409f045ade9e5a324943b2b681aa510f4dacb3e1674e96121c22cbea9a6f2,,1
198,62,23370063,0xf800000000001d,29,0 50 7,6,4,16 76 136 196,0x888f3a3ee6c02b3eea06d535c7a9575bf7dbeba70a76ba3eb3d500453886572d,,1
198,63,23370085,0xf800000000002a,42,0 63 20,14,9,15 16 75 76 135 136 195 196 255,0x1237527d4fcd67cd26d16c47fb5622f1c392b573fb1698c16a70e5a10c98cd4c,,1
198,64,23370106,0xf8000000000027,39,0 60 17,6,4,16 76 136 196,0x0a704c315f5ba37171ef5d3e9d7f7c0d2dea2cec8fa7aad98e9d792487aefe52,,1
198,65,23370128,0xf8000000000006,6,0 27 48,14,9,15 16 75 76 135 136 195 196 255,0x1a134e7b4a02f24fb7ab9ef7bbc9cb5b65d93c32d652d2093891e92129eeb00b,,1
198,66,23370149,0xf800000000003d,61,0 18 39,6,4,16 76 136 196,0x60ebb80818b22362e0d96a262e280d89e22c6bb1a1f221ae8da6f08129cf8cc8,,1
198,67,23370171,0xf800000000001f,31,0 52 9,19,13,15 16 17 75 76 77 135 136 137 195 196 197 255,0x571f3c29ef7463c362c0cd43a43cd62f0e9754d4482a6a39138a7ba5f81fa007,,1
198,68,23370192,0xf8000000000004,4,0 25 46,6,4,16 76 136 196,0xce58ac57b1894ba4517998fa6cdc3344fe00e8bbfe66923ba1a07e98a0518f6e,,1
198,69,23370214,0xf8000000000028,40,0 61 18,24,14,0 15 16 60 75 76 120 135 136 180 195 196 240 255,0x856aed9427404f83443c223c04b3163121948dbaaa58f526ea96720de824933d,,1
198,70,23370235,0xf8000000000005,5,0 26 47,6,4,16 76 136 196,0x9b6d3c1103d55fe21cbf5eff1c4236c6c8f37a66a95426782efe0895fa265af4,,1
198,71,23370256,0xf8000000000019,25,0 46 3,14,9,15 16 75 76 135 136 195 196 255,0x4e42309c8f61d485d652c0239ec221d58c6e821253d229d31a222a53bb4a723c,,1
198,72,23370278,0xf800000000001b,27,0 48 5,6,4,16 76 136 196,0xa5297334b03e7832815f54cba8abf1c9fceef52c7307b31286f1d5e0435ba6e2,,1
198,73,23370300,0xf8000000000035,53,0 10 31,14,9,15 16 75 76 135 136 195 196 255,0xbbd3171df9c304b6602a87ed9608af1f53ccbbe32e65aef46826115a254098b0,,1
198,74,23370321,0xf800000000002b,43,0 0 21,11,8,16 17 76 77 136 137 196 197,0x74b77e40e13c9d66866be54e064e6fee43a511448e24291ec779e67a05e32262,,1
198,75,23370343,0xf8000000000008,8,0 29 50,14,9,15 16 75 76 135 136 195 196 255,0x91c59f777982d992edd41d9a5fd635627e51d5b6eae365fbdcbacd4c9bb987bc,,1
198,76,23370385,0xf800000000001f,31,0 52 9,6,4,16 76 136 196,0xd389f6d9ad5246ccbb2ae33b974a74e25ecb2b99fc4e1e8d2a146e03cfae0492,,1
198,77,23370407,0xf8000000000027,39,0 60 17,24,14,0 15 16 60 75 76 120 135 136 180 195 196 240 255,0x791006a34c1945ffe43037c25acd3560f8f723a8cde595854bcc10cb8ffd2981,,1
198,78,23370428,0xf8000000000035,53,0 10 31,6,4,16 76 136 196,0xcdda9b17f39add9fd06303f86dc426d07239dca38c6bf214c3a26bc31863d29d,,1
198,79,23370450,0xf800000000001f,31,0 52 9,14,9,15 16 75 76 135 136 195 196 255,0xb32c5a7343a5dd71514e939583e759a5ded1d0370a2f8a6bfaf028154966c43e,,1
198,80,23370471,0xf8000000000033,51,0 8 29,6,4,16 76 136 196,0x428671c24d177083a11a611fce4d1dd22e792437ee22446d384046f8d75e3229,,1
198,81,23370493,0xf8000000000019,25,0 46 3,19,13,15 16 17 75 76 77 135 136 137 195 196 197 255,0x9b71c3ad0da815176054fd185967852764cb0da55b73ce14f9d0cbf1259a31bf,,1
198,82,23370514,0xf800000000002f,47,0 4 25,6,4,16 76 136 196,0x7d0b77420185ebce3f0ec8f048ae4e59aee8f6f439db9d02323c911821891239,,1
198,83,23386250,0xf800000000000000000002a,42,0 63 20,15,9,0 28 60 88 120 148 180 208 240,0xe64bfcb47b1292e429443f4831e3a57b8c67dbb647a963c507c911c849f5360c,,1
198,84,23448647,0xf80000000f80000000f80000000f80000000f801e,30,0 51 8,65,39,3 4 15 16 27 28 39 40 52 63 64 75 76 87 88 99 100 112 123 124 135 136 147 148 159 160 172 183 184 195 196 207 208 219 220 232 243 244 255,0x432d0d7f48634ac35fb0c482a49599354c039ae80a9288f6b453b1a78b0a4492,,1
198,85,23448674,0xf80000000f80000000f80000000f80000000f8004,4,0 25 46,38,25,4 16 28 40 51 52 64 76 88 100 111 112 124 136 148 160 171 172 184 196 208 220 231 232 244,0x2ed366c6d03049ef3e5b4429fe9ae3a88f486ab7988f388d48316b9f0a031e0c,,1
198,86,23450287,0xf80000000f80000000f80000000f80000000f8007,7,0 28 49,65,39,3 4 15 16 27 28 39 40 52 63 64 75 76 87 88 99 100 112 123 124 135 136 147 148 159 160 172 183 184 195 196 207 208 219 220 232 243 244 255,0xdffa3f7764bc0ebc746ccf7128056b82c9a8f967eb7fc401924464834df1dfe9,,1
198,87,23450307,0xf80000000f80000000f80000000f80000000f8025,37,0 58 15,38,25,4 16 28 40 51 52 64 76 88 100 111 112 124 136 148 160 171 172 184 196 208 220 231 232 244,0x594875655132748606e51adad212cc9db082bcb9e40990cac1d6add466fc2a2b,,1
198,88,23450330,0xf80000000f80000000f80000000f80000000f8014,20,0 41 62,65,39,3 4 15 16 27 28 39 40 52 63 64 75 76 87 88 99 100 112 123 124 135 136 147 148 159 160 172 183 184 195 196 207 208 219 220 232 243 244 255,0x83923455f2b94d84d98f30dd6a05e3e5e34369635376b8f2fc4e6242ffd47e63,,1
198,89,23450390,0xf80000000f80000000f80000000f80000000f800b,11,0 32 53,49,33,4 16 28 29 40 41 51 52 64 76 88 89 100 101 111 112 124 136 148 149 160 161 171 172 184 196 208 209 220 221 231 232 244,0xc63a8e278ae278c5965b815a57fdf5c050c208efc0f0c12f13e63ec79671b1c5,,1
198,90,23450410,0xf80000000f80000000f80000000f80000000f8034,52,0 9 30,85,52,3 4 5 15 16 17 27 28 39 40 52 53 63 64 65 75 76 77 87 88 99 100 112 113 123 124 125 135 136 137 147 148 159 160 172 173 183 184 185 195 196 197 207 208 219 220 232 233 243 244 245 255,0xe3bad9d47e5a3e13545143785d735c209ecfad4ba1287258b028bdb1958262e6,,1
198,91,23450434,0xf80000000f80000000f80000000f80000000f8010,16,0 37 58,38,25,4 16 28 40 51 52 64 76 88 100 111 112 124 136 148 160 171 172 184 196 208 220 231 232 244,0x8d050738adbabef0fcd2581af9f0c9d8bd5e65a91aab8fcf0af7bcd88dabe80d,,1
198,92,23450468,0xf80000000f80000000f80000000f80000000f800d,13,0 34 55,65,39,3 4 15 16 27 28 39 40 52 63 64 75 76 87 88 99 100 112 123 124 135 136 147 148 159 160 172 183 184 195 196 207 208 219 220 232 243 244 255,0xade1a35123cc4d5b15583d875854c25b9719bbaec5e434dfdbd27d02fdb26b0c,,1
199,1,22872840,0xfe0000000000000000000000000000000001f,31,0 52 9,6,4,46 106 166 226,0xa5a87e0db65c0410c953e12bec1455b0db1d979cf41ccd86f101f7f1eeeb4596,,1
199,2,22874518,0x1fc0000000000000000024,36,0 57 14,8,4,25 85 145 205,0x9bd85edcb29cdfd401e75fc9b4afde5a904af6894ac26af95ed5d8f8819f9f75,,1
199,3,22944345,0x1fe00000000000000000000000000000000025,37,0 58 15,15,12,45 46 47 105 106 107 165 166 167 225 226 227,0xf19f82a427e3f94c465dd288b8181f667b305a591181f4c2ff71790a4658c10b,,1
199,4,23047361,0x1fe0000000000000000000000000000000000000000003a,58,0 15 36,16,8,58 59 118 119 178 179 238 239,0xd78242ba52e2cb0c079fb0d17d82730631a93c6e11853aba280c6aaee8aba86d,,1
199,5,23050174,0x3e0000000000000000000000000000000000000000002e,46,0 3 24,13,8,57 58 117 118 177 178 237 238,0x934b5f757bf1382384cedf4caf2f710074946e235d2074f8d26f04d9e25654db,,1
199,6,23302153,0x1f000008,8,0 29 50,18,10,0 7 60 67 120 127 180 187 240 247,0xf47193f2422f323510c3c8741c363dd599dc84be96958331d13e401a7930ff49,,1
199,7,23363957,0x3e00000000000000000000000000000000006,6,0 27 48,6,4,46 106 166 226,0x7603218a5607443e2f4c8746a2c23822f8751c7b1a96049231851ec42f49d5e3,,1
199,8,23528254,0xf803d,61,0 18 39,9,5,4 64 124 184 244,0x337a8bc139e0b9b65d3cb46603d65f57a46cddc1f740e1a893eef915b08e1117,,1
199,9,23529444,0xf80000000f80000000f80000000f80000000f8012,18,0 39 60,52,30,3 4 16 27 28 40 52 63 64 76 87 88 100 112 123 124 136 147 148 160 172 183 184 196 207 208 220 232 243 244,0x8f79da7c3726100fd9396b9e7f5e568055c98fde328549e3136d55a9a0e1c114,,1
199,10,24311421,0x7c3e1f0f87c0000000027,39,0 60 17,51,30,13 15 16 19 22 24 25 73 75 76 79 82 84 85 133 135 136 139 142 144 145 193 195 196 199 202 204 205 253 255,0x90a724c4dee2986bec08bee0c3139dc4d6183051c8dfa45e096f9cfcc5dfc72a,,1
199,11,24924550,0x7c3e00000003e1f0f8033,51,0 8 29,59,32,4 6 7 10 21 22 25 64 66 67 70 81 82 85 124 126 127 130 141 142 145 184 186 187 190 201 202 205 244 246 247 250,0x5ff8a6ff64bf56967e956d82f8fe41c0d31df1b04b187afafa69187659e9ccbd,,1
200,1,22872815,0xfe00000000000000000000000000000000000000000003,3,0 24 45,8,4,58 118 178 238,0xe5936971863e4f8d753637425b951521b27b3975e6b33c05d373260d658f7658,,1
201,1,22872989,0x7f8000000000000000000007,7,0 28 49,10,8,28 29 88 89 148 149 208 209,0x1959f78985d16863dd9b094592e53482f3087b9ec3af2ee23c3be1e50d2020c7,,1
201,2,22875162,0x3fc000000000000000000000000002e,46,0 3 24,9,8,37 38 97 98 157 158 217 218,0xe5a5db1a0b99050595a66725bbe721137fd9051a9151c1ac2a4e073db64a9683,,1
201,3,23040434,0x3e00000000000000000000000001,1,0 22 43,6,4,34 94 154 214,0x7ea641ff757e90c64b9e83ffe937a9df925440f350bf7f1f398c2a790711f8a6,,1
201,4,23209295,0xf8000000000000000000000000000000000000001,1,0 22 43,7,4,52 112 172 232,0xaa818c3437aa0b2116ffb5043732e87056e531c73bd5be09ba921c6bf4c57f29,,1
201,5,23449714,0xf8007,7,0 28 49,9,5,4 64 124 184 244,0xc089ccc392498487070423590c8e5553978f56044a5069eac156b3ddf4f17ba1,,1
201,6,23450206,0xf80000000f80000000f80000000f80000000f8035,53,0 10 31,60,38,3 4 16 27 28 39 40 51 52 63 64 76 87 88 99 100 111 112 123 124 136 147 148 159 160 171 172 183 184 196 207 208 219 220 231 232 243 244,0x467b14d8bb8c514b43b10d99ba9011e7065ca831543e335d5dcc0a7983ca9ac2,,1
202,1,22873598,0x3fc0000000000000000033,51,0 8 29,14,8,25 26 85 86 145 146 205 206,0x0efa612ead503b3f1c4aff83462e52356ccefb2923c117876aef1174d2e4f5a9,,1
202,2,22874382,0x1fe00000000000000000000000039,57,0 14 35,12,8,34 35 94 95 154 155 214 215,0x3a086e0e5ab14d7417ad7e523a82b433c34dd58681574a6d88ec6535ecaf663c,,1
202,3,23134227,0xf801c,28,0 49 6,9,5,4 64 124 184 244,0x6bdeacd20d5bb81a4063719e19fa2eae86da5e196694b2f2b1dabeb403c53bd3,,1
202,4,23365287,0xf8037,55,0 12 33,19,10,3 4 63 64 123 124 183 184 243 244,0x26432ebd40c4408e31af56c0ab7b1931b72b3728a42add1f9db883b361261de8,,1
202,5,23365495,0x3e0000000000000000000000000d,13,0 34 55,14,8,33 34 93 94 153 154 213 214,0xa853b5660fcb88c02a8d91fed873113d8ab8f79207812319fa9a99cf20dc31f4,,1
202,6,23366932,0x3e00000000000000011,17,0 38 59,18,9,0 22 60 82 120 142 180 202 240,0xa6501e277c8d039448e3b747dc9c0d10206bb2ac2642dc5b650f99d4fc1117ec,,1
202,7,23366969,0xf8006,6,0 27 48,9,5,4 64 124 184 244,0x3cd32aef6867e90823091543ec53c23802a210c7d1190d7e9573a675afbeb9f9,,1
202,8,23367117,0x3e00000000000000025,37,0 58 15,16,8,21 22 81 82 141 142 201 202,0x22ece25b7a87efbc5256c4db17c3dbfd2a515d648904904e59aba7ac5daeb477,,1
202,9,23367145,0x3e0000000000000000000000002d,45,0 2 23,6,4,34 94 154 214,0x7cd8286c5bfa82cf77749ce6a7a8cb22674383702abfe59239bf972ff504c071,,1
202,10,23367231,0x7c0000000000000000038,56,0 13 34,16,8,24 25 84 85 144 145 204 205,0x005268c45d5e7c37bd192f61968139b361c31adf9c8ceb425b1b09f101c59bdc,,1
202,11,23367278,0x7c0000000000000000035,53,0 10 31,8,4,25 85 145 205,0xe97e3487195e15937af106f8c0bc53d50d5a0434ea0a942243a0ad2a9344b6e8,,1
202,12,23367356,0x7c000000000000000003b,59,0 16 37,26,13,0 24 25 60 84 85 120 144 145 180 204 205 240,0x32b0e77912e4f10ecdb8aa5381308e68cc002cc9e9f2ffd20fa2b34d2ca62ffb,,1
202,13,23367394,0x7c000000000000000000b,11,0 32 53,8,4,25 85 145 205,0x746c40d578a27aa225f87c36e897e4ff376d5be960132699b6f296040366bb80,,1
202,14,23367433,0x7c0000000000000000033,51,0 8 29,16,8,24 25 84 85 144 145 204 205,0x0810583525a8618230d3f511aa5dd88bd098b6ea8f83818152fe07bf7f7da8ed,,1
202,15,23368351,0x7c0000000000000000029,41,0 62 19,8,4,25 85 145 205,0x372e28c022fdc4e315b1066736aca1b07f5dd17755d892336f5168fbdebc8d88,,1
202,16,23368425,0x7c0000000000000000025,37,0 58 15,22,12,24 25 26 84 85 86 144 145 146 204 205 206,0x2b881a875cd476fec30401cecfe6295a600c78850b7d8e2a909c0e005657582b,,1
202,17,23368481,0x7c000000000000000000d,13,0 34 55,8,4,25 85 145 205,0x80312bd20af1d80b8cf6261789faf831a8bfc4420dd61750bfa0e2d1203eebb5,,1
202,18,23368536,0x7c0000000000000000025,37,0 58 15,16,8,24 25 84 85 144 145 204 205,0x82bcc8f0d4354f293fc739a5df9d0ee0491f9ae775950dda1795845453a82268,,1
202,19,23368591,0x7c0000000000000000023,35,0 56 13,18,9,0 25 60 85 120 145 180 205 240,0x69d3872f483f1f714e416d27a4098c011bd24a7b2e80e4f7f18acac7c4c3ed34,,1
202,20,23368647,0x7c000000000000000000e,14,0 35 56,16,8,24 25 84 85 144 145 204 205,0xe7fd870cc6085f40994fa53e34fbc29a732c32020abe3b8c2a7f6d5185202f57,,1
202,21,23368702,0x7c0000000000000000018,24,0 45 2,8,4,25 85 145 205,0x71c84b1a6e9ac19382f1f726870f626282900b67c8c5aa755f67d6dbd0603a46,,1
202,22,23368758,0x7c0000000000000000000,0,0 21 42,16,8,24 25 84 85 144 145 204 205,0x617b5a061adc042a07fb62ef8da372c452c07e46405f51f6a992d4f67506296a,,1
202,23,23368813,0x7c0000000000000000000,0,0 21 42,14,8,25 26 85 86 145 146 205 206,0x73cae12b721ac9e78b89d694b1a2a22e4ed37eec677dc6bd3223c701bbc46cba,,1
202,24,23368868,0x7c000000000000000001b,27,0 48 5,18,9,24 25 84 85 144 145 204 205 571,0x86bbe8b7b5b6a25737be54b20b2bd96ab4a2d7c2e6a9b60aa9e86f79114dec6d,571,1
202,25,23368924,0x7c000000000000000002d,45,0 2 23,8,4,25 85 145 205,0x2f0922ff3edb9a05c574f4dd234039376024ba5157ac09bca9b4b3e75b151e3d,,1
202,26,23368979,0x7c000000000000000001f,31,0 52 9,16,8,24 25 84 85 144 145 204 205,0xddab793a319482c2bcd06f46a0cc24659018d205b489835ed2a6ffc67c2ea98a,,1
202,27,23369035,0x7c000000000000000003d,61,0 18 39,8,4,25 85 145 205,0xbeb57190fadcf2fce87759e1f26b22d318627825a6b687feb47192aa0a5b141e,,1
202,28,23369090,0x7c0000000000000000037,55,0 12 33,26,13,0 24 25 60 84 85 120 144 145 180 204 205 240,0xc807ccb4679ca5caca81b830f96d1264e282120c58b15a880590f46f24e6ee54,,1
202,29,23369146,0x7c0000000000000000025,37,0 58 15,8,4,25 85 145 205,0x2155db10b0a4d2433e1b8efe52c4ea4e48952d40f026031a69aaf24bb6ddfae4,,1
202,30,23369201,0x7c0000000000000000038,56,0 13 34,22,12,24 25 26 84 85 86 144 145 146 204 205 206,0x21957be2c5d9b171c499020a57860fd2e00ff13b82f9bdd5dde9c7c94adefc46,,1
202,31,23369257,0x7c0000000000000000025,37,0 58 15,8,4,25 85 145 205,0xec7bcfb7e594fc41a97b4a530eeb5a3cfb489be0cca283668636e2ecc0a38df1,,1
202,32,23369312,0x7c000000000000000002e,46,0 3 24,16,8,24 25 84 85 144 145 204 205,0x9b98227a23872f9c28aba310d803e95dfc0a2591d8aec2357f378dcf7fcbbf69,,1
202,33,23369368,0x7c000000000000000002f,47,0 4 25,18,9,0 25 60 85 120 145 180 205 240,0xf871b0788c159129c2babaa82ea72097d5cf48460023fdf718fd9e28ddd7e73e,,1
202,34,23369423,0x7c0000000000000000029,41,0 62 19,16,8,24 25 84 85 144 145 204 205,0xe4a288f7e5620a93d04c218b79535091e6b29520aea247fde3a14e7fdd44fbb6,,1
202,35,23369478,0x7c0000000000000000032,50,0 7 28,8,4,25 85 145 205,0x9234912a55f42cb015f17fbfb70f84e8aca7ed0521df04fac640b930c890e0e5,,1
202,36,23369534,0x7c0000000000000000005,5,0 26 47,16,8,24 25 84 85 144 145 204 205,0x8ff24dbcf2a9a13cff5022ef4711283fafe88c457b2fce86821ff4faade50318,,1
202,37,23369590,0x7c0000000000000000023,35,0 56 13,14,8,25 26 85 86 145 146 205 206,0x6019971d0efdc789a84e55f4fffc91f4fefc5484d6a93fda42199f9acc2996e8,,1
202,38,23369644,0x7c000000000000000000b,11,0 32 53,16,8,24 25 84 85 144 145 204 205,0x7a191aad6a2ec07ebf24b6a0e52f6d22bb2a3cd22e1dc5ddd9a42b7085c29f4c,,1
202,39,23369700,0x7c000000000000000003b,59,0 16 37,8,4,25 85 145 205,0xd9929780387582b67d69b3145edd3b84111ecf818ee38c12d387fed417b8eeb5,,1
202,40,23369756,0x7c000000000000000003c,60,0 17 38,28,14,0 24 25 60 84 85 120 144 145 180 204 205 240 571,0x1aaae60a6ef415c1185d64e8129551ad99a36fd2cb460830742fc1d1be4fea51,571,1
202,41,23369811,0x7c0000000000000000016,22,0 43 0,8,4,25 85 145 205,0x3888e4be569af82b0c947cd4e35717be2ef1d192835426495f7c9ba523669db9,,1
202,42,23369867,0x7c0000000000000000038,56,0 13 34,16,8,24 25 84 85 144 145 204 205,0x056df94f1e3670fc03a219fee950b565bdb7af0031c7b2dbc9a86548b2680337,,1
202,43,23386039,0xf800e,14,0 35 56,19,10,3 4 63 64 123 124 183 184 243 244,0xa599e568fe1931c670f88c77dcbdc4a97c58dce9a173d3b385cdc444042af3f1,,1
202,44,23416070,0xf8003e000f80000000f80000000f800000000002f,47,0 4 25,39,24,16 27 28 40 46 52 76 87 88 100 106 112 136 147 148 160 166 172 196 207 208 220 226 232,0x5b34b4781ec7c23ee5b4f21b35f276120fc33b9ddf8de2a852b514fe0e664793,,1
202,45,23427414,0xf8003e000f80000000f80000000000000000f8000,0,0 21 42,47,33,4 28 39 40 45 46 51 52 64 88 99 100 105 106 111 112 124 148 159 160 165 166 171 172 184 208 219 220 225 226 231 232 244,0x856ad7acbfc1156102795e7ec77cbb7f31621849cbc0e4ef4e1cf1eb114d554b,,1
202,46,23427654,0xf87c00000f80000000f80000000000000000f8037,55,0 12 33,52,30,3 4 27 28 40 49 52 63 64 87 88 100 109 112 123 124 147 148 160 169 172 183 184 207 208 220 229 232 243 244,0x7d98999dbcce00c94c2f49bc710153fe470d4230359eefec0e00ffcf6976d827,,1
202,47,23429442,0xf80000000f87c00000f80000000000000000f8012,18,0 39 60,50,33,4 28 36 37 39 40 51 52 64 88 96 97 99 100 111 112 124 148 156 157 159 160 171 172 184 208 216 217 219 220 231 232 244,0xad80538f246785259cb787c090af4edf64b0641c7734fe3f34dbefe8df19f602,,1
202,48,23429505,0xf8003e000f80000000f80000000000000000f8005,5,0 26 47,52,30,3 4 27 28 40 46 52 63 64 87 88 100 106 112 123 124 147 148 160 166 172 183 184 207 208 220 226 232 243 244,0x99614955bc8e206a0c9ea53cb20745f5a30ef0ff4355d5e9268c91c83f5fceea,,1
202,49,23429581,0xf800001f0f80000000f80000000000000000f8008,8,0 29 50,70,43,0 4 5 28 39 40 42 43 51 52 60 64 65 88 99 100 102 103 111 112 120 124 125 148 159 160 162 163 171 172 180 184 185 208 219 220 222 223 231 232 240 244 245,0x014fea2954d1ace2061a7c2da9f7006db5e945a1eb42738d0f7cc6f2bc940a59,,1
202,50,23429673,0x1f0f80000000f80000000f80000000f8005,5,0 26 47,71,43,3 4 15 16 27 28 29 40 41 43 63 64 75 76 87 88 89 100 101 103 123 124 135 136 147 148 149 160 161 163 183 184 195 196 207 208 209 220 221 223 243 244 255,0xb50e753a0c17e1e40faa37b2d09b41f9499b553d89b8e1b1775c92357a018082,,1
202,51,23444161,0xf80000000000000000f8003e000f80000000f8018,24,0 45 2,35,21,4 16 22 28 52 64 76 82 88 112 124 136 142 148 172 184 196 202 208 232 244,0x7c9a8f4845275beef035f44c4d2511bd18721d2a777d8c83e5e4ccc61880138b,,1
202,52,23444798,0xf80000001f00000000f80000000000000000f8039,57,0 14 35,59,38,3 4 27 28 39 40 51 52 53 63 64 87 88 99 100 111 112 113 123 124 147 148 159 160 171 172 173 183 184 207 208 219 220 231 232 233 243 244,0xe16e20d760535cd3d3ebdf3a0336151b2c5a5c717e38a2465c6e86ba50b17594,,1
202,53,23449760,0xf80000001f00000000f80000000f8000000000029,41,0 62 19,34,21,15 16 28 40 52 75 76 88 100 112 135 136 148 160 172 195 196 208 220 232 255,0x79e9304e2a6463606553f01d8dbdd39087059145db924553c3eb791195ba0f74,,1
202,54,23449813,0xf80000000f80000001f00000000f8000000000015,21,0 42 63,41,28,16 27 28 39 40 51 52 76 87 88 99 100 111 112 136 147 148 159 160 171 172 196 207 208 219 220 231 232,0x8cb50a779a9f8938b8389fe0fc202dc568b62060e8b76db1bb024fad66fc708e,,1
202,55,23449879,0x1f00000000f80000000f80000000000000000f8004,4,0 25 46,29,17,4 28 40 52 64 88 100 112 124 148 160 172 184 208 220 232 244,0xf19a77b388cf5716e1d4db7186342b425face22fd1e88b5cd4b730cf15f65465,,1
202,56,23449946,0xf8003e000f80000000f80000000000000000f8025,37,0 58 15,75,50,3 4 27 28 29 39 40 41 45 46 51 52 63 64 87 88 89 99 100 101 105 106 111 112 123 124 147 148 149 159 160 161 165 166 171 172 183 184 207 208 209 219 220 221 225 226 231 232 243 244,0x7f721355f2df0aecab68e5bc291dd8a02f2b03e66ae0fbc6ae57eadea1f877fb,,1
202,57,23449972,0x1f00000000000000000f80000000f80000000f8035,53,0 10 31,50,31,0 4 15 16 28 52 53 60 64 75 76 88 112 113 120 124 135 136 148 172 173 180 184 195 196 208 232 233 240 244 255,0x2203b972d14dcd6f48ce48b071c455d502042d3ea2d119f7ace1a3f82ec9652e,,1
202,58,23450030,0x1f00000000000000000f80000000f80000000f801f,31,0 52 9,47,30,3 4 16 27 28 51 52 63 64 76 87 88 111 112 123 124 136 147 148 171 172 183 184 196 207 208 231 232 243 244,0x2b25a97f685639bdc39524bafd9307a4150e3acfd90ff2276e231f9b363e9d0f,,1
202,59,24878830,0x7c3e00000003e1f0f8006,6,0 27 48,69,37,4 5 6 7 10 21 22 25 64 65 66 67 70 81 82 85 124 125 126 127 130 141 142 145 184 185 186 187 190 201 202 205 244 245 246 247 250,0x98d249a5cea4b14d4ba39c575df8402dced180693798d5881361f087e671124e,,1
203,1,22873827,0x3f800000000000000000000000000000000000000d,13,0 34 55,7,4,52 112 172 232,0x3e540c36529b49c8f33956e57fbd584efc241fc8d660ee2bcc52abb7ac15e27f,,1
203,2,23042824,0x1fc0000000000000000024,36,0 57 14,8,4,25 85 145 205,0x864e78efb9a93e7448d2644fd9abc7ef17ee00f9f7e4b6bdbd69d9881e44e5f7,,1
204,1,22874111,0x7f00000000000000000000000000000000e,14,0 35 56,7,4,43 103 163 223,0x3884353d7a1915c9b5e7b22b677334e24fe727af245badf20233b8619d812730,,1
204,2,23042911,0x3f8000000000000000000000000000016,22,0 43 0,8,4,40 100 160 220,0xe090c5f0dac09eef81c60a19a6f9b832301c96fa6bcf3db284cbae6f838fc1fa,,1
205,1,22874270,0xfe00000000000000030,48,0 5 26,8,4,22 82 142 202,0x807283ff580d9885a09dcb08febde77829dc69491a719fcc27fce2b858ca9e57,,1
205,2,23042972,0x3f8000000000000000000000000000000000000033,51,0 8 29,7,4,52 112 172 232,0xc582eb8ba3bd9f25a3c6d4c56e5d3e9fd1ee28d65c716d6c3e3121b6f0bc777a,,1
205,3,24747169,0x7c3e1f00000001f0f8039,57,0 14 35,54,30,4 7 19 21 22 24 25 64 67 79 81 82 84 85 124 127 139 141 142 144 145 184 187 199 201 202 204 205 244 247,0xcb9073c78de2ce7fa827073ee309da32eb62121637147e9c2344540c0327af22,,1
205,4,24928682,0x7c3e00000003e1f0f8034,52,0 9 30,61,33,3 4 6 7 10 22 25 63 64 66 67 70 82 85 123 124 126 127 130 142 145 183 184 186 187 190 202 205 243 244 246 247 250,0x11af37f3939ab3adc9d70c559bdd1c902003dccea9b1542a0dbacf0b7a74d884,,1
206,1,23160154,0xf8000,0,0 21 42,9,5,4 64 124 184 244,0x86cb1222ca6c04722620590035967a25a365f3964da6b842230c76e624737ff8,,1
207,1,22876899,0x3f8020,32,0 53 10,9,5,4 64 124 184 244,0x39ba80e1866ffc1d09de2e597461e3e9deef25f301dfaeff660571953e4a380e,,1
207,2,22877423,0x3f800000000000000000001a,26,0 47 4,5,4,28 88 148 208,0xad59141372bd9b862f8a41e68d73c0feb723aa083ebc36044423ac646354e0c5,,1
207,3,22964679,0x7f8039,57,0 14 35,29,15,3 4 5 63 64 65 123 124 125 183 184 185 243 244 245,0x144d8fb1dd4cd6b4e9d7ce0d59be5ac1becc72cb01a0e9abe828dd0e569ef49c,,1
207,4,22965897,0x3fc0000000000000000000000000011,17,0 38 59,9,8,37 38 97 98 157 158 217 218,0x8418adbacf7fb93123d9d316f11bcadbe230bccecfbfe437e835b8aa9839f7f2,,1
207,5,22968034,0xfe0000000000000000000000000000000001b,27,0 48 5,6,4,46 106 166 226,0x7b5e3bfafc6f1954459e16bb6104ed6bcea8b55e346c502a37662f3284e6f50c,,1
207,6,23118150,0x1fe00000000000000000000000000000000007,7,0 28 49,15,12,45 46 47 105 106 107 165 166 167 225 226 227,0x30d259c85179aecdcef5c6b5f41e41d20b22ffb324fc0063f0886b234a33893a,,1
207,7,23326099,0x7f803e,62,0 19 40,29,15,0 4 5 60 64 65 120 124 125 180 184 185 240 244 245,0xf16e96443318dfdaf7f1a0772614cd44f942a834c60487ff176799fdd2f88c52,,1
207,8,24978339,0x7c3e00000003e1f0f8035,53,0 10 31,61,33,3 4 6 7 10 22 25 63 64 66 67 70 82 85 123 124 126 127 130 142 145 183 184 186 187 190 202 205 243 244 246 247 250,0x740b201bbce1a67bf55a57d04063d62ece0c753250f1118ce61c573b8dc9291e,,1
208,1,22877205,0x1f000006,6,0 27 48,8,5,7 67 127 187 247,0x8318f8a23c511f1c13c1425742f91eae99da672ef6027c03788b656298400c1f,,1
208,2,22877640,0xfe0000002a,42,0 63 20,10,5,10 70 130 190 250,0x8319fdbb6d8f77d1b6413865b211a6717f11bbbeccaa72680defda40ea74014b,,1
208,3,22963036,0x3f800000000000f,15,0 36 57,6,4,16 76 136 196,0x2082c91e6c3d0445bba05d398bdd1a6ef59dbe6446f3712f0585bfc94a2dcdcf,,1
208,4,23128865,0x7f000000000000000000000023,35,0 56 13,5,4,31 91 151 211,0xc748b7917d4f97f113ad232a597f8978897a08619a29edc5c66fd487673f5087,,1
208,5,23231757,0x3e0000000000000000000000000000000000000000002e,46,0 3 24,8,4,58 118 178 238,0xbc09432ab7f8b8adc3fadc3e8b1d790d92a184902136c2332ff91a52ddd5a0e5,,1
208,6,23400639,0xf80000000f80000000f80000000f80000000f8035,53,0 10 31,43,26,4 15 16 28 40 52 64 75 76 88 100 112 124 135 136 148 160 172 184 195 196 208 220 232 244 255,0x9b9a9c19191524f728145443cda8bba017102ab261eaa1bf12560b2dfd362890,,1
208,7,23543349,0xf80000000f80000000f80000000f80000000f803b,59,0 16 37,70,43,0 3 4 16 27 28 39 40 51 52 60 63 64 76 87 88 99 100 111 112 120 123 124 136 147 148 159 160 171 172 180 183 184 196 207 208 219 220 231 232 240 243 244,0x725511bbf72979816c856ef575e96f1d199e1f1fdf0a81baee6e1332359e6b61,,1
208,8,23892909,0x1f0000000000f80000000000000000f87c00000f801b,27,0 48 5,60,36,4 12 13 15 16 17 40 55 64 72 73 75 76 77 100 115 124 132 133 135 136 137 160 175 184 192 193 195 196 197 220 235 244 252 253 255,0x8141e67feb1397565930eabecf0b2c633fc91978480a2b5d876e20e3b0efc0a2,,1
208,9,24014415,0x1fcb,11,0 32 53,18,10,0 1 60 61 120 121 180 181 240 241,0x23dd3f2d973ea923693109b63cf8d0f6fdeaba2ecd874461bb19960cf8fa4ee8,,1
208,10,24480486,0x1fc5,5,0 26 47,27,15,1 2 3 61 62 63 121 122 123 181 182 183 241 242 243,0x9e24ec42980c909e897988c2c61f0082b00e7418d1f9847bf65ca7e21ca2f453,,1
208,11,24740737,0x7c3e1f00000001f0f8026,38,0 59 16,63,36,0 4 6 7 18 19 22 25 60 64 66 67 78 79 82 85 120 124 126 127 138 139 142 145 180 184 186 187 198 199 202 205 240 244 246 247,0x97010ca47180a9ed11d39f3a43c955a03a1de24e1bc3106c3a1d670738b32018,,1
208,12,24742172,0x7c3e1f00000001f0f8023,35,0 56 13,64,35,3 4 7 19 21 22 24 25 63 64 67 79 81 82 84 85 123 124 127 139 141 142 144 145 183 184 187 199 201 202 204 205 243 244 247,0x3c92e213970aa9e53322ef499501338ea3a9e417f926966de949d9970498388c,,1
208,13,24742199,0x7c3e1f00000001f0f8015,21,0 42 63,53,31,4 6 7 18 19 22 25 64 66 67 78 79 82 85 124 126 127 138 139 142 145 184 186 187 198 199 202 205 244 246 247,0xcd568f252d64d7fe2f37561625ad2ebcb32889c0ab5d745ffb1fa01badfa9f32,,1
208,14,24764335,0x1fe7,39,0 60 17,18,10,0 1 60 61 120 121 180 181 240 241,0x78e8d4888c6b2fbfa515d4e47886094e13a6fc44b7749be3f576beeffcd607de,,1
208,15,24866507,0x7c3e00000003e1f0f8019,25,0 46 3,78,41,3 4 7 9 10 21 22 24 25 63 64 67 69 70 81 82 84 85 123 124 127 129 130 141 142 144 145 183 184 187 189 190 201 202 204 205 243 244 247 249 250,0x0b4811c56372693f6ed3b264439b7a52b34117d1870af2d43e0470968db39804,,1
208,16,24916279,0x7c3e00000003e1f0f8016,22,0 43 0,61,33,4 5 6 7 10 22 25 64 65 66 67 70 82 85 124 125 126 127 130 142 145 184 185 186 187 190 202 205 244 245 246 247 250,0x174e718162052f91e66c45d2fbde165b320c51e51157c8d3ddcb7c255532cd5e,,1
209,1,22989567,0x3e0000000000000000000000000000000000000000001a,26,0 47 4,8,4,58 118 178 238,0xaf05ac1ce4056b5302d5e0b9afc20b41ca46adb782a1acc393af9c768bc310ea,,1
209,2,23208607,0xf800000000000000000000000000000000000002c,44,0 1 22,7,4,52 112 172 232,0x9a413b55e900dc796f2a9447b622151854a89fecf7dd5464f7c9272e49041fe2,,1
209,3,23368091,0xf801c,28,0 49 6,9,5,4 64 124 184 244,0x8f32a9412abccba7a3e4db800749f8a02e6f651f167b83a717a117da3b912f10,,1
209,4,23449193,0xf8037,55,0 12 33,19,10,3 4 63 64 123 124 183 184 243 244,0xb08a48b894db8d9cc5ac4f9cfda7e4a75ab7a874db41962d583222f267c03225,,1
210,1,23134237,0xf8000,0,0 21 42,9,5,4 64 124 184 244,0x75d24ebcdf5e95a5dae6cb424a0865c25f593b2cc23b44e8c7e4115d71a8205a,,1
210,2,23136998,0xf8007,7,0 28 49,19,10,3 4 63 64 123 124 183 184 243 244,0xec3af8fc75e43823be4268213fbf562f341621a93aacd5507723d8ef0b063b21,,1
210,3,23365303,0xf801c,28,0 49 6,9,5,4 64 124 184 244,0xb8094c324b35cc54ab6299c844d3b9490265a02ca4a9831fd8c4b9ab444b708e,,1
210,4,23386044,0xf8037,55,0 12 33,19,10,3 4 63 64 123 124 183 184 243 244,0x7e0c8957aba4423519e06ab3b7638523fe2030457a4b039927c95e5981e46d2c,,1
210,5,23422675,0xf80000000f80000000f80000000f80000000f803b,59,0 16 37,35,21,4 16 28 40 52 64 76 88 100 112 124 136 148 160 172 184 196 208 220 232 244,0x5c0e037a20fa4505ea09d6ebc607634e55b1ba91c2a401e1a551b81dbe62a4ac,,1
210,6,23427446,0xf87c00000f80000000f80000000f8003,3,0 24 45,63,39,3 4 15 16 27 28 37 39 40 63 64 75 76 87 88 97 99 100 123 124 135 136 147 148 157 159 160 183 184 195 196 207 208 217 219 220 243 244 255,0x9302256389efe8fc91624ba11310f092696530f44350c64b086cc0e304b2e49e,,1
210,7,23427692,0xf80000001f00000000000000000f80000000f8028,40,0 61 18,43,26,4 5 16 40 51 52 64 65 76 100 111 112 124 125 136 160 171 172 184 185 196 220 231 232 244 245,0x1b917efd390fe0b50a131ad3c18d9bffdd608816b8f5c9ac97e3ecaa5203c6fb,,1
210,8,23429472,0xf80000000f800001f0f80000000000000000f8010,16,0 37 58,49,30,3 4 28 31 39 40 52 63 64 88 91 99 100 112 123 124 148 151 159 160 172 183 184 208 211 219 220 232 243 244,0xa72fb014b7b0caa17377ff433c410796e910a89e988b372c1f01f7b40730d072,,1
210,9,23429547,0xf80000000000000001f00000000f80000000f802b,43,0 0 21,55,35,0 4 15 16 27 28 51 52 60 64 75 76 87 88 111 112 120 124 135 136 147 148 171 172 180 184 195 196 207 208 231 232 240 244 255,0x8b515758641cd836edea4489de3210e85d17499029e8526ddc96f84e013e1c69,,1
210,10,23429635,0x1f00000000000000000f80000000f80000000f8013,19,0 40 61,37,22,3 4 16 28 52 63 64 76 88 112 123 124 136 148 172 183 184 196 208 232 243 244,0x5366efb8379f47c92ee4a1c45ebd4e1e98bbc6abc39c8501cd312ed63f0c85a2,,1
210,11,23429700,0x1f0f80000000000000000f80000000f80000000f801a,26,0 47 4,67,46,4 15 16 27 28 29 51 52 53 54 55 64 75 76 87 88 89 111 112 113 114 115 124 135 136 147 148 149 171 172 173 174 175 184 195 196 207 208 209 231 232 233 234 235 244 255,0xfe6d354eb16d7fa05505edf83e2134a4eed0fb141b9df2d87481474885353512,,1
210,12,23444189,0xf87c00000000000000f80000000f80000000f801a,26,0 47 4,43,26,3 4 16 28 49 52 63 64 76 88 109 112 123 124 136 148 169 172 183 184 196 208 229 232 243 244,0x29693f94377171c23205011e59d35f35033d619c3cb4efc0121b27195bdfd19c,,1
210,13,23444819,0xf80000000000000001f00000000f80000000f8023,35,0 56 13,50,34,4 15 16 17 27 28 51 52 64 75 76 77 87 88 111 112 124 135 136 137 147 148 171 172 184 195 196 197 207 208 231 232 244 255,0x02180e9d1c17ab46465d088c1eff71cc9ede47d2110a10ed11366973d8ad4281,,1
210,14,23449786,0xf87c000000000001f0000000000f80000000f8034,52,0 9 30,64,39,3 4 5 16 30 31 48 49 52 63 64 65 76 90 91 108 109 112 123 124 125 136 150 151 168 169 172 183 184 185 196 210 211 228 229 232 243 244 245,0x0de426dd6d031870ebb09176289ac19c0831cb2b535aafd300283ae7d816ec93,,1
210,15,23449843,0x7c00000f80000000f80000000f80000000f8010,16,0 37 58,42,26,4 15 16 28 40 49 64 75 76 88 100 109 124 135 136 148 160 169 184 195 196 208 220 229 244 255,0x1d5ec60f982d29de60de31b6b1d1615c867dd1beab2a02bce15e092c0342ccc1,,1
210,16,23449909,0xf80000000f80000000f8003e000f8033,51,0 8 29,70,40,0 3 4 10 16 27 28 39 40 60 63 64 70 76 87 88 99 100 120 123 124 130 136 147 148 159 160 180 183 184 190 196 207 208 219 220 240 243 244 250,0x592d95fc3f1005b0b0131c7370f4e2c1c24d682084b7c6e326adeed3a9d9bd13,,1
210,17,23449997,0xf80000000000000000f800001f0f80000000f8029,41,0 62 19,50,34,4 15 16 18 19 28 51 52 64 75 76 78 79 88 111 112 124 135 136 138 139 148 171 172 184 195 196 198 199 208 231 232 244 255,0xbbdf6f599a00ec3cd165ae7fef6a97b916d4a92f67aa0528c014a4a5ce875f80,,1
210,18,24878865,0x7c3e00000003e1f0f803a,58,0 15 36,70,38,3 4 6 7 9 10 22 25 63 64 66 67 69 70 82 85 123 124 126 127 129 130 142 145 183 184 186 187 189 190 202 205 243 244 246 247 249 250,0xcc2b7e132dee4623649f7fc6ac84499909e5ea72f912731373df5e4e9068e60f,,1
211,1,22879979,0xfe00000000000000000000000000000000000000000003,3,0 24 45,8,4,58 118 178 238,0xe5936971863e4f8d753637425b951521b27b3975e6b33c05d373260d658f7658,,1
211,2,22885331,0x3f803c,60,0 17 38,9,5,4 64 124 184 244,0xf314352d39bb2582c7a71d1e7a351b1ee2b4b4c9b9e91d3d66fe7407f2f32890,,1
211,3,23043769,0xf801c,28,0 49 6,19,10,3 4 63 64 123 124 183 184 243 244,0xd5e327a8919e47571c0608fc19d77d76d5d2cded5a42ecd87e163d71472a3d5a,,1
211,4,23044337,0x1f000032,50,0 7 28,16,10,6 7 66 67 126 127 186 187 246 247,0xf7761a077316be6c3dd9ccff237742844949d9aa05aed4437d52c40fb5c376a8,,1
211,5,23112921,0xf8000000000000000000007,7,0 28 49,5,4,28 88 148 208,0xc5a6cbbe385b95b20fe0c4d2f325e0007f54a10b4eeb7bfe73de326e4c997d10,,1
211,6,23177366,0x1fc0000000000000000000000000024,36,0 57 14,5,4,37 97 157 217,0x752ee66f8f96dd317cc36f6104f8e1696533531653b21b3c5b97c76b63c7ccaa,,1
211,7,23226000,0x1fe00000014,20,0 41 62,19,10,10 11 70 71 130 131 190 191 250 251,0x335e30c8b03381f0f3c6deea33568d573fc5aa14d6c778c5df6d0a6307f46e43,,1
211,8,23226858,0x3fc0000000020,32,0 53 10,35,20,0 12 13 14 60 72 73 74 120 132 133 134 180 192 193 194 240 252 253 254,0x7f794a8cb24347d9d93cc35c898d4edb37a493694db62163ec705e469c3c7888,,1
211,9,23226885,0x1fe00000000000000000000000000000000030,48,0 5 26,11,8,46 47 106 107 166 167 226 227,0x3e3a6366f4d61d16ff37f71c9e94de38f99bba59f31501dbb4535b826c75f3a0,,1
211,10,23226913,0x7f8000000000000000000000000000000000000035,53,0 10 31,12,8,52 53 112 113 172 173 232 233,0xada2b1dd70f2bb146942355b0d7baf1aa96c95da59ff274ec3a5c0d3b89a35d1,,1
211,11,23452191,0xf80000000f80000000f80000000f80000000f8005,5,0 26 47,58,38,4 15 16 27 28 39 40 51 52 64 75 76 87 88 99 100 111 112 124 135 136 147 148 159 160 171 172 184 195 196 207 208 219 220 231 232 244 255,0x0889069b07fda897e53ce6d77636e2b478f2d4d21c2d7d95a9cca8825342d7d1,,1
211,12,23565445,0x1fdb,27,0 48 5,18,10,0 1 60 61 120 121 180 181 240 241,0x8da7b433940eef6e5792a3c6f4fb7922424451f028df4bdc5a014e10c4c8aa7c,,1
211,13,23669450,0xf80000000f80000000f80000000f80000000f801a,26,0 47 4,45,26,3 4 16 28 40 52 63 64 76 88 100 112 123 124 136 148 160 172 183 184 196 208 220 232 243 244,0x43a242f447278e48055ce86fd8a7c86fe8fedf6a82425f33828dfe1e8664612e,,1
211,14,23830026,0xf80000000f80000000f80000000f80000000f8027,39,0 60 17,68,43,4 5 15 16 27 28 39 40 51 52 64 65 75 76 87 88 99 100 111 112 124 125 135 136 147 148 159 160 171 172 184 185 195 196 207 208 219 220 231 232 244 245 255,0x0c723a6d20c834537821133df1a05beedd219edcce211f3c84f6ff70946a2915,,1
211,15,23899714,0xf80000000f80000000f80000000f80000000f8014,20,0 41 62,45,26,3 4 16 28 40 52 63 64 76 88 100 112 123 124 136 148 160 172 183 184 196 208 220 232 243 244,0x67d9edc1a3a755589435cd01a27afd66b6b2e6e5efbe0b9685ab0ca7b98dd63d,,1
211,16,23899937,0xf80000000f80000000f80000000f80000000f8012,18,0 39 60,58,38,4 15 16 27 28 39 40 51 52 64 75 76 87 88 99 100 111 112 124 135 136 147 148 159 160 171 172 184 195 196 207 208 219 220 231 232 244 255,0xf3863adbc407ec0e6f9b8d2db4d077f4b7270d049a8d31fcc1fb70f251c4a10d,,1
211,17,23899991,0xf80000000f80000000f80000000f80000000f8024,36,0 57 14,45,26,3 4 16 28 40 52 63 64 76 88 100 112 123 124 136 148 160 172 183 184 196 208 220 232 243 244,0x1605b515e429a9ac45b2e3d556bca933c33251e4e5d8b7fefc8cb227ee6134c3,,1
211,18,23900068,0xf80000000f80000000f80000000f80000000f801c,28,0 49 6,63,42,4 15 16 27 28 29 39 40 51 52 64 75 76 87 88 89 99 100 111 112 124 135 136 147 148 149 159 160 171 172 184 195 196 207 208 209 219 220 231 232 244 255,0x0a999101def7f2d362bf72127ad0a8da022c85189e87224e3bc63caef25aa2d8,,1
211,19,23900225,0xf80000000f80000000f80000000f80000000f803d,61,0 18 39,71,43,0 3 4 16 17 28 40 41 52 53 60 63 64 76 77 88 100 101 112 113 120 123 124 136 137 148 160 161 172 173 180 183 184 196 197 208 220 221 232 233 240 243 244,0xd51c52e1d40eebd48e0e2a315484d93007f0bc7b97250df3ea6a65fa80cea679,,1
211,20,24019550,0xf80000000f80000000f80000000f80000000f802d,45,0 2 23,58,38,4 15 16 27 28 39 40 51 52 64 75 76 87 88 99 100 111 112 124 135 136 147 148 159 160 171 172 184 195 196 207 208 219 220 231 232 244 255,0xe588458be5a2a9eeab08ba718e8a5f6501a1aee26a9b100b6a8822ae5c0ce193,,1
211,21,24482513,0x7c3e1f0f80000000f8039,57,0 14 35,63,35,3 4 5 16 18 19 22 25 63 64 65 76 78 79 82 85 123 124 125 136 138 139 142 145 183 184 185 196 198 199 202 205 243 244 245,0x3486758a5d66e7f5e66c07904b9d4385b4f2f0545b5f3e19fc91dc7184cd565a,,1
211,22,24482905,0x7c3e1f0f80000000f8018,24,0 45 2,60,34,4 15 16 19 21 22 24 25 64 75 76 79 81 82 84 85 124 135 136 139 141 142 144 145 184 195 196 199 201 202 204 205 244 255,0x7e3b88bc5c92092122e0b974e7b5e2963fa958877df9a1ae128af52f1378b5db,,1
211,23,24916800,0x7c3e00000003e1f0f8011,17,0 38 59,70,38,3 4 6 7 9 10 22 25 63 64 66 67 69 70 82 85 123 124 126 127 129 130 142 145 183 184 186 187 189 190 202 205 243 244 246 247 249 250,0x52dcb7e5491009ed1c2b3571a3f516c3b23db0b622125f6bad8f46591da160f4,,1
212,1,22880522,0x1fe0000000000000000000000000000000000000000002d,45,0 2 23,16,8,58 59 118 119 178 179 238 239,0xd0698d8c55e7329f26319366ff51ebccc66adad5bd5daf99fe0022a28cdb9a14,,1
212,2,23043788,0xf8007,7,0 28 49,9,5,4 64 124 184 244,0x2bac4e93218a0acd59aeed86418437fde882990a93c45c8b0b167189d0ba61b0,,1
212,3,23044397,0x1f000028,40,0 61 18,8,5,7 67 127 187 247,0x46515a07447fdca6e72b726c64ade41d2b0883e9ea180b6fcc10f11a609cad21,,1
212,4,23112985,0x7c000000000000000000000000001e,30,0 51 8,5,4,37 97 157 217,0xb3dfd6b6603f8dcd818fed121fe0aba4f782fc25000164b0bc9ed165e3dd89c4,,1
212,5,23177402,0x3f800000000000000000000000000001f,31,0 52 9,8,4,40 100 160 220,0x6a459cf601268a50a04973951d439e88a1fbf9b73a5539ed0a851b31f21d10a7,,1
212,6,23226035,0x3fc000000002b,43,0 0 21,16,10,13 14 73 74 133 134 193 194 253 254,0xd9bbefc6c33f92d890dda599745edc4aef10cec5dff40bc2c437a38190f7a544,,1
212,7,23227562,0xf8006,6,0 27 48,19,10,3 4 63 64 123 124 183 184 243 244,0x5d55fb84051646bd0c77805125440ed7a2731400d6b79621d419d9060a27a3c9,,1
212,8,23227586,0x1f00001e,30,0 51 8,26,15,0 6 7 60 66 67 120 126 127 180 186 187 240 246 247,0xeb61cc89758161537768d1c47cad8a6c37a6888e46e4941e4b02c1f2e0ac114e,,1
212,9,23227612,0x3e00000013,19,0 40 61,10,5,10 70 130 190 250,0x21277859aee1611f6dc1438ce48563a972f6cd14ab838f0f6adac7ed1dd99e2d,,1
212,10,23227637,0x7c0000000019,25,0 46 3,17,10,12 13 72 73 132 133 192 193 252 253,0x719b24fc7f436ab45ebb32210c5cb27a4e3c2eda9d248a8c3290997a12233215,,1
212,11,23227663,0xf8000000000016,22,0 43 0,14,9,15 16 75 76 135 136 195 196 255,0x5a6fe6ac9e4db041afd4735c7ef4f4e6dd5d0157cef54558cb339006fd880dd4,,1
212,12,23227829,0x1f000000000000035,53,0 10 31,5,4,19 79 139 199,0xa2442ce91d46015a775b4e98059a19934b15e4e9fd814efa06a8ad4106cc38fb,,1
212,13,23227854,0x3e00000000000000031,49,0 6 27,8,4,22 82 142 202,0xd8c0cf274afad57971896f90f295740e52a13164cfb758a764333ea7d06af1db,,1
212,14,23227878,0x7c0000000000000000033,51,0 8 29,18,9,0 25 60 85 120 145 180 205 240,0x4a5717898efbe50871db8efa1db23e8adbe07b488c45b671d3be32dcd0972c85,,1
212,15,23227920,0xf8000000000000000000008,8,0 29 50,5,4,28 88 148 208,0x026c8c06314b835af288cf35e5dfb870dbf776995019a1a8336750aec2ae8361,,1
212,16,23227945,0x1f000000000000000000000025,37,0 58 15,5,4,31 91 151 211,0xe962063707ddbc9b28e6f59997c7a2408e1a7d21a973ad1e52a9f4a108839821,,1
212,17,23227969,0x3e00000000000000000000000016,22,0 43 0,6,4,34 94 154 214,0xc22e160a2315b08494a058a4263cb185d001a7a03108283fad9545f8058a8e55,,1
212,18,23227995,0x7c000000000000000000000000003b,59,0 16 37,13,8,36 37 96 97 156 157 216 217,0xe64cc0a96f5c0a113275c4a1cb4f99a1d5114bb8be2aca70d34da9243b06c237,,1
212,19,23228021,0xf8000000000000000000000000000005,5,0 26 47,13,8,39 40 99 100 159 160 219 220,0x70024f21e9622cda8ed15bc8a3ea44eab951658a7b624c08677ed2c0f4bfe83e,,1
212,20,23228051,0x1f000000000000000000000000000000030,48,0 5 26,13,8,42 43 102 103 162 163 222 223,0x1b25bebcbdbd096c32d6aa538c231c0cbe67c7182d9b4b857876b9cdfcd666e1,,1
212,21,23228082,0x3e00000000000000000000000000000000030,48,0 5 26,16,9,0 46 60 106 120 166 180 226 240,0x9160d99b9dc3a3da4f8b5f8b177bc4c064671cf97c368299f03dc7a72826ed32,,1
212,22,23228110,0x7c0000000000000000000000000000000000036,54,0 11 32,6,4,49 109 169 229,0x231e5a76d29d5ac435af9eabe8f956cbb5f58c4b76cefc2badf587fda8158cc2,,1
212,23,23228136,0xf8000000000000000000000000000000000000007,7,0 28 49,7,4,52 112 172 232,0xa1e569048a4f496f2560f95c6b00d209ea86c51eb2f5c652717027cd525bb2b6,,1
212,24,23228160,0x1f00000000000000000000000000000000000000001d,29,0 50 7,7,4,55 115 175 235,0x18c4bb0de8aa953e2d9fff68ebd14c7fd8d71c82e2e4ed7a0dc9f590253770da,,1
212,25,23228185,0x3e00000000000000000000000000000000000000000003,3,0 24 45,13,8,57 58 117 118 177 178 237 238,0xdac0ac45016ef787cc2d73d66fef866acd244145838dec5ae29f9f1345fcfa67,,1
212,26,23228656,0xf803f,63,0 20 41,9,5,4 64 124 184 244,0xd3e078c4c12652f261e40431bec192d9c95573cb9b626de19e0f3916442f96e3,,1
212,27,23228702,0x3e00000000000000000000000000000000000000000021,33,0 54 11,8,4,58 118 178 238,0x8786ad6b3cd8501b3e399eb74cb89f9416ac5fea5ec3864674ab82ad5eedfc83,,1
212,28,23452829,0xf80000000f80000000f80000000f80000000f8036,54,0 11 32,65,39,0 3 4 16 27 28 40 51 52 60 63 64 76 87 88 100 111 112 120 123 124 136 147 148 160 171 172 180 183 184 196 207 208 220 231 232 240 243 244,0x9d413aebc45512eff8134ffc28f139b52ae1f21e4384a23bf8e7f661a20361c3,,1
212,29,23669569,0xf80000000f80000000f80000000f80000000f8023,35,0 56 13,48,30,4 15 16 28 39 40 52 64 75 76 88 99 100 112 124 135 136 148 159 160 172 184 195 196 208 219 220 232 244 255,0x20226790e60421af8c144e59fb778f48a752950e220b3e414f278691c1d98690,,1
212,30,23830059,0xf80000000f80000000f80000000f80000000f8002,2,0 23 44,55,34,3 4 16 27 28 40 51 52 63 64 76 87 88 100 111 112 123 124 136 147 148 160 171 172 183 184 196 207 208 220 231 232 243 244,0x3dc74113ccec10ef5c3af35ccb7a16b5d3ae80eb634ba32cb5c3b85d9ae85b2b,,1
212,31,24019883,0xf800a,10,0 31 52,9,5,4 64 124 184 244,0x2eda94d04a72b5683d0e658fd2fd9dce78de2dcc4233b3e21b132bc566b7e226,,1
212,32,24482684,0x7c3e1f0f80000000f8020,32,0 53 10,87,48,3 4 5 15 16 18 19 21 22 24 25 63 64 65 75 76 78 79 81 82 84 85 123 124 125 135 136 138 139 141 142 144 145 183 184 185 195 196 198 199 201 202 204 205 243 244 245 255,0x9215acae6c034cf9dec6b450363abb25eab7c59d120f930c294cbf0c584568a5,,1
212,33,24482926,0x7c3e1f0f80000000f8001,1,0 22 43,36,21,4 16 19 22 25 64 76 79 82 85 124 136 139 142 145 184 196 199 202 205 244,0x3589a78eb6c344b9cb93aba68b4041301039b038f895497b9a8f23abc400274d,,1
213,1,22882731,0xf8000,0,0 21 42,9,5,4 64 124 184 244,0x75d24ebcdf5e95a5dae6cb424a0865c25f593b2cc23b44e8c7e4115d71a8205a,,1
213,2,22942944,0xf8007,7,0 28 49,19,10,3 4 63 64 123 124 183 184 243 244,0xec3af8fc75e43823be4268213fbf562f341621a93aacd5507723d8ef0b063b21,,1
213,3,22945390,0x3f8000000000000000000000,0,0 21 42,5,4,28 88 148 208,0x22f9d080f266cea85afcf15aca4345161c93037c74f18a6351cb4f424c696e46,,1
213,4,23107358,0xf8037,55,0 12 33,9,5,4 64 124 184 244,0x6e8489a00ae4c4deb9584da9933f9e19cebd23432bef2f723a340147f81f3614,,1
213,5,23207621,0xf8007,7,0 28 49,19,10,3 4 63 64 123 124 183 184 243 244,0x1f6f4deb36d362a9e9cc4a446a0df5811ca24436069dc375c47b08d092295e45,,1
213,6,23317171,0xf8025,37,0 58 15,9,5,4 64 124 184 244,0x3b1e821627dd5105af07cb54b0ee67d92e6ca90b702f869dc6c99cff73ceb5e5,,1
213,7,23456658,0xf80000000f80000000f80000000f80000000f803b,59,0 16 37,52,30,3 4 16 27 28 40 52 63 64 76 87 88 100 112 123 124 136 147 148 160 172 183 184 196 207 208 220 232 243 244,0xf4e209ef480ffc3754315267fd95f1670f3d1e375341f22191636feaf5295267,,1
213,8,23645690,0x3e000f80000000007c000000000001f0000000000f803b,59,0 16 37,47,30,0 4 19 37 51 52 58 60 64 79 97 111 112 118 120 124 139 157 171 172 178 180 184 199 217 231 232 238 240 244,0xe0971bfdf58312ffd3bfa34d24cad6d1d8bc64d1122ead5c588591313cf7cfed,,1
213,9,23817550,0xf80000000f80000000f80000000f80000000f8012,18,0 39 60,68,40,3 4 5 15 16 28 39 40 52 63 64 65 75 76 88 99 100 112 123 124 125 135 136 148 159 160 172 183 184 185 195 196 208 219 220 232 243 244 245 255,0x8fb38a0752b3f35101016f44404f2359b08be756bb3e3b6a3a43c142886ff026,,1
213,10,24316183,0x7c3e1f0f87c0000000027,39,0 60 17,42,25,13 16 18 19 22 25 73 76 78 79 82 85 133 136 138 139 142 145 193 196 198 199 202 205 253,0x9a6a7009cd9718b8ca59773fa1c1240962d0222d62ee4462742ecfeca4766213,,1
213,11,24498071,0x7c3e1f0f80000000f8009,9,0 30 51,60,34,4 15 16 19 21 22 24 25 64 75 76 79 81 82 84 85 124 135 136 139 141 142 144 145 184 195 196 199 201 202 204 205 244 255,0x89eacb511924ddec9a8121b52e99d5fde2e1e4606c4182014e1b2ed3ba4c32ee,,1
213,12,24498298,0x7c3e1f0f80000000f803e,62,0 19 40,53,30,3 4 16 18 19 22 25 63 64 76 78 79 82 85 123 124 136 138 139 142 145 183 184 196 198 199 202 205 243 244,0x12f41f7e284cc05bb174af91b8809640a6ca958a69dfb0a8ab8e912b0100438f,,1
213,13,24827893,0x7c3e00000003e1f0f800d,13,0 34 55,67,36,4 6 7 10 21 22 24 25 64 66 67 70 81 82 84 85 124 126 127 130 141 142 144 145 184 186 187 190 201 202 204 205 244 246 247 250,0xf7c90fa4ab73977742f0ce13418b0c4ad26c53db2ef3c4f94d70c87b87d157dd,,1
214,1,23001747,0xf8000,0,0 21 42,9,5,4 64 124 184 244,0x75d24ebcdf5e95a5dae6cb424a0865c25f593b2cc23b44e8c7e4115d71a8205a,,1
214,2,23014759,0x3e00000000000000031,49,0 6 27,8,4,22 82 142 202,0x4491ee03e26627c943f8dffd9b6744494ca50e0c05a1200012d2e32cc9e821f8,,1
214,3,23048631,0x7f00000000000000000000000f,15,0 36 57,5,4,31 91 151 211,0x092487192e210fd131eb0f450336f4e2d75919d95aabfc2085dd2d69bd557741,,1
214,4,23234578,0x1fe00000012,18,0 39 60,19,10,10 11 70 71 130 131 190 191 250 251,0xcaf455be213bf1798d7d60eaeaf35e3cd2be881144e6778ed352c6fb89e4389d,,1
215,1,23001765,0xf8000,0,0 21 42,9,5,4 64 124 184 244,0x75d24ebcdf5e95a5dae6cb424a0865c25f593b2cc23b44e8c7e4115d71a8205a,,1
215,2,23014859,0xf8007,7,0 28 49,19,10,3 4 63 64 123 124 183 184 243 244,0xec3af8fc75e43823be4268213fbf562f341621a93aacd5507723d8ef0b063b21,,1
215,3,23048737,0xfe0000000000000000000000000000000000000000002e,46,0 3 24,8,4,58 118 178 238,0x1d171a8e1e26c15df812dfea42023c41f506d46097193c3745890e257accc018,,1
215,4,23235051,0xff00001f,31,0 52 9,18,10,7 8 67 68 127 128 187 188 247 248,0x304e3af047a73f650cee3173dfb7f0d890f3816979b890e37ca32caa49d6ddd9,,1
215,5,23517428,0xf80000000f80000000f80000000f80000000f803b,59,0 16 37,35,21,4 16 28 40 52 64 76 88 100 112 124 136 148 160 172 184 196 208 220 232 244,0x65112ea8df51a5367dcb01e3e7e3074970ab21dc61d3c4a91277e9ac7b0dcf39,,1
215,6,23528990,0x3e00000000000000f800000f80000000000000000f801d,29,0 50 7,49,30,3 4 27 28 37 57 58 63 64 87 88 97 117 118 123 124 147 148 157 177 178 183 184 207 208 217 237 238 243 244,0x5ab5c510d7cd1040c0c1d6934de6504ae5b5314a0937f0625d2c5d0f810b70ea,,1
215,7,23647533,0x1fe000000000007f80000007f80000007f80000007f802b,43,0 0 21,101,61,0 4 5 6 15 16 17 28 29 39 40 41 58 59 60 64 65 66 75 76 77 88 89 99 100 101 118 119 120 124 125 126 135 136 137 148 149 159 160 161 178 179 180 184 185 186 195 196 197 208 209 219 220 221 238 239 240 244 245 246 255,0x95ff09fe6e9c0d0750b82d5df9241962f64c632c3d85fd0f1d51ab383335e6f6,,1
215,8,23690804,0x1fff,63,0 20 41,18,10,0 1 60 61 120 121 180 181 240 241,0xccd1d5cb98276ce455d72130f40d91e37b205e21b5a04b66b26b560a84eac2fd,,1
215,9,23815737,0x3f80000003f80000003f80000003f80000003f802e,46,0 3 24,55,34,3 4 16 27 28 40 51 52 63 64 76 87 88 100 111 112 123 124 136 147 148 160 171 172 183 184 196 207 208 220 231 232 243 244,0x31773cc9a8ba25fa6cfc537ad0e880521854b675ef6ccb34a235fec42f2493b1,,1
215,10,23825111,0xf80000000f80000000f80000000f80000000f8014,20,0 41 62,48,30,4 15 16 28 39 40 52 64 75 76 88 99 100 112 124 135 136 148 159 160 172 184 195 196 208 219 220 232 244 255,0x038896a2f958d79019d3bfd594b7f8ea597452ac395e29649226f0531d59ff29,,1
215,11,23885835,0x1ff6,54,0 11 32,27,15,0 1 2 60 61 62 120 121 122 180 181 182 240 241 242,0xb051525d3d4d9609ec1f83dd6cf2fd830774954212af653b7df73c9034a67c89,,1
215,12,24016632,0xf80000000f80000000f80000000f80000000f8036,54,0 11 32,60,38,3 4 16 27 28 40 51 52 53 63 64 76 87 88 100 111 112 113 123 124 136 147 148 160 171 172 173 183 184 196 207 208 220 231 232 233 243 244,0x8d7e0534dea048393314cccf7497e24a0090d6622fa38fe194352d096ee9da12,,1
215,13,24148042,0x1fcd,13,0 34 55,18,10,0 1 60 61 120 121 180 181 240 241,0x6ec8dc4738d4a2b71b6ec5994d9d99cea8b9985c0841693443785d5ec54cb650,,1
215,14,24323435,0x7c3e1f0f87c0000000020,32,0 53 10,55,34,13 15 16 17 18 19 22 25 73 75 76 77 78 79 82 85 133 135 136 137 138 139 142 145 193 195 196 197 198 199 202 205 253 255,0xd472440a964fc7d8beb7deaff51427d551896940bb52cf1b9d673d6491b58120,,1
215,15,24330521,0x7c3e1f0f87c0000000026,38,0 59 16,60,34,12 13 16 19 21 22 24 25 72 73 76 79 81 82 84 85 132 133 136 139 141 142 144 145 192 193 196 199 201 202 204 205 252 253,0x162509f1e96179cf98be688a92f44e28dcda3f6e7c04daf2d18f082ceed8f0ed,,1
215,16,24333987,0x1fec,44,0 1 22,27,15,0 1 2 60 61 62 120 121 122 180 181 182 240 241 242,0xcaf9710d51be77dfc53fb2db2980ddd0db62d8ad0e8b4a58d9a34ee5d123f545,,1
215,17,24482592,0x7c3e1f0f80000000f8009,9,0 30 51,61,35,3 4 15 16 18 19 22 25 63 64 75 76 78 79 82 85 123 124 135 136 138 139 142 145 183 184 195 196 198 199 202 205 243 244 255,0xeb20d4bdaac7efda27b108d73661aa37000155a1341c34f998b2f4119e180509,,1
215,18,24485678,0x7c3e1f0f80000000f8023,35,0 56 13,62,34,4 5 16 19 21 22 24 25 64 65 76 79 81 82 84 85 124 125 136 139 141 142 144 145 184 185 196 199 201 202 204 205 244 245,0xc3645ca8e483846a0a796b4aba5b9a4103905deeabaa96f55806bec78ca89382,,1
215,19,24529428,0x7c3e1f0f80000000f8006,6,0 27 48,61,35,3 4 15 16 18 19 22 25 63 64 75 76 78 79 82 85 123 124 135 136 138 139 142 145 183 184 195 196 198 199 202 205 243 244 255,0x397f93b931c3bb3e9efa26767210b6fef4e3d30e90d1fedca43c6259c55a34c7,,1
215,20,24544594,0x1fc7,7,0 28 49,18,10,0 1 60 61 120 121 180 181 240 241,0xd04fe8f26a6cbfbe5851906ff09ea5bb2784e6c0a0ad35d7cd0302a09afde278,,1
215,21,24653021,0x7c3e1f00000001f0f8010,16,0 37 58,72,40,3 4 6 7 19 21 22 24 25 63 64 66 67 79 81 82 84 85 123 124 126 127 139 141 142 144 145 183 184 186 187 199 201 202 204 205 243 244 246 247,0x2f4cb5a726a5db762546edf24d167f8550aceb9c6356aef8e5e879e5f57c6677,,1
215,22,24731510,0x1fed,45,0 2 23,27,15,0 1 2 60 61 62 120 121 122 180 181 182 240 241 242,0x3f9f87f6efdd1a3bee4793e507ab4f4a5db8e03dd7e32928ea40f5e34f6bcba0,,1
215,23,24832701,0x7c3e00000003e1f0f8011,17,0 38 59,62,33,3 4 7 9 10 22 25 63 64 67 69 70 82 85 123 124 127 129 130 142 145 183 184 187 189 190 202 205 243 244 247 249 250,0xc8a55b11ec006c13fa00025d68d78c5cb8b09002eb1a554e0654e0ae9a2681db,,1
215,24,24917473,0x1fe6,38,0 59 16,18,10,0 1 60 61 120 121 180 181 240 241,0xa7e16968757abed50193af10a0745d57275f482f24b094ec5c9a295f89b25931,,1
215,25,24990358,0x7c00000007c3e1f0f8022,34,0 55 12,75,42,3 4 6 7 10 13 24 25 26 63 64 66 67 70 73 84 85 86 123 124 126 127 130 133 144 145 146 183 184 186 187 190 193 204 205 206 243 244 246 247 250 253,0x8b389ffe28d162b54c3cebfd986e2081fdec3d0b91d4d2abc6af0850a89fa615,,1
216,1,22882852,0x1f00000000000000000000000000000000000000001a,26,0 47 4,7,4,55 115 175 235,0x82947bfb75f91da701d63be91bc831ab04c0119aad4cd20fc0d3ae0b84fdcc3e,,1
216,2,23103110,0xf8000000000000000000011,17,0 38 59,5,4,28 88 148 208,0xcf08a1705530902458f8f21bc1e188d9c8ef6f2566121421a22f68e8127d5105,,1
216,3,23274430,0xfe0000000000000000000000000000000000000000002e,46,0 3 24,8,4,58 118 178 238,0xd17bb951653609d455977567271961b14c6507ba2fcceebc3ca69496fbe2471a,,1
216,4,23443709,0x7c0000000000000000000000000000000000007,7,0 28 49,6,4,49 109 169 229,0xb3563d0a03fd9f8c6f12a342540b71c11f5d8e71f39ba47e4c25554c75423572,,1
216,5,23555261,0xf80000000f80000000f80000000f80000000f803b,59,0 16 37,42,25,4 16 27 28 40 52 64 76 87 88 100 112 124 136 147 148 160 172 184 196 207 208 220 232 244,0x16bafdceba8476146e31100011d496f52c621f8ed119e3b5f458f9bf7dd0004b,,1
216,6,23615876,0x1fed,45,0 2 23,18,10,0 1 60 61 120 121 180 181 240 241,0xa72a56a16f239bc82d2e653d63300287d23f6081efdea3a3be1270f2ffc2fe56,,1
216,7,23635017,0x3e000f800000000000001f000007c00000000000000019,25,0 46 3,36,24,22 31 51 52 57 58 82 91 111 112 117 118 142 151 171 172 177 178 202 211 231 232 237 238,0x4b1161856011f3a30137c073575ddf9aec7e2114f19d783f12c8d883a697f129,,1
216,8,23796514,0x3e00000003e000f80000000f80000000f8000000000012,18,0 39 60,46,29,15 16 28 39 40 46 58 75 76 88 99 100 106 118 135 136 148 159 160 166 178 195 196 208 219 220 226 238 255,0x3a144542fd6fe326a9c1314f8ce3cb7cd89241df95e585c678617bc71434cb7c,,1
216,9,23961819,0xf80000000f80000000f80000000f80000000f8012,18,0 39 60,52,30,3 4 16 27 28 40 52 63 64 76 87 88 100 112 123 124 136 147 148 160 172 183 184 196 207 208 220 232 243 244,0xb196bacdc50cd7b1fd7b379ac3162862d193e006bb1ff2db9c2cc1e6c0374716,,1
216,10,24396047,0x7c3e1f0f87c0000000027,39,0 60 17,51,30,13 15 16 19 21 22 25 73 75 76 79 81 82 85 133 135 136 139 141 142 145 193 195 196 199 201 202 205 253 255,0xd9d2b0bf6701463e1bd89d153b92cbea6b437c9f635a6c5b98aa9bf47d544e66,,1
216,11,24573389,0x7c3e1f0f80000000f8009,9,0 30 51,51,29,4 16 18 19 22 24 25 64 76 78 79 82 84 85 124 136 138 139 142 144 145 184 196 198 199 202 204 205 244,0xca45adccebc7895b88c80857d60405d85788948f39fdbe57c3dac8434f79add8,,1
216,12,24672147,0x7c3e1f00000001f0f8023,35,0 56 13,56,31,3 4 7 19 21 22 25 63 64 67 79 81 82 85 123 124 127 139 141 142 145 183 184 187 199 201 202 205 243 244 247,0x96de7d9dfa66ee91fd9ef26681de9b6f1a6adc7a2ffd71a890a2a67fcaabafed,,1
216,13,24832784,0x7c3e00000003e1f0f800d,13,0 34 55,59,32,4 6 7 10 22 24 25 64 66 67 70 82 84 85 124 126 127 130 142 144 145 184 186 187 190 202 204 205 244 246 247 250,0x93ff48bb92424ba3045b4d9cec8eebca5348683802ad5c68ac8f6be58e203282,,1
216,14,24991580,0x7c00000007c3e1f0f8024,36,0 57 14,71,39,3 4 7 9 10 12 13 25 63 64 67 69 70 72 73 85 123 124 127 129 130 132 133 145 183 184 187 189 190 192 193 205 243 244 247 249 250 252 253,0x4617317c1fd496fcba1abeaccb2748e064c078695860591648f6c2628b7ead91,,1
217,1,22886726,0x3f8000000000000000000028,40,0 61 18,5,4,28 88 148 208,0x6381e63db0d9e16f4e18e3582718a31231485ae167bafe4b52c144c3121bab3f,,1
217,2,23017698,0x7f000000,0,0 21 42,8,5,7 67 127 187 247,0xcde4e55d8612e90f4a6ecd0b8977e50332a666ca2d607867e58962a9a5a06bd9,,1
217,3,23176011,0x3e00000000000000037,55,0 12 33,8,4,22 82 142 202,0xc49f26200b02dff5e926d960355ac9587363d9bf37a22331c49befa742c61515,,1
217,4,23202673,0xf8000000000000000000021,33,0 54 11,12,8,27 28 87 88 147 148 207 208,0xfaad8fc22735f5f4940158c1e68049ba202ec1a7fa429ae6bcc77ac4d4a2d8f3,,1
217,5,23202701,0x7c0000000000000000000000000016,22,0 43 0,5,4,37 97 157 217,0xe926fa1e79b5eba8ee92a47bf89edc58ac21de4f3eb1e14970317610033111b6,,1
217,6,23202736,0x7c0000000000000000000000000000000000031,49,0 6 27,6,4,49 109 169 229,0x2508ab1fc4dc4f760acfa4cf07f7ac97e353dcee70d57207ecadc9f472ac86d9,,1
217,7,24555787,0x7c3e1f0f80000000f8002,2,0 23 44,44,25,4 16 19 21 22 25 64 76 79 81 82 85 124 136 139 141 142 145 184 196 199 201 202 205 244,0x6e1aed3d6e3945c07b7d8649441a71097d7de5a1ee9cd95ef2d86934db259a1d,,1
218,1,22883307,0x7c000000000000000001f,31,0 52 9,8,4,25 85 145 205,0x9d13145a545831a36585cccd009d21d6db47613410e5420fd3e06423332872e5,,1
218,2,22950227,0xf8007,7,0 28 49,9,5,4 64 124 184 244,0x4c0564294828156216092043d2dea28a3767c0353c6f1f890e879d04d55ba425,,1
218,3,22950265,0xfe00000000000000008,8,0 29 50,8,4,22 82 142 202,0xae13ddc32a4630dedaf8755b78816e38d0a5b6d6a791e294caf8e96eb887df6c,,1
218,4,23041701,0xff00000000000000000000000000000000000000001f,31,0 52 9,14,8,55 56 115 116 175 176 235 236,0xa15f3e1fbceee6f8959560edf238c63c5e4aa6cb0eecba01f1118f2937b8551b,,1
218,5,23041891,0xff00000000000000000000002a,42,0 63 20,13,8,31 32 91 92 151 152 211 212,0xdcb277a4c1d7ceb573361d78606713c0083834060d4aee33de4baf88580c9bca,,1
218,6,23041942,0x1fe00000000000000001,1,0 22 43,32,16,21 22 23 24 81 82 83 84 141 142 143 144 201 202 203 204,0xb6e5825f18384516086847fabf81a4c9edc590afa2b7c465edbeb864c5a16b40,,1
218,7,23160763,0x7f800000000000000000000d,13,0 34 55,13,12,28 29 30 88 89 90 148 149 150 208 209 210,0xc0f624157e4587104f51e9c2c827976628872b8e0b4f8535cf9438b7c3941421,,1
218,8,23160799,0x7f800000000000000000000000000000000000003a,58,0 15 36,17,12,52 53 54 112 113 114 172 173 174 232 233 234,0x1878da0c0da207d5219ba9a4324534be05d220cf149719c1f309a9683be1d3e9,,1
218,9,23222832,0x1fe00000000000000000000000000000000030,48,0 5 26,21,13,0 46 47 60 106 107 120 166 167 180 226 227 240,0x44caaf2d5d91f58773b7b951fa216533045b05103af82b739d2a34c46c33ae89,,1
218,10,23304729,0x7f8000000000001,1,0 22 43,11,8,16 17 76 77 136 137 196 197,0xf972c98adef1e961008e51885658107a9f28e3b7c9fdd16e1de27278b40b6497,,1
218,11,23304933,0x1fe00000000000000000000000000000000036,54,0 11 32,15,12,45 46 47 105 106 107 165 166 167 225 226 227,0x0bc88a3992b1f9bc98a311f632b7c5380b53a92dd7531537b92acbf620e93c56,,1
218,12,23306056,0x3fc0000000000000000000000000012,18,0 39 60,9,8,37 38 97 98 157 158 217 218,0x4d17f7e3e820338571e6ed6929d668bd6e9b26f7a07474e5a844360e11ea51fe,,1
218,13,23306072,0xfe00000000000000000000000000000000000000000034,52,0 9 30,13,8,57 58 117 118 177 178 237 238,0x88c1b129ceb89fede08c717e80bf13bc6037571b1bc878b3c791b1157e8a18f3,,1
218,14,24911585,0x7c3e00000003e1f0f801c,28,0 49 6,53,28,3 4 7 10 22 25 63 64 67 70 82 85 123 124 127 130 142 145 183 184 187 190 202 205 243 244 247 250,0x68023f897bc7c0181f39a1e6455fdd16255bb075a2d234736049ae5a92b27b83,,1
218,15,24923009,0x7c3e00000003e1f0f8019,25,0 46 3,76,41,4 6 7 9 10 21 22 24 25 64 66 67 69 70 81 82 84 85 124 126 127 129 130 141 142 144 145 184 186 187 189 190 201 202 204 205 244 246 247 249 250,0xe87b7a6babd876842c0db6525f263347e52b1dd7eea68221f6dfd5023f792480,,1
219,1,22883830,0xf8000,0,0 21 42,9,5,4 64 124 184 244,0x75d24ebcdf5e95a5dae6cb424a0865c25f593b2cc23b44e8c7e4115d71a8205a,,1
219,2,22941095,0x3e00000000000000000000000000000000000000000015,21,0 42 63,8,4,58 118 178 238,0x05e0c215edd781808dbebeb8645102a4837d1c7aa2559f898158e815444abf65,,1
219,3,23103293,0x7c0000000000000000000000000014,20,0 41 62,5,4,37 97 157 217,0x1fc37738f1c7825013e2611e57a895f511ebd328c0f1f6b658aa1257bfd1e54d,,1
219,4,23274474,0x1fc0000000000000000000000000029,41,0 62 19,13,8,36 37 96 97 156 157 216 217,0x06989c97f6571ce164e285ceda41ebe7c64fa9f153cc4b3b571dd52e1745faea,,1
219,5,23443709,0xf8000000000000000000000000000000000000017,23,0 44 1,7,4,52 112 172 232,0x64900bfdb13955c4cb96f0e6cf8ab0be782333190c894c4bb4cd457e02db9d82,,1
219,6,23555304,0xf80000000f80000000f80000000f80000000f8035,53,0 10 31,53,34,3 4 16 28 39 40 51 52 63 64 76 88 99 100 111 112 123 124 136 148 159 160 171 172 183 184 196 208 219 220 231 232 243 244,0x3dfcbfd10c70c29a08f5bfbffa60d938faec871ddd24b35be8c2bd7ae6a81487,,1
219,7,23634970,0xf80000000f80000000f80000000f80000000f803b,59,0 16 37,60,35,0 4 15 16 27 28 40 52 60 64 75 76 87 88 100 112 120 124 135 136 147 148 160 172 180 184 195 196 207 208 220 232 240 244 255,0x4181f284e7f7c315aa0d068cb60e911756ea4397f087246a754ea1372d6ef969,,1
219,8,23796572,0xf80000000f80000000f80000000f80000000f8030,48,0 5 26,53,34,3 4 16 28 39 40 51 52 63 64 76 88 99 100 111 112 123 124 136 148 159 160 171 172 183 184 196 208 219 220 231 232 243 244,0x2451c84784be3b9d8cad8ce0928a0bb740ff4eb8f85cd20e94067746b23817d0,,1
219,9,23961856,0xf80000000f80000000f80000000f80000000f8012,18,0 39 60,50,30,4 15 16 27 28 40 52 64 75 76 87 88 100 112 124 135 136 147 148 160 172 184 195 196 207 208 220 232 244 255,0xa67e98f6db69421c835b786eb4647838078fe95546892ba499f6a70e6fcd9924,,1
219,10,24396071,0x7c3e1f0f87c0000000027,39,0 60 17,42,25,13 16 18 19 22 25 73 76 78 79 82 85 133 136 138 139 142 145 193 196 198 199 202 205 253,0x563706beac289443a719c71db00130c283ca1676f2ade7c6352673dabca81cbf,,1
219,11,24573444,0x7c3e1f0f80000000f8009,9,0 30 51,70,39,3 4 15 16 19 21 22 24 25 63 64 75 76 79 81 82 84 85 123 124 135 136 139 141 142 144 145 183 184 195 196 199 201 202 204 205 243 244 255,0xb744a9b2ef39e282023aa7508a15c2368f8e2cef679099aa1f311ff9bc935381,,1
219,12,24672173,0x7c3e1f00000001f0f8023,35,0 56 13,53,31,4 6 7 18 19 22 25 64 66 67 78 79 82 85 124 126 127 138 139 142 145 184 186 187 198 199 202 205 244 246 247,0xc4f4a45f62fc11727d6851234ec3723cff4fadc44ab178467a00a0672d11b9a3,,1
219,13,24832811,0x7c3e00000003e1f0f800d,13,0 34 55,79,41,3 4 5 7 10 21 22 24 25 63 64 65 67 70 81 82 84 85 123 124 125 127 130 141 142 144 145 183 184 185 187 190 201 202 204 205 243 244 245 247 250,0xd0f495ec1c33e1088f663d853753db6c92a4c8933bf9cb352feb92876328bc49,,1
219,14,24832830,0x7c3e00000003e1f0f801c,28,0 49 6,60,33,4 6 7 9 10 22 25 64 66 67 69 70 82 85 124 126 127 129 130 142 145 184 186 187 189 190 202 205 244 246 247 249 250,0xc2ba2df1012fa11f8f29f708de516790669d364b6718f05fc38c7b4062bfeafd,,1
219,15,24991615,0x7c00000007c3e1f0f8015,21,0 42 63,70,38,3 4 7 10 12 13 24 25 63 64 67 70 72 73 84 85 123 124 127 130 132 133 144 145 183 184 187 190 192 193 204 205 243 244 247 250 252 253,0x9945fb7f704b3dd10b9e44a5700acac7fd019cc140a2ec66e461c451aebb9dcb,,1
220,1,22886429,0xf8000,0,0 21 42,9,5,4 64 124 184 244,0x9571b0c3744c2e1b89beea8dd0c046ee07bb806236cffe62c1472b0bfac4389d,,1
220,2,22891629,0x7f000000,0,0 21 42,8,5,7 67 127 187 247,0xa22add75f611ff1b232da1e0bfe747ee494788c2caab607b6a56da822d60d5ea,,1
220,3,22893926,0x3e00000004,4,0 25 46,19,10,9 10 69 70 129 130 189 190 249 250,0xec5f82f45f803619788aecb95d86ec2b164201a3ee6c862fbcaeb7845ee2df12,,1
220,4,23005448,0xf8037,55,0 12 33,19,10,3 4 63 64 123 124 183 184 243 244,0xfb40b72187e3e191bbcf16109de1f61d820be09d55e447967a9cf3c7ba960c7f,,1
220,5,23005849,0x7c0000000035,53,0 10 31,8,5,13 73 133 193 253,0x3ef4446a95e7658f0a0d258f5db9fbd1bf4f8a58a554b2aa9e6e170027e45f9b,,1
220,6,23164098,0x3e00000000000000000000000000000000000000000000,0,0 21 42,8,4,58 118 178 238,0x420f302646a2c9efbc67d9ad2018a9db065b920952dd2d71b8eca0024156c520,,1
220,7,23333713,0x7c000000000000000000000000002f,47,0 4 25,5,4,37 97 157 217,0x74d9060d39cbcf69006377beabf8142e91d69180886136061560ca3cbf78cd94,,1
220,8,23450498,0xf80000000f80000000f80000000f80000000f8030,48,0 5 26,35,21,4 16 28 40 52 64 76 88 100 112 124 136 148 160 172 184 196 208 220 232 244,0x71ba5897671fd2506833247ef2804e3844196894dbeb2aedafa0fc068d1f29ee,,1
220,9,23509529,0x1fcb,11,0 32 53,18,10,0 1 60 61 120 121 180 181 240 241,0x4a01ae17991d31dd3c94b03878208b100d9c733534814aaa4436c7726275984d,,1
220,10,23543520,0x1fc5,5,0 26 47,27,15,1 2 3 61 62 63 121 122 123 181 182 183 241 242 243,0xa77443146c1252f83f518d834bdffe71d7137fbce3d44309b6cb56373f732304,,1
220,11,24018501,0x3f80000003f80000003f80000003f80000003f802c,44,0 1 22,78,48,0 4 5 15 16 27 28 39 40 51 52 60 64 65 75 76 87 88 99 100 111 112 120 124 125 135 136 147 148 159 160 171 172 180 184 185 195 196 207 208 219 220 231 232 240 244 245 255,0xcc858fb94245cf87dceab57b5fdca5068971a2ee6a546b9e9cf515d50b1dee0e,,1
220,12,24035417,0x1fdb,27,0 48 5,18,10,0 1 60 61 120 121 180 181 240 241,0xa04cf3b0ea1158d36c1a4da82446115c3c846b256b9c6d0d361ced031fa6a623,,1
220,13,24884683,0x7c3e00000003e1f0f800d,13,0 34 55,61,33,3 4 6 7 10 22 25 63 64 66 67 70 82 85 123 124 126 127 130 142 145 183 184 186 187 190 202 205 243 244 246 247 250,0xe0db2df15c5e634fe37c5e482852aef7aab57900fe6eec280d26e3296c40a0c2,,1
221,1,23135169,0xf8000,0,0 21 42,9,5,4 64 124 184 244,0x3c0c6feb4938244bc764e55fb8e85c1442bf97601c98104c69fd1970737e3575,,1
221,2,23417847,0xf8007,7,0 28 49,19,10,3 4 63 64 123 124 183 184 243 244,0x2ca96f401edb3a0c68aa6c7c76e04fa2c30e0362f89771616f53e9679ad01e45,,1
221,3,23422955,0xf800001f0f80000000000000000f80000000f8002,2,0 23 44,37,21,4 16 40 43 52 64 76 100 103 112 124 136 160 163 172 184 196 220 223 232 244,0xa7bef4dd8605c3c1ed371d79d841eec59132781cc3faf4f568097aa064c5f7da,,1
221,4,23426918,0xf80000001f00000000f80000000000000000f8003,3,0 24 45,47,30,3 4 28 39 40 51 52 63 64 88 99 100 111 112 123 124 148 159 160 171 172 183 184 208 219 220 231 232 243 244,0xeb976affe234d415ff6b2022b1d5d4e5900c1c09dfbbfae41ff6df9e5a3fccf5,,1
221,5,23428145,0x1f0f80000000f80000000000000000f80000000f8000,0,0 21 42,45,26,4 15 16 40 52 55 64 75 76 100 112 115 124 135 136 160 172 175 184 195 196 220 232 235 244 255,0x48105daccdd47f7eb431f6e1ab51ef8c9f42045c301a288523ff73bba5d79e7d,,1
221,6,23429875,0xf8003e000f80000000000000000f80000000f803a,58,0 15 36,54,34,3 4 16 39 40 46 51 52 63 64 76 99 100 106 111 112 123 124 136 159 160 166 171 172 183 184 196 219 220 226 231 232 243 244,0x183654a20a0b71e6dbc0a9455bee9d893e82051ea48779622763f6ad1038c3d2,,1
221,7,23430004,0xf800001f0f80000000f80000000000000000f803b,59,0 16 37,59,34,4 5 27 28 40 42 43 52 64 65 87 88 100 102 103 112 124 125 147 148 160 162 163 172 184 185 207 208 220 222 223 232 244 245,0xc1a30bb4625955a1902edcf441502863d7e53377c2f9c3bb23b682851e895715,,1
221,8,23430290,0xf80000000f87c00000f80000000000000000f8012,18,0 39 60,58,38,3 4 28 37 39 40 41 51 52 63 64 88 97 99 100 101 111 112 123 124 148 157 159 160 161 171 172 183 184 208 217 219 220 221 231 232 243 244,0x02710c5e528fd195a3513cce90cfeb1a779ad83ba3e99d0f332713f5b90ecef5,,1
221,9,23430604,0xf87c00000000000000f80000000f80000000f801b,27,0 48 5,53,34,4 15 16 27 28 49 52 53 64 75 76 87 88 109 112 113 124 135 136 147 148 169 172 173 184 195 196 207 208 229 232 233 244 255,0xe3135fd23f20eb8fa606d31f8094e01aab603e88c1bd20167d2f65fc92db6184,,1
221,10,23447239,0xf87c00000f80000000000000000f80000000f803e,62,0 19 40,67,39,0 3 4 16 40 48 49 51 52 60 63 64 76 100 108 109 111 112 120 123 124 136 160 168 169 171 172 180 183 184 196 220 228 229 231 232 240 243 244,0xe725d349d4c90a4ac55d1e5c087d34ba0f5b8fb7596086d1998639d60861144a,,1
221,11,23448744,0xf8003e1f0f80000000000000000000000000f802d,45,0 2 23,46,29,4 39 40 43 45 46 52 64 99 100 103 105 106 112 124 159 160 163 165 166 172 184 219 220 223 225 226 232 244,0xe8e1c10a0d03a86febd0c80095009ee620871815ddab7bafa83e97200f51be27,,1
221,12,23448859,0xf8003e000f80000000000000000f80000000f8003,3,0 24 45,57,35,3 4 15 16 40 46 51 52 63 64 75 76 100 106 111 112 123 124 135 136 160 166 171 172 183 184 195 196 220 226 231 232 243 244 255,0x416dd2292a2a697976ac30480ea11631cd812d0d999440dbda1eb031d344719b,,1
221,13,23449233,0xf87c00000000000000f80000000f80000000f8030,48,0 5 26,33,21,4 16 28 49 52 64 76 88 109 112 124 136 148 169 172 184 196 208 229 232 244,0xa241649693b42124a15afcca7e3f25c8f01d015904d8f87d38c606294c58b1a2,,1
222,1,23135188,0xf8000,0,0 21 42,9,5,4 64 124 184 244,0x75d24ebcdf5e95a5dae6cb424a0865c25f593b2cc23b44e8c7e4115d71a8205a,,1
222,2,23417866,0xf8007,7,0 28 49,19,10,3 4 63 64 123 124 183 184 243 244,0xec3af8fc75e43823be4268213fbf562f341621a93aacd5507723d8ef0b063b21,,1
222,3,23422804,0xf8003e000f80000000000000000f80000000f8016,22,0 43 0,36,21,4 16 40 46 52 64 76 100 106 112 124 136 160 166 172 184 196 220 226 232 244,0x6837570ea507edc4b2b7fd1cab3aff74fc2b668517bfb6245fe073c2dd37a137,,1
222,4,23427195,0xf80000000f8003e000f80000000000000000f803a,58,0 15 36,53,34,3 4 28 34 39 40 51 52 63 64 88 94 99 100 111 112 123 124 148 154 159 160 171 172 183 184 208 214 219 220 231 232 243 244,0x49abb26c40f98007aa791253c85818b6cb98a2206ca209dd4865ec9e8a33c122,,1
222,5,23427953,0xf80000001f00000000000000000f80000000f8009,9,0 30 51,38,22,4 15 16 40 52 64 75 76 100 112 124 135 136 160 172 184 195 196 220 232 244 255,0xbb7caba1d54aa83afec946b179c70ac3a3c18ae8630acc06b0d71335e15e06ff,,1
222,6,23429947,0x1f0f87c00000000000000000000000f80000000f8031,49,0 6 27,48,30,3 4 16 49 51 52 55 63 64 76 109 111 112 115 123 124 136 169 171 172 175 183 184 196 229 231 232 235 243 244,0x3999d6fd4d86eb1d44972be331d9ab123a318490558666a0453cf27b0c430ba6,,1
222,7,23430092,0xf80000000f80000000f80000000f80000000f803b,59,0 16 37,65,39,4 5 15 16 27 28 39 40 52 64 65 75 76 87 88 99 100 112 124 125 135 136 147 148 159 160 172 184 185 195 196 207 208 219 220 232 244 245 255,0x50732fd88e679d137173d3d4aed9ff4c12ee4ab4969a518207bf191e78ee7744,,1
222,8,23430367,0xf8003e000f80000000000000000f80000000f8020,32,0 53 10,63,39,0 3 4 16 40 45 46 51 52 60 63 64 76 100 105 106 111 112 120 123 124 136 160 165 166 171 172 180 183 184 196 220 225 226 231 232 240 243 244,0x6220662ed77aabc54180548f434fd5359a58e57e96edcfedd96fc4b73047e565,,1
222,9,23430777,0xf80000000f80000000f80000001f0000000000003,3,0 24 45,49,33,15 16 17 28 39 40 52 53 75 76 77 88 99 100 112 113 135 136 137 148 159 160 172 173 195 196 197 208 219 220 232 233 255,0x63efb4eb619e49a04b362c20b043a638dbab75b7e26fbce5e52dfcbf02808e48,,1
222,10,23447375,0x1f00000000000000000f80000000f80000000f8013,19,0 40 61,37,25,4 16 27 28 51 52 64 76 87 88 111 112 124 136 147 148 171 172 184 196 207 208 231 232 244,0xc4731a64c89f27096989c4cbbdef79742fd8e1c773704be7a9b21a25227a8b6f,,1
222,11,23448794,0xf87c00000f80000000000000000f80000000f8005,5,0 26 47,68,39,3 4 15 16 40 41 48 49 52 63 64 75 76 100 101 108 109 112 123 124 135 136 160 161 168 169 172 183 184 195 196 220 221 228 229 232 243 244 255,0xb6d312ff5b0f0ef9eed071b1b9ea38b71520f69810a81e18f737cc6dcc8268ce,,1
222,12,23449279,0x1f0000000000f80000000f80000000f80000000f8031,49,0 6 27,45,29,4 16 28 39 40 54 55 64 76 88 99 100 114 115 124 136 148 159 160 174 175 184 196 208 219 220 234 235 244,0x7848f6529ba589eb80c4963377a76d4354030e49acb164824730bf4c17768d6a,,1
222,13,23449333,0xf80000000f80000001f00000000f8000000000036,54,0 11 32,44,29,15 16 27 28 40 51 52 75 76 87 88 100 111 112 135 136 147 148 160 171 172 195 196 207 208 220 231 232 255,0x9054dd2065357ada463932047d7f0da9796809fae6d8cd98e7b26d61c82907b0,,1
223,1,23208165,0xf8000,0,0 21 42,9,5,4 64 124 184 244,0x75d24ebcdf5e95a5dae6cb424a0865c25f593b2cc23b44e8c7e4115d71a8205a,,1
223,2,23449059,0xf8007,7,0 28 49,19,10,3 4 63 64 123 124 183 184 243 244,0xec3af8fc75e43823be4268213fbf562f341621a93aacd5507723d8ef0b063b21,,1
224,1,23049089,0x7c000000000000000001f,31,0 52 9,8,4,25 85 145 205,0x63d737cff5d0d6e474876be56e2307e2a40454b8c88d3b7989022bd4b6e6790f,,1
224,2,23449099,0xf8007,7,0 28 49,9,5,4 64 124 184 244,0x3d24804939990b5124ec4c6051912542599e61dc1477ff8124cce75f9b140657,,1
225,1,23049085,0x3e00000006,6,0 27 48,10,5,10 70 130 190 250,0xb2ca0105049acab04d5e6bbb08931332178fb42d5c0a9cd1be9dbb218ccd1864,,1
225,2,23137810,0x7c000000000000000000000000002c,44,0 1 22,5,4,37 97 157 217,0x366cb70ae3a46e7569008512b84a24bc0e5ad7c87e6efdd5cb98ebabc265ed3f,,1
225,3,23137943,0x7c0000000000000000000000000014,20,0 41 62,13,8,36 37 96 97 156 157 216 217,0xd05e42d201b7c61410bd060b7c87cdd97f2fef72bc5842d558f1a16eb5601913,,1
225,4,23138090,0xf8000000000000000000000000000000000000001,1,0 22 43,7,4,52 112 172 232,0x9fb6f36539dd984df882358e7919e99ab3b05b434ec42a176e9b3ed31bd41648,,1
225,5,23449099,0xf8007,7,0 28 49,9,5,4 64 124 184 244,0x31da30c36e2cfd3afd23ac6ee82ac91ce30fe3055c6003759c9546468675e2cb,,1
226,1,23049442,0x1fc0000000005,5,0 26 47,8,5,13 73 133 193 253,0xbbc026f50244554c0c3ace741513aa3319c361a656c49e22cdb91fd6921c44af,,1
226,2,23449099,0xf8007,7,0 28 49,9,5,4 64 124 184 244,0x2e19a6e51e5e309fd83ad4d5aac07d5741e5b125cc657aba045f26f4b97afd3c,,1
227,1,22887599,0x7f8000000000000000000007,7,0 28 49,10,8,28 29 88 89 148 149 208 209,0x9e4c3868958315f9f05013ef7c8411ce177627f14c1407280f0cb61fdf53a76b,,1
227,2,23117475,0xfe0000002a,42,0 63 20,10,5,10 70 130 190 250,0x55af6989eca691a4f0f25f1fb50a29ba3e48b6dbf2d0bd562e652d926f885bee,,1
227,3,23568028,0xf80000000f80000000f80000000f80000000f8017,23,0 44 1,42,25,4 16 27 28 40 52 64 76 87 88 100 112 124 136 147 148 160 172 184 196 207 208 220 232 244,0x9e57313ac496d86f8994ff9e7bda81e313188b02106445845c0ef11654467ca6,,1
227,4,24576387,0x7c3e1f0f80000000f8003,3,0 24 45,54,31,3 4 15 16 19 22 25 63 64 75 76 79 82 85 123 124 135 136 139 142 145 183 184 195 196 199 202 205 243 244 255,0x044e5723dee41ba53fefe99c25712034ecbbe87ef232b04586b8b512d1467375,,1
227,5,24577123,0x7c3e1f0f80000000f8038,56,0 13 34,59,33,4 16 18 19 21 22 24 25 64 76 78 79 81 82 84 85 124 136 138 139 141 142 144 145 184 196 198 199 201 202 204 205 244,0x16b42ebca1447c207779a9fab94d47bb8cdbb7c6cee5c243773e70001672361e,,1
227,6,24577271,0x7c3e1f0f80000000f803a,58,0 15 36,54,31,3 4 15 16 19 22 25 63 64 75 76 79 82 85 123 124 135 136 139 142 145 183 184 195 196 199 202 205 243 244 255,0xbf36a324bb171055704c8b8d4c577bd1f0681e7d280427c23774d18c1c563f5d,,1
228,1,23038334,0x3e0000000000000000a,10,0 31 52,8,4,22 82 142 202,0xe341dcb3556abb8d7ceee36eebbe8d4872af122f49b54bdd96e8bf65db096ec5,,1
228,2,23049140,0x1f00000000000000000000002c,44,0 1 22,5,4,31 91 151 211,0xd64b1ecd9b8bb6d936edc2c4ff77bde7d0e42ca6c0a5b808aa253b0c0188d785,,1
228,3,23449133,0xf801c,28,0 49 6,9,5,4 64 124 184 244,0xd68a98d067515b72a85e8c33d125476284d41405ff05ed3dc4f01632159c9c8f,,1
229,1,23038341,0x3e00000000000000000000000000000000002,2,0 23 44,6,4,46 106 166 226,0x1d41ef37350151e04b703a15ee8b2d27d4ece6bd0484e3a2fe953c1c5230b57f,,1
229,2,23049140,0x3e00000000000000000000000035,53,0 10 31,6,4,34 94 154 214,0xc4fc28b9a3f8d1034c985e2b1082b27a8d2394e6d8063c5e2b79d51982bed59f,,1
229,3,23449133,0xf801c,28,0 49 6,9,5,4 64 124 184 244,0xf06abda74c47ebd018f0c2eb11e36240ba91983b8c1a84dcfd5ff90fc7b29dbf,,1
230,1,23049627,0x1fc0000000000000000000000000000000000019,25,0 46 3,6,4,49 109 169 229,0x124e1208a89a30109b8d555ed9aa3824719f7a123561374763d183280f76423d,,1
230,2,23449134,0xf8007,7,0 28 49,9,5,4 64 124 184 244,0xfeae2a2d4950a513046c249cf14997b6abe0d9f09dcbadda72049e948bf8ce79,,1
231,1,22889632,0xf800000000000000000000000000000000000003e,62,0 19 40,7,4,52 112 172 232,0x825ad70db97d890dfa09605865f57c29bf66b5ed19e430b7c9dcd6864997a2d6,,1
231,2,23126855,0x3e00000000000000000000000035,53,0 10 31,6,4,34 94 154 214,0xe1b32b44bf3562a60e0fd776ab494e2286ffb24b49a7ad1fe8933b832d566cfc,,1
231,3,23296311,0x1f000028,40,0 61 18,8,5,7 67 127 187 247,0x34e143c598ee7e36ca0e4e9c8cb9c8b952fa0781ce25c7d06195f69d18236a66,,1
232,1,22889698,0x1f000000000000000000000000000000015,21,0 42 63,7,4,43 103 163 223,0xf21ad1df8474d6392d94166077e0bbdd58fd40f667e7a79ad4ebe1ddda9947ca,,1
232,2,23126871,0xf8000000000023,35,0 56 13,6,4,16 76 136 196,0xa933dbf6bc76bc2d72907d0330b9eccfa4c39b50246bb6513dd7418a03e0d7b4,,1
232,3,23296342,0xf8000000000000000000036,54,0 11 32,5,4,28 88 148 208,0x571051df1948075d3f9c6825c053d251f454e593e1495ca44c875bfaab0123cc,,1
233,1,22961306,0xf8000,0,0 21 42,9,5,4 64 124 184 244,0x62f0584b684cd25d35f162761c25d6356ffb3f56be8f2e2c2a3bda1ae8d12df0,,1
233,2,23126888,0x1f000000000000000000000000000000028,40,0 61 18,7,4,43 103 163 223,0x76953b7f5e64663fcf6c1691bcf2a64e71def9178e0b4f6cbecf0ff11209efcb,,1
233,3,23296427,0x1f000000000000000000000000000000000000000008,8,0 29 50,7,4,55 115 175 235,0x937a01955c894b9e1ddbcf889f12dbcc32a234b60243ac28bba3f2e0b05817d7,,1
234,1,23208167,0xf8000,0,0 21 42,9,5,4 64 124 184 244,0x75d24ebcdf5e95a5dae6cb424a0865c25f593b2cc23b44e8c7e4115d71a8205a,,1
234,2,23449060,0xf8007,7,0 28 49,19,10,3 4 63 64 123 124 183 184 243 244,0xec3af8fc75e43823be4268213fbf562f341621a93aacd5507723d8ef0b063b21,,1
235,1,23040003,0x1f00000000000000000000003a,58,0 15 36,5,4,31 91 151 211,0x3d7c3e842ef74aedfff8c55cb1b05dab4d492b3e63844f61a8e45a9a079b8ca8,,1
235,2,23040699,0x1f00000000000000000000002c,44,0 1 22,8,8,30 31 90 91 150 151 210 211,0xa6a7be9cd965437615b98d46ece3b0b4620aa5353095821f93beafd1f06aac24,,1
235,3,23209211,0x1f00000000000000000000002d,45,0 2 23,5,4,31 91 151 211,0x821fc03c5cb17d01de5015c35e590c472c55d2d795e55d04b18affc4794c5123,,1
235,4,23449738,0xf8037,55,0 12 33,9,5,4 64 124 184 244,0x7f30d63fcfe03864ec6813ac30a09866045d482222aa7420c592212a45ba8162,,1
236,1,23208167,0xf8000,0,0 21 42,9,5,4 64 124 184 244,0x75d24ebcdf5e95a5dae6cb424a0865c25f593b2cc23b44e8c7e4115d71a8205a,,1
236,2,23449060,0xf8007,7,0 28 49,19,10,3 4 63 64 123 124 183 184 243 244,0xec3af8fc75e43823be4268213fbf562f341621a93aacd5507723d8ef0b063b21,,1
237,1,23208450,0x7c0000000000000000000000000000000000024,36,0 57 14,6,4,49 109 169 229,0x6d7845b72214bce3f8081e983e0b6c3a9d860156fb992a8cdcce59858346b47d,,1
237,2,23449099,0xf8007,7,0 28 49,9,5,4 64 124 184 244,0x852943cd3679fbedfadd045e72a8002b55f89ae2292ab6da90028a174ce20ec2,,1
238,1,23208165,0xf8000,0,0 21 42,9,5,4 64 124 184 244,0x75d24ebcdf5e95a5dae6cb424a0865c25f593b2cc23b44e8c7e4115d71a8205a,,1
238,2,23449060,0xf8007,7,0 28 49,19,10,3 4 63 64 123 124 183 184 243 244,0xec3af8fc75e43823be4268213fbf562f341621a93aacd5507723d8ef0b063b21,,1
239,1,23208166,0xf8000,0,0 21 42,9,5,4 64 124 184 244,0x7337aa8704288d0d2e9349370f2cc2e6175cfa16a4fdc3407a7338e039dcbf6e,,1
239,2,23449061,0xf8007,7,0 28 49,19,10,3 4 63 64 123 124 183 184 243 244,0xcfe40d69d3815f5fb1ed60643575a3dbc7da06fe4513dadf2090af198c26fd44,,1
240,1,23208166,0xf8000,0,0 21 42,9,5,4 64 124 184 244,0x75d24ebcdf5e95a5dae6cb424a0865c25f593b2cc23b44e8c7e4115d71a8205a,,1
240,2,23449061,0xf8007,7,0 28 49,19,10,3 4 63 64 123 124 183 184 243 244,0xec3af8fc75e43823be4268213fbf562f341621a93aacd5507723d8ef0b063b21,,1
241,1,22891037,0x1f000000000000000000000000000000015,21,0 42 63,7,4,43 103 163 223,0xc50b3301204674e11d5dd47dbeebf3027cb9fc84fbbc64ab5952584438f582c5,,1
241,2,23126958,0x1f00000000000000d,13,0 34 55,5,4,19 79 139 199,0x982955e58c5233e584cfa883e98b7ae0bd70aeb1119c53016ad0cdb4594be12b,,1
241,3,23296632,0x1f000028,40,0 61 18,8,5,7 67 127 187 247,0xdf00c8b38c58511875e8ff0703f2cda4f2e501c75eb605935d19c72a242e5c9b,,1
242,1,22891100,0x3e0000000000000000000000000000000000000000001a,26,0 47 4,8,4,58 118 178 238,0xd1b2c2b95fe5d5f7b824d6a948d2820adcb0853aa02aa09c910c975015604a7f,,1
242,2,23126972,0x7c000000000000000000000000002c,44,0 1 22,5,4,37 97 157 217,0x2d55c712f7fd06f930d987a7ad496268ff086198db1475f41a21494a7d9078dc,,1
242,3,23296669,0xf8000000000000000000036,54,0 11 32,5,4,28 88 148 208,0x4b923f7eb2e4f3950c2b66d58979dd6d866932b75d5465445037081665773d25,,1
243,1,22891160,0x3e0000000000000000a,10,0 31 52,8,4,22 82 142 202,0x10846df2ddeebe476d875f183dedab1c341918f30f460b9d67800bf894961427,,1
243,2,23126986,0xf800000000000000000000000000000000000002c,44,0 1 22,7,4,52 112 172 232,0x6f315526af20a7f594b374a2fe3a60173e55d4018cc3a922e9fd21eeaf81532f,,1
243,3,23296708,0x1f000000000000000000000000000000000000000008,8,0 29 50,7,4,55 115 175 235,0x1619768e1beb0c32871200f1ea4c73eccf9e39ed7ebef221eae073e8402a7d32,,1
244,1,22892046,0x1fe0000000000000000000000000000000000000000002d,45,0 2 23,16,8,58 59 118 119 178 179 238 239,0x07ab8751a2052357f398acd2a3c0998c7b9968bd71e6c15b86b301ff95b84215,,1
244,2,22941428,0xfe00000000000000000000000012,18,0 39 60,6,4,34 94 154 214,0xe2af7b25cdf51b004be0d0d6f4f622b31a844f16637ff899e9ff50e17528fb4a,,1
245,1,22892966,0x3f8020,32,0 53 10,9,5,4 64 124 184 244,0xfaa3d12ddac83b857772d4ed0c7592c4f794aafaacc802cbbdf6494de6cd2ea3,,1
245,2,22941697,0x7f000000000000000000000000000000000000000007,7,0 28 49,7,4,55 115 175 235,0x1a02dac0da24c9004ef9022f6556355332dc844dfe9a73047f73daa2d06bc529,,1
245,3,23340627,0x7f00003e,62,0 19 40,16,10,6 7 66 67 126 127 186 187 246 247,0x6a37ea0fee792d9b5505919a4040dbb39af0c6f06fb31cee9bb6285a6d1eb208,,1
246,1,22893100,0xfe00000000000000000000000000000000000000000003,3,0 24 45,8,4,58 118 178 238,0xe5936971863e4f8d753637425b951521b27b3975e6b33c05d373260d658f7658,,1
246,2,22941721,0x7f000000000000000000000000000000000000000007,7,0 28 49,7,4,55 115 175 235,0x6a6b775912486be056000ca41b7409f5ecdb03db242a022d93c59753f920dc7b,,1
246,3,23022082,0xf801c,28,0 49 6,9,5,4 64 124 184 244,0xa6a0be11f4a40e01c8f4c2a786d9c00e98717411503a8e9bd5d5f373abe57154,,1
246,4,23025095,0xf8000000000000000000021,33,0 54 11,5,4,28 88 148 208,0xe8725f2e32b203f593ed8ca113cf144efcc85c370c2c083c70b4ae5a56ebb151,,1
246,5,23034260,0xf8000000000000000000007,7,0 28 49,12,8,27 28 87 88 147 148 207 208,0x93f7e6a2f422bdb19585ee2a3bf165a25fea21eb7daa53063b9a1872129862d2,,1
246,6,23166141,0x1f000008,8,0 29 50,8,5,7 67 127 187 247,0x0e0aa6dd57a2d17e9552a4a7c6df2676321ec08d53768823afe3550105f1d32f,,1
246,7,23166248,0x1f00000000000000000000003d,61,0 18 39,5,4,31 91 151 211,0x85e67afb9b6b8fda0418755abba1a0af31706403d3724201d18c41d11b8e840a,,1
246,8,23166323,0xf800000000000000000000000000001b,27,0 48 5,8,4,40 100 160 220,0xcddc53152f9487dbbc9151e008e1a34b61271bc29d9d45dee3d13d4c4cea372e,,1
246,9,23166479,0x7c000000000000000000000000000000000002e,46,0 3 24,16,9,0 49 60 109 120 169 180 229 240,0x23a337501b042fa6f1074531759a2f088c42b557a30b7a1581473fd42fa25214,,1
246,10,23166524,0x3e00000000000000000000000000000000000000000017,23,0 44 1,13,8,57 58 117 118 177 178 237 238,0x0d24f1fdc382c4934613bb16b669ac830710bf53f66fc5d8c35d4a0f8702abc1,,1
246,11,23367150,0x3e0000002f,47,0 4 25,10,5,10 70 130 190 250,0xbe7cfeaa45681bbd9268baead8580524a6fe4fc051041cf0c6f5e82da071d2ee,,1
246,12,23367725,0x3e00000000000000000000000036,54,0 11 32,6,4,34 94 154 214,0xd6dc22b2902e4e9c836027dc875f14b6a8ee6d3bef0909e78ee849b1ecb0198a,,1
246,13,23367825,0xf8000000000000000000000000000033,51,0 8 29,13,8,39 40 99 100 159 160 219 220,0x194616aebd46d058e931172ee4b1a49770e821e1efca09dbf0c6916062b9fffb,,1
246,14,23367907,0xf8000000000000000000000000000000000000005,5,0 26 47,7,4,52 112 172 232,0x9de51d83061018c8dcc2626ad017e843456c8c3fc3825bdec70584fbd976d281,,1
246,15,23368017,0x7c0000000019,25,0 46 3,8,5,13 73 133 193 253,0xc993be2dcc8191edc8d0993433485752e78b90e9819397389c9a719cb2a9ba3d,,1
246,16,23486069,0x1f000006,6,0 27 48,16,10,6 7 66 67 126 127 186 187 246 247,0xa38f25815e5ebe41bd6d3a3e527b1e9a6118680a6688ac36ef5f2d85666a82ea,,1
246,17,23487764,0x3e0000000001f00000001f000003e000f8000000000034,52,0 9 30,47,29,0 16 22 30 31 43 58 60 76 82 90 91 103 118 120 136 142 150 151 163 178 180 196 202 210 211 223 238 240,0x6b4ea09f2cf39428bb6388a4ce6368428f27d3feeebfad5cef85e3ae53f97f5c,,1
246,18,23537164,0x1fc0,0,0 21 42,8,5,1 61 121 181 241,0x1b95b27e9d2158690bd8821dd7bce513156fe0eb386aaaed1a988a7cdc514232,,1
246,19,23538235,0x1fc6,6,0 27 48,27,15,0 1 2 60 61 62 120 121 122 180 181 182 240 241 242,0x7235b18da91df1fcd103646239ee808c2e932f821c92cdebed8b3b10998b0949,,1
247,1,22893616,0x1fe0000000000000000000000000000000000000000002d,45,0 2 23,16,8,58 59 118 119 178 179 238 239,0x07ab8751a2052357f398acd2a3c0998c7b9968bd71e6c15b86b301ff95b84215,,1
247,2,22894884,0x7f00000000000000000000000000000003d,61,0 18 39,7,4,43 103 163 223,0xdb20e87812ecaaddec55b5c1841de3c22e6edac7bb5cb61918db6c8d6068dc92,,1
247,3,22895845,0x7f00000000000000000000000000000003a,58,0 15 36,20,12,42 43 44 102 103 104 162 163 164 222 223 224,0x97d9ec8f1c546179d3ed07e7d1ea7e03c4a67abfe23168f71337ac35e6db20ab,,1
247,4,22896392,0xfe00000000000000000000000038,56,0 13 34,16,9,0 34 60 94 120 154 180 214 240,0xce7633876a668655e6fb6451ecaf72ead1076286bb9da32a91e99a4d198e98b2,,1
247,5,22896543,0x7f000000000000000000000000000000000000000038,56,0 13 34,7,4,55 115 175 235,0x1d5ff5a9762ec4a6772ec3854a62c250953e5e4cdfb814727b173cf19328f4b9,,1
247,6,23001337,0xff000000000000000000000011,17,0 38 59,21,12,31 32 33 91 92 93 151 152 153 211 212 213,0x5efabd7500c4d5d57b3fbe02ed55a4ea1191edeb520986273d97bbb50998da11,,1
247,7,23044145,0x7f000000000000000000000012,18,0 39 60,8,8,30 31 90 91 150 151 210 211,0x8654e83759a978d174f35555a49553e00e9f5914d717b3ed58f8825770564fc5,,1
247,8,23339703,0x7f00002e,46,0 3 24,8,5,7 67 127 187 247,0x702aa1d8e230ee42d3ed4351887a4699943128d2e8f4eb5e50da077b61176364,,1
247,9,23395680,0x1fe00000000000000000000000000000000030,48,0 5 26,15,12,45 46 47 105 106 107 165 166 167 225 226 227,0xd6aab388372e34fc683bd6989f76bc5d24427bc53564e572b11d81d2fdede2e4,,1
247,10,23399299,0x1fc5,5,0 26 47,18,10,0 1 60 61 120 121 180 181 240 241,0x42a31488ce578daf70c797711ad6e913670f912f5f7d0ebb9d9915e3a615c64f,,1
247,11,23399380,0x1ff6,54,0 11 32,27,15,0 1 2 60 61 62 120 121 122 180 181 182 240 241 242,0x6f3c6e8a21afd4af9c3acb03026677c0b7565dcbd50c0b430466486e2a74ed99,,1
247,12,23590062,0xf80000000f80000000f8003e000f800000000000c,12,0 33 54,34,20,16 22 28 40 52 76 82 88 100 112 136 142 148 160 172 196 202 208 220 232,0xb7d5c0f1ec4406d5cbbbe34461ba42ba0d521e576c179c8fae95fc32043def9b,,1
247,13,23755562,0xfe00000000000001fc007f001fc00003f8000000000028,40,0 61 18,61,37,15 16 25 31 32 36 37 57 58 75 76 85 91 92 96 97 117 118 135 136 145 151 152 156 157 177 178 195 196 205 211 212 216 217 237 238 255,0x28fd10effcde7c9741c2d48f45f7c85e1472a094db2a909438f1f932014e2e7a,,1
247,14,24035467,0x1fe7,39,0 60 17,18,10,0 1 60 61 120 121 180 181 240 241,0x9d5e1bfed32ca1d3c74119bb3f1493a9246f521e159477ead03e504cd09f490b,,1
247,15,24505413,0x1fcb,11,0 32 53,17,10,1 2 61 62 121 122 181 182 241 242,0x19fa5b6d3b3f76a7ca2a4585cf56d428a0f9ace5d2bcd9e370c2a0c8297286b4,,1
247,16,24664057,0x7c3e1f00000001f0f8031,49,0 6 27,89,49,0 3 4 6 7 18 19 21 22 24 25 60 63 64 66 67 78 79 81 82 84 85 120 123 124 126 127 138 139 141 142 144 145 180 183 184 186 187 198 199 201 202 204 205 240 243 244 246 247,0x3cd4c1dbb1ffd8176c888e421de9b7fc7f415e3d57868106584965ea2398151a,,1
247,17,24848727,0x7c3e00000003e1f0f8007,7,0 28 49,52,28,4 7 9 10 22 25 64 67 69 70 82 85 124 127 129 130 142 145 184 187 189 190 202 205 244 247 249 250,0x26049e1ee918a07494d5e66441e0622b3738da782fc62ae02be9f81ff684add9,,1
248,1,23208166,0xf8000,0,0 21 42,9,5,4 64 124 184 244,0x75d24ebcdf5e95a5dae6cb424a0865c25f593b2cc23b44e8c7e4115d71a8205a,,1
248,2,23449060,0xf8007,7,0 28 49,19,10,3 4 63 64 123 124 183 184 243 244,0xec3af8fc75e43823be4268213fbf562f341621a93aacd5507723d8ef0b063b21,,1
249,1,22893936,0x1fc0000000005,5,0 26 47,8,5,13 73 133 193 253,0xbbc026f50244554c0c3ace741513aa3319c361a656c49e22cdb91fd6921c44af,,1
249,2,22941601,0x3f8000000000000000000000000000016,22,0 43 0,8,4,40 100 160 220,0xcad61ceef1f556c42e0a811b289411e5a33ba4e1d4f2c258552ee75695374600,,1
250,1,22894013,0x1fc0000000005,5,0 26 47,8,5,13 73 133 193 253,0xbbc026f50244554c0c3ace741513aa3319c361a656c49e22cdb91fd6921c44af,,1
250,2,22941629,0x7f00000000000000000000000000000003d,61,0 18 39,7,4,43 103 163 223,0x33c8b4d20e5a510977333074ec18622441510320e0ef1ef127b89aa3addda7c0,,1
251,1,23208167,0xf8000,0,0 21 42,9,5,4 64 124 184 244,0x75d24ebcdf5e95a5dae6cb424a0865c25f593b2cc23b44e8c7e4115d71a8205a,,1
251,2,23449289,0xf8007,7,0 28 49,19,10,3 4 63 64 123 124 183 184 243 244,0xec3af8fc75e43823be4268213fbf562f341621a93aacd5507723d8ef0b063b21,,1
252,1,22894092,0x7f00000000000000000000000000000000000000000f,15,0 36 57,7,4,55 115 175 235,0xe3687dd28d25b8a5f0723941c69957776f4b28dd599dce81b5ff8803e8d93b98,,1
252,2,22941649,0x1fc0000000024,36,0 57 14,8,5,13 73 133 193 253,0xb6c90b3c99f529187d017abb5188d3d45561fc3c3c961141fbe4f99c5eb12ce9,,1
253,1,23208260,0xf8000,0,0 21 42,9,5,4 64 124 184 244,0x75d24ebcdf5e95a5dae6cb424a0865c25f593b2cc23b44e8c7e4115d71a8205a,,1
253,2,23449704,0xf8007,7,0 28 49,19,10,3 4 63 64 123 124 183 184 243 244,0xcb61673bbf2374077daf1f850f24eee101fd1670aacc92e863d6a877d1468dde,,1
254,1,23208260,0xf8000,0,0 21 42,9,5,4 64 124 184 244,0x75d24ebcdf5e95a5dae6cb424a0865c25f593b2cc23b44e8c7e4115d71a8205a,,1
254,2,23449703,0xf8007,7,0 28 49,19,10,3 4 63 64 123 124 183 184 243 244,0xec3af8fc75e43823be4268213fbf562f341621a93aacd5507723d8ef0b063b21,,1
255,1,23208261,0xf8000,0,0 21 42,9,5,4 64 124 184 244,0x75d24ebcdf5e95a5dae6cb424a0865c25f593b2cc23b44e8c7e4115d71a8205a,,1
255,2,23449704,0xf8007,7,0 28 49,19,10,3 4 63 64 123 124 183 184 243 244,0xec3af8fc75e43823be4268213fbf562f341621a93aacd5507723d8ef0b063b21,,1
256,1,23208261,0xf8000,0,0 21 42,9,5,4 64 124 184 244,0x62f0584b684cd25d35f162761c25d6356ffb3f56be8f2e2c2a3bda1ae8d12df0,,1
256,2,23449704,0xf8007,7,0 28 49,19,10,3 4 63 64 123 124 183 184 243 244,0x1b0c3448c6e41cec6faaa710362072809e817660e37b01063731c32867c54f40,,1
257,1,23208261,0xf8000,0,0 21 42,9,5,4 64 124 184 244,0x75d24ebcdf5e95a5dae6cb424a0865c25f593b2cc23b44e8c7e4115d71a8205a,,1
257,2,23449705,0xf8007,7,0 28 49,19,10,3 4 63 64 123 124 183 184 243 244,0xec3af8fc75e43823be4268213fbf562f341621a93aacd5507723d8ef0b063b21,,1
258,1,23208261,0xf8000,0,0 21 42,9,5,4 64 124 184 244,0x75d24ebcdf5e95a5dae6cb424a0865c25f593b2cc23b44e8c7e4115d71a8205a,,1
258,2,23449705,0xf8007,7,0 28 49,19,10,3 4 63 64 123 124 183 184 243 244,0xec3af8fc75e43823be4268213fbf562f341621a93aacd5507723d8ef0b063b21,,1
259,1,23208260,0xf8000,0,0 21 42,9,5,4 64 124 184 244,0x75d24ebcdf5e95a5dae6cb424a0865c25f593b2cc23b44e8c7e4115d71a8205a,,1
259,2,23449704,0xf8007,7,0 28 49,19,10,3 4 63 64 123 124 183 184 243 244,0xec3af8fc75e43823be4268213fbf562f341621a93aacd5507723d8ef0b063b21,,1
260,1,23208262,0xf8000,0,0 21 42,9,5,4 64 124 184 244,0x75d24ebcdf5e95a5dae6cb424a0865c25f593b2cc23b44e8c7e4115d71a8205a,,1
260,2,23449724,0xf8007,7,0 28 49,19,10,3 4 63 64 123 124 183 184 243 244,0xec3af8fc75e43823be4268213fbf562f341621a93aacd5507723d8ef0b063b21,,1
261,1,22896466,0x1fe0000000000000000000000000000000000000000002d,45,0 2 23,16,8,58 59 118 119 178 179 238 239,0x07ab8751a2052357f398acd2a3c0998c7b9968bd71e6c15b86b301ff95b84215,,1
262,1,23208515,0x3e0000000000000000a,10,0 31 52,8,4,22 82 142 202,0x5c20e5fd7a6829dfb153d2fb989210ef2967de2fd20388753bbbf22ccd5238c6,,1
262,2,23449134,0xf8007,7,0 28 49,9,5,4 64 124 184 244,0x4d4aac25594e99d2b3cf91135274d86db4ffb3d9ed42da875f7be551d09d416c,,1
263,1,22898097,0xff000000000000000000000036,54,0 11 32,13,8,31 32 91 92 151 152 211 212,0xa2efcd4cda86b019500703f9f3f1e25e0ca798da14c695a3d6c6e09cff9fffec,,1
263,2,22915384,0x7c000000000e,14,0 35 56,8,5,13 73 133 193 253,0x085fe7bc467a5ea42d47ab51067a33586724e596e7983ddc2a9376394df28b59,,1
263,3,23036512,0xfe0000000000000000000000000000000001e,30,0 51 8,6,4,46 106 166 226,0x60375274ee73c256b547963d8346688657898748ada4387567a53364e4306ba6,,1
263,4,23071768,0x1fe00000000000000000000000000000000037,55,0 12 33,15,12,45 46 47 105 106 107 165 166 167 225 226 227,0x29b231209e5a3212442f19a48ac6eb047f12a0e00b145fc6b256ca70b3ac52b1,,1
264,1,22898407,0x1fe0000000000000000000000000000000000000000002d,45,0 2 23,16,8,58 59 118 119 178 179 238 239,0x07ab8751a2052357f398acd2a3c0998c7b9968bd71e6c15b86b301ff95b84215,,1
264,2,22903449,0x3f803c,60,0 17 38,9,5,4 64 124 184 244,0x475795270534596d7d1c6ef2d5ce3a8982b9fdeeca4fbcb5bf82f5c07a84b215,,1
264,3,23001380,0x3fc0000000000000000000000000000000000005,5,0 26 47,13,8,49 50 109 110 169 170 229 230,0x15aee62ee00c94795005af3741a11ff28c90e728854a7b25e976be24c889a7e3,,1
264,4,23044221,0x7c0000000000000000000000000000000000007,7,0 28 49,14,8,48 49 108 109 168 169 228 229,0x41e7de47492daa1ed0ace6f4f17f30f5bb98196f99e7c812f4fc7e4775dd036b,,1
264,5,23339751,0x1fc000000000000000000000000003b,59,0 16 37,5,4,37 97 157 217,0xbd8969c4cc7a1265f40fb8b86bdd6a1dda66699044375e7ac63d01ca2283eada,,1
264,6,23395692,0xff000000000000000000000000000000007,7,0 28 49,14,8,43 44 103 104 163 164 223 224,0x0d7a0ac4382b8ececbee14277b4bc1d005add1ac0eb92273da3161ead87ac4ef,,1
264,7,23589999,0xf80000000000000001f00000000f80000000f8019,25,0 46 3,40,26,3 4 16 28 51 52 63 64 76 88 111 112 123 124 136 148 171 172 183 184 196 208 231 232 243 244,0x4aee74d24c415f6094eafe7d8215bb01ec3b47f2fbe5f7aa843018218498cd5f,,1
264,8,23755682,0x3e000007c00000007c00000000000000f800001f000023,35,0 56 13,72,44,0 6 7 15 16 36 37 49 57 58 60 66 67 75 76 96 97 109 117 118 120 126 127 135 136 156 157 169 177 178 180 186 187 195 196 216 217 229 237 238 240 246 247 255,0xbc2f1d61da6e7bfd9e9f23acbe3da8617ec6920f492ce2fb783186e97ea8db01,,1
264,9,24664120,0x7c3e1f00000001f0f8005,5,0 26 47,38,22,4 7 19 22 25 64 67 79 82 85 124 127 139 142 145 184 187 199 202 205 244 247,0x5e26fd34146ed67a7b592d846449bb20218220071249645b822f48b95e67f3eb,,1
264,10,24894362,0x7c3e00000003e1f0f802e,46,0 3 24,77,41,3 4 6 7 10 21 22 24 25 63 64 66 67 70 81 82 84 85 123 124 126 127 130 141 142 144 145 183 184 186 187 190 201 202 204 205 243 244 246 247 250,0xb2e1dc4880f7ad6307c1be1eaa40ddf54570764e787d2710d7ffe21b9cacb63c,,1
264,11,24925660,0x1ff6,54,0 11 32,18,10,0 1 60 61 120 121 180 181 240 241,0x26a0e1c6f68427069acf253acad57349a700679238b440aa94c69943d68a49fd,,1
264,12,24995008,0x1fdb,27,0 48 5,27,15,0 1 2 60 61 62 120 121 122 180 181 182 240 241 242,0x3428ee4b5ba530e2b98396bb7b85435f35bca90edf20dbb51bb490139ab5bc9e,,1
265,1,23209750,0xf8000,0,0 21 42,9,5,4 64 124 184 244,0x75d24ebcdf5e95a5dae6cb424a0865c25f593b2cc23b44e8c7e4115d71a8205a,,1
265,2,23418085,0xf8007,7,0 28 49,19,10,3 4 63 64 123 124 183 184 243 244,0xec3af8fc75e43823be4268213fbf562f341621a93aacd5507723d8ef0b063b21,,1
265,3,23423296,0xf80000000f80000000f8003e000f800000000001a,26,0 47 4,34,20,16 22 28 40 52 76 82 88 100 112 136 142 148 160 172 196 202 208 220 232,0x1577de28563bac88fb2e42450ab28fac7d2d4575d5238d67e45309176ac0d7c6,,1
265,4,23426918,0xf80000001f00000000000000000f80000000f8030,48,0 5 26,46,30,4 15 16 39 40 51 52 64 75 76 99 100 111 112 124 135 136 159 160 171 172 184 195 196 219 220 231 232 244 255,0xc01731ab06123c6aef24703dcb0e31155841f518c41a16bd732a055c03470994,,1
265,5,23428120,0x1f0f80000000000000000f80000000f80000000f8039,57,0 14 35,51,30,3 4 16 27 28 52 55 63 64 76 87 88 112 115 123 124 136 147 148 172 175 183 184 196 207 208 232 235 243 244,0x156c995a1d7aeba14473e2e6a367fc5d4ce6267098b370b47cb2434a059118ec,,1
265,6,23429875,0xf87c00000000000000f80000000f80000000f8006,6,0 27 48,44,30,4 15 16 28 49 51 52 64 75 76 88 109 111 112 124 135 136 148 169 171 172 184 195 196 208 229 231 232 244 255,0x898f06b8f3c713301f577bca38d5b2650ddbe92ca1943212527c519c5f831e0e,,1
265,7,23430027,0x1f0f80000000f80000000000000000f80000000f8039,57,0 14 35,52,30,3 4 16 40 52 54 55 63 64 76 100 112 114 115 123 124 136 160 172 174 175 183 184 196 220 232 234 235 243 244,0x6c51b18b96fa16560941718cac3c61c29f639eaefa2875f01e31f5e7f58682e1,,1
265,8,23430290,0xf87c00000f80000000000000000f80000000f8035,53,0 10 31,70,43,0 4 15 16 39 40 48 49 51 52 60 64 75 76 99 100 108 109 111 112 120 124 135 136 159 160 168 169 171 172 180 184 195 196 219 220 228 229 231 232 240 244 255,0xa78102fa789b2430d3662edefde1cd67eee0390305a151b82aacd8f9b2a50cb9,,1
265,9,23430717,0x7c00000f80000000f80000000f80000000f801e,30,0 51 8,66,39,3 4 5 16 17 27 28 40 49 63 64 65 76 77 87 88 100 109 123 124 125 136 137 147 148 160 169 183 184 185 196 197 207 208 220 229 243 244 245,0x6b78f7ad2e16874b13f99b4cae99a40c405ada2efb6cc6c36975a5022daf0b0a,,1
265,10,23447239,0xf87c00000f80000000000000000f80000000f803e,62,0 19 40,57,34,4 15 16 39 40 48 49 52 64 75 76 99 100 108 109 112 124 135 136 159 160 168 169 172 184 195 196 219 220 228 229 232 244 255,0xb2e54987d1c5473ce1f8868b2f9b958453de6446f531e009692395a1c7963240,,1
265,11,23448744,0xf800001f0f80000000f80000000000000000f8004,4,0 25 46,66,42,3 4 28 40 41 42 43 51 52 53 63 64 88 100 101 102 103 111 112 113 123 124 148 160 161 162 163 171 172 173 183 184 208 220 221 222 223 231 232 233 243 244,0x71951f97b3c1506d1e186d034ede71a1696545eba0618eca5076823e15833ae7,,1
265,12,23448859,0xf8003e000f80000000000000000f80000000f8003,3,0 24 45,41,25,4 16 39 40 46 52 64 76 99 100 106 112 124 136 159 160 166 172 184 196 219 220 226 232 244,0xf4ec327dea7db4acdcd1fa60dc46935513060f99b914d223bd15d2462ef35117,,1
265,13,23449233,0xf87c00000000000000f80000000f80000000f8030,48,0 5 26,61,39,3 4 15 16 27 28 49 51 52 63 64 75 76 87 88 109 111 112 123 124 135 136 147 148 169 171 172 183 184 195 196 207 208 229 231 232 243 244 255,0xb02444623944963d416f3c4118dbadfd1577fbf0b68345bc72273b0cdb7b4841,,1
266,1,23209774,0xf8000,0,0 21 42,9,5,4 64 124 184 244,0x75d24ebcdf5e95a5dae6cb424a0865c25f593b2cc23b44e8c7e4115d71a8205a,,1
266,2,23418102,0xf8007,7,0 28 49,19,10,3 4 63 64 123 124 183 184 243 244,0xec3af8fc75e43823be4268213fbf562f341621a93aacd5507723d8ef0b063b21,,1
266,3,23423328,0xf800001f0000000000f80000000f80000000f8028,40,0 61 18,34,21,4 16 28 43 52 64 76 88 103 112 124 136 148 163 172 184 196 208 223 232 244,0xafbbbefb3c90af285ca6c4490f345bf91e16b0abfa762bd15407e36e953e74fc,,1
266,4,23427195,0xf8003e000f80000000000000000f80000000f8003,3,0 24 45,57,35,3 4 15 16 40 46 51 52 63 64 75 76 100 106 111 112 123 124 135 136 160 166 171 172 183 184 195 196 220 226 231 232 243 244 255,0x23e2219c1e4c65a974ad6c73d93857a1717f341e91952628d8b911fe872c44ed,,1
266,5,23427953,0xf80000000f80000000f80000000f80000000f803b,59,0 16 37,47,29,4 16 27 28 39 40 52 64 76 87 88 99 100 112 124 136 147 148 159 160 172 184 196 207 208 219 220 232 244,0xa740131368bcf5d80520ae8be86e265b92ba5a0725c1a08e88363a3c193c8836,,1
266,6,23429945,0x3e0000000000000000000f80000000f80000000f8023,35,0 56 13,45,27,3 4 15 16 28 55 63 64 75 76 88 115 123 124 135 136 148 175 183 184 195 196 208 235 243 244 255,0xf9f096b466565443ef4f9007a7f4a6dd09230c4b6b82991bc0de37b91acb9187,,1
266,7,23430092,0xf80000000f80000000f80000000f80000000f803b,59,0 16 37,55,34,4 5 16 27 28 40 51 52 64 65 76 87 88 100 111 112 124 125 136 147 148 160 171 172 184 185 196 207 208 220 231 232 244 245,0x792f7022580698cc48b2eb6388f85216f2e85fcd51cad81fcb6e040cce0072d8,,1
266,8,23430367,0xf8003e000f80000000000000000f80000000f8020,32,0 53 10,73,44,0 3 4 15 16 39 40 45 46 52 60 63 64 75 76 99 100 105 106 112 120 123 124 135 136 159 160 165 166 172 180 183 184 195 196 219 220 225 226 232 240 243 244 255,0x8f3d9febcba55b5e83dbe97e69aa3b9a81c85b8e6e320d299ada5f0c40be0482,,1
266,9,23430776,0xf80000000f80000001f00000000000000000f8001,1,0 22 43,32,21,4 28 40 51 52 64 88 100 111 112 124 148 160 171 172 184 208 220 231 232 244,0x3d3ee70f3cea30fd627740720947f4eca0be0042a92e6941529a3f47407ac2c4,,1
266,10,23447374,0x1f00000000000000000f80000000f80000000f8013,19,0 40 61,54,34,3 4 16 27 28 29 52 53 63 64 76 87 88 89 112 113 123 124 136 147 148 149 172 173 183 184 196 207 208 209 232 233 243 244,0xea1f6a8a163f685ed765e9353fe826dc8789b5526c580d44e6c1ff925bf5cc58,,1
266,11,23448794,0xf87c00000f80000000000000000f80000000f8005,5,0 26 47,57,38,4 15 16 17 39 40 49 51 52 64 75 76 77 99 100 109 111 112 124 135 136 137 159 160 169 171 172 184 195 196 197 219 220 229 231 232 244 255,0x036d118f84d45f5ea06d5d8d96503ec170d4665dc4f55cce2beb9893872467dc,,1
266,12,23449279,0x1f0000000000f80000000f80000000f80000000f8031,49,0 6 27,50,30,3 4 16 28 40 54 55 63 64 76 88 100 114 115 123 124 136 148 160 174 175 183 184 196 208 220 234 235 243 244,0x459fa2abbe5e6d7db01f2dd8a246cb18008dabd41b52f3428ce5e849c6bfa091,,1
266,13,23449333,0xf80000000f80000001f00000000f8000000000036,54,0 11 32,52,33,15 16 27 28 39 40 41 52 75 76 87 88 99 100 101 112 135 136 147 148 159 160 161 172 195 196 207 208 219 220 221 232 255,0x47583e3b5411c75bdcbaed785c574a800648341b4b42a2146de55ede1efbe1ab,,1
267,1,23134477,0xf8000,0,0 21 42,9,5,4 64 124 184 244,0x75d24ebcdf5e95a5dae6cb424a0865c25f593b2cc23b44e8c7e4115d71a8205a,,1
267,2,23418033,0xf8007,7,0 28 49,19,10,3 4 63 64 123 124 183 184 243 244,0xec3af8fc75e43823be4268213fbf562f341621a93aacd5507723d8ef0b063b21,,1
267,3,23423024,0x1f00000000000000000f80000000f80000000f8036,54,0 11 32,27,17,4 16 28 52 64 76 88 112 124 136 148 172 184 196 208 232 244,0x080888c3ca5d68f77162bfd6fd4cf737cc93a60806c2df30e5e41670a6f32dd7,,1
267,4,23426919,0xf80000001f00000000000000000f80000000f8030,48,0 5 26,51,31,3 4 15 16 40 51 52 63 64 75 76 100 111 112 123 124 135 136 160 171 172 183 184 195 196 220 231 232 243 244 255,0x68f664b24953a1c70481af70c9cfc72df5252cd626ef2ab82eb209d96ffd29b2,,1
267,5,23428238,0x1f0f80000000000000000f80000000f80000000f8039,57,0 14 35,46,29,4 16 27 28 52 54 55 64 76 87 88 112 114 115 124 136 147 148 172 174 175 184 196 207 208 232 234 235 244,0x5107772fa91ef91dfad4e02755f9797e89b2269622c694ad49c781948f8d12de,,1
267,6,23429876,0xf87c00000000000000f80000000f80000000f8006,6,0 27 48,54,35,3 4 15 16 28 49 51 52 63 64 75 76 88 109 111 112 123 124 135 136 148 169 171 172 183 184 195 196 208 229 231 232 243 244 255,0xf8b32473050ca9e00409c1f096dd94d7f88a7292552a8e01f0ea65019eeda87f,,1
267,7,23430005,0x1f0f80000000f80000000000000000f80000000f8039,57,0 14 35,62,35,0 4 5 16 39 40 52 55 60 64 65 76 99 100 112 115 120 124 125 136 159 160 172 175 180 184 185 196 219 220 232 235 240 244 245,0x3fc132da6aa85968f612c58a0d086fb739f34e0457b813cd0dbf31faf2190383,,1
267,8,23430292,0xf87c00000f80000000000000000f80000000f8035,53,0 10 31,70,43,3 4 15 16 40 48 49 51 52 53 63 64 75 76 100 108 109 111 112 113 123 124 135 136 160 168 169 171 172 173 183 184 195 196 220 228 229 231 232 233 243 244 255,0x6e1132324cdacb27e2477df53f068a6769bcb464a8f04b9b69039efa5c5bb2f0,,1
267,9,23430714,0x7c00000f80000000f80000000f80000000f801e,30,0 51 8,51,33,4 16 17 27 28 39 40 49 64 76 77 87 88 99 100 109 124 136 137 147 148 159 160 169 184 196 197 207 208 219 220 229 244,0x82aab46330fddaf233faeb92419a611ea567ac425f168fea3fa1ad77d3231459,,1
267,10,23447240,0xf87c00000f80000000000000000f80000000f803e,62,0 19 40,62,35,3 4 15 16 40 48 49 52 63 64 75 76 100 108 109 112 123 124 135 136 160 168 169 172 183 184 195 196 220 228 229 232 243 244 255,0x16d84fac9b3e1140865834370251834c74d788e0e588441e464477c812f4d1fd,,1
267,11,23448746,0xf800001f0f80000000f80000000000000000f8004,4,0 25 46,50,33,4 28 39 40 42 43 51 52 64 88 99 100 102 103 111 112 124 148 159 160 162 163 171 172 184 208 219 220 222 223 231 232 244,0xd27687ba803232b8b59d65bee63739b1715c4ae5bc0ebb550f343f34422f982c,,1
267,12,23448861,0xf8003e000f80000000000000000f80000000f8003,3,0 24 45,52,30,3 4 16 40 41 46 52 63 64 76 100 101 106 112 123 124 136 160 161 166 172 183 184 196 220 221 226 232 243 244,0x1ea9742ebc9d56abff0be118c2dab4d8aa37df28ab096f581dd3d9cd05bdebde,,1
267,13,23449235,0xf87c00000000000000f80000000f80000000f8030,48,0 5 26,51,34,4 15 16 27 28 49 51 52 64 75 76 87 88 109 111 112 124 135 136 147 148 169 171 172 184 195 196 207 208 229 231 232 244 255,0xc8bc72e2618ec94bb931b1978325569dac7dbc23468f71e1c47cf37d33fec4e0,,1
267,14,23449385,0x1f00000000000000000f80000000f80000000f802a,42,0 63 20,57,32,0 3 4 5 16 28 52 60 63 64 65 76 88 112 120 123 124 125 136 148 172 180 183 184 185 196 208 232 240 243 244 245,0x008f596c079f4490c47187bcf35096d336057ed347a792c34f784cd15f123800,,1
268,1,23134507,0xf8000,0,0 21 42,9,5,4 64 124 184 244,0x75d24ebcdf5e95a5dae6cb424a0865c25f593b2cc23b44e8c7e4115d71a8205a,,1
268,2,23418049,0xf8007,7,0 28 49,19,10,3 4 63 64 123 124 183 184 243 244,0xec3af8fc75e43823be4268213fbf562f341621a93aacd5507723d8ef0b063b21,,1
268,3,23423109,0xf8003e000000000000f80000000f80000000f8008,8,0 29 50,33,21,4 16 28 46 52 64 76 88 106 112 124 136 148 166 172 184 196 208 226 232 244,0xf0aac39acfd9a7137674a334725e4fefd869ad3df439ad6a01fae008d96c8640,,1
268,4,23427196,0xf8003e000f80000000000000000f80000000f8003,3,0 24 45,61,39,3 4 15 16 40 45 46 51 52 63 64 75 76 100 105 106 111 112 123 124 135 136 160 165 166 171 172 183 184 195 196 220 225 226 231 232 243 244 255,0x52d0059820f0d16ac0a329017104292a004ffabc3cecad573fce48dff4b66086,,1
268,5,23427954,0xf80000000f80000000f80000000f80000000f803b,59,0 16 37,47,29,4 16 27 28 39 40 52 64 76 87 88 99 100 112 124 136 147 148 159 160 172 184 196 207 208 219 220 232 244,0xaee2cacf564671cde6afd6b85bc439ed4ba2ce12f28db1b41a2ec5d5a043fcaf,,1
268,6,23429946,0x3e0000000000000000000f80000000f80000000f8023,35,0 56 13,45,27,3 4 15 16 28 55 63 64 75 76 88 115 123 124 135 136 148 175 183 184 195 196 208 235 243 244 255,0xe438a43d5f5b239dab40b5df7326d29bd3ae9c79e5b4258fc7352803475a09ca,,1
268,7,23430093,0xf80000000f80000000f80000000f80000000f803b,59,0 16 37,55,34,4 5 16 27 28 40 51 52 64 65 76 87 88 100 111 112 124 125 136 147 148 160 171 172 184 185 196 207 208 220 231 232 244 245,0x83d933c0d8a84d4f760464ebf83fb70486368ce722e8ddbc1e6c65383a50825d,,1
268,8,23430368,0xf8003e000f80000000000000000f80000000f8020,32,0 53 10,59,35,3 4 15 16 39 40 46 52 63 64 75 76 99 100 106 112 123 124 135 136 159 160 166 172 183 184 195 196 219 220 226 232 243 244 255,0x14e7b71310a9f38baae13a48ecda9fa4af9a18db850ab3dd47f4f62830514fa8,,1
268,9,23430777,0xf80000000f80000001f00000000000000000f8001,1,0 22 43,32,21,4 28 40 51 52 64 88 100 111 112 124 148 160 171 172 184 208 220 231 232 244,0xfda6d490dc1359e5526052642f59e31ec2c351d8ef86f5e098d224da87e8ea30,,1
268,10,23448794,0xf87c00000f80000000000000000f80000000f803e,62,0 19 40,61,35,0 3 4 16 39 40 49 52 60 63 64 76 99 100 109 112 120 123 124 136 159 160 169 172 180 183 184 196 219 220 229 232 240 243 244,0x5aae9f67d22acd23c3b3cc6e797902c1007b0e0b5cb663136be08de56eddd987,,1
268,11,23449280,0x1f0000000000f80000000f80000000f80000000f802e,46,0 3 24,60,38,4 15 16 17 27 28 40 54 55 64 75 76 77 87 88 100 114 115 124 135 136 137 147 148 160 174 175 184 195 196 197 207 208 220 234 235 244 255,0xdfe5e192bb0debf24a5ecfbfda9a450d8da3e1c9807e4f403270417c3cf6bdba,,1
268,12,23449335,0xf80000000f80000001f00000000f8000000000009,9,0 30 51,50,36,16 28 29 39 40 41 51 52 53 76 88 89 99 100 101 111 112 113 136 148 149 159 160 161 171 172 173 196 208 209 219 220 221 231 232 233,0xae4ed1d3f76f70a4e36d007f30ff58de47b61203b8feda81ecf25388dc85289d,,1
269,1,23209750,0xf8000,0,0 21 42,9,5,4 64 124 184 244,0x75d24ebcdf5e95a5dae6cb424a0865c25f593b2cc23b44e8c7e4115d71a8205a,,1
269,2,23418513,0xf8007,7,0 28 49,19,10,3 4 63 64 123 124 183 184 243 244,0xec3af8fc75e43823be4268213fbf562f341621a93aacd5507723d8ef0b063b21,,1
269,3,23424951,0xf80000000f80000000f80000000f80000000f8017,23,0 44 1,35,21,4 16 28 40 52 64 76 88 100 112 124 136 148 160 172 184 196 208 220 232 244,0xefb459889f2182c64de3e773cf6afe7e1008b629a02cf8e2a232e5857a3d385b,,1
269,4,23426919,0xf80000001f00000000000000000f80000000f8030,48,0 5 26,56,35,3 4 15 16 39 40 51 52 63 64 75 76 99 100 111 112 123 124 135 136 159 160 171 172 183 184 195 196 219 220 231 232 243 244 255,0x1dab7446c2eb558c04f6940043898781f89ddf3d3f97d78f42266c8ee478db0e,,1
269,5,23428120,0x1f0f80000000000000000f80000000f80000000f8039,57,0 14 35,41,25,4 16 27 28 52 55 64 76 87 88 112 115 124 136 147 148 172 175 184 196 207 208 232 235 244,0xca1b1e7feed271160949583f489626e65bb923fecf87e05669600708190b7172,,1
269,6,23429875,0xf87c00000000000000f80000000f80000000f8006,6,0 27 48,54,35,3 4 15 16 28 49 51 52 63 64 75 76 88 109 111 112 123 124 135 136 148 169 171 172 183 184 195 196 208 229 231 232 243 244 255,0x5c7b7f87809eaf20bab3cc746f2887b5ff22550b2ff058cb5d3b774a8a5d1b7f,,1
269,7,23430004,0x1f0f80000000f80000000000000000f80000000f8039,57,0 14 35,52,30,4 5 16 40 52 54 55 64 65 76 100 112 114 115 124 125 136 160 172 174 175 184 185 196 220 232 234 235 244 245,0xacf8a2c9617996de4483b91c88943206b4f1d613136bb6df7174ece89850a24e,,1
269,8,23430290,0xf87c00000f80000000000000000f80000000f8035,53,0 10 31,80,48,0 3 4 15 16 39 40 48 49 51 52 60 63 64 75 76 99 100 108 109 111 112 120 123 124 135 136 159 160 168 169 171 172 180 183 184 195 196 219 220 228 229 231 232 240 243 244 255,0xe2ccd3ded89894c918400f20d4713f2b4b1f5e86c2202cb738529e5306db8a6d,,1
269,9,23430604,0x7c00000f80000000f80000000f80000000f801e,30,0 51 8,46,29,4 16 17 27 28 40 49 64 76 77 87 88 100 109 124 136 137 147 148 160 169 184 196 197 207 208 220 229 244,0x4d77a33d79727938dbbf38861036fa27844566a6889bb24d650a8615871f54c2,,1
269,10,23448745,0xf87c001f0f80000000000000000000000000f8014,20,0 41 62,66,38,3 4 39 40 42 43 48 49 52 63 64 99 100 102 103 108 109 112 123 124 159 160 162 163 168 169 172 183 184 219 220 222 223 228 229 232 243 244,0xa48d53cede8a519d3a7a2055d6605e33bb9ccca8977730cea0fb007a010ad21f,,1
269,11,23448861,0xf80000000f8003e000f80000000000000000f8014,20,0 41 62,49,33,4 28 34 40 41 51 52 53 64 88 94 100 101 111 112 113 124 148 154 160 161 171 172 173 184 208 214 220 221 231 232 233 244,0x02b8e71cea696843b312ee1c50f21cfcc7499e450030b4c14a2ba4fd611d7cc1,,1
269,12,23449234,0xf87c00000000000000f80000000f80000000f801a,26,0 47 4,58,35,3 4 15 16 27 28 49 52 63 64 75 76 87 88 109 112 123 124 135 136 147 148 169 172 183 184 195 196 207 208 229 232 243 244 255,0xcc2bbfb41fa3450e631a2eedde4d3d1d1930a0328855358b192e34ae32e71558,,1
270,1,23209775,0xf8000,0,0 21 42,9,5,4 64 124 184 244,0x37a6d41d714267da15e7d64ced22ada5d70bf1905aae78e93bab90c5ddf13d86,,1
270,2,23418523,0xf8007,7,0 28 49,19,10,3 4 63 64 123 124 183 184 243 244,0xab5501c2cb5e1bf2c253bfcf3526c3f5df7cc0a2d96c3d3eb43287052d4c21d4,,1
270,3,23425007,0x1f0000000000003e000f80000000f800000000000f,15,0 36 57,24,16,16 28 34 52 76 88 94 112 136 148 154 172 196 208 214 232,0xe792f21b43cf0f61a5d55931f7a2f1e26d84bb285817a6e64f85acc0c20fd704,,1
270,4,23427196,0xf8003e000f80000000000000000f80000000f8003,3,0 24 45,47,30,4 15 16 40 46 51 52 64 75 76 100 106 111 112 124 135 136 160 166 171 172 184 195 196 220 226 231 232 244 255,0xf4db4570d652880a2eabbf5d808790d5924f6e66a831cb4d2550a973627add63,,1
270,5,23428048,0xf80000000f80000000f80000000f80000000f803b,59,0 16 37,57,34,3 4 16 27 28 39 40 52 63 64 76 87 88 99 100 112 123 124 136 147 148 159 160 172 183 184 196 207 208 219 220 232 243 244,0x7291736ae572cc5ae095912989bda200f928b89efc5d44f4d4ccd117dff56c55,,1
270,6,23429945,0x3e0000000000000000000f80000000f80000000f8023,35,0 56 13,35,22,4 15 16 28 55 64 75 76 88 115 124 135 136 148 175 184 195 196 208 235 244 255,0x509932e912c5b42ea7c56c9e091fd440e5eb76a77e62234160dc6c78ed0acf56,,1
270,7,23430092,0xf80000000f80000000f80000000f80000000f803b,59,0 16 37,55,34,3 4 16 27 28 40 51 52 63 64 76 87 88 100 111 112 123 124 136 147 148 160 171 172 183 184 196 207 208 220 231 232 243 244,0x83205c6299a7aefdaf85b4bfa4fff96f4ee4295969b9bcc9f131b0d4775ef4e8,,1
270,8,23430478,0xf8003e000f80000000000000000f80000000f8020,32,0 53 10,53,34,4 15 16 39 40 45 46 52 64 75 76 99 100 105 106 112 124 135 136 159 160 165 166 172 184 195 196 219 220 225 226 232 244 255,0x795948981de8c17fb5db0c7a59c3eae21b6fcc4d6cfb691c68043f29a6d1be1b,,1
270,9,23430776,0xf80000000f80000001f00000000000000000f8001,1,0 22 43,52,31,3 4 5 28 40 51 52 63 64 65 88 100 111 112 123 124 125 148 160 171 172 183 184 185 208 220 231 232 243 244 245,0x9f04e11f8506b1be53a3d7dd46144950ec608e638bf81014ea0208bac8d6a38d,,1
270,10,23448795,0xf87c00000f80000000000000000f80000000f803e,62,0 19 40,56,34,0 4 16 39 40 49 52 53 60 64 76 99 100 109 112 113 120 124 136 159 160 169 172 173 180 184 196 219 220 229 232 233 240 244,0x3d2f76f78493b6649f55e8ff0b155389196a1f1d5e1ab6aaf3361ac3540e1176,,1
270,11,23449279,0x1f0000000000f80000000f80000000f80000000f802e,46,0 3 24,70,43,3 4 15 16 17 27 28 40 54 55 63 64 75 76 77 87 88 100 114 115 123 124 135 136 137 147 148 160 174 175 183 184 195 196 197 207 208 220 234 235 243 244 255,0xaf4c8b8706796c602e6bbd1340dfb87ef3536094092c37a1ec65c1a5804f2f18,,1
270,12,23449335,0xf80000000f80000001f00000000f8000000000009,9,0 30 51,45,32,16 28 29 39 40 41 51 52 76 88 89 99 100 101 111 112 136 148 149 159 160 161 171 172 196 208 209 219 220 221 231 232,0x56065ea991213bebbda8b452df948b3505c92c465f1dfb0ace6bfd5c7b85cdd9,,1
271,1,22901871,0x3f8020,32,0 53 10,9,5,4 64 124 184 244,0x39ba80e1866ffc1d09de2e597461e3e9deef25f301dfaeff660571953e4a380e,,1
271,2,22903276,0x7c000000000000000000000000000000000000c,12,0 33 54,6,4,49 109 169 229,0x7f026441aba5eb2fe975977be5d179361d7c19b83d3aab0dbd3ca73c9c21c322,,1
271,3,22956891,0xf801c,28,0 49 6,19,10,3 4 63 64 123 124 183 184 243 244,0x6fa4be9d156ec1a5fe7d8a8ec48747b4543453e6f81202bb717a9e790a56fd76,,1
271,4,22957348,0x3f8000000000000000000019,25,0 46 3,5,4,28 88 148 208,0x2a88c89ef7a5cdbfa4180bf207db6aeb7e4483ad4e29e1d391fe9533f613ead2,,1
271,5,23035040,0x3f802d,45,0 2 23,19,10,4 5 64 65 124 125 184 185 244 245,0xfe47d56ce608d974ba2106aff6d5f7af65a21257b2426aeafa872920b4c392a3,,1
271,6,23035237,0x1fc0000000000000000000000000024,36,0 57 14,5,4,37 97 157 217,0xfdf595d934629aec35753769eecfaa4aef0a20b16da8ad5dd6ad01240c3bed53,,1
271,7,23047141,0x3f801a,26,0 47 4,19,10,3 4 63 64 123 124 183 184 243 244,0xd4ef1de2006913dbed3114d71b001918366e83cd5396d5ecc72b5dad079393e2,,1
271,8,23125534,0x7c0000000000000000026,38,0 59 16,18,9,0 25 60 85 120 145 180 205 240,0x1426d6d101028c17fc2ffad3725366255129d392dd962100b09b66dc1a1123d0,,1
271,9,23218039,0x3f8039,57,0 14 35,19,10,4 5 64 65 124 125 184 185 244 245,0xdda01214bc8b293da3421fd800db684b834460a8666b1ac2f09d4fcef42dfe0e,,1
271,10,23302080,0x1f000002,2,0 23 44,16,10,6 7 66 67 126 127 186 187 246 247,0x0d565a8ba2ee0466072c4a9407bd8dfe456fd7212f719b3c56ea4dddccd6291f,,1
271,11,23459651,0x3f80000003f80000003f80000003f80000003f802c,44,0 1 22,62,38,3 4 16 27 28 29 39 40 52 63 64 76 87 88 89 99 100 112 123 124 136 147 148 149 159 160 172 183 184 196 207 208 209 219 220 232 243 244,0x5c7bc7b8113df5bfb3ce94b7bd9a8c2725aa9f8646d735e610261fec4c59a570,,1
271,12,23699864,0x3f80000003f80000003f80000003f80000003f8020,32,0 53 10,72,47,4 5 15 16 17 28 40 41 51 52 53 64 65 75 76 77 88 100 101 111 112 113 124 125 135 136 137 148 160 161 171 172 173 184 185 195 196 197 208 220 221 231 232 233 244 245 255,0xe9f21c6ddf4851fbda230a1f03eabd4a3a339dd7d5a51430b5e2c87293918c04,,1
271,13,23885786,0x3f80000003f80000003f80000003f80000003f801a,26,0 47 4,62,38,3 4 16 27 28 29 39 40 52 63 64 76 87 88 89 99 100 112 123 124 136 147 148 149 159 160 172 183 184 196 207 208 209 219 220 232 243 244,0x1ac9e46d699798a5738dba558b906f8e6b66805429fce1df2fb4a2057b8df09f,,1
271,14,24553191,0x7c3e1f0f80000000f8025,37,0 58 15,59,34,4 15 16 18 19 22 24 25 64 75 76 78 79 82 84 85 124 135 136 138 139 142 144 145 184 195 196 198 199 202 204 205 244 255,0xb5e59b2fbcab685ea1bdd3d789bc61cf1504557cbdf2a0f53f118bb06a817c12,,1
272,1,23133956,0xf8000,0,0 21 42,9,5,4 64 124 184 244,0x75d24ebcdf5e95a5dae6cb424a0865c25f593b2cc23b44e8c7e4115d71a8205a,,1
272,2,23418050,0xf8007,7,0 28 49,19,10,3 4 63 64 123 124 183 184 243 244,0xec3af8fc75e43823be4268213fbf562f341621a93aacd5507723d8ef0b063b21,,1
272,3,23423162,0xf8003e000f80000000f80000000f803f,63,0 20 41,34,21,4 16 28 34 40 64 76 88 94 100 124 136 148 154 160 184 196 208 214 220 244,0xc58497446b1fe8d58b6073b7f13b9a8ffdced8bdf5bda236caf980546db68dd4,,1
272,4,23427066,0xf80000001f00000000f80000000000000000f8003,3,0 24 45,51,30,3 4 27 28 39 40 52 63 64 87 88 99 100 112 123 124 147 148 159 160 172 183 184 207 208 219 220 232 243 244,0x2b298ca0be3faaae8b30d7b1dd869e6a7f72bb9dd367999803a304e9b6083d9e,,1
272,5,23428121,0x1f00000000000000000f80000000f80000000f803c,60,0 17 38,38,26,4 15 16 28 51 52 64 75 76 88 111 112 124 135 136 148 171 172 184 195 196 208 231 232 244 255,0x6a2aed8dc6a560a16e41a9f8e7df22d8b6aa4bbd9852adcd11131c923d857e7d,,1
272,6,23429876,0xf8003e000f80000000000000000f80000000f803a,58,0 15 36,46,26,3 4 16 40 46 52 63 64 76 100 106 112 123 124 136 160 166 172 183 184 196 220 226 232 243 244,0xeac9a6b1a65199a46deeb0f9089e9ae1cc239bd771531c76fc089f7790f9733a,,1
272,7,23430005,0xf800001f0f80000000f80000000000000000f803b,59,0 16 37,77,47,0 4 5 27 28 39 40 42 43 51 52 60 64 65 87 88 99 100 102 103 111 112 120 124 125 147 148 159 160 162 163 171 172 180 184 185 207 208 219 220 222 223 231 232 240 244 245,0xd0982c933a284e4976baf1f271301f87f0bde3844d11e9816c4ebac6ad2879b3,,1
272,8,23430291,0xf80000000f87c00000f80000000000000000f8012,18,0 39 60,44,26,3 4 28 37 40 52 63 64 88 97 100 112 123 124 148 157 160 172 183 184 208 217 220 232 243 244,0x46b1e182a6bfa4eb31a6e4b0d3cf0bb0a8d6b822ea74133e9d0631f612c4cec3,,1
272,9,23430605,0xf87c00000000000000f80000000f80000000f801b,27,0 48 5,56,38,4 15 16 27 28 49 51 52 53 64 75 76 87 88 109 111 112 113 124 135 136 147 148 169 171 172 173 184 195 196 207 208 229 231 232 233 244 255,0x54ad85bd9ca8d8e4320af49e1732417c96f7ff1cb1caaabe6283425f54a3d97d,,1
272,10,23447240,0xf87c00000f80000000000000000f80000000f803e,62,0 19 40,59,34,3 4 16 39 40 48 49 52 63 64 76 99 100 108 109 112 123 124 136 159 160 168 169 172 183 184 196 219 220 228 229 232 243 244,0x8d78fe28d536df5c47c578f0a82eb54ba0804996f6033e6abbfbfc1155281350,,1
272,11,23448745,0x1f000001f0f80000000000000000000000000f800b,11,0 32 53,40,25,4 40 41 43 51 52 64 100 101 103 111 112 124 160 161 163 171 172 184 220 221 223 231 232 244,0xd3860d2cbd02cc081d0394e1d0b8a312c0570a69cadc70bfa93604b822b273e9,,1
272,12,23448860,0xf8003e000f80000000000000000f80000000f8003,3,0 24 45,63,39,3 4 15 16 39 40 45 46 52 63 64 75 76 99 100 105 106 112 123 124 135 136 159 160 165 166 172 183 184 195 196 219 220 225 226 232 243 244 255,0xc5c7d163839f54a6f394d8269f0154e7ab813b42c44d370f1cdaa5cde2d7b8aa,,1
272,13,23449234,0xf87c00000000000000f80000000f80000000f8030,48,0 5 26,36,25,4 16 28 49 51 52 64 76 88 109 111 112 124 136 148 169 171 172 184 196 208 229 231 232 244,0x2cdcdaf38530eb200a5828fe5a91a8702c4d185d09ac49028b0ed3a5523cfd6f,,1
273,1,23209751,0xf8000,0,0 21 42,9,5,4 64 124 184 244,0x75d24ebcdf5e95a5dae6cb424a0865c25f593b2cc23b44e8c7e4115d71a8205a,,1
273,2,23418162,0xf8007,7,0 28 49,19,10,3 4 63 64 123 124 183 184 243 244,0xec3af8fc75e43823be4268213fbf562f341621a93aacd5507723d8ef0b063b21,,1
273,3,23423469,0x1f0000000000f80000000f80000000f80000000f803e,62,0 19 40,35,21,4 16 28 40 55 64 76 88 100 115 124 136 148 160 175 184 196 208 220 235 244,0xa9fb29b7c796182a02c827988080153799bf650e0a5db344743d9dd931d87c40,,1
273,4,23427116,0xf80000001f000001f0000000000000000000f803c,60,0 17 38,44,26,3 4 31 39 40 52 63 64 91 99 100 112 123 124 151 159 160 172 183 184 211 219 220 232 243 244,0xb3cc8eaea5e5b466e9fe1fd65bf7847f9a5ff6d88a1a0085a39ceb9568ba56c3,,1
273,5,23428121,0x1f0f80000000000000000f80000000f80000000f8039,57,0 14 35,57,38,4 15 16 27 28 51 52 54 55 64 75 76 87 88 111 112 114 115 124 135 136 147 148 171 172 174 175 184 195 196 207 208 231 232 234 235 244 255,0x83b4fbdcf49cd18aff7e85f40acdee349587b6662d93ef7ee11d7cc74bdb7e57,,1
273,6,23429876,0xf87c00000000000000f80000000f80000000f8006,6,0 27 48,43,26,3 4 16 28 49 52 63 64 76 88 109 112 123 124 136 148 169 172 183 184 196 208 229 232 243 244,0xed28a75c596320760b73a65bcc04153c86bada0680050785f3f21b8be3317cbc,,1
273,7,23430004,0x1f0f80000000f80000000000000000f80000000f8039,57,0 14 35,68,40,0 4 5 15 16 40 51 52 55 60 64 65 75 76 100 111 112 115 120 124 125 135 136 160 171 172 175 180 184 185 195 196 220 231 232 235 240 244 245 255,0x170223c437534bcf19bd6e725cd923a8eb95ad1435fe267ab2278bf4a1f5196c,,1
273,8,23430291,0xf87c00000f80000000000000000f80000000f8035,53,0 10 31,59,34,3 4 16 39 40 48 49 52 63 64 76 99 100 108 109 112 123 124 136 159 160 168 169 172 183 184 196 219 220 228 229 232 243 244,0x6e829e673b5cfe3becceb4b0a761a7306a6e3a669247be3c0122820a7fb9b91c,,1
273,9,23430604,0x7c00000f80000000f80000000f80000000f801e,30,0 51 8,49,30,4 15 16 27 28 40 49 64 75 76 87 88 100 109 124 135 136 147 148 160 169 184 195 196 207 208 220 229 244 255,0x8275330354bf01ecc84ff92989434cd5f5c78ddc16a30d5d2f3d119950f0bb3b,,1
273,10,23447239,0xf87c00000f80000000000000000f80000000f803e,62,0 19 40,62,38,3 4 16 39 40 48 49 51 52 63 64 76 99 100 108 109 111 112 123 124 136 159 160 168 169 171 172 183 184 196 219 220 228 229 231 232 243 244,0x88dba6b704847f037ac84741699dc392a19d52ba89d29b573b9bbafe55c315a3,,1
273,11,23447547,0xf87c3e000000000000000000000f80000000f801f,31,0 52 9,47,30,4 15 16 17 46 49 52 64 75 76 77 106 109 112 124 135 136 137 166 169 172 184 195 196 197 226 229 232 244 255,0xa7035e3cf7eba26ba3d50591d337bb818782f7c30e6056fff412330166377ba5,,1
273,12,23447615,0xf80000000f80000000f80000000f80000000f8036,54,0 11 32,69,43,0 3 4 16 28 40 41 51 52 53 60 63 64 76 88 100 101 111 112 113 120 123 124 136 148 160 161 171 172 173 180 183 184 196 208 220 221 231 232 233 240 243 244,0x5a17c890154c17cd2f99168e07046cafc852bcb32fa0ae7a57b0ca5e1c767d0e,,1
273,13,23448746,0xf800001f0f80000000f80000000000000000f8003,3,0 24 45,54,33,4 27 28 39 40 42 43 52 64 87 88 99 100 102 103 112 124 147 148 159 160 162 163 172 184 207 208 219 220 222 223 232 244,0x2cdac881255d286a7189402eb2ac4df2df86651f1ab92ac62482153ddffb0776,,1
273,14,23448860,0xf8003e000f80000000000000000f80000000f8024,36,0 57 14,71,44,3 4 5 15 16 40 45 46 51 52 63 64 65 75 76 100 105 106 111 112 123 124 125 135 136 160 165 166 171 172 183 184 185 195 196 220 225 226 231 232 243 244 245 255,0xa1174fb43aa3ab779f518168c2da2662777f47c6cb9d38ac7513f58ed48ede9c,,1
273,15,23449234,0xf87c00000000000000f80000000f80000000f8000,0,0 21 42,41,25,4 16 28 48 49 52 64 76 88 108 109 112 124 136 148 168 169 172 184 196 208 228 229 232 244,0xf0d652c6f013d1627eaebab28becbe7b2fe66cb92201d6741b0a96b8b7966503,,1
274,1,23209775,0xf8000,0,0 21 42,9,5,4 64 124 184 244,0x75d24ebcdf5e95a5dae6cb424a0865c25f593b2cc23b44e8c7e4115d71a8205a,,1
274,2,23418171,0xf8007,7,0 28 49,19,10,3 4 63 64 123 124 183 184 243 244,0xec3af8fc75e43823be4268213fbf562f341621a93aacd5507723d8ef0b063b21,,1
274,3,23423622,0x1f00000000f80000000f80000000000000000f801b,27,0 48 5,29,17,4 28 40 52 64 88 100 112 124 148 160 172 184 208 220 232 244,0x65cbe61375c1bb3b71c8faeba0b13849d644ea8f8665f7e2ba48ae015785acdc,,1
274,4,23423718,0xf80000000f80000000f80000000f80000000f8035,53,0 10 31,60,38,3 4 16 27 28 39 40 51 52 63 64 76 87 88 99 100 111 112 123 124 136 147 148 159 160 171 172 183 184 196 207 208 219 220 231 232 243 244,0xb0a5d3c5f61c2a8b4c723035a86d1333e77282faf89dabc12421fd2b04c06aec,,1
274,5,23427195,0xf8003e000f80000000000000000f80000000f8023,35,0 56 13,44,26,4 15 16 40 46 52 64 75 76 100 106 112 124 135 136 160 166 172 184 195 196 220 226 232 244 255,0xcbeb3c034ff00ada398a72827e4c0e2ff78502c06dbeab7b3d4e0d1e11d8a3f6,,1
274,6,23427953,0xf80000000f80000000f80000000f80000000f8035,53,0 10 31,53,34,3 4 16 28 39 40 51 52 63 64 76 88 99 100 111 112 123 124 136 148 159 160 171 172 183 184 196 208 219 220 231 232 243 244,0xfb013514d7461ff8815d7cbde33d6258099e9d938425959785da61da80befb2e,,1
274,7,23429946,0x1f0f800000000000001f0f80000000000000000f800a,10,0 31 52,55,34,4 5 27 28 31 52 54 55 64 65 87 88 91 112 114 115 124 125 147 148 151 172 174 175 184 185 207 208 211 232 234 235 244 245,0x6c1ca1c2ea0b4fdab8f73f538e50296c9a40ba0b8ed6a4feea14a9f6d3af66f7,,1
274,8,23430092,0xf80000000f80000000f80000000f80000000f8030,48,0 5 26,71,44,0 3 4 15 16 28 40 51 52 53 60 63 64 75 76 88 100 111 112 113 120 123 124 135 136 148 160 171 172 173 180 183 184 195 196 208 220 231 232 233 240 243 244 255,0x40fb9cb099e7fe9df2a72a4d28296f4dc3185ee55a0f12946e52bfe5c11fca64,,1
274,9,23430367,0xf8003e000f80000000000000000f80000000f800a,10,0 31 52,45,29,4 16 39 40 45 46 52 64 76 99 100 105 106 112 124 136 159 160 165 166 172 184 196 219 220 225 226 232 244,0xae9de76afddcc26a1eeab2a1d3cfd9ac67437d2d7e8eaf52f95adf11a98d0ece,,1
274,10,23430776,0xf80000000f80000001f00000000000000000f8039,57,0 14 35,49,30,3 4 27 28 40 51 52 63 64 87 88 100 111 112 123 124 147 148 160 171 172 183 184 207 208 220 231 232 243 244,0x446b0ecf8c58dde710043f3748964bce60093ded0b0f25cfad26c200db58069b,,1
274,11,23447375,0x1f00000000000000000f80000000f80000000f8029,41,0 62 19,40,26,4 15 16 28 29 52 64 75 76 88 89 112 124 135 136 148 149 172 184 195 196 208 209 232 244 255,0xb87591c833a766fe356ad339ce65ec3ab7a69b889fbd9b28e90c3a8abbbf334c,,1
274,12,23447489,0xf80000000f87c00000f80000000000000000f8000,0,0 21 42,65,42,3 4 27 28 37 39 40 41 51 52 63 64 87 88 97 99 100 101 111 112 123 124 147 148 157 159 160 161 171 172 183 184 207 208 217 219 220 221 231 232 243 244,0xf38646da18d7c459faff500cac87d5bdf774a3452ca32196b62422cb2f239d6e,,1
274,13,23447587,0x1f00000000f80000000000000000f80000000f8030,48,0 5 26,35,21,4 16 40 52 53 64 76 100 112 113 124 136 160 172 173 184 196 220 232 233 244,0x263ef51f0404498c16410887bd4d2ad0982686bfad562b3e11e5f9f8b6dc4853,,1
274,14,23447641,0xf80000000f80000001f00000000f8000000000012,18,0 39 60,47,33,15 16 17 28 39 40 51 52 75 76 77 88 99 100 111 112 135 136 137 148 159 160 171 172 195 196 197 208 219 220 231 232 255,0x940cd220abeddc2c64dd0ac55e3b5802e6f0c3f41bc2b91d9918d9817e9c17fa,,1
274,15,23447696,0xf80000000f87c00000f80000000000000000f8009,9,0 30 51,59,34,3 4 27 28 36 37 40 52 63 64 87 88 96 97 100 112 123 124 147 148 156 157 160 172 183 184 207 208 216 217 220 232 243 244,0x1a49ce77ec0d41cabc47b5013773d9cd43a5383e321a035f95781a2ecca76135,,1
274,16,23448795,0xf87c00000f80000000000000000f80000000f8006,6,0 27 48,54,34,4 5 16 39 40 49 51 52 64 65 76 99 100 109 111 112 124 125 136 159 160 169 171 172 184 185 196 219 220 229 231 232 244 245,0xf6535a6cdbc1dd3f45ba053b18423d658c9848669506cc1e09242afd7b90dca7,,1
274,17,23449279,0x1f0000000000f80000000f80000000f80000000f8001,1,0 22 43,58,35,3 4 15 16 28 40 54 55 63 64 75 76 88 100 114 115 123 124 135 136 148 160 174 175 183 184 195 196 208 220 234 235 243 244 255,0x6df851abf04d628afe74ada62e7f825f35fe96606fcef4b661a25c0dd4881c03,,1
274,18,23449334,0xf80000000f80000001f00000000f800000000003d,61,0 18 39,53,33,0 16 27 28 29 39 40 52 60 76 87 88 89 99 100 112 120 136 147 148 149 159 160 172 180 196 207 208 209 219 220 232 240,0xc71ac331bd7834c311866a12bb3ad476926326697b591770eb07cc5fc776cb57,,1
275,1,23133992,0xf8000,0,0 21 42,9,5,4 64 124 184 244,0x75d24ebcdf5e95a5dae6cb424a0865c25f593b2cc23b44e8c7e4115d71a8205a,,1
275,2,23418073,0xf8007,7,0 28 49,19,10,3 4 63 64 123 124 183 184 243 244,0xec3af8fc75e43823be4268213fbf562f341621a93aacd5507723d8ef0b063b21,,1
275,3,23423247,0xf8003e000000000000f80000000f80000000f8008,8,0 29 50,33,21,4 16 28 46 52 64 76 88 106 112 124 136 148 166 172 184 196 208 226 232 244,0xf0aac39acfd9a7137674a334725e4fefd869ad3df439ad6a01fae008d96c8640,,1
275,4,23427353,0xf8003e00000003e000f80000000000000000f803d,61,0 18 39,57,38,3 4 27 28 34 45 46 51 52 63 64 87 88 94 105 106 111 112 123 124 147 148 154 165 166 171 172 183 184 207 208 214 225 226 231 232 243 244,0x9e2027e2887e8ca3b870288d2b1e40d7773baaf843e887999799ac7476b1be54,,1
275,5,23427954,0xf80000001f00000000000000000f80000000f8009,9,0 30 51,38,22,4 15 16 40 52 64 75 76 100 112 124 135 136 160 172 184 195 196 220 232 244 255,0x7335fdae7000ef690b79e7bc3060117276bc9e4dcaac990a6c27eecbfdcade78,,1
275,6,23429947,0x1f0f87c00000000000000000000000f80000000f8031,49,0 6 27,48,30,3 4 16 49 51 52 55 63 64 76 109 111 112 115 123 124 136 169 171 172 175 183 184 196 229 231 232 235 243 244,0x2b1285b27f850a184a1d608684e2452806459af0ee865808b354d13648ab2791,,1
275,7,23430220,0xf80000000f8003e000f80000000000000000f8032,50,0 7 28,58,34,4 5 28 33 34 39 40 52 64 65 88 93 94 99 100 112 124 125 148 153 154 159 160 172 184 185 208 213 214 219 220 232 244 245,0xc363672ebb329338ffbb747bf1ee0f2823a63f100189640dec4fcc4e2a458427,,1
275,8,23430368,0xf80000000f8003e000f80000000000000000f803a,58,0 15 36,65,39,0 3 4 27 28 34 40 51 52 60 63 64 87 88 94 100 111 112 120 123 124 147 148 154 160 171 172 180 183 184 207 208 214 220 231 232 240 243 244,0x24a4a44dd99e396a2d5b1e2179360b60910046b79927851076199cd1a72abcd1,,1
275,9,23430777,0xf80000000f80000000f80000001f0000000000003,3,0 24 45,44,29,15 16 28 39 40 52 53 75 76 88 99 100 112 113 135 136 148 159 160 172 173 195 196 208 219 220 232 233 255,0x15a862e8492ff62ffb02637df68b7ad41b4eafb223f86f5d42b91f57eeaeb1a9,,1
275,10,23447375,0x1f00000000000000000f80000000f80000000f8013,19,0 40 61,37,25,4 16 27 28 51 52 64 76 87 88 111 112 124 136 147 148 171 172 184 196 207 208 231 232 244,0xf3b6d522d91b6ad43450ca32a16296e4e4779f4e7486031424333d3470456e47,,1
275,11,23448793,0xf87c00000f80000000000000000f80000000f8005,5,0 26 47,62,35,3 4 15 16 40 48 49 52 63 64 75 76 100 108 109 112 123 124 135 136 160 168 169 172 183 184 195 196 220 228 229 232 243 244 255,0xb1b29599f4544d27ce84cd58b7ed7bda015a5271f5f0002de7beb810525dec07,,1
275,12,23449278,0x1f0000000000f80000000f80000000f80000000f8031,49,0 6 27,50,33,4 16 17 28 39 40 54 55 64 76 77 88 99 100 114 115 124 136 137 148 159 160 174 175 184 196 197 208 219 220 234 235 244,0xf13fc901de34a2d8009724d80cad8ddf1658a9f42782ce520d4aaeed531e3be6,,1
275,13,23449334,0xf80000000f80000001f00000000f8000000000036,54,0 11 32,55,37,15 16 27 28 29 40 41 51 52 75 76 87 88 89 100 101 111 112 135 136 147 148 149 160 161 171 172 195 196 207 208 209 220 221 231 232 255,0xcafe3559ead3c8f57aa37a52026cd2f6c43cf70d2909b534486b8fb0acf436e6,,1
276,1,23084452,0x7c000000000000000001f,31,0 52 9,8,4,25 85 145 205,0x63d737cff5d0d6e474876be56e2307e2a40454b8c88d3b7989022bd4b6e6790f,,1
276,2,23420991,0xf80000000f80000000f80000000f80000000f8009,9,0 30 51,35,21,4 16 28 40 52 64 76 88 100 112 124 136 148 160 172 184 196 208 220 232 244,0x98089287730230cc735a9af88987ca54b3e25e0eff290d6213245aaed30ab0f2,,1
276,3,24755437,0x7c3e1f00000001f0f8039,57,0 14 35,56,31,3 4 7 19 22 24 25 63 64 67 79 82 84 85 123 124 127 139 142 144 145 183 184 187 199 202 204 205 243 244 247,0x3ed4a7c3854838742cd5cea40cabd1c7ccd0d8e13d91230636f55ffd299de486,,1
277,1,23209750,0xf8000,0,0 21 42,9,5,4 64 124 184 244,0x75d24ebcdf5e95a5dae6cb424a0865c25f593b2cc23b44e8c7e4115d71a8205a,,1
277,2,23418355,0xf8007,7,0 28 49,19,10,3 4 63 64 123 124 183 184 243 244,0xec3af8fc75e43823be4268213fbf562f341621a93aacd5507723d8ef0b063b21,,1
277,3,23423907,0x1f00000000f80000000f80000000f800000000001b,27,0 48 5,26,16,16 28 40 52 76 88 100 112 136 148 160 172 196 208 220 232,0x29fb25389cb3985c1849416ae6994b71602da0486f664b4f9b84c2bc6c4e5492,,1
277,4,23426917,0xf80000001f00000000000000000f80000000f8030,48,0 5 26,46,30,4 15 16 39 40 51 52 64 75 76 99 100 111 112 124 135 136 159 160 171 172 184 195 196 219 220 231 232 244 255,0x4d9ad214a619940becb61eb84a6f63885705c771f26c2c227c702afb11ec11cb,,1
277,5,23428241,0x1f0f80000000000000000f80000000f80000000f8039,57,0 14 35,56,34,3 4 16 27 28 52 54 55 63 64 76 87 88 112 114 115 123 124 136 147 148 172 174 175 183 184 196 207 208 232 234 235 243 244,0x66d07adcbc506e93e257ae39ce6f852a0b70bc2dbd3275c027501166634dec42,,1
277,6,23429876,0xf87c00000000000000f80000000f80000000f8006,6,0 27 48,44,30,4 15 16 28 49 51 52 64 75 76 88 109 111 112 124 135 136 148 169 171 172 184 195 196 208 229 231 232 244 255,0xfb5626f1b9a84e20776b43b01e6bd521be03963987b5475adaa86a30c359607c,,1
277,7,23430005,0x1f0f80000000f80000000000000000f80000000f8039,57,0 14 35,47,26,3 4 16 40 52 55 63 64 76 100 112 115 123 124 136 160 172 175 183 184 196 220 232 235 243 244,0x7620ec92d9d68c2b24e0a67629437611dd78f6a7a8bb59527998bf3e77e40f73,,1
277,8,23430291,0xf87c00000f80000000000000000f80000000f8035,53,0 10 31,75,47,0 4 15 16 39 40 48 49 51 52 53 60 64 75 76 99 100 108 109 111 112 113 120 124 135 136 159 160 168 169 171 172 173 180 184 195 196 219 220 228 229 231 232 233 240 244 255,0x7358d25a7983aedf9fa001217a14a95a5b69eb865baab69563777ba3ae5685c1,,1
277,9,23430605,0x7c00000f80000000f80000000f80000000f801e,30,0 51 8,66,39,3 4 5 16 17 27 28 40 49 63 64 65 76 77 87 88 100 109 123 124 125 136 137 147 148 160 169 183 184 185 196 197 207 208 220 229 243 244 245,0xe90d1bfab6da127e0952307a08cee123fb5d4435dec80499e0b875e3f9776cbd,,1
277,10,23447239,0xf87c00000f80000000000000000f80000000f803e,62,0 19 40,57,34,4 15 16 39 40 48 49 52 64 75 76 99 100 108 109 112 124 135 136 159 160 168 169 172 184 195 196 219 220 228 229 232 244 255,0x615f7f9e58a31c6d703eb0dc4a8c22ca5f9abf44a1b1872467cb57db83ddf4b3,,1
277,11,23448745,0xf800001f0f80000000f80000000000000000f8004,4,0 25 46,61,38,3 4 28 40 41 42 43 51 52 63 64 88 100 101 102 103 111 112 123 124 148 160 161 162 163 171 172 183 184 208 220 221 222 223 231 232 243 244,0x4f18cd87ae87ad29f32a2169bbcf6abe1926f7cb74b7ae45355d20290f22f91d,,1
277,12,23448859,0xf8003e000f80000000000000000f80000000f8003,3,0 24 45,41,25,4 16 39 40 46 52 64 76 99 100 106 112 124 136 159 160 166 172 184 196 219 220 226 232 244,0x8a7f5d449f6d8f6c9a9d52fc2476cdd4df55e2763e5e25c2420b0022ba5cd837,,1
277,13,23449234,0xf87c00000000000000f80000000f80000000f8030,48,0 5 26,61,39,3 4 15 16 27 28 49 51 52 63 64 75 76 87 88 109 111 112 123 124 135 136 147 148 169 171 172 183 184 195 196 207 208 229 231 232 243 244 255,0x160c1b77aa4ae492ba818967b5e0b4e0f1139520e5af7a615540b0247ea9f912,,1
278,1,23210654,0xf8000,0,0 21 42,9,5,4 64 124 184 244,0x2d020ee7b7b9635b7f4f0e35cb969137fcc9a4c6dfc63d0ad1ae2326a851eeb0,,1
278,2,23418363,0xf8007,7,0 28 49,19,10,3 4 63 64 123 124 183 184 243 244,0x97401bcb096ac9da190bf7bf4133be8b4b20f353b44cf07a06f6d5ebecb72950,,1
278,3,23423950,0x1f00000000000000000f80000000f80000000f8036,54,0 11 32,27,17,4 16 28 52 64 76 88 112 124 136 148 172 184 196 208 232 244,0xb3f822f4c89b84906b3f3cf11af734879277e1264b2cae1d2b1ceea727d23fe5,,1
278,4,23427196,0xf8003e000f80000000000000000f80000000f8003,3,0 24 45,57,35,3 4 15 16 40 46 51 52 63 64 75 76 100 106 111 112 123 124 135 136 160 166 171 172 183 184 195 196 220 226 231 232 243 244 255,0xbed2bb4710034dc1083eba004b46312f72bf454843e1511becd06f776018b2a2,,1
278,5,23427953,0xf80000000f80000000f80000000f80000000f803b,59,0 16 37,47,29,4 16 27 28 39 40 52 64 76 87 88 99 100 112 124 136 147 148 159 160 172 184 196 207 208 219 220 232 244,0x6060b7dd2f3d5136361a72a7ffc075dc14343950eeb0931984b4c6e65ec5d89e,,1
278,6,23429945,0x3e0000000000000000000f80000000f80000000f8023,35,0 56 13,45,27,3 4 15 16 28 55 63 64 75 76 88 115 123 124 135 136 148 175 183 184 195 196 208 235 243 244 255,0x2f2ad088593900d2189e5f62fe1c72433af203143bd8708fe07446f4256bedeb,,1
278,7,23430093,0xf80000000f80000000f80000000f80000000f803b,59,0 16 37,65,39,0 4 5 16 27 28 40 51 52 60 64 65 76 87 88 100 111 112 120 124 125 136 147 148 160 171 172 180 184 185 196 207 208 220 231 232 240 244 245,0xea4605af57250f96fa3d0b9fb0d1b762f214601f6978ff6d2a1f06638c7525c9,,1
278,8,23430459,0xf8003e000f80000000000000000f80000000f8020,32,0 53 10,63,39,3 4 15 16 39 40 45 46 52 63 64 75 76 99 100 105 106 112 123 124 135 136 159 160 165 166 172 183 184 195 196 219 220 225 226 232 243 244 255,0x1b38e6bbdb69f5f68a34094b38a8cc818f230360d8ce8ab387c0579263678947,,1
278,9,23430777,0xf80000000f80000001f00000000000000000f8001,1,0 22 43,32,21,4 28 40 51 52 64 88 100 111 112 124 148 160 171 172 184 208 220 231 232 244,0x293d03d7b075df54752e03d66fbe52a9d46d55aa957192ffc41efc4e32382a51,,1
278,10,23448793,0xf87c00000f80000000000000000f80000000f803e,62,0 19 40,56,34,3 4 16 39 40 49 52 53 63 64 76 99 100 109 112 113 123 124 136 159 160 169 172 173 183 184 196 219 220 229 232 233 243 244,0x5b8ed520ad5689736998d08a1e64514444d4b1a9083ad53c0becb289d86873b5,,1
278,11,23449278,0x1f0000000000f80000000f80000000f80000000f802e,46,0 3 24,60,38,4 15 16 17 27 28 40 54 55 64 75 76 77 87 88 100 114 115 124 135 136 137 147 148 160 174 175 184 195 196 197 207 208 220 234 235 244 255,0x00207c2710cde837cc15d79445decee53220e44de091c7797aae11d693b23139,,1
278,12,23449334,0xf80000000f80000001f00000000f8000000000009,9,0 30 51,45,32,16 28 29 39 40 41 51 52 76 88 89 99 100 101 111 112 136 148 149 159 160 161 171 172 196 208 209 219 220 221 231 232,0x7beca47fb6a3109e2334d96e343dc4fa6f39252b9ee6216a73fd6687647102eb,,1
279,1,23209750,0xf8000,0,0 21 42,9,5,4 64 124 184 244,0x75d24ebcdf5e95a5dae6cb424a0865c25f593b2cc23b44e8c7e4115d71a8205a,,1
279,2,23419398,0xf8007,7,0 28 49,19,10,3 4 63 64 123 124 183 184 243 244,0xec3af8fc75e43823be4268213fbf562f341621a93aacd5507723d8ef0b063b21,,1
279,3,23425093,0xf80000000f8003e000000000001f000000000003d,61,0 18 39,27,16,16 34 40 52 76 94 100 112 136 154 160 172 196 214 220 232,0x2e68bbed687da7ef8325f79c2d2430fe4c922c48c3ed4f914eae609f7a96bf0f,,1
279,4,23426918,0xf80000001f00000000000000000f80000000f8030,48,0 5 26,46,30,4 15 16 39 40 51 52 64 75 76 99 100 111 112 124 135 136 159 160 171 172 184 195 196 219 220 231 232 244 255,0x0e1dcc8310da2f0d81b6238d73fe60d9ecaf702478affe1a5e819bbf0076ac9b,,1
279,5,23428120,0x1f0f80000000000000000f80000000f80000000f8039,57,0 14 35,44,26,3 4 16 28 52 55 63 64 76 88 112 115 123 124 136 148 172 175 183 184 196 208 232 235 243 244,0x4921ea31211dcf7d13e0d1c10510a0d5dbb65b6a67a78d4a8813f499f12531d8,,1
279,6,23429875,0xf87c00000000000000f80000000f80000000f8006,6,0 27 48,51,34,4 15 16 27 28 49 51 52 64 75 76 87 88 109 111 112 124 135 136 147 148 169 171 172 184 195 196 207 208 229 231 232 244 255,0x62273e0e0f851184186b13ebd350531a0653147a76ff51b02a723a07ee638bb8,,1
279,7,23430004,0x1f0f80000000f80000000000000000f80000000f8039,57,0 14 35,62,35,0 3 4 16 40 52 54 55 60 63 64 76 100 112 114 115 120 123 124 136 160 172 174 175 180 183 184 196 220 232 234 235 240 243 244,0x99259efabbeb6b7b617db6b99560d418229e628ff7948aea4cce0f561373739f,,1
279,8,23430289,0xf87c00000f80000000000000000f80000000f8035,53,0 10 31,65,42,4 15 16 17 39 40 48 49 51 52 64 75 76 77 99 100 108 109 111 112 124 135 136 137 159 160 168 169 171 172 184 195 196 197 219 220 228 229 231 232 244 255,0xeec6f60759d9a26f67b443617b0af42130e9c0919afd49b94dc76ffe167f4abe,,1
279,9,23430604,0x7c00000f80000000f80000000f80000000f801e,30,0 51 8,54,31,3 4 5 16 28 40 49 63 64 65 76 88 100 109 123 124 125 136 148 160 169 183 184 185 196 208 220 229 243 244 245,0xbb8c254fcda82780bb745db5491b6fbb8272bbca7df9c4de2ecfb345e762c5f5,,1
279,10,23447240,0xf87c00000f80000000000000000f80000000f803e,62,0 19 40,57,34,4 15 16 39 40 48 49 52 64 75 76 99 100 108 109 112 124 135 136 159 160 168 169 172 184 195 196 219 220 228 229 232 244 255,0xd97d373e4a907f9144414215e4f6326d7d0b3b1284cd367a3f1344abbba5de7a,,1
279,11,23448744,0xf800001f0f80000000f80000000000000000f8004,4,0 25 46,73,46,3 4 27 28 40 41 42 43 51 52 53 63 64 87 88 100 101 102 103 111 112 113 123 124 147 148 160 161 162 163 171 172 173 183 184 207 208 220 221 222 223 231 232 233 243 244,0x788e1699470a63c744ca39cd3a54bbe73198742ad2d937b3ac23e7cc93f723fe,,1
279,12,23448860,0xf8003e000f80000000000000000f80000000f8003,3,0 24 45,41,25,4 16 39 40 46 52 64 76 99 100 106 112 124 136 159 160 166 172 184 196 219 220 226 232 244,0x37d4f435fbdf8e2fb077afd71bf0c1205f0368e8279e7b1ae3c3afa59ccfc63d,,1
279,13,23449233,0xf87c00000000000000f80000000f80000000f8030,48,0 5 26,54,35,3 4 15 16 28 49 51 52 63 64 75 76 88 109 111 112 123 124 135 136 148 169 171 172 183 184 195 196 208 229 231 232 243 244 255,0xb097eca75e273a7ef3a3d5e7b9c78be698ea020475b4272b3903240a389106fd,,1
280,1,23209775,0xf8000,0,0 21 42,9,5,4 64 124 184 244,0x75d24ebcdf5e95a5dae6cb424a0865c25f593b2cc23b44e8c7e4115d71a8205a,,1
280,2,23419412,0xf8007,7,0 28 49,19,10,3 4 63 64 123 124 183 184 243 244,0xec3af8fc75e43823be4268213fbf562f341621a93aacd5507723d8ef0b063b21,,1
280,3,23425133,0xf80000000f80000000f80000000f80000000f8017,23,0 44 1,35,21,4 16 28 40 52 64 76 88 100 112 124 136 148 160 172 184 196 208 220 232 244,0xefb459889f2182c64de3e773cf6afe7e1008b629a02cf8e2a232e5857a3d385b,,1
280,4,23427885,0xf80000000f80000000f80000000f80000000f8035,53,0 10 31,68,43,3 4 15 16 27 28 39 40 51 52 63 64 75 76 87 88 99 100 111 112 123 124 135 136 147 148 159 160 171 172 183 184 195 196 207 208 219 220 231 232 243 244 255,0x38b93010af84ebcf5f842a1a3d6a3165892f2e969ad280c2b402b8da0d5df62b,,1
280,5,23427952,0xf80000000f80000000f80000000f80000000f803b,59,0 16 37,35,21,4 16 28 40 52 64 76 88 100 112 124 136 148 160 172 184 196 208 220 232 244,0x6a3516b0eb6f10d55ce854386e70066af14b869591573fabadd26a47481de20e,,1
280,6,23429946,0x1f0f87c00000000000000000000000f80000000f8031,49,0 6 27,56,35,3 4 15 16 49 51 52 55 63 64 75 76 109 111 112 115 123 124 135 136 169 171 172 175 183 184 195 196 229 231 232 235 243 244 255,0x73c9dc5bff3f896103483afcc681c6761f3ae56f2f46ee5186de1a1ba97a32f0,,1
280,7,23430240,0xf87c00000f80000000000000000f80000000f8010,16,0 37 58,59,34,4 5 16 39 40 48 49 52 64 65 76 99 100 108 109 112 124 125 136 159 160 168 169 172 184 185 196 219 220 228 229 232 244 245,0x35ea6701dcf788342da5062dd9d2e2e642fd307dfe01d708d833b4d4d80bb089,,1
280,8,23430368,0xf8003e000f80000000000000000f80000000f8020,32,0 53 10,67,40,0 3 4 15 16 40 46 51 52 60 63 64 75 76 100 106 111 112 120 123 124 135 136 160 166 171 172 180 183 184 195 196 220 226 231 232 240 243 244 255,0xc9cd778bb10c1a6f1c61d788ee72cf552a2b9afd16eb9fd30d44f06346025d79,,1
280,9,23430776,0xf80000000f80000001f00000000000000000f8001,1,0 22 43,46,29,4 27 28 39 40 52 53 64 87 88 99 100 112 113 124 147 148 159 160 172 173 184 207 208 219 220 232 233 244,0x5ce71bb88f903fd1cabb873627dbbe806e95141f03dbcfe53dfa82731df88705,,1
280,10,23447375,0x1f00000000000000000f80000000f80000000f8013,19,0 40 61,40,26,3 4 16 28 51 52 63 64 76 88 111 112 123 124 136 148 171 172 183 184 196 208 231 232 243 244,0xe1776335598561d4f0cd932883e241d87d98a1d6af7bf72be32ee7ce8f08e53d,,1
280,11,23448793,0xf87c00000f80000000000000000f80000000f8005,5,0 26 47,49,30,4 15 16 17 40 49 52 64 75 76 77 100 109 112 124 135 136 137 160 169 172 184 195 196 197 220 229 232 244 255,0x0acb371f478e493917e688807449ca3f1604bf6b1f0aa09f93f338b9de6fdebe,,1
280,12,23449278,0x1f0000000000f80000000f80000000f80000000f8031,49,0 6 27,68,42,3 4 16 27 28 39 40 41 54 55 63 64 76 87 88 99 100 101 114 115 123 124 136 147 148 159 160 161 174 175 183 184 196 207 208 219 220 221 234 235 243 244,0x9715489aaa4a5c9981c426fb656de66e3deec0480a08d6535cffaa66218dae70,,1
280,13,23449333,0xf80000000f80000001f00000000f8000000000036,54,0 11 32,42,29,15 16 28 29 40 51 52 75 76 88 89 100 111 112 135 136 148 149 160 171 172 195 196 208 209 220 231 232 255,0x96c8e7dd7d91ccb213664325457e28f20ea4357efab5b8239396aee130d6be88,,1
281,1,22904703,0x3f8000000000000000000028,40,0 61 18,5,4,28 88 148 208,0x6381e63db0d9e16f4e18e3582718a31231485ae167bafe4b52c144c3121bab3f,,1
281,2,22906071,0x7f8022,34,0 55 12,19,10,4 5 64 65 124 125 184 185 244 245,0x256b71bb397b05f845f673e74af3c51e2603a6c7c8c37ecb7876335b1d4ecf76,,1
281,3,22909558,0x1fe0000000000000000000000000000000000000000003d,61,0 18 39,16,8,58 59 118 119 178 179 238 239,0x4e92d801f06741469cad773e4b407fcf0a23258e969b5d689edd72d1165236d9,,1
281,4,22990737,0xfe0000000000000003e,62,0 19 40,8,4,22 82 142 202,0x1111b744e9663de75626324d09e7323e825b7e40dccbdea32c40c58895f555c6,,1
281,5,23059163,0x7f800000000000000000002b,43,0 0 21,27,17,0 27 28 29 60 87 88 89 120 147 148 149 180 207 208 209 240,0x51aaa41cc20ba89e6ea82286254beed942a656ebbec6dc23b472c5133e486dff,,1
281,6,23059189,0x3fc0000000000000000000000000014,20,0 41 62,9,8,37 38 97 98 157 158 217 218,0xac63e1aaf75c0ba37809c3d15e83ca93842499b1020c71a039ba6d8a0a948280,,1
281,7,23059523,0x7f8000000000000000000000000000000000000030,48,0 5 26,12,8,52 53 112 113 172 173 232 233,0x1e46edd9db04d7adfd1b752cf1b62c42195e95a66c5a84effe974555e399fa37,,1
282,1,22905282,0x7f803c,60,0 17 38,19,10,4 5 64 65 124 125 184 185 244 245,0xc91e4b8cf6b806ddd75a7c0caf8a61c49013bb12b08de7e5fa33402897cb760d,,1
282,2,24755455,0x7c3e1f00000001f0f803c,60,0 17 38,56,32,3 4 6 7 19 22 25 63 64 66 67 79 82 85 123 124 126 127 139 142 145 183 184 186 187 199 202 205 243 244 246 247,0x5828e990fa8146692815746d90cefd0d7e4874552ada43c9280ece327e4b8c4a,,1
283,1,22911103,0x1fc0000000005,5,0 26 47,8,5,13 73 133 193 253,0xbbc026f50244554c0c3ace741513aa3319c361a656c49e22cdb91fd6921c44af,,1
283,2,24764047,0x7c3e1f00000001f0f803c,60,0 17 38,38,22,4 7 19 22 25 64 67 79 82 85 124 127 139 142 145 184 187 199 202 205 244 247,0x459260c839633ffb7ee7bce30b281cb979f33ce8e984090026972a4ced1fe4e6,,1
284,1,22921983,0xfe00000000000000000000000000000000000000000003,3,0 24 45,8,4,58 118 178 238,0x41f3ee9754b57072b85129f8b02e845e0f2015f09e8777a1a8c883f21a420a67,,1
284,2,22922258,0x7f000000,0,0 21 42,8,5,7 67 127 187 247,0x96eafae33fad885896734c3da5d02fb16b1cf0367451b827c43ebe1335c44687,,1
284,3,22923194,0x7f8000000000006,6,0 27 48,11,8,16 17 76 77 136 137 196 197,0x9fae688a7109e1ab4bedaab990e2782bb97d79daaf1a90777d978c97bf0c3f45,,1
284,4,22926410,0x7f000000000000000000000000000000000000000012,18,0 39 60,7,4,55 115 175 235,0xa03e77f79f1c73d38ec4777daecebe743b9ac0ef3f8c6d07582806c7da0b0170,,1
284,5,22967024,0xf8007,7,0 28 49,9,5,4 64 124 184 244,0xd3bea567f7f8b0fb58a0fd678cad02b1e0c62f1fdd8ced119a28ac842936a943,,1
284,6,22968769,0x1f000000000000000000000000000000000000000031,49,0 6 27,12,8,54 55 114 115 174 175 234 235,0x81b3b0556099db14c66a943c469e120ba9ea83d18ea9ff80b9bb735b3aed38ba,,1
284,7,22968856,0x1f00000000000000000000003d,61,0 18 39,5,4,31 91 151 211,0xafcf9ed9afc0acd1e96bda83eb9606cad086a602dadb5edc80db5e12c7baaa7f,,1
284,8,22968952,0xfe0000000e,14,0 35 56,19,10,9 10 69 70 129 130 189 190 249 250,0x3c477f7ebe9652f7b124a1c493ef2aac80250a94b14ad653f8c6c471c5f7ec5e,,1
284,9,23222046,0x7f000000000000000000000000000000030,48,0 5 26,7,4,43 103 163 223,0xc07d265327e7243d1e5f080e3ae3e396682e055b8f0ae39cf735092b6d7dd3a2,,1
284,10,23222133,0x1fc0000000000000000008,8,0 29 50,8,4,25 85 145 205,0xf53c9f86ef97e8e90116abae0a59e3606f3c7b99e0ac5b5a13102b197be90a38,,1
284,11,23222168,0xfe0000000000000002d,45,0 2 23,18,9,0 22 60 82 120 142 180 202 240,0x9bafdc9df1d30d8cec1a3349080264576c9fc131b340aa9e3ba594ffa451a940,,1
284,12,23275798,0x3f8037,55,0 12 33,19,10,3 4 63 64 123 124 183 184 243 244,0x6702f7f7f3ba946c8c42aaced5d57e452ca9e4a43895abe9fefbe6f31e35d764,,1
284,13,23576689,0x3f800000000000003f80000003f80000003f8036,54,0 11 32,58,35,4 5 15 16 27 28 49 50 64 65 75 76 87 88 109 110 124 125 135 136 147 148 169 170 184 185 195 196 207 208 229 230 244 245 255,0x8a8761fa813b56ce49cd9c1deeadacb248a84fd915cb66e67d52636d977f19d3,,1
284,14,23588530,0x1fe7,39,0 60 17,18,10,0 1 60 61 120 121 180 181 240 241,0x98da7dc8500ffcc7db5849136cb944dec1a5af3110d8fc44cdf4d1c9ee119213,,1
284,15,23588581,0x1fcb,11,0 32 53,27,15,1 2 3 61 62 63 121 122 123 181 182 183 241 242 243,0x5f1ae999300e4cee2e91b7a08a17526b96be125f2f54ea34d60706775b771ef1,,1
284,16,23711854,0x1f0000000000f800001f0007c001f00000000000002b,43,0 0 21,61,37,0 18 19 24 25 30 31 40 55 60 78 79 84 85 90 91 100 115 120 138 139 144 145 150 151 160 175 180 198 199 204 205 210 211 220 235 240,0x97b1d92ffa8c51c453d4b4a97454986bcc59eb276e9d82d7bcf222de3e49b1cf,,1
284,17,24380117,0x7c3e1f0f87c0000000036,54,0 11 32,52,30,12 13 16 19 21 22 25 72 73 76 79 81 82 85 132 133 136 139 141 142 145 192 193 196 199 201 202 205 252 253,0xc93ef98b7480fb49ed58a50bd1a975c6428b8ff1676df5171b54a0225f9f078f,,1
284,18,24380375,0x7c3e1f0f87c000000001f,31,0 52 9,58,34,13 15 16 18 19 22 24 25 73 75 76 78 79 82 84 85 133 135 136 138 139 142 144 145 193 195 196 198 199 202 204 205 253 255,0x32deb7f2efa1458644cc6ffe8703f515f188f34c16c4aa8de2e992cb28fc19f6,,1
284,19,24654826,0x7c3e1f00000001f0f8013,19,0 40 61,60,35,4 6 7 19 21 22 25 26 64 66 67 79 81 82 85 86 124 126 127 139 141 142 145 146 184 186 187 199 201 202 205 206 244 246 247,0x36b9d21154b3c1eb3d88e77edc815179a44638a479aed248e62755f1ca076e03,,1
284,20,24655295,0x7c3e1f00000001f0f8002,2,0 23 44,71,39,3 4 7 18 19 22 23 24 25 63 64 67 78 79 82 83 84 85 123 124 127 138 139 142 143 144 145 183 184 187 198 199 202 203 204 205 243 244 247,0x57d59298cb0e334b9be084ec8f45ae67631959f7d718ae2b27a3176d8dd6de92,,1
285,1,22934168,0xf8000,0,0 21 42,9,5,4 64 124 184 244,0x75d24ebcdf5e95a5dae6cb424a0865c25f593b2cc23b44e8c7e4115d71a8205a,,1
285,2,22934664,0xf8000000000000000000011,17,0 38 59,5,4,28 88 148 208,0x5f5b58bd9b99e0fa78c8b73c43c1b7c694fd30d917720b130c5095d2bf35fa80,,1
285,3,22935010,0x3e0000000000000000000000000000000000000000000a,10,0 31 52,8,4,58 118 178 238,0x66408e7072f945d3e2a06d025901260ddde58451d90cbebca162da0adba89852,,1
285,4,22945052,0x7c000000000000000000000000001e,30,0 51 8,5,4,37 97 157 217,0x97283e73d23e820830c875cf7e571b365c9bc2ee0d96d56d6bdf6b99f47b1ff1,,1
285,5,23052503,0x1f000000000000000000000000000000000000000004,4,0 25 46,7,4,55 115 175 235,0xd10ce2af507ca1a6f7b762ad434ddc6bd86e9e50535f8e22e6287bfc49d397c3,,1
285,6,23102540,0x3e00000000000000011,17,0 38 59,8,4,22 82 142 202,0x92f689590ef6ea7a2a5001d8bc2c609a0f68aea73b196098e9dc7516ad28e2fb,,1
285,7,23109359,0x1fe00000000000000030,48,0 5 26,24,12,21 22 23 81 82 83 141 142 143 201 202 203,0x41578a146683c9941893f265550fcc6ca70bd313d678e26017037fc15a7afb07,,1
285,8,23213923,0x3e00000024,36,0 57 14,10,5,10 70 130 190 250,0x2647851217b6d035001e2bcf1d2f29b34aa1ae6c80d17fa3e4c10e1ab4586e75,,1
285,9,23215012,0x1f00000000000000000000000000000001e,30,0 51 8,7,4,43 103 163 223,0xab77766485690c667702303b3919ad23ce6effbe7ed35fd392085d2643440699,,1
285,10,23215187,0xf8000000000000000000000000000034,52,0 9 30,18,9,0 40 60 100 120 160 180 220 240,0xb4bd95884a0a8f13b0e4f7f6c0624638e09ea08750490207bccc840918355f4e,,1
285,11,23236467,0x1f000000000000000000000000000000000000000034,52,0 9 30,12,8,54 55 114 115 174 175 234 235,0x78a3bb84d9ca469c9be67c48844c6fa92582cfad973981a4248b331c141b13cf,,1
285,12,23236601,0xf8000000000000000000000000000000000000019,25,0 46 3,7,4,52 112 172 232,0xf57e0a517a498ffa7e6f08d47b50088fa06bbee3a67757f24a7c3215a062d975,,1
285,13,23236722,0x1f00000000000000000000000000000000000000000e,14,0 35 56,7,4,55 115 175 235,0x56d524ac124230bdce3b51a710f97504fbe498e1fccfd1cccb24069a5fd8031c,,1
285,14,23237827,0x1f00000000000000000000000000000000c,12,0 33 54,13,8,42 43 102 103 162 163 222 223,0xaf22e323a9c11d06adc009867cdc3ab3c1134210554cafa7c958be579494d5ba,,1
285,15,23263884,0x1f00000000000001d,29,0 50 7,5,4,19 79 139 199,0x62cdad269d21140dc2f046322b0bbbca58e76669e4192cf22797b943c20cc84e,,1
285,16,23288114,0xf8000000000032,50,0 7 28,6,4,16 76 136 196,0x1303767abfa073a5fdb7473935f098835713df87787a22dbbe9ccf04d7afc048,,1
285,17,23374462,0x1f000000000000000000000000000000000000000025,37,0 58 15,22,13,0 54 55 60 114 115 120 174 175 180 234 235 240,0x7019138be11121d1f5cae681dbf30f55acbd905282f6be950c7546e646b18a1e,,1
285,18,23374552,0x1f00000000000000000000000000000000000000001f,31,0 52 9,7,4,55 115 175 235,0x378565cc4b5724f600634b9b23181680b4b8d813156af2214a4351969debf380,,1
285,19,23374786,0xf8000000000000000000000000000000000000015,21,0 42 63,10,8,51 52 111 112 171 172 231 232,0x57bb65cd1e4960a6256a90de8eb8a5cc5cbf88081071392c3ef2730fc5144853,,1
285,20,23374859,0x1f00000000000000000000000000000000000000001f,31,0 52 9,12,8,54 55 114 115 174 175 234 235,0x7c5b36e77a6a3bcc857b47ebcdc73e5f250ff52427a562e95fc0af36d256d61a,,1
285,21,23375031,0xf800000000000000000000000000000000000003c,60,0 17 38,7,4,52 112 172 232,0xe1396799b2156dcdc68a23067b8fb6424c61b1aa1620ed55b101e1645e2b3b1a,,1
285,22,23378103,0x1f000000000000000000000000000000000000000024,36,0 57 14,7,4,55 115 175 235,0xc88fc8cd12158c22b4fb97a2aa0998df635c88c4af509a7f1f25fc66848c9a63,,1
285,23,23378214,0x7c000000000000000000000000000000000003d,61,0 18 39,16,9,0 49 60 109 120 169 180 229 240,0xfee115ccbc6ab04d31ffd64bc261de084768e0eb2532f501065e06b7d5792346,,1
285,24,23378260,0x3e0000000000000000000000000000000000000000002a,42,0 63 20,13,8,57 58 117 118 177 178 237 238,0xeecd7fb342ac78467f9e1bedeaad965bb9b10548c106db935a24aa74de1102f5,,1
285,25,23381422,0xf800000000000000000000000000000000000003d,61,0 18 39,10,8,51 52 111 112 171 172 231 232,0xe08d199486489e32628633d9f4cb1900cae827b991ef6e7aadee2ce35dc059d5,,1
285,26,23381622,0x1f000000000000000000000000000000000000000010,16,0 37 58,19,12,54 55 56 114 115 116 174 175 176 234 235 236,0x3ec6f21966e613738a0800fd54c9c97778f58ad83975c3fc4713901c8ce96bb3,,1
285,27,23382339,0x7c0000000000000000000000000000000000021,33,0 54 11,14,8,48 49 108 109 168 169 228 229,0x01063ced311cfe8b4fd2b353a004c18a811b45d7e4125befb89fc802f6c098bb,,1
285,28,23382423,0x1f000000000000000000000000000000000000000027,39,0 60 17,7,4,55 115 175 235,0xf17bc9065217dc526fe896c0a9d723a4ae97c97c85ebd9d2153e8f1d4bfdc584,,1
285,29,23382545,0x3e00000000000000000000000000000000002,2,0 23 44,6,4,46 106 166 226,0x4439c23c88c2212490e52300f6e109b9fe235f58cca0638a680871756f834262,,1
285,30,23383101,0xf800000000000000000000000000000000000000b,11,0 32 53,7,4,52 112 172 232,0x2995075d88e8317f2ce1600aba52e89981c1c2f258745c6330f1ad396b653592,,1
285,31,23383253,0x1f00000000000000000000002e,46,0 3 24,15,9,0 31 60 91 120 151 180 211 240,0x7a7183b8dc9c148a622c474df6f9c8905356d86e4e4a6dca45734069444367b8,,1
285,32,23384794,0x1f000000000000000000000000000000000000000002,2,0 23 44,12,8,54 55 114 115 174 175 234 235,0x056dac1efc7b607cf759c24c82689981fa0e09b161c3d93ea2e5639d101c11a6,,1
285,33,23385181,0x3e00000000000000000000000000000000000000000006,6,0 27 48,8,4,58 118 178 238,0xd629302192398faad03379081b8d98a7f0227fc8e1ce5dd6fcf0f265f8e5fe3d,,1
285,34,23385229,0xf8000000000000000000000000000000000000021,33,0 54 11,10,8,51 52 111 112 171 172 231 232,0xaced778297b5f4da71041407ba548a89161f87c91d5ba234df8fdbbb94e0959b,,1
285,35,23385303,0x1f000000000000000000000000000000000000000032,50,0 7 28,7,4,55 115 175 235,0x10dac2e18bb02aa35d5c9b1d812fd4cc72d6acd26b34de6f9d8781cac3031545,,1
285,36,23385345,0x7c0000000000000000000000000000000000034,52,0 9 30,6,4,49 109 169 229,0xcd7e59ccc73eca2d9783f871cdf56bea62588e7a84c43a48cf1bc9f8be270fce,,1
285,37,23385403,0xf8000000000000000000036,54,0 11 32,12,8,27 28 87 88 147 148 207 208,0x50a47fc8acf9ccf131a7b269d9177f77f5093a21b9a2d490ab4652680dfa6363,,1
285,38,23385473,0x1f000000000000000000000020,32,0 53 10,18,13,0 30 31 60 90 91 120 150 151 180 210 211 240,0x0fe799e74ec782ecdf17eec4af5c13e5b7354d182c0cff0c9b6fc3eb3b246026,,1
285,39,23385525,0x1f000000000000000000000034,52,0 9 30,5,4,31 91 151 211,0xb26d59b507620e673ea398a25c0266656bc313733d7bf065f32c043d3d1e6112,,1
285,40,23385576,0x3e00000000000000000000000028,40,0 61 18,6,4,34 94 154 214,0x676719fc73816506bce227243388e2c64e63d813c964b2bdce95856e0bad0c95,,1
285,41,23385615,0xf800000000000000000000000000000000000003f,63,0 20 41,7,4,52 112 172 232,0x4a93211826101d3d2d09ef8d9b99ff541be91de920ead4dea1449290bda42db0,,1
285,42,23401706,0x1fe9,41,0 62 19,18,10,0 1 60 61 120 121 180 181 240 241,0x3a375381d8450a97f2c8bff5e225e368687cbf75fd377257cf61563073787a25,,1
285,43,23401804,0x1fcd,13,0 34 55,27,15,0 1 2 60 61 62 120 121 122 180 181 182 240 241 242,0x332e9e2c8a9a937fdb5a3582e4ed47eaebcdaef9313b23031f0b95957dffda08,,1
285,44,23403297,0xf8003e000007c001f0000000000000000000f8033,51,0 8 29,60,42,3 4 30 31 36 37 45 46 51 52 63 64 90 91 96 97 105 106 111 112 123 124 150 151 156 157 165 166 171 172 183 184 210 211 216 217 225 226 231 232 243 244,0x38388794f4321b058a72f1a854baa0b36c5c5c336be102b40b08d0eaacb56350,,1
285,45,23410083,0x1f0f87c001f0000000000000000000000000000f8011,17,0 38 59,54,33,4 43 48 49 52 53 54 55 64 103 108 109 112 113 114 115 124 163 168 169 172 173 174 175 184 223 228 229 232 233 234 235 244,0x680aba8757eadb09b95399461d3d1acfcb6748507d9253fcd798958678b58c05,,1
285,46,23410448,0x1f0f8003e1f00000000000000000000000001f00003d,61,0 18 39,44,29,7 42 43 46 51 52 55 67 102 103 106 111 112 115 127 162 163 166 171 172 175 187 222 223 226 231 232 235 247,0x9719c246e94247166f4055b16a174129df9e280c7308ee682b915b65fd6811ee,,1
285,47,23419363,0x1f0f87c00000000000000f8003e00000000000000000,0,0 21 42,38,24,22 28 49 52 54 55 82 88 109 112 114 115 142 148 169 172 174 175 202 208 229 232 234 235,0x90b4053a3e875fda2a894169ae88d1be9df25ad9c87a7efb0ffd8af60f041796,,1
285,48,23445103,0x1f0f87c0000000003e1f000000000000000000000007,7,0 28 49,50,32,31 33 34 48 49 51 52 55 91 93 94 108 109 111 112 115 151 153 154 168 169 171 172 175 211 213 214 228 229 231 232 235,0x4b709381692b57e897d959d8be479c30762401812f489e478ce72bfe5d01116c,,1
285,49,23450114,0xf80000000f80000000f80000000f80000000f8039,57,0 14 35,65,39,3 4 15 16 27 28 39 40 52 63 64 75 76 87 88 99 100 112 123 124 135 136 147 148 159 160 172 183 184 195 196 207 208 219 220 232 243 244 255,0xdcd0f624a74e93f714705c09bae924e9287c984e904dc5e93892296a24907502,,1
285,50,23450906,0xf80000000f80000000f80000000f80000000f8036,54,0 11 32,48,30,0 4 16 28 40 51 52 60 64 76 88 100 111 112 120 124 136 148 160 171 172 180 184 196 208 220 231 232 240 244,0xd3092996316a7416d29c46069abf41db0991198b8dde8a27fcdf4132719aabc2,,1
285,51,23536724,0x1f0f87c00000f87c000000000000000000000000000a,10,0 31 52,50,32,37 39 40 49 52 54 55 56 97 99 100 109 112 114 115 116 157 159 160 169 172 174 175 176 217 219 220 229 232 234 235 236,0x8b1cd785f328a0d6deabd9fa8fd9ef27b4bc2b0ed74b227e32a1aa5d713eb537,,1
285,52,23572539,0x1f0f80000000000000000000000000f87c3e00000032,50,0 7 28,63,40,9 10 13 15 16 51 52 53 55 69 70 73 75 76 111 112 113 115 129 130 133 135 136 171 172 173 175 189 190 193 195 196 231 232 233 235 249 250 253 255,0x413a4470cd7cfa168df1de137a87da054f38295d81fbf5dc2deb5c8c51789158,,1
285,53,23575375,0x1fec,44,0 1 22,18,10,0 1 60 61 120 121 180 181 240 241,0x0ede94a653489739d1c2fb1b32bb6b679c6cc18116ff4708182e8ac9f59a327e,,1
285,54,23620866,0x1f0f87c00000000000000000000000f80000000f802e,46,0 3 24,58,34,3 4 16 48 49 52 54 55 63 64 76 108 109 112 114 115 123 124 136 168 169 172 174 175 183 184 196 228 229 232 234 235 243 244,0x4dc3facc591392ae057a29dec5a2edb4fce19399a9edb855a282e963d7e454f6,,1
285,55,23714058,0xf87c0000000003e000007c3e00000000000000023,35,0 56 13,61,36,21 22 24 25 34 49 50 51 52 81 82 84 85 94 109 110 111 112 141 142 144 145 154 169 170 171 172 201 202 204 205 214 229 230 231 232,0x764c87514844cde623bb5c8908ff8b5203284483195057e827ff25ee6123f439,,1
285,56,23756361,0x1f0f87c00000007c00000000000000f8000000000036,54,0 11 32,55,33,15 16 36 37 48 49 52 55 75 76 96 97 108 109 112 115 135 136 156 157 168 169 172 175 195 196 216 217 228 229 232 235 255,0x29b3f46bd49e350c997983818f58f35cf3c94e84530f077278ff8dd744479804,,1
285,57,23756687,0x1f0f87c00000f80000000000000000000000000f8027,39,0 60 17,45,29,4 40 49 51 52 54 55 64 100 109 111 112 114 115 124 160 169 171 172 174 175 184 220 229 231 232 234 235 244,0xd0011fd87b00212809e99bac0aa77947acd6d6c3eb36affe83a29ebcb199ac59,,1
285,58,23757098,0xf9f00000000000000000000000000000000000019,25,0 46 3,16,12,49 51 52 109 111 112 169 171 172 229 231 232,0xb05331c9c7b2ee3f9313e8d4efd97e0c37c8ffbf794fe502b4ac6be82dba4a3f,,1
285,59,23878488,0x1f0f800001f0000000000000000000f80000000f800a,10,0 31 52,46,26,3 4 16 43 52 55 63 64 76 103 112 115 123 124 136 163 172 175 183 184 196 223 232 235 243 244,0x63b34faeb978032047f394d15930e9731280afafd70751e491ef2fea2b8fafc0,,1
285,60,23897312,0x7fbfdfeff003fc000000000000000000000000002f,47,0 4 25,100,69,0 37 38 39 42 43 44 45 46 47 48 49 50 51 52 53 54 60 97 98 99 102 103 104 105 106 107 108 109 110 111 112 113 114 120 157 158 159 162 163 164 165 166 167 168 169 170 171 172 173 174 180 217 218 219 222 223 224 225 226 227 228 229 230 231 232 233 234 240,0xece0b555fbefe45d61e5541961d202d36299e7718dad8f13b87091eb00059c0c,,1
285,61,23962062,0x1fdb,27,0 48 5,27,15,0 1 2 60 61 62 120 121 122 180 181 182 240 241 242,0xd5274eb6888c450ae0070741708adc1d0e1d6c36675af02d5d2f3180aa8a6ff0,,1
285,62,24232598,0x1fc2,2,0 23 44,8,5,1 61 121 181 241,0xc5582d3413cdee3d3e68d44d97230f23e145e47d077cd01e33670c39dda73588,,1
285,63,24380192,0x1fda,26,0 47 4,27,15,0 1 2 60 61 62 120 121 122 180 181 182 240 241 242,0x037c8b9d2f6edec0a392be7b5e482faf51aa9da5a8a212d846c525c95072d21c,,1
285,64,24448338,0x7c3e1f0f87c000000003b,59,0 16 37,59,35,12 13 15 16 18 19 22 25 72 73 75 76 78 79 82 85 132 133 135 136 138 139 142 145 192 193 195 196 198 199 202 205 252 253 255,0x33c5f5618c1eaa75f4d0aa0d06a493a623e02d9495fdf48c2125708cbf318ca8,,1
285,65,24556343,0x1fd6,22,0 43 0,18,10,0 1 60 61 120 121 180 181 240 241,0x1635892a3024d027912c5ba917571a683c15992f6e5b7720c5e37c3e2dacc4a7,,1
285,66,24646327,0x1fcb,11,0 32 53,17,10,1 2 61 62 121 122 181 182 241 242,0x3b0612144279231984b3079e325c8e2d3c3532bb59aa5b0d7e9d7bcd023c2566,,1
285,67,24759912,0x1fc8,8,0 29 50,18,10,0 1 60 61 120 121 180 181 240 241,0x6f6e5ec6ec5f732c2390f490cab9a1ec292ba29a2cff868dfd3f9fca1d1649c0,,1
285,68,24764108,0x1ff5,53,0 10 31,27,15,0 1 2 60 61 62 120 121 122 180 181 182 240 241 242,0xd4a86676ad13023b780b74b3ff770b8bbe3db00fc264718c9abe0031aaee829c,,1
285,69,24994950,0x1fc9,9,0 30 51,8,5,1 61 121 181 241,0x4233d8c620ba85d986d46f928b6bd52243bac4667d3144859b60007dd4d9d171,,1
286,1,22934245,0x3fc000000000000000000000000000000000001c,28,0 49 6,13,8,49 50 109 110 169 170 229 230,0xe5b1efbc45f01621b75739a47f55f1da34f0bbd462386f8d4d14e4608049636a,,1
286,2,22970211,0xf8007,7,0 28 49,9,5,4 64 124 184 244,0xc536042b9c333ab0a93c9fc6b7574ce08cfcc3b2ffe86c99d70a1bd3b123c16f,,1
286,3,23006175,0x1f000028,40,0 61 18,8,5,7 67 127 187 247,0x15da668f2ffb01f652b6a4e79b214a4b91f6dc37c2310413616211dc77cdaeb5,,1
286,4,23006216,0xf8000000000006,6,0 27 48,6,4,16 76 136 196,0x7d80afb9964f2d385c2e0792e5b4b3ba60c1a19b085d38c20d0e613af91145ed,,1
286,5,23006257,0x3e00000000000000023,35,0 56 13,8,4,22 82 142 202,0xb70468a374fcfd4af2dfbde0e5522c954b3c2e0961d4d979a20eed6ef296ce0e,,1
286,6,23006286,0x1f00000000000002b,43,0 0 21,5,4,19 79 139 199,0x12f31e08c72c9be31378a0839d67084bb2379475fdb1bf49e6be80688a78936a,,1
286,7,23018608,0xf8006,6,0 27 48,19,10,3 4 63 64 123 124 183 184 243 244,0xdd6e25f231ce5d41a1c684500eaa4942b525a748ea71e3f49d7e5335c7584d30,,1
286,8,23018631,0x3e00000024,36,0 57 14,10,5,10 70 130 190 250,0xc80316ffad57dc9629423b7452fd12f4b1892360791cfc6fae0139237b617afd,,1
286,9,23018651,0x7c0000000004,4,0 25 46,8,5,13 73 133 193 253,0x67847bd4fc612bea127c863b3e4d1ba270bd91b08ac015cb230756b432a3f5e6,,1
286,10,23018678,0x7c0000000000000000038,56,0 13 34,18,9,0 25 60 85 120 145 180 205 240,0x76f43e98c552c625bf0596009368f196088055ccf13c0e431454a3293a137506,,1
286,11,23018696,0xf8000000000000000000012,18,0 39 60,5,4,28 88 148 208,0x015e61a0cee692979e0311866146a4f671571438e61a30e5dc9b2929b2c959a3,,1
286,12,23018723,0x1f00000000000000000000000f,15,0 36 57,5,4,31 91 151 211,0x3bfefcd56c80e6bb3c7aaf758bc407f5b3d43de454c43eb98931784fb59c9955,,1
286,13,23018744,0x3e0000000000000000000000001f,31,0 52 9,6,4,34 94 154 214,0xd6817e20933ddc556344bfe93640059741ec0a49149c11b8e65b88ab7464caad,,1
286,14,23018764,0x7c000000000000000000000000000f,15,0 36 57,5,4,37 97 157 217,0xe35b43c4804db7efd618ebd3ac5510c7d0bf908bf7828bfd7a36238c008b410d,,1
286,15,23018785,0xf8000000000000000000000000000030,48,0 5 26,8,4,40 100 160 220,0xb5607f2af347799dd400915f79373851efc64af5e559ac066a51e8bf862362cb,,1
286,16,23018808,0x1f000000000000000000000000000000016,22,0 43 0,7,4,43 103 163 223,0xcb39d0328f33d0e19b314a5d27fd555ecf5958a828733ffd382fbc8e9ba6ec32,,1
286,17,23018832,0x3e00000000000000000000000000000000023,35,0 56 13,6,4,46 106 166 226,0xf040f2bfa0ff1a43ecdf01fb85d030e512bbd4ffb9f92e77d51e820f36e2bd92,,1
286,18,23018854,0x7c000000000000000000000000000000000003d,61,0 18 39,24,13,0 48 49 60 108 109 120 168 169 180 228 229 240,0xf7b25901d9808c724059bddcb2afc32ad04b746e369df20ac00a818b042569e6,,1
286,19,23018873,0xf8000000000000000000000000000000000000015,21,0 42 63,10,8,51 52 111 112 171 172 231 232,0x9326b9b23097d553d6287cd8ee617b0f805eba5219dfd4bca2f3160722b7098e,,1
286,20,23018893,0x1f00000000000000000000000000000000000000001f,31,0 52 9,7,4,55 115 175 235,0x209c4c03aa5eb82d518bed586a881cc30495d3e7e43ac0cd7ea41439d630df93,,1
286,21,23018915,0x3e0000000000000000000000000000000000000000003c,60,0 17 38,8,4,58 118 178 238,0x54622ede0e7c62ea74b18ea29ffbebb2cd88e471c4ddf30fde6e4ead38caca98,,1
286,22,23161116,0xf8025,37,0 58 15,9,5,4 64 124 184 244,0x40f69448c64036cceb7cf147831302690db28a08f75cf90b06cb9471196656ff,,1
286,23,23161176,0x1f000030,48,0 5 26,16,10,6 7 66 67 126 127 186 187 246 247,0xaa151c39111d2b6d80cda1fadb0ffe9d73488bca03812e418f396ad3cf67f8a7,,1
286,24,23161297,0x3e00000008,8,0 29 50,19,10,9 10 69 70 129 130 189 190 249 250,0x2d648c5fb8c16431bbf124d5f21cd0b9334456379a13c2227db70e54c3d3752d,,1
286,25,23162821,0x7c000000003f,63,0 20 41,27,15,0 12 13 60 72 73 120 132 133 180 192 193 240 252 253,0xfb370c797c1cb63ff2276fc97c98c7b31b3abbc6d6a3ee3e6f3e417dfb8289dd,,1
286,26,23162853,0xf800000000003a,58,0 15 36,14,9,15 16 75 76 135 136 195 196 255,0x0ce8e41e9ad937c0ce54d31c9fe4c2ef9edeb801ad19a13b36917d2eeae385a3,,1
286,27,23162893,0x1f000000000000021,33,0 54 11,12,8,18 19 78 79 138 139 198 199,0x0fd623a83bc04b0d9d76e7a42a5dcfa81c563d752f2fe8b312bcf9a1f46030fc,,1
286,28,23162934,0x3e0000000000000001f,31,0 52 9,16,8,21 22 81 82 141 142 201 202,0xcb1eb3d9a5b170552aeda7637640303a8fcc0d8d6cddfcd3662b564798eb7ea6,,1
286,29,23162954,0x7c0000000000000000025,37,0 58 15,16,8,24 25 84 85 144 145 204 205,0x27c4336e642382691673d72bb29526c492bf7829d8a9ccb3469e44adfb0983ac,,1
286,30,23162994,0xf8000000000000000000035,53,0 10 31,12,8,27 28 87 88 147 148 207 208,0x52712015691779e64320a7ed27b98f77ce2a5204dd525403ab053feb454b8cae,,1
286,31,23163074,0x1f00000000000000000000002e,46,0 3 24,18,13,0 30 31 60 90 91 120 150 151 180 210 211 240,0x8a72611252bcbd9b778e5092cc8c82ab5f1e615105732a1fbe14894553c12bef,,1
286,32,23163114,0x3e00000000000000000000000038,56,0 13 34,14,8,33 34 93 94 153 154 213 214,0xd72dfd46d4c851711e7ea17b61c09784f6ec8bcd2389f7506479272695bc84e1,,1
286,33,23173922,0x7c0000000000000000000000000029,41,0 62 19,13,8,36 37 96 97 156 157 216 217,0xd269809286d74f06c8b7ba75b350388bc98156da209ca2f50d5fc9b011d2f939,,1
286,34,23173953,0xf800000000000000000000000000002e,46,0 3 24,13,8,39 40 99 100 159 160 219 220,0x0d55e416de1b2dfdca8b010ef0a95294f67522ffee717fc5c8fe4226e842b30e,,1
286,35,23173974,0x1f000000000000000000000000000000020,32,0 53 10,13,8,42 43 102 103 162 163 222 223,0xb41769fd5b019bc8fa001e85d9346437e2300fd95bf1dda28e1fc2ccf673f076,,1
286,36,23174014,0x3e0000000000000000000000000000000000d,13,0 34 55,10,8,45 46 105 106 165 166 225 226,0x73e5abb53235cb5edb61d5c49afbff61f23f9cda5238b897a9a6d8d7ac0fe369,,1
286,37,23174035,0x7c000000000000000000000000000000000002a,42,0 63 20,16,9,0 49 60 109 120 169 180 229 240,0xbef9ae31c958d0b14ecb4cc0ec8a39f51f0d052460805ec8de254f09a3285f8b,,1
286,38,23174055,0xf8000000000000000000000000000000000000015,21,0 42 63,7,4,52 112 172 232,0xd435f79672a5e48c0fbfceda15ec923df6dd4cdf493e6271cde9875a517089a9,,1
286,39,23174076,0x1f000000000000000000000000000000000000000004,4,0 25 46,12,8,54 55 114 115 174 175 234 235,0x3775ef099d0e1be126b71e9e5260989558908a40352b1b9be912c0da2743c57d,,1
286,40,23174096,0x3e0000000000000000000000000000000000000000002c,44,0 1 22,13,8,57 58 117 118 177 178 237 238,0xafae0464f4449a3eebc74a144d7e9e32ee5c8cf6af4ff199fe41dae5ff248f7c,,1
286,41,23227053,0xf8002,2,0 23 44,19,10,3 4 63 64 123 124 183 184 243 244,0x46adc5a5b45894eef20887fb726d25f28a57a7def479f37932360a9a1a0622d3,,1
286,42,23298748,0x1f000005,5,0 26 47,8,5,7 67 127 187 247,0x22367746cecef56a1a8c811857936101635544379b4cff262eaa16a4cec9ec71,,1
286,43,23348481,0x7c0000000000000000000000000000000000005,5,0 26 47,14,8,48 49 108 109 168 169 228 229,0x4defcc76fe39ced1493d226f6b5a375cc82cd2359f045734071f6788b30ee030,,1
286,44,23469122,0x3e1f0000000000000000000f800001f0f802d,45,0 2 23,44,27,4 6 7 16 43 46 64 66 67 76 103 106 124 126 127 136 163 166 184 186 187 196 223 226 244 246 247,0xc60441f0e2e56da6f807bb4a5b6a1691d612f4ba65ba49a0044a11d434e2cf3b,,1
286,45,23650710,0xf80000000f80000000f80000000f80000000f800a,10,0 31 52,56,35,3 4 15 16 28 40 51 52 63 64 75 76 88 100 111 112 123 124 135 136 148 160 171 172 183 184 195 196 208 220 231 232 243 244 255,0x4997320b59634d99f23f24b81bf6f0f0f7457e24c5b1c4bd68b8d913a0b48f1a,,1
286,46,23800468,0xf80000000f80000000f80000000f80000000f800a,10,0 31 52,47,29,4 16 27 28 39 40 52 64 76 87 88 99 100 112 124 136 147 148 159 160 172 184 196 207 208 219 220 232 244,0x054b2b4d4b08a2c4e8f6fd27b69f0857c415ca668da70ec202eab03e4f880489,,1
286,47,23975066,0xf80000000f80000000f80000000f80000000f8033,51,0 8 29,56,35,3 4 15 16 28 40 51 52 63 64 75 76 88 100 111 112 123 124 135 136 148 160 171 172 183 184 195 196 208 220 231 232 243 244 255,0x2acff447e990a000b360d0acaa0f92b6057728fb5861c3036fa49d68d7c66446,,1
286,48,24181508,0x3e1f0f87c3e00000009,9,0 30 51,44,26,10 13 16 18 19 22 70 73 76 78 79 82 130 133 136 138 139 142 190 193 196 198 199 202 250 253,0x8e7b8cc94d3173df6fb8f3d5d2c5737a0966fac615f0dec6032e0887876604be,,1
286,49,24322745,0x7c3e1f0f87c0000000012,18,0 39 60,65,39,12 13 15 16 17 19 21 22 25 72 73 75 76 77 79 81 82 85 132 133 135 136 137 139 141 142 145 192 193 195 196 197 199 201 202 205 252 253 255,0x7109673a633dda494fbd2bd69d50f3c4dde126116e0d0d6691a2ea63d2d44975,,1
286,50,24322785,0x7c3e1f0f87c0000000038,56,0 13 34,60,34,0 13 16 18 19 22 24 25 60 73 76 78 79 82 84 85 120 133 136 138 139 142 144 145 180 193 196 198 199 202 204 205 240 253,0x2c57bbbdd32baebaa8200719b72e42e5f2684ef2c1d2f7be27039218cb7aee9a,,1
286,51,24322825,0x7c3e1f0f87c0000000002,2,0 23 44,60,35,12 13 15 16 19 21 22 25 72 73 75 76 79 81 82 85 132 133 135 136 139 141 142 145 192 193 195 196 199 201 202 205 252 253 255,0x6706b5e5eebeb8443b7c7cf8173b22659626cd4b9ae2f5e3df839e028b598cb9,,1
286,52,24418604,0x7c3e1f0f87c0000000014,20,0 41 62,50,29,13 16 18 19 22 24 25 73 76 78 79 82 84 85 133 136 138 139 142 144 145 193 196 198 199 202 204 205 253,0x5846b2a7d51bb7b9e4dd4ff09cf32d458cf813621e9b64635977579401139db7,,1
286,53,24418647,0x7c3e1f0f87c000000002a,42,0 63 20,82,48,12 13 14 15 16 19 20 21 22 23 25 72 73 74 75 76 79 80 81 82 83 85 132 133 134 135 136 139 140 141 142 143 145 192 193 194 195 196 199 200 201 202 203 205 252 253 254 255,0xbcdbaa0c5bb8bf6cfab36c826b0f13705639aad9f3bb1fd1c04f64fda768c89d,,1
286,54,24500236,0x7c3e1f0f80000000f800f,15,0 36 57,57,33,4 16 18 19 22 24 25 26 64 76 78 79 82 84 85 86 124 136 138 139 142 144 145 146 184 196 198 199 202 204 205 206 244,0xebfd055b8dcdb748f47149369f9f4ee2c03ec6b9cf8575a0925da4c454035189,,1
286,55,24500276,0x7c3e1f0f80000000f800c,12,0 33 54,72,40,3 4 5 15 16 19 21 22 25 63 64 65 75 76 79 81 82 85 123 124 125 135 136 139 141 142 145 183 184 185 195 196 199 201 202 205 243 244 245 255,0x3c9bd092c0ecb519ee0301a1d373ef767383e002750ad5ecd5ea40c8c6ac18e1,,1
286,56,24552568,0x7c3e1f0f80000000f800f,15,0 36 57,56,33,4 16 17 18 19 22 24 25 64 76 77 78 79 82 84 85 124 136 137 138 139 142 144 145 184 196 197 198 199 202 204 205 244,0x3314a9b11b1c4e0e8d4d5cbfd6a57e388bfd9a9ed76aeb92d13226e4b654d0c2,,1
286,57,24552585,0x7c3e1f0f80000000f801a,26,0 47 4,62,35,3 4 15 16 19 21 22 25 63 64 75 76 79 81 82 85 123 124 135 136 139 141 142 145 183 184 195 196 199 201 202 205 243 244 255,0x63ab60357978bb924eb6267fa6a387fb3acb9470d0ac6c445de89e3c089421cd,,1
286,58,24655030,0x7c3e1f00000001f0f8004,4,0 25 46,61,35,4 6 7 18 19 22 24 25 64 66 67 78 79 82 84 85 124 126 127 138 139 142 144 145 184 186 187 198 199 202 204 205 244 246 247,0x8728b903e289ecd1101bf909e6435753fcfb5aee5d79656db54cbc681fc30c4d,,1
286,59,24655048,0x7c3e1f00000001f0f8012,18,0 39 60,56,31,3 4 7 19 21 22 25 63 64 67 79 81 82 85 123 124 127 139 141 142 145 183 184 187 199 201 202 205 243 244 247,0xbde5e646f720b3bd7cc8c73428b2c153008c1fe99760e326330e2ec990aea2e5,,1
286,60,24691971,0x7c3e1f00000001f0f8036,54,0 11 32,75,43,4 6 7 18 19 20 22 23 24 25 64 66 67 78 79 80 82 83 84 85 124 126 127 138 139 140 142 143 144 145 184 186 187 198 199 200 202 203 204 205 244 246 247,0xe18fbc70f35475bbce4951f61c6ef228e7fd67a54c4cf38ecd69952ce152c66f,,1
286,61,24733989,0x7c3e1f00000001f0f801f,31,0 52 9,72,40,0 3 4 7 19 21 22 25 26 60 63 64 67 79 81 82 85 86 120 123 124 127 139 141 142 145 146 180 183 184 187 199 201 202 205 206 240 243 244 247,0xd77ba7979ea31070540a62d781ebf2b8f80f0ef4f6108b96ba08ad1497705a6e,,1
287,1,22934271,0x1fe0000000000000002b,43,0 0 21,16,8,22 23 82 83 142 143 202 203,0x6f21d1ab05994bced7e01806acc3f72d403e28221287a1a8251158443864566b,,1
287,2,22970233,0xf8007,7,0 28 49,9,5,4 64 124 184 244,0xe7056498767a29e2707676d53482359b13c59fcd97524176128dcacf8f605db8,,1
287,3,23006373,0x1f000028,40,0 61 18,8,5,7 67 127 187 247,0x15c151fafa43feb05ae85549ed13ad0b8210e941d6dd7779c4d4c3c4a1807a87,,1
287,4,23006418,0xf8000000000006,6,0 27 48,6,4,16 76 136 196,0x96914a61ca1ffb619ce27b719d028958b92d85fc54bb3ef6ef485bca150737ab,,1
287,5,23006446,0x3e00000000000000023,35,0 56 13,16,8,21 22 81 82 141 142 201 202,0xab5364e5bf45669969c6729100095211ba628abb1edb2997f02dd6266e0871d4,,1
287,6,23006488,0x1f00000000000002b,43,0 0 21,5,4,19 79 139 199,0x4292bfe0ffe72ed098692bb84ac947c02de2b83dfa4a2e427ea588a09c7bf5c1,,1
287,7,23018979,0xf8006,6,0 27 48,19,10,3 4 63 64 123 124 183 184 243 244,0x21f8918568e824c4ee6f1adff66de786d29a65412be6ed74abfc4ffe1ecf2f59,,1
287,8,23018999,0x3e00000024,36,0 57 14,10,5,10 70 130 190 250,0x6e41d9a9fda131f86e9c8bddbafbe4edb69f2a34a3a3d0f83ea0464bc357c0b0,,1
287,9,23019026,0x7c0000000004,4,0 25 46,8,5,13 73 133 193 253,0x6ca85a47b213b8f6c968dd55f0ef6cfe25e028631e78c51d85375a02ab261083,,1
287,10,23019046,0x7c0000000000000000038,56,0 13 34,26,13,0 24 25 60 84 85 120 144 145 180 204 205 240,0x105f40cd2afdb658f5fbf5e109a73d519b4445172fbbf6c66932b3208d9eaeae,,1
287,11,23019067,0xf8000000000000000000012,18,0 39 60,5,4,28 88 148 208,0xce0ba9e2b203f16564ef2c2acf100018829fd281e76ea771764af99e78d83672,,1
287,12,23019087,0x1f00000000000000000000000f,15,0 36 57,5,4,31 91 151 211,0xa8e1cf326db5171627d19bcb86f08d71087a08b6c2c2a36ca4ab90e1c598de51,,1
287,13,23019116,0x3e0000000000000000000000001f,31,0 52 9,6,4,34 94 154 214,0xe5baf0f0027be47c22726e0ad84bb6ada351f8270d33d8021d11d4c67251a9e9,,1
287,14,23019138,0x7c000000000000000000000000000f,15,0 36 57,5,4,37 97 157 217,0x90c7520b9823caffb5a5a09beeadaabda018f89ee976525b2585cd9eeb425ad4,,1
287,15,23019160,0xf8000000000000000000000000000030,48,0 5 26,8,4,40 100 160 220,0xb73ade64f08a60f1aa73b32ccd296cf766d5bce23b2ca07a1d72281f793f7f99,,1
287,16,23019181,0x1f000000000000000000000000000000016,22,0 43 0,7,4,43 103 163 223,0x406adcda36e5411f458efb88675364109db8eaef75cbac6212cae08892d952d0,,1
287,17,23019201,0x3e00000000000000000000000000000000023,35,0 56 13,6,4,46 106 166 226,0xbaccfe5fff6de7233619e5582c4c5c0a5fc47f31f3035a02f434e45ddef2222f,,1
287,18,23019221,0x7c000000000000000000000000000000000003d,61,0 18 39,16,9,0 49 60 109 120 169 180 229 240,0xdcae3f01caedf26fa30784bc3db813e994700881881511a91ea2ef8ef89bbe7b,,1
287,19,23019241,0xf8000000000000000000000000000000000000015,21,0 42 63,7,4,52 112 172 232,0xcdc76f305deb5fc5004a3ebb13bce76fe55c5b1c9beb0bd70e7c9d8079519806,,1
287,20,23019263,0x1f00000000000000000000000000000000000000001f,31,0 52 9,7,4,55 115 175 235,0xfaba1d3346d9145b7a37a829c4d907321161e3f878e4f0bfa96ec3e1522b0b48,,1
287,21,23019288,0x3e0000000000000000000000000000000000000000003c,60,0 17 38,8,4,58 118 178 238,0x8e88fe52ebdd138c1a80bda8a4afb58804c0b352040d7420ce4fecf69787ca93,,1
287,22,23174176,0xf8025,37,0 58 15,9,5,4 64 124 184 244,0x81ba7765b9c98a0402cc7af0045b50648347464d3f69a21cac9b51a7fa294af3,,1
287,23,23174216,0x1f000030,48,0 5 26,16,10,6 7 66 67 126 127 186 187 246 247,0xb0182b00fa92a7089372d1393a834c1ae840482865d96024a6560b340d25c638,,1
287,24,23174236,0x3e00000008,8,0 29 50,19,10,9 10 69 70 129 130 189 190 249 250,0xed2446b3a02834e48d47c923260936bfb9389fe7c05001277b1668cece902c09,,1
287,25,23174257,0x7c000000003f,63,0 20 41,27,15,0 12 13 60 72 73 120 132 133 180 192 193 240 252 253,0xe9540533e5dd3f274691b70dc2b2bd66afbead23647469be8323d138970f0c6b,,1
287,26,23174277,0xf800000000003a,58,0 15 36,14,9,15 16 75 76 135 136 195 196 255,0xdfeeadd2a8f8037754c433ffcf190cede42ca778a5fcaee4023311832904a6ea,,1
287,27,23174297,0x1f000000000000021,33,0 54 11,12,8,18 19 78 79 138 139 198 199,0xc04c95e8797e5ef5c4138bf4ab4327188e3df94094eb27f7c50803867a6b98e5,,1
287,28,23174318,0x3e0000000000000001f,31,0 52 9,8,4,22 82 142 202,0x57304061b62817c6ba23cfbe466c954801af17e4e35e94fbd01d85330be4d75c,,1
287,29,23174339,0x7c0000000000000000025,37,0 58 15,8,4,25 85 145 205,0x7e583ebd63cb5d86ceeeff0190b45b748dd82ebb932d977cb0c53b360d46c1df,,1
287,30,23174359,0xf8000000000000000000035,53,0 10 31,12,8,27 28 87 88 147 148 207 208,0x488afb16e0d89224d4ca7c7c6022f5d086fee9caec98d7e2db41503d663587f7,,1
287,31,23174379,0x1f00000000000000000000002e,46,0 3 24,18,13,0 30 31 60 90 91 120 150 151 180 210 211 240,0x27b9ad836fa8739a9dfb3fe2848ee61ce82b2cff090f8f9b7cb913908f07d23b,,1
287,32,23174399,0x3e00000000000000000000000038,56,0 13 34,14,8,33 34 93 94 153 154 213 214,0x0dcd7635043674805e88bc2b7af2951a4782d805225ca1d00b9d17dee6b31505,,1
287,33,23174440,0x7c0000000000000000000000000029,41,0 62 19,13,8,36 37 96 97 156 157 216 217,0xfd075967c44a04d244d206a0f8286574e4b80f2eeb3bc05e1595dd01eceaa638,,1
287,34,23174480,0xf800000000000000000000000000002e,46,0 3 24,13,8,39 40 99 100 159 160 219 220,0xadf918ef7ea4bde8db4b162a710a82f2f43d178f3b60dec43ddc12516b0788cf,,1
287,35,23174521,0x1f000000000000000000000000000000020,32,0 53 10,13,8,42 43 102 103 162 163 222 223,0xac535290112152c41be39331f7d0693f0a5a93b2149ce81921384a644a2637a5,,1
287,36,23174561,0x3e0000000000000000000000000000000000d,13,0 34 55,10,8,45 46 105 106 165 166 225 226,0x17a1783f9ecf79cd8e8a47c182f3fdad61024b95b22bf9d2ada3b5e5e0fbba17,,1
287,37,23174601,0x7c000000000000000000000000000000000002a,42,0 63 20,24,13,0 48 49 60 108 109 120 168 169 180 228 229 240,0x4e4ef1eb3b222a6bd2a3024b07325b29ebc9c22c9d8f2a309145ef477e53a2f7,,1
287,38,23174622,0xf8000000000000000000000000000000000000015,21,0 42 63,10,8,51 52 111 112 171 172 231 232,0x32cf935ec68f26ad49146a4f91011756dbec0617be36764697a5b47eae4ef294,,1
287,39,23174642,0x1f000000000000000000000000000000000000000004,4,0 25 46,12,8,54 55 114 115 174 175 234 235,0x555ddca423559daae42129cb2e84c241a12dfdc24ad1478f56ddc206e3a8d95e,,1
287,40,23174663,0x3e0000000000000000000000000000000000000000002c,44,0 1 22,13,8,57 58 117 118 177 178 237 238,0xb0115a689e971b9cea2a770888c9b5a99011dfae52a261baa3bd7ccb2df0a55b,,1
287,41,23227080,0xf8002,2,0 23 44,19,10,3 4 63 64 123 124 183 184 243 244,0xbddf3b11967dcf6f1400b772e6c252d787c7eac58ebed62b821e056858c60ca2,,1
287,42,23298701,0xf8023,35,0 56 13,9,5,4 64 124 184 244,0x12953e74ccb3423b2cbc155c365a06b9d4118f0d24df4dadeaf9159de5da0fbd,,1
287,43,23348526,0x3e0000000000000000000000000000000000000000001b,27,0 48 5,8,4,58 118 178 238,0x248bef9edcd2b74f29850dfd88e3bcd6a6c2bc574791b5b01ca95845a62db11f,,1
287,44,23469162,0xf80000000f80000000f80000000f80000000f802f,47,0 4 25,45,26,3 4 16 28 40 52 63 64 76 88 100 112 123 124 136 148 160 172 183 184 196 208 220 232 243 244,0xba554ef28aca661d9fc3a3bfdf1c9b6d95610353373af2b133aeed6f8af977df,,1
287,45,23650735,0xf80000000f80000000f80000000f80000000f800a,10,0 31 52,58,38,4 15 16 27 28 39 40 51 52 64 75 76 87 88 99 100 111 112 124 135 136 147 148 159 160 171 172 184 195 196 207 208 219 220 231 232 244 255,0x0e476860b2c07fdd654d87efafc54a185e73f215c26edacb217d6f2cad1f7ee0,,1
287,46,23800490,0xf80000000f80000000f80000000f80000000f800a,10,0 31 52,45,26,3 4 16 28 40 52 63 64 76 88 100 112 123 124 136 148 160 172 183 184 196 208 220 232 243 244,0x99caadbb595177c7d247d6032bb7739f407813858549087386a2ccbe3675d1ff,,1
287,47,23975097,0xf80000000f80000000f80000000f80000000f8033,51,0 8 29,78,48,0 4 5 15 16 27 28 39 40 51 52 60 64 65 75 76 87 88 99 100 111 112 120 124 125 135 136 147 148 159 160 171 172 180 184 185 195 196 207 208 219 220 231 232 240 244 245 255,0xabbb18d563ae17de077332cf75bd25f76d614a8794640ed0040462b4217e25e8,,1
287,48,24181531,0x3e1f0f87c3e00000009,9,0 30 51,52,30,10 13 16 18 19 21 22 70 73 76 78 79 81 82 130 133 136 138 139 141 142 190 193 196 198 199 201 202 250 253,0x92fc20a0d72cddc442ee152633d797f368fbe22ca8ecabae15f4315fb52d0dec,,1
287,49,24322865,0x7c3e1f0f87c0000000012,18,0 39 60,65,39,12 13 15 16 17 19 22 24 25 72 73 75 76 77 79 82 84 85 132 133 135 136 137 139 142 144 145 192 193 195 196 197 199 202 204 205 252 253 255,0x4dd4a7a405679e081542d39c0311ef3b3839b0b0d13a55dde4ec12ef0abb3133,,1
287,50,24322905,0x7c3e1f0f87c0000000038,56,0 13 34,50,29,13 16 18 19 21 22 25 73 76 78 79 81 82 85 133 136 138 139 141 142 145 193 196 198 199 201 202 205 253,0xfeba2be3909209f556158f1f4278b3e767657f811e5d932a998ff0443437bf3e,,1
287,51,24322945,0x7c3e1f0f87c0000000002,2,0 23 44,60,35,12 13 15 16 19 22 24 25 72 73 75 76 79 82 84 85 132 133 135 136 139 142 144 145 192 193 195 196 199 202 204 205 252 253 255,0x4f364740346daaf118606af30f7ee638c6be2faaa4d85902d57092dc8b00a268,,1
287,52,24418673,0x7c3e1f0f87c0000000014,20,0 41 62,50,29,13 16 18 19 21 22 25 73 76 78 79 81 82 85 133 136 138 139 141 142 145 193 196 198 199 201 202 205 253,0x7bdf3fb1eb8aeb6e0d21a10ae45370be5abf935671c8e24a5430d44a32996393,,1
287,53,24418694,0x7c3e1f0f87c000000002a,42,0 63 20,82,48,12 13 14 15 16 19 20 22 23 24 25 72 73 74 75 76 79 80 82 83 84 85 132 133 134 135 136 139 140 142 143 144 145 192 193 194 195 196 199 200 202 203 204 205 252 253 254 255,0x40affccb23d86b78c3c04295d9cc3b08d66cac68dc6d275572fe90ce6c983e7e,,1
287,54,24500315,0x7c3e1f0f80000000f800f,15,0 36 57,67,38,3 4 16 18 19 21 22 25 26 63 64 76 78 79 81 82 85 86 123 124 136 138 139 141 142 145 146 183 184 196 198 199 201 202 205 206 243 244,0x7c8ca1d1da8866222a902e33fc868ddfd253c81ff02b61c262231123cb40f5e6,,1
287,55,24500336,0x7c3e1f0f80000000f800c,12,0 33 54,52,30,4 15 16 19 22 24 25 64 75 76 79 82 84 85 124 135 136 139 142 144 145 184 195 196 199 202 204 205 244 255,0x9b59c31b9f515334ce0a2f84676a317ee9f2a6adb8f592641ec4c19faa265b40,,1
287,56,24500356,0x7c3e1f0f80000000f800f,15,0 36 57,66,38,3 4 16 17 18 19 21 22 25 63 64 76 77 78 79 81 82 85 123 124 136 137 138 139 141 142 145 183 184 196 197 198 199 201 202 205 243 244,0xcb43bf68448843aee86738376e94c40c91d976b39650439e0e751ee3e3a8c65a,,1
287,57,24552609,0x7c3e1f0f80000000f801a,26,0 47 4,52,30,4 15 16 19 22 24 25 64 75 76 79 82 84 85 124 135 136 139 142 144 145 184 195 196 199 202 204 205 244 255,0x77a54d94051f7d26dc7cd7459758a305a4129f72f397b4a61adfa5f96b9b9690,,1
287,58,24655072,0x7c3e1f00000001f0f8004,4,0 25 46,71,40,3 4 6 7 18 19 21 22 25 63 64 66 67 78 79 81 82 85 123 124 126 127 138 139 141 142 145 183 184 186 187 198 199 201 202 205 243 244 246 247,0xc5131d27740ecd882c2a7ea797ed45d8a084cdf24fa4df75542973b512d9ef9b,,1
287,59,24692000,0x7c3e1f00000001f0f8012,18,0 39 60,56,31,0 4 7 19 22 24 25 60 64 67 79 82 84 85 120 124 127 139 142 144 145 180 184 187 199 202 204 205 240 244 247,0xca5f71f148d367774926306a97f41121af88fe591a944682472c3c0799b76c82,,1
287,60,24692021,0x7c3e1f00000001f0f8036,54,0 11 32,95,53,3 4 5 6 7 18 19 20 21 22 23 25 63 64 65 66 67 78 79 80 81 82 83 85 123 124 125 126 127 138 139 140 141 142 143 145 183 184 185 186 187 198 199 200 201 202 203 205 243 244 245 246 247,0x959c226283c2d3f3578860b6880ae100d91c9c0edaca586bbf01ac8e1740d65c,,1
287,61,24734026,0x7c3e1f00000001f0f801f,31,0 52 9,54,31,4 7 19 22 24 25 26 64 67 79 82 84 85 86 124 127 139 142 144 145 146 184 187 199 202 204 205 206 244 247 571,0x64e32d16b322b4db9f745b469c02ca5f5465beeb1ec3e6fb75c1fba11913d433,571,1
288,1,22934693,0x7f00000000000000000000000000000000e,14,0 35 56,7,4,43 103 163 223,0x3884353d7a1915c9b5e7b22b677334e24fe727af245badf20233b8619d812730,,1
288,2,23090025,0xfe0000002a,42,0 63 20,10,5,10 70 130 190 250,0x131d44637f6d6ad01938a0b51bdbe4bf1f3b05b2310d81bdf9351d1fdc2770d8,,1
288,3,23484073,0x3f80000003f80000003f80000003f80000003f8022,34,0 55 12,35,21,4 16 28 40 52 64 76 88 100 112 124 136 148 160 172 184 196 208 220 232 244,0xa9bc464aba48f845fdfeb21bbfbc2d9efe44fc0423d62be8cc62fb579e5d41ff,,1
288,4,24768120,0x7c3e1f00000001f0f8027,39,0 60 17,63,36,3 4 6 7 18 19 22 25 63 64 66 67 78 79 82 85 123 124 126 127 138 139 142 145 183 184 186 187 198 199 202 205 243 244 246 247,0xc33e1584327369ced337064ff47e5bd35a91246e3d794178dd038d6e3dfed0fb,,1
289,1,22934589,0x7f803c,60,0 17 38,19,10,4 5 64 65 124 125 184 185 244 245,0xc91e4b8cf6b806ddd75a7c0caf8a61c49013bb12b08de7e5fa33402897cb760d,,1
289,2,23173184,0xf8007,7,0 28 49,19,10,3 4 63 64 123 124 183 184 243 244,0xfda4191e5f343c4f1256222e5daf83f93bc6cf1784fbbba911d1eed08526a90e,,1
289,3,23380220,0xf801c,28,0 49 6,9,5,4 64 124 184 244,0x811c117ebb7e1f6f228d9f749fa597bb7dc31ab897a75acf1f1c3a9ee40532fd,,1
289,4,23829904,0xf80000000f80000000f80000000f80000000f8035,53,0 10 31,45,26,3 4 16 28 40 52 63 64 76 88 100 112 123 124 136 148 160 172 183 184 196 208 220 232 243 244,0xffe914882cde772bad376ec1a0a06b7f98dba5cb969f12e5ad9f240d2c2edc45,,1
290,1,22934981,0x1fe0000000000000000000000000000000000000000002d,45,0 2 23,16,8,58 59 118 119 178 179 238 239,0x07ab8751a2052357f398acd2a3c0998c7b9968bd71e6c15b86b301ff95b84215,,1
290,2,22935410,0xff000035,53,0 10 31,20,11,7 8 67 68 127 128 187 188 247 248 82570,0x67c7c0158870db3c92945262066812e71b38432f1b6d54b23eb1df3459cf19d8,82570,1
290,3,22935454,0x1fe0000000000000000000000000000000000000000003d,61,0 18 39,23,13,57 58 59 117 118 119 177 178 179 237 238 239 247,0xf95110d50c96925930d187a4f5f00f9f7b38e78bc3f7a48ca23b14a232b4ce04,,1
290,4,22935674,0x3fc0000000000000000000000000000000000017,23,0 44 1,13,8,49 50 109 110 169 170 229 230,0xf0b0c77cde529ca96546d36d92506d19c24356597f2ef04fbf04551aa814bc4d,,1
290,5,22935921,0x1fe00000000000000000000000000000000023,35,0 56 13,29,17,0 46 47 48 60 106 107 108 120 166 167 168 180 226 227 228 240,0xc8c6a90481e469411b184feb3b75e55af229a100c7756825ab8932d406626274,,1
290,6,22935944,0x7f8029,41,0 62 19,27,15,4 5 6 64 65 66 124 125 126 184 185 186 244 245 246,0x2644c24562df4cd353980bf7f072ac009ff4f1d6c5fad708f222a7921e753919,,1
290,7,22935970,0x3fc000000003c,60,0 17 38,16,10,13 14 73 74 133 134 193 194 253 254,0xbf3b1f859dcb567cebe8716a0340e3525289daf14d1e0abd7e3a616d8018632a,,1
290,8,23107038,0x7f803c,60,0 17 38,29,15,3 4 5 63 64 65 123 124 125 183 184 185 243 244 245,0xb711ed69d8d7869bb54dbaf31777dbf6303450316b0bc69fd2f17077250976f6,,1
290,9,23107275,0x7f8017,23,0 44 1,19,10,4 5 64 65 124 125 184 185 244 245,0x3b323107d0caa2e69c0a7897d2da25f3a906b81486b27b245e43004d7a62e3f0,,1
290,10,23323924,0x7f8006,6,0 27 48,29,15,3 4 5 63 64 65 123 124 125 183 184 185 243 244 245,0x0ba367523b0483066d9134297985fc5f01facf70b05be828936f51da039039d0,,1
291,1,22935045,0xff000000000000000000000000000000000000000018,24,0 45 2,14,8,55 56 115 116 175 176 235 236,0x41981c3433782fc4e22eb2b8248f7ecab73c32e6d7826d1e3e93e5304dc056ae,,1
291,2,22935436,0x7f8000000000000000000000000000006,6,0 27 48,14,8,40 41 100 101 160 161 220 221,0x3ec4bfcbf38c4ddab7950717832db4134d5c0a40fe6226ea26e7c7ce602d6634,,1
291,3,22935698,0x1fe00000000000000039,57,0 14 35,16,8,22 23 82 83 142 143 202 203,0xe61d941bb0be204e5712509b988c52e58192d8010bf14562ab69750918929737,,1
291,4,22935714,0xff00000000000000000000000d,13,0 34 55,13,8,31 32 91 92 151 152 211 212,0x43e9e01c76e92bddddbdf14f55604e30d53f3f1e1d857559e5641cff8aae4e7f,,1
291,5,22935753,0x7f8000000000000000000000000000000000000008,8,0 29 50,17,12,52 53 54 112 113 114 172 173 174 232 233 234,0x309210d4df2da58c316e100e78bc562726cf1836b2a50aac3a7d8b8e4e88b0b4,,1
291,6,22936018,0x3fc000000000000000002b,43,0 0 21,22,12,24 25 26 84 85 86 144 145 146 204 205 206,0x48a939d4869457af5aa2973b780bcf803cdff7b17762bc7268f86955a2beae19,,1
291,7,23323942,0x7f803e,62,0 19 40,19,10,4 5 64 65 124 125 184 185 244 245,0x4fe2a37b74bc79caf6f4d7dea72e04b4689ab06e755e2813e38183c5ad042633,,1
292,1,22935080,0xff000000000000000000000036,54,0 11 32,13,8,31 32 91 92 151 152 211 212,0xa2efcd4cda86b019500703f9f3f1e25e0ca798da14c695a3d6c6e09cff9fffec,,1
292,2,22935109,0x1fe0000003e,62,0 19 40,19,10,10 11 70 71 130 131 190 191 250 251,0x0b84ac5f057a4970dcc1ce9de59c76ba4fc3444982ef0d8189a6b204ac43c18a,,1
292,3,22935775,0xff00000000000000000000000000000002c,44,0 1 22,14,8,43 44 103 104 163 164 223 224,0x3f68a9ab05c941b87f24c2d613a4b23fccbd17fbe4a31342eddd1ce052033704,,1
292,4,22936053,0x7f8000000000018,24,0 45 2,11,8,16 17 76 77 136 137 196 197,0x9d1f5b77f99183b06426a73ef3a0c4c61cd05efeadec30098f61cfa8cd0bd00a,,1
292,5,22936071,0x3fc000000000000000000000000000c,12,0 33 54,9,8,37 38 97 98 157 158 217 218,0x2237c95d65c1ba097277242ec7e9c8acd878f3554c346017094f26d6db945379,,1
292,6,23323958,0x3f8011,17,0 38 59,9,5,4 64 124 184 244,0xe096de6cb1069fecbc5df022ee127eb615ba7a66dfaa49499dc8eac519d394cc,,1
292,7,23323979,0x1fe00000000000000000000000000000000000000000036,54,0 11 32,26,13,0 58 59 60 118 119 120 178 179 180 238 239 240,0x1ad4a3415c4fbd39a5175b0bd6fc479f5791d6c07c6f62308e24267e3125ef57,,1
293,1,22935161,0x7f000033,51,0 8 29,8,5,7 67 127 187 247,0x110fcbdb301b9377d62967d6d93f205b32da00c76a635eab7e4c75ad1805605b,,1
293,2,22964076,0xf8007,7,0 28 49,9,5,4 64 124 184 244,0x8948fbad2dc50f34b705c7aa839f277d81b5345b7824c0123538094dc00b349f,,1
293,3,23118587,0xf801c,28,0 49 6,19,10,3 4 63 64 123 124 183 184 243 244,0x0fe9a97937dbbd1f36b564d535196a046dbdcd0e1a5b426de4e7d3a686c08365,,1
293,4,23202866,0x3f8000000000000000000000000000034,52,0 9 30,8,4,40 100 160 220,0x40693e5832eae964afd02eb5303d174f73368216b0e0a6a0681104de9e8a2214,,1
293,5,23334716,0x7f00003a,58,0 15 36,26,15,6 7 8 66 67 68 126 127 128 186 187 188 246 247 248,0xc7e03aa2fdf6a7f8c5d456983414f1d708fc95fa8dc06fe823b6c640f5f55814,,1
293,6,23519685,0xf80000000f80000000f80000000f80000000f8035,53,0 10 31,52,31,0 4 16 28 39 40 52 60 64 76 88 99 100 112 120 124 136 148 159 160 172 180 184 196 208 219 220 232 240 244 82570,0x8340f5bbbee6c71b53b91213efcc2de1060e58970eec573978976984167bfa4d,82570,1
293,7,24686358,0x7c3e1f00000001f0f800f,15,0 36 57,48,27,3 4 7 19 22 25 63 64 67 79 82 85 123 124 127 139 142 145 183 184 187 199 202 205 243 244 247,0x0cd712aa72ad3c025af01a8e693541260db97aa075128f5bfba8cb5cdd3f0dac,,1
294,1,22937093,0xfe00000000000000000000000000000000000000000003,3,0 24 45,8,4,58 118 178 238,0xe5936971863e4f8d753637425b951521b27b3975e6b33c05d373260d658f7658,,1
294,2,22984164,0xff000000000000000000000000000000000000000034,52,0 9 30,19,12,55 56 57 115 116 117 175 176 177 235 236 237,0x05b7e8b5da4783014ee4dfde314afc95448bb81b46ccdcc379f1c6b4e311873a,,1
294,3,22984258,0x3f8000000000000000000000,0,0 21 42,5,4,28 88 148 208,0x61385ae498a53349e808a49361db3a67157138295378fb71dd13d474e06397a2,,1
294,4,23000868,0x3f8018,24,0 45 2,9,5,4 64 124 184 244,0xa058e5f3aa8d68891f7c723b38a0e8d2da26b49e404f5ba637b4c195c65ff9ee,,1
294,5,23187662,0x3f802d,45,0 2 23,29,15,3 4 5 63 64 65 123 124 125 183 184 185 243 244 245,0x4a8e327ba46e3a7efaf57d2c3a4ca20bdefa38902abaa62df0359bad26b62fb8,,1
294,6,23705859,0xf87c00000f80000000f800001f00003f,63,0 20 41,47,30,6 7 16 27 28 37 40 66 67 76 87 88 97 100 126 127 136 147 148 157 160 186 187 196 207 208 217 220 246 247,0x50484d71e1ebb6d37fd77fce120350b7b42af6f24fce00d4fa4b61189245a809,,1
294,7,24359524,0x7c3e1f0f87c0000000028,40,0 61 18,53,31,0 13 15 16 19 22 25 60 73 75 76 79 82 85 120 133 135 136 139 142 145 180 193 195 196 199 202 205 240 253 255,0x7cdaff27b3115c9eb30cbd7b71105311a006405a6aa1908f0bea4efa4d28799d,,1
294,8,24776959,0x1fff,63,0 20 41,18,10,0 1 60 61 120 121 180 181 240 241,0x95f9f7d08ed3feb80e337788a2b0de1499574f1a4fb8451907697b4740d7bb43,,1
294,9,24844002,0x7c3e00000003e1f0f8001,1,0 22 43,69,36,3 4 7 10 21 22 24 25 63 64 67 70 81 82 84 85 123 124 127 130 141 142 144 145 183 184 187 190 201 202 204 205 243 244 247 250,0x01ffc58ef627e154c907064b5e57674f60c772ce6ee8fb33aabb56ed5014f813,,1
295,1,22937917,0x7c0000000000000000000000000000000000024,36,0 57 14,6,4,49 109 169 229,0x58996c826f2a913f2f044c8a1970502bb3c7d5bb756d47b62dabd094eca0df85,,1
295,2,22947600,0xf8007,7,0 28 49,9,5,4 64 124 184 244,0x4139693af69d0001c0fddb941669f5cb7de14f2fcf0975a2c18798f4396d3803,,1
295,3,22954138,0x3e00000000000000037,55,0 12 33,8,4,22 82 142 202,0xdc4812bba010839d6b4ba38db6a336905b75fa4562c6e23254bc9465ba8a7bf0,,1
295,4,22954608,0xfe0000002e,46,0 3 24,10,5,10 70 130 190 250,0x1fb0e39393d4618c6200b90c6a587916c743a9165c0c20560ed644e9737bf432,,1
295,5,22958253,0x1f00000000000000000000000000000000d,13,0 34 55,7,4,43 103 163 223,0xe41633c1a8d97a9e1464a4de5127d340b5dd5295537272ca12a08b969d960d92,,1
295,6,23096133,0x1f00000000000002b,43,0 0 21,5,4,19 79 139 199,0x9b45ab4f826cc3d8271226218248475b6cada33a223000187b5a9586c68cd70b,,1
295,7,23273339,0xf800000000003e,62,0 19 40,16,9,0 16 60 76 120 136 180 196 240,0x4bc64fcca9850af6e859063a8f928b5db43a2c0402f7cba9e229f7cfa1e19e7e,,1
295,8,23445246,0xf80000000f8003e000f80000000f8000000000018,24,0 45 2,40,25,15 16 28 34 40 52 75 76 88 94 100 112 135 136 148 154 160 172 195 196 208 214 220 232 255,0x46c67f4248874993736df3ed0fc4697b53929df7639b7c693c68a0cd72c8d1dd,,1
296,1,22939085,0x7c0000000000000000000000000003,3,0 24 45,5,4,37 97 157 217,0xcb53290f5b6269f2d6e0abb57d53598abb29cba4761a63234a72f8a272263a55,,1
296,2,22941131,0x3e00000000000000000000000035,53,0 10 31,6,4,34 94 154 214,0x25117fd6e1a6358ae09e8f5e195fc92ff19122330a878f4bd353e48ada85a0de,,1
296,3,23103505,0x7c0000000000000000000000000000000000020,32,0 53 10,6,4,49 109 169 229,0x7d8437640d763e82d430ff23bc42cc7107f32146fe2329e711ea9baf52b0a46c,,1
296,4,23274504,0x1fc0000000000000000026,38,0 59 16,8,4,25 85 145 205,0x27b8111db8d942afbca91b3d08d7cfa187e42fcd1e9165785904f2825786b165,,1
296,5,23443709,0x1f000000000000000000000016,22,0 43 0,5,4,31 91 151 211,0x68a600569258cda95c4c4231903a48ea3acdeddebf0e92f8981122a0ff38ad62,,1
296,6,23555330,0xf80000000f80000000f80000000f80000000f8035,53,0 10 31,42,25,4 16 27 28 40 52 64 76 87 88 100 112 124 136 147 148 160 172 184 196 207 208 220 232 244,0x2272cb00c2d4df25d385698bbfa714592746c453494a0f1ba7f140a93d7fa8b4,,1
296,7,23635065,0x3e000007c3e000000000000f80000000f8039,57,0 14 35,76,44,0 3 4 15 16 33 34 36 37 46 60 63 64 75 76 93 94 96 97 106 120 123 124 135 136 153 154 156 157 166 180 183 184 195 196 213 214 216 217 226 240 243 244 255,0x8a7518d57c774926ba79ccc58d15da3882ec923156622998a776b0951d81e119,,1
296,8,23796619,0x1f0007c001f000000000000003e000007c0000000010,16,0 37 58,44,25,13 22 43 48 49 55 73 82 103 108 109 115 133 142 163 168 169 175 193 202 223 228 229 235 253,0xab2029e158a5fd7160fcabb84b1c04e389c5c3f52cc0044e23a4bb9430f6ce41,,1
296,9,23961887,0xf80000000f80000000f80000000f80000000f8012,18,0 39 60,43,29,4 16 28 39 40 51 52 64 76 88 99 100 111 112 124 136 148 159 160 171 172 184 196 208 219 220 231 232 244,0x04114d75424d4a3ee82bfe28cd6e32b6d0b28734a95f8daeb78b328a2ddbfb9f,,1
296,10,24396101,0x7c3e1f0f87c0000000027,39,0 60 17,68,39,12 13 15 16 19 21 22 24 25 72 73 75 76 79 81 82 84 85 132 133 135 136 139 141 142 144 145 192 193 195 196 199 201 202 204 205 252 253 255,0xae9253be1c3df3c7d42cc472ac43f2e2f2c7d37fb71ae28c8117218121192b25,,1
296,11,24573473,0x7c3e1f0f80000000f8009,9,0 30 51,53,30,3 4 16 18 19 22 25 63 64 76 78 79 82 85 123 124 136 138 139 142 145 183 184 196 198 199 202 205 243 244,0xbc07b97138cea6a5867c751bba061cc7250026b8cc32716941dfb0fa30cc235d,,1
296,12,24672231,0x7c3e1f00000001f0f8023,35,0 56 13,62,35,4 6 7 19 21 22 24 25 64 66 67 79 81 82 84 85 124 126 127 139 141 142 144 145 184 186 187 199 201 202 204 205 244 246 247,0xf94feb7fd91a86dd264e7e5ed656b028bcb38206c06140851b420bcf3669a23c,,1
296,13,24832947,0x7c3e00000003e1f0f800d,13,0 34 55,59,32,3 4 7 10 22 25 26 63 64 67 70 82 85 86 123 124 127 130 142 145 146 183 184 187 190 202 205 206 243 244 247 250,0xe56b54e33c995be3ff391e02737e9fc34edaae8636b4d93794fb5d62b57649d7,,1
296,14,24991650,0x7c00000007c3e1f0f8024,36,0 57 14,68,38,4 6 7 9 10 13 24 25 64 66 67 69 70 73 84 85 124 126 127 129 130 133 144 145 184 186 187 189 190 193 204 205 244 246 247 249 250 253,0x59b4be75e0865c50755f8ca9cd596eb265f7dc05f487cb8e60d9a87de2672fe3,,1
297,1,22947939,0xf8000,0,0 21 42,9,5,4 64 124 184 244,0x75d24ebcdf5e95a5dae6cb424a0865c25f593b2cc23b44e8c7e4115d71a8205a,,1
297,2,23177551,0x3f8000000000000000000000000000000000000033,51,0 8 29,7,4,52 112 172 232,0x666c5fb063bf925649993f846c83666bcf3a643e78a40ddb5aa03846b59bd806,,1
297,3,23374455,0x7f000000000000020,32,0 53 10,5,4,19 79 139 199,0x516bbc32dc716ca94f94fde4ea54e81e440beaa2b1862e4d2cb5f206658dd6d5,,1
297,4,24340376,0x7c3e1f0f87c0000000031,49,0 6 27,50,29,13 16 18 19 21 22 25 73 76 78 79 81 82 85 133 136 138 139 141 142 145 193 196 198 199 201 202 205 253,0x760d1b3b8af8671e5d9031287c5dbb61db93462b8dc2796276381aaf7a699eee,,1
298,1,22948488,0xff00001c,28,0 49 6,18,10,7 8 67 68 127 128 187 188 247 248,0x35f4b9368a2de20771b55a455d0b7e1e58266ab6aa35cf059860067cbffe3e8d,,1
298,2,22948949,0xfe00000000000000000000000000000000000000000033,51,0 8 29,8,4,58 118 178 238,0x512917b4372a9d533cbe14a4953b0ecd9223584f411b62eb6d86f7e2cf22d3a5,,1
298,3,23134395,0x1f00000000000000000000002d,45,0 2 23,5,4,31 91 151 211,0x52caff017354f66a3e3d3ab562d291c303004a98e9bbe5d5f5d387db83d2d02a,,1
298,4,23134453,0xf8000000000006,6,0 27 48,6,4,16 76 136 196,0x221154ad647de16d1de1e266739326989bfcf57e41b35fe08fce32cca931d45e,,1
298,5,23134604,0xfe0000000000000000000000000000000001b,27,0 48 5,6,4,46 106 166 226,0xb31edea049d8ca9afec4f0cf00c758db645fca52d250c053296b6df3fe0a13d1,,1
298,6,23302706,0xf8000000000000000000032,50,0 7 28,5,4,28 88 148 208,0xbeaa453dc745bd36ebd585ef10383b6565e9161fd0640e79c9779dc99496ad87,,1
298,7,23626323,0xf8006,6,0 27 48,9,5,4 64 124 184 244,0x931f36d2dd03a2f4f8de214fdf0963b8a7ed9405db481c504d1fb92d3af92019,,1
298,8,23695977,0xf80000000f80000000f80000000f80000000f8030,48,0 5 26,70,40,0 3 4 15 16 27 28 40 52 60 63 64 75 76 87 88 100 112 120 123 124 135 136 147 148 160 172 180 183 184 195 196 207 208 220 232 240 243 244 255,0x1e764559d6b66c0c7adb99434c5bcb89255d94b94413306351293deca621587a,,1
298,9,24982619,0x7c00000007c3e1f0f8007,7,0 28 49,60,34,4 6 7 9 10 13 25 64 66 67 69 70 73 85 124 126 127 129 130 133 145 184 186 187 189 190 193 205 244 246 247 249 250 253,0x9d01644ad7884e0ac367714d4c01ce67eca31ed73c79aeb33247a7ecd73d18dc,,1
299,1,22949224,0xf8000,0,0 21 42,9,5,4 64 124 184 244,0x75d24ebcdf5e95a5dae6cb424a0865c25f593b2cc23b44e8c7e4115d71a8205a,,1
299,2,23107401,0xf8007,7,0 28 49,19,10,3 4 63 64 123 124 183 184 243 244,0xec3af8fc75e43823be4268213fbf562f341621a93aacd5507723d8ef0b063b21,,1
299,3,23207645,0xf801c,28,0 49 6,9,5,4 64 124 184 244,0xb8094c324b35cc54ab6299c844d3b9490265a02ca4a9831fd8c4b9ab444b708e,,1
299,4,23317193,0xf8037,55,0 12 33,19,10,3 4 63 64 123 124 183 184 243 244,0x7e0c8957aba4423519e06ab3b7638523fe2030457a4b039927c95e5981e46d2c,,1
299,5,23456720,0xf80000000f80000000f80000000f80000000f803b,59,0 16 37,35,21,4 16 28 40 52 64 76 88 100 112 124 136 148 160 172 184 196 208 220 232 244,0x5c0e037a20fa4505ea09d6ebc607634e55b1ba91c2a401e1a551b81dbe62a4ac,,1
299,6,23645749,0xf8001f000000000000f80000000015,21,0 42 63,18,13,13 31 37 73 91 97 133 151 157 193 211 217 253,0x311029da7f7ec0f4f8ece9510448f0ee3fd30f700451ada22a747be6c8f8d4ac,,1
299,7,23817601,0xf8000000000003e001f00000000f800000000003f,63,0 20 41,52,34,0 15 16 27 28 34 51 52 60 75 76 87 88 94 111 112 120 135 136 147 148 154 171 172 180 195 196 207 208 214 231 232 240 255,0x8b26de38001ea927896e66cb56107672366f10a00ff09b266dcb427a9a76e37c,,1
299,8,24316198,0x7c3e1f0f87c000000003f,63,0 20 41,44,26,12 13 16 19 22 25 72 73 76 79 82 85 132 133 136 139 142 145 192 193 196 199 202 205 252 253,0xf0b10ca7e05c25ce3cb75bceaecade7a4716e4b4e64f672e56be1c14db56d636,,1
299,9,24498086,0x7c3e1f0f80000000f8004,4,0 25 46,77,43,3 4 15 16 18 19 21 22 24 25 63 64 75 76 78 79 81 82 84 85 123 124 135 136 138 139 141 142 144 145 183 184 195 196 198 199 201 202 204 205 243 244 255,0x99d8cace63538b7ed51156341b1bab0f8aa72768d340aa2fb15f17d10b364302,,1
299,10,24498304,0x7c3e1f0f80000000f801e,30,0 51 8,36,21,4 16 19 22 25 64 76 79 82 85 124 136 139 142 145 184 196 199 202 205 244,0x768ff997909e0005660cb952e96dd41aed4c9a30b1dedfd4fc2402b4b8da1486,,1
299,11,24828794,0x7c3e00000003e1f0f8033,51,0 8 29,87,46,3 4 5 6 7 10 21 22 24 25 63 64 65 66 67 70 81 82 84 85 123 124 125 126 127 130 141 142 144 145 183 184 185 186 187 190 201 202 204 205 243 244 245 246 247 250,0x24e5b9499a7eb0963e9b77e9cb375c2e6385bac087b913da8ba926194cb92a06,,1
300,1,22950503,0xf8000,0,0 21 42,9,5,4 64 124 184 244,0x75d24ebcdf5e95a5dae6cb424a0865c25f593b2cc23b44e8c7e4115d71a8205a,,1
300,2,23035891,0x7c0000000000000000027,39,0 60 17,8,4,25 85 145 205,0x7a466311292007f8355790bd7f005c9d418039348c391f017b68c2705a1b1c3f,,1
300,3,23036096,0xf8000000000000000000036,54,0 11 32,5,4,28 88 148 208,0x1cad63f4f1157ce70e2a9b2a87ed23024d54ac8622cd42c345192fc7bcf79947,,1
300,4,23137961,0xf8000000000000000000021,33,0 54 11,12,8,27 28 87 88 147 148 207 208,0x632e3c9e385fb2e6717e882c21d58b5df611f4ba6077cc90422aa0e01d92b8dc,,1
300,5,23261444,0x7c0000000000000000000000000016,22,0 43 0,5,4,37 97 157 217,0x6ce1563ccba3051e4938bf80a22fad10f85a89bb3d54865e56d61362b4447739,,1
300,6,23261477,0xf8000000000000000000000000000007,7,0 28 49,8,4,40 100 160 220,0xdc9c3eaf3e30009233f33f7f9f040ade22488a0cd817dc9b326ccca6fc391b10,,1
300,7,23261511,0x1f000000000000000000000000000000013,19,0 40 61,7,4,43 103 163 223,0xd7d7560256c3c2d83e2d6a0a386fa5a797848072c11b8c01cc0e867e31c3e0a2,,1
300,8,23712686,0xf80000000f80000000f80000000f80000000f8030,48,0 5 26,60,35,0 3 4 16 28 39 40 52 60 63 64 76 88 99 100 112 120 123 124 136 148 159 160 172 180 183 184 196 208 219 220 232 240 243 244,0xbdb21e9fa8028bd84aef20134b49ae208f7ce3f6beca1238f4f69cc954f1d532,,1
300,9,24408129,0x7c3e1f0f87c0000000007,7,0 28 49,51,30,13 15 16 19 22 24 25 73 75 76 79 82 84 85 133 135 136 139 142 144 145 193 195 196 199 202 204 205 253 255,0x36e7a34101018eb0dfc899cd4e36fe482dc6db40bc27acddb6ad94c7be25a22b,,1
301,1,22950482,0xfe0000000000000000000000000000000001f,31,0 52 9,6,4,46 106 166 226,0xa5a87e0db65c0410c953e12bec1455b0db1d979cf41ccd86f101f7f1eeeb4596,,1
301,2,24813149,0x7c3e00000003e1f0f803a,58,0 15 36,43,23,4 7 10 22 25 64 67 70 82 85 124 127 130 142 145 184 187 190 202 205 244 247 250,0x4d335a2a8b2609e197115afd491badeb6549f378b2fae9347060644fbdbfdba0,,1
301,3,24813872,0x7c3e00000003e1f0f802d,45,0 2 23,86,46,3 4 6 7 9 10 21 22 24 25 63 64 66 67 69 70 81 82 84 85 123 124 126 127 129 130 141 142 144 145 183 184 186 187 189 190 201 202 204 205 243 244 246 247 249 250,0x9d99974ff1e3ef4fc3e6d4947a8dfc078310bb120dfb4aad203f482a8ae48fa5,,1
302,1,22954943,0xfe00000000000000000000000031,49,0 6 27,6,4,34 94 154 214,0xc64bfff68f4f47fdcb3339ac17cf5a0a63569000e6de779ff6644f7fb154713e,,1
302,2,24813166,0x7c3e00000003e1f0f803a,58,0 15 36,43,23,4 7 10 22 25 64 67 70 82 85 124 127 130 142 145 184 187 190 202 205 244 247 250,0xd3ce5a25faacb6f2b6743857e0e8dbbc3cc0246f3abe9877186650a2d0e43d63,,1
302,3,24813895,0x7c3e00000003e1f0f802d,45,0 2 23,86,46,3 4 6 7 9 10 21 22 24 25 63 64 66 67 69 70 81 82 84 85 123 124 126 127 129 130 141 142 144 145 183 184 186 187 189 190 201 202 204 205 243 244 246 247 249 250,0x08cf9ba40fa99e8481a7e8c587538389ade3682328df563f84070489565cc264,,1
303,1,22952421,0x3f8020,32,0 53 10,9,5,4 64 124 184 244,0x39ba80e1866ffc1d09de2e597461e3e9deef25f301dfaeff660571953e4a380e,,1
303,2,22955328,0x7f000000,0,0 21 42,16,10,6 7 66 67 126 127 186 187 246 247,0xde9e93f085415ee6bb8a0ed921980581f6a64dbe8900108533e1652676855161,,1
303,3,23116683,0xf801c,28,0 49 6,19,10,3 4 63 64 123 124 183 184 243 244,0x981538d5b8b9460cb5992a02caeb6aed705ea08bdd22f0b2efa4e3217662e4a1,,1
303,4,23116893,0xfe0000002e,46,0 3 24,19,10,9 10 69 70 129 130 189 190 249 250,0x6b9d1badea54775be4fa4c94b44e6342946e55d017adf9456aeaf3988545a42b,,1
303,5,23296587,0x1fc000000000b,11,0 32 53,17,10,12 13 72 73 132 133 192 193 252 253,0xa52782a65c66902c816e35328164bd5594b11b3cec7f3b73b95441798c670c56,,1
303,6,23650704,0x3f8000000000035,53,0 10 31,14,9,15 16 75 76 135 136 195 196 255,0x475216aa0030de11dc9faa629670aa277898d329c6dd1f1706ad35ff091b515a,,1
303,7,23812961,0xf80000000f80000000f80000000f80000000f803b,59,0 16 37,45,26,0 4 16 28 40 52 60 64 76 88 100 112 120 124 136 148 160 172 180 184 196 208 220 232 240 244,0x12181459b702fb22efeff06677180185314b0f672363f8e5fdbde9937fb52cb2,,1
304,1,22952312,0x3f8000000000000000000028,40,0 61 18,5,4,28 88 148 208,0x6381e63db0d9e16f4e18e3582718a31231485ae167bafe4b52c144c3121bab3f,,1
304,2,24781950,0x7c3e1f00000001f0f803c,60,0 17 38,38,22,4 7 19 22 25 64 67 79 82 85 124 127 139 142 145 184 187 199 202 205 244 247,0x9f7ef702fc1e09202514bee72fab77c52768b55e765f731d2a1c8248fc39fbdd,,1
304,3,24783132,0x7c3e1f00000001f0f8039,57,0 14 35,79,44,3 4 6 7 18 19 21 22 24 25 63 64 66 67 78 79 81 82 84 85 123 124 126 127 138 139 141 142 144 145 183 184 186 187 198 199 201 202 204 205 243 244 246 247,0xeac5617e2981843c733d9327a6ffad286c9b52f448e95372a8c30d2227fdb5c0,,1
305,1,22954827,0x3f8020,32,0 53 10,9,5,4 64 124 184 244,0x39ba80e1866ffc1d09de2e597461e3e9deef25f301dfaeff660571953e4a380e,,1
305,2,22954870,0x7f000000,0,0 21 42,16,10,6 7 66 67 126 127 186 187 246 247,0xde9e93f085415ee6bb8a0ed921980581f6a64dbe8900108533e1652676855161,,1
305,3,22955178,0xfe00000000000000008,8,0 29 50,8,4,22 82 142 202,0xb6625ad15a8643e6bcbefe59500a0fb1c29413ab2200fbd44eaee3d733b8b194,,1
305,4,22955196,0x1fc0000000000000000000000000029,41,0 62 19,5,4,37 97 157 217,0x9b22de50e766eacd872d2ba5a2d3abc57d2ce6fd15343e91614636a994aa5bfd,,1
305,5,22986437,0x3f8000000000000000000013,19,0 40 61,5,4,28 88 148 208,0x69ffb511c366dfb51c83060557c28d8b5ee93a48adf58fbd9eba5481bbdd22ed,,1
305,6,22986456,0x7f00000000000000000000000c,12,0 33 54,8,8,30 31 90 91 150 151 210 211,0xdf9d405cda69a38eeecc58824d6641d783e4a579da4d11f45a8bc803495475ef,,1
305,7,22986472,0xfe00000000000000000000000025,37,0 58 15,14,8,33 34 93 94 153 154 213 214,0x5f22229206fb518661d83abe68f43718e4a99c1b2f3f610ba0eb669f50c62bb0,,1
305,8,23023395,0x3f8000000000000000000000000000017,23,0 44 1,13,8,39 40 99 100 159 160 219 220,0xea10071a479ebacd734aab3c1a7fc8bc58f147b124231a5d56298e120e2a9a56,,1
305,9,23122783,0x1fc0000000000000000000000000000000000017,23,0 44 1,6,4,49 109 169 229,0xe2269dc29da1f939d7976cadac673c5be957f54835223f3ad7c5d6b37722a799,,1
305,10,23145682,0xfe0000001b,27,0 48 5,29,15,0 9 10 60 69 70 120 129 130 180 189 190 240 249 250,0x0c9683df00208eafe22845b1d287d8104c0d2d90cd13e157928adfc635d7eba6,,1
305,11,23145825,0x7f8000000000000000000000000000000000000028,40,0 61 18,15,12,51 52 53 111 112 113 171 172 173 231 232 233,0x569019ebcba5a6380fbf16fbb3014953d1c812d15312352d95cf29a081408833,,1
305,12,23294322,0x3f8037,55,0 12 33,29,15,3 4 5 63 64 65 123 124 125 183 184 185 243 244 245,0x1e929ed1234931454cfbb1a5a6c12ab1393cc48451c29d08cb18ffd3c50320de,,1
305,13,23294347,0x7f000030,48,0 5 26,26,15,6 7 8 66 67 68 126 127 128 186 187 188 246 247 248,0xabdcd5615185a46f29f994289036e142af717766f7fd291516e964a0d38adaed,,1
305,14,23294371,0xfe00000030,48,0 5 26,28,15,9 10 11 69 70 71 129 130 131 189 190 191 249 250 251,0x76f42a2a71c5933b1da26a400ee1d74614a7956ea4687225ab9d6970e08bab8d,,1
305,15,23294393,0x1fc0000000003,3,0 24 45,17,10,12 13 72 73 132 133 192 193 252 253,0xb8fa469ed59fdabc80ec72df622a9997ff23f6b5c215624cff2ba7414866897e,,1
305,16,23366713,0x3f8000000000014,20,0 41 62,14,9,15 16 75 76 135 136 195 196 255,0x9b2bd5e53172b63d05626664cce9ac89e872ec499f7e8d5c26338902440793e0,,1
305,17,23366747,0x7f000000000000039,57,0 14 35,22,13,0 18 19 60 78 79 120 138 139 180 198 199 240,0x2f79998e0fc81f274d206803c5bc6a74add00ac723bdb2468ad1515d698b769d,,1
305,18,23366769,0xfe0000000000000000c,12,0 33 54,24,12,21 22 23 81 82 83 141 142 143 201 202 203,0xdf272a5afc2b6e4721c6ac9904cd1067ffd92b959d5e1226632b208c51938201,,1
305,19,23366794,0x1fc0000000000000000035,53,0 10 31,16,8,24 25 84 85 144 145 204 205,0xa9a5dcdf9f44cdc092cfc3bb325a1067d68c5aa377b34ec762f3baf22e67b43c,,1
305,20,23366822,0x3f8000000000000000000038,56,0 13 34,17,12,27 28 29 87 88 89 147 148 149 207 208 209,0x25a8d333eef710d5f2d4040b9af4088feb0f66734068041d0ea7b68423e570d8,,1
305,21,23366957,0x1fc0000000000000000000000000007,7,0 28 49,17,12,36 37 38 96 97 98 156 157 158 216 217 218,0x3a0a77617f7d2aa7ad97531b0cb4f1369a76fbb9c6a1b751973bb35c0695b83c,,1
305,22,23366986,0x7f000000000000000000000032,50,0 7 28,16,12,30 31 32 90 91 92 150 151 152 210 211 212,0xc795bc9528ac64b78701509552583b3d6753cc73ac145402df3883fa24913243,,1
305,23,23367015,0xfe00000000000000000000000020,32,0 53 10,20,12,33 34 35 93 94 95 153 154 155 213 214 215,0xab6480082ea4a91a1b7e137ceb0d097a4c27bbf52301d6362d25976b812a2ff1,,1
305,24,23470998,0x3f80000003f80000003f80000003f80000003f803b,59,0 16 37,61,38,0 4 16 17 28 39 40 41 52 60 64 76 77 88 99 100 101 112 120 124 136 137 148 159 160 161 172 180 184 196 197 208 219 220 221 232 240 244,0x1cbe1112d2a4f284d7bca2ed0cba162aa35d04e0a73ef496760427e201c776a7,,1
305,25,23471723,0x1fdc,28,0 49 6,18,10,0 1 60 61 120 121 180 181 240 241,0xbaca4ba8bca7dca02cca381a884714cf855e88bd8b771ad44ee1e88561550cfd,,1
305,26,23472053,0x1fcd,13,0 34 55,37,20,0 1 2 3 60 61 62 63 120 121 122 123 180 181 182 183 240 241 242 243,0x19fe6720847e3b4ab154c30c7f633e19fb0a6e795c5c083e4a5ffcad41cb1aa3,,1
305,27,23673925,0x3f80000003f80000003f80000003f80000003f801f,31,0 52 9,73,47,4 5 15 16 27 28 29 40 51 52 53 64 65 75 76 87 88 89 100 111 112 113 124 125 135 136 147 148 149 160 171 172 173 184 185 195 196 207 208 209 220 231 232 233 244 245 255,0x4599556bf5eae9b6c884dd08c2d78be660317b801e0b741870aa88a637253ea3,,1
305,28,23720071,0x1fdc,28,0 49 6,18,10,0 1 60 61 120 121 180 181 240 241,0xc8d23202b71e3eb24a8b6ad370497e57f2425ba769b9610ab951b51bfbcc4219,,1
305,29,23797167,0x1fca,10,0 31 52,27,15,1 2 3 61 62 63 121 122 123 181 182 183 241 242 243,0x71ff3b9cc09c2c322f428209f47c474b8cc0acd2c9b5c1f3a610ed7dc29b7404,,1
305,30,23859730,0x3f80000003f80000003f80000003f80000003f8012,18,0 39 60,61,38,0 4 16 17 28 39 40 41 52 60 64 76 77 88 99 100 101 112 120 124 136 137 148 159 160 161 172 180 184 196 197 208 219 220 221 232 240 244,0xe8b233d6cba09b28304d68b51a304840165cbac5a66f4a0e3869251e166aaaad,,1
305,31,23977255,0x3f80000003f80000003f80000003f80000003f8002,2,0 23 44,83,52,3 4 5 15 16 27 28 29 40 51 52 53 63 64 65 75 76 87 88 89 100 111 112 113 123 124 125 135 136 147 148 149 160 171 172 173 183 184 185 195 196 207 208 209 220 231 232 233 243 244 245 255,0x96cf243f337a83522e9db02a76cf8f758d91bfc1d150c401e88bffec0f2405b9,,1
305,32,24505630,0x1fc3,3,0 24 45,8,5,1 61 121 181 241,0x05e0fd2964dea1a07c106146614e811c231dbf5e4cf561ea9f061a8c52b44b99,,1
305,33,24553282,0x1fec,44,0 1 22,27,15,0 1 2 60 61 62 120 121 122 180 181 182 240 241 242,0xc2ed4625fa11618aed7836050a16358e8781da2752720c2bdebb152fe064fcba,,1
305,34,24724576,0x7c3e1f00000001f0f800d,13,0 34 55,63,36,3 4 6 7 18 19 22 25 63 64 66 67 78 79 82 85 123 124 126 127 138 139 142 145 183 184 186 187 198 199 202 205 243 244 246 247,0xa1142362b3260c0b3171dc3c052212c259ed527ecbbd8d635750c922f5be3a5b,,1
305,35,24787005,0x1fee,46,0 3 24,18,10,0 1 60 61 120 121 180 181 240 241,0x4cdbe10a977f484c68567ab871b1c246be5b2ed73415ffbe101e9919baecd1e4,,1
305,36,24877607,0x1fcd,13,0 34 55,27,15,0 1 2 60 61 62 120 121 122 180 181 182 240 241 242,0xa5c1b0689eb388cc019bb4e34cdcbe7482c087c21d661e259a08cb2edd015837,,1
306,1,22954895,0xfe00000027,39,0 60 17,10,5,10 70 130 190 250,0x494fdc0201ad6e241d2a37f40274edfe8fc8091e7b2f626ae68e55725acaaa69,,1
306,2,22954932,0xfe00000000000000000000000000000000000000000033,51,0 8 29,8,4,58 118 178 238,0x454e48e0583fffde7a9374b33a98d477973edce36e2e0149a8ff8a99eaf2648f,,1
306,3,22956026,0xfe0000000000000000000000000000000000000000002e,46,0 3 24,21,12,57 58 59 117 118 119 177 178 179 237 238 239,0x64d06ca5b80157fd2335360b128304be4d00b04cddde89f341a91843194ad8b0,,1
306,4,22986371,0x1fc000000002f,47,0 4 25,17,10,12 13 72 73 132 133 192 193 252 253,0x83d717f14306d700012e8774631046d3804991fb258c008635b9d5914ffcdb6e,,1
306,5,23035243,0x3f800000000000000000000000000001f,31,0 52 9,18,9,0 40 60 100 120 160 180 220 240,0xb02d8d50686ace3721ff89ca070332efc8a04cdbd67177364469146e076d2636,,1
306,6,23122814,0x7f00000000000001f,31,0 52 9,5,4,19 79 139 199,0xa04422fc5f8a976397636671bcef2bfede47120fcb5b0d3fd0001e583a8824d8,,1
306,7,23145706,0xfe00000000000000000000000000000000012,18,0 39 60,6,4,46 106 166 226,0x90624f98412ea91c5b68a3c28d4a49da658799b6ea96826b24cad6f7ad9412d7,,1
306,8,23294472,0x3f8000000000010,16,0 37 58,14,9,15 16 75 76 135 136 195 196 255,0xf5a3eb613e4a875360a448c46d8e5f66e0df380d78a9d42385c991ce9ccc6e9f,,1
306,9,23471025,0x3f80000003f80000003f80000003f80000003f802e,46,0 3 24,58,37,4 16 17 18 28 39 40 41 52 64 76 77 78 88 99 100 101 112 124 136 137 138 148 159 160 161 172 184 196 197 198 208 219 220 221 232 244,0xed008f67d930a15f7d8c845f87bdb70831d58d4e13699e89bb7d5de0f605329c,,1
306,10,23673958,0x3f80000003f80000003f80000003f80000003f8036,54,0 11 32,83,52,3 4 5 15 16 27 28 29 40 51 52 53 63 64 65 75 76 87 88 89 100 111 112 113 123 124 125 135 136 147 148 149 160 171 172 173 183 184 185 195 196 207 208 209 220 231 232 233 243 244 245 255,0xd0deec9c9b86106fb6e585a79f49e35e2484ca377d5e95e41b9d7b089e872333,,1
306,11,24725003,0x7c3e1f00000001f0f8026,38,0 59 16,61,35,4 6 7 18 19 21 22 25 64 66 67 78 79 81 82 85 124 126 127 138 139 141 142 145 184 186 187 198 199 201 202 205 244 246 247,0x8a51908d266abaf455089ee278c58c2519d0eca11be75ceb04b8c4ebce72822b,,1
307,1,22953764,0x3f8020,32,0 53 10,9,5,4 64 124 184 244,0x39ba80e1866ffc1d09de2e597461e3e9deef25f301dfaeff660571953e4a380e,,1
307,2,22955381,0x7f000000,0,0 21 42,16,10,6 7 66 67 126 127 186 187 246 247,0xd019629993bba47afc05fe3448c6ab99d7aa76ce4f634554546cd094b76d9e77,,1
307,3,23116696,0xf801c,28,0 49 6,19,10,3 4 63 64 123 124 183 184 243 244,0xd06d2a2bc643cc095d1483adcbba96ed27b355a9941c4426b4949cfcdad984b8,,1
307,4,23116917,0xfe0000002e,46,0 3 24,19,10,9 10 69 70 129 130 189 190 249 250,0x6e75245820846db82fab6e834b035a2c4248ccbaa7818e5eb762857106a40d7b,,1
307,5,23296595,0x1fc000000000b,11,0 32 53,17,10,12 13 72 73 132 133 192 193 252 253,0xaa11ef2a0cd0c9ff4abb7f5734e7331c6101ef20e03481d5507ee96af5d92dd6,,1
307,6,23650713,0x3f8000000000035,53,0 10 31,14,9,15 16 75 76 135 136 195 196 255,0x1f41f263e2a981b484af63a85c4c7e2688aa41448d6b705143c8407237de7c7e,,1
307,7,23812999,0xf80000000f80000000f80000000f80000000f803b,59,0 16 37,45,26,0 4 16 28 40 52 60 64 76 88 100 112 120 124 136 148 160 172 180 184 196 208 220 232 240 244,0xdc0c3efc38ed689a3636549755b81f48c367b929179aed356b03c17af54193b0,,1
308,1,22953820,0x7f00000000000000000000000000000000000000000f,15,0 36 57,7,4,55 115 175 235,0xc69dde1c50eadb3d109a038004b215c7dc61001746c0bb25fc727ad5ca7d9cdb,,1
308,2,22961370,0x7f000000000000037,55,0 12 33,5,4,19 79 139 199,0x84a017be4fb2eb9301a41540239a36a015b5b57f173c8e115eb7b4f1ed188190,,1
308,3,23125620,0xf801c,28,0 49 6,9,5,4 64 124 184 244,0xa339048976e068267585fe69f0dcc25ac51185b995c7344d35ebfe5fb4a059ab,,1
309,1,22955106,0x3f8020,32,0 53 10,9,5,4 64 124 184 244,0x7590e592d0213c4472cc41be314fab57dc87631787ef50589d2beb713ba36621,,1
309,2,24902053,0x7c3e00000003e1f0f803a,58,0 15 36,61,33,3 4 6 7 10 22 25 63 64 66 67 70 82 85 123 124 126 127 130 142 145 183 184 186 187 190 202 205 243 244 246 247 250,0xc97e38c4e5bdd61ce779661b17c602c759afd503be3ab0ba9d0a5e20532f5ea2,,1
310,1,22954187,0xff000000000000028,40,0 61 18,11,8,19 20 79 80 139 140 199 200,0xb2512407ce2b73d8ada2e9a0325527e7dcd24028047cc15be7769ebdefd3441a,,1
312,1,22965563,0x1fc0000000000000000000000000023,35,0 56 13,5,4,37 97 157 217,0xf0364c687bc5007648dad79a07bea3b95ea8f524a3ad452c67febf04b7276e0b,,1
312,2,24902121,0x7c3e00000003e1f0f803a,58,0 15 36,43,23,4 7 10 22 25 64 67 70 82 85 124 127 130 142 145 184 187 190 202 205 244 247 250,0xc1dbeb9b1318284d7af8695885cf2988f71ee35ab3ec6c6444f8d7497f010df8,,1
314,1,22954668,0x3fc0000000000000000000000000001,1,0 22 43,9,8,37 38 97 98 157 158 217 218,0x34d473336feaadf64b5ee6d13f3183696483efcf8e067f1cc668c7d64290c00b,,1
314,2,24782009,0x7c3e1f00000001f0f803c,60,0 17 38,38,22,4 7 19 22 25 64 67 79 82 85 124 127 139 142 145 184 187 199 202 205 244 247,0x4dd1cf7438120b5e4a36dd6deb6cf00eafc74965366a414f7eb2bcf58d36047c,,1
314,3,24783149,0x7c3e1f00000001f0f8039,57,0 14 35,79,44,3 4 6 7 18 19 21 22 24 25 63 64 66 67 78 79 81 82 84 85 123 124 126 127 138 139 141 142 144 145 183 184 186 187 198 199 201 202 204 205 243 244 246 247,0x8bfb26ded00e6370e108d4b59482b185db6a6c543dfa6827082821b6578043a0,,1
315,1,22955354,0xfe00000000000000000000000031,49,0 6 27,6,4,34 94 154 214,0xc64bfff68f4f47fdcb3339ac17cf5a0a63569000e6de779ff6644f7fb154713e,,1
315,2,22956290,0x3e00000000000000000000000000000000000000000015,21,0 42 63,8,4,58 118 178 238,0x2141eeb642517032cbd87403b544223fe36413d4b6743af29a4584c04abb8b2c,,1
315,3,22960814,0x7c0000000000000000000000000000000000020,32,0 53 10,6,4,49 109 169 229,0xd839518d179b0b1af1655a6b39df18e5a505020a760c31b8185f32b77f72c42b,,1
315,4,22961726,0xf8037,55,0 12 33,9,5,4 64 124 184 244,0x97f9c16dada6f78b7a737cf566dc8ca7d7808b1d4dda1f66c11fb77eb0a62778,,1
315,5,23096239,0x3e0000000000000000000000000d,13,0 34 55,14,8,33 34 93 94 153 154 213 214,0x920e2e42bc42a3ba8936320de2fe91179da01834dd1c1d586552e494f9cb048c,,1
315,6,23273452,0x7c0000000000000000000000000000000000031,49,0 6 27,24,13,0 48 49 60 108 109 120 168 169 180 228 229 240,0x66bfa2aa967d25a03a93b1ddbe3864f831541461a5982fa442f4d50d268e4edc,,1
315,7,23445314,0xf800001f0000000000f80000000f80000000f802c,44,0 1 22,44,26,3 4 16 28 43 52 63 64 76 88 103 112 123 124 136 148 163 172 183 184 196 208 223 232 243 244,0x8dd46bea85842b0d2562afa6e20352541ec02d70ec16e617617bf1d91cd30a36,,1
316,1,22956483,0x1fe0000000000000000000000000000000000000000002d,45,0 2 23,16,8,58 59 118 119 178 179 238 239,0x07ab8751a2052357f398acd2a3c0998c7b9968bd71e6c15b86b301ff95b84215,,1
316,2,22958660,0xff000000000000000000000000000000000000000034,52,0 9 30,19,12,55 56 57 115 116 117 175 176 177 235 236 237,0x54c2c1236f905c2ef2f7a15e19d7d1e5bede0c8a9421841307504015fcb64185,,1
316,3,22958879,0x1fe00000000000000000000000000000000025,37,0 58 15,11,8,46 47 106 107 166 167 226 227,0xc58a1ba0a4669ff8b2a452880bded6d5fb4939675a5e472bbb60a63103b72dcf,,1
316,4,22958931,0x1fe00000000000000000000000012,18,0 39 60,12,8,34 35 94 95 154 155 214 215,0xb7f3fd33082c048e552d22c3a764ad14d512fee1f9a06084bfda4ca3ba7c7834,,1
316,5,22958980,0xff00000000000002e,46,0 3 24,11,8,19 20 79 80 139 140 199 200,0xfc186e523dc9c76b9f697688390b3684e1a13f9662e11bf8f1ca384e067eee49,,1
317,1,24904767,0x7c3e00000003e1f0f803e,62,0 19 40,43,23,4 7 10 22 25 64 67 70 82 85 124 127 130 142 145 184 187 190 202 205 244 247 250,0x35a6754319826f682ed7d84beece44856386ab0c2bd9de9f93a294218e6bb3ce,,1
317,2,24905213,0x7c3e00000003e1f0f803a,58,0 15 36,86,46,3 4 6 7 9 10 21 22 24 25 63 64 66 67 69 70 81 82 84 85 123 124 126 127 129 130 141 142 144 145 183 184 186 187 189 190 201 202 204 205 243 244 246 247 249 250,0x5f21919e60388c7eb8b2e7efcecbd26618414d8a1136851e5ad79273eb5be134,,1
318,1,24904779,0x7c3e00000003e1f0f803e,62,0 19 40,43,23,4 7 10 22 25 64 67 70 82 85 124 127 130 142 145 184 187 190 202 205 244 247 250,0xb9b9cfa750d36db668f583658c92b274d38274dbd6e82363bd00fb09e611f6c0,,1
318,2,24905226,0x7c3e00000003e1f0f803a,58,0 15 36,86,46,3 4 6 7 9 10 21 22 24 25 63 64 66 67 69 70 81 82 84 85 123 124 126 127 129 130 141 142 144 145 183 184 186 187 189 190 201 202 204 205 243 244 246 247 249 250,0x9983e054f77fff6642d0414d60f044d73bb78e2d7ec88696a18445f7117f1fec,,1
319,1,22956672,0x3f8020,32,0 53 10,9,5,4 64 124 184 244,0x3553924dd49e12a2e5a0f3910cfb33d98e2c75adb7be08e346086bc9ee719412,,1
319,2,22957332,0x3f800000000000000000001a,26,0 47 4,5,4,28 88 148 208,0x83b987b780f864f57c6e6c0466e48f79fce31ee54d845d48d85438b891e71155,,1
319,3,24783101,0x7c3e1f00000001f0f8039,57,0 14 35,56,32,3 4 6 7 19 22 25 63 64 66 67 79 82 85 123 124 126 127 139 142 145 183 184 186 187 199 202 205 243 244 246 247,0x4d500e7b6696c168849ae775f8c85adedaa3312be969347db97d751e3d11c82a,,1
320,1,22956472,0x1fc0000000000000000000000000023,35,0 56 13,5,4,37 97 157 217,0xf0364c687bc5007648dad79a07bea3b95ea8f524a3ad452c67febf04b7276e0b,,1
320,2,22956759,0x3f800000000000000000001a,26,0 47 4,5,4,28 88 148 208,0x60f6d6531e7ddc2999129c3d0a1c4ce01f94bf978dbf1edd1879c92a0bcd5728,,1
320,3,22986394,0x1fc0000000000000000017,23,0 44 1,8,4,25 85 145 205,0xebb9e7cdbc6f79be69f3716f5583a3dae92338105334ebde14dfee9df2c6b04d,,1
320,4,22986415,0xfe0000000000000003e,62,0 19 40,8,4,22 82 142 202,0x0ad959a1fd4674716b341fdde6e37035c74569939467225741496282570f87a0,,1
320,5,23021379,0xfe0000000000000000000000003a,58,0 15 36,6,4,34 94 154 214,0x7fde98d4c11dbe2c3cedccf3b7f6d7810d26acea6de7c7bb334cb4f9e2cea4ab,,1
320,6,23122871,0x7f000000000000000000000000000000000000000008,8,0 29 50,7,4,55 115 175 235,0xe7ce81319cfa9485d600ef21b23f9f8515a01f52b3c32026c4c3ead20dbdf20b,,1
320,7,23145754,0x3f800000000000000000000000000003d,61,0 18 39,23,13,0 39 40 60 99 100 120 159 160 180 219 220 240,0x52cddbbaba1e89f6043a52a7253393bf2c55ae20c07caf98ce90d1e1b60b6d9a,,1
320,8,23294496,0x3f8000000000010,16,0 37 58,6,4,16 76 136 196,0x2f42e2d4f3fb47b72530146cc4b4bc88f7f628ebbf174c84addf054d9148038f,,1
320,9,23471053,0x3f80000003f80000003f80000003f80000003f802e,46,0 3 24,66,42,4 15 16 17 27 28 29 40 41 52 64 75 76 77 87 88 89 100 101 112 124 135 136 137 147 148 149 160 161 172 184 195 196 197 207 208 209 220 221 232 244 255,0x4c1c1fbc5298e743c9dbd4cbff434c28c1e79b507737ac89bf3c4f65f0089832,,1
320,10,24725043,0x7c3e1f00000001f0f8036,54,0 11 32,79,44,3 4 6 7 18 19 21 22 24 25 63 64 66 67 78 79 81 82 84 85 123 124 126 127 138 139 141 142 144 145 183 184 186 187 198 199 201 202 204 205 243 244 246 247,0x8a0c6e33284987a22d9f8e74c566182ee7ac5dab37d6a54b3ce6c1fb7b08646a,,1
321,1,22956683,0xf800000000000d,13,0 34 55,6,4,16 76 136 196,0x0754142c75264138e3b4b6604028a0b9bf7946c4330b3635b083266e8e443020,,1
321,2,22957671,0x3f8000000000000000000000000000000000000033,51,0 8 29,7,4,52 112 172 232,0x84d048568b6f4455a2ae2c7d40267db619eae5ae7b63704bd944bbd30e33aedb,,1
321,3,22977107,0xfe00000000000000008,8,0 29 50,8,4,22 82 142 202,0xd061599668f2afd1c4978e63dd7c980ee985b41f58bbef28b8aa07f7727a3800,,1
321,4,22977222,0x3e00000000000000000000000000000000000000000008,8,0 29 50,8,4,58 118 178 238,0x5bbc87b9b8e9909d1877cd5ac4f49baaabf993a55f4369a196ef474b6e757e9a,,1
321,5,23096356,0x7c000000000000000002a,42,0 63 20,16,8,24 25 84 85 144 145 204 205,0x4c6f8c1d7f4da5182c44fb9df0316c8b2fcc72d00a20e0355c60669a88ba5b59,,1
321,6,23273501,0x7f000000000000000000000000000000013,19,0 40 61,7,4,43 103 163 223,0x8df7ca6baac5bdbf23e4379ac7ff0b77f29d7bc001db8d842cea83f2e6bc7c75,,1
321,7,23445373,0xf80000001f00000000f80000000000000000f8002,2,0 23 44,32,21,4 28 40 51 52 64 88 100 111 112 124 148 160 171 172 184 208 220 231 232 244,0x7160b399f196369d12917a8e5c319567278a47aef8eaf037f8431ccbbfe49695,,1
321,8,23457385,0x1fff,63,0 20 41,18,10,0 1 60 61 120 121 180 181 240 241,0xc275149feb799eb3488e73aa22f8d4501ca45eb95907d3991b3ae0603e6b3b72,,1
321,9,24035500,0x1fcb,11,0 32 53,27,15,1 2 3 61 62 63 121 122 123 181 182 183 241 242 243,0x771ab2a77adf0177b60e637ef6e5145e12165f36f426aaea8d3e26c9a9d80ba0,,1
322,1,22956615,0x1fe0000000000000000000000000000000000000000002d,45,0 2 23,16,8,58 59 118 119 178 179 238 239,0x07ab8751a2052357f398acd2a3c0998c7b9968bd71e6c15b86b301ff95b84215,,1
322,2,23054791,0x1fe00000000000000000000000000000000000000000036,54,0 11 32,21,12,57 58 59 117 118 119 177 178 179 237 238 239,0x8cf4d02d1a3b03179c95361883f261c4cad606ee5a9802ac2cec69fdd7e5e3f5,,1
322,3,23177156,0x1f00000000000000c,12,0 33 54,5,4,19 79 139 199,0x75794779e7d3c816bcecf08a9d27f1e6a48280b588c0496d724e90a27a9401bf,,1
322,4,23177202,0x3e00000000000000000000000000000000000000000008,8,0 29 50,8,4,58 118 178 238,0x80836e197f383c6a492bc62db774ef3ffceeed02dd20a2838fd9d31eb05780ee,,1
322,5,23183620,0x1f00000000000000000000000000000000d,13,0 34 55,7,4,43 103 163 223,0xce3c69327af74035caa30a2a2b10a387c3bbc7951a9c0ff980f7821b773f9a92,,1
322,6,23183782,0x7c000000000000000003e,62,0 19 40,8,4,25 85 145 205,0x6f765f0343ff1cefff80faea9f22e78ce6bf802ba3eb06d46d2440581b120a1f,,1
322,7,23183866,0x1f00001c,28,0 49 6,18,10,0 7 60 67 120 127 180 187 240 247,0x95e406bd6b79bca42a1cfd39cf995c3025c770d6bc7e2b0abf18b5d86dde8b0b,,1
322,8,23183901,0x1f00000000000000000000000000000000000000000e,14,0 35 56,7,4,55 115 175 235,0xb18ce2046d8fc45e17ebe3a2a1df1e830093e87a73f23f273d892691947f6e84,,1
322,9,23183957,0x1f000000000000000000000000,0,0 21 42,5,4,31 91 151 211,0x587befbfc69a5986075ebac4403c1328b47559b8448e3d5f99bced9bf95d476d,,1
322,10,23184002,0x3e00000000000000000000000000000000001,1,0 22 43,6,4,46 106 166 226,0x99344f4b7f6d154f7d32e0451f37b29b9dc89bdfdbed5ceab8613bacd39d91a7,,1
322,11,23184150,0x7c000000000000000000000000001b,27,0 48 5,5,4,37 97 157 217,0x4e5bd0c25f4a267c0f5c42e8d01c1ba1a054fc3e48e5642a1a50f0f6379c9882,,1
322,12,23184208,0x3e00000030,48,0 5 26,10,5,10 70 130 190 250,0x20771e0dfba3283cbf1272572314e8265597206fd1c3d299eb6d600053ba81e8,,1
322,13,23184244,0x1f000000000000000000000000000000006,6,0 27 48,13,8,42 43 102 103 162 163 222 223,0xef36686b96c0577549723db52948e85e154bf687a30052a8718a2b963df8002b,,1
322,14,23184280,0xf800000000000000000000a,10,0 31 52,5,4,28 88 148 208,0x71ab6be7ec03a632c7958d9bd20597332eb40f8ff5f713a35d23b25d2cf74aaa,,1
322,15,23184312,0xf8000000000000000000000000000030,48,0 5 26,8,4,40 100 160 220,0xf3abeaa802ae1c5d6870eca28758462be7f59e8315318984492951f7b09d5623,,1
322,16,23184359,0x7c000000000000000000000000000000000000f,15,0 36 57,6,4,49 109 169 229,0x46d67b15b2cdd6c85a60b4bf6d32f42c258cc666cd05c7a3ebd3b551b3ebf449,,1
322,17,23184409,0x3e00000000000000004,4,0 25 46,8,4,22 82 142 202,0xe7983303e9b8fde9ff6ba191c0f6a6f6e963f282910950ede9c4477bee87476c,,1
322,18,23184454,0x3e00000000000000000000000000000000000000000011,17,0 38 59,13,8,57 58 117 118 177 178 237 238,0x07db7dcb7456ee0d47018974698645a670061b6a3712d75b79cd0eb87a8171e8,,1
322,19,23184501,0x3e00000000000000000000000022,34,0 55 12,6,4,34 94 154 214,0x6d4e76fbbdafc7c648fecbdb12eec98aa3d97bddbda73383a1ef306de4e1dd07,,1
322,20,23184585,0xf8000000000000000000000000000000000000032,50,0 7 28,17,9,0 52 60 112 120 172 180 232 240,0x99f2d43e50d96e7e578acd49e7d9d9c4de015d043646f27fe586a6fbcdd01096,,1
322,21,23184654,0xf8009,9,0 30 51,9,5,4 64 124 184 244,0x2e48b591f18ac1ffe9135a85ad6dbb7a56d0c3bbe89081f7f575c50edfd83832,,1
322,22,23191978,0xf8025,37,0 58 15,19,10,3 4 63 64 123 124 183 184 243 244,0x3be9376f78b988f4c4cb6bd5452c3a5f6a6bb29711bfb34668605c13b6bc91b8,,1
322,23,23192030,0x7c000000000000000000000000000000000003d,61,0 18 39,14,8,48 49 108 109 168 169 228 229,0x758339075c7258be74263065fa41349d9d813077548f0787f68f0ebb5106a262,,1
322,24,23192061,0xf800000000000000000000e,14,0 35 56,12,8,27 28 87 88 147 148 207 208,0x21b09a6b2dd289337205750ef97cd60bfd3e4abe347bd8a82991eab0554feffb,,1
322,25,23192120,0xf8032,50,0 7 28,9,5,4 64 124 184 244,0x1d7c6e5336b4cc0eaa2d5806a8e0b0c1f81277d39192b84ce4fe509047bbf80e,,1
322,26,23230277,0xf803f,63,0 20 41,29,15,0 3 4 60 63 64 120 123 124 180 183 184 240 243 244,0xbec17e727d2978f6edffc8fa5d2f85b45be8d07f2d85ee989eed72c6340699f0,,1
322,27,23230325,0x1f000034,52,0 9 30,16,10,6 7 66 67 126 127 186 187 246 247,0xa970a7aac3ee7cc40891138eee85f93e2f0213af193c11b97612f14378d720f4,,1
322,28,23230365,0x3e00000032,50,0 7 28,19,10,9 10 69 70 129 130 189 190 249 250,0xe6a6a1f34fb557eb5eb7cf861d35b40f3641249492854be0c77a2a1aebdf2539,,1
322,29,23230429,0x7c0000000002,2,0 23 44,8,5,13 73 133 193 253,0xe371c26986edde10e1bc46e7a0c037480f0e105cf98762f5fa2514681b76a55e,,1
322,30,23230472,0xf8000000000017,23,0 44 1,6,4,16 76 136 196,0x8c91731b4d555186a43d2c3c8e98c4dce9ebfb6c24629ea7e2b1fcd39b91d02b,,1
322,31,23230513,0x1f000000000000032,50,0 7 28,12,8,18 19 78 79 138 139 198 199,0x798dcbb03430ea949e0f88d57be9b781e0d550ffbb2592b36365c418aa0ce556,,1
322,32,23230589,0x3e00000000000000034,52,0 9 30,26,13,0 21 22 60 81 82 120 141 142 180 201 202 240,0xf384204d7ec11c7dc3a9964397489c2664c71d587739144bad2213fc82201868,,1
322,33,23230631,0x7c000000000000000002f,47,0 4 25,16,8,24 25 84 85 144 145 204 205,0xce7746df5fa696df1738bdbef375d7f293b97d48d1ec39ef04ba1302995a9c20,,1
322,34,23230669,0xf8000000000000000000034,52,0 9 30,5,4,28 88 148 208,0xdc4e903f7377eaffa5f155bfd584694e4bfa34ffb9a51258faa7530588c98701,,1
322,35,23230717,0x1f000000000000000000000006,6,0 27 48,8,8,30 31 90 91 150 151 210 211,0x1290fbaf479f49aa54ea313b3d7d38b58b2106336db8efaa6af1682d2b9004fd,,1
322,36,23230759,0x3e00000000000000000000000021,33,0 54 11,14,8,33 34 93 94 153 154 213 214,0xc4f55ddb40bac98a75dc0ff15fa828d826f3d3a106f2c177f316aa633ab8dac1,,1
322,37,23230797,0x7c000000000000000000000000002f,47,0 4 25,13,8,36 37 96 97 156 157 216 217,0x5e858ca02225b72f935e9cfd461ead1b1e86b12c4975956b2db473e7a206466e,,1
322,38,23230842,0xf8000000000000000000000000000003,3,0 24 45,13,8,39 40 99 100 159 160 219 220,0xcce5857fdb8f3c23898d84e8b7ab25ea8ccfeea712afb54f0154898f25146f95,,1
322,39,23230964,0x3e0000000000000000000000000000000000000000001a,26,0 47 4,8,4,58 118 178 238,0xcde39f169d1765628e783982d43f8583d3f565e5245019cbf8ce8b6e8c5dc577,,1
322,40,23231060,0x7c000000000000000000000000000000000001b,27,0 48 5,16,9,0 49 60 109 120 169 180 229 240,0x11977b5be1e0caa96cf14b670f19a067dd819b14834e35d53e014dc33c1f2db9,,1
322,41,23231096,0xf800000000000000000000000000000000000003f,63,0 20 41,10,8,51 52 111 112 171 172 231 232,0xc5244462f8345677c36b9e78260f0ae455e24f77ed76efdb220a1a30ae4ccfed,,1
322,42,23231129,0x1f000000000000000000000000000000000000000022,34,0 55 12,12,8,54 55 114 115 174 175 234 235,0x38924a5fea3827026ed0193471b555c091c80af256853fbb44b0c3b91587ef50,,1
322,43,23231162,0x7c0000000000000000000000000000,0,0 21 42,5,4,37 97 157 217,0x3747d116598577cb8681acf22f7ce0fbd7796165ff46dd70a3db0217f8ef46d5,,1
322,44,23231196,0xf8000000000000000000000000000002,2,0 23 44,8,4,40 100 160 220,0xe200247ef6b4e1bdcaef8f8341f26bea93fbc6f9c9f5324a5547097d56356008,,1
322,45,23231240,0x1f000000000000000000000000000000022,34,0 55 12,7,4,43 103 163 223,0x42839a099cd6c8ee5c28151fa41d7e953dd1676e7f1c2358c7349ab33c0d74e3,,1
322,46,23231289,0x3e0000000000000000000000000000000000a,10,0 31 52,10,8,45 46 105 106 165 166 225 226,0x30ac4045e467705dc1821d8eae77a155376220bb9ad070bb621b47696e03758e,,1
322,47,23231361,0xf8000000000000000000007,7,0 28 49,12,8,27 28 87 88 147 148 207 208,0xe52e89ba8a4e9c8ed19651ea863e938e00219801f87551ce4584b8c6f5a9adf2,,1
322,48,23231397,0x1f00000000000000000000001d,29,0 50 7,5,4,31 91 151 211,0xb829b501c3e3a07bdb34aa95a83523294601e313de0f25f7d0d20eef5ebc0daf,,1
322,49,23231454,0x3e00000000000000000000000027,39,0 60 17,6,4,34 94 154 214,0xdff2f81dae041581a3cdb533d9f3a4001b43b9e31193decd7c760c04564516c7,,1
322,50,23231538,0xf8037,55,0 12 33,19,10,0 4 60 64 120 124 180 184 240 244,0x5076aaac31104a073ebda21b4f4aca30d95488c908a0dad9255470b242546291,,1
322,51,23231576,0x1f000000000000000000000038,56,0 13 34,8,8,30 31 90 91 150 151 210 211,0xf2633a04759354c868b3fc0be04050590848d82343cd1001ac4abef30632f5a1,,1
322,52,23231612,0x3e00000000000000034,52,0 9 30,8,4,22 82 142 202,0x6e7ab9b25ffb3f70c2a467671579040fb5157d3499bed3a93a9823384c8b3f92,,1
322,53,23231654,0x7c000000000a,10,0 31 52,17,10,12 13 72 73 132 133 192 193 252 253,0xb306bb60379644d81954b91b308aa0644864e2bccfcd2a050340144e70839fcc,,1
322,54,23231693,0x3e0000000000000000000000002e,46,0 3 24,14,8,33 34 93 94 153 154 213 214,0xccec021e2a6f581454c8d003fabfe28a95dd85760aeaa7ba8b6ae71313b10e62,,1
322,55,23231724,0x3e0000000000000000000000000a,10,0 31 52,6,4,34 94 154 214,0x55fcb34785b17a58a3c0df0ac7cbb64d3b971648c84a07b7fdbdcd567d21e13c,,1
322,56,23231757,0x7c0000000018,24,0 45 2,8,5,13 73 133 193 253,0xa2755f279811a5a8d3ebee0284881b13f29c9a76356d6316d8b8acd69154ffec,,1
322,57,23231795,0x3e00000000000000000000000039,57,0 14 35,24,13,0 33 34 60 93 94 120 153 154 180 213 214 240,0xe882ee049a4c9d4e1d36ad0462bd210ada10d83a2b5b65d52bb6161655dd3532,,1
322,58,23231835,0x3e00000000000000000000000018,24,0 45 2,6,4,34 94 154 214,0x6106aa62922599d3b35374f8f81d3e1b11a843e94654b3ac58c2b54da9fc8d6b,,1
322,59,23231876,0x1f000000000000000000000000000000037,55,0 12 33,13,8,42 43 102 103 162 163 222 223,0x0c69e83cbde5767b36c8cfedb354bb6836ac91cb98653e32ce498bdfd68f52f2,,1
322,60,23232050,0x3e0000000000000000000000000000000000000000002e,46,0 3 24,13,8,57 58 117 118 177 178 237 238,0xa425ab311b07d4f9df3a1e8f93dcc7f43c648dbc99ab35a0fe47f285f04dafa6,,1
322,61,23232087,0x3e0000000000000000000000000000000000000000002f,47,0 4 25,8,4,58 118 178 238,0x34b017ae4c44bf91eef25c0d37c61ada2cbb481ab323280cec9f4ef6d997ca31,,1
322,62,23232116,0x3e00000000000000000000000000000000000000000038,56,0 13 34,23,13,0 57 58 60 117 118 120 177 178 180 237 238 240,0xe1cb98bc424a01779e25ae0db3be0833ba6d2c1d015adf18f8d1af9a006154c3,,1
322,63,23232143,0x3e0000000000000000000000000000000000000000001a,26,0 47 4,8,4,58 118 178 238,0xd12ddbf15df340d057b8b9b48f8e2e5529f785b4ed1b03222e8a31d0c7a5bdcf,,1
322,64,23232178,0x3e0000000000000000000000000000000000000000001c,28,0 49 6,13,8,57 58 117 118 177 178 237 238,0x47fd9e505e20947e0e0e3bca7884f27645b17b2f94bc22c198c5ba69b26b31ec,,1
322,65,23232213,0x3e00000000000000000000000000000000000000000023,35,0 56 13,16,8,58 59 118 119 178 179 238 239,0xa36dc44d94e8e5c20d41652897f8463d317e1b40458e67ce3887180e332283e1,,1
322,66,23232393,0x3e0000000000000000000000000000000000000000002e,46,0 3 24,13,8,57 58 117 118 177 178 237 238,0x58009257d443db0f246399a640c2f39e8c179be32ebab0d4aa755149beb17138,,1
322,67,23232428,0x3e00000000000000000000000000000000000000000021,33,0 54 11,8,4,58 118 178 238,0xd938d9febe0cb926d1458684efceb2427d58187f49ad2c8f7734af68aec3ddce,,1
322,68,23232468,0x3e00000000000000000000000000000000000000000024,36,0 57 14,13,8,57 58 117 118 177 178 237 238,0xcb5397ed8dc52813fe5b0b83bbab32a96e8716c7a51f601f7edecdbf8b678561,,1
322,69,23232509,0x3e00000000000000000000000000000000000000000022,34,0 55 12,18,9,0 58 60 118 120 178 180 238 240,0xf449239b69a356926e1c6fa733662942b70057f308379d5a30fabfa8f36e4259,,1
322,70,23232536,0x3e00000000000000000000000000000000000000000012,18,0 39 60,13,8,57 58 117 118 177 178 237 238,0xeab2e7f960841274e8c20f0fd3f3307e7c51f4baf58194ac71f778ce7f4cd2d3,,1
322,71,23232565,0x3e0000000000000000000000000000000000000000003d,61,0 18 39,8,4,58 118 178 238,0x27553505903dd3a733a27f048c91228f4090ab7e975fa26545c0db62237db034,,1
322,72,23232604,0x3e0000000000000000000000000000000000000000003c,60,0 17 38,21,12,57 58 59 117 118 119 177 178 179 237 238 239,0x8c67f542a17b089e306b396da664238a6f1ed354e64184eae3e9c1e9ab59cffa,,1
322,73,23232647,0x3e0000000000000000000000000000000000000000002e,46,0 3 24,8,4,58 118 178 238,0x39e9625b93aaf380ae228e3e0461cb2a858e93a9b112cb8b6aed2b7c569c6afd,,1
322,74,23232709,0x3e0000000000000000000000000000000000000000002c,44,0 1 22,23,13,0 57 58 60 117 118 120 177 178 180 237 238 240,0xcbf1c020b71d70241e95f12d42f28bfbc2be1652b2d5fbd4aa059439830cf6e1,,1
322,75,23232746,0x3e0000000000000000000000000000000000000000003d,61,0 18 39,8,4,58 118 178 238,0x630422903e5b5be3184a917acfa435a62d6cd99a2e1c7c0ba6b48c397764372b,,1
322,76,23251336,0x3e00000000000000000000000000000000000000000011,17,0 38 59,13,8,57 58 117 118 177 178 237 238,0x89e36ffbffb2eedd109337425e6a385d300fb244c18019f15af488453c72b084,,1
322,77,23251373,0x3e00000000000000000000000000000000000000000000,0,0 21 42,8,4,58 118 178 238,0x9fe0a045c957dda1dc7a6009d502ae1b94c56fa2284c1fcfb6ff9dce33162946,,1
322,78,23251415,0x7c000000000000000000000000000000000003a,58,0 15 36,14,8,48 49 108 109 168 169 228 229,0x8b2d2939f9fe7334e50a848e56a3523557257001ed3129a8b71fa7d8b1bb69e0,,1
322,79,23251448,0x3e00000000000000000000000000000000000000000036,54,0 11 32,13,8,57 58 117 118 177 178 237 238,0x07c191badc7f9cb08a40107962ddf70be418cbbf86437429f921385be134d92d,,1
322,80,23251483,0x3e00000000000000000000000000000000000000000017,23,0 44 1,8,4,58 118 178 238,0x79bb9e7d1e11559d7fd2bab6351881f337a110bd9f99df3dda5b562e1877dc90,,1
322,81,23251511,0x3e00000000000000000000000000000000000000000006,6,0 27 48,31,17,0 57 58 59 60 117 118 119 120 177 178 179 180 237 238 239 240,0x7b411acb953eddb76f1b5d0886fccb834a1bbc9625c6dab5ed047f3d89296d52,,1
322,82,23251541,0xf8000000000000000000000000000000000000037,55,0 12 33,7,4,52 112 172 232,0x6ee50d2878c58af45e91aad07db2791947a700cd9d2ff58bbbe188451231586e,,1
322,83,23251577,0xf800000000000000000002a,42,0 63 20,5,4,28 88 148 208,0x33b195211756432c5ef7bd42c093be6b6ccfc9fea7b70d274acff2ebac44a655,,1
322,84,23251610,0x1f000000000000000000000000000000021,33,0 54 11,7,4,43 103 163 223,0x02cd197e52464e99d9fddc99c0f9546415db9a8ef4dee8db9d749c86e0b4ad84,,1
322,85,23251647,0x1f00000000000000000000001b,27,0 48 5,5,4,31 91 151 211,0xc6ed899c88c45f1d4ebd28762180c2a32c006b3fd1e25125982e8d93b96cf274,,1
322,86,23300962,0xf803f,63,0 20 41,29,15,0 3 4 60 63 64 120 123 124 180 183 184 240 243 244,0xc9320bd7ae6384e05f9c5d5e55d673928e893c075a65e75db4f5c7655c61250f,,1
322,87,23300994,0x3e00000000000000000000000022,34,0 55 12,14,8,33 34 93 94 153 154 213 214,0x2e678b4fde01d0ef47de031c5acab3a6eb686cfb3c3e6c0fe4ec4f9d4df60500,,1
322,88,23301037,0xf8000000000000000000017,23,0 44 1,12,8,27 28 87 88 147 148 207 208,0xb00d1331364405db66e679cf4579bc7ece8e20a199dcb5e6e1e475fa5e180180,,1
322,89,23301070,0x3e00000000000000000000000000000000000000000025,37,0 58 15,8,4,58 118 178 238,0x69c75af77c6dd6cbeec27efa3b271640cd1c8a95a48e7a80051df8e103d0044f,,1
322,90,23301105,0x3e00000000000000000000000000000000000000000011,17,0 38 59,13,8,57 58 117 118 177 178 237 238,0xe2e57fc3d0482b7388bc51ccd6eab3a8e4edb78b4f39befc567577166e4fc49e,,1
322,91,23343726,0xf8038,56,0 13 34,9,5,4 64 124 184 244,0x2746be4b21f476c8b085f15732f326f7b42b79451faa454978628166b1cc1861,,1
322,92,23343944,0x3e00000000000000000000000000000000000000000018,24,0 45 2,8,4,58 118 178 238,0x886c5ca3a29103af87145bb6cfca419ddb1eb3108b7c1817f17079ccd9410f41,,1
322,93,23343998,0x3e00000000000000000000000000000000000000000014,20,0 41 62,13,8,57 58 117 118 177 178 237 238,0xfd43a99476e9089b90853fc82b1bc8d71dad31f7308594187158663265932db3,,1
322,94,23344030,0x3e00000000000000000000000000000000000000000001,1,0 22 43,8,4,58 118 178 238,0x444c86bc5ad25a16f293d185f42c7d370565706de783bd8437147f273029bd39,,1
322,95,23344052,0x7c000000000000000000000000000000000002f,47,0 4 25,16,9,0 49 60 109 120 169 180 229 240,0x7dd54ad19fb05c852262d21c6f0235565fac2506b4a0c3d1ba2dd7d4153ab305,,1
322,96,23344114,0x3e00000000000000000000000000000000000000000021,33,0 54 11,13,8,57 58 117 118 177 178 237 238,0x82310c52c83d3385199e888892c8b47252104348da66a7df6df9772b6301a85d,,1
322,97,23344136,0x7c000000000000000000000000002a,42,0 63 20,13,8,36 37 96 97 156 157 216 217,0x5cb88334c6bdffcb7da7f3cf0d98991809d2b7eb1d65c3967243a36f5a21805f,,1
322,98,23344164,0x3e00000000000000000000000000000000000000000023,35,0 56 13,8,4,58 118 178 238,0xbdca7031410b7de0cea81494d2f22d1f813b5d3f4706279fee9d2d7ab4b75786,,1
322,99,23344187,0xf8000000000000000000030,48,0 5 26,5,4,28 88 148 208,0xb6e9cb4cb5ffd0bdfb5680be045d172f529a16806abac291450a38c6efac73b0,,1
322,100,23344212,0xf8000000000000000000000000000001,1,0 22 43,13,8,39 40 99 100 159 160 219 220,0x253cd36d01a6b8937d029e57b533aba9e6e47fdd4d5d1cf637531e372e3743d7,,1
322,101,23344256,0x1f00000000000001d,29,0 50 7,5,4,19 79 139 199,0xc65179c4cf2a6cd65dc49c2e4c4d8e27e07bb2466026edfc968b610722dd921e,,1
322,102,23344280,0x3e0000000000000000000000000000000003b,59,0 16 37,16,9,0 46 60 106 120 166 180 226 240,0xe32d4fe1b6f6fd544f22b63444546e6c491015a6224950f2c93758a99eb8210a,,1
322,103,23353379,0x3e00000000000000000000000000000000000000000029,41,0 62 19,21,12,57 58 59 117 118 119 177 178 179 237 238 239,0x12d9f54f87f86db927169ca0b52809831b3a8e674c04114e7de76cf4b1d9f2ff,,1
322,104,23353396,0x7c0000000000000000000000000000000000032,50,0 7 28,14,8,48 49 108 109 168 169 228 229,0x208570f18c1a29b5b917994a6b172f9ddf85be9b68c196309069b91fe373f9ee,,1
322,105,23353409,0x3e00000000000000000000000000000000000000000000,0,0 21 42,8,4,58 118 178 238,0x4007db38ae2ea206794dd983ecb642134d37cbcc6a2474b9ecae7c1d486b7455,,1
322,106,23353426,0x7c000000000000000000000000000000000003f,63,0 20 41,6,4,49 109 169 229,0x9ae6f002a26c3610476b15ea6fdf85aee331da463a6c30733363b91d337f4238,,1
322,107,23353443,0x3e0000000000000000000000000000000000000000003b,59,0 16 37,23,13,0 57 58 60 117 118 120 177 178 180 237 238 240,0xd9d18d590a48d607a68fc61b438574231fcea1b907b88155c2ad504b5e09732a,,1
322,108,23353485,0x3e00000000000000000000000000000000000000000000,0,0 21 42,8,4,58 118 178 238,0x62f1e39a5fd408a7609d8fba0ae1ca433949017feabc8d8b10711eaa812cd789,,1
322,109,23353503,0xf8000000000000000000036,54,0 11 32,12,8,27 28 87 88 147 148 207 208,0x0c10948cb469e5f5b32b72a83a88678c00877af6685ced88d6de2afc8860e5a9,,1
322,110,23353525,0x3e00000000000000000000000000000000000000000016,22,0 43 0,13,8,57 58 117 118 177 178 237 238,0x39d9f855a0609446dfb591c2d1d949f35d57238a54526da00417575b093fe427,,1
322,111,23353557,0x3e00000000000000000000000000000000000000000024,36,0 57 14,8,4,58 118 178 238,0x49509b6572d8540b0fb71fe84554606e354fe6ecf028aa0537ed07d2b0deea4f,,1
322,112,23353590,0x1f000000000000000000000001,1,0 22 43,8,8,30 31 90 91 150 151 210 211,0xacab380b476f58bf60a359ff2028f4aeb7b8bd087ec3eea23de65e205ea90867,,1
322,113,23353613,0x3e00000000000000000000000000000000000000000016,22,0 43 0,13,8,57 58 117 118 177 178 237 238,0x741a41ee482f109f73632c97d5733c31292b3ad619f2e0532c67d6abfcc09dcc,,1
322,114,23353630,0x3e0000000000000000000000000000000000000000001b,27,0 48 5,8,4,58 118 178 238,0x2d8c91765565d3eda81b58b162728334ab6a1f0a688fbcf3af8cc862a168352f,,1
322,115,23353649,0x3e0000000000000000000000000000000000000000002b,43,0 0 21,21,12,57 58 59 117 118 119 177 178 179 237 238 239,0x7abfa77c0a4112e73e5fae17707eee41f59c1b2a24030f71b3b5abb4dc15741c,,1
322,116,23353683,0x3e00000033,51,0 8 29,20,10,0 10 60 70 120 130 180 190 240 250,0x398e1980f76bc15bc182f40eaa197558c7c959425db86a2c7cb374924bd547b9,,1
322,117,23353804,0xf8000000000000000000000000000020,32,0 53 10,8,4,40 100 160 220,0x0f5bfa6d6aa9437747f732da886749fd9daa7e23c0c4633d8a6afe7faae2b866,,1
322,118,23354043,0x3e00000000000000000000000000000000000000000025,37,0 58 15,8,4,58 118 178 238,0x31135d627304771211cf5a46e6597c394e18c07ee366bcffa00f9ad8d7d1c1a6,,1
322,119,23354060,0x7c0000000000000000000000000000000000030,48,0 5 26,14,8,48 49 108 109 168 169 228 229,0xdfb3bc74d8b4f31052908b2e189aa0b53f3b25cf60a4f32035da509531b202cb,,1
322,120,23354077,0x3e0000000000000000000000003c,60,0 17 38,6,4,34 94 154 214,0x93fb9f70380835b30915a197030623443e147bad9ba936bc2e7101a5289cb32c,,1
322,121,23354100,0x3e00000000000000000000000023,35,0 56 13,24,13,0 33 34 60 93 94 120 153 154 180 213 214 240,0xc4902dc690d611c906f8b8c55de3bd16e454a9054e594ec68ef8c9888f80c0b6,,1
322,122,23354124,0x1f000000000000000000000000000000000000000039,57,0 14 35,7,4,55 115 175 235,0x17073190aa4c14af783c111b88377f65180020683f7a99eab23ed820e9f207cd,,1
322,123,23354141,0x7c000000000000000000000000003a,58,0 15 36,5,4,37 97 157 217,0x58a43a250350a9f352f18c8ce6fd2b24361b0f29e6f06865143be8912b25e64c,,1
322,124,23354162,0xf8018,24,0 45 2,19,10,3 4 63 64 123 124 183 184 243 244,0xa79ac502bd3a8fb5669abf43d9a692d2bc9b007996275a79cf89efe5f8032451,,1
322,125,23354206,0x1f000000000000000000000021,33,0 54 11,5,4,31 91 151 211,0xc7b0482e522d222e3781adf1038f38b908fcca3100f671a6721717fad7569307,,1
322,126,23354283,0x3e0000000000000000000000000000000000000000000d,13,0 34 55,13,8,57 58 117 118 177 178 237 238,0x84acdd4d23d9f34bd918d55ac4fece49584c272a6b6dd4e860c1a92a7a90b27d,,1
322,127,23354331,0x3e00000000000000000000000000000000000000000013,19,0 40 61,8,4,58 118 178 238,0x27ce2045ad2b55d2cd1b86f88d030e05a0aafbb250ff40627638209d296b7587,,1
322,128,23354364,0x3e0000000000000000000000002d,45,0 2 23,16,9,0 34 60 94 120 154 180 214 240,0x34e21957e080892bc4145afffcc9dec7e82132a5cbc0530d7a5c89c8c3af4ba9,,1
322,129,23354392,0x1f00000000000000000000001f,31,0 52 9,8,8,30 31 90 91 150 151 210 211,0x2cbd8b1e7d9a3422d87258e7606fc59ed379796d04efd0d64c06f3bce594e455,,1
322,130,23354412,0x1f000000000000028,40,0 61 18,12,8,18 19 78 79 138 139 198 199,0x9a0a53d3ab809e433660787a5dac09688d109d9d95f4249bfca2f1b39eb4a78f,,1
322,131,23354446,0x7c000000000000000002a,42,0 63 20,8,4,25 85 145 205,0xfd52468af0955ecdca6b4d979c9b74db65fa3ebc59ee832d3d038da267e767fa,,1
322,132,23370227,0x3e00000000000000000000000000000000000000000032,50,0 7 28,13,8,57 58 117 118 177 178 237 238,0xaba76e3a26e3de69548edcbdaddb14412d42b7321ccef2807b3d5afbcc697ca2,,1
322,133,23370246,0x3e00000000000000000000000000000000000000000001,1,0 22 43,8,4,58 118 178 238,0x10170100c47fad3f4af96616962a26d4b52ef26fd30686300e8b9ee880c80c8e,,1
322,134,23370262,0x7c0000000000000000000000000000000000005,5,0 26 47,6,4,49 109 169 229,0xf2f3ffc1bfd4fccd5e695afaeed6fcdd16b29438bcd2a5ecc532c93497b59fd3,,1
322,135,23370285,0x3e00000000000000000000000000000000000000000028,40,0 61 18,13,8,57 58 117 118 177 178 237 238,0x53f2b64f131f453c613496ed6e95f10d26537de031b19d245751f0a1c14d7da5,,1
322,136,23370302,0x3e00000000000000000000000000000000000000000032,50,0 7 28,18,9,0 58 60 118 120 178 180 238 240,0x8a93288b244c1e5d1ca2cfc329f43d9cbc4fdf6a5c5db7e9691e8192f0033bef,,1
322,137,23370333,0x1f000000000000010,16,0 37 58,5,4,19 79 139 199,0x44242289fce1244ebd62a25b41b48673d9d19f68ac31dee94d00fe4c4f4affdc,,1
322,138,23370353,0x3e00000000000000000000000000000000000000000004,4,0 25 46,21,12,57 58 59 117 118 119 177 178 179 237 238 239,0xf41cfde780b5f8e70a6a988eca6789e6999983847fc8a003a1e0d35ce69b03a3,,1
322,139,23370372,0x3e0000000000000000000000000000000000000000001f,31,0 52 9,8,4,58 118 178 238,0xb02f9f8080d47fd216751d20793ef85d4ea692e2b1a1c727185fc39b842e01f3,,1
322,140,23370421,0x1f000010,16,0 37 58,8,5,7 67 127 187 247,0x83d09b7a4b779b5d9a70b7118944369fbd4f3c95476625bc06faa8715ebac7c2,,1
322,141,23370472,0x3e00000000000000000000000000000000000000000034,52,0 9 30,13,8,57 58 117 118 177 178 237 238,0xc4c8b5dd5d9f60ef8d1dbc194a2c8d84270bf52868ca6dc1985f1edaa536c37a,,1
322,142,24407149,0x7c3e1f0f87c0000000008,8,0 29 50,75,43,12 13 15 16 18 19 21 22 24 25 72 73 75 76 78 79 81 82 84 85 132 133 135 136 138 139 141 142 144 145 192 193 195 196 198 199 201 202 204 205 252 253 255,0xf92832b5e8df7235519328bac07c9c5a99afebe948ec0ce78c8b43976a58e012,,1
322,143,24407271,0x7c3e1f0f87c000000003b,59,0 16 37,35,21,13 16 19 22 25 73 76 79 82 85 133 136 139 142 145 193 196 199 202 205 253,0xcc9c9c8be5bb65a45ac5d8c7286e655bd4080705e6526114f1432183f483e43b,,1
322,144,24838034,0x7c3e00000003e1f0f803e,62,0 19 40,86,46,0 4 6 7 9 10 21 22 24 25 60 64 66 67 69 70 81 82 84 85 120 124 126 127 129 130 141 142 144 145 180 184 186 187 189 190 201 202 204 205 240 244 246 247 249 250,0xf018c7ce057d0bee2b1f684f00edad1fe174b19bdb82651a96dc1cfbc82f0d11,,1
323,1,22957202,0x3f8000000000003,3,0 24 45,6,4,16 76 136 196,0x81d5cd3ac93f8db1f403e56a242f2a0fea2efbe1a9de79c2ed59db7d0c689307,,1
323,2,22957236,0x7f000000,0,0 21 42,8,5,7 67 127 187 247,0x89206865c8b6e0588055bd4f0c4bb3ca1edeebcd068ca7cebe9855039935c80c,,1
323,3,22957325,0xfe00000000000000008,8,0 29 50,8,4,22 82 142 202,0x0846ca0f58377efe0d1154a0f573aeb8f402fae2a5a77a1c1e670fab911546f4,,1
323,4,22957437,0x3e00000000000000000000000000000000000000000008,8,0 29 50,8,4,58 118 178 238,0xa9434b58a9adb8d39f3801a9bd73b4f2413bd8a63c97103bed81524de5c8189f,,1
323,5,22957679,0x1f000000000000000000000016,22,0 43 0,5,4,31 91 151 211,0xe3d87cbbde41b46b219b9c4997c1e3447a829a8766b1c1228ea594193d278563,,1
323,6,23047708,0xfe0000000000000000f,15,0 36 57,24,12,21 22 23 81 82 83 141 142 143 201 202 203,0xa724724d4947e11d6447ccc587fd8e3b95047269476f4913273d0c855d3111ee,,1
323,7,23048767,0x1f00000000000000000000003d,61,0 18 39,8,8,30 31 90 91 150 151 210 211,0xc0c8f1c505489cdf7bac04badb9081a6e377207b12e241b6bb73350866f700e3,,1
323,8,23184277,0x1f00001e,30,0 51 8,16,10,6 7 66 67 126 127 186 187 246 247,0xb8fd0240d48c9f284255d91cbd4af36658036a78065b725c77e88057f1feaecd,,1
323,9,23214539,0xf803a,58,0 15 36,9,5,4 64 124 184 244,0xc06e865f4539b5cff0d8f2bf159d183f24511d6d2cafea7fb278dc4e13b4a2bd,,1
323,10,23365704,0x1f000002,2,0 23 44,8,5,7 67 127 187 247,0xfa283430ce29bf2bf51c8ab8c6cb0f527318aade1c87de86b194293e13cc333e,,1
323,11,23385821,0x1f00003a,58,0 15 36,26,15,0 6 7 60 66 67 120 126 127 180 186 187 240 246 247,0x006986e8305a8980379c143c03e3521d604748f1bdf9a61a15fd85d9f6aa72f8,,1
323,12,23453284,0x1fdb,27,0 48 5,18,10,0 1 60 61 120 121 180 181 240 241,0xcdc786dec64f2567a2dc5222be345ae28e2e96b3d24c1846c03ca245e4f7fa55,,1
323,13,24754490,0x7c3e1f00000001f0f8015,21,0 42 63,66,36,3 4 7 8 19 22 24 25 63 64 67 68 79 82 84 85 123 124 127 128 139 142 144 145 183 184 187 188 199 202 204 205 243 244 247 248,0xa7bdce37ca6e672ea2517dd1560983abe188e2086a3af14b89e1270b2fae335e,,1
323,14,24928705,0x7c3e00000003e1f0f801c,28,0 49 6,68,37,4 6 7 9 10 21 22 25 64 66 67 69 70 81 82 85 124 126 127 129 130 141 142 145 184 186 187 189 190 201 202 205 244 246 247 249 250,0xac6addc093932162e507718c66050f70c91209dd26083231096c81a583b36194,,1
324,1,22963117,0x1fc000000000000000000b,11,0 32 53,8,4,25 85 145 205,0x21986eea82fc54342af4f8fad6b7ba2ba7ba788a5680c191d07a176321819d24,,1
324,2,22965254,0xf8000000000000000000011,17,0 38 59,12,8,27 28 87 88 147 148 207 208,0x5b90e87c3ebafa47c2c7157b1459c5068d10bdabb3874987c682ad5d56928436,,1
324,3,22965304,0x7c0000000000000000000000000014,20,0 41 62,5,4,37 97 157 217,0x22842ecb89c0142f42cd3761be771e5c3e888f45cbc25ead1806a3b3b9934495,,1
324,4,22965361,0x7c0000000000000000000000000000000000007,7,0 28 49,6,4,49 109 169 229,0x9f9414c7f5f944990463efe90c5db36c4a9b52deec77414452d1f93ed059ae42,,1
324,5,22965406,0x3e0000000000000000000000000000000000000000002e,46,0 3 24,8,4,58 118 178 238,0x7565cf359255718b96178b8fad3f934abc6497dc42bea218ef47d2c0e4cb6968,,1
324,6,23073516,0x1f000008,8,0 29 50,8,5,7 67 127 187 247,0x2c934487bd61058f2d5e8a997d59446d0eb65fcfc2ba67b15c597411b25d5ef5,,1
324,7,23311140,0xf8006,6,0 27 48,9,5,4 64 124 184 244,0x35d8d6be6996ba7e939f340bcaeb0e5d966d12d0c0d91516572ac9ff831d01e3,,1
324,8,23400255,0xf80000000f80000000f80000000f80000000f8030,48,0 5 26,45,26,3 4 16 28 40 52 63 64 76 88 100 112 123 124 136 148 160 172 183 184 196 208 220 232 243 244,0x3f56a8adc73ba32e5b6948bbe0c00b2d008e52c5ec61d2a2ed532f5df2a19caf,,1
324,9,23477543,0x7f80000007f80000007f80000007f80000007f8017,23,0 44 1,97,64,4 5 6 15 16 17 27 28 29 39 40 41 51 52 53 64 65 66 75 76 77 87 88 89 99 100 101 111 112 113 124 125 126 135 136 137 147 148 149 159 160 161 171 172 173 184 185 186 195 196 197 207 208 209 219 220 221 231 232 233 244 245 246 255,0xfbcc0b543f56b511c9cb14a7ef1a5712210b69945db24f1713702f20043d1883,,1
324,10,23815811,0xf80000000f80000000f80000000f80000000f8014,20,0 41 62,45,26,3 4 16 28 40 52 63 64 76 88 100 112 123 124 136 148 160 172 183 184 196 208 220 232 243 244,0x0961e60caa26676f9a47427ee83ea378ee3ddcc3c7ea72a2dba1e88e03d7098f,,1
324,11,24147847,0x3e1f0f87c3e0000000b,11,0 32 53,52,31,10 13 15 16 18 19 22 70 73 75 76 78 79 82 130 133 135 136 138 139 142 190 193 195 196 198 199 202 250 253 255,0x2e95b6406f696a7f31e17d171c802068ac2aa7148043e1e4069d6753a4c42de3,,1
324,12,24333483,0x7c3e1f0f87c0000000025,37,0 58 15,70,39,0 12 13 16 19 21 22 24 25 60 72 73 76 79 81 82 84 85 120 132 133 136 139 141 142 144 145 180 192 193 196 199 201 202 204 205 240 252 253,0x692863a2fde18a69c7e24abfffd4e0a4a9f1eedc93893bb33b11ff7f66ff14f6,,1
324,13,24599590,0x7c3e1f0f80000000f803d,61,0 18 39,51,30,4 15 16 18 19 22 25 64 75 76 78 79 82 85 124 135 136 138 139 142 145 184 195 196 198 199 202 205 244 255,0x5f94526e43eefbc3db4332618482d7f876cbb1d9cc9f4ee2ff9e5785989f6415,,1
324,14,24768024,0x7c3e1f00000001f0f802a,42,0 63 20,64,35,3 4 7 19 21 22 24 25 63 64 67 79 81 82 84 85 123 124 127 139 141 142 144 145 183 184 187 199 201 202 204 205 243 244 247,0x17120b9f3e15da94a92a5763b11483bf1b1917d95f9af2e316010bc72834afdf,,1
324,15,24996797,0x7c00000007c3e1f0f8015,21,0 42 63,66,38,4 6 7 9 10 13 25 26 64 66 67 69 70 73 85 86 124 126 127 129 130 133 145 146 184 186 187 189 190 193 205 206 244 246 247 249 250 253,0x60bfb0d926a133675504f3775d1a2917fa9435b7c232b30478e020b389af9342,,1
325,1,23178417,0x7f00000000000000000000000e,14,0 35 56,5,4,31 91 151 211,0x7a96b67774d4ed8d624e0fba9b5f4bbe60983e50f1ad28f3ad3485ff4a29607f,,1
325,2,23374825,0x1fc0000000000000000000000000000000000034,52,0 9 30,6,4,49 109 169 229,0x2d16f2578ee9d4627389483d8a2189b9f4487b8feb8dc80150b84bcadb62a963,,1
325,3,24339886,0x7c3e1f0f87c0000000021,33,0 54 11,35,21,13 16 19 22 25 73 76 79 82 85 133 136 139 142 145 193 196 199 202 205 253,0x54d2d9eae1aa4e96080905322568c5ca5a4bc2895f26d4fe48d7fd6f0eedc4a8,,1
326,1,23177649,0x3f8020,32,0 53 10,9,5,4 64 124 184 244,0x39ba80e1866ffc1d09de2e597461e3e9deef25f301dfaeff660571953e4a380e,,1
326,2,23374515,0x1fc0000000024,36,0 57 14,8,5,13 73 133 193 253,0xb6ac2d513ded301e978e362f195cd9bc42657fb653ceaa021f391c839d79ec02,,1
326,3,24340393,0x7c3e1f0f87c0000000021,33,0 54 11,52,31,12 13 15 16 19 22 25 72 73 75 76 79 82 85 132 133 135 136 139 142 145 192 193 195 196 199 202 205 252 253 255,0xebbf3ddcf7c342fc2d310108edb74e49ac73caa12b81bc57b06f41efdca21a3a,,1
327,1,22961756,0x1fc0000000000000000000000000023,35,0 56 13,5,4,37 97 157 217,0xf0364c687bc5007648dad79a07bea3b95ea8f524a3ad452c67febf04b7276e0b,,1
327,2,22962087,0x1fe00000000000000000000000000000000000000000036,54,0 11 32,16,8,58 59 118 119 178 179 238 239,0x1784dc8a7c17ba7065d48f935add25d5b1bb58bc2f2d89fde89ecffe7a68911b,,1
327,3,22962128,0x1fe00000000000000000000000023,35,0 56 13,20,12,34 35 36 94 95 96 154 155 156 214 215 216,0xb28e29bfb9273a75ce6ebdeb7672f6f669caf7bab5db4d597871761207366854,,1
327,4,22963316,0x1fc0000000000000000026,38,0 59 16,8,4,25 85 145 205,0xc9a78ec44cf50e0a1b90a78a32d9460bdf74ca972f2bbcb7b01e0c7a211a09ff,,1
327,5,22963420,0x7f000000000000000000000000000000000000000038,56,0 13 34,17,9,0 55 60 115 120 175 180 235 240,0x7add2ac974f77b49f423a7d99253ee9c5ed3a541ba44f5176c4549e8dbb638e3,,1
327,6,22963438,0xfe0000000000000000000000002b,43,0 0 21,14,8,33 34 93 94 153 154 213 214,0xea668d129396c4eefaeb6083e2d03330a7a566ad7c59ad3fa1049a4ebcd81ba5,,1
327,7,23000866,0x1fe00000000000000000000000000000000000000000036,54,0 11 32,21,12,57 58 59 117 118 119 177 178 179 237 238 239,0xcc86083379429cb31b1f2ecb43202d7e4bdd961d974d47bea1cd09542eb138a2,,1
327,8,23001048,0x1fe00000000000000000000000024,36,0 57 14,12,8,34 35 94 95 154 155 214 215,0x6a256efcd0dc424d13447cc6d3db66ebb4a60a9298cc298f15a0c4b9e578b3d0,,1
327,9,23215619,0x3fc0000000000000000037,55,0 12 33,22,12,24 25 26 84 85 86 144 145 146 204 205 206,0x971e2b5c0ae7f8241c1f42a26e6c63199bb6ffbc437448df025afb7721df8a61,,1
327,10,23215678,0x1fe00000000000000000000000007,7,0 28 49,20,12,33 34 35 93 94 95 153 154 155 213 214 215,0xb1fb5ae69211c947ce7e50ffa5791a7c10648dabb873dfd1afb2c7d20c0ef12e,,1
327,11,23215734,0x1fe00000000000000000000000000000000036,54,0 11 32,21,13,0 46 47 60 106 107 120 166 167 180 226 227 240,0x7da15af36403655bbb29f0c98f909cad6aff0191f7c5373252c0a0feeaad7f48,,1
327,12,23215772,0xff00000000000000000000000000000000000000000b,11,0 32 53,19,12,54 55 56 114 115 116 174 175 176 234 235 236,0x8f84233d4252ac815b9a906a6eb4b01801e6a63d2a05b5a07649564607a3a723,,1
328,1,22962249,0x1fe00000000000000000000000000000000000,0,0 21 42,11,8,46 47 106 107 166 167 226 227,0xe7f3fcc8b37edc77c066f24347bfe48e89075bce07904b139bb4ffb05be1c788,,1
328,2,23047088,0xf8000000000023,35,0 56 13,6,4,16 76 136 196,0x5b83639cf188d02c66259b67b261f634b58fdf33c14fa51e30e47b89b5e896dd,,1
328,3,23047525,0xf801c,28,0 49 6,9,5,4 64 124 184 244,0xd32f1bee625a75f9c0eabacc6618765362288f235922c471b40f2553fddbdac9,,1
328,4,23048176,0x1f000032,50,0 7 28,8,5,7 67 127 187 247,0x36438102d783b97a657730dd7a8e6426b882a40208a40645f215e82b6877eb3c,,1
328,5,23048232,0x3e00000000,0,0 21 42,10,5,10 70 130 190 250,0xa70751d0a580de4ac1ba958cb9331172935981558c0e044104417d578e1a8a0d,,1
328,6,23048290,0x7c000000000000000003e,62,0 19 40,8,4,25 85 145 205,0x63603e39c2a188f2e125855cdf8d26d9d8bcffca82a3839ca3063832ebf87921,,1
328,7,23048345,0x1f000000000000000000000000000000000000000017,23,0 44 1,7,4,55 115 175 235,0xe84e2ada4c1a94367bca7990677fadd84c0a221c32c0913dfe1346dbc38b2b6e,,1
328,8,23048401,0x7c0000000000000000000000000010,16,0 37 58,5,4,37 97 157 217,0xdc56d6461c3b803623557f17198e305d18e5cb0ed8645dd3d5958a16c16a8d22,,1
328,9,23302168,0xf803a,58,0 15 36,29,15,0 3 4 60 63 64 120 123 124 180 183 184 240 243 244,0x24cc6e0511ab621f60a1cf3a3d2ae4c8c44b6fd8f0983d4be1c7b55a11be1bdd,,1
328,10,23331365,0xf8000000000014,20,0 41 62,14,9,15 16 75 76 135 136 195 196 255,0x316faf82cbca9af4471a56feae40563039fff20e264dee0f2aa9b766431b9832,,1
328,11,23331478,0x1f000000000000033,51,0 8 29,5,4,19 79 139 199,0x22302ca974d653a3fdfc6d7f62e905011b43cce786caeb9f69d65714ef38caa6,,1
328,12,23331564,0x7c0000000000000000000000000037,55,0 12 33,13,8,36 37 96 97 156 157 216 217,0x3a6675c3e85c1e6808bbc2d5b1b89780f8b2d74ab1601cc1f2d59c62ee33b00a,,1
328,13,23331629,0x3e0000000000000000000000000000000000000000002d,45,0 2 23,8,4,58 118 178 238,0xd8d0c80c5c6752b208daadce60b25765cadf9d67071f5e95a70dbfb07a85fdeb,,1
328,14,23343994,0x1f00000000000000000000000000000000c,12,0 33 54,7,4,43 103 163 223,0x590bb9c6f17ff29af6ec0df63b26919efc5816a78f50831e8915b40c7e3e8fa4,,1
328,15,23344040,0x1f000000000000000000000000000000000000000007,7,0 28 49,12,8,54 55 114 115 174 175 234 235,0x6f9f2b5271f455f611d9a60643227a3dbca7eea181a132cfec31d65182666cbe,,1
328,16,23363468,0x1f000000000000000000000000000000016,22,0 43 0,13,8,42 43 102 103 162 163 222 223,0x9538de19ba60569770694ea57d5b8437f0fe99415884af368e38feb5220338f9,,1
328,17,23363557,0x3e00000000000000000000000000000000023,35,0 56 13,20,13,0 45 46 60 105 106 120 165 166 180 225 226 240,0x99874ddb28478da2fa23e15017f856efda117f8b5462d098a7a2373f34a7e300,,1
328,18,23464812,0x1fc0,0,0 21 42,8,5,1 61 121 181 241,0xac493254acaca02ff94dffe974d2428d0ec961a94d8c995a19d1fadc3f63a7a0,,1
328,19,23465438,0x1fc6,6,0 27 48,27,15,0 1 2 60 61 62 120 121 122 180 181 182 240 241 242,0x855b9f48d84d8ce8d44725eb82fe45d75e81bd0f547b55c60ad7415898545328,,1
328,20,23528738,0xf80000000f80000000f80000000f80000000f802d,45,0 2 23,45,26,3 4 16 28 40 52 63 64 76 88 100 112 123 124 136 148 160 172 183 184 196 208 220 232 243 244,0xec4149ddfbfc6245fb1f30c8d298ece2b67f51af216183955f70d5417c054b33,,1
328,21,24311434,0x7c3e1f0f87c0000000034,52,0 9 30,58,34,13 15 16 18 19 22 24 25 73 75 76 78 79 82 84 85 133 135 136 138 139 142 144 145 193 195 196 198 199 202 204 205 253 255,0xfc47619a24473e97e8a5ccda985e71649f129d0916ab8fe18b141fab01fbfb4d,,1
328,22,24924567,0x7c3e00000003e1f0f8033,51,0 8 29,68,37,4 6 7 9 10 21 22 25 64 66 67 69 70 81 82 85 124 126 127 129 130 141 142 145 184 186 187 189 190 201 202 205 244 246 247 249 250,0x5ee4bd0b79ed0958258b2e32eb159d01fd285f0b6bed51b2e5dcaaf8bb4ed15a,,1
329,1,23178439,0x7f000033,51,0 8 29,8,5,7 67 127 187 247,0x110fcbdb301b9377d62967d6d93f205b32da00c76a635eab7e4c75ad1805605b,,1
329,2,23374865,0x1fc0000000000000000000000000019,25,0 46 3,5,4,37 97 157 217,0x0ed4c7e4fe8253be8329bc1f906d3420f464c4a025967db429f42f2e8bd99a91,,1
329,3,24339960,0x7c3e1f0f87c0000000021,33,0 54 11,35,21,13 16 19 22 25 73 76 79 82 85 133 136 139 142 145 193 196 199 202 205 253,0xdb5c0e7d0d294037089420fffb4e5cf98099b2f4578fb4d0bcb3f1fe64c3de41,,1
330,1,22963233,0xfe00000000000000000000000000000000000000000003,3,0 24 45,8,4,58 118 178 238,0xe5936971863e4f8d753637425b951521b27b3975e6b33c05d373260d658f7658,,1
330,2,23173219,0xfe00000000000000000000000000000000000000000033,51,0 8 29,21,12,57 58 59 117 118 119 177 178 179 237 238 239,0x74aa596eace1caddf4ddc4b8752a81ec21f01bbba8d1a80354518dcb98447fc2,,1
331,1,22963344,0xfe00000000000000000000000031,49,0 6 27,6,4,34 94 154 214,0xf91ec6ee84b6f23281443a09b2eb2ae2c6c162fb128d157a24347ea07ef37ef1,,1
331,2,22963370,0xfe00000000000000000000000000000000037,55,0 12 33,6,4,46 106 166 226,0x5fda3e8735cb3ce5cf619c53b42f93aa8c144887d7cd646c8a14032b4c9eae4b,,1
331,3,22963384,0x7f00000000000000000000000000000000000000000c,12,0 33 54,7,4,55 115 175 235,0xbaa20015acc7972dac4da99065f62e5923faf8acdd55876b76f88a4362cc62b1,,1
331,4,22964140,0x3f8000000000024,36,0 57 14,6,4,16 76 136 196,0xfd19f3a26aaf409dcb042a564aedc00fec9429cadd91c63bff968a4998ae66da,,1
331,5,23000918,0x1fe00000000000000000000000000000000023,35,0 56 13,15,12,45 46 47 105 106 107 165 166 167 225 226 227,0xea5c394ea61b7ca7a2b22d4f4f59aa698daf5f41cc31d71ea51e78501887ab2b,,1
331,6,23001067,0xfe0000000000000000000000002b,43,0 0 21,30,17,0 33 34 35 60 93 94 95 120 153 154 155 180 213 214 215 240,0x0dcd0afecf0eacc5f8949bd2178fa223d375ae4fcebbe159180c13b997e18bd9,,1
331,7,23215840,0x1fe00000000000000030,48,0 5 26,16,8,22 23 82 83 142 143 202 203,0xe455593d743b17704809e4396a798d046013fc75a9263d4b6581692437c8c42b,,1
331,8,23215888,0xff00000000000000000000000d,13,0 34 55,13,8,31 32 91 92 151 152 211 212,0xbbe806b01819f10fa6dcc11f2524a214e1c751d737aa5d8f5e8968ba3f31d30e,,1
331,9,23215989,0xff000000000000000000000000000000020,32,0 53 10,14,8,43 44 103 104 163 164 223 224,0x44452b6841389d3d4e224d1492c1f33f6c6a7ec0f1c6e4d4d3639c562cc8d540,,1
331,10,23216080,0x7f8000000000000000000000000000000000000035,53,0 10 31,12,8,52 53 112 113 172 173 232 233,0xaa293ad7b2e03c46c05fbe08b8465ef3b3c819d220f93326bab3def4e4440b20,,1
332,1,22964176,0x3e0000000000000000000000000000000000000000001a,26,0 47 4,8,4,58 118 178 238,0xaf05ac1ce4056b5302d5e0b9afc20b41ca46adb782a1acc393af9c768bc310ea,,1
332,2,23040003,0xf800000000000000000000000000000000000002c,44,0 1 22,7,4,52 112 172 232,0x9a413b55e900dc796f2a9447b622151854a89fecf7dd5464f7c9272e49041fe2,,1
332,3,23209905,0xf801c,28,0 49 6,9,5,4 64 124 184 244,0x8f32a9412abccba7a3e4db800749f8a02e6f651f167b83a717a117da3b912f10,,1
332,4,23449626,0xf8037,55,0 12 33,19,10,3 4 63 64 123 124 183 184 243 244,0xb08a48b894db8d9cc5ac4f9cfda7e4a75ab7a874db41962d583222f267c03225,,1
332,5,23450205,0xf80000000f8003e000f80000000000000000f801d,29,0 50 7,38,25,4 28 34 40 51 52 64 88 94 100 111 112 124 148 154 160 171 172 184 208 214 220 231 232 244,0xd9e84175bc3e43a4ed2578687a26e7ae2f1e41305d7708aa00230c1ec035242d,,1
333,1,24836130,0x7c3e00000003e1f0f803e,62,0 19 40,43,23,4 7 10 22 25 64 67 70 82 85 124 127 130 142 145 184 187 190 202 205 244 247 250,0xb9b9cfa750d36db668f583658c92b274d38274dbd6e82363bd00fb09e611f6c0,,1
334,1,23477314,0xf8000,0,0 21 42,9,5,4 64 124 184 244,0x75d24ebcdf5e95a5dae6cb424a0865c25f593b2cc23b44e8c7e4115d71a8205a,,1
335,1,23401988,0xf80000000000000000f80000001f00000000f8021,33,0 54 11,27,17,4 16 28 52 64 76 88 112 124 136 148 172 184 196 208 232 244,0xf48906289eaee9daad5f73951385c3ba7a18e5ea7819874a7dfe30079453d17e,,1
335,2,23590172,0xf8003e000f80000000000000000f80000000f8023,35,0 56 13,57,35,3 4 15 16 40 46 51 52 63 64 75 76 100 106 111 112 123 124 135 136 160 166 171 172 183 184 195 196 220 226 231 232 243 244 255,0x5f638b5248ff31ac90bd1656269af0632cadb0de341627198d6ece2c051c1026,,1
335,3,24664180,0x7c3e1f00000001f0f8039,57,0 14 35,38,22,4 7 19 22 25 64 67 79 82 85 124 127 139 142 145 184 187 199 202 205 244 247,0x4164a28c79ccd62b1a125166e3e4b31714554fe0b3574609c99866b48cf10b54,,1
336,1,23407623,0x1f0f80000000000000000f80000000f80000000f801b,27,0 48 5,34,21,4 16 28 52 55 64 76 88 112 115 124 136 148 172 175 184 196 208 232 235 244,0xdbbbc08564628b4b221eff4b84621329763619710d28c237409f7d331e584ae7,,1
336,2,23410969,0xf80000000f80000000f80000000f80000000f8009,9,0 30 51,63,39,3 4 15 16 27 28 40 51 52 63 64 75 76 87 88 100 111 112 123 124 135 136 147 148 160 171 172 183 184 195 196 207 208 220 231 232 243 244 255,0xe094513de4eb01aba05faff38ebbde48d2bbc34874f740d5a084c926c839128f,,1
336,3,23417448,0xf80000000f80000000f80000000f80000000f8017,23,0 44 1,40,25,4 16 28 39 40 52 64 76 88 99 100 112 124 136 148 159 160 172 184 196 208 219 220 232 244,0xeecec255c1df74e805cfde2c19e68b7a407a3f77e4aa872d5ede7e7f977c8bad,,1
336,4,23451027,0xf80000000f80000000f80000000f80000000f8035,53,0 10 31,63,39,3 4 15 16 27 28 40 51 52 63 64 75 76 87 88 100 111 112 123 124 135 136 147 148 160 171 172 183 184 195 196 207 208 220 231 232 243 244 255,0xa5fc62754a4c7d4446cf8ef72454c6821d68143afa225c6527bc4ad1aafe39b9,,1
336,5,23618729,0x3e000000000000f87c0000000000000000003e1f00002b,43,0 0 21,44,26,7 10 37 39 40 58 67 70 97 99 100 118 127 130 157 159 160 178 187 190 217 219 220 238 247 250,0x6c1aa5cb704c3d7f8f7770f6cc401b717efaf40afa938bfc887fcb14921a4ea3,,1
336,6,23618822,0x3e00000003e1f0000000000007c00000f8000000000031,49,0 6 27,40,24,16 25 43 46 57 58 76 85 103 106 117 118 136 145 163 166 177 178 196 205 223 226 237 238,0x2042e8d7efcf1546c42812c073fb2e7746b6d8cdb2423b333ba83113c814e483,,1
336,7,23620018,0x1f0000000000007c3e000000000000f80000000f8006,6,0 27 48,54,34,4 15 16 34 36 37 54 55 64 75 76 94 96 97 114 115 124 135 136 154 156 157 174 175 184 195 196 214 216 217 234 235 244 255,0x73e419a565559a2548aa7bae0f89a9d3269d1792d686289132016beb247cd357,,1
336,8,23714172,0x3e000000000000f80000000000000000f87c00000f8025,37,0 58 15,59,32,0 3 4 13 16 40 58 60 63 64 73 76 100 118 120 123 124 133 136 160 178 180 183 184 193 196 220 238 240 243 244 253,0xb3e4bb490e71a7af8974ad84455d3c14baaaceeb51f517bc50c01154cecb4408,,1
336,9,23756884,0xf80000000f80000000f80000000f80000000f8012,18,0 39 60,53,34,4 15 16 17 28 39 40 52 64 75 76 77 88 99 100 112 124 135 136 137 148 159 160 172 184 195 196 197 208 219 220 232 244 255,0x3468b385fb60dad6c7357a79c2d7edf6eda33d0ba8bd845e04fe28d421b13fd6,,1
336,10,23757463,0x3e00000000000000003e1f0f80000000000000000f8007,7,0 28 49,76,47,3 4 5 27 28 30 31 33 34 57 58 63 64 65 87 88 90 91 93 94 117 118 123 124 125 147 148 150 151 153 154 177 178 183 184 185 207 208 210 211 213 214 237 238 243 244 245,0x81f89679e6debf6fb2162aa7a4342ecb0dccd9eaa79c4bf0f54e05da4973df4e,,1
336,11,23889042,0xf80000000f80000000f80000000f80000000f8005,5,0 26 47,38,25,4 16 28 40 51 52 64 76 88 100 111 112 124 136 148 160 171 172 184 196 208 220 231 232 244,0xc2453e66e7c440566f8b179f498f718fd02145443b61bbaaff87efc8bb9db5e4,,1
336,12,23949875,0xf80000000f80000000f80000000f80000000f8036,54,0 11 32,76,47,3 4 15 16 27 28 29 39 40 41 52 63 64 75 76 87 88 89 99 100 101 112 123 124 135 136 147 148 149 159 160 161 172 183 184 195 196 207 208 209 219 220 221 232 243 244 255,0xd1a429ff85d2672807ecb474260094b9d4f70e0a0caafe77f65740d6a2462100,,1
336,13,24428458,0x7c3e1f0f87c000000003e,62,0 19 40,59,34,12 13 16 18 19 22 24 25 72 73 76 78 79 82 84 85 132 133 136 138 139 142 144 145 192 193 196 198 199 202 204 205 252 253,0x67295033e24d8b4baa92cbb062d2b3cc0fd6fe968a22a88366d96c4aceb11b8b,,1
336,14,24428508,0x7c3e1f0f87c0000000020,32,0 53 10,51,30,13 15 16 19 21 22 25 73 75 76 79 81 82 85 133 135 136 139 141 142 145 193 195 196 199 201 202 205 253 255,0x2b1dcd4ca0a64e8d29ea93d7b76ddd7aec28b750f31d067017022fef6cac9705,,1
336,15,24591441,0x7c3e1f0f80000000f800b,11,0 32 53,51,29,4 16 18 19 22 24 25 64 76 78 79 82 84 85 124 136 138 139 142 144 145 184 196 198 199 202 204 205 244,0x1ba30a59d3f412e2fab62e2296998e7a47d33d6325d598555c03c18626b83733,,1
336,16,24591495,0x7c3e1f0f80000000f8033,51,0 8 29,72,40,0 3 4 15 16 19 21 22 25 60 63 64 75 76 79 81 82 85 120 123 124 135 136 139 141 142 145 180 183 184 195 196 199 201 202 205 240 243 244 255,0x135b543f6bd70b06d512620f2e5e48b679c2bae057d5193ca29911f6f617538e,,1
336,17,24603058,0x7c3e1f0f80000000f8009,9,0 30 51,56,33,4 16 17 18 19 22 24 25 64 76 77 78 79 82 84 85 124 136 137 138 139 142 144 145 184 196 197 198 199 202 204 205 244,0x32afdf4835f9c51b133472d25076cfc79629de06b24cbe24284681fbf89da799,,1
336,18,24721354,0x7c3e1f00000001f0f8024,36,0 57 14,64,36,3 4 6 7 19 21 22 25 63 64 66 67 79 81 82 85 123 124 126 127 139 141 142 145 183 184 186 187 199 201 202 205 243 244 246 247,0x0ba910e69740efc73bca4286c897e839c2c2b5bf17b6e1eb6e1e0606f81df3a1,,1
336,19,24721480,0x7c3e1f00000001f0f8013,19,0 40 61,73,42,4 7 18 19 20 22 23 24 25 26 64 67 78 79 80 82 83 84 85 86 124 127 138 139 140 142 143 144 145 146 184 187 198 199 200 202 203 204 205 206 244 247,0x3cb83f89b34012fbc8eb2ef17f9cd419d0369accef3c88a931f57600bae2f005,,1
336,20,24812720,0x7c3e00000003e1f0f801e,30,0 51 8,88,47,3 4 5 6 7 9 10 21 22 25 63 64 65 66 67 69 70 81 82 85 123 124 125 126 127 129 130 141 142 145 183 184 185 186 187 189 190 201 202 205 243 244 245 246 247 249 250,0xe2a8b59f387e2064c5af2103c3b9f38e6a3fdd6fb7029e0f01c1c77848a5801f,,1
336,21,25003158,0x7c00000007c3e1f0f8034,52,0 9 30,60,33,4 7 10 12 13 24 25 64 67 70 72 73 84 85 124 127 130 132 133 144 145 184 187 190 192 193 204 205 244 247 250 252 253,0xcfa0c375b41005e62cf37d70ad6712a510c01e8b747e86e55d7b05030c482905,,1
337,1,23436263,0xf80000000f80000000f80000000f80000000f802e,46,0 3 24,35,21,4 16 28 40 52 64 76 88 100 112 124 136 148 160 172 184 196 208 220 232 244,0x149677eb9c09eed2c2461308c5cc8d20f4f2ff4581eac50119c510e779dddffa,,1
337,2,23485159,0xf80000000f80000000f80000000f8003e00000000,0,0 21 42,59,38,10 15 16 27 28 39 40 51 52 70 75 76 87 88 99 100 111 112 130 135 136 147 148 159 160 171 172 190 195 196 207 208 219 220 231 232 250 255,0x6a8d990051c37ef7f6b978c4c0bf414e4c99b850dc6399ee361eafb86a8dcc2b,,1
338,1,23440421,0xf8000,0,0 21 42,9,5,4 64 124 184 244,0x75d24ebcdf5e95a5dae6cb424a0865c25f593b2cc23b44e8c7e4115d71a8205a,,1
338,2,23485202,0xf80000000f80000000f80000000f8003e00000000,0,0 21 42,36,21,10 16 28 40 52 70 76 88 100 112 130 136 148 160 172 190 196 208 220 232 250,0x2e65723d6feda09c2d925277e67052d38c4c2c106ebd39f76796b7456f6ac859,,1
338,3,24747226,0x7c3e1f00000001f0f8039,57,0 14 35,48,27,3 4 7 19 22 25 63 64 67 79 82 85 123 124 127 139 142 145 183 184 187 199 202 205 243 244 247,0xda5f720138d0bdd6bf8760d982a8401629dcc1e4d19a5aadd719eee85fcc05e9,,1
338,4,24928730,0x7c3e00000003e1f0f8034,52,0 9 30,76,41,4 6 7 9 10 21 22 24 25 64 66 67 69 70 81 82 84 85 124 126 127 129 130 141 142 144 145 184 186 187 189 190 201 202 204 205 244 246 247 249 250,0x2103c2d838875c964e990a8e8b7f5565e4945fe1b9c6b1cc099a99c274642c72,,1
339,1,23443982,0x3f80000003f80000003f80000003f80000003f801e,30,0 51 8,35,21,4 16 28 40 52 64 76 88 100 112 124 136 148 160 172 184 196 208 220 232 244,0xf9bc983994ba0d7b78b90d0a9891c9837492b630e08f4102ba95444ee7c23e6a,,1
339,2,23444094,0x7f80000007f80000007f80000007f80000007f8020,32,0 53 10,99,64,3 4 5 15 16 17 27 28 29 39 40 41 51 52 53 63 64 65 75 76 77 87 88 89 99 100 101 111 112 113 123 124 125 135 136 137 147 148 149 159 160 161 171 172 173 183 184 185 195 196 197 207 208 209 219 220 221 231 232 233 243 244 245 255,0x07f0fba42c662fbc430bede574d4fcf54d5e3811281e99bd82618c82ac372a34,,1
339,3,23444427,0x7f3f8000000001fc000000000fe003f801c,28,0 49 6,48,26,4 10 25 40 42 43 64 70 85 100 102 103 124 130 145 160 162 163 184 190 205 220 222 223 244 250,0x5847fb30c82b944b1fe2ab9221e762ae80cb1eeb912e8221eaa6f46581f86b08,,1
339,4,23445096,0x3f80000003f80000003f80000003f80000003f8018,24,0 45 2,73,43,3 4 5 16 27 28 39 40 41 52 63 64 65 76 87 88 99 100 101 112 123 124 125 136 147 148 159 160 161 172 183 184 185 196 207 208 219 220 221 232 243 244 245,0x44e436a6377c9a2578214375598fece08c129165c2e0ce753d573667f0e42ce2,,1
339,5,23614190,0x3f80000003f80000003f80000003f80000003f802b,43,0 0 21,61,42,4 15 16 17 28 29 40 51 52 53 64 75 76 77 88 89 100 111 112 113 124 135 136 137 148 149 160 171 172 173 184 195 196 197 208 209 220 231 232 233 244 255,0x7b0fbd69a6d6ac685e2497f7929d97ee23bd8d20a4dc0067ff3964d883ea5ee9,,1
339,6,23614461,0xfe00001fc007f0000000003f9fc0000000000000000008,8,0 29 50,68,40,24 25 26 27 28 42 43 44 49 58 84 85 86 87 88 102 103 104 109 118 144 145 146 147 148 162 163 164 169 178 204 205 206 207 208 222 223 224 229 238,0x2ab7d49f200e7ee8809c8d714aae17acf5544651a3d591498964dbcee8ec64f0,,1
339,7,23773752,0xf80000000f80000000f80000000f80000000f803b,59,0 16 37,63,39,0 3 4 16 28 39 40 51 52 60 63 64 76 88 99 100 111 112 120 123 124 136 148 159 160 171 172 180 183 184 196 208 219 220 231 232 240 243 244,0xf12303cf5691bcf229d5c1b8f09d7415369dc3b882a102bc3de446f7c30b07b6,,1
339,8,24407520,0x7c3e1f0f87c000000003f,63,0 20 41,59,35,12 13 15 16 18 19 22 25 72 73 75 76 78 79 82 85 132 133 135 136 138 139 142 145 192 193 195 196 198 199 202 205 252 253 255,0xd9e102a11f9f0f125b309ae86e3b7c7b1317b7ce77fdbb12a067764ab25b1d0d,,1
339,9,24948062,0x7c3e00000003e1f0f8001,1,0 22 43,76,41,4 6 7 9 10 21 22 24 25 64 66 67 69 70 81 82 84 85 124 126 127 129 130 141 142 144 145 184 186 187 189 190 201 202 204 205 244 246 247 249 250,0xbf9bae1f357ef510a1aa15c751ad48f55bc03499d1b188b86cb4a561d69b289b,,1
339,10,24948430,0x7c3e00000003e1f0f802e,46,0 3 24,63,33,3 4 5 7 10 22 25 63 64 65 67 70 82 85 123 124 125 127 130 142 145 183 184 185 187 190 202 205 243 244 245 247 250,0xe81241dddf4de69f50b083c728b91b27ec33bc9c24a3dd875f5b52016c1ac3d5,,1
340,1,23454223,0xf80000000f80000000f80000000f8003e00000018,24,0 45 2,36,21,10 16 28 40 52 70 76 88 100 112 130 136 148 160 172 190 196 208 220 232 250,0x091d388b0846339373a0f7295ab793ef99aab88ee5b2a0a71110a1fbf8ec8457,,1
340,2,23690657,0xf80000000f80000000f80000000f80000000f8009,9,0 30 51,58,38,4 15 16 27 28 39 40 51 52 64 75 76 87 88 99 100 111 112 124 135 136 147 148 159 160 171 172 184 195 196 207 208 219 220 231 232 244 255,0x36895090d88c7a5ad07dc968147991e7dabcd8470213183d9b7d17882a4a2f1d,,1
340,3,23846122,0xf80000000f80000000f80000000f80000000f8017,23,0 44 1,45,26,3 4 16 28 40 52 63 64 76 88 100 112 123 124 136 148 160 172 183 184 196 208 220 232 243 244,0x953e414892e362cdaa50980407e9f1cda4f2a6771785a88401e337302e3c761e,,1
340,4,24163682,0x3e1f0f87c3e0000001e,30,0 51 8,54,32,9 10 13 15 16 19 22 69 70 73 75 76 79 82 129 130 133 135 136 139 142 189 190 193 195 196 199 202 249 250 253 255,0xf83ba40efb55e1b70bf8fbd22fd1f1302bf8344a6040c9c798e7fc4e8393e227,,1
341,1,23457554,0xf80000000f80000000f80000000f80000000f802e,46,0 3 24,35,21,4 16 28 40 52 64 76 88 100 112 124 136 148 160 172 184 196 208 220 232 244,0xea1c48374d639f13162da4010d15ccb59bafc60532ef4598a13c3f81a616b139,,1
341,2,23645805,0xf80000000f80000000f80000000f80000000f8009,9,0 30 51,68,43,3 4 15 16 27 28 39 40 51 52 63 64 75 76 87 88 99 100 111 112 123 124 135 136 147 148 159 160 171 172 183 184 195 196 207 208 219 220 231 232 243 244 255,0x0a33f36c59c57858511ca58ddff02df369bca88edb4fb330b3d0127a73b7535d,,1
341,3,24316490,0x7c3e1f0f87c0000000021,33,0 54 11,35,21,13 16 19 22 25 73 76 79 82 85 133 136 139 142 145 193 196 199 202 205 253,0xbd0e20a7cbe9300f1079fdbb5dbff933781389cf51587f8e054edfeb5b84f9c9,,1
341,4,24498100,0x7c3e1f0f80000000f8003,3,0 24 45,67,38,4 15 16 18 19 21 22 24 25 64 75 76 78 79 81 82 84 85 124 135 136 138 139 141 142 144 145 184 195 196 198 199 201 202 204 205 244 255,0x643e6d60312481c9fe8a728ec6d8332c75d90b426e5bde109aa42b724e03645b,,1
341,5,24498318,0x7c3e1f0f80000000f8038,56,0 13 34,46,26,3 4 16 19 22 25 63 64 76 79 82 85 123 124 136 139 142 145 183 184 196 199 202 205 243 244,0x304d88920fabd9478e352a5d887efa2bb1f02aad8a3ac39e26eeca8ad9bae339,,1
342,1,23465689,0xf80000000f80000000f80000000f80000000f802e,46,0 3 24,35,21,4 16 28 40 52 64 76 88 100 112 124 136 148 160 172 184 196 208 220 232 244,0xff603d5c7c7eb74a4e08f9268b3cf7e28efd4725de504e1560c05a290a1b77be,,1
342,2,23501823,0xf80000000f80000000f80000000f80000000f8009,9,0 30 51,68,43,3 4 15 16 27 28 39 40 51 52 63 64 75 76 87 88 99 100 111 112 123 124 135 136 147 148 159 160 171 172 183 184 195 196 207 208 219 220 231 232 243 244 255,0x277df160a6e9b77415e27d8d6bf199c823dceac7ce534d156acf79570c70ea7f,,1
342,3,23634818,0xf80000000f80000000f80000000f80000000f8017,23,0 44 1,35,21,4 16 28 40 52 64 76 88 100 112 124 136 148 160 172 184 196 208 220 232 244,0x085a038640748cc8624fc6202519d38586a22087c0b8e1637534859b19fc5caa,,1
342,4,23817383,0x3e1f0f8003e1f000000000000000000000000000000001,1,0 22 43,38,24,43 46 51 52 55 58 103 106 111 112 115 118 163 166 171 172 175 178 223 226 231 232 235 238,0xa06695fa4629b764eba742f74cbf756618c83ddb07eaa01969aa624dc8bef56b,,1
342,5,24034938,0x1fe0000001feff7fbfc0000000000000000000000000002,2,0 23 44,84,56,37 38 39 40 41 42 43 44 45 46 47 57 58 59 97 98 99 100 101 102 103 104 105 106 107 117 118 119 157 158 159 160 161 162 163 164 165 166 167 177 178 179 217 218 219 220 221 222 223 224 225 226 227 237 238 239,0x41a88d18a2fb39753cf46b42701bc2c21751136ad1fb2a7a01ba57b57fa5d116,,1
342,6,24495783,0x7c3e1f0f80000000f803a,58,0 15 36,54,31,3 4 15 16 19 22 25 63 64 75 76 79 82 85 123 124 135 136 139 142 145 183 184 195 196 199 202 205 243 244 255,0x4507d2144a4cdff699ba708f8f08b03ea9c431b6a70a439f51a33eefd0b3ef58,,1
342,7,24496046,0x7c3e1f0f80000000f8002,2,0 23 44,59,33,4 16 18 19 21 22 24 25 64 76 78 79 81 82 84 85 124 136 138 139 141 142 144 145 184 196 198 199 201 202 204 205 244,0xfa92eca576a20da7fcad00233a151110eb661f444d219a55c1d224c2c79b9cfe,,1
342,8,24496067,0x7c3e1f0f80000000f8004,4,0 25 46,54,31,3 4 15 16 19 22 25 63 64 75 76 79 82 85 123 124 135 136 139 142 145 183 184 195 196 199 202 205 243 244 255,0xeffba7046b299aa37769c643f096a4a00c5aacb5cf078be36a1c80795964a6d0,,1
342,9,24661938,0x7c3e1f00000001f0f8005,5,0 26 47,69,39,4 6 7 18 19 21 22 24 25 64 66 67 78 79 81 82 84 85 124 126 127 138 139 141 142 144 145 184 186 187 198 199 201 202 204 205 244 246 247,0x65bbac2959873bdbfea3e25fa5f80906a0293885db5ace31a0bebda02129f3ea,,1
342,10,24662167,0x7c3e1f00000001f0f8036,54,0 11 32,58,32,3 4 5 7 19 22 25 63 64 65 67 79 82 85 123 124 125 127 139 142 145 183 184 185 187 199 202 205 243 244 245 247,0xc4b231d2b9434e93b5c8c640afd08ae4883b59307ed97596bf0e6c628125ca55,,1
342,11,24776574,0x7c3e1f00000001f0f8026,38,0 59 16,79,44,0 4 6 7 18 19 21 22 24 25 60 64 66 67 78 79 81 82 84 85 120 124 126 127 138 139 141 142 144 145 180 184 186 187 198 199 201 202 204 205 240 244 246 247,0xd6ccc1070fb9dd283415aecfecb6cb065dac84e4c9095661f503200edfc79513,,1
342,12,24824580,0x7c3e00000003e1f0f8030,48,0 5 26,67,36,3 4 7 10 22 23 25 26 63 64 67 70 82 83 85 86 123 124 127 130 142 143 145 146 183 184 187 190 202 203 205 206 243 244 247 250,0xc52fb3a19507bd9cdd1e9b2767705b9fc394d7317074700155b52e4a6acc8599,,1
342,13,24924928,0x7c3e00000003e1f0f800d,13,0 34 55,76,41,4 6 7 9 10 21 22 24 25 64 66 67 69 70 81 82 84 85 124 126 127 129 130 141 142 144 145 184 186 187 189 190 201 202 204 205 244 246 247 249 250,0xfc92d6e59c7e4ee412efaf0a68954dc5c48b8dd7729c0eef1ea4837d76e73237,,1
343,1,23466266,0xf80000000f80000000f80000000f80000000f802e,46,0 3 24,35,21,4 16 28 40 52 64 76 88 100 112 124 136 148 160 172 184 196 208 220 232 244,0x4a0131bfd0a739dd5d3a0e923dd886bf964736cbf7336127d4381ad4d222cf72,,1
343,2,23822456,0xf80000000f80000000f80000000f80000000f8009,9,0 30 51,68,43,3 4 15 16 27 28 39 40 51 52 63 64 75 76 87 88 99 100 111 112 123 124 135 136 147 148 159 160 171 172 183 184 195 196 207 208 219 220 231 232 243 244 255,0xcc1ec7c4ff341e67933e47a80344550b2a26f6451901ecb665e1e6b8254c772f,,1
344,1,23471865,0x3f80000003f80000003f80000003f80000003f801e,30,0 51 8,35,21,4 16 28 40 52 64 76 88 100 112 124 136 148 160 172 184 196 208 220 232 244,0xf9bc983994ba0d7b78b90d0a9891c9837492b630e08f4102ba95444ee7c23e6a,,1
344,2,24724942,0x7c3e1f00000001f0f803c,60,0 17 38,63,36,3 4 6 7 18 19 22 25 63 64 66 67 78 79 82 85 123 124 126 127 138 139 142 145 183 184 186 187 198 199 202 205 243 244 246 247,0x689649e0bef6b442ebdec266827f06df8b6923a01607d2b4f26c78917df943b8,,1
345,1,23472142,0x3f80000003f80000003f80000003f80000003f801e,30,0 51 8,35,21,4 16 28 40 52 64 76 88 100 112 124 136 148 160 172 184 196 208 220 232 244,0xf9bc983994ba0d7b78b90d0a9891c9837492b630e08f4102ba95444ee7c23e6a,,1
345,2,23859685,0x3f80000003f80000003f80000003f80000003f803d,61,0 18 39,99,64,3 4 5 15 16 17 27 28 29 39 40 41 51 52 53 63 64 65 75 76 77 87 88 89 99 100 101 111 112 113 123 124 125 135 136 137 147 148 149 159 160 161 171 172 173 183 184 185 195 196 197 207 208 209 219 220 221 231 232 233 243 244 245 255,0x4979145beda1731c816723f962a1177d029669afa894ba39ff0f943f8cb69b30,,1
345,3,23977305,0x3f80000003f80000003f80000003f80000003f8022,34,0 55 12,35,21,4 16 28 40 52 64 76 88 100 112 124 136 148 160 172 184 196 208 220 232 244,0x83f2422939cec632de60efa3c82d7457b0a5c7b5434fa12e15450113383e85d9,,1
345,4,24407437,0x7c3e1f0f87c0000000031,49,0 6 27,50,30,13 15 16 18 19 22 25 73 75 76 78 79 82 85 133 135 136 138 139 142 145 193 195 196 198 199 202 205 253 255,0x77332da58a14a17fffc87e45801ed2ad73bea7b9dbae46fb9855a7d9885d22be,,1
346,1,23474968,0xf800005d0f8000000000000000000000000000007,7,0 28 49,22,12,40 43 52 100 103 112 160 163 172 220 223 232,0x81292a63d2509fa5d6bca241b3c6f84d51b968882e05750fb02bba4c9dae72b2,,1
347,1,23476030,0xf80000000f80000000f80000000f80000000f802e,46,0 3 24,35,21,4 16 28 40 52 64 76 88 100 112 124 136 148 160 172 184 196 208 220 232 244,0xd697261c9668e23d39477a5830519cdeb356b7659a0788f9267b3b800df170b9,,1
347,2,23542294,0xf80000000f80000000f80000000f80000000f8009,9,0 30 51,68,43,3 4 15 16 27 28 39 40 51 52 63 64 75 76 87 88 99 100 111 112 123 124 135 136 147 148 159 160 171 172 183 184 195 196 207 208 219 220 231 232 243 244 255,0x592ee8927da0d14b0a8d0b9234f8c8e502c4bf9c8790a491276e49051e092284,,1
347,3,23720279,0xf80000000f80000000f80000000f80000000f8017,23,0 44 1,35,21,4 16 28 40 52 64 76 88 100 112 124 136 148 160 172 184 196 208 220 232 244,0x39774ebdf630444e54f06fbabb9127b96060b8cc73d3cbc2e5a3c873b2d714b8,,1
347,4,24571215,0x7c3e1f0f80000000f8003,3,0 24 45,54,31,3 4 15 16 19 22 25 63 64 75 76 79 82 85 123 124 135 136 139 142 145 183 184 195 196 199 202 205 243 244 255,0x1436f0ad1c8187a128d1edcc8711817aae01ec2b38ec4fafc93fb889bd292321,,1
347,5,24783172,0x7c3e1f00000001f0f8039,57,0 14 35,69,39,4 6 7 18 19 21 22 24 25 64 66 67 78 79 81 82 84 85 124 126 127 138 139 141 142 144 145 184 186 187 198 199 201 202 204 205 244 246 247,0xac9e07dcebd962ed8a6457e864d180415e96cefe03e7b71c7fb2d1f6ef80891e,,1
348,1,23476084,0xf80000000f80000000f80000000f80000000f802e,46,0 3 24,35,21,4 16 28 40 52 64 76 88 100 112 124 136 148 160 172 184 196 208 220 232 244,0x17838fe1354fe23b2e8996a8e4cfa48c24c37b14e63e7c59b95bf279060a84c0,,1
348,2,23542309,0xf80000000f80000000f80000000f80000000f8009,9,0 30 51,68,43,3 4 15 16 27 28 39 40 51 52 63 64 75 76 87 88 99 100 111 112 123 124 135 136 147 148 159 160 171 172 183 184 195 196 207 208 219 220 231 232 243 244 255,0x84bef768f96e88069ae4b7f871e5d720b4bb092457e66ba6fda39b31ff37a7ff,,1
348,3,23720398,0xf80000000f80000000f80000000f80000000f8017,23,0 44 1,35,21,4 16 28 40 52 64 76 88 100 112 124 136 148 160 172 184 196 208 220 232 244,0xa890de859441258a76f3303d257443048a7cf5a04543fc451eb9608345442a9d,,1
348,4,24571187,0x7c3e1f0f80000000f8003,3,0 24 45,54,31,3 4 15 16 19 22 25 63 64 75 76 79 82 85 123 124 135 136 139 142 145 183 184 195 196 199 202 205 243 244 255,0xeafda6dfc8c12c571da3bbe78edd70b657446d1d1990816cdab975795d6fb4b3,,1
349,1,23477862,0xf80000000f80000000f80000000f80000000f802e,46,0 3 24,35,21,4 16 28 40 52 64 76 88 100 112 124 136 148 160 172 184 196 208 220 232 244,0xe8dcc7705416a6a837f358af08380cd9714868c5de0eaad63c69ea07c19a3611,,1
349,2,23509177,0x3e1f0000000000000000000f800001f0f801b,27,0 48 5,54,32,3 4 7 15 16 43 46 63 64 67 75 76 103 106 123 124 127 135 136 163 166 183 184 187 195 196 223 226 243 244 247 255,0x2cc124fc88f1c8f18fc29a7ec4d2ac7647429ff3551299bfbc2a76517bd27abd,,1
349,3,23647589,0xf80000000f80000000f80000000f80000000f8017,23,0 44 1,50,33,4 16 27 28 39 40 51 52 64 76 87 88 99 100 111 112 124 136 147 148 159 160 171 172 184 196 207 208 219 220 231 232 244,0x22adbbc156bdf2d22b647ed4d80a7253ee09c02648d784dc35335c540eb963fe,,1
349,4,23791829,0xf80000000f80000000f80000000f80000000f8035,53,0 10 31,55,32,3 4 15 16 28 40 52 63 64 75 76 88 100 112 123 124 135 136 148 160 172 183 184 195 196 208 220 232 243 244 255 82570,0x1999fa58071e293f017c6595fa3c7f4e33b9595176efd183c1038a0127e3cd47,82570,1
349,5,23974836,0xf80000000f80000000f80000000f80000000f803b,59,0 16 37,52,34,4 16 27 28 39 40 51 52 64 76 87 88 99 100 111 112 124 136 147 148 159 160 171 172 184 196 207 208 219 220 231 232 244 247,0xeb5f862d39fe9f14954e87342452a01c5b601be8abe8d1a54d59871b2d46f3d4,,1
349,6,24182341,0x3e1f0f87c3e00000020,32,0 53 10,62,36,0 10 13 15 16 18 19 22 60 70 73 75 76 78 79 82 120 130 133 135 136 138 139 142 180 190 193 195 196 198 199 202 240 250 253 255,0x4e20986f595020115d4dff2a13ae32a7b50b2e2a3862f48c4c32cc56365f7a98,,1
349,7,24182510,0x3e1f0f87c3e0000000f,15,0 36 57,68,40,9 10 12 13 16 17 19 21 22 69 70 72 73 76 77 79 81 82 129 130 132 133 136 137 139 141 142 189 190 192 193 196 197 199 201 202 249 250 252 253,0xca4b1c90206bd7c267221a2c3c34ebf0ca84c78fd1fed3a50cb6a74d586b7ece,,1
349,8,24182546,0x3e1f0f87c3e00000027,39,0 60 17,52,31,10 13 15 16 18 19 22 70 73 75 76 78 79 82 130 133 135 136 138 139 142 190 193 195 196 198 199 202 250 253 255,0x57283946aa195555bc9fcfc69960d8b0cf750b534779019934e5ab9e5f84f487,,1
349,9,24182571,0x3e1f0f87c3e0000001a,26,0 47 4,63,36,9 10 12 13 16 19 21 22 69 70 72 73 76 79 81 82 129 130 132 133 136 139 141 142 189 190 192 193 196 199 201 202 249 250 252 253,0xb5203f5255ddbf13ed938025c1c4b952f14904a4017b3669b5dd173d506462f9,,1
349,10,24311914,0x7c3e1f0f87c0000000027,39,0 60 17,58,34,13 15 16 18 19 22 24 25 73 75 76 78 79 82 84 85 133 135 136 138 139 142 144 145 193 195 196 198 199 202 204 205 253 255,0x84c2d54ad748e40f6f5cf47eb15a1af1fb87264e27fda74fc34c7d04a7288865,,1
349,11,24311931,0x7c3e1f0f87c000000002c,44,0 1 22,52,30,12 13 16 19 21 22 25 72 73 76 79 81 82 85 132 133 136 139 141 142 145 192 193 196 199 201 202 205 252 253,0x5cab8c59a40224cad27bd871ad06198f09140b658f77a36462b2db56bb2093cd,,1
349,12,24375698,0x7c3e1f0f87c0000000025,37,0 58 15,80,47,13 14 15 16 18 19 20 22 23 24 25 73 74 75 76 78 79 80 82 83 84 85 133 134 135 136 138 139 140 142 143 144 145 193 194 195 196 198 199 200 202 203 204 205 253 254 255,0x46b37d0e16e9798a34c3f88e83ad82b5fdfeb5a000ca17d2289aceb1abae117c,,1
349,13,24375715,0x7c3e1f0f87c000000003e,62,0 19 40,62,35,0 12 13 16 19 21 22 25 60 72 73 76 79 81 82 85 120 132 133 136 139 141 142 145 180 192 193 196 199 201 202 205 240 252 253,0xb3f61cead570ed190f97960abc381b0510edc2bf6bc7ae0c2bf2b066ff9e90cf,,1
349,14,24418414,0x7c3e1f0f87c0000000020,32,0 53 10,63,38,13 15 16 17 18 19 22 24 25 73 75 76 77 78 79 82 84 85 133 135 136 137 138 139 142 144 145 193 195 196 197 198 199 202 204 205 253 255,0x6b1dd688c2c9483b6f7444701bce9e23485bdb503914ac23df8dc452fcef05ef,,1
349,15,24500365,0x7c3e1f0f80000000f800b,11,0 32 53,54,30,3 4 16 19 21 22 25 63 64 76 79 81 82 85 123 124 136 139 141 142 145 183 184 196 199 201 202 205 243 244,0x9430b7192a272238bf9280d48d5414f073e8f62f4ca3c283e550988fd483c9ef,,1
349,16,24552225,0x7c3e1f0f80000000f8033,51,0 8 29,65,38,4 15 16 18 19 22 24 25 26 64 75 76 78 79 82 84 85 86 124 135 136 138 139 142 144 145 146 184 195 196 198 199 202 204 205 206 244 255,0x93064ab083c35265e84dad9c8e13d8625a1e278c94962290dd6c6dc5e4e7205b,,1
349,17,24592317,0x7c3e1f0f80000000f8009,9,0 30 51,64,35,3 4 5 16 19 21 22 25 63 64 65 76 79 81 82 85 123 124 125 136 139 141 142 145 183 184 185 196 199 201 202 205 243 244 245,0xf7ba8cdff6a93d17e339b221faa95259b924b676f913e8108279c5462aea0b0f,,1
349,18,24654670,0x7c3e1f00000001f0f8024,36,0 57 14,61,35,4 6 7 18 19 22 24 25 64 66 67 78 79 82 84 85 124 126 127 138 139 142 144 145 184 186 187 198 199 202 204 205 244 246 247,0x6d9e1b90d1bd7aed12eee61f4e13c6c15e7263f5ff87a672064a8d1799438470,,1
349,19,24654691,0x7c3e1f00000001f0f8013,19,0 40 61,70,39,3 4 7 19 20 21 22 23 25 63 64 67 79 80 81 82 83 85 123 124 127 139 140 141 142 143 145 183 184 187 199 200 201 202 203 205 243 244 247,0x80f719ebe15c1e76def91ac58f7baf4f6ac330fa866edc511aeff2f890e4cfc1,,1
349,20,24694573,0x7c3e1f00000001f0f8002,2,0 23 44,61,35,4 6 7 18 19 22 24 25 64 66 67 78 79 82 84 85 124 126 127 138 139 142 144 145 184 186 187 198 199 202 204 205 244 246 247,0xa4381b8e642c8e0ec57d73a98d19b0cd29858b354a83d019aff81804246ab1cf,,1
349,21,24694593,0x7c3e1f00000001f0f8010,16,0 37 58,56,31,3 4 7 19 21 22 25 63 64 67 79 81 82 85 123 124 127 139 141 142 145 183 184 187 199 201 202 205 243 244 247,0x2f462f9e2a28ad8c4f3e6dac2b232868343e5d951a51fb8948c8bf36a4f3a030,,1
349,22,24769493,0x7c3e1f00000001f0f8001,1,0 22 43,61,35,4 6 7 18 19 22 24 25 64 66 67 78 79 82 84 85 124 126 127 138 139 142 144 145 184 186 187 198 199 202 204 205 244 246 247,0x2423cd654876123181240b8eb109a0380ebda3705bee1a0470bacc983aa7235e,,1
349,23,24769513,0x7c3e1f00000001f0f8010,16,0 37 58,62,35,3 4 7 19 21 22 25 26 63 64 67 79 81 82 85 86 123 124 127 139 141 142 145 146 183 184 187 199 201 202 205 206 243 244 247,0xab956e432d34f72b859b5af1d59999537ca4e88fad40bb016e540d6a3d5376c5,,1
350,1,23478347,0xf80000000f80000000f80000000f80000000f802e,46,0 3 24,35,21,4 16 28 40 52 64 76 88 100 112 124 136 148 160 172 184 196 208 220 232 244,0x259c0058d3a08258d6f193c70aec1d000fac0b83f3190659df52f091cd99d4e1,,1
350,2,23509246,0x3e1f0000000000000000000f800001f0f801b,27,0 48 5,54,32,3 4 7 15 16 43 46 63 64 67 75 76 103 106 123 124 127 135 136 163 166 183 184 187 195 196 223 226 243 244 247 255,0xe15358a445a93b60395a3453508ecd368fb52a93a27764cea3a95209ad1af645,,1
350,3,23649528,0xf80000000f80000000f80000000f80000000f8017,23,0 44 1,50,33,4 16 27 28 39 40 51 52 64 76 87 88 99 100 111 112 124 136 147 148 159 160 171 172 184 196 207 208 219 220 231 232 244,0x465ffa5be38275ca2ac73c486fda869ddf69296a1193c1200d538b19a6cc7dd5,,1
350,4,23791860,0xf80000000f80000000f80000000f80000000f8035,53,0 10 31,55,32,3 4 15 16 28 40 52 63 64 75 76 88 100 112 123 124 135 136 148 160 172 183 184 195 196 208 220 232 243 244 255 82570,0x03f357c834524f6caede89f710b76f3a2cb66b64b4e676096a814e42cc860270,82570,1
350,5,23974864,0xf80000000f80000000f80000000f80000000f803b,59,0 16 37,52,34,4 16 27 28 39 40 51 52 64 76 87 88 99 100 111 112 124 136 147 148 159 160 171 172 184 196 207 208 219 220 231 232 244 247,0xb6d74a397140de7dfefcaab8e2f18d3b2f8ffcc50190b28956c7d1fc2e7a46da,,1
350,6,23979294,0xf80000000f80000000f80000000f80000000f8035,53,0 10 31,65,37,0 3 4 15 16 28 40 52 60 63 64 75 76 88 100 112 120 123 124 135 136 148 160 172 180 183 184 195 196 208 220 232 240 243 244 255 82570,0x357b72a3a83b9812092c7bc918541af32b760356199246906047e75737ceaff5,82570,1
350,7,24182353,0x3e1f0f87c3e0000000f,15,0 36 57,51,31,10 13 16 17 18 19 22 70 73 76 77 78 79 82 130 133 136 137 138 139 142 190 193 196 197 198 199 202 247 250 253,0x94ade338e88512320db46cfba2baa70df75c2c46fa92e0210a7d6a7bfcb8531a,,1
350,8,24182619,0x3e1f0f87c3e00000027,39,0 60 17,71,41,9 10 12 13 15 16 19 21 22 69 70 72 73 75 76 79 81 82 129 130 132 133 135 136 139 141 142 189 190 192 193 195 196 199 201 202 249 250 252 253 255,0x940bfcb6f928bb90622d08077f501f6a12cfd2ad76a48edccbd3ccb52f600405,,1
350,9,24182665,0x3e1f0f87c3e0000001a,26,0 47 4,44,26,10 13 16 18 19 22 70 73 76 78 79 82 130 133 136 138 139 142 190 193 196 198 199 202 250 253,0x764dc7bb5bb67813b827fe2429a273a9c7d4eefac5207954471fb3457301940c,,1
350,10,24182691,0x3e1f0f87c3e00000033,51,0 8 29,71,41,9 10 12 13 15 16 19 21 22 69 70 72 73 75 76 79 81 82 129 130 132 133 135 136 139 141 142 189 190 192 193 195 196 199 201 202 249 250 252 253 255,0x1f721c28c0a2b293914708b31a86e20db590f99f13781b57dece4ba9a47da20c,,1
350,11,24311845,0x7c3e1f0f87c000000002c,44,0 1 22,50,29,13 16 18 19 22 24 25 73 76 78 79 82 84 85 133 136 138 139 142 144 145 193 196 198 199 202 204 205 253,0xef9bbfc5685fe637729fc1865e5ac57a855a98f1dbaf6ce7eaff5769b5358e1e,,1
350,12,24311863,0x7c3e1f0f87c0000000025,37,0 58 15,60,35,12 13 15 16 19 21 22 25 72 73 75 76 79 81 82 85 132 133 135 136 139 141 142 145 192 193 195 196 199 201 202 205 252 253 255,0x70b0907b08f07c6a8a87fae5d102e070bf8a77cede200e5c7f783568eef78a83,,1
350,13,24375738,0x7c3e1f0f87c000000003e,62,0 19 40,82,47,0 13 14 16 18 19 20 22 23 24 25 60 73 74 76 78 79 80 82 83 84 85 120 133 134 136 138 139 140 142 143 144 145 180 193 194 196 198 199 200 202 203 204 205 240 253 254,0x1b60a9fa42b414ec1636cd9a52cf1cede3e1ded6d4b6cfc54e53ccdb349bdb07,,1
350,14,24418446,0x7c3e1f0f87c0000000020,32,0 53 10,65,39,12 13 15 16 17 19 21 22 25 72 73 75 76 77 79 81 82 85 132 133 135 136 137 139 141 142 145 192 193 195 196 197 199 201 202 205 252 253 255,0x13904a2a0068ea5b47fbd76814413ed462d1d853b6f5caf09cc222f540757254,,1
350,15,24500389,0x7c3e1f0f80000000f800b,11,0 32 53,51,29,4 16 18 19 22 24 25 64 76 78 79 82 84 85 124 136 138 139 142 144 145 184 196 198 199 202 204 205 244,0x5d0f28eb7c88b7220a2040cfbab8cbeee7cea15c73facc0510bd7d0632f2d695,,1
350,16,24552251,0x7c3e1f0f80000000f8033,51,0 8 29,72,40,3 4 5 15 16 19 21 22 25 63 64 65 75 76 79 81 82 85 123 124 125 135 136 139 141 142 145 183 184 185 195 196 199 201 202 205 243 244 245 255,0x0ee2ad811bc9408df26d4942434e4a8cefdc643010d2a2945fc4a3d4182f4c92,,1
350,17,24552272,0x7c3e1f0f80000000f8009,9,0 30 51,57,33,4 16 18 19 22 24 25 26 64 76 78 79 82 84 85 86 124 136 138 139 142 144 145 146 184 196 198 199 202 204 205 206 244,0x07e3ed1be20cc95b1145a522183ad85542db1084814863ab9af3da3b8c993446,,1
350,18,24592346,0x7c3e1f0f80000000f8023,35,0 56 13,62,35,3 4 15 16 19 21 22 25 63 64 75 76 79 81 82 85 123 124 135 136 139 141 142 145 183 184 195 196 199 201 202 205 243 244 255,0x1802950697385c5909aa80c38de1ab11e4b835fcb2065167b69f68fcd3bc9371,,1
350,19,24592368,0x7c3e1f0f80000000f8006,6,0 27 48,51,29,4 16 18 19 22 24 25 64 76 78 79 82 84 85 124 136 138 139 142 144 145 184 196 198 199 202 204 205 244,0xfcbad65019a70732dae1d7b8f505dbabb612195162edacaa879a406af7bd7158,,1
350,20,24654717,0x7c3e1f00000001f0f8002,2,0 23 44,78,44,3 4 6 7 19 20 21 22 23 25 63 64 66 67 79 80 81 82 83 85 123 124 126 127 139 140 141 142 143 145 183 184 186 187 199 200 201 202 203 205 243 244 246 247,0x8a4bad5c814860821d217e4725a3c13f841eebf4acc84d701d8f6828b4a109f2,,1
350,21,24694632,0x7c3e1f00000001f0f8010,16,0 37 58,53,30,4 7 18 19 22 24 25 64 67 78 79 82 84 85 124 127 138 139 142 144 145 184 187 198 199 202 204 205 244 247,0xd64a05fc2ac8d053e37d3e60bd1b9aa3481b26313bc0f9fe9aeb74587a2b92b7,,1
350,22,24694653,0x7c3e1f00000001f0f8001,1,0 22 43,64,36,3 4 6 7 19 21 22 25 63 64 66 67 79 81 82 85 123 124 126 127 139 141 142 145 183 184 186 187 199 201 202 205 243 244 246 247,0xb899061eb0b4a8671f97f4d81f02cfd42b7a171e29b6c16e120a1d8ceb05380d,,1
350,23,24769534,0x7c3e1f00000001f0f8010,16,0 37 58,63,35,4 5 7 18 19 22 24 25 64 65 67 78 79 82 84 85 124 125 127 138 139 142 144 145 184 185 187 198 199 202 204 205 244 245 247,0x516ee73d482a61165fd4d73267e2a208e3aecc5466958bcf2d701bfa7ac0c0b3,,1
350,24,24769554,0x7c3e1f00000001f0f8029,41,0 62 19,70,40,3 4 6 7 19 21 22 25 26 63 64 66 67 79 81 82 85 86 123 124 126 127 139 141 142 145 146 183 184 186 187 199 201 202 205 206 243 244 246 247,0x4d2957e91281ef80fe55d3413caad8a3fc11906873857be732b771118796a12c,,1
351,1,23481995,0xf80000000f80000000f80000000f80000000f802e,46,0 3 24,35,21,4 16 28 40 52 64 76 88 100 112 124 136 148 160 172 184 196 208 220 232 244,0x149677eb9c09eed2c2461308c5cc8d20f4f2ff4581eac50119c510e779dddffa,,1
351,2,23482338,0xf80000000f80000000f80000000f80000000f8009,9,0 30 51,68,43,3 4 15 16 27 28 39 40 51 52 63 64 75 76 87 88 99 100 111 112 123 124 135 136 147 148 159 160 171 172 183 184 195 196 207 208 219 220 231 232 243 244 255,0xdece0d4145aca82f5c492baae93778e8e3e5edfaab82e295aa905f0cb2fd41ac,,1
351,3,23482979,0xf80000000f80000000f80000000f80000000f8017,23,0 44 1,35,21,4 16 28 40 52 64 76 88 100 112 124 136 148 160 172 184 196 208 220 232 244,0x3c1066cd0c7f6d340758ee14aa076a7c08d38efd8f633b3e627dd9e6b4c3a5ad,,1
351,4,23483004,0xf80000000f80000000f80000000f80000000f8035,53,0 10 31,68,43,3 4 15 16 27 28 39 40 51 52 63 64 75 76 87 88 99 100 111 112 123 124 135 136 147 148 159 160 171 172 183 184 195 196 207 208 219 220 231 232 243 244 255,0x002ce15a6133a23a408ddfd5a6a15dd9578428ed788783a2bdcdc3718a22cb0a,,1
351,5,23563602,0xf80000000f80000000f80000000f80000000f803b,59,0 16 37,35,21,4 16 28 40 52 64 76 88 100 112 124 136 148 160 172 184 196 208 220 232 244,0xefc75fcf5c711588f9ff1aa0be26eeda76ac698cc3fa9768fcfe6d6b299a1664,,1
351,6,23625234,0xf80000000f80000000f80000000f80000000f8035,53,0 10 31,78,48,0 3 4 15 16 27 28 39 40 51 52 60 63 64 75 76 87 88 99 100 111 112 120 123 124 135 136 147 148 159 160 171 172 180 183 184 195 196 207 208 219 220 231 232 240 243 244 255,0xdfb2c84bdcc830a6c1afeae83613ae1f719c05ed219ccf0b52201e1331daa311,,1
351,7,23808321,0xf80000000f80000000f80000000f80000000f803b,59,0 16 37,66,42,4 5 16 17 28 29 40 41 52 53 64 65 76 77 88 89 100 101 112 113 124 125 136 137 148 149 160 161 172 173 184 185 196 197 208 209 220 221 232 233 244 245,0x0bed2b12574dcc15edf787d9f43cd0573339cfae44f1b390357cf5a553a0c485,,1
351,8,23972342,0xf80000000f80000000f80000000f80000000f8030,48,0 5 26,68,43,3 4 15 16 27 28 39 40 51 52 63 64 75 76 87 88 99 100 111 112 123 124 135 136 147 148 159 160 171 172 183 184 195 196 207 208 219 220 231 232 243 244 255,0xca6af79ec788fdcc08e66bc149a7c653e973ee31b1042893db9cf84fbb1e3207,,1
351,9,24054699,0xf803a,58,0 15 36,9,5,4 64 124 184 244,0xad1f92afdf1fbf5d2be8562fbed2601afcaa3713bb81d2ec3d0e303bd7e9f86d,,1
351,10,24054733,0xf803b,59,0 16 37,29,15,0 3 4 60 63 64 120 123 124 180 183 184 240 243 244,0xe0efecdfafd7fa8d6e43feaaf56dc9a240e11d3bff287080d32ae105a77cb3c4,,1
351,11,24055052,0xf8038,56,0 13 34,9,5,4 64 124 184 244,0x59108abd2b2371a5ac36d6b7b1ad539f8d0567fc4e6be86bae2e5953e163dca6,,1
351,12,24148108,0x3e1f0f87c3e0000001f,31,0 52 9,44,26,10 13 16 18 19 22 70 73 76 78 79 82 130 133 136 138 139 142 190 193 196 198 199 202 250 253,0xac8adf529a86fdbbf98129bb266b9f10969585603a312de78d651206415d22df,,1
351,13,24224266,0x3e1f0f87c3e0000000b,11,0 32 53,71,41,9 10 12 13 15 16 19 21 22 69 70 72 73 75 76 79 81 82 129 130 132 133 135 136 139 141 142 189 190 192 193 195 196 199 201 202 249 250 252 253 255,0xbdb1d9c32ace028c7861266169dca5152db813a7ce515645d60e166468d2cad4,,1
351,14,24374959,0x7c3e1f0f87c0000000020,32,0 53 10,42,25,13 16 18 19 22 25 73 76 78 79 82 85 133 136 138 139 142 145 193 196 198 199 202 205 253,0xfcc0ca6cfaaab6077bca6cd59c6637d53b2b19f9b8395a062e02dd33f59de888,,1
351,15,24375040,0x7c3e1f0f87c0000000026,38,0 59 16,68,39,12 13 15 16 19 21 22 24 25 72 73 75 76 79 81 82 84 85 132 133 135 136 139 141 142 144 145 192 193 195 196 199 201 202 204 205 252 253 255,0xf2f69d4e2e9977d3f70209c18139cd890b8f29c56eccfdc51c1e8a0d8d3a6a57,,1
351,16,24471340,0x7c3e1f0f87c000000000c,12,0 33 54,42,25,13 16 18 19 22 25 73 76 78 79 82 85 133 136 138 139 142 145 193 196 198 199 202 205 253,0x6532370aef4030534ccc0d81e3958d73048dec3cc790dfb4f3fa94d5358b8f95,,1
351,17,24581376,0x7c3e1f0f80000000f8009,9,0 30 51,70,39,3 4 15 16 19 21 22 24 25 63 64 75 76 79 81 82 84 85 123 124 135 136 139 141 142 144 145 183 184 195 196 199 201 202 204 205 243 244 255,0x76869b02b525f4a9d7b508ea567b1a3c8caa62a787c232a5515f33a9dce0b8c4,,1
351,18,24673568,0x7c3e1f00000001f0f8024,36,0 57 14,77,44,0 4 6 7 18 19 20 22 23 25 60 64 66 67 78 79 80 82 83 85 120 124 126 127 138 139 140 142 143 145 180 184 186 187 198 199 200 202 203 205 240 244 246 247,0x40dd973c3159d231ad1969ea26b8b49af8fd882a40e1b48dd9d18a21588abcad,,1
352,1,23500062,0x3f80000003f80000003f80000003f80000003f801e,30,0 51 8,35,21,4 16 28 40 52 64 76 88 100 112 124 136 148 160 172 184 196 208 220 232 244,0xda59fa630d9a179a1d512099e4c968bdba03f6de1de3025a868c1efa62f1fdb7,,1
353,1,23507382,0xf80000000f80000000f80000000f80000000f802e,46,0 3 24,35,21,4 16 28 40 52 64 76 88 100 112 124 136 148 160 172 184 196 208 220 232 244,0x59d242a45ad7b2041297ee324c5f0bd34fb0b0ae457748fd13f1b7d0dca1afa9,,1
353,2,23650762,0xf80000000f80000000f80000000f80000000f8009,9,0 30 51,68,43,3 4 15 16 27 28 39 40 51 52 63 64 75 76 87 88 99 100 111 112 123 124 135 136 147 148 159 160 171 172 183 184 195 196 207 208 219 220 231 232 243 244 255,0x283a7799d2aba0cb63acc3f71325d8c41899a4c61c5463ddcd8cec55cfa1a491,,1
353,3,23800513,0xf80000000f80000000f80000000f80000000f8017,23,0 44 1,35,21,4 16 28 40 52 64 76 88 100 112 124 136 148 160 172 184 196 208 220 232 244,0xc2280eb02a7a9498f20799b3d1b46c679c70019e0891340ea39351089da97878,,1
353,4,23975122,0xf80000000f80000000f80000000f80000000f8035,53,0 10 31,68,43,3 4 15 16 27 28 39 40 51 52 63 64 75 76 87 88 99 100 111 112 123 124 135 136 147 148 159 160 171 172 183 184 195 196 207 208 219 220 231 232 243 244 255,0x14ddcb75c621e4c746c7c0b23fa876579bd8d15bfe37be039164c78515131607,,1
353,5,24181551,0x3e1f0f87c3e00000001,1,0 22 43,44,26,10 13 16 18 19 22 70 73 76 78 79 82 130 133 136 138 139 142 190 193 196 198 199 202 250 253,0xfeeb4183f8b51db1c686e0632f0d06faca2bcae0779521f56e8e1e03d33eb1a2,,1
353,6,24182943,0x3e1f0f87c3e00000020,32,0 53 10,71,41,9 10 12 13 15 16 19 21 22 69 70 72 73 75 76 79 81 82 129 130 132 133 135 136 139 141 142 189 190 192 193 195 196 199 201 202 249 250 252 253 255,0xe729b878e42e8de288b8bb5fa6a0ce9fa40f57376e8e754eeec5e7230e4e0ab6,,1
353,7,24322985,0x7c3e1f0f87c0000000028,40,0 61 18,47,29,13 16 17 18 19 22 25 73 76 77 78 79 82 85 133 136 137 138 139 142 145 193 196 197 198 199 202 205 253,0x5cd4cd2f34269d5ddcb3ede19fcda0b5a92fb2aedd2d479892bc75380eb0a994,,1
353,8,24323025,0x7c3e1f0f87c000000003f,63,0 20 41,78,44,0 12 13 15 16 19 21 22 24 25 60 72 73 75 76 79 81 82 84 85 120 132 133 135 136 139 141 142 144 145 180 192 193 195 196 199 201 202 204 205 240 252 253 255,0xe28ecb1731aeeb32f5520ce0a04f3ec43ec6e993b9b21b25aeaa1f4c828b13ef,,1
353,9,24323065,0x7c3e1f0f87c0000000007,7,0 28 49,42,25,13 16 18 19 22 25 73 76 78 79 82 85 133 136 138 139 142 145 193 196 198 199 202 205 253,0xaac8e1ba837b63f7863f536587c3c75377d0f3a6df4b15d20669ca3dd6287654,,1
353,10,24418718,0x7c3e1f0f87c0000000027,39,0 60 17,68,39,12 13 15 16 19 21 22 24 25 72 73 75 76 79 81 82 84 85 132 133 135 136 139 141 142 144 145 192 193 195 196 199 201 202 204 205 252 253 255,0x44b04a56062a6e7d75c8568918b856394fe04e43cd86b8e4ea09f43bb9f1bc68,,1
353,11,24418736,0x7c3e1f0f87c000000002c,44,0 1 22,64,38,13 14 16 18 19 20 22 23 25 73 74 76 78 79 80 82 83 85 133 134 136 138 139 140 142 143 145 193 194 196 198 199 200 202 203 205 253 254,0xbff09fbd382d74ea92637877ebcbf614cac0ef4314f455512a59049d5d14dc23,,1
353,12,24500396,0x7c3e1f0f80000000f803e,62,0 19 40,60,34,4 15 16 19 21 22 24 25 64 75 76 79 81 82 84 85 124 135 136 139 141 142 144 145 184 195 196 199 201 202 204 205 244 255,0x5679541e7d11bd65bc8d127cbb893aaf6c8a4609f0da81e9ef42a1285f797f47,,1
353,13,24500436,0x7c3e1f0f80000000f803d,61,0 18 39,69,39,0 3 4 16 18 19 22 25 26 60 63 64 76 78 79 82 85 86 120 123 124 136 138 139 142 145 146 180 183 184 196 198 199 202 205 206 240 243 244,0x195bca8619a9490b05a5cd56faf5f6d61bd41ab60ffa315e8e940bfa40fbfa1c,,1
353,14,24500476,0x7c3e1f0f80000000f8025,37,0 58 15,65,38,4 15 16 17 19 21 22 24 25 64 75 76 77 79 81 82 84 85 124 135 136 137 139 141 142 144 145 184 195 196 197 199 201 202 204 205 244 255,0xbf1896dd33554cc8d905903c464cd96cd9eaa6ed02b2304918d2b1e7503b0fc9,,1
353,15,24552747,0x7c3e1f0f80000000f800b,11,0 32 53,63,35,3 4 5 16 18 19 22 25 63 64 65 76 78 79 82 85 123 124 125 136 138 139 142 145 183 184 185 196 198 199 202 205 243 244 245,0x8298d41ce9fda6d6a391b3782438e6e233695e2dd6c47ca0af1a3515d47d2291,,1
353,16,24655109,0x7c3e1f00000001f0f8031,49,0 6 27,62,35,4 6 7 19 21 22 24 25 64 66 67 79 81 82 84 85 124 126 127 139 141 142 144 145 184 186 187 199 201 202 204 205 244 246 247,0xfdc6c24e6800a03f54e8320bf08c97ba15fa9469663356f3bc070536277493e4,,1
353,17,24692050,0x7c3e1f00000001f0f8014,20,0 41 62,55,31,3 4 7 18 19 22 25 63 64 67 78 79 82 85 123 124 127 138 139 142 145 183 184 187 198 199 202 205 243 244 247,0x15b3c6a8c8e435a75be03617d86aff0ba776040c2f69d90c8e4cc072618b4adc,,1
353,18,24692070,0x7c3e1f00000001f0f8024,36,0 57 14,76,43,4 6 7 19 20 21 22 23 24 25 64 66 67 79 80 81 82 83 84 85 124 126 127 139 140 141 142 143 144 145 184 186 187 199 200 201 202 203 204 205 244 246 247,0x3c4ae8f01883c5142b59409874e56668478a85f3c4f2eb252cc40d4a2927e854,,1
353,19,24734066,0x7c3e1f00000001f0f8013,19,0 40 61,55,31,3 4 7 18 19 22 25 63 64 67 78 79 82 85 123 124 127 138 139 142 145 183 184 187 198 199 202 205 243 244 247,0x4eb2f2abda43cc57795573d50611afdc3a55fcbb3d6b632ee64c9a78904b8bda,,1
354,1,23507500,0xf80000000f80000000f80000000f80000000f802e,46,0 3 24,35,21,4 16 28 40 52 64 76 88 100 112 124 136 148 160 172 184 196 208 220 232 244,0x59d242a45ad7b2041297ee324c5f0bd34fb0b0ae457748fd13f1b7d0dca1afa9,,1
354,2,23650793,0xf80000000f80000000f80000000f80000000f8009,9,0 30 51,68,43,3 4 15 16 27 28 39 40 51 52 63 64 75 76 87 88 99 100 111 112 123 124 135 136 147 148 159 160 171 172 183 184 195 196 207 208 219 220 231 232 243 244 255,0x283a7799d2aba0cb63acc3f71325d8c41899a4c61c5463ddcd8cec55cfa1a491,,1
354,3,23800537,0xf80000000f80000000f80000000f80000000f8017,23,0 44 1,35,21,4 16 28 40 52 64 76 88 100 112 124 136 148 160 172 184 196 208 220 232 244,0xc2280eb02a7a9498f20799b3d1b46c679c70019e0891340ea39351089da97878,,1
354,4,24181591,0x3e1f0f87c3e0000001e,30,0 51 8,45,27,10 13 15 16 19 22 70 73 75 76 79 82 130 133 135 136 139 142 190 193 195 196 199 202 250 253 255,0xfb9cc13b1cba5d305c77763e39de7d08586be0ede2d3a627e159d171697a4219,,1
354,5,24182784,0x3e1f0f87c3e00000001,1,0 22 43,70,40,9 10 12 13 16 18 19 21 22 69 70 72 73 76 78 79 81 82 129 130 132 133 136 138 139 141 142 189 190 192 193 196 198 199 201 202 249 250 252 253,0x90c622c1ab4874758f252069d1a6fc661891ebfb22ca1b29ba1d54cbfbf7e807,,1
354,6,24182901,0x3e1f0f87c3e00000020,32,0 53 10,45,27,10 13 15 16 19 22 70 73 75 76 79 82 130 133 135 136 139 142 190 193 195 196 199 202 250 253 255,0xdbd66d1810409776552865a46ae4b7f229407e37bfb341a13b7cc90ba8d93ff2,,1
354,7,24323126,0x7c3e1f0f87c0000000028,40,0 61 18,64,38,12 13 16 17 18 19 21 22 25 72 73 76 77 78 79 81 82 85 132 133 136 137 138 139 141 142 145 192 193 196 197 198 199 201 202 205 252 253,0xc1883fab7b791301e4540f9d66475ba34a4329d848d2e2fcd390f77d6879d267,,1
354,8,24323201,0x7c3e1f0f87c000000003f,63,0 20 41,61,35,0 13 15 16 19 22 24 25 60 73 75 76 79 82 84 85 120 133 135 136 139 142 144 145 180 193 195 196 199 202 204 205 240 253 255,0x8782fed0d6b9e085a10e5d5ec2bae5e6ae94fb5312daea0e53c115a1608afd9a,,1
354,9,24375967,0x7c3e1f0f87c0000000007,7,0 28 49,59,34,12 13 16 18 19 21 22 25 72 73 76 78 79 81 82 85 132 133 136 138 139 141 142 145 192 193 196 198 199 201 202 205 252 253,0x2ccfae6fdda09e1ccf9b48f26e9419701757ef6c61eb6b049696a2076ab8b7da,,1
354,10,24375982,0x7c3e1f0f87c0000000027,39,0 60 17,73,43,13 14 15 16 19 20 22 23 24 25 73 74 75 76 79 80 82 83 84 85 133 134 135 136 139 140 142 143 144 145 193 194 195 196 199 200 202 203 204 205 253 254 255,0x5835e6a200f2ee7a2e4c8ab7d24493a1cde6b83f306b2c0f345a1ec61d7a10d8,,1
354,11,24418758,0x7c3e1f0f87c000000002c,44,0 1 22,59,34,12 13 16 18 19 21 22 25 72 73 76 78 79 81 82 85 132 133 136 138 139 141 142 145 192 193 196 198 199 201 202 205 252 253,0x212e0bfc7de763cbfa6cedf2c2ee293faa89afeaa54100bf4195b946e8563389,,1
354,12,24500516,0x7c3e1f0f80000000f803e,62,0 19 40,62,35,3 4 15 16 19 22 24 25 63 64 75 76 79 82 84 85 123 124 135 136 139 142 144 145 183 184 195 196 199 202 204 205 243 244 255,0xbe51f5e0cdbd632e641ed5e9f336e5b22d266df6c72e09fafcc2de9b32df3722,,1
354,13,24500537,0x7c3e1f0f80000000f803d,61,0 18 39,67,38,0 4 16 18 19 21 22 25 26 60 64 76 78 79 81 82 85 86 120 124 136 138 139 141 142 145 146 180 184 196 198 199 201 202 205 206 240 244,0x4e459841df5f2fb845500f0e830e257a7b5138f6970d47ff9a243fe550656b20,,1
354,14,24552776,0x7c3e1f0f80000000f8025,37,0 58 15,67,39,3 4 15 16 17 19 22 24 25 63 64 75 76 77 79 82 84 85 123 124 135 136 137 139 142 144 145 183 184 195 196 197 199 202 204 205 243 244 255,0x2159d16d79fb21824a76c18d79f6b37184e7403a3d412dfeaa83f9e0ba53f9c7,,1
354,15,24552806,0x7c3e1f0f80000000f800b,11,0 32 53,51,29,4 16 18 19 21 22 25 64 76 78 79 81 82 85 124 136 138 139 141 142 145 184 196 198 199 201 202 205 244,0xfad3dce6a3d91fd86d98edd645dbf50128b86ad959a0b16bf6529c777c6e7115,,1
354,16,24592144,0x7c3e1f0f80000000f8033,51,0 8 29,72,40,3 4 5 15 16 19 22 24 25 63 64 65 75 76 79 82 84 85 123 124 125 135 136 139 142 144 145 183 184 185 195 196 199 202 204 205 243 244 245 255,0xe4eb2b46e8f558bc5c1e7cd8f600a879750a5e0a1b8167d29767bd4618b8ca03,,1
354,17,24592165,0x7c3e1f0f80000000f8009,9,0 30 51,65,37,4 16 18 19 20 21 22 23 25 64 76 78 79 80 81 82 83 85 124 136 138 139 140 141 142 143 145 184 196 198 199 200 201 202 203 205 244,0xbd4a6eb5706869938d6d641306ad4ed0df41882511349c03661e9f5efc6d0004,,1
354,18,24655133,0x7c3e1f00000001f0f8024,36,0 57 14,64,36,3 4 6 7 19 22 24 25 63 64 66 67 79 82 84 85 123 124 126 127 139 142 144 145 183 184 186 187 199 202 204 205 243 244 246 247,0x2f6009249c162f2be4974568dc12a5718cb1b4b802e568b8233d677d4c92eddb,,1
354,19,24692100,0x7c3e1f00000001f0f8013,19,0 40 61,53,30,4 7 18 19 21 22 25 64 67 78 79 81 82 85 124 127 138 139 141 142 145 184 187 198 199 201 202 205 244 247,0xcea98333c40593cf8dbe742aab5b8cc60d992ed9c5762cc42c9573d27a05c878,,1
354,20,24769764,0x7c3e1f00000001f0f8002,2,0 23 44,70,40,3 4 6 7 19 22 24 25 26 63 64 66 67 79 82 84 85 86 123 124 126 127 139 142 144 145 146 183 184 186 187 199 202 204 205 206 243 244 246 247,0x6dd4c8bb21f2db8d889590dc16bd9ce8af70260ff9eb85cca309300001b80098,,1
354,21,24769784,0x7c3e1f00000001f0f8010,16,0 37 58,53,30,4 7 18 19 21 22 25 64 67 78 79 81 82 85 124 127 138 139 141 142 145 184 187 198 199 201 202 205 244 247,0xd92cad074129055906e7b2bf6a0bfafb10283cd2e67754e1c0b79ef717a05cca,,1
355,1,23507606,0xf8000,0,0 21 42,9,5,4 64 124 184 244,0x75d24ebcdf5e95a5dae6cb424a0865c25f593b2cc23b44e8c7e4115d71a8205a,,1
355,2,23650823,0xf80000000f80000000f80000000f80000000f8009,9,0 30 51,45,26,3 4 16 28 40 52 63 64 76 88 100 112 123 124 136 148 160 172 183 184 196 208 220 232 243 244,0x8bb41fcb2fe229be592e62a7b54ab03de8feb56297e725f0fe458f933581238c,,1
355,3,23800565,0xf80000000f80000000f80000000f80000000f8017,23,0 44 1,58,38,4 15 16 27 28 39 40 51 52 64 75 76 87 88 99 100 111 112 124 135 136 147 148 159 160 171 172 184 195 196 207 208 219 220 231 232 244 255,0x3982a3eb868d67efa6aa14643082e201640d465e0a9f9bf67a265af5ba154a81,,1
355,4,24181631,0x3e1f0f87c3e0000001e,30,0 51 8,37,22,10 13 16 19 22 70 73 76 79 82 130 133 136 139 142 190 193 196 199 202 250 253,0x4f0217acd43cda05b8cf11299361c67bbb932d19828075662e45f7ef8e3140f8,,1
355,5,24182702,0x3e1f0f87c3e00000001,1,0 22 43,78,45,9 10 12 13 15 16 18 19 21 22 69 70 72 73 75 76 78 79 81 82 129 130 132 133 135 136 138 139 141 142 189 190 192 193 195 196 198 199 201 202 249 250 252 253 255,0xcea9e6802e4ab49e84153b90895dd27cf4aa9c6c12a69f9c87d810134646a97b,,1
355,6,24182741,0x3e1f0f87c3e00000020,32,0 53 10,37,22,10 13 16 19 22 70 73 76 79 82 130 133 136 139 142 190 193 196 199 202 250 253,0x75804915129f5ef1d76c4a41d9992ab9ec932dc1e3ef63f927e25c2b43f214aa,,1
355,7,24323240,0x7c3e1f0f87c0000000028,40,0 61 18,67,39,12 13 15 16 18 19 21 22 25 72 73 75 76 78 79 81 82 85 132 133 135 136 138 139 141 142 145 192 193 195 196 198 199 201 202 205 252 253 255,0x502fa692d03be3447ba6bfe61869526528e1a0454a3efa13bcbce92e0f69defd,,1
355,8,24323280,0x7c3e1f0f87c000000003f,63,0 20 41,48,29,13 16 17 19 22 24 25 73 76 77 79 82 84 85 133 136 137 139 142 144 145 193 196 197 199 202 204 205 253,0x38a91f116965f94bcdd070655b9cb35466b420482ec3c5fc177a9747d8dae6fa,,1
355,9,24376005,0x7c3e1f0f87c0000000007,7,0 28 49,67,39,12 13 15 16 18 19 21 22 25 72 73 75 76 78 79 81 82 85 132 133 135 136 138 139 141 142 145 192 193 195 196 198 199 201 202 205 252 253 255,0xa195e48b789c9304c53a17268aeece91509ba9a3cf63beba5b78d00463479521,,1
355,10,24376023,0x7c3e1f0f87c0000000027,39,0 60 17,75,43,0 13 14 16 19 20 22 23 24 25 60 73 74 76 79 80 82 83 84 85 120 133 134 136 139 140 142 143 144 145 180 193 194 196 199 200 202 203 204 205 240 253 254,0x165125efcfbe921bb8e860129f7bc084c3f51ca47dcd2e145ace8bcca4b8026b,,1
355,11,24418780,0x7c3e1f0f87c000000002c,44,0 1 22,67,39,12 13 15 16 18 19 21 22 25 72 73 75 76 78 79 81 82 85 132 133 135 136 138 139 141 142 145 192 193 195 196 198 199 201 202 205 252 253 255,0xda60a6121f0a02a3e0864d813f02fa1efc59d6de6e18c81b81d34e11e48b29a6,,1
355,12,24418796,0x7c3e1f0f87c0000000025,37,0 58 15,43,25,13 16 19 22 24 25 73 76 79 82 84 85 133 136 139 142 144 145 193 196 199 202 204 205 253,0xdd7c48c204999a0f74e3992e689a12c4125dcd8fca5f64ac931eacef6b75d23b,,1
355,13,24500577,0x7c3e1f0f80000000f803d,61,0 18 39,75,43,3 4 15 16 18 19 21 22 25 26 63 64 75 76 78 79 81 82 85 86 123 124 135 136 138 139 141 142 145 146 183 184 195 196 198 199 201 202 205 206 243 244 255,0xf6ea81cf23ad9a2375ff1cde3e07c28991929c4cb4b17183100903ffa47df603,,1
355,14,24500618,0x7c3e1f0f80000000f8025,37,0 58 15,44,25,4 16 19 22 24 25 64 76 79 82 84 85 124 136 139 142 144 145 184 196 199 202 204 205 244,0x0b8f09d2f2951734f89ea906a8a4567ec9b15e33004cd95ac290810a572dbccd,,1
355,15,24552830,0x7c3e1f0f80000000f800b,11,0 32 53,74,43,3 4 15 16 17 18 19 21 22 25 63 64 75 76 77 78 79 81 82 85 123 124 135 136 137 138 139 141 142 145 183 184 195 196 197 198 199 201 202 205 243 244 255,0x38e7369b97af659691fb4a9e8bb4154677ce6340f36c7f268d62f9f7dcf2b04c,,1
355,16,24592190,0x7c3e1f0f80000000f8033,51,0 8 29,54,30,0 4 16 19 22 24 25 60 64 76 79 82 84 85 120 124 136 139 142 144 145 180 184 196 199 202 204 205 240 244,0x3577bba5d22ddc443f8f2571bae15f2a276a868878cadbee2a84eac2f6582a92,,1
355,17,24592215,0x7c3e1f0f80000000f8009,9,0 30 51,93,52,3 4 5 15 16 18 19 20 21 22 23 25 63 64 65 75 76 78 79 80 81 82 83 85 123 124 125 135 136 138 139 140 141 142 143 145 183 184 185 195 196 198 199 200 201 202 203 205 243 244 245 255,0xad2a4f6987c8c24521542de0a9865ece05a1456388c303bbcdca09dfcc75ffdf,,1
355,18,24655179,0x7c3e1f00000001f0f8024,36,0 57 14,54,31,4 6 7 19 22 24 25 64 66 67 79 82 84 85 124 126 127 139 142 144 145 184 186 187 199 202 204 205 244 246 247,0x2200d7d8d752837a8e7f2c96eb7854b0d75b973517dcb84a910a0a9f7334f126,,1
355,19,24692129,0x7c3e1f00000001f0f8013,19,0 40 61,63,35,3 4 7 18 19 21 22 25 63 64 67 78 79 81 82 85 123 124 127 138 139 141 142 145 183 184 187 198 199 201 202 205 243 244 247,0xfd5a59e5479fd83870f58fd849a9eefa47400ec564bd0324e057c6d368a559db,,1
355,20,24692151,0x7c3e1f00000001f0f8002,2,0 23 44,60,35,4 6 7 19 22 24 25 26 64 66 67 79 82 84 85 86 124 126 127 139 142 144 145 146 184 186 187 199 202 204 205 206 244 246 247,0xa472ebfab2bc29c1f5e6e3bc09a8a55da1d36dcb36637d0302441e17eeb02935,,1
355,21,24769806,0x7c3e1f00000001f0f8010,16,0 37 58,63,35,3 4 7 18 19 21 22 25 63 64 67 78 79 81 82 85 123 124 127 138 139 141 142 145 183 184 187 198 199 201 202 205 243 244 247,0xbc7a3435663b989237c86c249d3a056100c84eae3d73421725e51cbedbfac153,,1
355,22,24769826,0x7c3e1f00000001f0f8001,1,0 22 43,56,32,4 6 7 19 22 24 25 64 66 67 79 82 84 85 124 126 127 139 142 144 145 184 186 187 199 202 204 205 244 246 247 571,0x3663cd35cedba20ae025989a1802ee0e66e89f144a63db8fa153f2541689eb98,571,1
356,1,23509823,0x3e1f0000000000000000000f800001f0f8026,38,0 59 16,36,22,4 7 16 43 46 64 67 76 103 106 124 127 136 163 166 184 187 196 223 226 244 247,0x052c620d0e49bf949c7ffcf40840ddc1e7e725ed9f3627c78ee18d02fdcb9edd,,1
356,2,23649562,0xf80000000f80000000f80000000f80000000f8009,9,0 30 51,53,31,3 4 15 16 28 40 52 63 64 75 76 88 100 112 123 124 135 136 148 160 172 183 184 195 196 208 220 232 243 244 255,0xf75323dda0491509840852505c360785bbece9d71604dbb3ac498be28c625225,,1
356,3,23791892,0xf80000000f80000000f80000000f80000000f8017,23,0 44 1,50,33,4 16 27 28 39 40 51 52 64 76 87 88 99 100 111 112 124 136 147 148 159 160 171 172 184 196 207 208 219 220 231 232 244,0x750e7ea88064e387e9136c83da330696bdc393a4e13cd34b6b6a408ceebac590,,1
356,4,23974891,0xf80000000f80000000f80000000f80000000f8035,53,0 10 31,55,32,3 4 15 16 28 40 52 63 64 75 76 88 100 112 123 124 135 136 148 160 172 183 184 195 196 208 220 232 243 244 255 82570,0x77affd2b26012d72310f70abc1298ba1f338f4d56c4e17fa26cbaeb07ec22ca6,82570,1
356,5,24182366,0x3e1f0f87c3e00000001,1,0 22 43,46,27,10 13 16 18 19 22 70 73 76 78 79 82 130 133 136 138 139 142 190 193 196 198 199 202 247 250 253,0x35ed811ff9f84ac03b5e25cb67bedd473e910ec365029982db1c70c9f78c9ea1,,1
356,6,24182720,0x3e1f0f87c3e00000020,32,0 53 10,71,41,9 10 12 13 15 16 19 21 22 69 70 72 73 75 76 79 81 82 129 130 132 133 135 136 139 141 142 189 190 192 193 195 196 199 201 202 249 250 252 253 255,0x0f17efb96f8a23127d79c5487d6d9cd8a8778893e5bca8f43f78b09353ddc165,,1
356,7,24182753,0x3e1f0f87c3e0000000f,15,0 36 57,49,30,10 13 16 17 18 19 22 70 73 76 77 78 79 82 130 133 136 137 138 139 142 190 193 196 197 198 199 202 250 253,0xde889b017363f91d46e91768a929d2a39ce4ea819dc76f721de1d3a07509f7bc,,1
356,8,24311969,0x7c3e1f0f87c000000003f,63,0 20 41,70,40,0 12 13 15 16 19 21 22 25 60 72 73 75 76 79 81 82 85 120 132 133 135 136 139 141 142 145 180 192 193 195 196 199 201 202 205 240 252 253 255,0xf0cebcae2e69178afb4ae2c19a659eb9369b8be08ab16bd2567a2618671d14e1,,1
356,9,24311987,0x7c3e1f0f87c0000000007,7,0 28 49,50,29,13 16 18 19 22 24 25 73 76 78 79 82 84 85 133 136 138 139 142 144 145 193 196 198 199 202 204 205 253,0xe98ebcabcaa2e875eb69a110caeae332d75fbf604027058e9989e816f7ae26fd,,1
356,10,24312009,0x7c3e1f0f87c0000000027,39,0 60 17,60,35,12 13 15 16 19 21 22 25 72 73 75 76 79 81 82 85 132 133 135 136 139 141 142 145 192 193 195 196 199 201 202 205 252 253 255,0x9170b6e9dde05b20b9320863e7d98f7da4df644526e9e2ce41f06547e33bfa08,,1
356,11,24375764,0x7c3e1f0f87c000000002c,44,0 1 22,72,42,13 14 16 18 19 20 22 23 24 25 73 74 76 78 79 80 82 83 84 85 133 134 136 138 139 140 142 143 144 145 193 194 196 198 199 200 202 203 204 205 253 254,0x628431af5fc5e0a0d3a8186d545b1b02bfe2a78660eac3944eb16191b188fb76,,1
356,12,24418473,0x7c3e1f0f87c0000000025,37,0 58 15,60,35,12 13 15 16 19 21 22 25 72 73 75 76 79 81 82 85 132 133 135 136 139 141 142 145 192 193 195 196 199 201 202 205 252 253 255,0xaa1429e61ea1978c5f93ef37ae4cd759be12f1a94add3bb10df53f4c973a5c5a,,1
356,13,24500432,0x7c3e1f0f80000000f803d,61,0 18 39,51,29,4 16 18 19 22 24 25 64 76 78 79 82 84 85 124 136 138 139 142 144 145 184 196 198 199 202 204 205 244,0xcea554b920fe9cf80cca5df6c5b6b1c4219919ed6236760ce701e646d7b7bc77,,1
356,14,24552293,0x7c3e1f0f80000000f8025,37,0 58 15,83,48,0 3 4 15 16 17 19 21 22 25 26 60 63 64 75 76 77 79 81 82 85 86 120 123 124 135 136 137 139 141 142 145 146 180 183 184 195 196 197 199 201 202 205 206 240 243 244 255,0x16f56985f4d6a0cc12874ca3b77568389e69ba0bfec5e6e1108653017cb8c21e,,1
356,15,24592391,0x7c3e1f0f80000000f800b,11,0 32 53,51,29,4 16 18 19 22 24 25 64 76 78 79 82 84 85 124 136 138 139 142 144 145 184 196 198 199 202 204 205 244,0x20f29f393f213340583ed571f529bd3f08adc18b3089698bcdedf7f2d5813618,,1
356,16,24592414,0x7c3e1f0f80000000f8033,51,0 8 29,72,40,3 4 5 15 16 19 21 22 25 63 64 65 75 76 79 81 82 85 123 124 125 135 136 139 141 142 145 183 184 185 195 196 199 201 202 205 243 244 245 255,0x2bb88cbcd9b15430e3a655031638977afef2bc536948616cd2359d49d82ed660,,1
356,17,24654743,0x7c3e1f00000001f0f8014,20,0 41 62,61,35,4 6 7 18 19 22 24 25 64 66 67 78 79 82 84 85 124 126 127 138 139 142 144 145 184 186 187 198 199 202 204 205 244 246 247,0x9a426246381af61dd29ef04d692e7bec224eaa796f722a7b620810159e7971a7,,1
356,18,24694680,0x7c3e1f00000001f0f8024,36,0 57 14,70,39,3 4 7 19 20 21 22 23 25 63 64 67 79 80 81 82 83 85 123 124 127 139 140 141 142 143 145 183 184 187 199 200 201 202 203 205 243 244 247,0xf87fff979b3dc7a119a19f5005958fb38ebe813651474a6965232eb39a342d5b,,1
356,19,24769581,0x7c3e1f00000001f0f8013,19,0 40 61,61,35,4 6 7 18 19 22 24 25 64 66 67 78 79 82 84 85 124 126 127 138 139 142 144 145 184 186 187 198 199 202 204 205 244 246 247,0x39421d7b1d1581e1338b5813909b215f988e47cc4834c6d0b01039dbe256012a,,1
356,20,24769600,0x7c3e1f00000001f0f8002,2,0 23 44,56,31,3 4 7 19 21 22 25 63 64 67 79 81 82 85 123 124 127 139 141 142 145 183 184 187 199 201 202 205 243 244 247,0x6115559857f44b09fe6ce1d35cd699e810ca3c77bdfbac46747a5c43f87357a9,,1
357,1,23510505,0x3e1f0000000000000000000f800001f0f8026,38,0 59 16,36,22,4 7 16 43 46 64 67 76 103 106 124 127 136 163 166 184 187 196 223 226 244 247,0xf4105dbcb5e7d0a8992f39a5491531d2d372a822ff5af13181d224099b88cdc1,,1
357,2,23649590,0xf80000000f80000000f80000000f80000000f8009,9,0 30 51,53,31,3 4 15 16 28 40 52 63 64 75 76 88 100 112 123 124 135 136 148 160 172 183 184 195 196 208 220 232 243 244 255,0xe13bad412ce97bb53d4eb97c6b75905939845237e8deb771862ed4107412e5ec,,1
357,3,23791937,0xf80000000f80000000f80000000f80000000f8017,23,0 44 1,50,33,4 16 27 28 39 40 51 52 64 76 87 88 99 100 111 112 124 136 147 148 159 160 171 172 184 196 207 208 219 220 231 232 244,0x98ece2907ef576afe3e0767feb5e166d4618d4ef012e7b1ec20491020dea12c1,,1
357,4,23974923,0xf80000000f80000000f80000000f80000000f8035,53,0 10 31,55,32,3 4 15 16 28 40 52 63 64 75 76 88 100 112 123 124 135 136 148 160 172 183 184 195 196 208 220 232 243 244 255 82570,0x3950f2eb6b4cecfdcccf35f34305a83fd1dfd27dc1343c4174b391363d6d07dc,82570,1
357,5,24182380,0x3e1f0f87c3e00000001,1,0 22 43,46,27,10 13 16 18 19 22 70 73 76 78 79 82 130 133 136 138 139 142 190 193 196 198 199 202 247 250 253,0x9102fa562c06251d3181aaa207e561490c3826fb09b81610094aeee1cc0b07e3,,1
357,6,24196780,0x3e1f0f87c3e00000020,32,0 53 10,71,41,9 10 12 13 15 16 19 21 22 69 70 72 73 75 76 79 81 82 129 130 132 133 135 136 139 141 142 189 190 192 193 195 196 199 201 202 249 250 252 253 255,0x178e0a952299094bef27dd8e86600bce5e3b0d668688562b946203ac6fe9c9c2,,1
357,7,24196802,0x3e1f0f87c3e0000000f,15,0 36 57,49,30,10 13 16 17 18 19 22 70 73 76 77 78 79 82 130 133 136 137 138 139 142 190 193 196 197 198 199 202 250 253,0xe97720c6f7b2cac9a1a7d79b08febc2b946825034a19d5cdfa07f9157711a203,,1
357,8,24196826,0x3e1f0f87c3e00000027,39,0 60 17,71,41,9 10 12 13 15 16 19 21 22 69 70 72 73 75 76 79 81 82 129 130 132 133 135 136 139 141 142 189 190 192 193 195 196 199 201 202 249 250 252 253 255,0x582c05e0aa87b2232a5d42f29e54da0993a8fed60369bb71190dbd14dc932303,,1
357,9,24312033,0x7c3e1f0f87c0000000007,7,0 28 49,50,29,13 16 18 19 22 24 25 73 76 78 79 82 84 85 133 136 138 139 142 144 145 193 196 198 199 202 204 205 253,0x58e2ec45090c6a8764741289d9648acc9d43f6f820b557555ac6fa6627485dd3,,1
357,10,24312052,0x7c3e1f0f87c0000000027,39,0 60 17,70,40,0 12 13 15 16 19 21 22 25 60 72 73 75 76 79 81 82 85 120 132 133 135 136 139 141 142 145 180 192 193 195 196 199 201 202 205 240 252 253 255,0xcd427e164d496c5053e5d4304cb2331a19afb9ce561ee03064a434ba0fa727a8,,1
357,11,24375792,0x7c3e1f0f87c000000002c,44,0 1 22,72,42,13 14 16 18 19 20 22 23 24 25 73 74 76 78 79 80 82 83 84 85 133 134 136 138 139 140 142 143 144 145 193 194 196 198 199 200 202 203 204 205 253 254,0x69e8ab1c49e48cb5ea8a429dcedce1fc0da76276ab47e24eb5c489793311bad9,,1
357,12,24375809,0x7c3e1f0f87c0000000025,37,0 58 15,60,35,12 13 15 16 19 21 22 25 72 73 75 76 79 81 82 85 132 133 135 136 139 141 142 145 192 193 195 196 199 201 202 205 252 253 255,0xa91eb9ff40d110725f10d2b090cf6fd6ce05afd1983c29893a20fd50b08e5701,,1
357,13,24418503,0x7c3e1f0f87c000000003e,62,0 19 40,50,29,13 16 18 19 22 24 25 73 76 78 79 82 84 85 133 136 138 139 142 144 145 193 196 198 199 202 204 205 253,0x5b468518dd665e617eba19abec35ffb702dd363b1277502093b4da9240fe400f,,1
357,14,24500471,0x7c3e1f0f80000000f8025,37,0 58 15,57,34,4 15 16 17 19 21 22 25 64 75 76 77 79 81 82 85 124 135 136 137 139 141 142 145 184 195 196 197 199 201 202 205 244 255,0x0cacd9199ed3af412ba24b303e6241a415c7051ceb8ed840a79122f76ddd5c02,,1
357,15,24552319,0x7c3e1f0f80000000f800b,11,0 32 53,67,38,3 4 16 18 19 22 24 25 26 63 64 76 78 79 82 84 85 86 123 124 136 138 139 142 144 145 146 183 184 196 198 199 202 204 205 206 243 244,0x4f79d3810215986928b54207740cd85067f7d55452c6053156365576136cf3b3,,1
357,16,24592439,0x7c3e1f0f80000000f8033,51,0 8 29,62,35,0 4 15 16 19 21 22 25 60 64 75 76 79 81 82 85 120 124 135 136 139 141 142 145 180 184 195 196 199 201 202 205 240 244 255,0x1d6e66937f8f50cd35be3eeedc656cffc19d3c8fe6a59d70f697e7e7abb537ff,,1
357,17,24592461,0x7c3e1f0f80000000f8009,9,0 30 51,71,39,3 4 5 16 18 19 22 24 25 63 64 65 76 78 79 82 84 85 123 124 125 136 138 139 142 144 145 183 184 185 196 198 199 202 204 205 243 244 245,0xe8c14454776a960a6a6991e20dd4e2f530552c40a27e5f5c20cdd187301a2fae,,1
357,18,24654772,0x7c3e1f00000001f0f8024,36,0 57 14,68,39,4 6 7 19 20 21 22 23 25 64 66 67 79 80 81 82 83 85 124 126 127 139 140 141 142 143 145 184 186 187 199 200 201 202 203 205 244 246 247,0xd489a9d1aa881ade748615c876cbcf564ffcc44131212d76be639c2fba5ad28a,,1
357,19,24654793,0x7c3e1f00000001f0f8013,19,0 40 61,63,35,3 4 7 18 19 22 24 25 63 64 67 78 79 82 84 85 123 124 127 138 139 142 144 145 183 184 187 198 199 202 204 205 243 244 247,0x34d838d216a690093e0cce87a78a9d16749b8e99620c76d3bc2fae9afe1d1439,,1
357,20,24694712,0x7c3e1f00000001f0f8002,2,0 23 44,54,31,4 6 7 19 21 22 25 64 66 67 79 81 82 85 124 126 127 139 141 142 145 184 186 187 199 201 202 205 244 246 247,0xb3714b1269ee88f88714717e58716b8c136a378b9fdeb31eca7b2a84bd3a2a80,,1
357,21,24694737,0x7c3e1f00000001f0f8010,16,0 37 58,63,35,3 4 7 18 19 22 24 25 63 64 67 78 79 82 84 85 123 124 127 138 139 142 144 145 183 184 187 198 199 202 204 205 243 244 247,0x9ca01cf7f78ed8dc264fb42bf9aae4b62eceee039a15372e2563a6630da03523,,1
357,22,24769620,0x7c3e1f00000001f0f8001,1,0 22 43,60,35,4 6 7 19 21 22 25 26 64 66 67 79 81 82 85 86 124 126 127 139 141 142 145 146 184 186 187 199 201 202 205 206 244 246 247,0x8fd5b2a0f58154ccf5312c75181a9ce9a262448fb37a1a4bc7a04d99b003e500,,1
358,1,23510965,0x3e1f0000000000000000000f800001f0f8026,38,0 59 16,36,22,4 7 16 43 46 64 67 76 103 106 124 127 136 163 166 184 187 196 223 226 244 247,0xf4105dbcb5e7d0a8992f39a5491531d2d372a822ff5af13181d224099b88cdc1,,1
358,2,23649619,0xf80000000f80000000f80000000f80000000f8009,9,0 30 51,53,31,3 4 15 16 28 40 52 63 64 75 76 88 100 112 123 124 135 136 148 160 172 183 184 195 196 208 220 232 243 244 255,0xe13bad412ce97bb53d4eb97c6b75905939845237e8deb771862ed4107412e5ec,,1
358,3,23791969,0xf80000000f80000000f80000000f80000000f8017,23,0 44 1,50,33,4 16 27 28 39 40 51 52 64 76 87 88 99 100 111 112 124 136 147 148 159 160 171 172 184 196 207 208 219 220 231 232 244,0x98ece2907ef576afe3e0767feb5e166d4618d4ef012e7b1ec20491020dea12c1,,1
358,4,23974956,0xf80000000f80000000f80000000f80000000f8035,53,0 10 31,55,32,3 4 15 16 28 40 52 63 64 75 76 88 100 112 123 124 135 136 148 160 172 183 184 195 196 208 220 232 243 244 255 82570,0x3950f2eb6b4cecfdcccf35f34305a83fd1dfd27dc1343c4174b391363d6d07dc,82570,1
358,5,24182393,0x3e1f0f87c3e00000001,1,0 22 43,46,27,10 13 16 18 19 22 70 73 76 78 79 82 130 133 136 138 139 142 190 193 196 198 199 202 247 250 253,0x9102fa562c06251d3181aaa207e561490c3826fb09b81610094aeee1cc0b07e3,,1
358,6,24196859,0x3e1f0f87c3e00000020,32,0 53 10,71,41,9 10 12 13 15 16 19 21 22 69 70 72 73 75 76 79 81 82 129 130 132 133 135 136 139 141 142 189 190 192 193 195 196 199 201 202 249 250 252 253 255,0x178e0a952299094bef27dd8e86600bce5e3b0d668688562b946203ac6fe9c9c2,,1
358,7,24196878,0x3e1f0f87c3e0000000f,15,0 36 57,49,30,10 13 16 17 18 19 22 70 73 76 77 78 79 82 130 133 136 137 138 139 142 190 193 196 197 198 199 202 250 253,0xe97720c6f7b2cac9a1a7d79b08febc2b946825034a19d5cdfa07f9157711a203,,1
358,8,24312079,0x7c3e1f0f87c000000003f,63,0 20 41,70,40,0 12 13 15 16 19 21 22 25 60 72 73 75 76 79 81 82 85 120 132 133 135 136 139 141 142 145 180 192 193 195 196 199 201 202 205 240 252 253 255,0xe317cdf5d5491b3ddfced7fdf25f3611ce7e238c6bfce05ef40d412f0a76ad77,,1
358,9,24312096,0x7c3e1f0f87c0000000007,7,0 28 49,50,29,13 16 18 19 22 24 25 73 76 78 79 82 84 85 133 136 138 139 142 144 145 193 196 198 199 202 204 205 253,0x5db80316698fce09a99d7edb87e1e2b1ad7daf08037c1eb1bed20534f578a5c2,,1
358,10,24312113,0x7c3e1f0f87c0000000027,39,0 60 17,60,35,12 13 15 16 19 21 22 25 72 73 75 76 79 81 82 85 132 133 135 136 139 141 142 145 192 193 195 196 199 201 202 205 252 253 255,0xe2c10f99045ac2f734a2230154f7960b4bc37f06c412c7e6c9fd8c0a00549703,,1
358,11,24375831,0x7c3e1f0f87c000000002c,44,0 1 22,72,42,13 14 16 18 19 20 22 23 24 25 73 74 76 78 79 80 82 83 84 85 133 134 136 138 139 140 142 143 144 145 193 194 196 198 199 200 202 203 204 205 253 254,0x21954e77103bd29c584fd924804b048e01cf2b6e7b1063380ae6a0f9795bbe94,,1
358,12,24375850,0x7c3e1f0f87c0000000025,37,0 58 15,60,35,12 13 15 16 19 21 22 25 72 73 75 76 79 81 82 85 132 133 135 136 139 141 142 145 192 193 195 196 199 201 202 205 252 253 255,0x7c7be702c8c21531ecfb32f2ff6ad29fe3bbfb14e546904da265bf780c3dc7a4,,1
358,13,24418537,0x7c3e1f0f87c000000003e,62,0 19 40,50,29,13 16 18 19 22 24 25 73 76 78 79 82 84 85 133 136 138 139 142 144 145 193 196 198 199 202 204 205 253,0x128d9217c2d5d62d7430ab4f379eabd6b4ff29051f3557ae8db9822bb7cd412d,,1
358,14,24500522,0x7c3e1f0f80000000f8025,37,0 58 15,73,43,0 4 15 16 17 19 21 22 25 26 60 64 75 76 77 79 81 82 85 86 120 124 135 136 137 139 141 142 145 146 180 184 195 196 197 199 201 202 205 206 240 244 255,0x528f0b22e7f38e64638c7ea7deb0835e859e7afe2de5a5ec16204d45d54e0084,,1
358,15,24500543,0x7c3e1f0f80000000f800b,11,0 32 53,61,34,3 4 16 18 19 22 24 25 63 64 76 78 79 82 84 85 123 124 136 138 139 142 144 145 183 184 196 198 199 202 204 205 243 244,0xae8ac0332aa37230c4d4d096e60cebb9db8dddbdf87daf095d293ba9baf20de8,,1
358,16,24552378,0x7c3e1f0f80000000f8033,51,0 8 29,52,30,4 15 16 19 21 22 25 64 75 76 79 81 82 85 124 135 136 139 141 142 145 184 195 196 199 201 202 205 244 255,0xd641363e75e2dbe6ce654661eabc731119e9af492ccf077f85f5246ca359c5ff,,1
358,17,24592488,0x7c3e1f0f80000000f8009,9,0 30 51,71,39,3 4 5 16 18 19 22 24 25 63 64 65 76 78 79 82 84 85 123 124 125 136 138 139 142 144 145 183 184 185 196 198 199 202 204 205 243 244 245,0xe674d9ae6dce3056770ece686140b03c4130f39c7db943e2a973c2084a31ef73,,1
358,18,24592506,0x7c3e1f0f80000000f8023,35,0 56 13,66,38,4 15 16 19 20 21 22 23 25 64 75 76 79 80 81 82 83 85 124 135 136 139 140 141 142 143 145 184 195 196 199 200 201 202 203 205 244 255,0x1bd773ac1ae220b6508c58aad7905d94ec05fd9e1adc0613544bd4562e2e4175,,1
358,19,24654815,0x7c3e1f00000001f0f8013,19,0 40 61,71,40,3 4 6 7 18 19 22 24 25 63 64 66 67 78 79 82 84 85 123 124 126 127 138 139 142 144 145 183 184 186 187 198 199 202 204 205 243 244 246 247,0xf78db2c90ee19c1a9441cbac39bbd2559152a902237cc1e98dbf4c5c7e152739,,1
358,20,24654835,0x7c3e1f00000001f0f8002,2,0 23 44,46,26,4 7 19 21 22 25 64 67 79 81 82 85 124 127 139 141 142 145 184 187 199 201 202 205 244 247,0xb2ae27f620c45532782e5cfa105fa118987125cd87a161843672f897620b4269,,1
358,21,24694765,0x7c3e1f00000001f0f8010,16,0 37 58,77,44,3 4 6 7 18 19 22 24 25 26 63 64 66 67 78 79 82 84 85 86 123 124 126 127 138 139 142 144 145 146 183 184 186 187 198 199 202 204 205 206 243 244 246 247,0x37111e438bc130794c73cdf500278994af64e9b585d61aca349da8babd4cc193,,1
358,22,24769644,0x7c3e1f00000001f0f8001,1,0 22 43,46,26,4 7 19 21 22 25 64 67 79 81 82 85 124 127 139 141 142 145 184 187 199 201 202 205 244 247,0x123661afaccc0076ea3b43f8160ef66cb209347bc3fc7c4c22e154fa100e3144,,1
359,1,23515084,0xf80000000f80000000f80000000f80000000f802e,46,0 3 24,35,21,4 16 28 40 52 64 76 88 100 112 124 136 148 160 172 184 196 208 220 232 244,0x59d242a45ad7b2041297ee324c5f0bd34fb0b0ae457748fd13f1b7d0dca1afa9,,1
359,2,23650858,0xf80000000f80000000f80000000f80000000f8009,9,0 30 51,68,43,3 4 15 16 27 28 39 40 51 52 63 64 75 76 87 88 99 100 111 112 123 124 135 136 147 148 159 160 171 172 183 184 195 196 207 208 219 220 231 232 243 244 255,0x4bdabce3385e4bc4b09a0d1f3758e47a441f7e30f47f37ce8b59155ecd3f51be,,1
359,3,23800594,0xf80000000f80000000f80000000f80000000f8017,23,0 44 1,35,21,4 16 28 40 52 64 76 88 100 112 124 136 148 160 172 184 196 208 220 232 244,0xf007a27116a85c93b01379452e244910b6cbf3ec8eeec7babdd05d63fd1c70f4,,1
359,4,24181653,0x3e1f0f87c3e0000001e,30,0 51 8,45,27,10 13 15 16 19 22 70 73 75 76 79 82 130 133 135 136 139 142 190 193 195 196 199 202 250 253 255,0x7f277bfb3ff60e33aaf967d53752948699ef0eb94d1b36940fc19bac8664761e,,1
359,5,24181696,0x3e1f0f87c3e00000001,1,0 22 43,70,40,9 10 12 13 16 18 19 21 22 69 70 72 73 76 78 79 81 82 129 130 132 133 136 138 139 141 142 189 190 192 193 196 198 199 201 202 249 250 252 253,0xd7187dda7468768e31d47429c99ccfe70ca35b4b309d309493ecb1c29541c634,,1
359,6,24182637,0x3e1f0f87c3e00000020,32,0 53 10,45,27,10 13 15 16 19 22 70 73 75 76 79 82 130 133 135 136 139 142 190 193 195 196 199 202 250 253 255,0xe665a55312f1d7f6b376260433875bbd5e15759093b320f823be7dad294273fa,,1
359,7,24323320,0x7c3e1f0f87c0000000028,40,0 61 18,64,38,12 13 16 17 18 19 21 22 25 72 73 76 77 78 79 81 82 85 132 133 136 137 138 139 141 142 145 192 193 196 197 198 199 201 202 205 252 253,0x3ccd7f15561f9cdc569ad858712d47f87f5f954bfae252613d08531fe9040c23,,1
359,8,24323340,0x7c3e1f0f87c000000003f,63,0 20 41,61,35,0 13 15 16 19 22 24 25 60 73 75 76 79 82 84 85 120 133 135 136 139 142 144 145 180 193 195 196 199 202 204 205 240 253 255,0x772b8570f7509195047f79751ff11899f9b41650b70b3ecac84cbd3859a24f7f,,1
359,9,24376045,0x7c3e1f0f87c0000000007,7,0 28 49,59,34,12 13 16 18 19 21 22 25 72 73 76 78 79 81 82 85 132 133 136 138 139 141 142 145 192 193 196 198 199 201 202 205 252 253,0x1675ac4caaafa24a1dd68c74323df260fe2bf39808f57f2fef852d23435c1f6e,,1
359,10,24376060,0x7c3e1f0f87c0000000027,39,0 60 17,73,43,13 14 15 16 19 20 22 23 24 25 73 74 75 76 79 80 82 83 84 85 133 134 135 136 139 140 142 143 144 145 193 194 195 196 199 200 202 203 204 205 253 254 255,0xb52a658ab406f5aba0d1aea8ffd2103b6d9798159754f6c80d8c2b8e57403bc9,,1
359,11,24418819,0x7c3e1f0f87c000000002c,44,0 1 22,59,34,12 13 16 18 19 21 22 25 72 73 76 78 79 81 82 85 132 133 136 138 139 141 142 145 192 193 196 198 199 201 202 205 252 253,0x1a17a0e984a3d3dc93ace6d33a0b8fd982a7d32d8ce9948606c66f32b88ef681,,1
359,12,24418846,0x7c3e1f0f87c0000000025,37,0 58 15,51,30,13 15 16 19 22 24 25 73 75 76 79 82 84 85 133 135 136 139 142 144 145 193 195 196 199 202 204 205 253 255,0x075138f0db32d43bd09774096788e2d2c81e86f36e7b7c4cf16ae2d8bdc97d82,,1
359,13,24500661,0x7c3e1f0f80000000f803d,61,0 18 39,67,38,3 4 16 18 19 21 22 25 26 63 64 76 78 79 81 82 85 86 123 124 136 138 139 141 142 145 146 183 184 196 198 199 201 202 205 206 243 244,0x9c64578f530ebe9624abc2367e64f34a6f59760e9a57c084863759dfb6216e6c,,1
359,14,24552895,0x7c3e1f0f80000000f8025,37,0 58 15,67,39,0 4 15 16 17 19 22 24 25 60 64 75 76 77 79 82 84 85 120 124 135 136 137 139 142 144 145 180 184 195 196 197 199 202 204 205 240 244 255,0xf0a3cbff9dad86c07697383d1eb22ae8067dc394e001622f61db8d147014a0fa,,1
359,15,24552914,0x7c3e1f0f80000000f800b,11,0 32 53,61,34,3 4 16 18 19 21 22 25 63 64 76 78 79 81 82 85 123 124 136 138 139 141 142 145 183 184 196 198 199 201 202 205 243 244,0x9565e9ac2ba642dd8eb7bc972b6e4d6dab1e66b975fab0d356fc6fc2a6420929,,1
359,16,24592236,0x7c3e1f0f80000000f8033,51,0 8 29,52,30,4 15 16 19 22 24 25 64 75 76 79 82 84 85 124 135 136 139 142 144 145 184 195 196 199 202 204 205 244 255,0xbb3352be232f818c371094497f2e062491aaad0bcf5f6cd33ca2334cb803b249,,1
359,17,24592261,0x7c3e1f0f80000000f8009,9,0 30 51,85,47,3 4 5 16 18 19 20 21 22 23 25 63 64 65 76 78 79 80 81 82 83 85 123 124 125 136 138 139 140 141 142 143 145 183 184 185 196 198 199 200 201 202 203 205 243 244 245,0x441903d7ad18142c5bfdeac2218413a4c70841f22b8143db797fe67345936a00,,1
359,18,24655210,0x7c3e1f00000001f0f8024,36,0 57 14,54,31,4 6 7 19 22 24 25 64 66 67 79 82 84 85 124 126 127 139 142 144 145 184 186 187 199 202 204 205 244 246 247,0x6e72a8702d2110894f7e28b4fa6df79eb7e1a1957d3b479121b5cebc3bb82cf9,,1
359,19,24692175,0x7c3e1f00000001f0f8013,19,0 40 61,63,35,3 4 7 18 19 21 22 25 63 64 67 78 79 81 82 85 123 124 127 138 139 141 142 145 183 184 187 198 199 201 202 205 243 244 247,0xa53baff798932c269979cc5ccfe2b3971ee13fb5fac86097359d85334f70cd41,,1
359,20,24769852,0x7c3e1f00000001f0f8002,2,0 23 44,60,35,4 6 7 19 22 24 25 26 64 66 67 79 82 84 85 86 124 126 127 139 142 144 145 146 184 186 187 199 202 204 205 206 244 246 247,0xd2459b75012994ca5e054a003a7ccad4d129c211c591fe47e9d7aa69679d4733,,1
359,21,24769870,0x7c3e1f00000001f0f8010,16,0 37 58,63,35,3 4 7 18 19 21 22 25 63 64 67 78 79 81 82 85 123 124 127 138 139 141 142 145 183 184 187 198 199 201 202 205 243 244 247,0xbd5f7a50f049b83a72ea5d0767644fd4f83962a614a25604e40a9ef41d5d0e1d,,1
360,1,23525877,0xf80000000f80000000f80000000f80000000f802e,46,0 3 24,35,21,4 16 28 40 52 64 76 88 100 112 124 136 148 160 172 184 196 208 220 232 244,0x149677eb9c09eed2c2461308c5cc8d20f4f2ff4581eac50119c510e779dddffa,,1
360,2,23563620,0xf80000000f80000000f80000000f80000000f8009,9,0 30 51,68,43,3 4 15 16 27 28 39 40 51 52 63 64 75 76 87 88 99 100 111 112 123 124 135 136 147 148 159 160 171 172 183 184 195 196 207 208 219 220 231 232 243 244 255,0xdece0d4145aca82f5c492baae93778e8e3e5edfaab82e295aa905f0cb2fd41ac,,1
360,3,23625358,0xf80000000f80000000f80000000f80000000f8017,23,0 44 1,35,21,4 16 28 40 52 64 76 88 100 112 124 136 148 160 172 184 196 208 220 232 244,0x3c1066cd0c7f6d340758ee14aa076a7c08d38efd8f633b3e627dd9e6b4c3a5ad,,1
360,4,23808342,0xf80000000f80000000f80000000f80000000f8035,53,0 10 31,68,43,3 4 15 16 27 28 39 40 51 52 63 64 75 76 87 88 99 100 111 112 123 124 135 136 147 148 159 160 171 172 183 184 195 196 207 208 219 220 231 232 243 244 255,0x002ce15a6133a23a408ddfd5a6a15dd9578428ed788783a2bdcdc3718a22cb0a,,1
360,5,24054704,0xf8007,7,0 28 49,9,5,4 64 124 184 244,0x68b166217468730362e829d5d906c80906ddcb84af568f8b9ffaa0389bea1753,,1
360,6,24054739,0xf8025,37,0 58 15,19,10,3 4 63 64 123 124 183 184 243 244,0xe437b15ed2d162369ad073fb548da6f04337f4fe3de28e62b9f99b99fc903f24,,1
360,7,24055059,0xf8006,6,0 27 48,19,10,4 5 64 65 124 125 184 185 244 245,0x929e78793eb9bf5edddbce4a1657ab7d60ea6c5f88115fbc88a7924b29736178,,1
360,8,24148115,0x3e1f0f87c3e00000027,39,0 60 17,54,31,0 10 13 16 18 19 22 60 70 73 76 78 79 82 120 130 133 136 138 139 142 180 190 193 196 198 199 202 240 250 253,0x036bcd6a3d7569c982441fcf72932ec0073d8d18c085ca30d2aa62baf21a492e,,1
360,9,24224271,0x3e1f0f87c3e0000001a,26,0 47 4,71,41,9 10 12 13 15 16 19 21 22 69 70 72 73 75 76 79 81 82 129 130 132 133 135 136 139 141 142 189 190 192 193 195 196 199 201 202 249 250 252 253 255,0xb4352ed192b31e4e16abd7a6d2981434b5428b064a414d94a1dce0ba031abf32,,1
360,10,24375045,0x7c3e1f0f87c0000000027,39,0 60 17,42,25,13 16 18 19 22 25 73 76 78 79 82 85 133 136 138 139 142 145 193 196 198 199 202 205 253,0xac0a4c2ca82f1246d3175a1a5ad0e485800df63de42e2b65cbc25ff755291bb4,,1
360,11,24471352,0x7c3e1f0f87c000000002c,44,0 1 22,73,43,12 13 15 16 17 19 21 22 24 25 72 73 75 76 77 79 81 82 84 85 132 133 135 136 137 139 141 142 144 145 192 193 195 196 197 199 201 202 204 205 252 253 255,0xaffa6801065ebe697407a2db65a6c9e6fb7f1052f84230032456170d1152a0d0,,1
360,12,24581383,0x7c3e1f0f80000000f803e,62,0 19 40,53,30,3 4 16 18 19 22 25 63 64 76 78 79 82 85 123 124 136 138 139 142 145 183 184 196 198 199 202 205 243 244,0x62e1d9e077beb36997d7ee6e250de6bb4c4a9fbfe42206bc89978e3ebc964623,,1
360,13,24673578,0x7c3e1f00000001f0f8015,21,0 42 63,62,35,4 6 7 19 21 22 24 25 64 66 67 79 81 82 84 85 124 126 127 139 141 142 144 145 184 186 187 199 201 202 204 205 244 246 247,0x424ad103aa0d82be34ef664582d1e0efc4842aa9e4109fb285bb3087b69b0ff5,,1
362,1,23543959,0xf8000,0,0 21 42,9,5,4 64 124 184 244,0x00b7256ade93f167f51883f04eeca988dddb05f8b08b32ab69a55409cd314bb4,,1
363,1,23565652,0x3f80000003f80000003f80000003f9fc0000000028,40,0 61 18,42,26,13 15 16 28 40 52 73 75 76 88 100 112 133 135 136 148 160 172 193 195 196 208 220 232 253 255,0xe88a64b85783903a7174490d5968cbb0df223fd01ec501e6beb18025b93f5fd5,,1
364,1,23589104,0xf80000000f80000000f80000000f80000000f802e,46,0 3 24,35,21,4 16 28 40 52 64 76 88 100 112 124 136 148 160 172 184 196 208 220 232 244,0x2fb9a8a141fcf492c37fa596794d8096185747ba8ba7b0005178c2af46834139,,1
364,2,23621220,0xf80000000f80000000f80000000f80000000f8009,9,0 30 51,68,43,3 4 15 16 27 28 39 40 51 52 63 64 75 76 87 88 99 100 111 112 123 124 135 136 147 148 159 160 171 172 183 184 195 196 207 208 219 220 231 232 243 244 255,0x7417e3e734d070639345c9b7c36adb2218387a8500728c865230db9c4616827d,,1
364,3,23714325,0xf80000000007c00000f80000000007c001f00001a,26,0 47 4,33,22,7 13 28 37 52 67 73 88 97 112 127 133 148 157 172 187 193 208 217 232 247 253,0x759438ac22270c191cdf6d3de68b49c687b2eab73224d773b677649d545dfa8c,,1
364,4,23756978,0xf80000000f80000000f80000000f80000000f8035,53,0 10 31,47,30,4 16 27 28 40 51 52 64 76 87 88 100 111 112 124 136 147 148 160 171 172 184 196 207 208 220 231 232 244 82570,0xd9d5fccb832ddb76e7bdf343761207e51072d243984a0fd8cc1d83366683dd53,82570,1
364,5,23878646,0x3e000000000000f80000000f80000000007c3e0000001a,26,0 47 4,55,32,10 12 13 28 39 40 58 70 72 73 88 99 100 118 130 132 133 148 159 160 178 190 192 193 208 219 220 238 247 250 252 253,0x4939e8bf2f53927f6632fdbe815d987662e78f0546f6720840815802a95d7569,,1
364,6,23963190,0x7c00000007c3e0000000000000000001f0f8004,4,0 25 46,60,36,3 4 6 7 34 36 37 49 63 64 66 67 94 96 97 109 123 124 126 127 154 156 157 169 183 184 186 187 214 216 217 229 243 244 246 247,0x8cac425f2b6e9214851410ec468f48004ee74b5da8d7c6f85fa8830436b2cc11,,1
364,7,24126854,0x1f0f87c3e1f000033,51,0 8 29,54,33,7 9 10 13 15 16 19 67 69 70 73 75 76 79 127 129 130 133 135 136 139 187 189 190 193 195 196 199 247 249 250 253 255,0x358ead8894572eaed025f66d7521e8da650933bdd0f62f41e86e217413db86f1,,1
364,8,24128802,0x1f0f87c3e1f00000d,13,0 34 55,71,42,0 6 7 10 12 13 16 18 19 60 66 67 70 72 73 76 78 79 120 126 127 130 132 133 136 138 139 180 186 187 190 192 193 196 198 199 240 246 247 250 252 253,0x8bed67b25809c11d577c080c175c81f616d4f2642a24e010f3c2081183c09196,,1
364,9,24131746,0x3e1f0f87c3e0000001a,26,0 47 4,54,32,9 10 13 15 16 19 22 69 70 73 75 76 79 82 129 130 133 135 136 139 142 189 190 193 195 196 199 202 249 250 253 255,0xd4c622616ab9cab00383c8de594b952771628c854e53cec19eeb56d888c9fa18,,1
364,10,24192129,0x3e1f0f87c3e00000033,51,0 8 29,61,35,10 12 13 16 18 19 21 22 70 72 73 76 78 79 81 82 130 132 133 136 138 139 141 142 190 192 193 196 198 199 201 202 250 252 253,0x10474cc9bee0ff896bc8a6b2246a7191a3247c7c1f74e91d0abc3a103e1b2992,,1
364,11,24255092,0x3e1f0f87c3e0000000b,11,0 32 53,59,36,9 10 13 15 16 17 19 22 69 70 73 75 76 77 79 82 129 130 133 135 136 137 139 142 189 190 193 195 196 197 199 202 249 250 253 255,0xbd3b668aab558267af3b8bca2e4b50a3030619645712c02d9b6a89370cfbe56e,,1
364,12,24427990,0x7c3e1f0f87c0000000025,37,0 58 15,67,39,12 13 14 16 18 19 21 22 25 72 73 74 76 78 79 81 82 85 132 133 134 136 138 139 141 142 145 192 193 194 196 198 199 201 202 205 252 253 254,0xb63b690a5a55e5a37a4318054dafdb0ac20445953129ce1a259a958bf9496c95,,1
364,13,24428033,0x7c3e1f0f87c000000003e,62,0 19 40,57,34,13 15 16 19 20 22 24 25 73 75 76 79 80 82 84 85 133 135 136 139 140 142 144 145 193 195 196 199 200 202 204 205 253 255,0x56d32147116d5f43bab33ef45a433dc3aa321f343744aab2880021a0f9ed6770,,1
364,14,24428334,0x7c3e1f0f87c0000000020,32,0 53 10,69,39,0 12 13 16 18 19 21 22 25 60 72 73 76 78 79 81 82 85 120 132 133 136 138 139 141 142 145 180 192 193 196 198 199 201 202 205 240 252 253,0x5fcf7280444b849c4b7c4b66d6f22400e2e02b85bdf6ca5d5e0b20ea757edf91,,1
364,15,24488437,0x7c3e1f0f80000000f800b,11,0 32 53,60,34,4 15 16 19 22 23 24 25 64 75 76 79 82 83 84 85 124 135 136 139 142 143 144 145 184 195 196 199 202 203 204 205 244 255,0x0cbb1312e71ad7686b7dd004069521c756d52a3e372637c823490a195671782f,,1
364,16,24565983,0x7c3e1f0f80000000f8033,51,0 8 29,61,34,3 4 16 18 19 21 22 25 63 64 76 78 79 81 82 85 123 124 136 138 139 141 142 145 183 184 196 198 199 201 202 205 243 244,0xd50db79ceaccfc97f710e6612bf9905f2db13b99b2a1be6d940d51f7946eb506,,1
364,17,24602128,0x7c3e1f0f80000000f8009,9,0 30 51,52,30,4 15 16 19 22 24 25 64 75 76 79 82 84 85 124 135 136 139 142 144 145 184 195 196 199 202 204 205 244 255,0xb9464592b3b39e51d909c119205d37a35135096052ea415bf2edb76189b8bfdb,,1
364,18,24721408,0x7c3e1f00000001f0f8024,36,0 57 14,79,44,3 4 5 7 18 19 21 22 25 26 63 64 65 67 78 79 81 82 85 86 123 124 125 127 138 139 141 142 145 146 183 184 185 187 198 199 201 202 205 206 243 244 245 247,0x734ea718464147321990d76714430bc4a8d48a4eed5264c5e30627559df72616,,1
364,19,24812877,0x7c3e00000003e1f0f8004,4,0 25 46,59,32,4 6 7 10 22 24 25 64 66 67 70 82 84 85 124 126 127 130 142 144 145 184 186 187 190 202 204 205 244 246 247 250,0xb77a74e3fd3d5dece1a7d13d7bd1c6e34b96f2f5326a5f1e0fef7dd77ef1c815,,1
365,1,23648115,0xf8000,0,0 21 42,9,5,4 64 124 184 244,0x75d24ebcdf5e95a5dae6cb424a0865c25f593b2cc23b44e8c7e4115d71a8205a,,1
365,2,23815954,0x7f80000007f80000007f80000007f80000007f8020,32,0 53 10,76,47,3 4 5 16 17 28 29 40 41 52 53 63 64 65 76 77 88 89 100 101 112 113 123 124 125 136 137 148 149 160 161 172 173 183 184 185 196 197 208 209 220 221 232 233 243 244 245,0xb2828fe6c271e542353d256716ba8538415c64cab49d46f1dd74cd4f0cfb1b21,,1
365,3,23824984,0x7f3f80000000000000003f80000003f80000003f802e,46,0 3 24,57,38,4 15 16 27 28 51 52 54 55 64 75 76 87 88 111 112 114 115 124 135 136 147 148 171 172 174 175 184 195 196 207 208 231 232 234 235 244 255,0xc01a195458da1e9632b53c6f350e4b2accd6f98762cd87167706ed151617be4e,,1
365,4,24016595,0xf80000000f80000000f80000000f80000000f8035,53,0 10 31,50,30,3 4 16 28 39 40 52 63 64 76 88 99 100 112 123 124 136 148 159 160 172 183 184 196 208 219 220 232 243 244,0x97719e01ae6e4dcb6a3dc81afcbff075536392a5ce99f4c1ba897257f3d52dfb,,1
365,5,24323502,0x7c3e1f0f87c0000000027,39,0 60 17,50,30,13 15 16 18 19 22 25 73 75 76 78 79 82 85 133 135 136 138 139 142 145 193 195 196 198 199 202 205 253 255,0xc385710943c8e3c11079cb26452dea7b9c321003cd754e6763938895a73b0051,,1
365,6,24323965,0x7c3e1f0f87c0000000007,7,0 28 49,65,38,12 13 16 17 19 21 22 24 25 72 73 76 77 79 81 82 84 85 132 133 136 137 139 141 142 144 145 192 193 196 197 199 201 202 204 205 252 253,0x049c7eb176b131af5693063eccaf6fc0078c69f35ae7fd582b79c9cf4596b0d9,,1
365,7,24330080,0x7c3e1f0f87c0000000028,40,0 61 18,60,35,0 13 15 16 18 19 22 25 60 73 75 76 78 79 82 85 120 133 135 136 138 139 142 145 180 193 195 196 198 199 202 205 240 253 255,0x0a209c192e49aa0db9c92540a017cafe9d41ed387d0b0855809d16bd20f3bbee,,1
365,8,24482626,0x7c3e1f0f80000000f8004,4,0 25 46,52,29,4 16 19 21 22 24 25 64 76 79 81 82 84 85 124 136 139 141 142 144 145 184 196 199 201 202 204 205 244,0x63552a598d0346a8f5262f65267a90a75920f34d9fdcea3b3b6813668ed7d3ea,,1
365,9,24484965,0x7c3e1f0f80000000f8004,4,0 25 46,61,35,3 4 15 16 18 19 22 25 63 64 75 76 78 79 82 85 123 124 135 136 138 139 142 145 183 184 195 196 198 199 202 205 243 244 255,0x914984d1c461409d2a7d6646b4c1b2e131cd311f7fc2beb50a31f33782a76666,,1
365,10,24494576,0x7c3e1f0f80000000f801e,30,0 51 8,62,34,4 5 16 19 21 22 24 25 64 65 76 79 81 82 84 85 124 125 136 139 141 142 144 145 184 185 196 199 201 202 204 205 244 245,0x150190dd76a750a73afae8d1f595f60947a62a0abf0abde645559934883987e6,,1
365,11,24652838,0x7c3e1f00000001f0f8026,38,0 59 16,83,48,3 4 6 7 18 19 20 22 23 25 26 63 64 66 67 78 79 80 82 83 85 86 123 124 126 127 138 139 140 142 143 145 146 183 184 186 187 198 199 200 202 203 205 206 243 244 246 247,0xa033cde9eca7a5d4187c2982c2fb0313aba57506f06e078ec47b6ba5eb1af613,,1
365,12,24652933,0x7c3e1f00000001f0f8023,35,0 56 13,54,30,4 7 19 21 22 24 25 64 67 79 81 82 84 85 124 127 139 141 142 144 145 184 187 199 201 202 204 205 244 247,0x08a97df07ea58d4b4ffce0655909fc82daafc1866fb37149d9587f6627b9929a,,1
365,13,24685348,0x7c3e1f00000001f0f8015,21,0 42 63,63,36,3 4 6 7 18 19 22 25 63 64 66 67 78 79 82 85 123 124 126 127 138 139 142 145 183 184 186 187 198 199 202 205 243 244 246 247,0x39f5f54fee8e164e87606ba4cd545d30e7b36115060affb4dddd599739ce87c7,,1
365,14,24820159,0x7c3e00000003e1f0f801c,28,0 49 6,59,31,4 7 10 21 22 24 25 64 67 70 81 82 84 85 124 127 130 141 142 144 145 184 187 190 201 202 204 205 244 247 250,0xe9e0be37f193115bc7187af127e6fb32bcd64e69a1866880728a7bdfbe911984,,1
365,15,24820387,0x7c3e00000003e1f0f8019,25,0 46 3,70,38,3 4 6 7 9 10 22 25 63 64 66 67 69 70 82 85 123 124 126 127 129 130 142 145 183 184 186 187 189 190 202 205 243 244 246 247 249 250,0xdd481798b2a3ba6e8d7281f47ccaef32349a2e89114dbe8b953fec727c6223e2,,1
365,16,24837930,0x7c3e00000003e1f0f8016,22,0 43 0,59,31,4 7 10 21 22 24 25 64 67 70 81 82 84 85 124 127 130 141 142 144 145 184 187 190 201 202 204 205 244 247 250,0xba6b1f2e38af49399b1571d4f670eb0867d47447167dafd4d22a3c6187edc315,,1
365,17,24989860,0x7c00000007c3e1f0f800e,14,0 35 56,99,54,3 4 5 6 7 8 9 10 12 13 25 63 64 65 66 67 68 69 70 72 73 85 123 124 125 126 127 128 129 130 132 133 145 183 184 185 186 187 188 189 190 192 193 205 243 244 245 246 247 248 249 250 252 253,0x6a4f2d33ade0300e70bba883062873cbe45cce187f99e835019df6efadbe557a,,1
366,1,23702291,0xf80000000f80000000f80000000f80000000f802e,46,0 3 24,35,21,4 16 28 40 52 64 76 88 100 112 124 136 148 160 172 184 196 208 220 232 244,0x59d242a45ad7b2041297ee324c5f0bd34fb0b0ae457748fd13f1b7d0dca1afa9,,1
366,2,23808173,0xf80000000f80000000f80000000f80000000f8009,9,0 30 51,68,43,3 4 15 16 27 28 39 40 51 52 63 64 75 76 87 88 99 100 111 112 123 124 135 136 147 148 159 160 171 172 183 184 195 196 207 208 219 220 231 232 243 244 255,0x4bdabce3385e4bc4b09a0d1f3758e47a441f7e30f47f37ce8b59155ecd3f51be,,1
366,3,24148120,0x3e1f0f87c3e0000000c,12,0 33 54,37,22,10 13 16 19 22 70 73 76 79 82 130 133 136 139 142 190 193 196 199 202 250 253,0x2d563b22a0470bcd93323376e82e3253e0dc85d126b9be34aa8b66202e2bbd7e,,1
366,4,24174707,0x3e1f0f87c3e0000001e,30,0 51 8,78,45,9 10 12 13 15 16 18 19 21 22 69 70 72 73 75 76 78 79 81 82 129 130 132 133 135 136 138 139 141 142 189 190 192 193 195 196 198 199 201 202 249 250 252 253 255,0xc1a234743db98ddf106a6404ee7ae6fea17f9a6f7507522eb9bccc6551d87251,,1
366,5,24224275,0x3e1f0f87c3e00000001,1,0 22 43,37,22,10 13 16 19 22 70 73 76 79 82 130 133 136 139 142 190 193 196 199 202 250 253,0xd174159c84dc8084e3ddbe950f3de8e240c86a80c17fb6d9cd707a0798385aa1,,1
366,6,24375058,0x7c3e1f0f87c0000000007,7,0 28 49,67,39,12 13 15 16 18 19 21 22 25 72 73 75 76 78 79 81 82 85 132 133 135 136 138 139 141 142 145 192 193 195 196 198 199 201 202 205 252 253 255,0xceb5fbb4d500b550d5ad334d29b32af518c8a7432e1d90129a32c3a02df46ed7,,1
366,7,24471363,0x7c3e1f0f87c0000000028,40,0 61 18,48,29,13 16 17 19 22 24 25 73 76 77 79 82 84 85 133 136 137 139 142 144 145 193 196 197 199 202 204 205 253,0x8c62023343b71b0a9bbb2b649b27e58598838156e124ac2c3b2751f77814c103,,1
366,8,24581390,0x7c3e1f0f80000000f8004,4,0 25 46,59,34,4 15 16 18 19 21 22 25 64 75 76 78 79 81 82 85 124 135 136 138 139 141 142 145 184 195 196 198 199 201 202 205 244 255,0x016376090ba4036a1a603b96134fb9deda4cbaa7a64102be4ac4dcb9fe24a0ce,,1
366,9,24673591,0x7c3e1f00000001f0f8005,5,0 26 47,70,39,3 4 7 19 20 22 23 24 25 63 64 67 79 80 82 83 84 85 123 124 127 139 140 142 143 144 145 183 184 187 199 200 202 203 204 205 243 244 247,0x788a99c96863169a4f0977dfbb16b49b250ab2a66e3c713333d9fc118c7f2b19,,1
367,1,23720238,0xf80000000f80000000f80000000f80000000f802e,46,0 3 24,35,21,4 16 28 40 52 64 76 88 100 112 124 136 148 160 172 184 196 208 220 232 244,0xd697261c9668e23d39477a5830519cdeb356b7659a0788f9267b3b800df170b9,,1
367,2,23904689,0xf80000000f80000000f80000000f80000000f8009,9,0 30 51,68,43,3 4 15 16 27 28 39 40 51 52 63 64 75 76 87 88 99 100 111 112 123 124 135 136 147 148 159 160 171 172 183 184 195 196 207 208 219 220 231 232 243 244 255,0x592ee8927da0d14b0a8d0b9234f8c8e502c4bf9c8790a491276e49051e092284,,1
367,3,24571163,0x7c3e1f0f80000000f8027,39,0 60 17,36,21,4 16 19 22 25 64 76 79 82 85 124 136 139 142 145 184 196 199 202 205 244,0x553d1d242cf9713acec1dfc019e96541e7a2ea68a5e21dfc5699f0f27f6b71b7,,1
368,1,23781459,0x3e000f80000000f80000000f80000000000000000f8035,53,0 10 31,37,21,4 28 40 52 58 64 88 100 112 118 124 148 160 172 178 184 208 220 232 238 244,0x2bd1cb3ba49fd1e1df76ed172c3f5d442d521a2396a3060726652411129f0000,,1
368,2,23934009,0x1f00000001f00000001f00000001f00000001f000016,22,0 43 0,32,21,7 19 31 43 55 67 79 91 103 115 127 139 151 163 175 187 199 211 223 235 247,0xd5ee4c323c910974243e2cdf069593d1b5912ae1bca114e9bf168e5b7d8ddb43,,1
368,3,24884721,0x7c3e00000003e1f0f802d,45,0 2 23,61,33,3 4 6 7 10 22 25 63 64 66 67 70 82 85 123 124 126 127 130 142 145 183 184 186 187 190 202 205 243 244 246 247 250,0x45867481061234fa3c8afd81f8f3107a0f566c914e9394002cb0127612dc5197,,1
369,1,23961920,0xf80000000f80000000f80000000f80000000f802e,46,0 3 24,35,21,4 16 28 40 52 64 76 88 100 112 124 136 148 160 172 184 196 208 220 232 244,0x59d242a45ad7b2041297ee324c5f0bd34fb0b0ae457748fd13f1b7d0dca1afa9,,1
369,2,24396129,0x7c3e1f0f87c000000003b,59,0 16 37,43,26,13 15 16 19 22 25 73 75 76 79 82 85 133 135 136 139 142 145 193 195 196 199 202 205 253 255,0xd08187b6c62bcca49182cafea3b3d890d4ae114e9a986dcf76f2a31b125874e1,,1
369,3,24573508,0x7c3e1f0f80000000f8027,39,0 60 17,69,38,3 4 16 18 19 21 22 24 25 63 64 76 78 79 81 82 84 85 123 124 136 138 139 141 142 144 145 183 184 196 198 199 201 202 204 205 243 244,0xa9cec9d81fa9103a6385c0dc9b4c459504b262a90c372be049c53829537ddbcf,,1
369,4,24672265,0x7c3e1f00000001f0f8027,39,0 60 17,38,22,4 7 19 22 25 64 67 79 82 85 124 127 139 142 145 184 187 199 202 205 244 247,0x51482a1086d01dd8961b4aa51d1db5ba69cb1a07a6d1a73acaddbc2293098d28,,1
369,5,24832859,0x7c3e00000003e1f0f801d,29,0 50 7,77,41,3 4 6 7 10 21 22 24 25 63 64 66 67 70 81 82 84 85 123 124 126 127 130 141 142 144 145 183 184 186 187 190 201 202 204 205 243 244 246 247 250,0x12fe59c5f01d0ec444a9db2f4018cca74a75b57153936d124bb1f401233a686a,,1
369,6,24991678,0x7c00000007c3e1f0f8033,51,0 8 29,71,39,0 4 7 9 10 12 13 25 60 64 67 69 70 72 73 85 120 124 127 129 130 132 133 145 180 184 187 189 190 192 193 205 240 244 247 249 250 252 253,0x47ec6378589142f2e9759f6b8404ca4f6453c729b9756669b41180abd36507a8,,1
370,1,23817597,0x26c0000000000000000000000000032,50,0 7 28,5,4,37 97 157 217,0x54185d4924cbe96e3b6bbca5926002f6a2dcce9676db33806ffd0d359546465a,,1
370,2,24035971,0xf80000000f80000000f80000000f80000000f8009,9,0 30 51,40,25,4 16 28 39 40 52 64 76 88 99 100 112 124 136 148 159 160 172 184 196 208 219 220 232 244,0x571c9343bc7e6a3599ca631c5cdf762df4d22f381bf70c94d872bb61cebe0491,,1
370,3,24379290,0x7c3e1f0f87c0000000021,33,0 54 11,43,26,13 15 16 19 22 25 73 75 76 79 82 85 133 135 136 139 142 145 193 195 196 199 202 205 253 255,0x9969ec0a44dffb5bbc68add156fd92a0ff02f1ea867ee2a2e1a83dd8f2bb2c06,,1
370,4,24379335,0x7c3e1f0f87c0000000031,49,0 6 27,67,38,12 13 16 18 19 21 22 24 25 72 73 76 78 79 81 82 84 85 132 133 136 138 139 141 142 144 145 192 193 196 198 199 201 202 204 205 252 253,0xd4f1dd9f8f9b7704ee227ea41594b071f9219e2775515262cd0844edbe387b4c,,1
370,5,24379349,0x7c3e1f0f87c0000000027,39,0 60 17,43,26,13 15 16 19 22 25 73 75 76 79 82 85 133 135 136 139 142 145 193 195 196 199 202 205 253 255,0x9a9c58195e7b7d0f3d37cdc4e9e54ea58c23a4eae9bbecdddbda7af1999cede8,,1
370,6,24495808,0x7c3e1f0f80000000f803a,58,0 15 36,79,43,0 3 4 16 18 19 21 22 24 25 60 63 64 76 78 79 81 82 84 85 120 123 124 136 138 139 141 142 144 145 180 183 184 196 198 199 201 202 204 205 240 243 244,0x13ed70eb84ee26f8a4547851011d37ada9b28f5b569722ebc614bc2c0c6b6826,,1
370,7,24661947,0x7c3e1f00000001f0f800f,15,0 36 57,38,22,4 7 19 22 25 64 67 79 82 85 124 127 139 142 145 184 187 199 202 205 244 247,0xac13ca53a19891fc186885a11cb1589607aeb1640bc4f3aede2b394a63653495,,1
370,8,24776585,0x7c3e1f00000001f0f8007,7,0 28 49,79,44,3 4 6 7 18 19 21 22 24 25 63 64 66 67 78 79 81 82 84 85 123 124 126 127 138 139 141 142 144 145 183 184 186 187 198 199 201 202 204 205 243 244 246 247,0xb6bd88b3c2db332819c63e153390de474f5719524f20949d85072e13dcea0ca3,,1
370,9,24824594,0x7c3e00000003e1f0f8001,1,0 22 43,57,31,4 7 10 22 23 25 26 64 67 70 82 83 85 86 124 127 130 142 143 145 146 184 187 190 202 203 205 206 244 247 250,0xacf69c4284023dba91a829efae2c461a231f54716ce4ca4c20cc2ba0e84f610a,,1
370,10,24924934,0x7c3e00000003e1f0f802e,46,0 3 24,86,46,3 4 6 7 9 10 21 22 24 25 63 64 66 67 69 70 81 82 84 85 123 124 126 127 129 130 141 142 144 145 183 184 186 187 189 190 201 202 204 205 243 244 246 247 249 250,0xbe7072dc535b877b54c864866ec64a5931fd9c1608a83db8872fd351d1afc264,,1
371,1,23865215,0x3f80000003f80000003f80000003f80000003f801e,30,0 51 8,35,21,4 16 28 40 52 64 76 88 100 112 124 136 148 160 172 184 196 208 220 232 244,0xf9bc983994ba0d7b78b90d0a9891c9837492b630e08f4102ba95444ee7c23e6a,,1
371,2,23865418,0xf80000000f80000000f80000000f80000000f8009,9,0 30 51,68,43,3 4 15 16 27 28 39 40 51 52 63 64 75 76 87 88 99 100 111 112 123 124 135 136 147 148 159 160 171 172 183 184 195 196 207 208 219 220 231 232 243 244 255,0x39fbad40ad7631edcabb536acea08bc657c7d8407d91ceef40b8fde8a2d34dc4,,1
371,3,23868131,0x3f80000003f80000003f80000003f80000003f8022,34,0 55 12,66,42,4 5 16 17 28 29 40 41 52 53 64 65 76 77 88 89 100 101 112 113 124 125 136 137 148 149 160 161 172 173 184 185 196 197 208 209 220 221 232 233 244 245,0x4e6de66d01579c9eed4a93c1615a901b596e4b7b2cb63891d9a7f73856615728,,1
371,4,23868204,0x3f80000003f80000003f80000003f80000003f8018,24,0 45 2,68,43,3 4 15 16 27 28 39 40 51 52 63 64 75 76 87 88 99 100 111 112 123 124 135 136 147 148 159 160 171 172 183 184 195 196 207 208 219 220 231 232 243 244 255,0x186f919eb02c596ee0a32a1fd58b52d145eae4c109e486b212ff4a80cec07b8c,,1
371,5,23870786,0xff000000000003fc00ff7fbfc000000000000000003b,59,0 16 37,75,52,25 26 27 28 29 30 31 32 37 38 54 55 56 85 86 87 88 89 90 91 92 97 98 114 115 116 145 146 147 148 149 150 151 152 157 158 174 175 176 205 206 207 208 209 210 211 212 217 218 234 235 236,0x624d4f1f4f9907138c778a9a80faba43c2ea36b5949ed38bffe9ab1d727c0a6d,,1
372,1,23906032,0xf80000000f80000000f80000000f80000000f802e,46,0 3 24,35,21,4 16 28 40 52 64 76 88 100 112 124 136 148 160 172 184 196 208 220 232 244,0x59d242a45ad7b2041297ee324c5f0bd34fb0b0ae457748fd13f1b7d0dca1afa9,,1
372,2,24305502,0x7c3e1f0f87c000000003b,59,0 16 37,43,26,13 15 16 19 22 25 73 75 76 79 82 85 133 135 136 139 142 145 193 195 196 199 202 205 253 255,0xd08187b6c62bcca49182cafea3b3d890d4ae114e9a986dcf76f2a31b125874e1,,1
372,3,24574553,0x7c3e1f0f80000000f8027,39,0 60 17,69,38,3 4 16 18 19 21 22 24 25 63 64 76 78 79 81 82 84 85 123 124 136 138 139 141 142 144 145 183 184 196 198 199 201 202 204 205 243 244,0xa9cec9d81fa9103a6385c0dc9b4c459504b262a90c372be049c53829537ddbcf,,1
372,4,24903517,0x7c3e00000003e1f0f8034,52,0 9 30,43,23,4 7 10 22 25 64 67 70 82 85 124 127 130 142 145 184 187 190 202 205 244 247 250,0xe672c3b3ae02cdbcf279ef8c5d9923537b27989517b50d92df180a7c6a4156c1,,1
373,1,23972166,0xf8000,0,0 21 42,9,5,4 64 124 184 244,0x75d24ebcdf5e95a5dae6cb424a0865c25f593b2cc23b44e8c7e4115d71a8205a,,1
373,2,24375070,0x7c3e1f0f87c000000003b,59,0 16 37,35,21,13 16 19 22 25 73 76 79 82 85 133 136 139 142 145 193 196 199 202 205 253,0x1774bc5202e49c0f9ab7ba552ea7445cc438b07f66b77fb92891a59259382aa4,,1
373,3,24471370,0x7c3e1f0f87c0000000021,33,0 54 11,75,43,12 13 15 16 18 19 21 22 24 25 72 73 75 76 78 79 81 82 84 85 132 133 135 136 138 139 141 142 144 145 192 193 195 196 198 199 201 202 204 205 252 253 255,0x1dd38087c861be2c14caa65ff0f5db14f37c91773193ec9d02105f275fc2bee4,,1
373,4,24581400,0x7c3e1f0f80000000f8003,3,0 24 45,46,26,3 4 16 19 22 25 63 64 76 79 82 85 123 124 136 139 142 145 183 184 196 199 202 205 243 244,0x98d26e931f4522c2f4b301f67a996a12594747c90a98dda8b51c51afd1f82b1f,,1
373,5,24673605,0x7c3e1f00000001f0f8039,57,0 14 35,61,34,4 7 18 19 21 22 24 25 64 67 78 79 81 82 84 85 124 127 138 139 141 142 144 145 184 187 198 199 201 202 204 205 244 247,0x98a7159450632ae1f30e3d1bc78f9c17d14ef3a3952d61a85bd4c9f67d4e7455,,1
374,1,24036191,0x1fe00000000000000000000000000000003fdfeff7f8039,57,0 14 35,114,63,4 5 6 7 8 9 10 11 12 13 14 58 59 64 65 66 67 68 69 70 71 72 73 74 118 119 124 125 126 127 128 129 130 131 132 133 134 178 179 184 185 186 187 188 189 190 191 192 193 194 238 239 244 245 246 247 248 249 250 251 252 253 254,0x5b4560c0347e18409d0700e3ffb6c157a70488609e65eedf823c573a686d385f,,1
374,2,24495830,0x7c3e1f0f80000000f8033,51,0 8 29,54,31,3 4 15 16 19 22 25 63 64 75 76 79 82 85 123 124 135 136 139 142 145 183 184 195 196 199 202 205 243 244 255,0x632662ecf85049a07a770c6d3f8225064341e79d7315f2ecc9dcf770addd6e91,,1
374,3,24661958,0x7c3e1f00000001f0f8039,57,0 14 35,61,34,4 7 18 19 21 22 24 25 64 67 78 79 81 82 84 85 124 127 138 139 141 142 144 145 184 187 198 199 201 202 204 205 244 247,0x400ce7d4f00434a7f30f8499a38d18a66e633b10af5a1afa774f0f8e653c1ed3,,1
374,4,24776597,0x7c3e1f00000001f0f8027,39,0 60 17,56,32,3 4 6 7 19 22 25 63 64 66 67 79 82 85 123 124 126 127 139 142 145 183 184 186 187 199 202 205 243 244 246 247,0x976a498b9923626ebcef5fd9191005f127c9474cefbb41253536f49fe4a7c9d9,,1
374,5,24824607,0x7c3e00000003e1f0f801d,29,0 50 7,69,36,0 4 7 10 21 22 24 25 60 64 67 70 81 82 84 85 120 124 127 130 141 142 144 145 180 184 187 190 201 202 204 205 240 244 247 250,0x4f7d4f216977fe1a590745b18c2373cb993150e7441f0e5f6e0f33227df6a7ee,,1
374,6,24924941,0x7c3e00000003e1f0f802a,42,0 63 20,70,38,3 4 6 7 9 10 22 25 63 64 66 67 69 70 82 85 123 124 126 127 129 130 142 145 183 184 186 187 189 190 202 205 243 244 246 247 249 250,0xa2c892491eaf5235257f88c9e9166372189d4986c523ff966053ef42f06a6b2d,,1
375,1,24456303,0x7c3e1f0f87c000000003c,60,0 17 38,35,21,13 16 19 22 25 73 76 79 82 85 133 136 139 142 145 193 196 199 202 205 253,0xb33848b985ab015276777f493b081c01e7044f0396f9c82ebd9a86efc4d56122,,1
375,2,24489994,0x7c3e1f0f80000000f8033,51,0 8 29,67,38,4 15 16 18 19 21 22 24 25 64 75 76 78 79 81 82 84 85 124 135 136 138 139 141 142 144 145 184 195 196 198 199 201 202 204 205 244 255,0x62deeb9448a6e1ded14d5222cfc3254fd3841d885c0c26fab2efe0b4fcb34493,,1
375,3,24715170,0x7c3e1f00000001f0f8039,57,0 14 35,48,27,3 4 7 19 22 25 63 64 67 79 82 85 123 124 127 139 142 145 183 184 187 199 202 205 243 244 247,0x2052d3a7830756d7e4ea1a5660f1b1e70845ea7b9e739b0d5b93ecf54d32aab6,,1
376,1,24460062,0x7c3e1f0f87c000000003c,60,0 17 38,35,21,13 16 19 22 25 73 76 79 82 85 133 136 139 142 145 193 196 199 202 205 253,0xb33848b985ab015276777f493b081c01e7044f0396f9c82ebd9a86efc4d56122,,1
376,2,24490007,0x7c3e1f0f80000000f8033,51,0 8 29,67,38,4 15 16 18 19 21 22 24 25 64 75 76 78 79 81 82 84 85 124 135 136 138 139 141 142 144 145 184 195 196 198 199 201 202 204 205 244 255,0x62deeb9448a6e1ded14d5222cfc3254fd3841d885c0c26fab2efe0b4fcb34493,,1
376,3,24493364,0x7c3e1f0f80000000f8027,39,0 60 17,46,26,3 4 16 19 22 25 63 64 76 79 82 85 123 124 136 139 142 145 183 184 196 199 202 205 243 244,0xa3ff9456a26fb033bb6615af3f2216f95d0fb248b6696e0434a9227c231cfa63,,1
376,4,24715181,0x7c3e1f00000001f0f8027,39,0 60 17,61,34,4 7 18 19 21 22 24 25 64 67 78 79 81 82 84 85 124 127 138 139 141 142 144 145 184 187 198 199 201 202 204 205 244 247,0x77cecd7eb75108c707c4b88a54aa1db357d7936478091aa9c106846419b43440,,1
376,5,24715466,0x7c3e1f00000001f0f8039,57,0 14 35,66,37,0 3 4 6 7 19 22 25 60 63 64 66 67 79 82 85 120 123 124 126 127 139 142 145 180 183 184 186 187 199 202 205 240 243 244 246 247,0xecba39e36a5b8b4165dfa51969b43107f57be7528a05fe42c138101b4bf197ed,,1
377,1,24844016,0x7c3e00000003e1f0f803e,62,0 19 40,43,23,4 7 10 22 25 64 67 70 82 85 124 127 130 142 145 184 187 190 202 205 244 247 250,0xb9b9cfa750d36db668f583658c92b274d38274dbd6e82363bd00fb09e611f6c0,,1
378,1,24496451,0x7c3e1f0f80000000f8033,51,0 8 29,36,21,4 16 19 22 25 64 76 79 82 85 124 136 139 142 145 184 196 199 202 205 244,0x4bd49a46dc9ec2e7a4d12be2aafc3bd3ba12c594ee10b02d8baca8ae76a124d9,,1
378,2,24661966,0x7c3e1f00000001f0f803c,60,0 17 38,71,39,3 4 7 18 19 21 22 24 25 63 64 67 78 79 81 82 84 85 123 124 127 138 139 141 142 144 145 183 184 187 198 199 201 202 204 205 243 244 247,0x30d7dac8aaddaa07ef076ac25ccff17ce7db1b636e363461475e243e893452e6,,1
378,3,24776610,0x7c3e1f00000001f0f8039,57,0 14 35,46,27,4 6 7 19 22 25 64 66 67 79 82 85 124 126 127 139 142 145 184 186 187 199 202 205 244 246 247,0x9b81d258a84c5f9f9bbabb3d040375afabd4e75efd10614af3de0d62948869f3,,1
378,4,24824619,0x7c3e00000003e1f0f8034,52,0 9 30,79,41,0 3 4 7 10 21 22 24 25 60 63 64 67 70 81 82 84 85 120 123 124 127 130 141 142 144 145 180 183 184 187 190 201 202 204 205 240 243 244 247 250,0x7dfce397a67ea7a2e65149f2bb71cc67d9afb95a2ce154755e70428b7386dde5,,1
378,5,24924947,0x7c3e00000003e1f0f801d,29,0 50 7,60,33,4 6 7 9 10 22 25 64 66 67 69 70 82 85 124 126 127 129 130 142 145 184 186 187 189 190 202 205 244 246 247 249 250,0x1f27d289af2744785b6618168563e8c305d31c825a97befe36cbf3088bb8a51e,,1
379,1,24496550,0x7c3e1f0f80000000f8033,51,0 8 29,36,21,4 16 19 22 25 64 76 79 82 85 124 136 139 142 145 184 196 199 202 205 244,0x5f9d3ba54aafde00f139ad31b726f127440f6d837ee167c1dd9a19fc07339595,,1
379,2,24661978,0x7c3e1f00000001f0f803c,60,0 17 38,71,39,3 4 7 18 19 21 22 24 25 63 64 67 78 79 81 82 84 85 123 124 127 138 139 141 142 144 145 183 184 187 198 199 201 202 204 205 243 244 247,0x8f049541c2eaa36fc40d5ac911a5ebce3567549c3cb15a66b650d16227e8863f,,1
379,3,24776622,0x7c3e1f00000001f0f8039,57,0 14 35,46,27,4 6 7 19 22 25 64 66 67 79 82 85 124 126 127 139 142 145 184 186 187 199 202 205 244 246 247,0xa7909f1082321365a8e77cbee4dba7cbb579e2f349e81680a5dc70f9173ffc2d,,1
379,4,24824632,0x7c3e00000003e1f0f8034,52,0 9 30,79,41,0 3 4 7 10 21 22 24 25 60 63 64 67 70 81 82 84 85 120 123 124 127 130 141 142 144 145 180 183 184 187 190 201 202 204 205 240 243 244 247 250,0x539e5a345ba2d0aa4f2c69088b73134fe40af64e43d89e5beaf6eca86845275b,,1
379,5,24924953,0x7c3e00000003e1f0f801d,29,0 50 7,60,33,4 6 7 9 10 22 25 64 66 67 69 70 82 85 124 126 127 129 130 142 145 184 186 187 189 190 202 205 244 246 247 249 250,0xbe4b015b5df7fc01b6126fe616c3aba7113a3a6ac60563f73f6a49df8477ad39,,1
380,1,24498581,0x7c3e1f0f80000000f8033,51,0 8 29,36,21,4 16 19 22 25 64 76 79 82 85 124 136 139 142 145 184 196 199 202 205 244,0x951a944f8f466d84ed0825049fd112a911eb386a7574a1fac1d9b4693e0043d9,,1
380,2,24670010,0x7c3e1f00000001f0f803c,60,0 17 38,71,39,3 4 7 18 19 21 22 24 25 63 64 67 78 79 81 82 84 85 123 124 127 138 139 141 142 144 145 183 184 187 198 199 201 202 204 205 243 244 247,0x0bef47290aa9f4e6297ebf0289be8fdccd6df8d4e9ac2226b96a0a4973ae23c9,,1
380,3,24827654,0x7c3e00000003e1f0f802d,45,0 2 23,51,28,4 6 7 10 22 25 64 66 67 70 82 85 124 126 127 130 142 145 184 186 187 190 202 205 244 246 247 250,0x0623f54dd9be767cfe47fe21fcc2f10783523f3dbe55f739649b4a7761dd397f,,1
380,4,24986909,0x7c00000007c3e1f0f800c,12,0 33 54,70,38,3 4 7 9 10 13 24 25 63 64 67 69 70 73 84 85 123 124 127 129 130 133 144 145 183 184 187 189 190 193 204 205 243 244 247 249 250 253,0x8ce98d42aa234d803a66ff438fefac457756a17e40856c6566cf2b04b79f4f6a,,1
381,1,24715190,0x7c3e1f00000001f0f802f,47,0 4 25,38,22,4 7 19 22 25 64 67 79 82 85 124 127 139 142 145 184 187 199 202 205 244 247,0x16df0e3ca3d2dcaa464e12d276b312cb36a4dfcd6e984fbd5631cfa1619e0498,,1
383,1,24553491,0x7c3e1f0f80000000f8033,51,0 8 29,36,21,4 16 19 22 25 64 76 79 82 85 124 136 139 142 145 184 196 199 202 205 244,0x951a944f8f466d84ed0825049fd112a911eb386a7574a1fac1d9b4693e0043d9,,1
384,1,24609340,0x7c3e1f0f80000000f8033,51,0 8 29,36,21,4 16 19 22 25 64 76 79 82 85 124 136 139 142 145 184 196 199 202 205 244,0x951a944f8f466d84ed0825049fd112a911eb386a7574a1fac1d9b4693e0043d9,,1
384,2,24868215,0x7c3e00000003e1f0f803a,58,0 15 36,69,36,3 4 7 10 21 22 24 25 63 64 67 70 81 82 84 85 123 124 127 130 141 142 144 145 183 184 187 190 201 202 204 205 243 244 247 250,0x519147137930ced7f710b02b133c20a7d41a032fe77f281d45fb704034f839e5,,1
385,1,24664573,0x7c3e1f00000001f0f802f,47,0 4 25,38,22,4 7 19 22 25 64 67 79 82 85 124 127 139 142 145 184 187 199 202 205 244 247,0xfb70ffbe54987f45bf85583a5fe14f4ce91912c12854995092eafd2cee56f0b7,,1
385,2,24899944,0x7c3e00000003e1f0f803a,58,0 15 36,77,41,3 4 6 7 10 21 22 24 25 63 64 66 67 70 81 82 84 85 123 124 126 127 130 141 142 144 145 183 184 186 187 190 201 202 204 205 243 244 246 247 250,0x86d47baa2c899b3af483138ee8bef46b2b4f594339be6dc86d4bb6ead74bd25f,,1
386,1,24670700,0x7c3e1f00000001f0f802f,47,0 4 25,38,22,4 7 19 22 25 64 67 79 82 85 124 127 139 142 145 184 187 199 202 205 244 247,0xfb70ffbe54987f45bf85583a5fe14f4ce91912c12854995092eafd2cee56f0b7,,1
386,2,24670776,0x7c3e1f00000001f0f803c,60,0 17 38,79,44,3 4 6 7 18 19 21 22 24 25 63 64 66 67 78 79 81 82 84 85 123 124 126 127 138 139 141 142 144 145 183 184 186 187 198 199 201 202 204 205 243 244 246 247,0xca2b30a22a7985264ff801c1706fdccd9356d8290223ff5c1e7ab6eae80c2d75,,1
386,3,24670826,0x7c3e1f00000001f0f8039,57,0 14 35,38,22,4 7 19 22 25 64 67 79 82 85 124 127 139 142 145 184 187 199 202 205 244 247,0x8c05ae5335f68efb355eb70e58bab7a56657c5d990e6e693f7efcc06587f2826,,1
386,4,24813184,0x7c3e00000003e1f0f8034,52,0 9 30,87,46,0 3 4 6 7 10 21 22 24 25 60 63 64 66 67 70 81 82 84 85 120 123 124 126 127 130 141 142 144 145 180 183 184 186 187 190 201 202 204 205 240 243 244 246 247 250,0xfb38e1f563c7a3fedcd699029629d0c4ee80aad29852343acb4ab725ca7ee1fb,,1
386,5,24813238,0x7c3e00000003e1f0f801d,29,0 50 7,52,28,4 7 9 10 22 25 64 67 69 70 82 85 124 127 129 130 142 145 184 187 189 190 202 205 244 247 249 250,0xd8a113358fefa00a32cd43885b265dcdd2bb485283f8359a373c91f1bd52da19,,1
386,6,24842177,0x7c3e00000003e1f0f802a,42,0 63 20,77,41,3 4 6 7 10 21 22 24 25 63 64 66 67 70 81 82 84 85 123 124 126 127 130 141 142 144 145 183 184 186 187 190 201 202 204 205 243 244 246 247 250,0x8c7dc4d47a393e0042e9e4811e1143c78564303b1f66d3ef256c6ab1543b8f18,,1
386,7,24970308,0x7c3e00000003e1f0f8018,24,0 45 2,86,46,4 5 7 8 9 10 22 23 25 26 64 65 67 68 69 70 82 83 85 86 124 125 127 128 129 130 142 143 145 146 184 185 187 188 189 190 202 203 205 206 244 245 247 248 249 250,0x516f150d05ec5bc302ebc585fc6b6db81c11661e06e096036422fbbad5f221a3,,1
386,8,24970325,0x7c3e00000003e1f0f8035,53,0 10 31,77,41,3 4 6 7 10 21 22 24 25 63 64 66 67 70 81 82 84 85 123 124 126 127 130 141 142 144 145 183 184 186 187 190 201 202 204 205 243 244 246 247 250,0x2f6de0f3c831cab78efe49392e33daa6e8cff1c8b06c17d0d858d36d262ef26c,,1
386,9,24970343,0x7c3e00000003e1f0f8001,1,0 22 43,52,28,4 7 9 10 22 25 64 67 69 70 82 85 124 127 129 130 142 145 184 187 189 190 202 205 244 247 249 250,0x735d775f64a06ef2fca318cd49eaf8453e724a010bc63b2cd14476d18a6e0eb1,,1
387,1,24717436,0x7c3e1f00000001f0f802f,47,0 4 25,38,22,4 7 19 22 25 64 67 79 82 85 124 127 139 142 145 184 187 199 202 205 244 247,0xfb70ffbe54987f45bf85583a5fe14f4ce91912c12854995092eafd2cee56f0b7,,1
388,1,24777053,0x7c3e1f00000001f0f802f,47,0 4 25,38,22,4 7 19 22 25 64 67 79 82 85 124 127 139 142 145 184 187 199 202 205 244 247,0xfb70ffbe54987f45bf85583a5fe14f4ce91912c12854995092eafd2cee56f0b7,,1
388,2,24824645,0x7c3e00000003e1f0f803a,58,0 15 36,77,41,3 4 6 7 10 21 22 24 25 63 64 66 67 70 81 82 84 85 123 124 126 127 130 141 142 144 145 183 184 186 187 190 201 202 204 205 243 244 246 247 250,0x86d47baa2c899b3af483138ee8bef46b2b4f594339be6dc86d4bb6ead74bd25f,,1
388,3,24924959,0x7c3e00000003e1f0f802d,45,0 2 23,52,28,4 7 9 10 22 25 64 67 69 70 82 85 124 127 129 130 142 145 184 187 189 190 202 205 244 247 249 250,0x9955928034afba57ed121e971c7e6ccfad74f9037adf5e601bb62135e94e6bd6,,1
389,1,24815293,0x7c3e00000003e1f0f803e,62,0 19 40,43,23,4 7 10 22 25 64 67 70 82 85 124 127 130 142 145 184 187 190 202 205 244 247 250,0x4bbc339ff76fd67535fface8fe785aee726277e89ee82591b04949accf6fb35d,,1
389,2,24815337,0x7c3e00000003e1f0f803a,58,0 15 36,86,46,3 4 6 7 9 10 21 22 24 25 63 64 66 67 69 70 81 82 84 85 123 124 126 127 129 130 141 142 144 145 183 184 186 187 189 190 201 202 204 205 243 244 246 247 249 250,0x61e60c32e643f24989d4bedcdf002e087986cc0f252d6a9943bc9b4651531a91,,1
389,3,24815364,0x7c3e00000003e1f0f802d,45,0 2 23,43,23,4 7 10 22 25 64 67 70 82 85 124 127 130 142 145 184 187 190 202 205 244 247 250,0x202ce54d57d906cf8470d7cc4a368a638e645a54add1903ecddb4e4b5eada4e4,,1
389,4,24970366,0x7c3e00000003e1f0f8034,52,0 9 30,96,51,0 3 4 6 7 9 10 21 22 24 25 60 63 64 66 67 69 70 81 82 84 85 120 123 124 126 127 129 130 141 142 144 145 180 183 184 186 187 189 190 201 202 204 205 240 243 244 246 247 249 250,0xee062e9b5ae82d9007c98686d7837497c11df6c23b366d07979a64dda4bf1928,,1
389,5,24970384,0x7c3e00000003e1f0f801d,29,0 50 7,43,23,4 7 10 22 25 64 67 70 82 85 124 127 130 142 145 184 187 190 202 205 244 247 250,0x5434558c5d38bcd5b874719023fe48bee8b60c668a3eba07a04e844e4676c638,,1
390,1,24862346,0x7c3e00000003e1f0f803e,62,0 19 40,43,23,4 7 10 22 25 64 67 70 82 85 124 127 130 142 145 184 187 190 202 205 244 247 250,0xf397bc56f5d9efc903fd1474281da7c4879f9a82a9a60675fb654a8dc99480b3,,1
390,2,24982730,0x7c00000007c3e1f0f800d,13,0 34 55,80,44,3 4 6 7 9 10 13 24 25 63 64 66 67 69 70 73 84 85 123 124 126 127 129 130 133 144 145 183 184 186 187 189 190 193 204 205 243 244 246 247 249 250 253 148380,0xae3e2e30ffe093746941e6a5b3d75f0485eec522d63985ae56db5002e5d3270d,148380,1
390,3,24987654,0x7c00000007c3e1f0f8008,8,0 29 50,52,29,4 7 10 12 13 25 64 67 70 72 73 85 124 127 130 132 133 145 184 187 190 192 193 205 244 247 250 252 253,0x2fbb15fc5ad2df5e34460ec1cfb702a74997f929ba30de10ecf080c92b67cfae,,1
394,1,24980587,0x7c3e00000003e1f0f803e,62,0 19 40,43,23,4 7 10 22 25 64 67 70 82 85 124 127 130 142 145 184 187 190 202 205 244 247 250,0xb9b9cfa750d36db668f583658c92b274d38274dbd6e82363bd00fb09e611f6c0,,1
395,1,24949751,0x7c3e00000003e1f0f803e,62,0 19 40,43,23,4 7 10 22 25 64 67 70 82 85 124 127 130 142 145 184 187 190 202 205 244 247 250,0xf397bc56f5d9efc903fd1474281da7c4879f9a82a9a60675fb654a8dc99480b3,,1
395,2,24950916,0x7c3e00000003e1f0f803a,58,0 15 36,86,46,3 4 6 7 9 10 21 22 24 25 63 64 66 67 69 70 81 82 84 85 123 124 126 127 129 130 141 142 144 145 183 184 186 187 189 190 201 202 204 205 243 244 246 247 249 250,0xae54778a8c7bef72d6588d8405d4940de8e80792111a8c3bd72566a46c12a60f,,1
395,3,24952272,0x7c3e00000003e1f0f802d,45,0 2 23,43,23,4 7 10 22 25 64 67 70 82 85 124 127 130 142 145 184 187 190 202 205 244 247 250,0x0f59fdbec2fcef74561ca35f2c6a6e51436d584022bb63b825e889d952e81683,,1
396,1,24993154,0x7c00000007c3e1f0f800f,15,0 36 57,43,24,4 7 10 13 25 64 67 70 73 85 124 127 130 133 145 184 187 190 193 205 244 247 250 253,0x26d40d500ba68fa5c408c3dc20cb161dbd4e3f9e320a62c0ec59e1ff56644b08,,1
396,2,24993784,0x7c00000007c3e1f0f800d,13,0 34 55,89,49,3 4 6 7 9 10 12 13 24 25 63 64 66 67 69 70 72 73 84 85 123 124 126 127 129 130 132 133 144 145 183 184 186 187 189 190 192 193 204 205 243 244 246 247 249 250 252 253 148380,0x199e9c64cfe585d78819be6af4dcd767164aedd0fa4e03840541ed292ea238fd,148380,1
396,3,24993829,0x7c00000007c3e1f0f8008,8,0 29 50,43,24,4 7 10 13 25 64 67 70 73 85 124 127 130 133 145 184 187 190 193 205 244 247 250 253,0x3c5e7fcea49edcb0d0290f8f3bfdbd1fa7e7edb6c996555fd11612c8729d2618,,1
397,1,24993681,0x7c00000007c3e1f0f800f,15,0 36 57,43,24,4 7 10 13 25 64 67 70 73 85 124 127 130 133 145 184 187 190 193 205 244 247 250 253,0x26d40d500ba68fa5c408c3dc20cb161dbd4e3f9e320a62c0ec59e1ff56644b08,,1
397,2,24994803,0x7c00000007c3e1f0f800d,13,0 34 55,89,49,3 4 6 7 9 10 12 13 24 25 63 64 66 67 69 70 72 73 84 85 123 124 126 127 129 130 132 133 144 145 183 184 186 187 189 190 192 193 204 205 243 244 246 247 249 250 252 253 148380,0xb66aa96491938185ad52699cb7bf7cc8513557768ef80c9eb76eb8dc4dc2a561,148380,1
397,3,24994969,0x7c00000007c3e1f0f8008,8,0 29 50,43,24,4 7 10 13 25 64 67 70 73 85 124 127 130 133 145 184 187 190 193 205 244 247 250 253,0x7a73e0699abfe4593b0b8202c401a1b24565bddfae3f552265ca52bcc4ca45bf,,1
