fly,block,owner,brain,parent_blockhash,seed,alleles,eyes,body,wings,size,genome
1,22821848,0x5e7293bbccad7d606add851b1a8887c02d0102ab,0xfad08c6c78c22964c0efcf232f56c0a202c90929,0x390c6377495a0627745e5f7fd20727ab914a38a44b01945932f497978913e638,0x83ce3611512ba6082f3fc2d55dbd8bcd9563415f0b8b0ef11955aecc8466a271,29,white,yellow,vestigial,large,4ccaead4 00000000 00000000 00000000 9516a77a 9b26c8ee 13087921 00000000 00000000 fba487a1 00000000 00000000 00000000 bacfaea5 00000000 7b599ebd 00000000 8ca63b64 14f8afe2 00000000 00000000 e3b8890c eaba8fb6 00000000 00000000 00000000 9683098f 00000000 00000000 00000000 00000000 210c86fe 00000000 00000000 88be7037 37455437 00000000 00000000 db77c9b9 9177856c 00000000 3e3dfe57 af533003 483cdcc4 00000000 e31e3c48 00000000 c778ec78 c435b897 00000000 1caa4a7c 00000000 fdce78e7 00000000 b06923bc 00000000 02038171 00000000 00000000 fb16ea4b df11e84d 00000000 00000000 00000000
2,22823512,0xb1368c0b6e4dafbb5375c121df88154a3f72b299,0x40c5ea7253258be44681407c0f2e4536062dfebd,0x1b481a7ad9de3f992e1e310708c19cc0a43684613bc640a8a8bd8b0d3b355119,0x2ba5845f6c332ef80b05547b5c081750613d80b530ca180adf8b2ea21aada4b8,33,brown,ebony,curly,small,00000000 00000000 00000000 cfa69843 1d35f62e 8f2d30d0 00000000 635aef64 00000000 00000000 0a060f8e 00000000 00000000 0e6fe2e9 00000000 dc8fba55 e6b82b5f 00000000 3ae30307 f3cd8803 00000000 d74ab1f5 00000000 d0490b62 00000000 be9f4fc7 00000000 167e2c37 a5bbd33b 00000000 00000000 00000000 00000000 c1f37363 00000000 00000000 00000000 66164efd 00000000 6636f8ab 00000000 b86bcc0e 57caee42 64047295 00000000 117665ee 00000000 00000000 2af43de2 2bf6c020 00000000 97614e55 00000000 00000000 00000000 65f9e258 a69cd242 4d196684 f848b8cb d4814cd9 d0d2e3f6 00000000 fd910f75 b5bfc84f
3,22824758,0x734617dec820db2cfb6dc750efa08ef30dc9236f,0x73a9ac7d3b876cac8320227acde32b7a4dd036b2,0x84a1ac22f37d42a8d6d2e508e2b3543266c57976432edcb255fc87779940ad86,0xd6d5a445eaf05536f71cc8de92dae1cc1ba6b7b680d60f99ebc94fe23389db82,34,white,yellow,vestigial,large,00000000 11870ef3 00000000 00000000 00000000 00000000 00000000 c50836f1 8abb61cc 0be04180 00000000 df79bda0 b162aac8 00000000 5404e624 34bbb86a 2e2556f9 00000000 00000000 12675647 00000000 00000000 00000000 8f20199f 740ff2ae e74a022c 00000000 00000000 ae0d7c56 1636e8b0 00000000 00000000 00000000 7ec92cc7 00000000 00000000 00000000 3219ad6f e30a3d3e c9e5ed97 74af4896 bb49d89d 2bea1d30 cafb1d9d 00000000 00000000 716e0098 00000000 7f806c74 00000000 00000000 8aa93ffe 00000000 00000000 1242bfef 7e5b2df5 aaec6ccc f3bd056a 00000000 a1b608be 00000000 bf9c7c6c 9ad63b26 c26395db
4,22824964,0x1a3a0e6f222e823cc8d0f39d87042f88ab763872,0x3a67239ac30e2a7912c0a5315cc0a4e8b3f45905,0x348f579b64a86b8c609caf25e7d34d71c172e2e77538870fbf8f74cafdbace1d,0x7b2aa68c3e2a36e7e051caf7ac0103fc2a314de034045bb6ca9cfab3e8b895ff,39,sepia,tan,curly,small,b0b14b31 c8078d9c fd3f8ff4 6c071beb aa8f938d 947a4088 133b7de3 e8884f02 5d89753e 00000000 e2ec7fd1 00000000 429abdc7 00000000 00000000 d7cfc7e0 00000000 00000000 00000000 3c422bd7 871189cf 3d6200cb 00000000 677b0893 00000000 00000000 00000000 44d35086 00000000 cc7ddf9a 5381e15e da758df3 365ade66 d7348255 00000000 00000000 61258524 4d107263 00000000 a808713b 00000000 4521e56c 00000000 dad3c4d3 dd67d8f1 d1f601e4 b2a224eb 546b1d1a 00000000 00000000 126f7152 4a629f2f 17d99252 00000000 00000000 8c60f198 00000000 ab09e493 00000000 547f70eb 00000000 00000000 5688a1d9 db725eab
5,22825012,0x734617dec820db2cfb6dc750efa08ef30dc9236f,0x9d32d535595f7aedf3c3ef323853d3a4892f4b89,0x786856c895a21e6378bd3cbd39ca6025770dbdbe23384f2855c04366d55423f3,0x09bb18a19d00c00757c50ab0f4000ff3d6e807624786ba896ef7e6e6d883f7df,43,brown,ebony,vestigial,large,dfaa4f1f ffc51768 8583c037 6a7ff565 92616e69 00000000 b81a67bb edf56e54 2f6babf6 ec1c72f0 1b4849be 00000000 d909944c 25add535 08906042 300e80b1 dcaef0e6 6c9fb357 00000000 00000000 00000000 00000000 00000000 c192131b 00000000 00000000 00000000 aaa15cd2 3a12c364 00000000 6bd307b8 dd522f2c 00000000 5c23d993 9b80caaf 00000000 00000000 b1bc9c1f e92fa3c5 f8e8e8ac 00000000 89cc9be7 9e22e9a1 00000000 00000000 f1cd9dcc 304c121a c8d1001c df168602 08b2c69e 577f4d7a 00000000 fc52b91d c017d91c 650a672b c8fd9685 00000000 c632f2cb bd49003f d1e0e73b 00000000 1dff45b9 f9b690cf 00000000
6,22825065,0x1a3a0e6f222e823cc8d0f39d87042f88ab763872,0x9812c040447e60e46ea056899013c7303690309f,0x6b008bbcefaad1de1c36e2b8287bf10416e9b8dc26104ba213978f4ff056f6c0,0xef8c4d7a594878dca6b0c4634e1e93d4ae68c0e53ad93fb2f8d2b7049271602d,29,sepia,yellow,curly,large,d7763cfd 00000000 3ea3fbba 574f9fe7 00000000 7ed3427a 00000000 00000000 00000000 00000000 00000000 00000000 00000000 6c3d42a5 2fd676a6 00000000 c1e3dbe9 00000000 00000000 00000000 907be325 6c407ada e4143188 00000000 00000000 19f6da91 00000000 00000000 978bfa69 00000000 00000000 935385a9 00000000 00000000 f0a677f6 00000000 00000000 00000000 00000000 00000000 c52e3de8 82a21cae 180514bd 00000000 68c6bef6 c77cea17 00000000 3d5e9301 00000000 0733b622 00000000 00000000 245b554c 00000000 e550655f 324efbdb 00000000 00000000 00000000 9b3e1836 c5640200 8e643299 0e7cf928 c6b25053
7,22825141,0xb403f53ee827030a8963ce363477e4ea98b2f679,0xf169ed8d6e94fa64ab1a33b7c9a94d74d927b96b,0x6c31b18f24b6ee839bcfa66a98fef662aa285e91970632f0ac8334329bb7b6db,0xf6539eccf1a723ada13e0d872b6fc69fb2e8a91c4cdde7ff3630c22e73c61c36,29,sepia,ebony,vestigial,small,00000000 8e6e2096 a6b914c0 00000000 5a68a424 69d06f94 00000000 00000000 00000000 00000000 034e58a7 9a2dce3a 2cf5ffb8 00000000 00000000 00000000 00000000 d75ca083 df130539 00000000 00000000 00000000 990bb486 9adb46b7 c6527393 dea167bf 00000000 00000000 a67f25f5 80a7953c 006e8245 00000000 00000000 2df5df91 9c759f95 9f628ae5 00000000 f993fecb 00000000 00000000 00000000 236af2f2 00000000 00000000 00000000 00000000 98dfbd0e 9b1b12ec 00000000 00000000 00000000 00000000 42d2bf00 083db102 00000000 00000000 00000000 b637f358 98fae259 00000000 fe77d401 f218cbf0 00000000 00000000
8,22825164,0x734617dec820db2cfb6dc750efa08ef30dc9236f,0x33ebb0d891e9c32f190ccc7563a9c388c9390470,0x5f60714e6021e48db0c580df4c71eee1f58ad0f17bf5a2f4a89bc9b2b28dc73e,0x525fd59a9c764bda350ea4a2ca484b87afb57a7dcc8ac4b6466861da4375ce90,29,vermilion,yellow,curly,large,00000000 00000000 00000000 00000000 7babe815 00000000 00000000 86d00d82 00000000 41f02cf4 697e3688 a241ccf2 00000000 00000000 1ac05228 4ac6ce9c 1fcbf6a6 00000000 0c934bff 00000000 316c227c fda855b2 1a7391a8 00000000 321c52f9 564e1a78 00000000 00000000 00000000 00000000 246dc5ed 00000000 00000000 ee6148bd 00000000 24dc066f 32cdb3dd 00000000 62dedac6 0abe5746 9f70013d 00000000 00000000 00000000 00000000 4c8ab93b bd2d473f 00000000 00000000 00000000 00000000 df1dae2d 00000000 6ad3f439 241b3290 00000000 00000000 9cd0c27d cb344f64 00000000 00000000 00000000 c9a27eb8 00000000
9,22825216,0x9e366c1405f7951431dbdeb53dcd57db342f55c4,0xd8eabce70fb24ea45d0d735c6c083a2e4fc64c18,0x834c5255528fa765b99dac6252c92df861bfd348983ae85972ee1637aee57864,0xf296afc3bc2a8ac9cab32d56f5f8151f0245dc43c181857205aa5b700ce3df39,32,sepia,ebony,vestigial,large,73fc15df 00000000 00000000 c306db19 c17de1d7 aec88e7f 00000000 00000000 77f27640 4f11bd1d 81abb18e e0ba2671 5f2f17c8 00000000 f018bf04 01c38280 77075546 b7671a29 00000000 00000000 00000000 535e8e4d 91f86e51 4ba6c011 00000000 00000000 52afd48e c4e467b9 00000000 00000000 00000000 00000000 00000000 00000000 00000000 00000000 61a54735 2b702786 7fd200d5 00000000 40dfdc15 4ae58fda 00000000 e40b80b7 aa224102 00000000 c3b0da97 00000000 00000000 ae030eef 00000000 71900be3 00000000 07fa1ceb 00000000 a6383b55 208b6d8e 00000000 aa41cca4 00000000 00000000 00000000 00000000 00000000
10,22825267,0xb403f53ee827030a8963ce363477e4ea98b2f679,0x69de3ddcc71b99b64561c1a7d8efa0c41fcc9ef2,0xfd631ec29bfa2e53201a9c8a1c791188715c789d466358dbcee114d5e3a62d1d,0x8a60b70ae611bd1b6fdecd44c2b710f40df2aa09a3ae0ef8051805fcfb740ba9,30,brown,tan,vestigial,large,29b9c10b 00000000 00000000 2dfdb915 00000000 b77f267a 00000000 fd475f20 559cadf9 034d29f0 00000000 71ccae32 00000000 00000000 00000000 00000000 00000000 00000000 f9b51849 00000000 fa1a30b6 480f468c 9c2a88f7 00000000 8b21df14 14e6fd61 00000000 8b5c53d8 2e7cef71 355d8d6c 84bbdd61 ce146aca 00000000 00000000 5032b8b2 306cc0fe 0f02bd32 510a2c9d 02ac9649 0a844fc0 96e0c54a 00000000 04e78420 00000000 00000000 00000000 00000000 00000000 00000000 00000000 00000000 b24eefb8 ece3f449 00000000 00000000 00000000 476c2ec9 00000000 4863553e 00000000 00000000 00000000 00000000 00000000
11,22825372,0x9446792a55da00f69d2c8be9099019934f532f06,0x79ca1748c2c90fe1d38e2a579259fc2cd87631a4,0x66df5c3f298e5633e3b69ec365398fae8b9b883db89b57d8d2aae5f74de51076,0x3ea37811fabba69289a40a36cbddacd094764f3f0bbd9bb9fe0054cfb5009704,27,sepia,yellow,normal,small,00000000 00000000 1dd08660 00000000 00000000 00000000 00000000 00000000 72f9767b 660d8d64 968cf322 00000000 a3a89731 00000000 00000000 8131e8bb 00000000 00000000 00000000 00000000 00000000 00000000 00000000 00000000 ebd5b200 00000000 e29fff4a 00000000 3b27f85b 08cd2013 00000000 ab842b57 c851658c 3c84d541 e6cdf28c 18949b1a 00000000 00000000 698bbdd3 1918ed9f 00000000 00000000 b04e5ce8 00000000 348b8c93 00000000 78c5cb51 00000000 00000000 00000000 00000000 00000000 00000000 00000000 00000000 00000000 00000000 8258af6c 396d79b9 a751043a 4f6a1ae3 a47dfa19 0cf04e04 a8043922
12,22825381,0xb403f53ee827030a8963ce363477e4ea98b2f679,0xb20f75e9a16117273d8e448d4ad6b2a9dfdb65fe,0xf7dc649e1a0ab6f84ed27a79f420ba58686931298ab0cadda70955159ebc1d28,0x0fcd07a5144889b1a0b2420a6a66f339c50b63129e5ec77948998bea7f3824c2,30,brown,yellow,vestigial,small,00000000 357d66fe 00000000 00000000 00000000 00000000 68b81ada 3335cfd5 00000000 00000000 d599b4ea 00000000 00000000 dceadf40 00000000 00000000 00000000 00000000 00000000 65fd28ba d802f424 750f962a 00000000 00000000 6c2c3781 011bec4f 2c9fd02d a627a80e 8329cd56 d7a44399 da65a944 00000000 00000000 634fe8e3 00000000 96e665d3 00000000 9001d462 15a8270a f0e784ed eefe38d2 d476aa38 00000000 4fc2df4e 00000000 00000000 00000000 f0ea3135 65726dca 00000000 00000000 cc232770 25bfec04 00000000 00000000 effb3ea7 00000000 00000000 00000000 478f97bb 00000000 00000000 5f35d59a 00000000
13,22825409,0x34e03f26217597a93d19cecee740af1bc3e85b18,0x1b61b137db35a320e1d6ef9f498aa19526b13c04,0x0f32b5da50fbe2b3853e9061b0e8826b8b35fbc2421f8722bb420a1238f7c0d8,0x1c932020ab26fd74d52901a8e014f99cc1a9be1c6710f94f2344ce63db82be28,30,white,ebony,vestigial,small,00000000 00000000 00000000 d94a3f99 00000000 98724ac2 00000000 00000000 00000000 c21dbfc2 53a447d9 c8808bbd ee2965c4 9f64d2e7 00000000 0688a586 00000000 d390db24 00000000 00000000 00000000 00000000 00000000 95db5d68 83c47ce8 b606ebc1 00000000 228bd93a 7dee37ec 00000000 c8d28b53 ee98d300 4869bbf3 c81ff5a0 00000000 00000000 00000000 f1051944 8512f7f1 00000000 00000000 eeb379c1 4cd1c5e7 0050c9e9 00000000 00000000 ed4ccb1c 55d6a0ed 00000000 00000000 5a87fde3 00000000 00000000 00000000 49068809 00000000 df632350 69c3abb7 00000000 00000000 00000000 0af0d5aa 00000000 00000000
14,22825463,0x1b1829e31d3f85210ea84c2b62f59faa47687c7e,0x7704dc5b25d71e555702d9ac80869058935910cc,0xb58844e6694f96e85bbe0c47e60400a009257531def2d0c702dec89bf3838fb2,0x8c2ba417c87d7ffbcd7507431517f7db2a2633337f504a5ca85e6f8564d5c317,33,brown,tan,dumpy,small,2c6b6665 d2edfc4c 345175a5 00000000 e2deb3db 00000000 00000000 00000000 7f7897ef 03628dbb 00000000 00000000 00000000 00000000 42cc42a9 be891f91 eb5cbcd6 00000000 241ec2b2 00000000 4602917a 00000000 3f856ae0 ed8dd756 00000000 00000000 da19c321 00000000 00000000 5f9c381c 1f1bfb00 00000000 8ed73cf3 00000000 8f165b11 00000000 00000000 00000000 00000000 f883debf ac721a95 a331c289 9944d4aa 69d43534 00000000 340b8e01 0e1ed8f0 00000000 00000000 a36142ae 34dcf668 0d3655fe 954f527e 00000000 33bd8eb6 00000000 00000000 00000000 00000000 932aade5 00000000 726f4050 00000000 728e3b99
15,22825588,0xe6e5a8b9c4a0cd805f06b565b6f2857923cc6b11,0x0d9d51751de4684c6e70c68af94d6aa4b902b398,0xd6645255c8decac6d608ebfc80557290d9e3497c5a6d75ce3211d8ea2ac11bfb,0x8cfbcfebb10483b3bd7b9ef338339a48a4e4ccbc5dbda1793530def189a1365f,33,sepia,tan,vestigial,small,80e7dda3 d91c5551 2eb8aa97 1eaa9dc5 053b7794 00000000 7e113263 00000000 00000000 b409a1bf 2b8e0038 00000000 60c62627 cf796f73 00000000 00000000 f0cc6f98 00000000 00000000 00000000 00000000 273c1c68 00000000 e6abc3d6 4113bbe3 00000000 00000000 77709678 00000000 00000000 00000000 8d20803e c5e654d5 00000000 00000000 00000000 9ff00764 cfb55ed6 a3760d15 f4726cd6 00000000 83a05991 b12e1be7 8cc650ff 37263b8e 00000000 446dd15b 4f2e5c5d 00000000 00000000 00000000 00000000 417c5fba 373974eb 00000000 00000000 2be2d088 00000000 dc3294d0 00000000 085dd062 9ef5a657 00000000 00000000
16,22825683,0xb1368c0b6e4dafbb5375c121df88154a3f72b299,0x8558407c41bf75422e656b85a5d7cdd87b2fa940,0x9f052f6e3f91a8c25eee585cb4b63209126b1f2453645c796b0831759c387160,0x5dc7c59eb1b7061592420533cdf6280f5919664b6463b75099bb5bb62f35c884,34,vermilion,tan,dumpy,large,00000000 00000000 b36b590a 00000000 00000000 00000000 00000000 8501913c 00000000 00000000 00000000 217f3bab 00000000 00000000 5d5682a2 cf5af472 ab6eba70 00000000 97664476 00000000 018a05ce b55fd7d9 00000000 00000000 e1413e23 0d33dcad d951d881 44c88c98 00000000 ddb06cf7 00000000 00000000 00000000 e0f04364 34f18ef8 00000000 a6b85af7 43a66189 00000000 75cbffe9 88e551f8 4147e578 00000000 fa0b3d80 0d03b652 00000000 ac6b4ee8 00000000 402778a5 b91b60a6 00000000 54c76034 9c849ecc e2b101b3 00000000 59c7fd28 0e85a7b8 00000000 00000000 295d7f4e bd5d5652 00000000 00000000 45f3d19f
17,22825711,0x18749122cc2211c977736f418159c2f440243bd5,0x3c8f3cb4f411b763dbda682aec0c3482461a35d2,0xd79d5b552cea25b5914f39d298be5f095b91fce4e0bd25bb63946e147da76b67,0x224ac7f972cb459afc7869ab10136b75ecea5dd0c76c4c51d2310a142d823a0f,25,vermilion,yellow,vestigial,small,1783aef1 e133b181 780f3584 ddf796cf 00000000 00000000 00000000 00000000 00000000 b39de553 00000000 5c67eee3 26f94275 eeb31f2e 00000000 00000000 00000000 d6763e6e 00000000 00000000 00000000 00000000 00000000 2019d2c7 bda32f01 00000000 2e7f3fcd fdbda315 00000000 3faecd83 00000000 00000000 00000000 00000000 3cb4ee04 00000000 7d314404 00000000 00000000 00000000 00000000 7d07fdaf 00000000 556c4c42 00000000 00000000 00000000 00000000 77ad1b48 00000000 00000000 00000000 c08984dd 16afcbaa 00000000 00000000 00000000 965f0972 00000000 00000000 02344183 00000000 fd2e7c5a 323e6210
18,22825819,0xb1368c0b6e4dafbb5375c121df88154a3f72b299,0xac9d6a3e7db6b8458d911f5b996c5a4fa1d89db7,0xa04feb2f11b61d68b5cdaf30a402d18076efdb0e0c4f9f4ad51983694d37bc35,0x1913317e3e034d3b379028cf7dfa718788d22b44b24e0553d1aef2b8daf0dd59,37,brown,yellow,dumpy,large,3f0beea0 00000000 00000000 de2abd03 c15962c5 00000000 d288eb6a 00000000 c917e001 00000000 c9a729f7 c7292c22 bc376788 00000000 1ebab1fd 1fb81678 00000000 00000000 00000000 00000000 e826c527 54887181 df05e6e3 f34ecd79 00000000 24fa8939 00000000 4eb343fb 29a6cd08 00000000 4746549c 45059b23 00000000 00000000 00000000 fd68d45b a7b2505a 0505c5ae 00000000 5219602c 00000000 8d114bf6 00000000 00000000 e1e3d94e 900cbdc4 381dd818 5d80dfbb 00000000 aeb9cd6a d94aec29 caab6c17 00000000 ef56b832 00000000 f5453a2e ffc07e19 00000000 00000000 00000000 abc04587 00000000 b63dbd81 c53680e0
19,22825913,0x18749122cc2211c977736f418159c2f440243bd5,0xe917d5bc1c66279939dd5a289ce4522e59c4bb61,0xfe3cd7c0b5927d3cad9f50a80a42ccc0e5815adc121c9b15786d2ef6dd51782c,0x86c1c52cc62fd3e6bfe49d96a998f1242d39c8fceb1435396c31d655be7c90a3,33,vermilion,ebony,curly,large,b45b31f9 4330277d 00000000 00000000 00000000 201eec30 00000000 9a638b2f 00000000 00000000 00000000 00000000 7ecab414 00000000 00000000 5faa26ec 00000000 00000000 1d728326 f9e4cfee bf43826d 0837ae65 2daa9008 00000000 00000000 e0f99de5 93bda292 340b2664 69fa22bd e987b4ad 00000000 39a86f5b 61de52f3 00000000 5bdbe70e 00000000 812da4d5 00000000 e14e1f16 00000000 00000000 1ce4c016 b812cf0c 00000000 a5082c7f 00000000 88460048 e868f254 1773184b 00000000 00000000 00000000 a9bede3a da4f79c9 00000000 00000000 00000000 00000000 49f967ce ea82e5b6 00000000 8dbafe39 59585d68 00000000
20,22826018,0xb528bf440e6c9dad0c15f7e5f4dc75655f7ae27b,0xfc1a4c8da900febd4504e716a0777c564567814f,0xefa72228639b9783031fd8c8fae54784c16ced45baa5d01911f0718e2fc25ff7,0x59996c47b793e83ec3b8d755d9bb61999a68f41cdac3ead360a353c9c6810426,24,white,tan,curly,large,00000000 274e291d aa5e6efa 00000000 00000000 121e8a7c 00000000 00000000 00000000 00000000 d576e2a8 00000000 00000000 00000000 00000000 00000000 cc4d614a 00000000 00000000 00000000 00000000 00000000 00000000 5b5b3e4f 00000000 c7f7c407 d92080f5 00000000 00000000 00000000 978e7366 5973418a f757a4a5 00000000 00000000 bf66bb4f 00000000 00000000 8a48d6bd 5103fffe c9316090 c7447ee6 00000000 00000000 5ee3cd2a 00000000 b985f0be 00000000 d08a7c2e 9d1831ec 00000000 00000000 00000000 b9504544 00000000 83776dba 00000000 00000000 00000000 00000000 00000000 99368e7f e88bf745 00000000
21,22826018,0x18749122cc2211c977736f418159c2f440243bd5,0xa10d8b8ec05a0154aad78672785acd92b3f6e226,0xefa72228639b9783031fd8c8fae54784c16ced45baa5d01911f0718e2fc25ff7,0x5085d2b66ad00c10545d8d1c1265eef9faefc52a856d1425969e78f791d833f2,36,sepia,tan,vestigial,small,00000000 3155a00e 00000000 00000000 f6b74ff6 26297c06 51be497a f0e33512 9ad94b3f f7a4711d 00000000 00000000 e5e92f00 eef2a092 00000000 00000000 00000000 00000000 00000000 6f68920f 5e68bccd 00000000 1d929ed9 c79a669b 14ddfed8 00000000 00000000 00000000 72be6f91 00000000 00000000 29954722 f6dd7071 b799b0dd ac20565b 00000000 7f309636 2de24842 7b9df6ed 680d9dd1 00000000 00000000 00000000 b9600c61 9677d834 45437901 6a235e88 00000000 00000000 68e2ff7f 780ee70d c4bc371f de9465a5 00000000 00000000 c6a88606 00000000 28f5437c eb70bad0 00000000 418dd1a2 00000000 00000000 d83a5650
22,22826382,0x23834a83a168310b6b0dc000f22f9a4f8ae86106,0x96df23d97acf7478fcc87850fe9e0b1a7f4873c9,0x654335d018c4f1d282f6ab85c9bedc8688fcdff8463d5ae8cc9328bd2cc02591,0xa1b883341ce6ca9a968cef2449683ac6eb736c79eb2598263ba63878e960b049,29,vermilion,yellow,dumpy,large,7e7d9c78 00000000 00000000 de9b0a8b 00000000 00000000 2b99abb9 00000000 00000000 00000000 00000000 00000000 4993037f d725cd9e 00000000 6b99a6d3 00000000 00000000 00000000 00000000 00000000 83608a95 9aeb3ef6 00000000 2e09152d 00000000 00000000 cc2ddaed 00000000 3e45cc5d 7965e2fa 7fbc3aeb 00000000 00000000 00000000 6f990d0b e2274248 516ab4eb 6b4ef5ee 00000000 00000000 00000000 00000000 49da25c2 50efde59 2e69e597 00000000 00000000 00000000 a0d8153d bc1b5fda 00000000 00000000 6ddda92c 00000000 20dd273c 0c8094e0 9ba8f5dc 00000000 1f30a5ad 0c5ed483 3047b178 00000000 00000000
23,22826735,0x0349cd3a83006bc4f057f553f221d69bd7a6c504,0x58ade89b8632c934628dc534e628a72d780ca82b,0xfc87098cf8644d0d61bb6f3fd5a8248a358a811b95d202ac7d56f71c469eb0b7,0x312bbc7d62ddfc71eab48b26de912a0a09eec49cdd7fc9be1c3560e3eb62c24f,31,vermilion,yellow,dumpy,large,3d2bb852 4c2fb084 d131a125 0377b269 00000000 00000000 5d97d6a1 00000000 00000000 654e4d45 00000000 00000000 00000000 00000000 4ebcf167 3523e86f 00000000 59577cba 00000000 00000000 00000000 07ad2536 ac429a0d 00000000 e5f283c8 a0ffb94a 00000000 c16995b8 00000000 2a20f203 0e9cf671 33d69a94 4b89fada c93c127a 00000000 00000000 00000000 094692fa 0746ec9e 8d8f3a10 00000000 00000000 00000000 00000000 00000000 c69664d0 01fb661e 00000000 abe0a146 00000000 7bc90ea4 00000000 e03f2520 b7116a6a 00000000 00000000 00000000 00000000 4c51d0b7 09e47e52 2f8d4acd 00000000 00000000 00000000
24,22828551,0x2d631f41f6023db409f15e1ccc337e69f62a8a58,0xf44c8f75e9809de618742c32f2c9bfd9baa949d4,0x179cc3272578aa7fa28bb318941de3c8fc12b546ef80f4e082fec42287e06193,0x545c7555e7798c3d9d250840d0d87f1cd549ceafb26012d4ca38c745dc340a44,27,sepia,tan,dumpy,large,00000000 00000000 261cea0b 00000000 00000000 00000000 9183a5ec 00000000 00000000 e03bea7c 00000000 cbdb66d1 00000000 00000000 00000000 00000000 00000000 00000000 a06adc3c 00000000 f639dbb8 f4384ddd 00000000 00000000 00000000 00000000 bf9df604 6c48e7ab 8e3d8b63 00000000 3408f77d 3c739c4f 7b81e745 00000000 ecfe28aa 00000000 00000000 00000000 8dca7b4d 00000000 8e80f65f 2e50469c 7a728658 00000000 00000000 00000000 cee0ac8d 26d9ad22 00000000 00000000 00000000 043d0223 aea57143 5bdc156a 00000000 00000000 00000000 328b6a22 00000000 6f98063e 00000000 00000000 8679b4ac a8b7e277
25,22829062,0x23834a83a168310b6b0dc000f22f9a4f8ae86106,0xc29ab59452464b935b278393844ad21cddea1509,0x6fe41e2d0619ca3371be32e6b15e29420b3709852054e83e4bac07ce09506180,0x55047375ed9861892d5f3b33e9145ee6182e12ca75c4d1cf1357bb1df29268e9,34,brown,tan,dumpy,small,225da547 00000000 00000000 16ef6a32 00000000 1d437d8e cf8a161d 3196ced1 00000000 00000000 00000000 03244e56 00000000 7f59ece7 c2105b33 00000000 00000000 fcad0ed5 00000000 00000000 a1e94545 00000000 00000000 8be84efc 00000000 1d155434 00000000 00000000 fb2d838e f5c38024 a521111c 2fe20aed c9967de1 00000000 a4752ccc de010f40 c846f19e 00000000 00000000 00000000 48af09e9 8fff6c93 00000000 385890ad b70de0d7 c3aa9667 00000000 08c58bab 9e9b75db 1615d502 58fff46c 00000000 5d491d95 00000000 03e05b79 00000000 aa7fa5ba 58f0d375 00000000 00000000 8cf8cf6f 00000000 00000000 00000000
26,22829612,0x0dd5ff179c68dd64fa712da08b550ec3a7d3bd73,0x5e001cf2b3f9f65d219ea512280ee45dda08e8bd,0x2fddf34ae8550fb3e122a70bbb39c1f3f466fb758f009ce4de5dc7739a2545c2,0xab357d8802380c4384a7e8666eb1ab7d5557a9d6542b53436c48b4edc25d9662,31,sepia,yellow,vestigial,large,00000000 3c9ae803 00000000 00000000 00000000 bc3b52f8 e10693b1 00000000 00000000 15da0e65 4569c917 00000000 fccca3bb 00000000 00000000 ecabc901 bcee9690 00000000 bf1e08b4 1acfa298 2eb75640 00000000 401d8ebb 00000000 00000000 b11c6357 00000000 00000000 00000000 00000000 eaf7daaf 9608f818 720373ae 00000000 745fc4dc 3a8f7ea7 00000000 1f5c5e50 3d919d9f f53ea6ad 00000000 00000000 152cacb1 00000000 65c13f54 ff83a844 00000000 e43014ad 00000000 00000000 00000000 85a2dfdb 00000000 00000000 cfd02b14 00000000 00000000 00000000 ac6fb258 d32c2cf9 00000000 569a8bd5 b7e2a39b 00000000
27,22830098,0x81b4bf458a73ea46fadd46ee8236e5f94c4eb8e0,0xebca41237e030a0d5eff75af0cbb3b0a0580b8c6,0x3ea316021b2d929f59368592913f9a78439c569e8d8fd904b24c0a92ac025558,0xaa3b9a75a97ef2b44091dc22d98d217c21f9a63e5ea1a1b61003fca7c5606b11,27,sepia,yellow,dumpy,large,7aeffb7d 00000000 00000000 00000000 fd18c942 00000000 00000000 00000000 4e37ec48 38b1e826 00000000 6a06f88e 00000000 d974b0c2 3fd9c314 00000000 00000000 00000000 00000000 00000000 00000000 4039e659 efaadfd9 00000000 bcf9906e 00000000 adbee044 00000000 00000000 00000000 46286202 728bbbbf bc609ad5 5918761e 9d4a262f 00000000 00000000 1c6a7744 00000000 98fabd1d 00000000 00000000 81885d9d 39934161 d364ef65 9e9cbd83 06b0ffd2 35d8a7b5 17b5351d 702487e0 00000000 00000000 00000000 00000000 00000000 00000000 00000000 00000000 00000000 00000000 ccef554c 00000000 00000000 00000000
28,22830217,0xa9a3dbee74753ccd9b40521d1f92f9cf2f49b9dd,0xc0e510b118ab3192d9784d7fd42c4235a5310e1d,0x3d1dc29d768e63c86097b5cc653975347357f223920bd888fd8894b9f3c294ff,0x2ae86205b39e6496ae5c9ea434517174eee5dff5447d03ab13003a88087e58fc,25,sepia,yellow,dumpy,small,00000000 00000000 a3faaa97 89cb0fd1 d23e8142 14d70247 14f2aaf4 6e47d427 00000000 00000000 00000000 09298085 913a504c 00000000 45fb5af9 00000000 00000000 b24d68de 836332f3 c32b401b 40bf9bd5 bcc49adc 787d62fc 00000000 00000000 00000000 00000000 abc9d384 00000000 00000000 00000000 00000000 00000000 00000000 00000000 be3466e4 00000000 00000000 00000000 d5f70900 00000000 16fe6e82 00000000 70e3685e 4e23979d 2f7dfefa 00000000 00000000 00000000 00000000 00000000 00000000 00000000 00000000 00000000 00000000 f3071a44 b4ed5fbd 00000000 00000000 000e963b 00000000 00000000 00000000
29,22830343,0x0818404d4e07ff38c42d15cff5d2f22fc907977e,0x7514ffcc12347363352d7cd402e1f6204b6f11ad,0xd2a33ac276c6b4a273ded2319ed858aee4308f3b5dbe46d87c79e201e11d1d5e,0x54cd8678151a98103cb5dd98423294ad3d3af4bee85544218f32498e17ad5611,30,brown,ebony,vestigial,large,24926610 00000000 00000000 00000000 79900c1b 00000000 00000000 00000000 00000000 212f9266 374a062e 00000000 c625b2e2 00000000 06ae2746 00000000 a2636fb8 00000000 d01c19ec 8cd41443 00000000 5e82fa7a 00000000 2b81c181 a8d1fe69 e7bb55d2 9d9ade48 00000000 71a03297 00000000 00000000 00000000 00000000 dfe6de45 d391579e 4e8e2410 00000000 00000000 00000000 b6fdfd33 b30d08b9 00000000 00000000 5e006282 00000000 00000000 8df4be6d 00000000 00000000 1cefa468 00000000 00000000 a3a8b3d9 f23d40da 00000000 00000000 8bffbc92 f186b35f c811b9de 3cf262d5 00000000 00000000 00000000 291c0a8e
30,22830421,0xb39e79d3540fc34f516af70574b94d4ef8f885d2,0xaace0d3b21d0ada3cfea210acaac555be1ddc986,0xe1e24b6d052e5a43b4d29d6eec12ba91ea116b029cb8f7a8e81b8458baac701d,0x06f50c465e087fd0df35c3b3b783f72c326412413c8a2f2bc2304d3418bcb319,27,brown,ebony,vestigial,large,a05f42b6 00000000 00000000 387b121c 4e735ee0 00000000 00000000 00000000 b2dc9fae 722b090a 00000000 00000000 424b474b 7dbbe088 00000000 4005e5ac 00000000 00000000 2391f757 b629dbb4 e5f46fdb 55c2acff 00000000 b8fca4c0 00000000 00000000 00000000 41b0eb4d e702ed97 00000000 00000000 00000000 00000000 00000000 f4d3427c 00000000 7feb9298 4d3aa890 00000000 00000000 6bea3144 00000000 43e66f9d bfcd114c 00000000 00000000 15321070 00000000 00000000 00000000 00000000 00000000 846974dd 748b2b51 00000000 00000000 00000000 3c7445f3 00000000 00000000 00000000 00000000 ff7d7c0c df66b938
31,22830576,0xac79fd6008b971723d16974cdb23ad70ecc00bee,0x1a76508e5462e2aee670d877bb69fbb658869ca5,0x7fafdcc42051f36b47a2c404b1ce2cdbbd883681a2bb80ec20cfc62f663b2ebf,0xff366588fd8ef23045ba1131a9737b48675dbc3a7f8a371f5b8194f3d16827da,32,brown,yellow,dumpy,large,00000000 a6d47c16 00000000 0ba18c11 ed643b2d 00000000 c8646c0c 25026433 7c9e120e 5050db4e b022acf5 00000000 00000000 4067c5eb 00000000 00000000 00000000 00000000 00000000 fe0d9299 00000000 0c9beeb8 14fdf687 00000000 20d41ee6 00000000 00000000 00000000 6dacf288 00000000 c7902d4f 94d243cd 5b5175c6 d7a6ec32 00000000 00000000 a1939bb1 0be00dfd a2c6af3d 276544a0 00000000 00000000 04b5c12b 00000000 ebdb1d57 00000000 00000000 4ff5b406 2917c155 00000000 00000000 00000000 00000000 00000000 00000000 081b5460 9d8463fb 90994f45 00000000 91040a14 26d2c0bb 00000000 6083786a 00000000
32,22830590,0xb7b53fe02da4395a562cb51bc8f955e021665dce,0x55cc7ebae017e9c28a00412d450d6f942290101f,0xaf37bf4425f06aea31170dc9d8ece3182a3160c962ba2e9187476843835363ac,0x2927c56cf47d8e5e8e32b6a1c16abb856626c0de84bf66b15c5786b41ba94168,29,white,tan,vestigial,large,00000000 00000000 00000000 79a03b5c 00000000 c03fac5a 38e46af9 00000000 fcd5edd2 00000000 00000000 00000000 00000000 00000000 62e9004a 00000000 84cec1c8 00000000 00000000 3f81c39f 00000000 d03d4127 00000000 04852be1 9e9b0d26 a66947d7 00000000 bf57381e 172e887c 00000000 00000000 00000000 00000000 00000000 be9f1ffc 00000000 c8639101 81d96e64 00000000 4d2a236d 00000000 14bef1d3 df399645 00000000 00000000 00000000 00000000 9bfb834e f2cc0de0 59e3c479 e47ee5ec 00000000 bca56ab4 00000000 a963490f 00000000 00000000 00000000 5fc2eb7a ba6ac378 13e3bcce 00000000 3407f916 00000000
33,22830738,0xbd5764383846bbd5aabc92ab9c9c2f9bbfa15a55,0xdd063ded5396744ae2af5fa4881ada312b28d92c,0x81b0c094f8d6c83b3f58b8369a843bad5e91e93118a2b3aee313217c01b0082a,0x26dbd326114ddf3e0ddf2bd4dbaaee1473813346f75a30c6dbc724a4d1c863d3,32,sepia,yellow,dumpy,large,53ec920e ae9eaa1c 00000000 00000000 8c405561 00000000 790be6bd 78831818 fe705ad3 9c9a10e6 00000000 00000000 00000000 b871f855 6e97c2fd 00000000 00000000 00000000 00000000 43b91b7f 00000000 00000000 44998569 076adf87 4fce54f1 00000000 00000000 00000000 9a38f6f0 00000000 b4b14b62 b638ba30 00000000 00000000 297e79cf 00000000 00000000 457c50ae 00000000 f8126498 00000000 00000000 a0dac8a2 00000000 00000000 f1e1ab0d 00000000 00000000 54d5f630 9bfbdfb1 4fcfcf3a 00000000 00000000 00000000 4c517ead 7fed1f07 654370ba 6744a010 00000000 5e806872 be5243db 00000000 a7292067 a85a0be3
34,22831256,0xa9db421e7f6afa0d7158d51bdc4aa279eb788e0c,0xc8d7be8ac78b94b176c99d24f7b6a0cee257bbf5,0x1847c4eed579b1d5838985aaedca79c60163a03bf2d56a38df224e37fefd49b2,0x8f13b2d8a96050cfdd554162b36194a4a77e7f15cb1cc310f999bbfad5a665c3,39,white,ebony,vestigial,small,402bbd0e 15b1ae41 00000000 00000000 00000000 00000000 7a63fcb2 d34f7fd8 d700f424 00000000 e834016c 00000000 00000000 b28ae8c9 0aebe133 00000000 00000000 33ae6f91 f74d50cd 00000000 00000000 550eb931 00000000 335ee6b0 1c7f9bbf 00000000 1c7a6066 00000000 27b59a6d 00000000 ab368800 620feb45 00000000 88c99e6d 00000000 857dbf0f 26f7d337 1dc739a9 fefc6e7a 68061ccb 3858eac1 9e9844b0 00000000 d54b6e6e 15aff772 50efd240 00000000 bd86fab0 d5c81124 00000000 00000000 b7845e5b 50e2056f 00000000 00000000 65892fcf 6e676517 00000000 00000000 2312e776 ba4f4854 3e0d4bb1 e02919f3 39e25c52
35,22831816,0x0e8fc50331bac5eb968b6106125c2643a98ba319,0xf084a1040ab5ae5bfe75f240cdb643241dc495db,0xf46dea8e52fc6575de617e5fa1b6052cf24294cdad1c03aaf1f9d2249fc0a03b,0x398ef8932458740d089244b555220125835362fa51003d60a695cf967be5821c,34,sepia,yellow,dumpy,small,00000000 00000000 ff1ccbdf 3f975401 d4060365 00000000 00000000 00000000 00000000 94995b39 00000000 00000000 00000000 00000000 00000000 c10ac8eb e7b8b8bf 00000000 46da0e75 00000000 00000000 67c9f6d8 1bae1b39 e4923d0f 90c76b10 fc54d95a 00000000 8e228d3d 817b81cd 11195810 631fd706 00000000 00000000 842d3147 b1f1ad96 00000000 993908d9 00000000 00000000 886ea4f9 98328be2 0db2197a 4e36594d 31c613d8 00000000 00000000 2fca3325 a0b0ae65 754343d6 00000000 30f4ee59 00000000 3e2e194a 00000000 00000000 b1114d6a 00000000 f18bb08d b6b43eca 00000000 00000000 128782f3 00000000 10f27b94
36,22832000,0xf410f5824a53bdeedb76f7d280bccad40538c523,0xd572e40fbd5ce38cf61fbfec4182d9f75cdc43e6,0x67a7e4262742efff8a39ce8a016b1a4f730ac91cc0d6393e75ca4a92a88b9a13,0x1807ef7cfedd61f3861c3f6a081767d1989cc5bf1055409678ae92623f70294c,30,vermilion,tan,vestigial,large,00000000 00000000 3d928da4 6a344c0e 00000000 00000000 ffe69822 00000000 ab150c6b 00000000 00000000 daa20e69 00000000 b0152925 00000000 00000000 00000000 00000000 00000000 00000000 bc3230cf 743c6148 c1029be3 00000000 5c89bd9a 4fe1aa77 1cebeb06 4034beda 9dd49e7e 6ba95de7 00000000 00000000 00000000 9053a37d 00000000 00000000 00000000 e4241db4 890342fd 00000000 00000000 ff43c4ae 00000000 00000000 042f002e 00000000 00000000 e02dda10 00000000 041653dc dd47e780 58fdfbf7 00000000 151230f2 00000000 a8106101 00000000 00000000 00000000 69f0b7e3 5c434d5d ffdfbe3d e916214f 00000000
37,22832055,0xa372af7cdc7e941d7282db43d98a5a52b3d4b67a,0x052a49ac4e23f393dc6125f4988c7db344016352,0x12937c7519b681f480a5b56ada988ba59ea21cca30f14c53d54eb96afce3ff17,0x2ca738bbf5230ab43208d7973672d81ba4f9ab156737f503c6e3275a4f4ca44c,31,sepia,yellow,vestigial,large,00000000 00000000 560d6571 159d5fc8 00000000 00000000 627c20e6 00000000 00000000 00000000 a5ded494 00000000 00000000 38957223 00000000 d3ee1101 00000000 00000000 ca38a7a1 17d7a455 00000000 00000000 847af166 00000000 68502176 ffb2ea65 a1b17057 86b45b1a 00000000 00000000 37dc6267 00000000 00000000 6929349f 00000000 7a061993 000f04d1 00000000 b4c06032 00000000 c1830879 2dd4694c d018f35e 00000000 00000000 549aeab0 00000000 00000000 d3d39cd4 c3aaf922 00000000 00000000 00000000 d9cc6cf7 cee2313b 8f22f386 00000000 79f711ff 986c2a7f 00000000 00000000 00000000 1fa172d8 16bf1a0c
38,22832148,0x9fe1c07a4b2ee2842eee679ae719bb23ed341c18,0x9af74b32ca75b234fc03769e0968b499da0b903e,0xafe74460c41f803a83132688726374990e52ac34b08b205fbe1a15f39b565b06,0x245d75b83518efdb315cdcdcfbf340c6c2d1900a4cdcafe813063bf10eaa9c0e,29,vermilion,tan,dumpy,small,00000000 c0455813 7242657c 07041ba2 00000000 00000000 00000000 00000000 00000000 00000000 5ba5b2ec 3644746c 9b40eb30 00000000 00000000 f4507f8d 00000000 46c102d7 00000000 44f35a4c 00000000 209004e9 00000000 420b30cf 00000000 b19a4775 76f15499 703291a8 00000000 00000000 00000000 00000000 e9d28776 00000000 00000000 00000000 80841b01 f720c925 a74f5645 9ec4ddc6 e89e2cea f64c1060 00000000 387c46b7 4f5c18a8 573ee13a 00000000 00000000 00000000 281dc4cb c43762dd 00000000 00000000 00000000 00000000 00000000 9ee5d0a9 d9d7e0d5 00000000 00000000 89d27f83 00000000 00000000 00000000
39,22832349,0x67c4b71569377c6624daf1d1f3460f1f13640085,0xe5d80b95e44fdc4757c421e17ac6e322f347a159,0x9babfc09808951b41625568de4a0a06e5f31474f4109aefbe7ade081d2229e52,0x805fb04ef9414569dab4a412f24607fb27d22ebdf5086b7c7e61db140ebc3b28,32,vermilion,yellow,vestigial,small,00000000 00000000 00000000 742cacc7 00000000 f87d00a0 00000000 00000000 45638efe 7bb7b3f3 00000000 1864ae66 fb8650db eec652f4 00000000 00000000 00000000 00000000 66b40f1a b1656b4c a9b837e9 33886b66 00000000 454cd064 00000000 b0159cf3 e9ba141d 2563d675 00000000 00000000 00000000 00000000 00000000 00000000 749898a1 00000000 779c5280 00000000 00000000 00000000 4327bd57 6ceda0fa 00000000 54f35f7f 507b54b5 00000000 d809682b 1fee3046 4fb64a93 00000000 00000000 00000000 00000000 b791bce0 bcfe9942 00000000 00000000 ac0e2940 595ee0df b6b28e1b 6a2e683c d710e54a d70c2b44 00000000
40,22832566,0xca6f14b85541f79aff1e985e6d6373aa142ef93a,0x89b41a28cc18d362404b4127c0669f2fd97d4749,0xc6d0e0a64a6376383a0395c61ca705f8c371a47e1b5c4c477f6494ff45b3bfca,0x2d772f1f22921a0c8424b35279056570fc6bf675fd21643936d91b16e630654e,31,sepia,tan,vestigial,large,00000000 57cd9425 8b98855c 453c753b 00000000 00000000 99ddd105 00000000 807b892f 00000000 733e9e6e 00000000 00000000 ec5ccbb3 21fb45bd 00000000 00000000 00000000 00000000 00000000 0a241286 af70898a 00000000 00000000 00000000 2d910ebc 5575fe48 00000000 00000000 9b720cfa d3b7e6a2 c4781332 00000000 9ef40ae1 f31498d6 00000000 7e1dc060 00000000 00000000 00000000 9025b2e7 c76fb6b0 00000000 a85f144f 2a8b090b 00000000 00000000 00000000 df630433 00000000 00000000 2e221f5d 5452767e 00000000 24805262 5f41a669 00000000 381077ab b357770d 00000000 ed52e1ec 7425d572 00000000 00000000
41,22832625,0xe5aac01d46d2aeb58a8ee19c457e2d0d023274f3,0xcbc51fe1574b08ce9d4fdf1a3682f9f2746dfc5d,0x0c7229b27f338444451c0964d916f2ead6f2ed2fa55ec31fcfd345ee7f31a7ed,0x7752f2584ca8df0707e8c72708e06aca405e218230f5cc45cdefd26b56b3c4af,39,vermilion,tan,vestigial,small,958cbb63 5c76026b 8019de6d 07f48697 00000000 9954369f 00000000 909dbe7c 00000000 00000000 945db92d 00000000 00000000 00000000 00a39a02 1b88c0c0 5d1f3ee2 f2380b1a 00000000 00000000 e925615b 17656d41 00000000 3ae571ea 00000000 23673be7 39d63114 00000000 58659608 00000000 65cd2742 00000000 b3488201 20ac3b40 00000000 4ab3bb31 00000000 db6a2190 89d4f758 00000000 00000000 e5a09ea1 00000000 00000000 56379c05 00000000 c1baacbd 779c03b8 993b32c7 1cbf1fda ddc5f800 fccb3ed2 00000000 84956495 cbcf6baf d7e34d85 98df78d6 00000000 bfacd1f2 b5dd5250 00000000 00000000 0ec704ec 2b06342a
42,22833209,0x1b25bd7ce0fb701d9aac3fd43fa221ac63e3fb3e,0x8b72bb66adb3e1d131347787cd338ee7db080884,0x8c7cf93e3e887c603af462f66f739bfb7c516d730a742b7e654b6888ceac8491,0x111599ca6ca5231d68fd2e7a660bed45bc2738ca0ae12c70a7ba7d24cf632eb3,37,brown,ebony,dumpy,large,3f892a34 c4b2c125 00000000 00000000 04458234 6c64522d 00000000 f19bdccb 00000000 6f5b1773 9ceb6c2b 359578a1 00000000 251203eb 00000000 00000000 fe9e1c5e 4bfb02a3 00000000 00000000 00000000 8c6a6bb8 24e89967 00000000 70f2e047 0065ff48 0bf05193 a2fdad91 00000000 00000000 f986ab23 478906ff 00000000 00000000 5fe92937 00000000 00000000 ac9a1269 00000000 00000000 164bad88 00000000 9f412aa3 7b78b940 e7f7a213 55df78f5 d652e0c3 00000000 00000000 a7371478 00000000 35d4bcec 727204de f49c1585 00000000 9e55f934 cd78deb9 6c5a5173 3f5df55d 00000000 00000000 a6195996 00000000 f0dd6c5a
43,22833253,0x2f694c711225e97dc71e2a98c0a186ae3e1ad167,0xa800a4318c5f83115a75fb05e44f8b2348d25e56,0xab03023b644b2debed0753c6fe417bd6155bd2d8823833bb8f5daad4b5705f67,0xe26c174fb8451ef803fdd052b0d1a389acc44a3ecee040306a83e4be67d05d00,30,red,tan,dumpy,large,00000000 00000000 00000000 00000000 00000000 00000000 00000000 00000000 edccb9e7 00000000 3b2bef55 3f33cd42 49ad6194 00000000 378db50d 00000000 00000000 00000000 00000000 00000000 48a6831d 00000000 a927eb45 b14703d1 cb04b259 92b96bfd 6bdc0c8f 00000000 00000000 aa8ad713 77458ff0 00000000 00000000 8efe0ad6 c842e923 c7d5d922 4072a05b 52d98c1c 00000000 2ca61572 00000000 00000000 7950d730 00000000 00000000 0238f43f 99fe9d1d c2bb70df 286755e8 fb95dcd8 00000000 00000000 00000000 00000000 00000000 c0a27b75 00000000 8db72b16 00000000 875cae18 00000000 2c390f82 e8d4825c 00000000
44,22833328,0xf04ecec3cac1ad5e55e03cb5842b07be2c2249c9,0x07d577f2c6cdfcf4f4bd614b7ede50781c8eac6e,0x4abe580f2f3eac150f5cc94740db8ae26561d024a3a7c993db8dbd690d23651c,0x0004f319381dd7deebdcf864dc33aaa138b0b8c0d8c935e805f317a3f92e6bc4,34,sepia,ebony,curly,small,00000000 00000000 7d5ac29a 00000000 00000000 00000000 e1ddd8ad be789091 c73bb094 280e2b38 00000000 1ed4b220 00000000 d3316786 af909ed9 00000000 00000000 ffcfe736 8be899d1 a447c78b 00000000 c6951052 00000000 00000000 2d2db7f2 00000000 00000000 0262e20b 9a36f48c eb4a2a70 d6846cdf 586c9def e77dac92 bad3cd03 00000000 00000000 00000000 ab16bbd0 00000000 fedf2fd8 b65e416c a18f6579 c096ca4f 00000000 d9cd6a98 00000000 00000000 00000000 160bbe11 405d8c26 00000000 00000000 adaa1d5e 1d6d5341 1cd2d345 1fdd00c3 0ee42de3 00000000 dc1878b9 00000000 00000000 00000000 00000000 00000000
45,22833392,0x5f30161457bc022e0280588a34de9aac6781a2c9,0xf2b0ada9148be32e07a2ad4c9efc768402e2763c,0x86618503aebaba09fbabcf3651a255bfe418a87340ba77b47922cf1d6b7e74a4,0xee830d05101d3f0e507fb2b3ec8fee12e6548eacb0a312375f03fbb8b53af722,37,brown,yellow,curly,small,00000000 b1773e74 00000000 00000000 00000000 2f516fef 00000000 00000000 75aa60f9 a561318b a73ebab7 00000000 714ec63d c0c729e1 597c7b0e 551c0ef6 00000000 3913e91f 00000000 e4201810 c41841b3 35d8b5d2 00000000 00000000 0746d5e5 00000000 7d9b7579 00000000 51892ecb ea171769 00000000 7471ea1a 00000000 00000000 00000000 405ffdb4 76510f2d fef781dd 00000000 ae0d4b4a 4a482d98 ff45df82 00000000 102f3578 de3e0f04 a70c1bdd 43c21f07 f77d40ff 6bf80341 7a4973b0 00000000 00000000 00000000 00000000 00000000 00000000 a28c72cc 3b02303c 228d73ec 8b276886 5d3fe770 00000000 c3f2c87c 00000000
46,22833588,0xba7ec7d0f21b404e896e18b3edc3d9dd8502905f,0x38bbb9705e999833437874d2b1e1a7b597e8cb03,0xbb3a1c93dc752afabc4fceb46e8429fe8212ada64ce2cf01ef8e4f2ac9daf96e,0x49866bcef59f662f3851edd3d85d400151e75107827f665188e8f9a804fb1367,31,vermilion,ebony,dumpy,large,096618f9 12fee3b4 026586a8 00000000 00000000 4ec29976 6121160c 00000000 547ee06b 59d2a272 00000000 00000000 feae684c 00000000 00000000 00000000 86ada2db 52791339 00000000 8ca9b204 5bbfa1e9 783ff6d8 f3c64409 8e69d069 00000000 00000000 ea106378 00000000 00000000 00000000 00000000 00000000 00000000 00000000 00000000 e0250a25 00000000 96fd63ff 00000000 77a7a87f 2263ab51 00000000 00000000 52f25b9d acee84e1 65c9e0d2 21e10112 dd8fb5fe 00000000 00000000 00000000 1bc8ff4a 00000000 a5553661 60e16d60 8b6b007b 00000000 00000000 00000000 316c0fe3 00000000 00000000 00000000 29371981
47,22834648,0x9fe1c07a4b2ee2842eee679ae719bb23ed341c18,0xfa89ffd3d6d1e44b09b1bd8d3c5333a4c1e35eb4,0x64744fc88e9be336b2cca8171321ce886235135073f746c8c9481a81b0ebd4e1,0x375fd441cf1f830a64e155ec7590ca9e5eb1af0f2d72af492e24c16e9c983f8b,31,sepia,yellow,curly,small,cedbc71b d6ebd488 00000000 9ccb3e32 00000000 00000000 00000000 161b77f7 92a18306 884cd3c9 d0acf793 14d67cef 0f9bcb07 0ec559cc 00000000 00000000 00000000 00000000 00000000 1afc7098 38353fa1 00000000 00000000 9cebd7e2 00000000 00000000 4cfd8ef2 daa69685 4b293fa0 00000000 00000000 62763960 00000000 127e864e bf368d2d 0b4c1c44 00000000 be0e5df1 c17b445c 00000000 0b0baf32 00000000 00000000 00000000 00000000 00000000 ebf11efa 8f4477a2 00000000 00000000 bd5c3b27 00000000 00000000 2ce6c561 00000000 00000000 00000000 c7bd811e 104d43bf b0f4a59d 00000000 b1beff0e 00000000 00000000
48,22834775,0xfa6b24f09f51c49ab35ce49a40058b14eaad3869,0xd070883ffa5f5f1cb8582e0f610bbff012ecdcdc,0x0eac99dc2f9c9a25a3360fcc199d6ab0586830c6b238e20bd30938beee9abca6,0xab1b49f85f07480bbe31c7ff8f5765e9ae223c5d49939cd0f65f12e4667eae61,36,vermilion,tan,dumpy,small,db008446 00000000 00000000 00000000 00000000 f1ce1e39 2ddc8388 00000000 00000000 684dd504 0ca1cc2a c3834c2e 00000000 bd0e1c01 00000000 f7147c11 00000000 75e459cc fc2dbcaa 2dc2c05b 2771374a 4bee2c72 9d737ce3 00000000 00000000 19269c71 c89a6169 00000000 00000000 0d8081b9 123a72a7 00000000 00000000 00000000 283ba0cc 00000000 00000000 52f7a19c 865fa677 9fa519d6 00000000 3ef1d8c9 00000000 00000000 17215358 00000000 00000000 00000000 71cf4080 fced1ec8 ef2c336b da75f25a 45eeaf7c 00000000 8a69a7c1 00000000 00000000 b59b9faf 5eabd6f0 00000000 d3af1cc8 f28a0b1f 5c99b087 19057b6b
49,22835056,0x1172030084703efd41930caf656a3dd5e7f57c59,0xe1e2b6ea324864ad739e3a211eba9e7ef0ae2fe2,0x9dd4d107e39309dd341ba86412d701feab92021f5718c094c8e544bbe857758d,0x5a33b219f5f35ad5801c13c4cd1f408e1531454ba0aceeadfdeb2f01b9738ae3,37,sepia,ebony,dumpy,small,bf6bf1ad 8658694f 00000000 00000000 00000000 0bd94c28 ef1ac2ee c7a65bf4 00000000 0f8e33f5 00000000 a199b767 00000000 00000000 00000000 93763d83 26f96c0d ed22f2ce 00000000 00000000 75caab2b 16245b32 4f07c547 00000000 447706d5 00000000 00000000 9c7f2c54 bf3da9fa c8d6e0bb 00000000 b74e52a2 a8a4dc87 00000000 00000000 00000000 00000000 00000000 00000000 00000000 11806462 6e38621b 9d4f7c5c 02f8a8d7 00000000 cfe3e436 00000000 00000000 8d7afe50 a2b7e937 00000000 47ccbe51 00000000 9f6115c1 f436a7a3 e2139e4d 59b1615e 00000000 63099847 8a45ec67 80c6a544 72d769b5 03bd57fd f208902f
50,22835203,0xc01dde207a84c71149cde8b3657c5535c208aa20,0x5ef1e8949fe923f01d758af82a1b23aaaf64065f,0x4c2902e2fc5d777ff37ec9bb7b44b6be0ccbf38e88a63dcf7bfd9acdb0db5cde,0xf470440d6931ee9788985b0d4816a6272049f0109e192e53cdf0a69593fb29a5,35,sepia,tan,curly,large,0b848aec 00000000 6f310b7d 00000000 00000000 af11276a 00000000 d7e44f27 6e25fd74 00000000 00000000 a7916336 00000000 b5036605 00000000 00000000 13b5ad97 d9107b59 00000000 beea5abe 4b4cce03 9de4da67 27713e16 dd75b6f1 e98134e5 cce2bf57 00000000 00000000 13142fae 00000000 00000000 cb2bfea3 905f70fa 00000000 9c20dbfd 00000000 96f4c63c 00000000 00000000 d0d3c53a 00000000 bfef9f20 dd247d25 00000000 00000000 17881663 00000000 91183571 00000000 00000000 00000000 00000000 763030e8 d04e62b8 84f36da7 6e70164e f364fcb5 00000000 40cff4cd db4b2404 00000000 00000000 eb5455fa 6b16fd68
51,22835229,0xc01dde207a84c71149cde8b3657c5535c208aa20,0xbce8b85d39f2ddc26eea1f4a2e54ce0eebadefb6,0x0bfe265f43f2e6acd1153352cc13a72a6c5a4b0a6ff55314a83fe89e09a700b8,0x4b097604f8a60a6c26e7ca9e31d00470748e65e629fedf8e91e9cfc10e71fd0b,34,brown,tan,curly,large,1e60f541 4982ea24 00000000 bb30aaf5 00000000 00000000 00000000 00000000 e0a0b9c3 00000000 a4683140 48fc6460 1e872ce8 8d70acda 330bb6f0 edf8a5c6 c7364892 00000000 00000000 00000000 5806484b 1f7c815f 832c42ac 00000000 00000000 d672d5be 0103bcf5 2b5d5dc5 00000000 00000000 00000000 00000000 4d44ec72 00000000 00000000 00000000 00000000 00000000 a4fbd697 3860fad2 c505d9aa 853db3f3 c0ea31dc dfca1322 00000000 00000000 be1a41c5 5f96be84 75ed7988 00000000 00000000 3a341ebd 00000000 7c39ec1c 3bad6e73 4e33acbd fca77e79 00000000 00000000 00000000 6dde515f 00000000 00000000 694ed076
52,22835382,0x346790c85882719d3806c1a7933dd7455a4f5b09,0xad58bcc2b0cc8f3d8c4fda61f02644870fb0e30c,0x06616022b2a13be01e2c0c57d5bfc4a3b6282c572cb164145dbdcf1e07201597,0x8e8c49dc9c5a844be0683b2078d2f0eb22d658d6bf3f2e5ffa1cfc6fb36c9014,34,sepia,yellow,dumpy,large,00000000 00000000 ce272a40 00000000 6e23cfb4 00000000 00000000 00000000 00000000 00000000 00000000 00000000 f6027878 00000000 00000000 891fa5b2 00000000 00000000 f1b9fae5 9bc289aa 00000000 6885fe4f 0afcb0af 00000000 b4a1e633 4b1d2c66 00000000 00000000 8dada4f4 9a2b7d8f 00000000 94f7e544 d886e3f5 eeea3060 20d5da0c e8f8ac5e 00000000 4e2dc001 f894ff9b 00000000 00000000 00000000 17958da1 dae1a18a ea04bcef 0f9f6e5e 9f6bd52f 1d3f743b 00000000 00000000 70b12513 aec50942 46b8362c 00000000 00000000 00000000 00000000 668af424 00000000 12448f41 d3d9830d ae2600c2 937eab77 6425f732
53,22835386,0xe0be2740456040536765022e7db612418e3de99e,0x1f99999bc40d831dbd6aa61946a2ed72d070b209,0x67c06b8b9f5ce3a8a76e0c4ae33b114d76d4ab6b8d98125f222a92ce884ace91,0xdacea4aef49cf895be6a53c2c93cafeb625ca31f2da4ab694461adee75a7ac37,35,white,ebony,dumpy,large,357ca49c df6393de ad00249a 00000000 e423dee0 a72c730d 00000000 00000000 00000000 00000000 29b6e27d a907d409 00000000 1e94939c 00000000 2b8f4e9e d7301144 3355cae7 58e76336 00000000 00000000 4c4a007a 00000000 ffa10059 d0e76d9f 00000000 d002894f 00000000 b3bc5f46 e4d9e87e 698af0d2 00000000 00000000 8ab09b33 d9d1fd74 afe324f7 00000000 03e3d9a9 6f8a8019 ecbec18f 4c536b1f 00000000 9db58400 cbb553fb 00000000 50a70848 00000000 4b9348b2 65effcc0 00000000 00000000 00000000 00000000 2f040375 eed43bfa 00000000 00000000 00000000 0dcb4fa1 00000000 00000000 00000000 37810b2c 00000000
54,22835414,0xbd5764383846bbd5aabc92ab9c9c2f9bbfa15a55,0xf72cfc4e9e37ca7aae70b2a5a46ae7aa2f1bc436,0x11f1cd85d773f29cedfc81c81a3f600a56b8397cd05db66757a1d10d971d157f,0x3d98339f7c8d4fa6c4fd2175779c1337078c6c4519d9861006aaee62f7ab7543,35,sepia,yellow,curly,large,88a32db7 811710f8 00000000 00000000 00000000 00000000 7c1d25a8 00000000 a2f9620e 00000000 953880d5 00000000 f7e03d96 169c7ef7 0bb932f5 00000000 8b4248af 379fc52b 00000000 40e6b414 00000000 d51f78de 00000000 b332b27b ee40da24 bceea125 6e9c5591 00000000 9e0d3e10 66526096 823e304d eb300625 00000000 3e8ab1a9 00000000 00000000 00000000 ea4fe784 5b65cf5d 00000000 00000000 f88c355c 7866277c d0fe060b 00000000 2dc2876b 1eb26be0 4758d8f6 00000000 b52a9653 00000000 c77455cb 00000000 84970e9a 00000000 225b4c3a 00000000 fa7b7396 19517394 00000000 00000000 00000000 00000000 00000000
55,22835561,0x2d631f41f6023db409f15e1ccc337e69f62a8a58,0x1b7ebec1cf375f4bc69159ec8d6fe24ce62b12e0,0x2ec9ce887c082d6d088b8cba26e99ac3a74e90a42d8155637e697aaf0d22eac3,0xdef8a1c4ef0c43bff931425e01e865ebd8f9e995b74f5a09374f579ffcc7ef31,42,sepia,ebony,dumpy,small,38379121 00000000 00000000 00000000 f560ef33 0d2a9434 00000000 00000000 fb199c8d b3fe760e e84caadd ea3ddf23 00000000 15315f0a b9e3e63e 90545a9b 18cc3ec8 942ac005 354f4639 00000000 00000000 00000000 96d47763 e209462b 00000000 00000000 b08bf923 abcdaaa6 640b61ce b5ecd79c af0c40dc 8d4742b9 76da27e7 4f0f6940 4e8ac881 ed1bdaab 6d8b22e8 00000000 00000000 1539562b d11e7b1a 5c81ef87 f3bda145 00000000 891fe4f3 00000000 9fd6fd13 00000000 ef87da12 c42163be 8ce0d47f d65e6ada 00000000 00000000 3049f8b6 00000000 152b790c ddc0e93d 61903318 00000000 6b964e3b 535e70e3 00000000 00000000
56,22835596,0xbd5764383846bbd5aabc92ab9c9c2f9bbfa15a55,0x1fe4fb8bca08f207f924b5b6762bd749c83583d3,0x7a494b49a3da0612f3578c8e70648018d4464bcce0bd79b6c8527beef1d85bf0,0x074458a2f63141b5074264598ddc4b44acb37ab1c0ee0926e8ca874101d05ffb,31,vermilion,yellow,dumpy,small,82c0c39b 26a7d77c 00000000 43ee5c7a 30c09849 b61aa46c 550ca447 8641e9ba 62d7a02b e91a390b a3b31ead bfc314b2 528958f2 00000000 d19539ee 00000000 00000000 00000000 00000000 00000000 677ca142 00000000 70586c41 3ee18969 0b59ffdd 00000000 00000000 00000000 00000000 00000000 00000000 00000000 9db00717 00000000 00000000 00000000 00000000 00000000 d6f933b1 00000000 1a35abe1 7ce29194 e3dc3b46 00000000 00000000 00000000 00000000 4e4b59ee 00000000 45dd9e4b 00000000 510c464e 00000000 00000000 6ab8d592 bdfab77e 00000000 00000000 00000000 26cee77c 00000000 68c8a8e7 d72c9289 c0e029b9
57,22835626,0xdb67846763415453a214ab8a9f7c14a0c8c99bed,0x77d62a459803086feb9c78bf14ab547f98ff4753,0x7dc9a3c3a68dc3b7586268dc693e9f3292144171eca6bbd5204a75e36a747601,0xfa5cce228488ee39fcaa9ff27c5330503c231ea692b74635fa7c710336ffcb68,37,sepia,yellow,curly,large,00000000 00000000 00000000 c96da16e 00000000 4b7a81b4 b3be4b40 00000000 bf81e678 818a2710 00000000 faf224e8 00000000 00000000 e522b865 c3dab2aa 8721327f 47102f5c c82e1617 80a26f60 e80f1cc4 14252b5d aabd5b9e 69e5ec57 00000000 4c0b28b9 fc18000e 00000000 09ebd83d c9b0972c 00000000 00000000 0181f443 c4a78305 00000000 00000000 00000000 00000000 00000000 00000000 98e11e44 00000000 00000000 00000000 0a3a8327 3dae2df9 47b309aa 00000000 00000000 00000000 fb289478 64a8bf96 46d76ac2 f16f3a7c 11fb6f72 00000000 00000000 b3078c56 00000000 b1fb16a3 6261912e 66846266 8436a5ac 36118642
58,22835642,0x1172030084703efd41930caf656a3dd5e7f57c59,0xdded4a3dd1231f8a609613f3278ad9f3008b4c6b,0x90ddfd3ce02e8628af4a8a1e7ec780cf935c273977f61cc7d99dbe36dfbceca8,0xdef9f7bd63a091bf7550a6953d0eac14635011e4f5bd3726f0f58d12d247eefe,37,white,yellow,vestigial,large,00000000 d6cd3535 0880e6ea f9595fbf 7284ff0a 9d34e89a a4497ab8 f75bb119 00000000 66ad9fe7 154d1485 7973e10c 00000000 2d43404e 78354c32 0a0bb7b0 aa6bf0d3 8ebb99c6 e8e0934b 00000000 00000000 00000000 421d97f9 00000000 00000000 c8d28885 00000000 00000000 55d9009e 00000000 4598b886 d7113140 00000000 7f1228e7 00000000 00000000 0b5e429f 00000000 00000000 00000000 7a883c5f 00000000 03265c7d 14bdc945 00000000 00000000 00000000 5cbdcd00 cd131905 00000000 4c81d681 00000000 ad9d99e4 53ec087f 22056429 1edef766 00000000 00000000 00000000 00000000 02d07be4 0aa26434 d063dc3a ea887ad7
59,22835867,0xf04ecec3cac1ad5e55e03cb5842b07be2c2249c9,0x22c63a7484a9f49da6a4eedbf18a925b1875e745,0xf04924f5803a06965646ff63dd0b112339358325d4ec73faa7ee37b69cdc42c7,0x21d709eecf5f0d14be73b55867f24f41ebfe56b1dcc4b6aea4d3dc6144675a1c,30,white,yellow,vestigial,small,00000000 00000000 ea0a1bc6 14d31a8e a57dc9b0 00000000 00000000 00000000 00000000 d39a6c34 00000000 80e8cb08 e16527e4 00000000 a41c2bf0 00000000 6f0f9671 a907170f d35aca9d 00000000 00000000 8d056453 37fed991 00000000 00000000 00000000 4ca060de 00000000 00000000 00000000 aa072606 00000000 90390b18 00000000 00000000 00000000 00000000 d9f0bbc3 19952a8b 00000000 00000000 00000000 ca204213 7204df0b 2f5e9201 00000000 8bd200a1 44e14f56 817d90d4 bab4aa1e 00000000 00000000 69c29b40 00000000 b6c31ff8 70f0f8e0 00000000 00000000 9282524d 00000000 00000000 76946577 00000000 09373d98
60,22836074,0xe0be2740456040536765022e7db612418e3de99e,0xa642a662fab0495c4d99bc48c41d78465571f161,0x4d0bb2ad76a622a5dbcc5082b47782b4d83064e84ea328cea190180e00e89f3c,0x0efdc90cfd1d47491e2bb889dd95e1528ab5f6aac376088345a5bffeb93c6005,34,brown,tan,dumpy,small,cdb6b27f 00000000 5a1c22b0 00000000 00000000 00000000 00000000 00000000 00000000 00000000 00000000 00000000 00000000 bd3e8777 42636ea5 00000000 00000000 00000000 a8fef8c2 ff9245ab 9dd0e601 4218dd05 00000000 00000000 c9bd72b4 00000000 00000000 59748c05 b41b0c47 7a44f160 00000000 452f267f 00000000 f0324549 94478dd8 7d9a79f3 178437f0 9548c3c6 1bd961da 98d119a5 6f986dc3 5d5a353a a17d94ce 546240f9 9e809378 76185325 00000000 9d586e5a cbacc354 00000000 99080697 00000000 00000000 64c128e0 00000000 d347f43a 4e237eb8 00000000 de3378a2 00000000 00000000 00000000 82c56c06 00000000
61,22836193,0xe0be2740456040536765022e7db612418e3de99e,0x60d4c16c0b3511a2c6886f72358eb35f8d67132d,0xd5ae2c0f0f540646ccf8a2115d46cc7272b248f1d7fce9c0f108eb1c93ec6638,0x1486651385645cb34401dce8798d8ba797a26aed272ef0f7368b572230bc3ebb,33,vermilion,ebony,curly,large,93c9988c 47695f10 00000000 dde780a7 12623973 0b4d55b0 00000000 c27af5e0 00000000 1708159c 79fc17cb 5c99bf83 c021037a 2a3b1adf 00000000 00000000 00000000 00000000 c74d6976 98fb414c e08b3f03 44ca7dff 00000000 f5fb368a 00000000 00000000 00000000 00000000 08c4787e 43cf12b3 00000000 00000000 00000000 cd4442d7 00000000 00000000 00000000 1dc8ead5 00000000 00000000 20a7912a 42d88b6c 48395ce7 00000000 05260971 00000000 dd54fadf 00000000 ba119f46 f48ff046 00000000 c9cde325 00000000 00000000 00000000 32c0bf9c 00000000 72085f9a 558f27a0 00000000 97b6bb1c c1a3d6f9 00000000 00000000
62,22836367,0xd6ed92a915f940db5d288b1724a4e45b20c4f027,0x101de532ab80ce5852c1bb5c43608c0ccf0ecaf8,0xa9f05888993cbae2388cf5b9b171698cabee6f93497842af5bdab8ac2c4e1773,0x38f6a7e9f6ecefc52be5e4915e55c43b0ca426e26a7037cc55456cac09441113,24,brown,yellow,curly,large,3dbc8663 99b08f2a 00000000 00000000 d54bc00c 00000000 00000000 00000000 7362cca9 00000000 00000000 00000000 c8f3f08f 00000000 00000000 00000000 00000000 00000000 6d3a4d8b 00000000 00000000 00000000 40fa99ba 00000000 57f3fb05 00000000 00000000 d78fdc3e 00000000 00000000 00000000 00000000 00000000 00000000 1d02e3e6 bb09ad49 00000000 c2050567 00000000 c04ee19a 00000000 00000000 588340e2 4bed8528 00000000 d8d95e15 ef1f5750 00000000 23b8ca1c 00000000 323deb27 00000000 00000000 00000000 4074358d 00000000 7dd3d1cb 00000000 15b173ef 00000000 972c0816 00000000 ea5677f9 00000000
63,22836493,0x62ff01f014f0da446e02a62392538f36a83a2659,0xd8688f65cb1bb2f34546cee51f88f936dee622f9,0x5830df653107065463d65347bccf9a6e14ca76a92a11df00bd51e555fc5be2f1,0x9ad4907e4d1ea91e8c8bee8d67d4236c73b4a65577e5a7f96330d7976ef00e4a,32,brown,tan,curly,large,00000000 9d26ad64 00000000 be963fdd 00000000 00000000 13558ced 00000000 00000000 ba02de9d ed3001a9 01d322ed 00000000 00000000 00000000 00000000 00000000 00000000 00000000 00000000 aed5f87e fcf1876f ee119780 aedcfa80 00000000 ae47894a a1878ad2 564da60f 00000000 615273d9 0d0433f3 00000000 09ac369c fab364d4 336586cb 00000000 f59b9011 00000000 00000000 e21ce94e 0be6a315 b6c837a8 7cc44023 00000000 65f1c349 00000000 1b8450c0 e85ea0a2 00000000 00000000 00000000 00000000 d64197a3 62c378cb 00000000 00000000 c89ae151 321665e0 00000000 00000000 00000000 0f9731ce 36a12ada 00000000
64,22836571,0x7a293aa02ef51e4e25394ffeeb5989ad4674cdd5,0xf28891443d2a6a7090e1c9f03e6626cdbb6d3a8f,0xad85bef04f8d5cf14463c7360d2a7ced1d01198245bbe7470337466a53c9ce1c,0x9ccd044449394ed06d355685df275fd9d344a96bde8d997f5e42a232ee430317,28,white,ebony,vestigial,small,27699b46 45697668 35a07506 00000000 5ca2fe65 00000000 00000000 00000000 de984e80 67fdf964 00000000 00000000 00000000 00000000 00000000 00000000 4297a73b a5e1bfa9 00000000 00000000 00000000 00000000 ab889bbe 00000000 00000000 9253638b 1cff2f9c 7019d1dc 00000000 cd18f3c3 ec27df28 7b0a1ea1 00000000 71c58a45 00000000 00000000 7bced2b4 ccd2e6d2 00000000 00000000 00000000 32283c6f 00000000 00000000 00000000 3f507351 00000000 e2a7765d 00000000 3f3125dc 00000000 00000000 00000000 00000000 07b9e852 00000000 00000000 875d36aa 90f5552b 69f24f49 33c1cf61 00000000 d67e2b8b 00000000
65,22836626,0x94de35a17ab7c0f3ca734046306743dfce6bfa2b,0x2e61c493fe0b234b76d65ec43554d1073a262f04,0x9b2a3dad6ebe5e9b2c8a29f6ebe245d831ca74219b1de3b3ffa4021e6b03191d,0xce25e51d27caa654cf783990156827a9eb5d0b03e2420453e09e01f042fafb05,30,sepia,yellow,curly,large,aea6c387 00000000 6ed3f973 00000000 00000000 00000000 00000000 00000000 2961e6cc ce2d87aa 00000000 eca0c3a5 79a3ea3c 4acf1a62 a3104a2f d299b29b 00000000 69cdc468 00000000 37e581de e4b7f326 2a231fc1 bbf6c397 f1c18e67 00000000 65c1b23a 00000000 00000000 00000000 00000000 933ff09d 00000000 00000000 00000000 00000000 00000000 63bbc3e1 52034e4a 522c2be9 a049dad5 3d84046f 00000000 00000000 00000000 00000000 00000000 00000000 00000000 00000000 67fd49ca 07519f10 473e9365 8cba0e5c 00000000 00000000 077ab87e 00000000 00000000 00000000 00000000 00000000 22215eb0 7fb4f2d8 0dadbfc7
66,22836660,0x7a293aa02ef51e4e25394ffeeb5989ad4674cdd5,0x9078729e0470d02220efb89f0ee8fcdd0ca27150,0xf70d9d76089231fd6badd8ea44e7587fb22357d69904408e2badfca64c2c3dc9,0xa7170949a77b1a1dea8430af74438e1dba2aaa95334a1c7e4bc28dbc20e707fd,33,white,ebony,curly,large,2e3574d8 00000000 ed0fe2e6 2ca79d1e 3b187a44 2f6e93fc 24024ba1 54fead56 2ac1904f 99090f81 2493cb9a 00000000 00000000 00000000 00000000 00000000 acde427a e3aeda68 de651330 00000000 00000000 b1202286 d82f2b8a b57dba6c 00000000 00000000 00000000 00000000 00000000 74e6fd17 00000000 00000000 00000000 00000000 6be6dc8d fab916cd 06192763 a9113ab7 00000000 afa85acf 7d79a1e7 00000000 d8e37329 8417c290 00000000 00000000 00000000 2475289c 00000000 4c098b92 00000000 00000000 00000000 00000000 81f77b94 02ab8a5b 4cf8d1b1 bd63e779 00000000 d5345c79 00000000 00000000 96f4228b 00000000
67,22836764,0x7a293aa02ef51e4e25394ffeeb5989ad4674cdd5,0xbf301873a28e4b62779f4ad6350be3fbc57b06c2,0x2c33dab622388e0f834cff5eca46fb0cbaf42ec713e3778c4e965a2cb21cb024,0x18ce5cdc7cd364eb09635325d2da81bd3f84361af697b52391dd620104fd865c,28,white,yellow,curly,large,00000000 00000000 e447a620 a663f3e9 9d01dc72 00000000 7cfa9072 00000000 00000000 6af3cc8b 737145b7 00000000 00000000 00000000 00000000 ea496a6b 5721043f 00000000 2d2745ae f30b8c0d e1f2b09f 6f5100b2 343ed674 071bc64c 00000000 00000000 8e5b26be 00000000 00000000 00000000 00000000 00000000 87498c53 00000000 00000000 00000000 00000000 00000000 00000000 00000000 00000000 2d69a3f8 00000000 00000000 00000000 2ddf4caf c29c708f 00000000 0c300c99 00000000 ed3a14a1 71b486c2 87231fab 00000000 05dee3da 185a629e 194b8b8d 00000000 00000000 00000000 72b6c5f4 00000000 00000000 115c2aa7
68,22836785,0x62ff01f014f0da446e02a62392538f36a83a2659,0x3b49eeffaa3676b6860da1271f525e6a2a0c8ceb,0x4b99a59e081f3c7596ab18791289117490adae807310e12044a0a8d0d74c928b,0x0333d5ecc5a73563ab7ba159cfc2b716ce48f666e255d717554e1134b9c46894,27,brown,ebony,curly,large,00000000 00000000 afc2fc11 00000000 21bb5ed1 00000000 00000000 0928dd37 00000000 00000000 00000000 803a7896 00000000 ed05b176 0344eaaa 00000000 00000000 00000000 1db722ad 00000000 00000000 00000000 9bafd2ee 20c95d69 1d95317f 00000000 00000000 140d4779 0f2d0cd3 cadc7a73 00000000 ec529b07 00000000 00000000 047cfc25 00000000 013169a4 df9c688c 00000000 00000000 422c517c 00000000 00000000 00000000 7b80ff8b 00000000 00000000 00000000 00000000 49af0486 73fced93 89ebf94e 00000000 00000000 eecee781 00000000 69d1998d 00000000 44c5a105 00000000 038a673e 00000000 6e41e538 00000000
69,22836813,0xf04ecec3cac1ad5e55e03cb5842b07be2c2249c9,0x91e4a2e82d1f302305ed5a71f3e52171e9fcfcea,0xb8836947422789de2fe0c427fbfd83091b53060930cae61da1a146351aaaad2f,0x265cb44dd3c1d4f452607f4b99bbeacf4a0bf69a69f2fdbc2b0ad181283fa3d0,27,white,yellow,dumpy,small,00000000 00000000 00000000 00000000 ede36e36 00000000 a969ff7f 77415ddc 9372a28b 356eb8a2 00000000 00000000 00000000 2f783f7e 00000000 3787ee51 c69d3b52 19ce58f9 ef7cb8c7 03a19e14 97c2b1a0 930f4d8b 00000000 00000000 00000000 00000000 00000000 43ba8867 00000000 09d5ef53 00000000 00000000 76125a6f 00000000 00000000 00000000 00000000 00000000 00000000 99ee593a 383e2a1e 00000000 00000000 00000000 9ea2dd4f 00000000 23ef11e6 b74067bc 00000000 722f7665 00000000 45bec075 00000000 00000000 00000000 00000000 442f9828 b0c03984 00000000 549d5d9f 00000000 8ee4b5db 00000000 00000000
70,22837041,0x62ff01f014f0da446e02a62392538f36a83a2659,0xf2d81be21e25800bec897f9ada254e557845cf80,0x3be37f2b0c19d5df56ef662044233a05fd30ebdd3379bf17366fd9ea4abea01f,0x88fe35914ea1cd003958a10cae240d5f59f1128c49d2dca9956ef14b810af1c6,31,brown,yellow,curly,large,00000000 66aece89 d54f7cb5 00000000 00000000 00000000 ac2f7ee2 89424ec4 b146aa98 00000000 00000000 00000000 9832903c 4e850b52 6128b564 20232aca 00000000 c8f88d0c 00000000 058110a1 00000000 00000000 00000000 00000000 34741553 00000000 00000000 00000000 00000000 00000000 00000000 3fa4a03c 162e2ccb 796f76b0 00000000 532e99b3 00000000 00000000 d07e46dd 00000000 66bf0aab 00000000 00000000 00000000 e3908a66 0aeb6392 ab463a86 77a9872b 00000000 50581995 93a1302b 9a186df8 00000000 b5c498a7 9f07e656 00000000 1d249df4 00000000 45a698f8 00000000 0d148027 00000000 00000000 ceba42ca
71,22837280,0xd13699e25eb3550ec997be63686ca837e4d956ba,0x580a46dc7c7cc0fee3f7f0c252136758a892a869,0x41f268c9ec0c95fcaab50cf5efc86c33b11733ab6f0e8cd3fbbd3ac1d9b8031e,0x840891c01a532db44843295734dc1858036e685b4839b928837acd3902ef1c66,32,sepia,yellow,curly,large,00000000 11299511 f75c4a43 00000000 00000000 31064f19 59b21741 00000000 00000000 00000000 5399821f 3628fdd1 58fdebb2 00000000 00000000 00000000 4568f52f cd025d2b 35ccd876 03e6481d 00000000 cb24361e 6e1baa00 49023ee8 00000000 1ad8eb62 00000000 00000000 00000000 00000000 00000000 00000000 3790e942 00000000 00000000 3d19767f 1712cbae d9f26f0c 00000000 00000000 0ef09a82 00000000 fe517786 f1c0bb8c 00000000 00000000 29b437b7 006633d6 00000000 b26aedcc 00000000 b61b70d4 b6199ecf 29202300 9972c65d 00000000 554854d2 cc68a2b4 00000000 00000000 00000000 00000000 00000000 666b12fe
72,22837353,0xd13699e25eb3550ec997be63686ca837e4d956ba,0xd3f5017ddfac28fa052eafec00f91fa4b1332f64,0x3df0c2ec3bb56e1aae0bd6694a036f0695407b52a6fa06bcec947109d29cf67b,0x6db98b9d84180c67803a07b46f472bf96b62e7409ef5d5b69fb5c41940ffdcfd,38,sepia,tan,vestigial,small,abb3bcb2 00000000 bfdd36c6 19c3c529 3e9a2d67 96b90d06 a5ee3ca6 6b866cc7 00000000 00000000 301ddc4f 523e1565 eebe2589 00000000 825f1a19 008d1e8c 62251e38 e7836329 fcc57731 c2b88be3 66c47593 122ef366 9910a8b0 a2c11eb7 00000000 00000000 00000000 00000000 00000000 00000000 60470c29 00000000 4c858141 00000000 00000000 213ac216 dd20ab42 00000000 00000000 00000000 00000000 00000000 c1768a87 00000000 00000000 00000000 9b9d2410 3c646f94 3c993932 00000000 2779afe7 00000000 e6cf4b4a 409293da 00000000 ca8c0236 0a0204d0 85bc9fcd 7e1224c1 14e8f925 a88bd355 00000000 00000000 cff0842d
73,22837416,0xd13699e25eb3550ec997be63686ca837e4d956ba,0x80b9da13b996ddd9b9bf0ca634289a953411587d,0xdb713c7077d397d75d3d62dcd32a1a39db70df2f26fc40cdf5d9d2e0960264c9,0x953c117ad9c205e6d12548ad7184ecbc8e30a1ab49d919d54a77059e72a61fb3,34,brown,yellow,curly,small,fb1a7c5c be40ae92 00000000 00000000 e10487eb 5cdd75c6 00000000 7f9600c7 9881c343 88fda584 4852d49b 72d32a33 d8c1ec1b 00000000 00000000 00000000 00000000 de3be1e8 4dfef7d6 00000000 00000000 285ae38f 00000000 7e3d7420 00000000 3c3aad5a 00000000 00000000 2f11cc29 aa9e89a5 b9091bbc 00000000 00000000 718e7bef a7a44705 dd2ac449 03cf8e08 00000000 00000000 d54c3604 f1ccc3ba 00000000 42e50aa8 00000000 00000000 00000000 00000000 00000000 4d49fd22 c3a22fb8 a12b0369 00000000 fa8073a1 20fb0ea2 90d9534a 00000000 00000000 01be4417 00000000 cea09426 00000000 00000000 5fcf760f 00000000
74,22837549,0x74107b9b65801d477d5a7980905beecd72b57a29,0xa63ee5e416ea523a6bbdd0b6c40b07420aee48e3,0xf56916ca89a846c089d8726810f5bc49e728964c84b2ecf075edb4ffc62077eb,0xb1115992c3bdf1e40b2be51519779e8b699fba1ce85aaf92fcb6aa545f1ed694,36,vermilion,yellow,curly,large,00000000 00000000 914fe6cc 00000000 0e07b1a6 00000000 00000000 ce22c590 00000000 a30329a9 94a49665 00000000 1ff5c85a 00000000 db1d65cd 7fb6d250 00000000 084314df 0ac8fcfb f1f53371 9e0325da 00000000 00000000 00000000 87a10c0a 9ed9723d 4754a138 d2e5fb52 9a3e8f43 00000000 d80a5134 00000000 00000000 00000000 55ccd555 00000000 bef2392a 00000000 2c11ef85 00000000 00000000 94c08eb0 00000000 665d9f1f 00000000 b1cff65d 00000000 1b63c3f9 00000000 1a1d81fa 9738319d 00000000 9de7bb9d 1d29f9eb 00000000 1ceaeba9 00000000 00000000 dc446698 7f923ecd 3476993b 1ecef3a7 0bfc810f be63e265
75,22837973,0x22b033b7212cb9b8a8bce73dbad80ed77a229322,0x69942e7ab28922b4b2734084afaa2ceabbe2d615,0x62d56bb15bcdad94674b29a0a2a50c4de4bc49ed3b487d3c4f7997d305024402,0x1a681beaf32542f61c2d7c944a187ed1fa070a04c6f35053054e971061cac25f,28,white,tan,dumpy,large,26c4ecef 84896ede 08ae9514 11c3c899 fee37dd7 00000000 c1fe878d 00000000 00000000 4a974a70 00000000 00000000 00000000 00000000 b043ca24 a179462f 00000000 f6c90842 00000000 38bde9df 00000000 00000000 f77616b5 df4f86cd b49f4fc9 00000000 00000000 00000000 00000000 a7df1686 b79da5cd 00000000 00000000 00000000 00000000 00000000 17d615bb 00000000 00000000 00000000 b046e936 45852eb4 fbbb496f 00000000 61c29f26 00000000 00000000 d2ee953c 00000000 dde1c060 90ea29b1 e7f4c16d 00000000 00000000 04823972 00000000 a8b7cdc8 00000000 a2e47210 00000000 00000000 00000000 00000000 00000000
76,22837996,0x3f62ae0c7ed24dcd2b52c1c224296519b02df00d,0xc08e67ac65d192ac88a5ddc3125d572c454d2e74,0x93c30084a833b19aa260be026fb9783a753ca75a0b7877b0258ae15ad8df29f9,0xfe2fec8a4e0e622d2505ce2c11fe2f97bca1fba63ec4cba9dc909ea7fa063def,37,white,tan,vestigial,small,871aa17a 9eabae67 e9ee6555 1d55998e 00000000 9adde1ca d62cdfe7 f257540f 31993a56 00000000 18703794 faead78a 4e4d8c65 351d2939 00000000 00000000 00000000 9323e15e 507436a6 00000000 00000000 00000000 00000000 00000000 00000000 1fe00582 00000000 fb462a78 2e29b1c8 74d4d91b 4e8c5530 bda74a33 f4fc4b0b fb4eff74 76fa5164 00000000 00000000 a384f6c3 00000000 ca7be70a 00000000 9e20933c 4e973f5e a846ac31 8f1da63a 00000000 00000000 ac6d48bf 00000000 00000000 00000000 00000000 00328866 00000000 00000000 38a10e0d 00000000 00000000 ff53c593 3f1f6644 fd1ea76c 00000000 04bbdced f3167a46
77,22838173,0x3f62ae0c7ed24dcd2b52c1c224296519b02df00d,0xd36243df82c9eb98ae4732bf5ed21dc99f244198,0x400365cd325100cc1bd086b53776036d2604996d46040c606dd9c63dd84828cc,0x0e8895b56864f870c53597bc033ecb514e6c4f993153cbb28e7adf4604ac7c62,32,sepia,yellow,vestigial,small,00000000 a7d7377f 00000000 00000000 00000000 ff37c3a8 f7c6ca25 00000000 00000000 00000000 aa3d05e2 262d9c6d c6d23af3 79c75b9c 6f55f251 00000000 00000000 00000000 45a2b513 a90b4626 00000000 b8dac19b 00000000 d2d74cb5 00000000 00000000 e9003412 00000000 00000000 00000000 00000000 00000000 00000000 107466b7 7cabab95 00000000 00000000 00000000 57dea53a 00000000 20ddab19 68c15e78 3acbace5 bbfad2ba 0e958462 00000000 30db9d10 d398fa1a 00000000 fc26f4a6 00000000 1c14fa5a 8bfa8484 2d9f912f 2b0d8ddd 00000000 00000000 2c4033bc 0bd65224 6325bcf5 00000000 00000000 00000000 be50e8a5
78,22838219,0xd6ed92a915f940db5d288b1724a4e45b20c4f027,0xcbd5f2a04bf07c1e74572037b0040d0e1413b993,0x6406bdbff17ff0e5e09f41b115cc3e3122b0cd4473deb6e78cad2ae951fd5155,0x4e9884b676d3e43638eb9983ad7e37c7dd603ff060f18b33cd589a7ddcb27d06,35,sepia,yellow,dumpy,small,00000000 8a18fa3b 84b0f5b1 00000000 00000000 00000000 00000000 00000000 72d0bd7f 00000000 e1e54f38 447af030 3da5665e ca93e186 d2c10dc5 00000000 00000000 bc382aa7 00000000 00000000 af156444 5cf9e6aa 00000000 f53851fd 00000000 00000000 3103c18d 688d91a8 9323586b 00000000 76cba264 ee137a10 f56912e4 00000000 e02b7239 3282c9e3 d4ae8c32 907820f8 c8f92012 00000000 00000000 4b11ae8d 00000000 17870b94 548b2106 00000000 00000000 b638cfcc 00000000 00000000 00000000 d84541a5 d4afaaf7 00000000 adfbc2e2 00000000 ea5cb57f 00000000 d449d802 078d330f 00000000 00000000 7e91f5b8 f10ed544
79,22838515,0x3f62ae0c7ed24dcd2b52c1c224296519b02df00d,0x9bd26258a538368538cb80233af1f289db0ff4e4,0xeb7e555d7165cfae8c2e24f9ab6af46f12b86bc8d034084a7a0adc758ff26479,0xb4b525a92ecce0a1e909b2499b5e36357091320d796719b5ca4f34e0b4b0fc73,33,white,tan,curly,large,9ad4a636 b8ad5e42 00000000 00000000 4cdf24d1 debc7720 b9378fbc 00000000 00000000 00000000 75fffdf7 6decc75d b5e46d61 34859841 43174c1b 3ed3157d 00000000 00000000 00000000 00000000 9527b883 1f3ef262 00000000 45d84db5 00000000 00000000 0a5f0c4b 00000000 f7fcd8e5 45c95712 00000000 7f5323f2 00000000 00000000 00000000 00000000 00000000 829ffef0 7384d26c 8e56dd16 00000000 00000000 8b854ff6 00000000 457c2fe1 0d067276 00000000 00000000 375d26cf d1119b42 03f65a23 74439055 00000000 00000000 82559c07 00000000 00000000 b5bf820b 00000000 bb501384 00000000 00000000 d45c89dc 981454a8
80,22838617,0x0420e243d8ab4a22dadded1ead8cdcca14074d7c,0xcbbdf5c485fdfaf40ff7e5fdcb09f074ea66f520,0xe88f1e2b64cc902f0710335a971536f69f38e78258608367a0564532fd74f496,0x8136a360fcd884bee0569085cbb8ff0bba13a02088737ca54705c8c289c13787,27,brown,ebony,vestigial,small,cd677a11 f111fd08 3e293cc1 00000000 00000000 00000000 00000000 8e3e389a e4971c12 f4623813 334f8780 00000000 4144d860 8d271b65 00000000 00000000 200d3dcd 00000000 00000000 00000000 00000000 00000000 3764f99d 45ff4253 19f75936 00000000 00000000 5817e89c 00000000 00000000 00000000 35631cab 00000000 e2ff27cb 00000000 00000000 00000000 00000000 c52e3075 1b88e7f8 00000000 00000000 00000000 09476032 00000000 00000000 00047f1b ad684a47 27247647 00000000 69f6456b 00000000 00000000 00000000 00000000 00000000 791e7cf9 9da323bc f2c87043 00000000 00000000 00000000 fa6bd55f 00000000
81,22838676,0xd6ed92a915f940db5d288b1724a4e45b20c4f027,0x61c1c5efc3b6efeaf96ddb1c2e7f7baceeb6cbf3,0xc013a1a724be87d7386c3c1dc53efc70ea37875a7b4368b2af34f8aea8ccd8b4,0xd132170add9ed63f506ba8834e492e7f449883dbf3f1e58fb105880438f3a1bf,28,sepia,ebony,curly,small,49846620 9fb6d14d 2c06f7d9 43b6a2d1 5c847862 46799d1d 00000000 2e373b3f ec1d9101 00000000 00000000 00000000 00000000 7bf8a324 00000000 3cd6a51e fe51204f 187aafef 00000000 00000000 393f6f8f 46effe88 4e3c56f9 01056b94 00000000 00000000 00000000 9b223d5e 38c4b4b3 d250f061 00000000 00000000 00000000 00000000 b25be855 00000000 00000000 00000000 00000000 00000000 00000000 00000000 00000000 a16fbd48 00000000 00000000 00000000 e3250584 8773ac04 00000000 4087a03b 00000000 00000000 00000000 00000000 00000000 4e8bfbcf 00000000 00000000 00000000 8dce524d d72d1024 00000000 fbbc7346
82,22838838,0x0818404d4e07ff38c42d15cff5d2f22fc907977e,0xbb32f964cc794c641ff96f12c58e538815019d49,0x656f84dec1bdeab5edf3538f75ac23339bc335e7723347525f67693e2fff51f0,0x03deec5cf5df67254450b768da6ab9c8ef4356cce6e6bb8a542452c1757f3b1f,33,vermilion,tan,curly,small,25d86b0f 11cc59c1 0bef8a85 05101374 035e27fc 00000000 00000000 00000000 07e51f3d cba3c90a 00000000 75c1c9e0 2a3afead 8a9321f4 00000000 00000000 a9127e30 b2018ae6 0e08a161 1feffda9 0e06ca5c da7b3ce6 d2cdde6b 00000000 2f049c17 00000000 82627f61 00000000 034c22d2 98089e53 bb5d4ed6 00000000 5c192e07 00000000 00000000 00000000 00000000 00000000 418e420c ae241287 00000000 185aa907 00000000 00000000 6749981b 00000000 9889531a 00000000 00000000 00000000 068f8056 00000000 00000000 bfdcf5b6 00000000 00000000 00000000 00000000 992ebba8 00000000 6ad9612f 00000000 09ed7083 00000000
83,22838990,0x0420e243d8ab4a22dadded1ead8cdcca14074d7c,0xf66d004f8754e1dc3eb7a569c01ccdab046c3696,0xa0225d2c3f441cfd2f8e3aad5c3820b55b2fcf9a51f8a07410fcc0430c6df43e,0x3a5876bf6fd0877594633e7c7d908ad9bd6272a2cb4920b2e97835c473ab4a9d,34,white,yellow,dumpy,large,b070214b 00000000 7cb79324 b1543851 e40cbb91 00000000 00000000 f8713ccd 00000000 7101100f 00000000 7758378d 00000000 00000000 37ca33b6 00000000 75fc26e3 6ef6bc33 00000000 591451f9 00000000 9ace5f58 00000000 80baa9e4 bbf82fd2 dda4ed19 00000000 00000000 0d29f931 5b82171c d95e040a 00000000 00000000 00000000 6ac93575 00000000 00000000 00000000 743185b0 73a71579 47dcac05 00000000 abc342e0 00000000 4945ffdc 561798ee 00000000 00000000 00000000 00000000 00000000 b23cd393 4eaa0c7a 62d6fa7d e8f24b98 00000000 40455c7a 00000000 00000000 76c05fac 00000000 3043b923 3e4028b7 742d0068
84,22839020,0x45828555f1ccd93c76f7e1b19822e7294946415a,0x5c8bdec4e14abafc25497ba1ad16b28367ee0638,0x61e17e85857a30b82ba54bd4c420551f50db5b7e4ce927a566e76ab9003f1954,0x93c46c08f4fe5e18cfa7c0d4ddb69bdf7a97f9bf26a8b82c70cc7fd18f9c7c71,36,brown,yellow,vestigial,large,fea564a9 00000000 00000000 00000000 5c3bf635 89f478aa 9a630f35 00000000 00000000 00000000 60346bb0 c09badf7 44bd3f99 a69ee584 422c5b8d 00000000 00000000 00000000 eaf63aac 63ae16e5 26d3bc1f 00000000 00000000 ccd16152 cc72ae85 236a6480 ff554908 a9c279be 00000000 00000000 00000000 3bc361d0 63bca1cf 00000000 00000000 00000000 a5ad710c 00000000 a417556d 3a2b3849 e22e4ece 2d66c472 6e442ba8 b39e8b54 a984646c 93151929 5916f753 00000000 00000000 00000000 31d329a5 68ae82e0 00000000 00000000 ec411d8f 9d7094da 00000000 00000000 00000000 00000000 10cb3b49 0dd0758b 87ee774e 00000000
85,22839084,0xc9d6c183b4acafbdaf8c398adee039f17c86321d,0x4d2ce0e48293db80c546ce62b504bdf3b776cf67,0xe1455ec4902d8b3e0053b8bb74556ebd0f8ee557acb3946f572c366b772b9d42,0x43361d5893474255b9538f803539004c0fcb589d85c340d98563dafb505b4f32,34,sepia,ebony,curly,small,00000000 e5089e70 00000000 00000000 a8f593da f2f149c4 00000000 00000000 46ebc82b dd482b26 6c186d67 32fccc55 00000000 00000000 5e465efa 00000000 92bfd6a7 e7879025 00000000 c7756e2e 0d68f4d5 00000000 bbae9a57 00000000 00000000 00000000 00000000 00000000 38c2b6b9 00000000 d02f90a5 00000000 573a2601 b92907a0 00000000 d3e0524d e43c1b7f ff2c36aa e781d9ef eb8b2ddb 00000000 e09edddf 00000000 c4df0162 2a1e3948 00000000 12618a44 a1a3532f 8e7e9be3 a754776e 00000000 00000000 00000000 50631da0 41265d82 00000000 14bee79a 00000000 b216cea1 00000000 00000000 00000000 00000000 1dff2dac
86,22839111,0x0dd5ff179c68dd64fa712da08b550ec3a7d3bd73,0x3c773b21447d5b6e7d7026a9b15166d7cb4a848f,0xf6f384a097a957b8ad16afa4b4c2a5ad534120f966cabd30ce578c8f665d1da3,0x6423a4b2ff8738e6b515d305ff547078e1cc55c60a0199412a8de9e5f5ccc349,34,brown,ebony,curly,large,930b0f56 00000000 00000000 5482b13a 00000000 00000000 939ef144 00000000 a0dbd5de ba30eb72 00000000 00000000 00000000 00000000 2585a36b 9d838863 00000000 00000000 b14e235d 65ef31ef 00000000 00000000 057ddfe2 ed82fb3f a6475eda 00000000 c50dd958 00000000 fcabe020 a4b853e6 1808d304 5f1e1010 ee556d89 00000000 3f2015f6 00000000 00000000 5dc563ea c877c053 b47ff6b5 af0321f9 00000000 00000000 fe54c29c 00000000 b48baf9b d21a3d1d 7f0fa21c 416ce858 00000000 f48f63d9 7494b7cc 00000000 00000000 00000000 d880a470 00000000 ce8a851a 00000000 053c4c4b 00000000 c5ff1ba2 00000000 00000000
87,22839141,0xc9d6c183b4acafbdaf8c398adee039f17c86321d,0xc2c273f0475817449f1cb0e26f025bb003ed833b,0x4bf3ccb1eb73eaf77b39c593654a09774c22572cf56bcf7c86bc91fd1a85688d,0x1fe0f06b5c5328fd416b51a3277956a6af41abce3805c06d4f0bdc60d26e7a33,33,brown,yellow,vestigial,small,563fced1 09e6a90d 00000000 00000000 ed151b26 69a59601 00000000 00000000 00000000 fc307fb9 00000000 e536a7fc bbf81bf9 434726e6 d5314e1f 00000000 00000000 ad97b1f3 11edc02b bbe4fb21 00000000 2b514a5c 9788ad1d 00000000 00000000 f684baef 00000000 00000000 b0cedaaa 00000000 4dd93d3d d307e9de 00000000 00000000 00000000 00000000 00000000 6f9f0bf5 518a5b5f 00000000 00000000 00000000 1222d4ee 40c34e7d 0a3a3dce 00000000 d5b3a51f 820de7a3 9f3dc77b 48dd91ae 00000000 a238ed0f 00000000 00000000 00000000 00000000 c8773a13 f916bce8 b4078178 8136aace 00000000 00000000 5cbc5b86 00000000
88,22839156,0xa2e8a61f22e3b61c65e9b2b068012b47081bed7c,0x58299b2d032fceab016574d4747667ece7714ed7,0x59c37db7e7520336b8468e136180591de3a2def628f4124609d110c29febddcc,0xa23e024ac1073cec2fca5f3b8b3b190ba885269e28ae4e519d060c47d98fd712,31,brown,yellow,dumpy,large,00000000 5640b443 00000000 00000000 fa51b8e0 00000000 00000000 00000000 c93b7021 e488c1ae 0242ecb2 00000000 0a437586 00000000 87263c39 65f8f983 17f83a92 20623350 417d222b 945d8112 00000000 00000000 00000000 87af77c7 132bf192 00000000 00000000 cef5853f 6f7f96fa 00000000 b0917432 b4ae9fe8 7ca5ecf0 a3e0a0f1 575a0445 00000000 00000000 00000000 cc190203 00000000 00000000 00000000 b51f2089 6ebf533b 00000000 00000000 00000000 00000000 00000000 6c9ceabe a332fa4a 00000000 00000000 00000000 00000000 00000000 ea5a7151 00000000 dea09a00 b2205d87 cc8ca913 00000000 00000000 a70932a1
89,22839202,0xc9d6c183b4acafbdaf8c398adee039f17c86321d,0x7c5ec6b5b8b6067fffe673d31606363518ea7a1a,0x870a4773991a19020c4e0db49f9b5f5a3a548d97b35a0d3124e7a8eaecaaa7e1,0x6ef36e59e6574221b1d0c8dd69cc4478b4832516a4bcb31601dc76744c8dfb65,33,brown,ebony,vestigial,small,728b4372 00000000 486eb2aa 00000000 00000000 19433801 9ab268a4 00000000 37de0b4d e3841697 00000000 c9bf8ecf 06dc0e11 9dbe3644 e88e8134 c854117c e39c485e 00000000 87522383 a101c608 00000000 00000000 00000000 45a0edb0 00000000 00000000 8fda27c1 1ae8c253 00000000 00000000 b5bd1a54 00000000 00000000 00000000 936dc01a 00000000 c1a20bcb 1206aba5 768957cb 00000000 00000000 fec087f2 192ed4fd 00000000 ecaad834 eb5133f0 80821e89 00000000 00000000 00000000 41d08093 4a820768 3225e9af 00000000 98c3f316 32cedf0e 11e42b98 00000000 00000000 00000000 00000000 00000000 00000000 00000000
90,22839237,0x0dd5ff179c68dd64fa712da08b550ec3a7d3bd73,0x38d21b0322ad1d7c1fdfe00899fb9f7fc31dc6a6,0x613d10a73ec3f41db74c8320cfa37ca88ccb5e510582464b338a922be37260ce,0x4f4ca56066fc3fc0f102eb61b2d79c8dbbd182a99a110e2436a1e5c2fa4743d7,34,brown,tan,dumpy,small,b3ac3d82 66128e53 1e3da037 00000000 909a6c31 00000000 6aedab47 a048e0ad 17ddf96c 251a7891 00000000 00000000 00000000 00000000 b54c1b6a 00000000 b18c818d c8cae7a7 2447a17c 00000000 00000000 00000000 dc74349f 00000000 00000000 af98dec0 00000000 84b95a0a b3719a2e 8defb4d7 6c4f78f4 893f94a3 00000000 1ee895b2 00000000 00000000 00000000 00000000 d11eae7f b11e5721 facb8b80 00000000 72d5e2dc 00000000 00000000 89fe6a39 dccc04fe b0ac4c8b f07532e9 00000000 00000000 00000000 00000000 2956e2ca 00000000 d10135b2 00000000 0d605181 4c6779df 00000000 561f3add cce7cd82 00000000 00000000
91,22839539,0xafd6e6a4c331a0112ed9fbc306fba05b44d87020,0x4306ca49003b53f4b63deabdc716296e4c126522,0xbb8d084ceba4952aa834481aec577eb511be4efd1facd560d3caf9bd28e38cf6,0xf1943c00d1c432dbb6f4d3d6c7a32118e8a3b2e9f2ff03b5381946e981549733,28,white,yellow,vestigial,large,94a0e3fa 508af073 00000000 00000000 8f9f2f15 a7b39049 00000000 00000000 74a3736b 935252a5 7b18eafa 00000000 a5e90f04 00000000 00000000 d1a01495 00000000 00000000 880b6aaa 00000000 91033e21 00000000 21f7b7e7 00000000 c5503bde 00000000 00000000 00000000 00000000 00000000 00000000 51304131 beed7332 00000000 00000000 bf2a302f 00000000 70869a4b df9cb93d 8baa4cc1 00000000 9ad42c5c faf753cc 00000000 00000000 00000000 cd49bc6a 00000000 1991acbc 00000000 00000000 2fd7254d 69f55576 00000000 00000000 00000000 00000000 00000000 00000000 40b80c62 77fca643 85e5413b 00000000 00000000
92,22839566,0x74107b9b65801d477d5a7980905beecd72b57a29,0xd9c9419a6db263c38c198d3f15084acf7c6a3c5a,0xdac0a1afa22207d0a36ebbf85bcb183e82e955d34b2e8cc524066d6436d2a08c,0xe363ac43d5cd305c35e64f996e53ca91a11170d2e4644a53d81234ccd56e0ab5,30,white,ebony,curly,small,6802cf64 00000000 9911f607 00000000 f28450b5 836c2487 00000000 83aa3d7e 00000000 4941fe80 00000000 564a279e 00000000 00000000 00000000 00000000 00000000 4bd3073d 07691c4d 5a65d101 00000000 69ce7bf1 8b069e8b 00000000 69590694 00000000 21ef8f38 00000000 cfa4cea4 00000000 552611ce b0f71d66 00000000 00000000 ffc6239d 253a245b 00000000 00000000 aba01ead 7d2ff96a 00000000 00000000 27c26ba0 00000000 f1bc3ac5 247e1581 00000000 00000000 00000000 3efd41ed 00000000 00000000 221c4980 00000000 00000000 00000000 00000000 00000000 00000000 113ae948 2daed091 00000000 a2fe9066 52e10d25
93,22839620,0xafd6e6a4c331a0112ed9fbc306fba05b44d87020,0x75482043d13babbaeabbb45d3a985008aa8d62a3,0x91b28f7952d8c1926734931b1b962e3395b168ac9871902276639255686b7e0f,0xd07c2a4deebf0c9f2e333ecf27883edc994fcc6913cba4601e2ef4b57000e559,30,white,ebony,normal,large,e2943e83 00000000 00000000 4d3d6c9a 118b9ced 00000000 e1b0fd06 00000000 80390c97 00000000 79a0fd0f 00000000 00000000 bbcf17cb 79c9e22f 9bf1b8aa 00000000 00000000 00000000 00000000 00000000 00000000 00000000 00000000 00000000 00000000 00000000 00000000 11318881 4869f717 f7902896 00000000 638fe7c4 00000000 3397768f 00000000 9a3aad9d f5128365 00000000 b5921562 00000000 00000000 81ccabec 00000000 7055c937 d6809590 29f1eede 0aed98ed 00000000 4275fda0 dfc2a474 e2330b53 00000000 ae404b04 00000000 00000000 00000000 92c348a2 0101f9fe 970361a0 4fc6cc5b 00000000 00000000 00000000
94,22839681,0x8746cbcd1d09ea15b3625692f11fbb0e17b52029,0x9d4aaae7455c750fc052e417aad40dd704466740,0x68e8ff84ed909f5bd47bd3df6c027fc566abc257fd20e11851f7a612bece984e,0x8cf62d166077e993db413a65b3946c4e0549a724f70c4405aabe544e723ed189,33,vermilion,tan,curly,small,1c64552e 00000000 00000000 00dccf56 00000000 00000000 00000000 99f06748 c2514695 00000000 00000000 00000000 ddb19bc7 00000000 f8595b3a 126ff3d0 00000000 96d8701f f7e12e11 3463a63b dd11d9a7 ca3ef34a 00000000 00000000 00000000 65052775 00000000 00000000 4eada906 5507d149 38d8a46d 00000000 00000000 a7238d99 d37ac10a 62a6b1ea 00000000 00000000 ba7184c5 00000000 00000000 00000000 75161e60 00000000 03b1bd70 00000000 0e762c8c 00000000 00000000 4edf143e 76d7e49d e238b3c2 57de0801 ba01f901 00000000 0682966d 00000000 4969a612 00000000 7b130101 00000000 b91dd088 00000000 175fdc25
95,22839776,0x8746cbcd1d09ea15b3625692f11fbb0e17b52029,0xa2a7ec87b5c81b0683e686de3bf67c545b149b9d,0x5f5c6cd6c630a59ec59a34206d1d789f4512e260e124256866dca42cdb4b60cd,0x42100e4b336921dbb4aff11a0be9c0b6359cdf84f772086d6250088bcb7bad2a,29,white,tan,vestigial,large,00000000 a54fe33e 00000000 3b4f529c 00000000 d188bfb1 00000000 00000000 b75853c4 00000000 c6dca531 58adfa7a 00000000 135a2551 00000000 dec8e6d5 deb11dd8 7152eed8 00000000 401c1ddc 412b5926 41615ae6 6fdd2ae2 00000000 8d9e5b75 10b43549 00000000 7262ee29 00000000 00000000 f65f84cf 5b6f92fd 1f113a06 64deab56 00000000 08235d9d 00000000 00000000 00000000 cb28a13c 00000000 00000000 00000000 2be3df3f 00000000 00000000 00000000 00000000 00000000 00000000 00000000 00000000 7532d761 00000000 a4c43e01 00000000 00000000 4c4cbb4e 00000000 00000000 00000000 7caeae30 012159d0 00000000
96,22839950,0xafd6e6a4c331a0112ed9fbc306fba05b44d87020,0xa9876a22dc2ebbd3fd378bc85ca483064d870f79,0x699921c2e88bcbaa9430d699352670c46e792ff403b060a873f4bfbee33e9269,0xfba67d9b7a87761f1d164aacb77f08ff8d9ce285670d2451c1b3785879de9503,32,sepia,yellow,curly,small,1174d563 63c48680 00000000 00000000 00000000 00000000 00000000 00000000 a6fc533b 00000000 936deaea 00000000 e0a14ab4 00000000 00000000 09b8b797 00000000 8056fcab 25d07083 3e04ad7b 19cad06b 00000000 8f1e692b c81a46fa 78d25d40 00000000 00000000 09d4ed75 dea2bc25 d78d5dd3 8670ccb6 00000000 00000000 00000000 00000000 aa3e19ba dabef2d1 00000000 4d0f3486 00000000 00000000 00000000 00000000 b5913559 61175294 1d1958c0 99c0f9c5 00000000 68ffa70a ac3631cc 00000000 00000000 cab82d64 a9cf96c0 00000000 41f38021 d1f11b8c 00000000 00000000 00000000 00000000 00000000 b882b937 d62bbac9
97,22840040,0x0818404d4e07ff38c42d15cff5d2f22fc907977e,0xa29ca0fcdf221a15c5e31f89cfa29a603660af09,0xbe4806895fe8409ec6370579f64e59f9761e96a2762351d2b02c20918e7a3265,0x9e6ba52e9ae4be8cb838ad33225c0452c1ca5f94a01b3d7581864c2e3b1be06b,29,white,tan,vestigial,large,c7d990f2 bacb5ce5 00000000 33a8a4bf 00000000 74f1e25d fc2c9bb3 00000000 00000000 00000000 00000000 00000000 00000000 538e7e2f 2cf3fbc1 853be98d b140b76e 885160ba 00000000 8b09590d c17f721d 00000000 00000000 00000000 7f3cd468 8c639a7b 00000000 5197c4bd 9512a8b1 24e7f526 00000000 00000000 00000000 08b32f4e fa71becb 50c26603 00000000 1b948cf2 00000000 00000000 00000000 00000000 c7bdffa0 6595d155 00000000 00000000 1235d51e 00000000 00000000 8fdc459e af469243 00000000 00000000 00000000 00000000 be17a7ae e33185d5 00000000 00000000 00000000 00000000 00000000 00000000 4b946b44
98,22840066,0xa2e8a61f22e3b61c65e9b2b068012b47081bed7c,0x4eeb479367bcf3dba8e4593060caf45ecfeb68c1,0xc11f97f4645cafda53fef473ebe587fbbb94b4b483ba7841d7a5766e5f59c17c,0xefc42b6a91402ed78e4f2addcae79d8f9ca67cad16358754addd3637ce985e46,36,vermilion,yellow,dumpy,small,00000000 9ab9fb11 4b0e1db7 00000000 00000000 00000000 57c2b65f 00000000 00000000 8d50d71a 4a243b3f 3e559288 896579e9 00000000 9490ec19 00000000 00000000 00000000 00000000 0fc6a192 0ea5b264 00000000 00000000 e728d63e 00000000 632603f7 1117ddc9 a95b7ea7 00000000 00000000 cd7cc956 5344f992 642e7acc ef2d102c 8bd365ff 00000000 0af23358 50c61494 00000000 00000000 00000000 90135e81 f1f65c2d 00000000 3778a836 c94d91f1 00000000 00000000 c54a125e 00000000 630ec268 1a72cbf1 46f804f8 00000000 79e353f5 b4033850 3fed6297 00000000 6683a2e9 4bfe5da3 00000000 c89925e7 00000000 e36ff1b1
99,22840086,0xcbc381d3f2139da5159cd9863d7e1d0111ccdd19,0x142d643a0c2a79013c2a54b89b178d9d1a9076b5,0x5534a5be58d09d2c95a476cc7d0c2bf1213d3eede58f68b0eec3015d7212c884,0x2dcd1c91ba0ec348575f03686d601e196731a8d345a1cd96a4bcb73384dc6050,29,vermilion,tan,dumpy,small,00000000 00000000 00000000 00000000 85c8e5c2 00000000 e99c0d3f 00000000 00000000 00000000 00000000 00000000 00000000 de48c3b8 c3a95ca9 00000000 00000000 00000000 1ae44ed0 b3cc16f0 01a907d9 00000000 2be2ff56 1549ce86 00000000 00000000 9b44771a 00000000 00000000 00000000 00000000 b59cabe2 d507b8da 25e31434 00000000 00000000 1a523ef4 455e0b45 00000000 00000000 91e9e5da 6b9f614a ab3df3d3 00000000 fce714dc b528ccb0 00000000 834b600f 00000000 00000000 195d2544 9d9a5e81 7afc42d6 fa9d517b 00000000 a832a317 00000000 00000000 7168dbe6 00000000 00000000 4c7640b3 00000000 fc581412
100,22840179,0xcbc381d3f2139da5159cd9863d7e1d0111ccdd19,0x1504a62f85ae50439965f59283278fbacf0117a4,0x59bd508b16c5b902d5e0079302710c55e6229db0813a0955cd10cd9ab60fa395,0xd2604224577680ec8e0003cbb83fca1c5cccae8a0e669c3b786a5bd348dc880f,31,vermilion,tan,curly,small,7af0b7b5 773a9757 8ae6bef2 4d2afba1 00000000 00000000 00000000 00000000 00000000 00000000 00000000 25965588 00000000 00000000 00000000 577b8430 00000000 00000000 9c5124fe 117b1e3d 4328bb5a 00000000 5b6943d2 d1d848c7 00000000 00000000 00000000 3076a594 00000000 00000000 0cf821f3 00000000 e7de67c9 c06f58bf 00000000 00000000 9b85485c 00000000 56a50455 b24b7b3b 7fd0d051 14948298 00000000 e84b5519 c59b816c 00000000 76d781b3 00000000 00000000 5b91fb80 00000000 9582e58b 00000000 adf73a2a 5bdf2591 00000000 00000000 00000000 00000000 69ad8976 ed304360 7989318c c72b0175 00000000
101,22840338,0xcbc381d3f2139da5159cd9863d7e1d0111ccdd19,0x6706aaeab1fabd3a20282dcf7f348e0fd6bd41df,0xcd83f2e3178cfa82ab988a32db5752c05952d9a78769cebe1a653d5e1628325c,0x162d59c66df634f0c7a2a779db057856e1e86065dbe9013590f7d75bc2c3583a,34,sepia,tan,vestigial,small,00000000 7170faf8 00000000 5565c606 961f79cd 1733b703 00000000 00000000 00000000 00000000 00000000 5c03c3e6 2d629055 00000000 83329ebe 00000000 270e4525 3be8898d 00000000 00000000 00000000 00000000 2e28085b 02945bb9 00000000 ba0056c8 00000000 00000000 00000000 00000000 1d077294 54689f38 142123dd 73bd0e7f 00000000 4be3375f ff1d3416 00000000 86d187aa 00000000 33f25522 917d3f12 bb67a5e9 00000000 96ae6c8b 00000000 1a421ec0 912c016b a14bf2fb 82d811d9 4b03f5ca 00000000 5f2e6316 75a9722e 10795d4a 0a5510e5 00000000 00000000 00000000 00000000 d922819c 00000000 00000000 1a779e9b
102,22840705,0x42a08b2a271f7305d0f6ef5e6c37f7ebb3d05c39,0x6928068894d1d590eaa0f90db02a136ed371bbf3,0xefda673e91c16a7e901186178098ad8b859ac12a0f5c87c02f3f92d343fc2f85,0x26d9c756f3ff6ef2ce43d3ccf00d7ebaeeed30938f7fe26412dd2672f262c40a,28,sepia,ebony,curly,large,00000000 fb686974 00000000 522d2d90 00000000 00000000 00000000 00000000 00000000 00000000 f5f4b025 00000000 00000000 00000000 fa904a84 97b6f179 00000000 ded3e388 00000000 00000000 00000000 30db67ec 93db1931 00000000 00000000 e0713bc1 00000000 00000000 6500e153 ddd70d05 1e316281 54583ccd 00000000 cba070c0 00000000 00000000 16cb149f e4f6fbde 848d4a64 00000000 00000000 77a03ba6 7a0fb4b1 00000000 00000000 529e7857 00000000 00000000 51ec2773 00000000 9f0d74c9 b9031757 54952858 00000000 3cb2488a 739a74e8 00000000 4611a510 00000000 00000000 5ba60b59 00000000 00000000 00000000
103,22840778,0x42a08b2a271f7305d0f6ef5e6c37f7ebb3d05c39,0x63ada15b43483b7f7d0cad4238d538cab9f70785,0x8fb8ff88713808acf86b32625fcb5abbc006e318f6bf80d8f8965375e627dfe4,0x05de2ca803463eb9f7263490fe9ad5094e25f3363a62616040cbca7427054718,26,vermilion,tan,dumpy,small,00000000 00000000 00000000 dff8f29b 118f6a90 00000000 00000000 00000000 3d3db124 88abcd91 7ec7ff0b 00000000 00000000 00000000 55ce013a 00000000 b1616362 00000000 2a623950 00000000 00000000 00000000 00000000 00000000 b194f084 c199ff88 374e638f 00000000 00000000 0e0378b2 00000000 00000000 00000000 00000000 25f7bf28 00000000 3858e3c6 7bdee70f 2a8a2837 00000000 00000000 0e8df01f 00000000 253059b3 00000000 00000000 26a2d47a e03ae814 195ad5f0 9ef7f7a6 00000000 6b744c58 00000000 00000000 2a2ff34f 95440cd7 00000000 00000000 00000000 00000000 00000000 00000000 086552fc 00000000
104,22840781,0x0420e243d8ab4a22dadded1ead8cdcca14074d7c,0xdbdd046aa1dcd3018c38e72f5558b7414211a075,0x3f23970569b80b49ba09c561426aa5cdd7aa6e025c801fd4926854cbdbbde962,0x73a9c55a23825b1fd861b6f62ff66855dfe9325473436fd809863c03429af1bb,28,sepia,ebony,dumpy,large,6c5f5e0a 596da228 00000000 965c8a91 b96ee0c7 c55faaf3 00000000 28bbb9b9 6e91aff0 00000000 00000000 00000000 9179f805 e62db394 56227447 52eef1c6 00000000 ef0827d1 00000000 b51ad880 3960b6fd 00000000 00000000 88b571c0 00000000 03c4eaa9 00000000 00000000 00000000 00000000 9f122446 00000000 6fd3f9e6 6d86649b 00000000 00000000 00000000 00000000 00000000 00000000 00000000 00000000 95bd40f4 17fa04ee 17c488b0 13f77d42 00000000 00000000 00000000 06e95efd 19cf8999 00000000 00000000 00000000 00000000 3b11d69f 8340d980 00000000 00000000 519ebee1 00000000 00000000 00000000 00000000
105,22840861,0x42a08b2a271f7305d0f6ef5e6c37f7ebb3d05c39,0x9bcfb71c5320fee7787656d5ef11e0cd76de185a,0xb96ebee4ecfdcce750a9d10a8fcf6dcf5bec81aea541ae08e34c431fff076bbd,0x7e526c329a548b8090759119f89d47ea2d8ef9ba5def4c8deb66926ea7e67fad,40,vermilion,ebony,dumpy,small,74425d5e 00000000 a5961936 c6da972e 00000000 68da80f0 00000000 032acb5d 4dc72f6c 7ce49a9e d169512f 8fc367cf 3ea01cdb 64b9911d 68cb8066 00000000 00000000 71149d7b d3a7a60e 00000000 00000000 2254e896 e6c01ee1 a5232ff2 99bdff7b ffe0bd7e 7a1503fd 00000000 00000000 8123d1ed 00000000 c1f2dda7 00000000 5765a4f2 12d4eaeb b2aaea67 00000000 668a54cc 8d67613a 00000000 00000000 c84cf046 00000000 00000000 1b58a850 00000000 00000000 fc791fa2 00000000 454c8ed5 e7f38bdd 00000000 00000000 8cb90d83 1362d8f9 00000000 bbbe5c7e c1648c89 00000000 3abd8c88 00000000 dbb2ddfd 24b75cce 380b9590
106,22841124,0x661d1d56530e9a07bb5d6058f32d431fecc9a7fa,0xab060cd88eaf829797222ed17d06c813c1c184fe,0x8e9603d89f61c2629a6b38123eb9ea8e22f17f3b48f690c783bf87c02b1f2937,0x2be7faf3dff45113bd16d2967c150ddcb85cdd0b89f3da8f11ef9162f6119d81,30,brown,ebony,vestigial,large,28d4bee8 00000000 00000000 00000000 00000000 00000000 00000000 95adb7d0 b7ed3cb7 00000000 ea0de917 4f962d4e fa5ffe05 00000000 00000000 e506eda2 d7c9cf69 00000000 00000000 00000000 fba39c30 00000000 00000000 00000000 00000000 625ce161 333d7a1d 00000000 ab6bdbdb 0041bc24 8afad8a8 d4b03524 00000000 e218bf36 00000000 00000000 00000000 5ee2ce8b 494a7d94 00000000 90e57ce7 00000000 00000000 00000000 97eb4251 00000000 00000000 5cf157ab 685f74d2 067ddaf1 72a72fe8 28d93f1d 00000000 7da5bae5 4c6da1c2 28d49c5a 03a8cd90 00000000 00000000 00000000 72f7d9f4 00000000 00000000 00000000
107,22841192,0x661d1d56530e9a07bb5d6058f32d431fecc9a7fa,0x46dce23a6fb3e703c4c42a5dcbf126e008e52986,0xf9a90b25c0189b250c2b9c505d34017367e42b03dd2c8207c87f79c523eb24c2,0x3304c53c18aaf0466891d2f5520046b47a9521c46b43b2e1fd33d345d6bef6aa,40,vermilion,ebony,dumpy,large,00000000 2443b40d 00000000 9acc918b 00000000 49f1a2ee 00000000 164d6620 00000000 a5b872c3 75c5a8ec 00000000 cabe8656 072863e2 2bed354e 13272782 00000000 7bb78cf7 be4346c6 755673f2 5589a81e 97cbcc2d 00000000 4dad77df 00000000 8eea5d7b 53deb406 00000000 e1e772a7 00000000 759759d2 7a6b09c6 2a1fc1e6 00000000 a52891fb 00000000 00000000 00000000 e9b01ef7 00000000 1f378863 5a2bea88 00000000 00000000 5292c3f7 00000000 904186be 66e52e19 5de6e638 010dcb50 00000000 00000000 94fa5ad1 918e17ee 00000000 00000000 8be966cd 00000000 009fc06c a151ade9 d3c3cb92 22e1e6ff 3144ea93 b25c87fd
108,22841262,0x661d1d56530e9a07bb5d6058f32d431fecc9a7fa,0x0dbb69c23a5edd441a7ff89f74b6198a0c37eb5c,0x95f4dba6590e643cc8200f3b47c1605d17c287c27c0efcd061919d7ab9bd41b6,0x2078a9f261d586e65462dcdc7f8d17cb94c44c30accc0b1c15ab09d064f1f175,31,sepia,ebony,dumpy,small,6afed253 00000000 26600e40 00000000 d32b3c62 38152a07 3d022107 00000000 3781fa5d 00000000 00000000 00000000 bb9d8ec4 d2315e08 c5ca9534 0324cbfd 15a2d71e 00000000 00000000 00000000 c5800560 ccf2a36c 3a78cd2a 7035f8b7 00000000 00000000 f64534d6 00000000 00000000 f38a4ca8 88ca8f49 00000000 00000000 00000000 00000000 00000000 e6df7685 00000000 eaf4f8b9 cb4ebe3c ea3c8fd5 00000000 00000000 21537a00 00000000 00000000 00000000 00000000 2690da06 1fa2883b 00000000 625ab485 00000000 433ef26e 00000000 6aef4154 d44de51b 00000000 337229f7 00000000 b04dd09b 00000000 00000000 00000000
109,22841391,0xb7c3e773bf48d10039faf6be963ab96853819742,0x537221c07364bba29beb7dc87f087d6ddeb5e45b,0x869c4bce2e79bb70c47b149d9a3371e7699996e5e9d96732a1937da9aeb150e3,0x810d6a94f5af9aaf948b39d0920153241d11447d7757e435f3c59297543f9346,34,brown,tan,dumpy,small,00000000 50992a67 30179b58 00000000 00000000 00000000 ebd4fac2 00000000 bf397949 3a3bde50 00000000 00000000 25a6dfaa 00000000 00000000 0394b5f3 10d542ea 58269a14 37048062 1cdc4715 07d347f2 29c79c4d 00000000 00000000 00000000 00000000 6d5935db 00000000 84eaac1f 00000000 1590933a 00000000 59b86124 afee9113 27722ba5 00000000 74722998 00000000 00000000 4103fa6c 00000000 e6f0d770 00000000 00000000 18da28a4 00000000 00000000 f9ff3042 93fb6a26 00000000 a3a64439 00000000 00000000 00000000 22ba39df 4d8520b3 a7ae50ab f4b5490f 00000000 00000000 8f530dba b52b85a0 e207eabf bbd9e307
110,22841447,0xb7c3e773bf48d10039faf6be963ab96853819742,0x6e8e0a9d070e9e9234a2b5c9553ccba290d1386e,0x9c54c1939a7166fdef2a611aa2f1020e09fc4faedb679b607c0ec7ced3f8741b,0xe9cc60600e66dc344b3dbb2b107a00e317b08b1f719016791e98b7e031562916,29,brown,ebony,curly,small,00000000 8f74ca89 8f907b21 00000000 f4e3616a 00000000 00000000 00000000 6aa8af90 00000000 00000000 8e46d6d0 00000000 ced0d758 00000000 00000000 00000000 249b6aaf ea8c50be 00000000 4ffa4f38 00000000 64212936 00000000 734d6704 00000000 00000000 00000000 3e6fedd8 771e64fe 00000000 00000000 00000000 00000000 00000000 00000000 00000000 2bdf1b39 65319bd3 d3c9abde d118149d 680a4a7a 0fb0543b 00000000 5fa1c3fb 4c1d0107 00000000 374000dc 00000000 00000000 00000000 e229a22f 34ce8f44 00000000 00000000 c614b177 00000000 29726724 ff7646c0 c241ac2c d1958fde 00000000 00000000 00000000
111,22841500,0xb7c3e773bf48d10039faf6be963ab96853819742,0xe7432e1a4e9693335ca6d9a16241b7d5c5690766,0x7b1e3b05ec1bfb4292deb01769628bfea4dadb2f7e83d8deef11dfbc635e44de,0x2df709ac68e86d77b05ff78dea91cc602a18503596e1843e35e4bb01d155bc22,30,vermilion,ebony,vestigial,small,00000000 a150cff3 00000000 00000000 00000000 bceaf3e8 00000000 00000000 00000000 00000000 17e412a1 4f175493 b2822602 48c17316 00000000 bcea537e ef543183 00000000 fd620a41 00000000 d235ec34 00000000 d241df6c 00000000 6ed6ec3b 00000000 00000000 00000000 2e58a1b5 00000000 205ec500 1a6b5e96 7b5512f8 00000000 00000000 00000000 00000000 00000000 00000000 00000000 844af0da 42bc1658 00000000 303f7032 9528f533 260a30f9 00000000 ae5b912c 00000000 00000000 d5cd51ac 00000000 00000000 2f2ce441 f1e9f842 ede69885 7c90c727 00000000 596e4daf 00000000 67996aa2 5580c525 00000000 00000000
112,22841957,0xd9a63b1c97f1b186ea7e6fe60a985694e6bd5a74,0x82873090e6ee31bc0448ea74b714452624c1bbaf,0x15a7d93e6790ef3083bc28b05b7e4e75d55243ea5e76ddea02d59766ce2c5e84,0x3bfdf6744c9c5a7cc4b65063c7986ed103881a1b73e38467def338fdd38e71b7,41,sepia,ebony,curly,large,02add322 9f0b9bdb 00b88e30 00000000 c312fb37 0d5c8859 00000000 47fa508b cdc41601 00000000 00000000 00000000 65ae6ac1 5453337c e3113063 00000000 00000000 128d3216 d98cf147 751a7c1c 00000000 00000000 00000000 86d4aa22 e01cdfa5 c88f6ccf 00000000 00000000 9bf940b0 00000000 b0ecdbf2 3620b43d 4b0ba3f5 00000000 a3367398 5aa34eb6 907bbee3 2866a516 f4ae674c caaff7a9 00000000 00000000 00000000 391f4bf6 e8a68a0e 9d35d396 00000000 00000000 ef4a9fab 01131dbe 00000000 00000000 bfde7721 9f9c5f45 47cc3ea9 80a41bd0 00000000 9831c1ce 6adc8d66 840ec00c 3a5c3ce2 00000000 7cfbb6b0 ec0682af
113,22842010,0xd9a63b1c97f1b186ea7e6fe60a985694e6bd5a74,0x5cbeecdfd1bcac05c32126cdbcaf71e96ed224db,0xcb320885b8489f0807958af95854ab2c42f32fbb26c71ef2bba3c0b3542ec601,0xd6ac26f6f62d5127ac6323f6db7edca60af65460b4e58e8d8a5e6fef3fc3d46a,39,brown,ebony,vestigial,small,00000000 d54d6b3f 00000000 e941235d 00000000 e5c10ed5 35a058d0 00000000 00000000 00000000 a616e252 00000000 ea7eac45 00000000 2567593b bdf776ff a00d5f10 49d25048 00000000 00000000 00000000 00000000 0e4d3bc4 8646075a 8f969b53 03680126 9ae0462a 00e81585 7a9ff6e4 fd4f23a3 00000000 00000000 b5938b1e 48128254 bea7bdad e3e2fd77 00000000 b80baf3e a078c814 0ee60872 b0056899 ac2bcd29 b612a8b2 52651486 00000000 782ce338 b8d36987 00000000 00000000 cca9d184 3206139a c8071ea9 773ad38a 00000000 03fa6f40 00000000 00000000 1471fd94 00000000 33ec8843 00000000 00000000 00000000 ab85f65b
114,22842084,0xd9a63b1c97f1b186ea7e6fe60a985694e6bd5a74,0x7d049c102afe8f5a44a4b8f862f39e53e49005b2,0x149fc09f16c5bf357c9a88854e5d126397da726a307e04030a1a66d0549c10f5,0x50659bdc0549495fef540fa7248e3db6faf4031547a637c814dde262989e87ab,32,brown,yellow,vestigial,small,71957f60 01bf547d 00000000 90d7382e 00000000 ab1a90c6 00000000 ca2559b0 85244d08 c9e8316d 93ce1b87 00000000 00000000 00000000 00000000 fe6ca475 00000000 269d3135 d0c80f56 76ef1334 8d39a1d9 00000000 00000000 3118a277 00000000 00000000 00000000 6541dcaa 75c3db92 00000000 00000000 2b73344f 00000000 460d5c0c 00000000 00000000 00000000 99c9d55f 17dc8022 00000000 00000000 ea4d544b 00000000 00000000 00000000 87dd73f6 8186a1f2 9360158b 02e592fe 00000000 91eb6626 c784b913 fe5cccc9 00000000 3362de95 4653255d 00000000 00000000 47282b67 00000000 0bbec1cb 00000000 00000000 00000000
115,22843559,0x46f440d3d4e6466034b2a5034fc501ac0a31bf29,0x76b5ad17317b1e2b437aa97bad00f2d5951cdb68,0x3e0fff75fc41f28a5bd5482a59dc07d90426a22e2512d0336ff0b8768b016179,0x230dfeca1022c40707325e4af7e015c3dd7a9a9b869f88311a03f6c8f92e6888,29,sepia,yellow,vestigial,small,00000000 00000000 00000000 27ff3d4e 00000000 00000000 00000000 fd23d07c 00000000 00000000 00000000 4296a435 00000000 7135a3de 2937f93b 00000000 00000000 83ed2f4f 1482ca77 52509de1 00000000 b73ad089 00000000 00000000 29153efd 00000000 00000000 56958187 3f25a11e ada90430 fbd2dcfd f10ab1df 00000000 00000000 00000000 2e03ce74 00000000 00000000 5ae171f2 18e4f679 00000000 78954753 67638b96 00000000 29fd44db 7190ace1 f5055743 8408b686 414fee17 f4a5052b 00000000 00000000 00000000 00000000 00000000 00000000 00000000 43acd96e 00000000 5928d6b3 ec226e20 00000000 00000000 00000000
116,22843706,0xb39e79d3540fc34f516af70574b94d4ef8f885d2,0x57cb851d02307a20506bfd16d5d462057d5866e1,0x54167adb1f73fd77d1162d51782a73e8cfc252694090109bc3cc6aa055a14219,0xe571cfdf9b482ba18df84e5ef9a6c0f4e4f94bbaf42da4e93fe2baa943950f91,33,sepia,yellow,vestigial,small,18222126 00000000 00000000 00000000 fc955081 00000000 00000000 a54b07dd 5cd46371 0a5cae2d 006f3c9e 64c1aba7 00000000 00000000 00000000 00000000 f94cb99e 00000000 0ef87ccc 00000000 a699e210 00000000 00000000 c9965e28 e7621daf 42b7c8bf 00000000 00000000 00000000 00000000 2f6e376c 00000000 37f5a264 00000000 00000000 6ad6fcb3 00000000 10c012b1 00000000 317f4a1d 00000000 d7531867 00000000 2ad06645 14ddb510 e272587d 00000000 e86b07d3 00000000 29cd0749 00000000 00000000 00000000 1e5de9ae b47219d1 1260705c b228cf41 438a229e 4cf8a8be a3778fbe 201da1eb eda5b144 00000000 00000000
117,22844179,0x22b033b7212cb9b8a8bce73dbad80ed77a229322,0xb8bde7a7b6ac3f9da09b96bc867ed4b15be3451e,0xbdba7f4fc1338326e40c51ce5bbddaaab998fe159b1695684ed6714cf5f71d08,0x6e5fb5737c4469a126f40bb4206e013c45de7c7b6f3b8909717b739ff3597cb2,40,brown,tan,vestigial,large,00000000 4e9d4363 00000000 00000000 ffbef3e0 2bb05203 00000000 dbc318dc 00000000 00000000 ae4c111c e71b0fc9 f771e7e1 ecfa3dfd 39d01142 00000000 457c6dda 00000000 00000000 05e949d8 9e950beb 00000000 af8036db 00000000 7829c068 443be33c 00000000 00000000 6eb2f16f 282e56e6 cb305394 a788877c 24c514f7 2ba0ca7c ae1e0fae 0d8f0363 bcb0637f 00000000 00000000 15b6e89c bf5076c5 efafb501 00000000 00000000 10341937 206b0973 27371672 00000000 1ca61c1f 95db650c 00000000 22fb20ab 322f2ed2 4630ebb8 5c4e14c8 00000000 25a44832 00000000 00000000 00000000 54b76276 f0407f25 54fc66b9 00000000
118,22844272,0xec56dc68b5091297a987c4b93195e6561629d501,0x09aa57f719fb1b863b5661b8deeba8bdb8d1a641,0xf9d19680fb514dbc82bf245d33d036962716b5f129f77f2cf0e7b53f0e49eab0,0xd64707ac2b25149e3f94589b6e6214086aeaff0b0a3fe6c652b1a708bb48c075,28,brown,yellow,curly,small,fb8197cc 00000000 68d0434f 00000000 1466b2af 1950a03a e84903c8 00000000 00000000 00000000 00000000 00000000 00000000 00000000 f46b4799 6b460b37 00000000 00000000 00000000 16f92941 00000000 00000000 e5688d86 00000000 58fe3de6 c272d32e 00000000 836c4786 4c32e7cf d3914d00 00000000 05776635 00000000 00000000 00000000 d91d9eab 00000000 00000000 00000000 00000000 ffc1198b 83469dcb 5e6c30c1 00000000 00000000 a04be498 00000000 f5c73423 695ee40f 00000000 00000000 00000000 ac610a31 09251f6e 00000000 23849440 00000000 4fff5f05 00000000 00000000 adfab21c 00000000 ba1398b1 00000000
119,22844467,0xec56dc68b5091297a987c4b93195e6561629d501,0x62fcff0d576d3027b11ee8f85c17a0abc1b60749,0xe544f44d966872a5c7c22fed1c7e851ba9af0afab53b603e439d38a6f8d70fc0,0xa3d0f40033c075b5e3125ad1f04210fe419cd2a15b7b488f4183632c5d5bd2cd,31,white,yellow,curly,large,373c582f 00000000 77410bce 46dab816 00000000 00000000 8a9daebd 00308713 00000000 97d6a830 00000000 00000000 9a659b84 00000000 69d1e905 fecb2cbe cf731287 2178a561 00000000 024d82fc 465265dd 00000000 bc5457e4 00000000 0f0559ea 00000000 ac668280 9815fe28 e17cacb2 00000000 26cb1a60 00000000 00000000 00000000 a73dff5e b194f23f 00000000 f9a1dfc1 00000000 00000000 6362c532 c8c9dbd5 00000000 00000000 00000000 64b6170c 350e78bd 00000000 74758166 d3c9b683 00000000 00000000 00000000 00000000 00000000 f71da20a 771ab070 00000000 00000000 00000000 00000000 00000000 2256d7fc 00000000
120,22844507,0xec56dc68b5091297a987c4b93195e6561629d501,0x5e799ff96c47a895526bab91ec1793cb2287855b,0x20c26da1e848d21840976c16e3faa9d59ed07e0cb244326a88cd41cf1f76ae58,0xbc2ca669fefea39bf197501e6e3c90405cac8ea153db9cfc5c2abe5ca7742ea9,34,brown,ebony,vestigial,small,009c7586 00000000 00000000 6bf49dc2 00000000 2afed378 00000000 1b29f4b9 00000000 12da5c1d c350691b 2f0e1648 00000000 5640384e 00000000 00000000 00000000 00000000 6aff65f2 00000000 1784d2c7 3e20dd0a 9c0cb4c7 00000000 a9e39ae0 885793af d0470901 00000000 00000000 1fee88a2 00000000 b1ed0e1d 00000000 00000000 d19b13a3 c5f94a06 31b6dbd5 00000000 2c3dca73 00000000 00000000 d1ef61db d5df7313 beb816b1 ce57730a e0f4fc92 00000000 c90c5261 00000000 7870f736 00000000 be3bdb29 00000000 01a64a26 00000000 00000000 00000000 00000000 b50b6b00 86101aff c76b92e4 00000000 1c7c7132 00000000
121,22845411,0x32a1048431ee2db5868c4ade81da84b9f075ab05,0xaa73aafcf88979c39ef5586daad7ebaee39c7659,0x88d290fdb50cfad3494e5bc58dab1f79772f30359f559608bac781b35713168e,0x6b32a01cf5375eeb3922f2afbee069ed8e610ab02f857fe06ba848a7c3c905d2,29,brown,yellow,dumpy,large,00000000 a224a8d9 00000000 00000000 ec954537 00000000 a32ff38f 838edf2d b2ff19bb 00000000 8d82d567 00000000 00000000 00000000 00000000 00000000 7bd0b8ce 00000000 00000000 6a5f26a8 00000000 00000000 dd6eabfc 55f13702 9211a7e5 01dd2e0e 00000000 00000000 00000000 00000000 636b3d95 b31cccc5 c4c7cfd4 f6d55a23 22b23b25 00000000 00000000 c21804eb 00000000 7a34bda5 00000000 00000000 00000000 11bbc67e 00000000 00000000 0638bcc9 00000000 00000000 00000000 00000000 24e21f01 00000000 97804ab0 00000000 abd253dd ca9c63c4 2ebe7e12 00000000 b3874827 00000000 9150329c ef3fcbe3 00000000
122,22845558,0x32a1048431ee2db5868c4ade81da84b9f075ab05,0xfbf27785444999e7b7797138de4ceb2f7fda227a,0x1b7680634a28a0ad1b38a665988ab72ba4460f2d65371ce1a3d4e54266c79dcc,0x51d008f8aee59e11e16b870ee88cebd481d27f26dbb5d717866d2444ec5f6835,30,white,tan,vestigial,small,fe63994f 00000000 688b13fd 00000000 c2d87b2c ad65485f 00000000 00000000 00000000 00000000 00000000 18333323 00000000 f4b922e2 9380e848 00000000 f0aef156 bfd987ca 09f2848b 4f2a85aa d9f3cbd9 00000000 9d6ee6b0 00000000 00000000 00000000 24109235 2f7e9503 00000000 335a93c6 6fc07e95 9ceee64d 00000000 00000000 2968be2b 00000000 00000000 00000000 303bb2e9 00000000 00000000 00000000 4d231763 00000000 00000000 ed1a8925 00000000 00000000 ead44c75 00000000 680b7015 3f71d965 00000000 b415c4fd f1ce0204 00000000 00000000 9b04ae3f 4717537f 00000000 00000000 00000000 00000000 e0602132
123,22845637,0x32a1048431ee2db5868c4ade81da84b9f075ab05,0x54d96352a164741c2f7f1f76d519ba24e85ab249,0x2302e6ddd07dbfb73e89da0473eb9da6310c99fcc4f3d8792a1042b7681d0bbf,0x279f86137af5f8691d221f46ff171f3d938572ccb9927af07fa8e2fd56de0dd7,40,vermilion,tan,dumpy,large,707c089b 0cb1de62 105a5f46 00000000 dabedddf 00000000 a595596e 952d7b4c a99d3100 00000000 aae35ac8 0a1747d5 00000000 00000000 00000000 00000000 00000000 7edf0554 17fcc1ae e23456df 542a1e98 00000000 5153a4c5 8c35e84f 00000000 cb35ad87 22eace9c 00000000 43029ef9 00000000 f79b8cbd 00000000 a1c632cd 00000000 6ef2e033 3a5f74ad 1b244f5e f21d1d2c 8982786f f818ac7e 00000000 75094896 00000000 00000000 00000000 5a8202e5 4cb94bf6 86a19732 00000000 00000000 00000000 42ebca7e 00000000 22191d37 00000000 5e13bfc9 7513655e 84fd42e3 5bc82add 8eea8cd8 b80bd5d8 9ff3d72b 9a1e1a78 00000000
124,22845764,0x682e5537cce3e03a3020d896498786bb81c4a5e7,0x75f1f358b8c6b332b07094697fc01ec607fc4cd2,0x60c9568e1403bc7933b844211e53e9c8a224df51a51473f5d1b5bd14bc5a00b0,0x13aba9735599c71887b6d7fc508d97a368b5cdde28df32205412c0683555f309,26,white,tan,vestigial,small,f70faab2 00000000 00000000 62eaecff 00000000 00000000 00000000 00000000 9fc3814c d505fbd7 00000000 00000000 4ab8cfa8 e9d07cf3 24c9866c 283a6d7d 543fc6d1 00000000 9a891f7e 00000000 e98786a1 00000000 3824a131 00000000 4e4297a8 00000000 add4522c 00000000 35b3977b 47050094 00000000 00000000 00000000 00000000 00000000 0f38f28d 00000000 5fd39ae7 628c7171 00000000 00000000 00000000 00000000 00000000 00000000 00000000 1954da4a 56bca19e 00000000 cd26cefa 00000000 00000000 1e92beb9 00000000 00000000 00000000 00000000 00000000 bc313699 00000000 31430218 00000000 e4ae6fb1 00000000
125,22845815,0x682e5537cce3e03a3020d896498786bb81c4a5e7,0xbe7903c4fdd33de787decc6f63df0eaec449e3c7,0xe76a0cb6ee09b98795ec85532663329fdfbe821c7345c81310e4119b55f787fd,0x2cc321a88e404a13864143f9641b743f760773e5a60964a48630de8b9e41c26b,30,brown,yellow,curly,small,cc64ee21 6a3163d5 00000000 a0406324 00000000 d8404d9c 47762962 00000000 00000000 8fcb0269 00000000 00000000 00000000 00000000 bdb0d180 022d3175 562501e5 00000000 00000000 00000000 00000000 00000000 d51fb29a 00000000 00000000 9dac10a7 ab4f117e d7148abd 812af8cd 00000000 00000000 33e06a47 c5bf591b 37f88e65 00000000 fc75824e 00000000 00000000 00000000 1d9d3f06 00000000 80a5a8f9 29440b5b 865e6473 71174921 00000000 f90c8087 035ef518 00000000 00000000 00000000 00000000 67d15e97 b70ce2fd 00000000 00000000 00000000 65954c82 a951d977 00000000 00000000 00000000 00000000 8d067090
126,22845891,0x682e5537cce3e03a3020d896498786bb81c4a5e7,0x8a8eae10f52c29daf3bfca9cf0308ff5653b4318,0x9abbe2710bd5a3e06dc36b7500944d46bbaa61960da1cfce78eb819213d3fa67,0xe1db77251a0976e98a02f57d92252245721756ed93a5b894af1780cd65fcdb24,34,brown,yellow,curly,large,00000000 00000000 365e7dd4 00000000 00000000 8430a8b0 00000000 00000000 331da344 8f851ab2 00000000 973a1b1f 7565e4fc 00000000 dff53e0e 6890a7a6 00000000 00000000 f3c0debf caf9035a 9612fc1f de342231 8447fa5b a8998be3 127a96aa 00000000 cf6fabd4 00000000 00000000 8b6a0f10 91ac7d68 00000000 45a7ad16 00000000 4330f68e a0b80a91 00000000 00000000 8666d61c dc3908f5 00000000 00000000 00000000 00000000 00000000 00000000 00000000 5b6aaa87 7fcb876b eb23b91d 110959d1 00000000 c2792388 00000000 00000000 00000000 71fff7f8 20516f4b 165b2f53 5ddd2cf9 00000000 4bdb48c7 00000000 b01b5df2
127,22846017,0xa7c48ec145b032aa0fd76ebdae085bdb42173f19,0xbc863c8632215159e6e5e8514f36a3727c7d5f24,0x61668adaf299c3abc64920c04c7514f52cdd1804e70405251617bd5a68d72f1a,0xdac12c647939b3b4eb7b03c41d6c0ec3cffa5582f756d89b4c47fbe844e32bd2,33,white,tan,dumpy,large,00000000 d9c20d5c 00000000 00000000 1c5c25c7 00000000 9a47d4d5 b647fb3b 45e9aad4 0a5a273f 00000000 723efe02 00000000 8cf90fd8 00000000 00000000 8e18a849 567dfeb6 00000000 00000000 00000000 a5c7c251 955eee08 cc208ebd 00000000 00000000 39ff72cf 00000000 00000000 00000000 213bf745 00000000 00000000 00000000 00000000 e6892490 00000000 1178daff c5d6de83 709cd6cc 87a44002 59250a3a 00000000 1c570a03 51e44a3f 69c7d515 1ec5cdba df675de7 74ff0895 c08a49a3 471a4db7 00000000 00000000 00000000 f935062f 00000000 00000000 00000000 2ca53a3a ef0a4791 00000000 00000000 51144819 00000000
128,22846091,0xa7c48ec145b032aa0fd76ebdae085bdb42173f19,0xe1034d82b184176b79bf4708e348885acb025873,0x65c4001d16c252cb94a88f74dfaa05443900be42b6174936b8c9e5046710cd87,0x8ae63771c9f63f3c3bfa9db0fdef5734e32ac9de52f7f104eb7278791837bb53,36,vermilion,yellow,dumpy,small,ebd5ac60 d9a7e008 00000000 00000000 02b9981a 00000000 bc533822 00000000 f8fb4a2a a6052ac7 00000000 3b163eb1 9f2a1661 de2d762b 00000000 6532873b 42cb16a0 e04a499a 21e15219 00000000 ea775f19 7aacefc1 00000000 00000000 00000000 00000000 00000000 2d4a353e 6c1b8492 00000000 00000000 00000000 8da248d4 00000000 00000000 0f785ac1 72eb392e b8da3586 c34b6425 00000000 00000000 00000000 00000000 a941d936 f4f3b11d b3b43ce4 f9b1a3be 00000000 00000000 2878deb3 00000000 00000000 5ef04db2 98a5bbb4 1683b1f8 00000000 f1e71c1a 8b7506a7 00000000 d1a0f481 00000000 c0785b5a b962d98e a5aa8154
129,22846145,0xa7c48ec145b032aa0fd76ebdae085bdb42173f19,0x1bd40bba07fa42ca714b27d44b69818c82a08762,0xefa40d738b7362e45f36e1b513d506d2133100b963177c62254729a7aaae1373,0x16ebb028ad426478def4a8a6e6b2c7f06a75a248a35234bce2e9c3d93c32ee13,34,brown,yellow,curly,large,c0178652 a94940a3 00000000 00000000 45b4585d 00000000 00000000 00000000 00000000 32df3df1 42367234 af1f610e 00000000 6e9c13a4 c2c7d7c3 197675d4 00000000 4e806469 00000000 00000000 9e30b2af 054ade93 00000000 00000000 00000000 00000000 d7416c1e 65e153d3 a5bf7a80 9a24f011 00000000 00000000 591a45a4 00000000 00000000 a1e6ca6f a70973e5 00000000 744c5d22 f5e9e225 f6f9a284 7d64b5f4 00000000 00000000 00000000 00000000 128e0d96 101af34c 198b9469 00000000 00000000 2431a513 00000000 38bbbd58 309c9702 ccc59bb4 00000000 68aac7ab 00000000 00000000 00000000 d02937b1 588b961e 431c8fb8
130,22846523,0x2f1e4cf291e6dbd9236679ecdd1de9c324fcb879,0xd56c715b1e68ae92ead0958f65391cbdb244b5ff,0x35b9d0eaf5cd8bef78b494f5259ec0cc2783ee510e6c073eea9331c9d4888337,0xa00c1fe89a459186b95f017260beccf9195869a5b7245cb68f56f9fda08e61f9,37,sepia,yellow,dumpy,small,70c533e8 00000000 00000000 c63368c2 a42bc4a7 baac51de 3e70d852 a1e13076 5ff5c65c 00000000 00000000 00000000 00000000 ba62b5bd 27c21ab6 00000000 00000000 8064b9ec 075befb0 0bcbcc39 00000000 00000000 00000000 817cc72d 00000000 00000000 00000000 00000000 00000000 47a6801c 00000000 b81ab6b6 6308061d 00000000 a9b3220f 5cccccfe 6d1a4812 b0aa5e09 a1525c7f 0d943053 02976fc2 00000000 00000000 6439e535 2e60d423 eec19b2f 43ad1551 e313b83a 00000000 240af167 36ee236c 00000000 e1a785cd 00000000 d4090b86 00000000 7bdabd0e 12fdf1bf 1bf94a7e c25d37ce 00000000 00000000 00000000 a2db6e62
131,22846637,0x2f1e4cf291e6dbd9236679ecdd1de9c324fcb879,0xb05de8f02015aba7e99b2f30a21c0641673ae77b,0x121ce1f52cdf5ab523aa585258b9abf0657923bbb12a2feb5035ef0cd9180a8a,0xefc64008bc671f6457a1add9afddf1b8fe165eead7e98e113a4f0be995679df3,37,brown,ebony,vestigial,large,60a17fdb 52f15a0e 00000000 00000000 7d0f52f7 c0f172ab 1b0d5384 590d9cd5 254ef784 00000000 1c6eeb01 2ef1c1b3 d7f29542 00000000 00000000 aa33af9c f9be4bea 673cffc5 8dc3511d 00000000 00000000 1e862e85 ef5c3f4c 00000000 686d4615 00000000 c288609e 00000000 63609bdc 00000000 00000000 d3e9b637 c569cddd 00000000 00000000 a8117180 00000000 294d6844 948d2c6f a7baf680 29c92da0 8412bce6 00000000 062a0c5f 00000000 00000000 00000000 00000000 9c9c7b00 8f6fd046 ff83f4aa 93b12d19 00000000 00000000 5ae12ef6 00000000 00000000 26369e6a 00000000 e6bfb8a1 b52e0199 7102e8c9 00000000 00000000
132,22846706,0x2f1e4cf291e6dbd9236679ecdd1de9c324fcb879,0xa352791e842b198e7f43371917e03361a96d29a9,0x10be92a738c53ccb28c76d78ea3d573407902a1cb7ed1013e089f7248bf3b0a3,0x1ab77684d1ed3f04eadb2b0fbd2298394c40f95fc2f35df6bac8f8f2ba21eed2,35,sepia,ebony,dumpy,large,00000000 e7f0a6e0 00000000 00000000 20413503 00000000 9ca65bea 45931011 00000000 8f52a6df 000155c5 cf9d7f91 00000000 026b95c1 1ba67345 0c9012e2 e2bba75e 00000000 00000000 00000000 00000000 93474a8f 00000000 00000000 00000000 f50f3865 00000000 bc12f520 91b61a55 eab68533 00000000 7975ae22 00000000 b6403994 00000000 00000000 4c712dd6 1981ba89 9e651e41 cd91664c 00000000 00000000 00000000 ebb08f60 d8717908 d3af9c36 71b5823c d287cf29 00000000 00000000 00000000 74394e8d 00000000 00000000 450dca6b af2cb38a 00000000 c060ef97 00000000 58f8a80f ad8f3f2e 471f0452 00000000 75d59165
133,22846822,0x49c7a4f1ae750cec95634648ce57e4ee53f64058,0xe095569471f39a0700d8f581031041048ea9c9e1,0x7b86f4c372f32fdbde69ba0bb629a02c94a789f40f28662f52328b11832fe018,0x1d994e5f55e9fa064f137ff8fbd013e5ac587a01f2e149a83399cecdf4bae33d,38,white,tan,curly,small,f7a6dd22 00000000 0ab04263 bc9bef04 45431e1e ed4006e0 00000000 00000000 2c7f1939 9d9831d5 00000000 00000000 00000000 a3ca58b8 8e980fff 2ac9e3ce 00000000 e376daa9 00000000 bba49b5f e985c952 1cc53c8d 00000000 fb7ad76e 00000000 00000000 188304b8 00000000 ada0c719 de94f00a 0d572f2c 1eba58d7 4b5ccb58 00000000 f7c46480 2a1d7cbb 00000000 00000000 9613adf8 110209fa 00000000 ae637e96 23e329ed 3aca1230 00000000 00000000 3215781b 85f955a0 526d2660 00000000 00000000 fc1c2465 4c0b013c 00000000 00000000 6abacf4b 5e649959 5d37d740 00000000 00000000 9869bd5d ada4a27a 00000000 00000000
134,22846885,0x49c7a4f1ae750cec95634648ce57e4ee53f64058,0xd303ff66bc2a613c273e297a004ab1779591f924,0x49f943ad5c57c96e48380cc9454ebfb891ab0b0b7149858f73ea922087bb8dff,0x802454eb1f409bef59b24da3186f2e2e2c265d1164bebd6193a2ec4f015e5fc2,32,brown,ebony,vestigial,large,00000000 514c7ee8 00000000 00000000 00000000 00000000 c8f2ef85 505593b1 fc586a9f 8b2b3d9a d8b1a593 2182c735 4335d403 00000000 63263dea 00000000 00000000 0a9e29df e460329d 29705e99 847528e5 00000000 b265fbee 00000000 a4781697 00000000 00000000 00000000 00000000 00000000 00000000 00000000 da6b1d9f 85940506 f0e83d5d 186a39f6 00000000 00000000 78c09338 00000000 00000000 00000000 b147c75b 1c8d41f6 00000000 997c295f 20efd8ed e4e6a7a9 00000000 16bbe414 00000000 00000000 00000000 26aefadb 00000000 999c6065 03d60468 f02624bf 00000000 00000000 880d030a 00000000 00000000 3d81426e
135,22846950,0x49c7a4f1ae750cec95634648ce57e4ee53f64058,0x3787198b8fe6703d5796600e7b36f5cbc4ec3c9f,0x5ae1f3f44d24c8c82189a085d27750171cbde6ae3239313eb4d35ad47b71999b,0x4bf5ca33646593b1cce9c62c892283ae245e87704843fe7089ff7978548a7813,33,vermilion,tan,dumpy,large,6acd25df e6e5a443 00000000 00000000 dd323600 00000000 00000000 00000000 00000000 00000000 00000000 2b84a7a0 1f949c44 049e7219 4290fa64 00000000 00000000 a11f42dd 00000000 ff55356d 00000000 00000000 00000000 a00eebaf 00000000 00000000 dc9bf71d 00000000 367f3d7f 00000000 9eb6218f 00000000 00000000 00000000 00000000 a2ae6214 41b8c2d2 d4a4f9e3 3c053eb6 00000000 be67fccf 00000000 00000000 a0f2e3f1 7b76dc87 ef368f94 2eb5b4d1 00000000 e8a5222b 538c0ce4 d66c15ab d0f56fd0 fe8af3f4 f5924ec4 b9211062 d6d221b6 3ca3aa49 00000000 00000000 9db9ac04 00000000 00000000 00000000 4f24ffac
136,22847042,0x1a3a0e6f222e823cc8d0f39d87042f88ab763872,0x48e0d67f537d7235e9d38436f0d8acb85646b42b,0x5433fadc079947fc7195d171721a4a378a77b6bf1c1cfc77ee5584d3a4852c8f,0x5ee629e8e2293b39011711e6cdb2f4ffc0f8b8f2216ce8a05c58bcef1bbdb558,37,brown,tan,vestigial,large,00000000 00000000 00000000 04b0315f ce3bbf91 00000000 a945273b 00000000 a8c40572 00000000 4e1f6a86 00000000 907cdc31 4ab58960 00000000 19d6dbf3 7c3c31e8 00000000 c3bc83a5 1100d1e1 c82ef0f2 335dac82 00000000 70aad63d dccd2d11 c3c688a4 00000000 25d163ff e470696a 00000000 00000000 00000000 f027554d f76de66e 8f2b44bb b200c466 00000000 96343f7d 5c28e3a1 1a1b3933 00000000 00000000 444be428 1dec23a0 4e75bb99 4b42a567 00000000 7b48892f 00000000 00000000 00000000 9ed2eae5 fd2aeead 00000000 35eae821 00000000 00000000 00000000 d479b7ab be328b84 ee562a5e 00000000 728a3fdd 00000000
137,22847352,0x0139a84b829cef5f6f7b83a456d498a153155057,0x8059031b7fdfecad686ce164e602fe686a63d249,0x178bfe05254ba35bbfae238f2d74803c67ca16ec118f21459e877a1a087ac6b6,0xe9a15319d4de504b3c90123aab1d271191664f2e0041aa571982e553e61f6ea2,32,sepia,yellow,vestigial,large,00000000 ef586415 00000000 00000000 00000000 50fce4d1 00000000 8852d537 00000000 e23c2bde 67fa0b38 51e0572c 00000000 07c04a8d 5242410d 00000000 439a3604 5c460486 f7e2e7fb 458d6b92 599b065f 00000000 00000000 00000000 00000000 e4a628c2 237b99df 00000000 00000000 77c80bb4 fdf3df6b 85ce4d53 9ae5bdc0 97e2d62a 00000000 00000000 8b8affaa 00000000 3ce53d6b 00000000 8ef6d90c 00000000 d90d6992 00000000 00000000 9a7e2345 926b9805 af2c0ccf 00000000 46923e7e 00000000 00000000 00000000 00000000 00000000 08dab6e6 020d3f88 00000000 00000000 7cb587a1 eac82241 00000000 00000000 00000000
138,22847427,0x0139a84b829cef5f6f7b83a456d498a153155057,0x2fb3e5df8e7d45e2fbb111ad37fdd1c6c660256d,0x5f7f00491cc63fb3e69ec2c9bd60bf28d54ba2822c0d42d86e554e96eae80c00,0xefa5ebe6d532503490a23edb07613ff145734f742b02e1aa9b6d6f25023c1318,29,white,yellow,dumpy,small,00000000 00000000 00000000 154bf57e eb06a109 00000000 00000000 00000000 0f98deb8 74654ff6 00000000 00000000 13da9977 00000000 00000000 00000000 00000000 00000000 97540c18 6efb35ce 38dd972c 6370fb97 00000000 00000000 00000000 795dd527 00000000 00000000 00000000 00000000 00000000 00000000 0426e2c4 00000000 1990fe12 00000000 00000000 90fc587c 00000000 00000000 77dcc380 2d39d67e 09e43054 c4ab8329 00000000 1bd7578d 5340ba6d 00000000 3ce50890 00000000 6cfa90da eb5fc788 00000000 49b9a167 84e4bb3f 00000000 ea64cb3f 9e0a25e7 00000000 580acf56 d18c7e38 00000000 00000000 aa578f6d
139,22847523,0x0139a84b829cef5f6f7b83a456d498a153155057,0xaefbfc7848097319baee4bd9f8433de89bae30cd,0x0217d9a2651e42c5318efe4641d398ece2c276104e7000a06467fb71c79ef0ea,0x0727fc6efe21ec5b9b1a0df9cb83de23f24961640f1af77ed7076bd3286f2fbe,38,sepia,yellow,dumpy,small,00000000 c5b352a0 11c7dec9 6f24cb12 2ce43689 c44b9a57 00000000 51c0106d c44be9fd 718bae23 39a528cc 9f0efb0f 00000000 ad667928 00000000 00000000 904eb0bd 50c25ad5 f03a9d36 0bf5c9f4 00000000 91745147 0d1025a3 00000000 00000000 00000000 00000000 4ddb1981 00000000 dc20e1a5 00000000 00000000 9bc0de8c 88eb542d 00000000 00000000 20342abb 00000000 9905ec73 b854621e 6ac8d986 a620e207 00000000 3badcd2e 00000000 ca669a30 b45d03a2 00000000 119b7c25 c27fa2c9 41115cbf 00000000 00000000 00000000 00000000 00000000 5af3a0a7 963160c7 c7ae90da 00000000 84150962 00000000 8c0c6e21 4cb452bb
140,22848608,0x7d7337fcdefe5771e3280f25c3ba670700e8560c,0x59c3d1cae0f6f5a603c6c2043b791bfe1d279ff3,0x2db4c2d14886245246f98c74007e67ca7a11dc0f765d07d3b8d5d617c81ab924,0x3cd1cd33f2f3f35b1afc365ef684f02c29a8f37f3f054f3ebbd1967c330bfa61,35,sepia,ebony,vestigial,large,a3e94e56 00000000 00000000 00000000 00000000 2eb16dc2 bce93983 00000000 00000000 3c82299d 00000000 d03f9bec 3ef4e109 81ef86ab 3da119cf 26fc5a74 be386b96 2a88c0d8 00000000 3a62dc80 00000000 00000000 00000000 00000000 0fc60ae3 665f3a0e 00000000 00000000 47aafb85 77bcca72 00000000 00000000 00000000 00000000 dbc651ed 13d3ee64 7304f871 e698ffb4 044bd6cc 00000000 00000000 628f0788 aab11340 00000000 a6053dda 00000000 00000000 f83f41a4 4225cee7 00000000 00000000 00000000 7d4bd39f 00000000 306b34eb c83be6e2 05228964 c70714e8 00000000 02eb554c 5d3fe045 b237bbc4 00000000 3b0a41fb
141,22849460,0x88c58b42f2783131d51a58af7f1a9b491089afeb,0xde9d406312204a56a51549568a241e89efd01514,0x9cc2ddd8679cec9a516ddba74038fc8186524264ed688d6383e7dc8dfaa3207a,0xd323f4dc2995e8b37b850441a851f4985045b64cb73ff681532f1e74df3b593b,38,brown,ebony,vestigial,large,70428311 75799cac 00000000 7e275b90 bf044b22 63f7e8c7 00000000 00000000 4add35e3 00000000 00000000 95fe58fe 2a756bf7 00000000 ce1e535e 00000000 6c2cb2e7 f55a11a9 00000000 f5d168f6 8855f6a8 36ab1afb 00000000 00000000 22484659 eae01172 c34c314e 0b99a299 5d8d5f67 00000000 91efded8 4def3687 00000000 00000000 8090873b 00000000 1bb057bf 0a78ebc4 2412ae73 00000000 00000000 2b6e5bcc 9fba2700 5700a002 b71cbf63 00000000 00000000 00000000 52e87baa 01d1c8d7 dc8effb8 4ef49326 00000000 92578d17 00000000 00000000 6287c670 f708dd26 00000000 00000000 e0823821 00000000 2d266212 00000000
142,22849935,0x22fdae531a69647a0ade9154093ac83769f9dc49,0xd72a303fb691886f50dd2666c033ef08560df636,0x040db0a972461c3dae2dd47bdc7ec09dd163b8ae09d139386ff8e08c2a839e3a,0x10858eae3c74ae50cf28e2a4a4c5b12640f657242e5aff1aac65e9ea96d08f19,33,brown,yellow,dumpy,large,1bb28235 00000000 00000000 266513f4 520b286b 00000000 00000000 00000000 187734c5 18f8ec3d 4ed103d0 fefc5ed3 00000000 00000000 00000000 7f268227 00000000 00000000 00000000 00000000 33727544 00000000 d77ce4d0 348a9865 00000000 f9e09b47 328454b6 00000000 2346d74c 00000000 00000000 ec999af1 00000000 a38f3f7e 00000000 bcac6145 00000000 10ecd8b9 41be9129 be444f84 2274e6b9 00000000 00000000 f9ea5d5e 00000000 f80eb27a dcfaf401 75063237 e58cb621 00000000 7c36add9 00000000 00000000 e08cffb6 510537e2 00000000 00000000 00000000 26a275fc 26a47ded 00000000 986189ba 00000000 d291533a
143,22850553,0xb2732bc83797a44d7368b04b95879f582723346f,0xd565000b4e027cf85c6e15771639d6891cf06cfe,0x3e265981431d15d56ed7844ff397c5e897899143336d0bed7c086add688879b8,0x873dc90774d39963e8c8cb720461ffb938a5cb0d73eb7c224e85f2f63edceeb9,39,white,ebony,curly,small,7d3b193f 00000000 00000000 748db118 ff0e5cf2 e3888aff 00000000 58333301 00000000 b5f8641e e2225283 609db3c6 00000000 28fc0cf8 3f49397e 8a0e135c 00000000 00000000 93532cef e2883749 4f3be0b9 00000000 cee5ea3c d318e27c 00000000 71ddc015 d3f8f702 01b2392c 3e58b7a0 bf4c1cd9 00000000 00000000 00000000 70d314da b1100cb1 00000000 e0bb77ef 131e8644 4a64b35c 4bfa86e9 00000000 9e83bab1 00000000 00000000 30d1e191 791e6b41 8cb7dd4f 56c17f75 2a5c470b 00000000 21f03a05 00000000 00000000 00000000 00000000 a230096b 00000000 4af34513 9bfb9cf6 858541fc 00000000 00000000 cc673065 00000000
144,22851297,0x3db88affb909228a6f134074bdfdeaee28dc207a,0xab5909ba8d337af05b3e790ca4db991ef353eeed,0xe8afbf6066d1c476bf4c566f614cb38f08fff275d1af75049e1ce20333868c48,0x4119ef7209d4be9f82191e904f7f1fe765a5e4533481e323f1c3c0c6ed00b572,30,brown,yellow,normal,large,00000000 bd1a2fa6 00000000 00000000 f7354545 4ce47d34 1ccae555 00000000 10b48627 00000000 fdc77a8e 00000000 44dee218 824be51d 00000000 141fc50e 00000000 00000000 00000000 00000000 00000000 00000000 00000000 00000000 3d38e2b0 00000000 dfe3b06a 30e74700 00000000 66deb867 60b7e667 b1ef5a9d 00000000 6320f12d dcd77b22 00000000 00000000 00000000 29c3e201 513e26c1 00000000 00000000 00000000 00000000 00000000 00000000 f7a085d4 310c362d 5337855d bbeca9b0 00000000 00000000 00000000 00000000 1898e6ed e3cbbf95 2307bb7d 00000000 00000000 00000000 2de87934 abc0738f f028e70d 5d984c80
145,22851765,0x3db88affb909228a6f134074bdfdeaee28dc207a,0x6633c6bfd04d2366dd3dbbcc705d84b296502d2d,0x0407c1278d2bb3023c3e89e5d705089231429e2cb010efb077f9e10ebf10ba27,0xe713636d61d353cebaf2b270aab84e860080b7e7dab0506f1441c1ba5211bfb4,28,sepia,tan,curly,large,00000000 00000000 c491ca40 00000000 412fc23f 36778d97 00000000 fa2525d6 53570c23 7f9e7d51 e076d436 51f48912 f3ee1798 c0713156 00000000 f94cc778 8512e885 00000000 00000000 00000000 f35b9f1d 00000000 00000000 00000000 00000000 b0e74ebd 00000000 00000000 9a7a9e0c 00000000 adfc1670 00000000 00000000 b6a1375c 00000000 4a9a9f7d 0a347ff4 dfd266c5 00000000 51892da6 65f00687 00000000 00000000 00000000 00000000 00000000 d596207f 71a60170 e1ba1351 00000000 00000000 00000000 00000000 00000000 6174014a 00000000 00000000 00000000 4a28ede4 00000000 01e97917 00000000 00000000 00000000
146,22852181,0x3db88affb909228a6f134074bdfdeaee28dc207a,0xd52434b89e425b9672c2413471def76c20c21bd0,0x95f3729631877c7b0b5db9043f27d5e968344bce767d89eb6288bd1dc7f9232e,0xa2511490c324954cde7b530fe4bca9ac145b5c29cf5b12424c3e0c930ddd4ece,32,white,yellow,dumpy,small,00000000 dbb416e7 13f5e126 8269d8d3 00000000 00000000 305a20aa 87da4b65 00000000 06a34d93 7d682d67 39646e7f 00000000 00000000 c682f880 00000000 74b78b48 00000000 19097d6e dee7fbe9 1f10087e 00000000 71da9154 e81d24f7 543c1dd2 00000000 f7d9da0b 78070102 00000000 00000000 00000000 00000000 daeb47ef 618fb84d 00000000 00000000 568d3f92 00000000 00000000 3d6dbdff 00000000 00000000 c693126a 735465e1 00000000 00000000 00000000 00000000 00000000 d7a03c39 29313998 12f08edc ff16ee83 a22b5576 00000000 00000000 00000000 00000000 10306baa e8097690 00000000 00000000 39f6be96 00000000
147,22852657,0xc3cd0c6505333261ab1d4679763483d9a0d9327d,0x82d40aabadd6f6e90f3206cdc2c40a4b8a6be5a3,0x98f50137d6bc58d2cd5ded847039329a305f72672e3f24d7f98a8c107eda894d,0xfec2c99d3ccb4d74c08a1bc2b4aa8ab5bf7ce2bacbd8cc8b20383fe251ddf74c,33,vermilion,yellow,vestigial,large,00000000 00000000 f48f1ada c6ed8400 00000000 00000000 d1b93220 00000000 9cb33901 bcb4c2ab 400fbd85 00000000 88bab32e 52dddec5 3c4e7041 3109d25a 0bfaaea4 00000000 d712de00 4b22826c 477cf2d5 00000000 be051a20 3a57a5f3 b13ba9db 00000000 00000000 00000000 f87be0de 00000000 57e79e5b 00000000 00000000 af9bdd83 00000000 00000000 00000000 6a5f5034 3c1816ac bb84fdf8 6c52d1a3 0db16a38 fce9883a 7c2643a5 31f68305 063630f4 00000000 00000000 00000000 00000000 00000000 e9c166da 8ad0c6ed 2ddadbcb 00000000 00000000 00000000 00000000 00000000 00000000 00000000 22200b43 00000000 00000000
148,22853369,0x9628149b8268f15adc99911e64a79cdea7fb71ab,0x53679e031ce2f59b60c82ef425680a13372fabb8,0x9cc6b0bdc26703a71ba78f82e139d9f3307b2f9ed296d71669d72ea9c094db47,0xfa22d3647ab5106982e3a16e27327c96f4c991e659b5c630bd82db7934783ce6,35,white,ebony,vestigial,large,00000000 4664acd7 48fab6ff 00000000 00000000 4c8192f7 77b980c8 8d3df5d2 00000000 00000000 a8ff3904 118651bd f7514222 0cc3010b 00000000 00000000 00000000 00000000 00000000 9059b71c 75e618ac 65a57e54 2fa665c0 00000000 00000000 00000000 da62dab4 00000000 16b09987 c41af5d2 00000000 00000000 ad8a3ce2 00000000 00000000 57c25d59 f6cdd825 38f88e5f 1ae60c63 00000000 ea98878a 006d7b6a 00000000 9bc8e001 798566f2 00000000 81a26ff9 2069ceaa 00000000 b703611b 00000000 00000000 00000000 00000000 00000000 edfa60de a1fc8b25 00000000 02759620 8976c6e6 9c91f231 3c48d549 00000000 fd684182
149,22853517,0x38c16e94e79383a5906449fc84477c1a7b19b613,0xd62d182f2f4809f63fd18089dc56cd510dd9f580,0x9e0bcc33878ec2abc80573fbf4cea855e32d5ccda57a95c242bd8e950bf89f43,0xcaae3446cd8354f10059c34e324817088bd699c8f127a857d3c3c3e8fadc42ac,34,sepia,yellow,curly,small,00000000 00000000 d9008913 0d858fcd 00000000 4be34494 00000000 5fe67a5b 00000000 cc9ce05f 00000000 00000000 00000000 00000000 2687eb1d 00000000 00000000 00000000 39119cbb 5e35dacd 40b19ba4 00000000 adc17e22 ae96060f 00000000 c3b10b01 00000000 2226a8e4 6a2964b4 4efcfdaf f624fbd6 1ea6149b 00000000 00000000 00000000 a34bd0ad 00000000 ff50b888 8d04d19a bb296562 1ade83d8 4af216d0 00000000 00000000 00000000 00000000 fe969258 973f267e 374ffedb acd0bdaf 00000000 00000000 00000000 00000000 95fe41b7 a98c9f1b b201cf02 09a060d8 00000000 00000000 ffedf3e7 00000000 39397135 662c8677
150,22853600,0x9f2ebf1ba9206ef97428fdab7431a3f1d53f6dc9,0xb34df5e62913ac0cee09c37cecb550ed63c988fd,0x2e2567fa74d84050db8dddfc6b811ac12636b0d5d43be9d70a045deac415a4ac,0x90289574198b500df002b6d14f87a0c76c0c91a3ddb56cffe4934acdad7b579a,36,vermilion,tan,vestigial,small,00000000 0ffe7135 00000000 8d1d4e8e ec40d541 00000000 00000000 f45462c4 8fa234bd 4f801043 930130b2 00000000 25d79af4 00000000 66fbd536 00000000 340e2e5c 497d5671 00000000 58a393f7 fa8ab1c8 0c14e994 3ebce651 00000000 25a94fb6 00000000 8128524a f726cad2 00000000 a2809df7 00000000 4d14341e 8d1fcaee 00000000 ec90b880 a7e9015b 00000000 00000000 b8308d6e 1c87543b 00000000 e6d6868a 00000000 12fb3e61 00000000 00000000 b92f5d45 00000000 122bf303 aeb2af06 00000000 00000000 4116a413 00000000 00000000 aec71727 00000000 00000000 865a6d27 00000000 00000000 bf3fb91b 4e91b0dd 95bbcef7
151,22853631,0x38c16e94e79383a5906449fc84477c1a7b19b613,0xe8257da787c2439a4fb92a51c002156f9cacdc3f,0x8eeab4fb6e05463626e9b8e0d39e4132b72eb5bbc7b15d6556f0c748d0426a90,0xd42f29c43b2ce87396bb27f0a626b92d310a8c8b8d4e73bc00f4611243e23151,23,sepia,ebony,vestigial,small,040c9b54 00000000 00000000 00000000 ec46e33c 00000000 ef3dcec7 00000000 c8f3636f 00000000 00000000 00000000 8f3519a3 4f323986 00000000 00000000 00000000 be5cfa88 00000000 00000000 00000000 c6fdbe02 d0cae53e 95b49288 e2e885e4 bc3ac05a 00000000 00000000 00000000 00000000 e86045e3 00000000 00000000 37bf9daa 00000000 00000000 78fd8e05 00000000 00000000 00000000 f6af7398 00000000 00000000 00000000 00000000 b8e208b2 01917a14 00000000 00000000 00000000 269132d6 00000000 0172a6c9 b8fa48e7 1c8d3837 2f9f0400 00000000 00000000 00000000 00000000 00000000 00000000 00000000 00000000
152,22853779,0x38c16e94e79383a5906449fc84477c1a7b19b613,0xe30c9981837c6a8903f6cfe5e2d94fd07423d380,0x9dcca676b06ef223226b995aefa5d71818276d6b9cdfae5e168e6065651a23c0,0x9a0194c4e7e3127742040d3aca57c5b6c1df6c53d5c40664387098dc8ce725b1,30,vermilion,tan,curly,large,40e18d62 00000000 00000000 00000000 f78f80bd 3fd585aa 00000000 29421fe2 17f47169 00000000 5339e9f5 00000000 00000000 8aeedfef 00000000 00000000 31813c00 84734c2f 0dfda7c5 00000000 00000000 e3091376 5cbdaf3e 464a2586 00000000 00000000 199fe2b5 8570be96 00000000 00000000 00000000 df696755 00000000 00000000 4dc02704 ecedb2bc acca0b04 00000000 a5cf40af f4d1c396 00000000 00000000 00000000 7d3f3fe6 722ce16a 00000000 00000000 a0d336fc 00000000 00000000 00000000 00000000 161c3a57 b98d2b0c b2639013 00000000 00000000 00000000 00000000 7d160803 9942d79d c67ff198 00000000 00000000
153,22853937,0x9f2ebf1ba9206ef97428fdab7431a3f1d53f6dc9,0x3ade734dc8fdeecb3c2bc658e0f11a1a27885748,0x5894bdfd8697aa3bdf5ad48f56c98e33f6860e5b459a4027d4d30380db17b115,0x00e9170cbab6f6536c7ccad478cf57567b2d9793e1c2030e3daecc8029b7d185,31,white,tan,curly,small,1cf77d49 00000000 e3710c3d 00000000 00000000 00000000 00000000 f55c955a b1e57d4d 00000000 00000000 00000000 ac95d692 00000000 d4d85dc8 75bc9a3f 91488af1 adbdf80b 4032006b 00000000 b674d2db 5391557d 00000000 8e98c2f5 5708a156 00000000 00000000 81c4ff97 00000000 5ab3223a 00000000 00000000 00000000 00000000 00000000 00000000 00000000 00000000 00000000 cd5716a5 00000000 00000000 578595af 56d2d467 00000000 00000000 f81e24a0 9340e541 00000000 10a8d06b 4e290f1f 9870d08a 00000000 1d077a58 00000000 9ca437ad e9daa517 00000000 0129722a 12780017 74d6193e 763c4e9a 00000000 00000000
