fly,tick,block,keeper,senses,fee_obrain,input_agg,synapses,spiked,regions,death_at
196,19,22972074,0xac0e67aaaa15dc791153b64df4a9d121dce797e5,19:1,2000,0xfe00000000000000000000000000000000000000000035,23,13,13 0 0 0 0 0 0 0,1793432118
115,3,22972516,0x46f440d3d4e6466034b2a5034fc501ac0a31bf29,9:1,2000,0x3f8000000000000000000000,5,4,4 0 0 0 0 0 0 0,1793075176
167,14,22972793,0x4e4036db402290a8333fc81f2690bec313baa18f,3:0,500,0x3e00000015,10,5,5 0 0 0 0 0 0 0,1793320950
115,4,22972798,0x46f440d3d4e6466034b2a5034fc501ac0a31bf29,15:1,2000,0xfe00000000000000000000000000000000024,6,4,4 0 0 0 0 0 0 0,1793096776
140,10,22972922,0x7d7337fcdefe5771e3280f25c3ba670700e8560c,7:1,2000,0xfe00000000000000035,8,4,4 0 0 0 0 0 0 0,1793228936
21,2,22972941,0x18749122cc2211c977736f418159c2f440243bd5,10:0,500,0x1f00000000000000000000002c,5,4,4 0 0 0 0 0 0 0,1793044681
167,15,22972958,0x4e4036db402290a8333fc81f2690bec313baa18f,14:0,500,0x1f000000000000000000000000000000039,23,13,13 0 0 0 0 0 0 0,1793342550
140,11,22973094,0x7d7337fcdefe5771e3280f25c3ba670700e8560c,9:1,2000,0x3f8000000000000000000000,5,4,4 0 0 0 0 0 0 0,1793250536
140,12,22973118,0x7d7337fcdefe5771e3280f25c3ba670700e8560c,12:1,2000,0x1fc0000000000000000000000000023,23,13,13 0 0 0 0 0 0 0,1793272136
140,13,22973142,0x7d7337fcdefe5771e3280f25c3ba670700e8560c,17:1,2000,0x3f8000000000000000000000000000000000000027,15,12,12 0 0 0 0 0 0 0,1793293736
153,6,22973983,0x9f2ebf1ba9206ef97428fdab7431a3f1d53f6dc9,1:1,2000,0x3f8011,9,5,5 0 0 0 0 0 0 0,1793145239
321,3,22977107,0xec0408f9fb4c25a98e60b6e5715cd059b1fa172f,7:1,2000,0xfe00000000000000008,8,4,4 0 0 0 0 0 0 0,1793132490
321,4,22977222,0xec0408f9fb4c25a98e60b6e5715cd059b1fa172f,19:0,500,0x3e00000000000000000000000000000000000000000008,8,4,4 0 0 0 0 0 0 0,1793154090
26,4,22978401,0x0dd5ff179c68dd64fa712da08b550ec3a7d3bd73,1:0,500,0xf8037,9,5,5 0 0 0 0 0 0 0,1793089703
86,4,22978451,0x0dd5ff179c68dd64fa712da08b550ec3a7d3bd73,10:0,500,0x1f000000000000000000000013,8,8,8 0 0 0 0 0 0 0,1793094521
62,3,22978998,0xd6ed92a915f940db5d288b1724a4e45b20c4f027,16:0,500,0x7c0000000000000000000000000000000000020,6,4,4 0 0 0 0 0 0 0,1793071529
78,3,22979018,0xd6ed92a915f940db5d288b1724a4e45b20c4f027,17:0,500,0xf800000000000000000000000000000000000000d,7,4,4 0 0 0 0 0 0 0,1793072468
81,3,22979035,0xd6ed92a915f940db5d288b1724a4e45b20c4f027,18:0,500,0x1f000000000000000000000000000000000000000008,7,4,4 0 0 0 0 0 0 0,1793072700
90,4,22979825,0x0dd5ff179c68dd64fa712da08b550ec3a7d3bd73,10:0,500,0x1f000000000000000000000013,5,4,4 0 0 0 0 0 0 0,1793094584
23,14,22980206,0x0349cd3a83006bc4f057f553f221d69bd7a6c504,1:0,500,0xf8002,19,10,10 0 0 0 0 0 0 0,1793304244
23,15,22980609,0x0349cd3a83006bc4f057f553f221d69bd7a6c504,19:0,500,0x3e0000000000000000000000000000000000000000001e,8,4,4 0 0 0 0 0 0 0,1793325844
15,5,22982090,0xe6e5a8b9c4a0cd805f06b565b6f2857923cc6b11,1:0,500,0xf8007,9,5,5 0 0 0 0 0 0 0,1793109263
23,16,22983397,0x0349cd3a83006bc4f057f553f221d69bd7a6c504,1:0,500,0xf801a,29,15,15 0 0 0 0 0 0 0,1793347444
15,6,22983559,0xe6e5a8b9c4a0cd805f06b565b6f2857923cc6b11,1:0,500,0xf8025,19,10,10 0 0 0 0 0 0 0,1793130863
294,2,22984164,0xcd5504897ee44f57fc5d9f06a9cf1ca1d1eac578,18:2,4000,0xff000000000000000000000000000000000000000034,19,12,12 0 0 0 0 0 0 0,1793100766
23,17,22984250,0x0349cd3a83006bc4f057f553f221d69bd7a6c504,2:0,500,0x1f00001b,16,10,10 0 0 0 0 0 0 0,1793369044
294,3,22984258,0xcd5504897ee44f57fc5d9f06a9cf1ca1d1eac578,9:1,2000,0x3f8000000000000000000000,5,4,4 0 0 0 0 0 0 0,1793122366
23,18,22984342,0x0349cd3a83006bc4f057f553f221d69bd7a6c504,3:0,500,0x3e00000036,10,5,5 0 0 0 0 0 0 0,1793390644
23,19,22984383,0x0349cd3a83006bc4f057f553f221d69bd7a6c504,4:0,500,0x7c000000003e,8,5,5 0 0 0 0 0 0 0,1793412244
23,20,22984496,0x0349cd3a83006bc4f057f553f221d69bd7a6c504,7:1,2000,0xfe00000000000000007,8,4,4 0 0 0 0 0 0 0,1793433844
23,21,22984598,0x0349cd3a83006bc4f057f553f221d69bd7a6c504,8:0,500,0x7c0000000000000000018,16,8,8 0 0 0 0 0 0 0,1793455444
148,3,22985821,0x9628149b8268f15adc99911e64a79cdea7fb71ab,1:0,500,0xf801c,19,10,10 0 0 0 0 0 0 0,1793080151
306,4,22986371,0xa754afb7549fce6e666bfcd6d4a4064c7d732d0e,4:1,2000,0x1fc000000002f,17,10,10 0 0 0 0 0 0 0,1793152499
320,3,22986394,0xa754afb7549fce6e666bfcd6d4a4064c7d732d0e,8:1,2000,0x1fc0000000000000000017,8,4,4 0 0 0 0 0 0 0,1793132456
320,4,22986415,0xa754afb7549fce6e666bfcd6d4a4064c7d732d0e,7:1,2000,0xfe0000000000000003e,8,4,4 0 0 0 0 0 0 0,1793154056
305,5,22986437,0xa754afb7549fce6e666bfcd6d4a4064c7d732d0e,9:1,2000,0x3f8000000000000000000013,5,4,4 0 0 0 0 0 0 0,1793173773
305,6,22986456,0xa754afb7549fce6e666bfcd6d4a4064c7d732d0e,10:1,2000,0x7f00000000000000000000000c,8,8,8 0 0 0 0 0 0 0,1793195373
305,7,22986472,0xa754afb7549fce6e666bfcd6d4a4064c7d732d0e,11:1,2000,0xfe00000000000000000000000025,14,8,8 0 0 0 0 0 0 0,1793216973
143,17,22987288,0xb2732bc83797a44d7368b04b95879f582723346f,7:0,500,0x3e00000000000000004,8,4,4 0 0 0 0 0 0 0,1793381123
74,6,22987674,0x74107b9b65801d477d5a7980905beecd72b57a29,11:2,4000,0x1fe0000000000000000000000000c,12,8,8 0 0 0 0 0 0 0,1793136929
92,3,22987726,0x74107b9b65801d477d5a7980905beecd72b57a29,4:2,4000,0x3fc000000002a,16,10,10 0 0 0 0 0 0 0,1793073151
20,6,22989311,0xb528bf440e6c9dad0c15f7e5f4dc75655f7ae27b,14:0,500,0x1f000000000000000000000000000000007,7,4,4 0 0 0 0 0 0 0,1793131081
20,7,22989380,0xb528bf440e6c9dad0c15f7e5f4dc75655f7ae27b,18:0,500,0x1f000000000000000000000000000000000000000017,12,8,8 0 0 0 0 0 0 0,1793152681
43,7,22989440,0x2f694c711225e97dc71e2a98c0a186ae3e1ad167,15:0,500,0x3e00000000000000000000000000000000006,6,4,4 0 0 0 0 0 0 0,1793156350
20,8,22989442,0xb528bf440e6c9dad0c15f7e5f4dc75655f7ae27b,11:0,500,0x3e00000000000000000000000036,6,4,4 0 0 0 0 0 0 0,1793174281
164,3,22989453,0x2f694c711225e97dc71e2a98c0a186ae3e1ad167,18:0,500,0x1f000000000000000000000000000000000000000008,12,8,8 0 0 0 0 0 0 0,1793083249
209,1,22989567,0x9194331dc33cde506a635cb2bde30a88246cb9cf,19:0,500,0x3e0000000000000000000000000000000000000000001a,8,4,4 0 0 0 0 0 0 0,1793050308
281,4,22990737,0xa09daab5e090017fc53b09038ba55b0f1cf9ac36,7:1,2000,0xfe0000000000000003e,8,4,4 0 0 0 0 0 0 0,1793127766
38,4,22991135,0x9fe1c07a4b2ee2842eee679ae719bb23ed341c18,9:1,2000,0x3f8000000000000000000019,5,4,4 0 0 0 0 0 0 0,1793090989
47,3,22991197,0x9fe1c07a4b2ee2842eee679ae719bb23ed341c18,6:0,500,0x1f00000000000000c,5,4,4 0 0 0 0 0 0 0,1793070657
12,2,22991557,0xc0e1ff5b6ec47f15aebfe859b8ab4a566fe61752,9:0,500,0xf8000000000000000000011,5,4,4 0 0 0 0 0 0 0,1793044358
142,3,22991972,0x22fdae531a69647a0ade9154093ac83769f9dc49,1:0,500,0xf801c,9,5,5 0 0 0 0 0 0 0,1793078409
63,12,22992289,0x62ff01f014f0da446e02a62392538f36a83a2659,6:2,4000,0xff000000000000024,18,12,12 0 0 0 0 0 0 0,1793265993
63,13,22992380,0x62ff01f014f0da446e02a62392538f36a83a2659,15:2,4000,0x1fe00000000000000000000000000000000034,15,12,12 0 0 0 0 0 0 0,1793287593
70,12,22992422,0x62ff01f014f0da446e02a62392538f36a83a2659,4:2,4000,0x3fc000000000c,16,10,10 0 0 0 0 0 0 0,1793266271
12,3,22995580,0xc0e1ff5b6ec47f15aebfe859b8ab4a566fe61752,1:1,2000,0x3f8000,9,5,5 0 0 0 0 0 0 0,1793065958
55,5,23000412,0xac0e67aaaa15dc791153b64df4a9d121dce797e5,7:1,2000,0xfe00000000000000005,8,4,4 0 0 0 0 0 0 0,1793114320
55,6,23000454,0xac0e67aaaa15dc791153b64df4a9d121dce797e5,2:1,2000,0x7f00002b,16,10,10 0 0 0 0 0 0 0,1793135920
55,7,23000554,0xac0e67aaaa15dc791153b64df4a9d121dce797e5,13:1,2000,0x3f800000000000000000000000000003d,19,12,12 0 0 0 0 0 0 0,1793157520
55,8,23000579,0xac0e67aaaa15dc791153b64df4a9d121dce797e5,17:1,2000,0x3f800000000000000000000000000000000000003c,10,8,8 0 0 0 0 0 0 0,1793179120
327,7,23000866,0x54012e1e43de8dd719a2deca0d6a254ee4db42b5,19:2,4000,0x1fe00000000000000000000000000000000000000000036,21,12,12 0 0 0 0 0 0 0,1793221405
294,4,23000868,0xcd5504897ee44f57fc5d9f06a9cf1ca1d1eac578,1:1,2000,0x3f8018,9,5,5 0 0 0 0 0 0 0,1793143966
331,5,23000918,0x54012e1e43de8dd719a2deca0d6a254ee4db42b5,15:2,4000,0x1fe00000000000000000000000000000000023,15,12,12 0 0 0 0 0 0 0,1793178987
327,8,23001048,0x54012e1e43de8dd719a2deca0d6a254ee4db42b5,11:2,4000,0x1fe00000000000000000000000024,12,8,8 0 0 0 0 0 0 0,1793243005
331,6,23001067,0x54012e1e43de8dd719a2deca0d6a254ee4db42b5,11:1,2000,0xfe0000000000000000000000002b,30,17,17 0 0 0 0 0 0 0,1793200587
161,9,23001243,0x7d7337fcdefe5771e3280f25c3ba670700e8560c,14:1,2000,0x7f000000000000000000000000000000030,14,8,8 0 0 0 0 0 0 0,1793212601
163,9,23001270,0x7d7337fcdefe5771e3280f25c3ba670700e8560c,13:1,2000,0x3f800000000000000000000000000003f,13,8,8 0 0 0 0 0 0 0,1793212786
247,6,23001337,0xc7f1dce49db860c865ce34e4eb65dbef625919ef,10:2,4000,0xff000000000000000000000011,21,12,12 0 0 0 0 0 0 0,1793165161
264,3,23001380,0xc7f1dce49db860c865ce34e4eb65dbef625919ef,16:2,4000,0x3fc0000000000000000000000000000000000005,13,8,8 0 0 0 0 0 0 0,1793102957
214,1,23001747,0x0824026863b82d18cc258f1299d96c17bbde6d86,1:0,500,0xf8000,9,5,5 0 0 0 0 0 0 0,1793051115
215,1,23001765,0x0824026863b82d18cc258f1299d96c17bbde6d86,1:0,500,0xf8000,9,5,5 0 0 0 0 0 0 0,1793051193
172,5,23003303,0xed39205dd38074eea517a0e3dbd099b4e4a85af3,1:1,2000,0x3f802d,9,5,5 0 0 0 0 0 0 0,1793126919
185,5,23003318,0xed39205dd38074eea517a0e3dbd099b4e4a85af3,1:1,2000,0x3f802d,19,10,10 0 0 0 0 0 0 0,1793128724
77,5,23004295,0x3f62ae0c7ed24dcd2b52c1c224296519b02df00d,2:0,500,0x1f000033,18,10,10 0 0 0 0 0 0 0,1793115645
77,6,23004326,0x3f62ae0c7ed24dcd2b52c1c224296519b02df00d,5:0,500,0xf8000000000004,6,4,4 0 0 0 0 0 0 0,1793137245
77,7,23004355,0x3f62ae0c7ed24dcd2b52c1c224296519b02df00d,7:0,500,0x3e00000000000000000,8,4,4 0 0 0 0 0 0 0,1793158845
77,8,23004571,0x3f62ae0c7ed24dcd2b52c1c224296519b02df00d,6:0,500,0x1f000000000000001,5,4,4 0 0 0 0 0 0 0,1793180445
141,4,23005174,0x88c58b42f2783131d51a58af7f1a9b491089afeb,1:0,500,0xf8037,9,5,5 0 0 0 0 0 0 0,1793099768
79,5,23005224,0x3f62ae0c7ed24dcd2b52c1c224296519b02df00d,2:2,4000,0xff000024,18,10,10 0 0 0 0 0 0 0,1793115818
79,6,23005252,0x3f62ae0c7ed24dcd2b52c1c224296519b02df00d,5:2,4000,0x7f8000000000026,11,8,8 0 0 0 0 0 0 0,1793137418
79,7,23005282,0x3f62ae0c7ed24dcd2b52c1c224296519b02df00d,7:2,4000,0x1fe00000000000000030,26,13,13 0 0 0 0 0 0 0,1793159018
79,8,23005331,0x3f62ae0c7ed24dcd2b52c1c224296519b02df00d,6:2,4000,0xff00000000000001c,26,16,16 0 0 0 0 0 0 0,1793180618
141,5,23005353,0x88c58b42f2783131d51a58af7f1a9b491089afeb,19:0,500,0x3e0000000000000000000000000000000000000000002e,13,8,8 0 0 0 0 0 0 0,1793121368
220,4,23005448,0x939571499a81766380edd7040bb16a785b800855,1:0,500,0xf8037,19,10,10 0 0 0 0 0 0 0,1793117876
187,4,23005821,0x65d3f783f7a9f2a30cf70a8b3f6789fe98779086,2:0,500,0x1f000032,16,10,10 0 0 0 0 0 0 0,1793107194
220,5,23005849,0x939571499a81766380edd7040bb16a785b800855,4:0,500,0x7c0000000035,8,5,5 0 0 0 0 0 0 0,1793139476
187,5,23005863,0x65d3f783f7a9f2a30cf70a8b3f6789fe98779086,5:0,500,0xf800000000002a,6,4,4 0 0 0 0 0 0 0,1793128794
187,6,23005928,0x65d3f783f7a9f2a30cf70a8b3f6789fe98779086,7:0,500,0x3e00000000000000011,18,9,9 0 0 0 0 0 0 0,1793150394
187,7,23005967,0x65d3f783f7a9f2a30cf70a8b3f6789fe98779086,6:0,500,0x1f00000000000002a,5,4,4 0 0 0 0 0 0 0,1793171994
286,3,23006175,0x65d3f783f7a9f2a30cf70a8b3f6789fe98779086,2:0,500,0x1f000028,8,5,5 0 0 0 0 0 0 0,1793121151
286,4,23006216,0x65d3f783f7a9f2a30cf70a8b3f6789fe98779086,5:0,500,0xf8000000000006,6,4,4 0 0 0 0 0 0 0,1793142751
286,5,23006257,0x65d3f783f7a9f2a30cf70a8b3f6789fe98779086,7:0,500,0x3e00000000000000023,8,4,4 0 0 0 0 0 0 0,1793164351
286,6,23006286,0x65d3f783f7a9f2a30cf70a8b3f6789fe98779086,6:0,500,0x1f00000000000002b,5,4,4 0 0 0 0 0 0 0,1793185951
287,3,23006373,0x65d3f783f7a9f2a30cf70a8b3f6789fe98779086,2:0,500,0x1f000028,8,5,5 0 0 0 0 0 0 0,1793121170
287,4,23006418,0x65d3f783f7a9f2a30cf70a8b3f6789fe98779086,5:0,500,0xf8000000000006,6,4,4 0 0 0 0 0 0 0,1793142770
287,5,23006446,0x65d3f783f7a9f2a30cf70a8b3f6789fe98779086,7:0,500,0x3e00000000000000023,16,8,8 0 0 0 0 0 0 0,1793164370
287,6,23006488,0x65d3f783f7a9f2a30cf70a8b3f6789fe98779086,6:0,500,0x1f00000000000002b,5,4,4 0 0 0 0 0 0 0,1793185970
55,9,23006593,0xac0e67aaaa15dc791153b64df4a9d121dce797e5,19:1,2000,0xfe00000000000000000000000000000000000000000013,8,4,4 0 0 0 0 0 0 0,1793200720
55,10,23006618,0xac0e67aaaa15dc791153b64df4a9d121dce797e5,16:1,2000,0x1fc000000000000000000000000000000000003c,31,17,17 0 0 0 0 0 0 0,1793222320
55,11,23006641,0xac0e67aaaa15dc791153b64df4a9d121dce797e5,9:1,2000,0x3f8000000000000000000000,5,4,4 0 0 0 0 0 0 0,1793243920
55,12,23006990,0xac0e67aaaa15dc791153b64df4a9d121dce797e5,12:1,2000,0x1fc0000000000000000000000000023,5,4,4 0 0 0 0 0 0 0,1793265520
77,9,23007119,0x3f62ae0c7ed24dcd2b52c1c224296519b02df00d,1:0,500,0xf803a,19,10,10 0 0 0 0 0 0 0,1793202045
77,10,23007208,0x3f62ae0c7ed24dcd2b52c1c224296519b02df00d,3:0,500,0x3e0000000c,10,5,5 0 0 0 0 0 0 0,1793223645
77,11,23007282,0x3f62ae0c7ed24dcd2b52c1c224296519b02df00d,4:0,500,0x7c000000003a,8,5,5 0 0 0 0 0 0 0,1793245245
77,12,23007310,0x3f62ae0c7ed24dcd2b52c1c224296519b02df00d,8:0,500,0x7c000000000000000003b,8,4,4 0 0 0 0 0 0 0,1793266845
77,13,23007355,0x3f62ae0c7ed24dcd2b52c1c224296519b02df00d,9:0,500,0xf8000000000000000000023,22,13,13 0 0 0 0 0 0 0,1793288445
77,14,23007403,0x3f62ae0c7ed24dcd2b52c1c224296519b02df00d,10:0,500,0x1f000000000000000000000017,8,8,8 0 0 0 0 0 0 0,1793310045
77,15,23007492,0x3f62ae0c7ed24dcd2b52c1c224296519b02df00d,11:0,500,0x3e00000000000000000000000032,6,4,4 0 0 0 0 0 0 0,1793331645
77,16,23007567,0x3f62ae0c7ed24dcd2b52c1c224296519b02df00d,12:0,500,0x7c0000000000000000000000000004,5,4,4 0 0 0 0 0 0 0,1793353245
77,17,23007611,0x3f62ae0c7ed24dcd2b52c1c224296519b02df00d,13:0,500,0xf8000000000000000000000000000014,8,4,4 0 0 0 0 0 0 0,1793374845
77,18,23007639,0x3f62ae0c7ed24dcd2b52c1c224296519b02df00d,14:0,500,0x1f00000000000000000000000000000000b,7,4,4 0 0 0 0 0 0 0,1793396445
77,19,23007665,0x3f62ae0c7ed24dcd2b52c1c224296519b02df00d,15:0,500,0x3e00000000000000000000000000000000027,6,4,4 0 0 0 0 0 0 0,1793418045
77,20,23007765,0x3f62ae0c7ed24dcd2b52c1c224296519b02df00d,16:0,500,0x7c000000000000000000000000000000000003b,6,4,4 0 0 0 0 0 0 0,1793439645
77,21,23007813,0x3f62ae0c7ed24dcd2b52c1c224296519b02df00d,17:0,500,0xf800000000000000000000000000000000000003c,17,9,9 0 0 0 0 0 0 0,1793461245
77,22,23007849,0x3f62ae0c7ed24dcd2b52c1c224296519b02df00d,18:0,500,0x1f000000000000000000000000000000000000000024,12,8,8 0 0 0 0 0 0 0,1793482845
77,23,23007883,0x3f62ae0c7ed24dcd2b52c1c224296519b02df00d,19:0,500,0x3e0000000000000000000000000000000000000000003c,8,4,4 0 0 0 0 0 0 0,1793504445
76,8,23008056,0x3f62ae0c7ed24dcd2b52c1c224296519b02df00d,1:0,500,0xf803d,19,10,10 0 0 0 0 0 0 0,1793180355
76,9,23008089,0x3f62ae0c7ed24dcd2b52c1c224296519b02df00d,3:0,500,0x3e00000013,19,10,10 0 0 0 0 0 0 0,1793201955
76,10,23008122,0x3f62ae0c7ed24dcd2b52c1c224296519b02df00d,4:0,500,0x7c0000000019,8,5,5 0 0 0 0 0 0 0,1793223555
76,11,23008210,0x3f62ae0c7ed24dcd2b52c1c224296519b02df00d,6:0,500,0x1f000000000000033,15,9,9 0 0 0 0 0 0 0,1793245155
76,12,23008304,0x3f62ae0c7ed24dcd2b52c1c224296519b02df00d,9:0,500,0xf800000000000000000000c,5,4,4 0 0 0 0 0 0 0,1793266755
76,13,23008336,0x3f62ae0c7ed24dcd2b52c1c224296519b02df00d,10:0,500,0x1f00000000000000000000003b,5,4,4 0 0 0 0 0 0 0,1793288355
76,14,23008368,0x3f62ae0c7ed24dcd2b52c1c224296519b02df00d,11:0,500,0x3e0000000000000000000000003b,6,4,4 0 0 0 0 0 0 0,1793309955
76,15,23008399,0x3f62ae0c7ed24dcd2b52c1c224296519b02df00d,12:0,500,0x7c000000000000000000000000000e,5,4,4 0 0 0 0 0 0 0,1793331555
76,16,23008434,0x3f62ae0c7ed24dcd2b52c1c224296519b02df00d,13:0,500,0xf800000000000000000000000000000e,8,4,4 0 0 0 0 0 0 0,1793353155
76,17,23009122,0x3f62ae0c7ed24dcd2b52c1c224296519b02df00d,14:0,500,0x1f000000000000000000000000000000013,7,4,4 0 0 0 0 0 0 0,1793374755
76,18,23009227,0x3f62ae0c7ed24dcd2b52c1c224296519b02df00d,15:0,500,0x3e00000000000000000000000000000000010,6,4,4 0 0 0 0 0 0 0,1793396355
76,19,23009305,0x3f62ae0c7ed24dcd2b52c1c224296519b02df00d,15:0,500,0x3e00000000000000000000000000000000027,20,13,13 0 0 0 0 0 0 0,1793417955
76,20,23009398,0x3f62ae0c7ed24dcd2b52c1c224296519b02df00d,16:0,500,0x7c000000000000000000000000000000000003b,6,4,4 0 0 0 0 0 0 0,1793439555
76,21,23009459,0x3f62ae0c7ed24dcd2b52c1c224296519b02df00d,17:0,500,0xf800000000000000000000000000000000000003c,10,8,8 0 0 0 0 0 0 0,1793461155
76,22,23009516,0x3f62ae0c7ed24dcd2b52c1c224296519b02df00d,18:0,500,0x1f000000000000000000000000000000000000000024,12,8,8 0 0 0 0 0 0 0,1793482755
76,23,23009548,0x3f62ae0c7ed24dcd2b52c1c224296519b02df00d,19:0,500,0x3e0000000000000000000000000000000000000000003c,18,9,9 0 0 0 0 0 0 0,1793504355
79,9,23009675,0x3f62ae0c7ed24dcd2b52c1c224296519b02df00d,1:0,500,0xf803a,19,10,10 0 0 0 0 0 0 0,1793202218
79,10,23009701,0x3f62ae0c7ed24dcd2b52c1c224296519b02df00d,3:0,500,0x3e0000000c,19,10,10 0 0 0 0 0 0 0,1793223818
79,11,23009723,0x3f62ae0c7ed24dcd2b52c1c224296519b02df00d,4:0,500,0x7c000000003a,8,5,5 0 0 0 0 0 0 0,1793245418
79,12,23009758,0x3f62ae0c7ed24dcd2b52c1c224296519b02df00d,8:0,500,0x7c000000000000000003b,26,13,13 0 0 0 0 0 0 0,1793267018
79,13,23009805,0x3f62ae0c7ed24dcd2b52c1c224296519b02df00d,9:0,500,0xf8000000000000000000023,12,8,8 0 0 0 0 0 0 0,1793288618
79,14,23009836,0x3f62ae0c7ed24dcd2b52c1c224296519b02df00d,10:0,500,0x1f000000000000000000000017,8,8,8 0 0 0 0 0 0 0,1793310218
79,15,23009876,0x3f62ae0c7ed24dcd2b52c1c224296519b02df00d,12:0,500,0x7c000000000000000000000000000e,5,4,4 0 0 0 0 0 0 0,1793331818
79,16,23009913,0x3f62ae0c7ed24dcd2b52c1c224296519b02df00d,13:0,500,0xf800000000000000000000000000000e,8,4,4 0 0 0 0 0 0 0,1793353418
79,17,23009941,0x3f62ae0c7ed24dcd2b52c1c224296519b02df00d,14:0,500,0x1f000000000000000000000000000000013,7,4,4 0 0 0 0 0 0 0,1793375018
53,10,23009964,0xe0be2740456040536765022e7db612418e3de99e,1:0,500,0xf803b,19,10,10 0 0 0 0 0 0 0,1793222232
79,18,23009967,0x3f62ae0c7ed24dcd2b52c1c224296519b02df00d,15:0,500,0x3e00000000000000000000000000000000010,10,8,8 0 0 0 0 0 0 0,1793396618
79,19,23009991,0x3f62ae0c7ed24dcd2b52c1c224296519b02df00d,16:0,500,0x7c0000000000000000000000000000000000028,14,8,8 0 0 0 0 0 0 0,1793418218
60,6,23010009,0xe0be2740456040536765022e7db612418e3de99e,1:1,2000,0x3f8011,9,5,5 0 0 0 0 0 0 0,1793136180
79,20,23010015,0x3f62ae0c7ed24dcd2b52c1c224296519b02df00d,17:1,2000,0x3f8000000000000000000000000000000000000015,7,4,4 0 0 0 0 0 0 0,1793439818
79,21,23010038,0x3f62ae0c7ed24dcd2b52c1c224296519b02df00d,18:0,500,0x1f00000000000000000000000000000000000000002a,22,13,13 0 0 0 0 0 0 0,1793461418
61,12,23010060,0xe0be2740456040536765022e7db612418e3de99e,1:2,4000,0x7f8020,19,10,10 0 0 0 0 0 0 0,1793265841
79,22,23010067,0x3f62ae0c7ed24dcd2b52c1c224296519b02df00d,19:0,500,0x3e0000000000000000000000000000000000000000001b,13,8,8 0 0 0 0 0 0 0,1793483018
79,23,23010139,0x3f62ae0c7ed24dcd2b52c1c224296519b02df00d,11:0,500,0x3e00000000000000000000000024,6,4,4 0 0 0 0 0 0 0,1793504618
61,13,23010333,0xe0be2740456040536765022e7db612418e3de99e,3:2,4000,0x1fe00000012,28,15,15 0 0 0 0 0 0 0,1793287441
27,8,23012959,0x81b4bf458a73ea46fadd46ee8236e5f94c4eb8e0,12:1,2000,0x1fc0000000000000000000000000031,5,4,4 0 0 0 0 0 0 0,1793176350
214,2,23014759,0x0824026863b82d18cc258f1299d96c17bbde6d86,7:0,500,0x3e00000000000000031,8,4,4 0 0 0 0 0 0 0,1793072715
215,2,23014859,0x0824026863b82d18cc258f1299d96c17bbde6d86,1:0,500,0xf8007,19,10,10 0 0 0 0 0 0 0,1793072793
6,5,23016687,0x1a3a0e6f222e823cc8d0f39d87042f88ab763872,12:0,500,0x7c0000000000000000000000000016,13,8,8 0 0 0 0 0 0 0,1793108997
217,2,23017698,0xd14049678140b62b8d5ea1766357b0f3646eb936,2:1,2000,0x7f000000,8,5,5 0 0 0 0 0 0 0,1793073682
187,8,23018203,0x65d3f783f7a9f2a30cf70a8b3f6789fe98779086,1:0,500,0xf803d,9,5,5 0 0 0 0 0 0 0,1793193594
187,9,23018224,0x65d3f783f7a9f2a30cf70a8b3f6789fe98779086,3:0,500,0x3e00000013,10,5,5 0 0 0 0 0 0 0,1793215194
187,10,23018254,0x65d3f783f7a9f2a30cf70a8b3f6789fe98779086,4:0,500,0x7c0000000019,8,5,5 0 0 0 0 0 0 0,1793236794
187,11,23018276,0x65d3f783f7a9f2a30cf70a8b3f6789fe98779086,8:0,500,0x7c0000000000000000035,8,4,4 0 0 0 0 0 0 0,1793258394
187,12,23018300,0x65d3f783f7a9f2a30cf70a8b3f6789fe98779086,9:0,500,0xf800000000000000000000c,5,4,4 0 0 0 0 0 0 0,1793279994
187,13,23018320,0x65d3f783f7a9f2a30cf70a8b3f6789fe98779086,10:0,500,0x1f00000000000000000000003b,15,9,9 0 0 0 0 0 0 0,1793301594
187,14,23018339,0x65d3f783f7a9f2a30cf70a8b3f6789fe98779086,11:0,500,0x3e0000000000000000000000003b,14,8,8 0 0 0 0 0 0 0,1793323194
187,15,23018361,0x65d3f783f7a9f2a30cf70a8b3f6789fe98779086,12:0,500,0x7c000000000000000000000000000e,13,8,8 0 0 0 0 0 0 0,1793344794
187,16,23018382,0x65d3f783f7a9f2a30cf70a8b3f6789fe98779086,13:0,500,0xf800000000000000000000000000000e,8,4,4 0 0 0 0 0 0 0,1793366394
42,8,23018396,0x1b25bd7ce0fb701d9aac3fd43fa221ac63e3fb3e,5:1,2000,0x3f8000000000010,6,4,4 0 0 0 0 0 0 0,1793177928
187,17,23018404,0x65d3f783f7a9f2a30cf70a8b3f6789fe98779086,14:0,500,0x1f000000000000000000000000000000013,7,4,4 0 0 0 0 0 0 0,1793387994
42,9,23018414,0x1b25bd7ce0fb701d9aac3fd43fa221ac63e3fb3e,2:1,2000,0x7f00001d,18,10,10 0 0 0 0 0 0 0,1793199528
187,18,23018424,0x65d3f783f7a9f2a30cf70a8b3f6789fe98779086,15:0,500,0x3e00000000000000000000000000000000010,6,4,4 0 0 0 0 0 0 0,1793409594
42,10,23018430,0x1b25bd7ce0fb701d9aac3fd43fa221ac63e3fb3e,7:1,2000,0xfe00000000000000035,24,12,12 0 0 0 0 0 0 0,1793221128
187,19,23018450,0x65d3f783f7a9f2a30cf70a8b3f6789fe98779086,16:0,500,0x7c0000000000000000000000000000000000028,6,4,4 0 0 0 0 0 0 0,1793431194
187,20,23018472,0x65d3f783f7a9f2a30cf70a8b3f6789fe98779086,17:0,500,0xf8000000000000000000000000000000000000032,7,4,4 0 0 0 0 0 0 0,1793452794
187,21,23018493,0x65d3f783f7a9f2a30cf70a8b3f6789fe98779086,18:0,500,0x1f00000000000000000000000000000000000000002a,17,9,9 0 0 0 0 0 0 0,1793474394
187,22,23018515,0x65d3f783f7a9f2a30cf70a8b3f6789fe98779086,19:0,500,0x3e0000000000000000000000000000000000000000001b,8,4,4 0 0 0 0 0 0 0,1793495994
286,7,23018608,0x65d3f783f7a9f2a30cf70a8b3f6789fe98779086,1:0,500,0xf8006,19,10,10 0 0 0 0 0 0 0,1793207551
286,8,23018631,0x65d3f783f7a9f2a30cf70a8b3f6789fe98779086,3:0,500,0x3e00000024,10,5,5 0 0 0 0 0 0 0,1793229151
286,9,23018651,0x65d3f783f7a9f2a30cf70a8b3f6789fe98779086,4:0,500,0x7c0000000004,8,5,5 0 0 0 0 0 0 0,1793250751
286,10,23018678,0x65d3f783f7a9f2a30cf70a8b3f6789fe98779086,8:0,500,0x7c0000000000000000038,18,9,9 0 0 0 0 0 0 0,1793272351
286,11,23018696,0x65d3f783f7a9f2a30cf70a8b3f6789fe98779086,9:0,500,0xf8000000000000000000012,5,4,4 0 0 0 0 0 0 0,1793293951
286,12,23018723,0x65d3f783f7a9f2a30cf70a8b3f6789fe98779086,10:0,500,0x1f00000000000000000000000f,5,4,4 0 0 0 0 0 0 0,1793315551
286,13,23018744,0x65d3f783f7a9f2a30cf70a8b3f6789fe98779086,11:0,500,0x3e0000000000000000000000001f,6,4,4 0 0 0 0 0 0 0,1793337151
286,14,23018764,0x65d3f783f7a9f2a30cf70a8b3f6789fe98779086,12:0,500,0x7c000000000000000000000000000f,5,4,4 0 0 0 0 0 0 0,1793358751
286,15,23018785,0x65d3f783f7a9f2a30cf70a8b3f6789fe98779086,13:0,500,0xf8000000000000000000000000000030,8,4,4 0 0 0 0 0 0 0,1793380351
286,16,23018808,0x65d3f783f7a9f2a30cf70a8b3f6789fe98779086,14:0,500,0x1f000000000000000000000000000000016,7,4,4 0 0 0 0 0 0 0,1793401951
286,17,23018832,0x65d3f783f7a9f2a30cf70a8b3f6789fe98779086,15:0,500,0x3e00000000000000000000000000000000023,6,4,4 0 0 0 0 0 0 0,1793423551
286,18,23018854,0x65d3f783f7a9f2a30cf70a8b3f6789fe98779086,16:0,500,0x7c000000000000000000000000000000000003d,24,13,13 0 0 0 0 0 0 0,1793445151
286,19,23018873,0x65d3f783f7a9f2a30cf70a8b3f6789fe98779086,17:0,500,0xf8000000000000000000000000000000000000015,10,8,8 0 0 0 0 0 0 0,1793466751
286,20,23018893,0x65d3f783f7a9f2a30cf70a8b3f6789fe98779086,18:0,500,0x1f00000000000000000000000000000000000000001f,7,4,4 0 0 0 0 0 0 0,1793488351
286,21,23018915,0x65d3f783f7a9f2a30cf70a8b3f6789fe98779086,19:0,500,0x3e0000000000000000000000000000000000000000003c,8,4,4 0 0 0 0 0 0 0,1793509951
287,7,23018979,0x65d3f783f7a9f2a30cf70a8b3f6789fe98779086,1:0,500,0xf8006,19,10,10 0 0 0 0 0 0 0,1793207570
287,8,23018999,0x65d3f783f7a9f2a30cf70a8b3f6789fe98779086,3:0,500,0x3e00000024,10,5,5 0 0 0 0 0 0 0,1793229170
287,9,23019026,0x65d3f783f7a9f2a30cf70a8b3f6789fe98779086,4:0,500,0x7c0000000004,8,5,5 0 0 0 0 0 0 0,1793250770
287,10,23019046,0x65d3f783f7a9f2a30cf70a8b3f6789fe98779086,8:0,500,0x7c0000000000000000038,26,13,13 0 0 0 0 0 0 0,1793272370
287,11,23019067,0x65d3f783f7a9f2a30cf70a8b3f6789fe98779086,9:0,500,0xf8000000000000000000012,5,4,4 0 0 0 0 0 0 0,1793293970
287,12,23019087,0x65d3f783f7a9f2a30cf70a8b3f6789fe98779086,10:0,500,0x1f00000000000000000000000f,5,4,4 0 0 0 0 0 0 0,1793315570
287,13,23019116,0x65d3f783f7a9f2a30cf70a8b3f6789fe98779086,11:0,500,0x3e0000000000000000000000001f,6,4,4 0 0 0 0 0 0 0,1793337170
287,14,23019138,0x65d3f783f7a9f2a30cf70a8b3f6789fe98779086,12:0,500,0x7c000000000000000000000000000f,5,4,4 0 0 0 0 0 0 0,1793358770
287,15,23019160,0x65d3f783f7a9f2a30cf70a8b3f6789fe98779086,13:0,500,0xf8000000000000000000000000000030,8,4,4 0 0 0 0 0 0 0,1793380370
31,17,23019173,0xac79fd6008b971723d16974cdb23ad70ecc00bee,12:0,500,0x7c0000000000000000000000000003,5,4,4 0 0 0 0 0 0 0,1793370992
287,16,23019181,0x65d3f783f7a9f2a30cf70a8b3f6789fe98779086,14:0,500,0x1f000000000000000000000000000000016,7,4,4 0 0 0 0 0 0 0,1793401970
31,18,23019189,0xac79fd6008b971723d16974cdb23ad70ecc00bee,1:0,500,0xf8027,9,5,5 0 0 0 0 0 0 0,1793392592
287,17,23019201,0x65d3f783f7a9f2a30cf70a8b3f6789fe98779086,15:0,500,0x3e00000000000000000000000000000000023,6,4,4 0 0 0 0 0 0 0,1793423570
31,19,23019217,0xac79fd6008b971723d16974cdb23ad70ecc00bee,4:0,500,0x7c000000003e,27,15,15 0 0 0 0 0 0 0,1793414192
287,18,23019221,0x65d3f783f7a9f2a30cf70a8b3f6789fe98779086,16:0,500,0x7c000000000000000000000000000000000003d,16,9,9 0 0 0 0 0 0 0,1793445170
31,20,23019237,0xac79fd6008b971723d16974cdb23ad70ecc00bee,16:0,500,0x7c000000000000000000000000000000000003b,6,4,4 0 0 0 0 0 0 0,1793435792
287,19,23019241,0x65d3f783f7a9f2a30cf70a8b3f6789fe98779086,17:0,500,0xf8000000000000000000000000000000000000015,7,4,4 0 0 0 0 0 0 0,1793466770
31,21,23019254,0xac79fd6008b971723d16974cdb23ad70ecc00bee,18:0,500,0x1f00000000000000000000000000000000000000002a,7,4,4 0 0 0 0 0 0 0,1793457392
287,20,23019263,0x65d3f783f7a9f2a30cf70a8b3f6789fe98779086,18:0,500,0x1f00000000000000000000000000000000000000001f,7,4,4 0 0 0 0 0 0 0,1793488370
287,21,23019288,0x65d3f783f7a9f2a30cf70a8b3f6789fe98779086,19:0,500,0x3e0000000000000000000000000000000000000000003c,8,4,4 0 0 0 0 0 0 0,1793509970
158,9,23020629,0x574b60bc1a42becb1de3972751e9238c26c9cccf,12:2,4000,0x3fc0000000000000000000000000008,17,12,12 0 0 0 0 0 0 0,1793211025
156,9,23020705,0x574b60bc1a42becb1de3972751e9238c26c9cccf,15:2,4000,0x1fe00000000000000000000000000000000030,11,8,8 0 0 0 0 0 0 0,1793210675
159,9,23020769,0x574b60bc1a42becb1de3972751e9238c26c9cccf,17:2,4000,0x7f8000000000000000000000000000000000000023,17,12,12 0 0 0 0 0 0 0,1793211053
31,22,23020814,0xac79fd6008b971723d16974cdb23ad70ecc00bee,19:0,500,0x3e0000000000000000000000000000000000000000001b,13,8,8 0 0 0 0 0 0 0,1793478992
31,23,23020830,0xac79fd6008b971723d16974cdb23ad70ecc00bee,13:0,500,0xf8000000000000000000000000000026,8,4,4 0 0 0 0 0 0 0,1793500592
320,5,23021379,0xa754afb7549fce6e666bfcd6d4a4064c7d732d0e,11:1,2000,0xfe0000000000000000000000003a,6,4,4 0 0 0 0 0 0 0,1793175656
246,3,23022082,0xe79ca7d5c265c93be2b23e4e04ba9d8357622db7,1:0,500,0xf801c,9,5,5 0 0 0 0 0 0 0,1793100290
305,8,23023395,0xa754afb7549fce6e666bfcd6d4a4064c7d732d0e,13:1,2000,0x3f8000000000000000000000000000017,13,8,8 0 0 0 0 0 0 0,1793238573
246,4,23025095,0xe79ca7d5c265c93be2b23e4e04ba9d8357622db7,9:0,500,0xf8000000000000000000021,5,4,4 0 0 0 0 0 0 0,1793121890
63,14,23026461,0x62ff01f014f0da446e02a62392538f36a83a2659,1:2,4000,0x7f8015,19,10,10 0 0 0 0 0 0 0,1793309193
68,8,23026503,0x62ff01f014f0da446e02a62392538f36a83a2659,19:2,4000,0x1fe00000000000000000000000000000000000000000028,21,12,12 0 0 0 0 0 0 0,1793179741
70,13,23026553,0x62ff01f014f0da446e02a62392538f36a83a2659,15:2,4000,0x1fe00000000000000000000000000000000034,15,12,12 0 0 0 0 0 0 0,1793287871
40,3,23030198,0xca6f14b85541f79aff1e985e6d6373aa142ef93a,5:0,500,0xf8000000000011,6,4,4 0 0 0 0 0 0 0,1793069601
34,2,23030245,0xa9db421e7f6afa0d7158d51bdc4aa279eb788e0c,2:0,500,0x1f00002c,16,10,10 0 0 0 0 0 0 0,1793047337
23,22,23033250,0x0349cd3a83006bc4f057f553f221d69bd7a6c504,13:0,500,0xf800000000000000000000000000000b,8,4,4 0 0 0 0 0 0 0,1793477044
23,23,23033276,0x0349cd3a83006bc4f057f553f221d69bd7a6c504,14:0,500,0x1f000000000000000000000000000000021,7,4,4 0 0 0 0 0 0 0,1793498644
23,24,23033298,0x0349cd3a83006bc4f057f553f221d69bd7a6c504,15:0,500,0x3e00000000000000000000000000000000039,20,13,13 0 0 0 0 0 0 0,1793520244
23,25,23033338,0x0349cd3a83006bc4f057f553f221d69bd7a6c504,15:0,500,0x3e00000000000000000000000000000000008,6,4,4 0 0 0 0 0 0 0,1793541844
23,26,23033365,0x0349cd3a83006bc4f057f553f221d69bd7a6c504,16:0,500,0x7c000000000000000000000000000000000000f,6,4,4 0 0 0 0 0 0 0,1793563444
23,27,23033401,0x0349cd3a83006bc4f057f553f221d69bd7a6c504,17:0,500,0xf800000000000000000000000000000000000000b,7,4,4 0 0 0 0 0 0 0,1793585044
23,28,23033423,0x0349cd3a83006bc4f057f553f221d69bd7a6c504,18:0,500,0x1f000000000000000000000000000000000000000027,12,8,8 0 0 0 0 0 0 0,1793606644
23,29,23033534,0x0349cd3a83006bc4f057f553f221d69bd7a6c504,19:0,500,0x3e00000000000000000000000000000000000000000011,13,8,8 0 0 0 0 0 0 0,1793628244
23,30,23033557,0x0349cd3a83006bc4f057f553f221d69bd7a6c504,9:0,500,0xf8000000000000000000035,12,8,8 0 0 0 0 0 0 0,1793649844
23,31,23033587,0x0349cd3a83006bc4f057f553f221d69bd7a6c504,10:0,500,0x1f00000000000000000000002e,8,8,8 0 0 0 0 0 0 0,1793671444
23,32,23033608,0x0349cd3a83006bc4f057f553f221d69bd7a6c504,11:0,500,0x3e00000000000000000000000038,24,13,13 0 0 0 0 0 0 0,1793693044
23,33,23033628,0x0349cd3a83006bc4f057f553f221d69bd7a6c504,8:0,500,0x7c000000000000000002f,8,4,4 0 0 0 0 0 0 0,1793714644
23,34,23033653,0x0349cd3a83006bc4f057f553f221d69bd7a6c504,7:0,500,0x3e00000000000000002,16,8,8 0 0 0 0 0 0 0,1793736244
23,35,23033679,0x0349cd3a83006bc4f057f553f221d69bd7a6c504,6:0,500,0x1f000000000000031,5,4,4 0 0 0 0 0 0 0,1793757844
23,36,23033706,0x0349cd3a83006bc4f057f553f221d69bd7a6c504,5:0,500,0xf800000000001d,6,4,4 0 0 0 0 0 0 0,1793779444
23,37,23033731,0x0349cd3a83006bc4f057f553f221d69bd7a6c504,4:0,500,0x7c0000000039,17,10,10 0 0 0 0 0 0 0,1793801044
23,38,23033754,0x0349cd3a83006bc4f057f553f221d69bd7a6c504,3:0,500,0x3e00000035,29,15,15 0 0 0 0 0 0 0,1793822644
23,39,23033776,0x0349cd3a83006bc4f057f553f221d69bd7a6c504,2:0,500,0x1f000028,8,5,5 0 0 0 0 0 0 0,1793844244
23,40,23033804,0x0349cd3a83006bc4f057f553f221d69bd7a6c504,1:0,500,0xf8010,19,10,10 0 0 0 0 0 0 0,1793865844
246,5,23034260,0xe79ca7d5c265c93be2b23e4e04ba9d8357622db7,9:0,500,0xf8000000000000000000007,12,8,8 0 0 0 0 0 0 0,1793143490
271,5,23035040,0xd00226b73bab097e97c6df416dc031df7c4b5af1,1:1,2000,0x3f802d,19,10,10 0 0 0 0 0 0 0,1793147917
271,6,23035237,0xd00226b73bab097e97c6df416dc031df7c4b5af1,12:1,2000,0x1fc0000000000000000000000000024,5,4,4 0 0 0 0 0 0 0,1793169517
306,5,23035243,0xa754afb7549fce6e666bfcd6d4a4064c7d732d0e,13:1,2000,0x3f800000000000000000000000000001f,18,9,9 0 0 0 0 0 0 0,1793174099
300,2,23035891,0x1b1829e31d3f85210ea84c2b62f59faa47687c7e,8:0,500,0x7c0000000000000000027,8,4,4 0 0 0 0 0 0 0,1793107725
14,6,23036018,0x1b1829e31d3f85210ea84c2b62f59faa47687c7e,8:0,500,0x7c000000000000000003e,8,4,4 0 0 0 0 0 0 0,1793130799
300,3,23036096,0x1b1829e31d3f85210ea84c2b62f59faa47687c7e,9:0,500,0xf8000000000000000000036,5,4,4 0 0 0 0 0 0 0,1793129325
263,3,23036512,0xf991ce4c19d613495b2689d0452e806c3b354f8c,15:1,2000,0xfe0000000000000000000000000000000001e,6,4,4 0 0 0 0 0 0 0,1793102487
198,3,23036788,0x9194331dc33cde506a635cb2bde30a88246cb9cf,1:0,500,0xf801c,19,10,10 0 0 0 0 0 0 0,1793089500
228,1,23038334,0xca455075041d8af4723892825b3e45e685ee1e0d,7:0,500,0x3e0000000000000000a,8,4,4 0 0 0 0 0 0 0,1793054242
229,1,23038341,0x871c8e4a223b9fdff258d117d106d990629c3d68,15:0,500,0x3e00000000000000000000000000000000002,6,4,4 0 0 0 0 0 0 0,1793054243
235,1,23040003,0xaf88695762861f15b620b242c56d919f0d0ce612,10:0,500,0x1f00000000000000000000003a,5,4,4 0 0 0 0 0 0 0,1793055497
332,2,23040003,0x7d0aa09db8d2018d8de6def866824d111444bf4b,17:0,500,0xf800000000000000000000000000000000000002c,7,4,4 0 0 0 0 0 0 0,1793114772
201,3,23040434,0xaf88695762861f15b620b242c56d919f0d0ce612,11:0,500,0x3e00000000000000000000000001,6,4,4 0 0 0 0 0 0 0,1793090062
235,2,23040699,0xaf88695762861f15b620b242c56d919f0d0ce612,10:0,500,0x1f00000000000000000000002c,8,8,8 0 0 0 0 0 0 0,1793077097
36,4,23041494,0xf410f5824a53bdeedb76f7d280bccad40538c523,1:0,500,0xf8037,9,5,5 0 0 0 0 0 0 0,1793090914
175,3,23041629,0x224e633c9632a51de2f6225a7620dc46b2d58b08,1:2,4000,0x7f8039,29,15,15 0 0 0 0 0 0 0,1793084426
177,2,23041669,0x224e633c9632a51de2f6225a7620dc46b2d58b08,9:2,4000,0x7f800000000000000000003f,17,12,12 0 0 0 0 0 0 0,1793063080
181,2,23041684,0x224e633c9632a51de2f6225a7620dc46b2d58b08,19:2,4000,0x1fe00000000000000000000000000000000000000000036,16,8,8 0 0 0 0 0 0 0,1793063482
218,4,23041701,0xb3aa0c5049d7e1c9abf88d612c10b8d792383464,18:2,4000,0xff00000000000000000000000000000000000000001f,14,8,8 0 0 0 0 0 0 0,1793116888
218,5,23041891,0xb3aa0c5049d7e1c9abf88d612c10b8d792383464,10:2,4000,0xff00000000000000000000002a,13,8,8 0 0 0 0 0 0 0,1793138488
218,6,23041942,0xb3aa0c5049d7e1c9abf88d612c10b8d792383464,7:2,4000,0x1fe00000000000000001,32,16,16 0 0 0 0 0 0 0,1793160088
144,2,23042301,0x3db88affb909228a6f134074bdfdeaee28dc207a,5:1,2000,0x3f8000000000012,6,4,4 0 0 0 0 0 0 0,1793057500
145,2,23042343,0x3db88affb909228a6f134074bdfdeaee28dc207a,6:1,2000,0x7f000000000000037,5,4,4 0 0 0 0 0 0 0,1793057737
146,2,23042396,0x3db88affb909228a6f134074bdfdeaee28dc207a,16:1,2000,0x1fc0000000000000000000000000000000000034,6,4,4 0 0 0 0 0 0 0,1793057949
149,2,23042597,0x38c16e94e79383a5906449fc84477c1a7b19b613,5:1,2000,0x3f8000000000012,6,4,4 0 0 0 0 0 0 0,1793058626
151,2,23042652,0x38c16e94e79383a5906449fc84477c1a7b19b613,10:1,2000,0x7f00000000000000000000003d,8,8,8 0 0 0 0 0 0 0,1793058684
152,2,23042704,0x38c16e94e79383a5906449fc84477c1a7b19b613,19:1,2000,0xfe00000000000000000000000000000000000000000033,13,8,8 0 0 0 0 0 0 0,1793058759
203,2,23042824,0x5eee54755344c65af3e0a76d4e970cdc42984b67,8:1,2000,0x1fc0000000000000000024,8,4,4 0 0 0 0 0 0 0,1793068850
204,2,23042911,0x5eee54755344c65af3e0a76d4e970cdc42984b67,13:1,2000,0x3f8000000000000000000000000000016,8,4,4 0 0 0 0 0 0 0,1793069023
205,2,23042972,0x5eee54755344c65af3e0a76d4e970cdc42984b67,17:1,2000,0x3f8000000000000000000000000000000000000033,7,4,4 0 0 0 0 0 0 0,1793069098
211,3,23043769,0xbcd76fa66f9edc46065f4f27fd634ca15a0b1c72,1:0,500,0xf801c,19,10,10 0 0 0 0 0 0 0,1793093533
212,2,23043788,0xbcd76fa66f9edc46065f4f27fd634ca15a0b1c72,1:0,500,0xf8007,9,5,5 0 0 0 0 0 0 0,1793072256
12,4,23043918,0xc0e1ff5b6ec47f15aebfe859b8ab4a566fe61752,2:0,500,0x1f000032,16,10,10 0 0 0 0 0 0 0,1793087558
247,7,23044145,0xc7f1dce49db860c865ce34e4eb65dbef625919ef,10:1,2000,0x7f000000000000000000000012,8,8,8 0 0 0 0 0 0 0,1793186761
264,4,23044221,0xc7f1dce49db860c865ce34e4eb65dbef625919ef,16:0,500,0x7c0000000000000000000000000000000000007,14,8,8 0 0 0 0 0 0 0,1793124557
27,9,23044252,0x81b4bf458a73ea46fadd46ee8236e5f94c4eb8e0,12:2,4000,0x3fc0000000000000000000000000008,27,17,17 0 0 0 0 0 0 0,1793197950
211,4,23044337,0xbcd76fa66f9edc46065f4f27fd634ca15a0b1c72,2:0,500,0x1f000032,16,10,10 0 0 0 0 0 0 0,1793115133
27,10,23044381,0x81b4bf458a73ea46fadd46ee8236e5f94c4eb8e0,8:2,4000,0x3fc0000000000000000018,14,8,8 0 0 0 0 0 0 0,1793219550
212,3,23044397,0xbcd76fa66f9edc46065f4f27fd634ca15a0b1c72,2:0,500,0x1f000028,8,5,5 0 0 0 0 0 0 0,1793093856
23,41,23044536,0x0349cd3a83006bc4f057f553f221d69bd7a6c504,1:0,500,0xf8002,9,5,5 0 0 0 0 0 0 0,1793887444
15,7,23044657,0xe6e5a8b9c4a0cd805f06b565b6f2857923cc6b11,19:0,500,0x3e0000000000000000000000000000000000000000003b,13,8,8 0 0 0 0 0 0 0,1793152463
15,8,23044814,0xe6e5a8b9c4a0cd805f06b565b6f2857923cc6b11,15:0,500,0x3e00000000000000000000000000000000032,16,9,9 0 0 0 0 0 0 0,1793174063
76,24,23044895,0x3f62ae0c7ed24dcd2b52c1c224296519b02df00d,1:0,500,0xf8022,9,5,5 0 0 0 0 0 0 0,1793525955
76,25,23044929,0x3f62ae0c7ed24dcd2b52c1c224296519b02df00d,2:0,500,0x1f000014,16,10,10 0 0 0 0 0 0 0,1793547555
76,26,23044985,0x3f62ae0c7ed24dcd2b52c1c224296519b02df00d,3:0,500,0x3e0000002a,10,5,5 0 0 0 0 0 0 0,1793569155
76,27,23045014,0x3f62ae0c7ed24dcd2b52c1c224296519b02df00d,4:0,500,0x7c0000000004,17,10,10 0 0 0 0 0 0 0,1793590755
15,9,23045029,0xe6e5a8b9c4a0cd805f06b565b6f2857923cc6b11,1:0,500,0xf803a,9,5,5 0 0 0 0 0 0 0,1793195663
76,28,23045052,0x3f62ae0c7ed24dcd2b52c1c224296519b02df00d,5:0,500,0xf800000000001b,14,9,9 0 0 0 0 0 0 0,1793612355
15,10,23045089,0xe6e5a8b9c4a0cd805f06b565b6f2857923cc6b11,2:0,500,0x1f000002,8,5,5 0 0 0 0 0 0 0,1793217263
76,29,23045100,0x3f62ae0c7ed24dcd2b52c1c224296519b02df00d,6:0,500,0x1f000000000000029,12,8,8 0 0 0 0 0 0 0,1793633955
76,30,23045125,0x3f62ae0c7ed24dcd2b52c1c224296519b02df00d,7:0,500,0x3e00000000000000005,16,8,8 0 0 0 0 0 0 0,1793655555
76,31,23045152,0x3f62ae0c7ed24dcd2b52c1c224296519b02df00d,8:0,500,0x7c0000000000000000025,16,8,8 0 0 0 0 0 0 0,1793677155
76,32,23045188,0x3f62ae0c7ed24dcd2b52c1c224296519b02df00d,9:0,500,0xf8000000000000000000036,22,13,13 0 0 0 0 0 0 0,1793698755
76,33,23045220,0x3f62ae0c7ed24dcd2b52c1c224296519b02df00d,10:0,500,0x1f000000000000000000000002,8,8,8 0 0 0 0 0 0 0,1793720355
15,11,23045221,0xe6e5a8b9c4a0cd805f06b565b6f2857923cc6b11,3:0,500,0x3e0000002f,10,5,5 0 0 0 0 0 0 0,1793238863
76,34,23045243,0x3f62ae0c7ed24dcd2b52c1c224296519b02df00d,11:0,500,0x3e0000000000000000000000003e,14,8,8 0 0 0 0 0 0 0,1793741955
143,18,23045263,0xb2732bc83797a44d7368b04b95879f582723346f,19:0,500,0x3e00000000000000000000000000000000000000000011,8,4,4 0 0 0 0 0 0 0,1793402723
76,35,23045267,0x3f62ae0c7ed24dcd2b52c1c224296519b02df00d,12:0,500,0x7c0000000000000000000000000026,13,8,8 0 0 0 0 0 0 0,1793763555
15,12,23045274,0xe6e5a8b9c4a0cd805f06b565b6f2857923cc6b11,4:0,500,0x7c0000000016,17,10,10 0 0 0 0 0 0 0,1793260463
76,36,23045296,0x3f62ae0c7ed24dcd2b52c1c224296519b02df00d,13:0,500,0xf8000000000000000000000000000010,13,8,8 0 0 0 0 0 0 0,1793785155
76,37,23045321,0x3f62ae0c7ed24dcd2b52c1c224296519b02df00d,14:0,500,0x1f00000000000000000000000000000002b,13,8,8 0 0 0 0 0 0 0,1793806755
76,38,23045345,0x3f62ae0c7ed24dcd2b52c1c224296519b02df00d,15:0,500,0x3e00000000000000000000000000000000013,6,4,4 0 0 0 0 0 0 0,1793828355
15,13,23045371,0xe6e5a8b9c4a0cd805f06b565b6f2857923cc6b11,6:0,500,0x1f00000000000003f,5,4,4 0 0 0 0 0 0 0,1793282063
76,39,23045376,0x3f62ae0c7ed24dcd2b52c1c224296519b02df00d,16:0,500,0x7c0000000000000000000000000000000000015,14,8,8 0 0 0 0 0 0 0,1793849955
76,40,23045400,0x3f62ae0c7ed24dcd2b52c1c224296519b02df00d,17:0,500,0xf8000000000000000000000000000000000000029,17,9,9 0 0 0 0 0 0 0,1793871555
15,14,23045431,0xe6e5a8b9c4a0cd805f06b565b6f2857923cc6b11,7:0,500,0x3e0000000000000001d,18,9,9 0 0 0 0 0 0 0,1793303663
76,41,23045487,0x3f62ae0c7ed24dcd2b52c1c224296519b02df00d,18:0,500,0x1f000000000000000000000000000000000000000031,7,4,4 0 0 0 0 0 0 0,1793893155
15,15,23045494,0xe6e5a8b9c4a0cd805f06b565b6f2857923cc6b11,8:0,500,0x7c0000000000000000029,8,4,4 0 0 0 0 0 0 0,1793325263
76,42,23045510,0x3f62ae0c7ed24dcd2b52c1c224296519b02df00d,19:0,500,0x3e0000000000000000000000000000000000000000003f,13,8,8 0 0 0 0 0 0 0,1793914755
15,16,23045568,0xe6e5a8b9c4a0cd805f06b565b6f2857923cc6b11,9:0,500,0xf8000000000000000000004,12,8,8 0 0 0 0 0 0 0,1793346863
15,17,23045648,0xe6e5a8b9c4a0cd805f06b565b6f2857923cc6b11,10:0,500,0x1f00000000000000000000003c,5,4,4 0 0 0 0 0 0 0,1793368463
15,18,23045726,0xe6e5a8b9c4a0cd805f06b565b6f2857923cc6b11,12:0,500,0x7c000000000000000000000000003b,13,8,8 0 0 0 0 0 0 0,1793390063
15,19,23045798,0xe6e5a8b9c4a0cd805f06b565b6f2857923cc6b11,13:0,500,0xf8000000000000000000000000000005,8,4,4 0 0 0 0 0 0 0,1793411663
15,20,23045862,0xe6e5a8b9c4a0cd805f06b565b6f2857923cc6b11,14:0,500,0x1f000000000000000000000000000000030,17,9,9 0 0 0 0 0 0 0,1793433263
15,21,23045930,0xe6e5a8b9c4a0cd805f06b565b6f2857923cc6b11,15:0,500,0x3e00000000000000000000000000000000030,10,8,8 0 0 0 0 0 0 0,1793454863
4,18,23045987,0x1a3a0e6f222e823cc8d0f39d87042f88ab763872,1:0,500,0xf8027,19,10,10 0 0 0 0 0 0 0,1793389746
15,22,23045998,0xe6e5a8b9c4a0cd805f06b565b6f2857923cc6b11,16:1,2000,0x1fc000000000000000000000000000000000002a,6,4,4 0 0 0 0 0 0 0,1793476463
4,19,23046015,0x1a3a0e6f222e823cc8d0f39d87042f88ab763872,19:0,500,0x3e00000000000000000000000000000000000000000023,8,4,4 0 0 0 0 0 0 0,1793411346
15,23,23046067,0xe6e5a8b9c4a0cd805f06b565b6f2857923cc6b11,17:2,4000,0x7f8000000000000000000000000000000000000026,15,12,12 0 0 0 0 0 0 0,1793498063
4,20,23046124,0x1a3a0e6f222e823cc8d0f39d87042f88ab763872,1:0,500,0xf800d,19,10,10 0 0 0 0 0 0 0,1793432946
4,21,23046143,0x1a3a0e6f222e823cc8d0f39d87042f88ab763872,4:0,500,0x7c0000000028,17,10,10 0 0 0 0 0 0 0,1793454546
15,24,23046161,0xe6e5a8b9c4a0cd805f06b565b6f2857923cc6b11,19:0,500,0x3e0000000000000000000000000000000000000000002a,8,4,4 0 0 0 0 0 0 0,1793519663
4,22,23046161,0x1a3a0e6f222e823cc8d0f39d87042f88ab763872,5:0,500,0xf8000000000015,14,9,9 0 0 0 0 0 0 0,1793476146
4,23,23046191,0x1a3a0e6f222e823cc8d0f39d87042f88ab763872,6:0,500,0x1f000000000000004,12,8,8 0 0 0 0 0 0 0,1793497746
4,24,23046219,0x1a3a0e6f222e823cc8d0f39d87042f88ab763872,8:0,500,0x7c000000000000000001b,16,8,8 0 0 0 0 0 0 0,1793519346
4,25,23046235,0x1a3a0e6f222e823cc8d0f39d87042f88ab763872,9:0,500,0xf8000000000000000000023,12,8,8 0 0 0 0 0 0 0,1793540946
4,26,23046268,0x1a3a0e6f222e823cc8d0f39d87042f88ab763872,10:0,500,0x1f00000000000000000000001d,8,8,8 0 0 0 0 0 0 0,1793562546
4,27,23046293,0x1a3a0e6f222e823cc8d0f39d87042f88ab763872,11:0,500,0x3e00000000000000000000000035,16,9,9 0 0 0 0 0 0 0,1793584146
4,28,23046317,0x1a3a0e6f222e823cc8d0f39d87042f88ab763872,12:1,2000,0x1fc000000000000000000000000001b,5,4,4 0 0 0 0 0 0 0,1793605746
4,29,23046340,0x1a3a0e6f222e823cc8d0f39d87042f88ab763872,13:0,500,0xf800000000000000000000000000000a,13,8,8 0 0 0 0 0 0 0,1793627346
4,30,23046356,0x1a3a0e6f222e823cc8d0f39d87042f88ab763872,14:0,500,0x1f000000000000000000000000000000028,7,4,4 0 0 0 0 0 0 0,1793648946
23,42,23046397,0x0349cd3a83006bc4f057f553f221d69bd7a6c504,1:0,500,0xf8023,19,10,10 0 0 0 0 0 0 0,1793909044
77,24,23046419,0x3f62ae0c7ed24dcd2b52c1c224296519b02df00d,1:0,500,0xf8022,9,5,5 0 0 0 0 0 0 0,1793526045
23,43,23046427,0x0349cd3a83006bc4f057f553f221d69bd7a6c504,2:0,500,0x1f000020,16,10,10 0 0 0 0 0 0 0,1793930644
77,25,23046443,0x3f62ae0c7ed24dcd2b52c1c224296519b02df00d,5:0,500,0xf800000000001f,14,9,9 0 0 0 0 0 0 0,1793547645
23,44,23046453,0x0349cd3a83006bc4f057f553f221d69bd7a6c504,3:0,500,0x3e00000020,10,5,5 0 0 0 0 0 0 0,1793952244
4,31,23046454,0x1a3a0e6f222e823cc8d0f39d87042f88ab763872,16:0,500,0x7c0000000000000000000000000000000000003,14,8,8 0 0 0 0 0 0 0,1793670546
173,2,23046465,0x1ffb740eabe3d5fde7052df1e82a1df6fac2633e,19:0,500,0x3e00000000000000000000000000000000000000000015,8,4,4 0 0 0 0 0 0 0,1793062686
77,26,23046466,0x3f62ae0c7ed24dcd2b52c1c224296519b02df00d,9:0,500,0xf800000000000000000000f,5,4,4 0 0 0 0 0 0 0,1793569245
4,32,23046485,0x1a3a0e6f222e823cc8d0f39d87042f88ab763872,17:0,500,0xf800000000000000000000000000000000000002c,7,4,4 0 0 0 0 0 0 0,1793692146
23,45,23046496,0x0349cd3a83006bc4f057f553f221d69bd7a6c504,4:0,500,0x7c0000000022,8,5,5 0 0 0 0 0 0 0,1793973844
77,27,23046503,0x3f62ae0c7ed24dcd2b52c1c224296519b02df00d,12:0,500,0x7c000000000000000000000000003a,23,13,13 0 0 0 0 0 0 0,1793590845
4,33,23046508,0x1a3a0e6f222e823cc8d0f39d87042f88ab763872,18:0,500,0x1f000000000000000000000000000000000000000007,7,4,4 0 0 0 0 0 0 0,1793713746
77,28,23046537,0x3f62ae0c7ed24dcd2b52c1c224296519b02df00d,16:0,500,0x7c0000000000000000000000000000000000015,14,8,8 0 0 0 0 0 0 0,1793612445
174,2,23046537,0x1ffb740eabe3d5fde7052df1e82a1df6fac2633e,19:1,2000,0xfe00000000000000000000000000000000000000000033,13,8,8 0 0 0 0 0 0 0,1793062779
23,46,23046552,0x0349cd3a83006bc4f057f553f221d69bd7a6c504,4:0,500,0x7c0000000000,17,10,10 0 0 0 0 0 0 0,1793995444
77,29,23046570,0x3f62ae0c7ed24dcd2b52c1c224296519b02df00d,19:0,500,0x3e00000000000000000000000000000000000000000011,13,8,8 0 0 0 0 0 0 0,1793634045
23,47,23046578,0x0349cd3a83006bc4f057f553f221d69bd7a6c504,5:0,500,0xf8000000000013,14,9,9 0 0 0 0 0 0 0,1794017044
23,48,23046600,0x0349cd3a83006bc4f057f553f221d69bd7a6c504,6:0,500,0x1f000000000000006,12,8,8 0 0 0 0 0 0 0,1794038644
77,30,23046602,0x3f62ae0c7ed24dcd2b52c1c224296519b02df00d,2:0,500,0x1f000003,16,10,10 0 0 0 0 0 0 0,1793655645
23,49,23046621,0x0349cd3a83006bc4f057f553f221d69bd7a6c504,7:0,500,0x3e00000000000000007,8,4,4 0 0 0 0 0 0 0,1794060244
77,31,23046635,0x3f62ae0c7ed24dcd2b52c1c224296519b02df00d,6:0,500,0x1f000000000000032,12,8,8 0 0 0 0 0 0 0,1793677245
23,50,23046642,0x0349cd3a83006bc4f057f553f221d69bd7a6c504,8:0,500,0x7c0000000000000000002,16,8,8 0 0 0 0 0 0 0,1794081844
23,51,23046663,0x0349cd3a83006bc4f057f553f221d69bd7a6c504,9:0,500,0xf800000000000000000002e,15,9,9 0 0 0 0 0 0 0,1794103444
77,32,23046664,0x3f62ae0c7ed24dcd2b52c1c224296519b02df00d,10:0,500,0x1f000000000000000000000005,5,4,4 0 0 0 0 0 0 0,1793698845
176,3,23046672,0x1ffb740eabe3d5fde7052df1e82a1df6fac2633e,8:2,4000,0x3fc0000000000000000033,14,8,8 0 0 0 0 0 0 0,1793084584
23,52,23046683,0x0349cd3a83006bc4f057f553f221d69bd7a6c504,10:0,500,0x1f000000000000000000000021,5,4,4 0 0 0 0 0 0 0,1794125044
6,6,23046694,0x1a3a0e6f222e823cc8d0f39d87042f88ab763872,1:0,500,0xf8025,19,10,10 0 0 0 0 0 0 0,1793130597
77,33,23046702,0x3f62ae0c7ed24dcd2b52c1c224296519b02df00d,13:0,500,0xf8000000000000000000000000000009,13,8,8 0 0 0 0 0 0 0,1793720445
23,53,23046704,0x0349cd3a83006bc4f057f553f221d69bd7a6c504,11:0,500,0x3e00000000000000000000000034,6,4,4 0 0 0 0 0 0 0,1794146644
6,7,23046718,0x1a3a0e6f222e823cc8d0f39d87042f88ab763872,2:0,500,0x1f00001c,16,10,10 0 0 0 0 0 0 0,1793152197
23,54,23046728,0x0349cd3a83006bc4f057f553f221d69bd7a6c504,12:0,500,0x7c0000000000000000000000000023,5,4,4 0 0 0 0 0 0 0,1794168244
77,34,23046734,0x3f62ae0c7ed24dcd2b52c1c224296519b02df00d,17:0,500,0xf8000000000000000000000000000000000000021,10,8,8 0 0 0 0 0 0 0,1793742045
23,55,23046750,0x0349cd3a83006bc4f057f553f221d69bd7a6c504,13:0,500,0xf800000000000000000000000000002d,13,8,8 0 0 0 0 0 0 0,1794189844
77,35,23046767,0x3f62ae0c7ed24dcd2b52c1c224296519b02df00d,3:0,500,0x3e00000033,19,10,10 0 0 0 0 0 0 0,1793763645
23,56,23046772,0x0349cd3a83006bc4f057f553f221d69bd7a6c504,14:0,500,0x1f000000000000000000000000000000006,13,8,8 0 0 0 0 0 0 0,1794211444
77,36,23046791,0x3f62ae0c7ed24dcd2b52c1c224296519b02df00d,7:0,500,0x3e00000000000000030,26,13,13 0 0 0 0 0 0 0,1793785245
23,57,23046792,0x0349cd3a83006bc4f057f553f221d69bd7a6c504,15:0,500,0x3e0000000000000000000000000000000000a,10,8,8 0 0 0 0 0 0 0,1794233044
23,58,23046814,0x0349cd3a83006bc4f057f553f221d69bd7a6c504,16:0,500,0x7c000000000000000000000000000000000003f,24,13,13 0 0 0 0 0 0 0,1794254644
77,37,23046814,0x3f62ae0c7ed24dcd2b52c1c224296519b02df00d,11:0,500,0x3e0000000000000000000000003f,14,8,8 0 0 0 0 0 0 0,1793806845
23,59,23046835,0x0349cd3a83006bc4f057f553f221d69bd7a6c504,17:0,500,0xf8000000000000000000000000000000000000004,10,8,8 0 0 0 0 0 0 0,1794276244
77,38,23046844,0x3f62ae0c7ed24dcd2b52c1c224296519b02df00d,14:0,500,0x1f000000000000000000000000000000015,13,8,8 0 0 0 0 0 0 0,1793828445
23,60,23046872,0x0349cd3a83006bc4f057f553f221d69bd7a6c504,18:0,500,0x1f00000000000000000000000000000000000000001c,7,4,4 0 0 0 0 0 0 0,1794297844
77,39,23046872,0x3f62ae0c7ed24dcd2b52c1c224296519b02df00d,18:0,500,0x1f000000000000000000000000000000000000000004,7,4,4 0 0 0 0 0 0 0,1793850045
23,61,23046894,0x0349cd3a83006bc4f057f553f221d69bd7a6c504,19:0,500,0x3e0000000000000000000000000000000000000000002f,8,4,4 0 0 0 0 0 0 0,1794319444
77,40,23046894,0x3f62ae0c7ed24dcd2b52c1c224296519b02df00d,4:0,500,0x7c0000000017,17,10,10 0 0 0 0 0 0 0,1793871645
77,41,23046918,0x3f62ae0c7ed24dcd2b52c1c224296519b02df00d,8:0,500,0x7c0000000000000000016,16,8,8 0 0 0 0 0 0 0,1793893245
77,42,23046943,0x3f62ae0c7ed24dcd2b52c1c224296519b02df00d,15:0,500,0x3e0000000000000000000000000000000000a,10,8,8 0 0 0 0 0 0 0,1793914845
328,2,23047088,0x0b1ba22af3fb3ad6247ba5d4413b6649edd40819,5:0,500,0xf8000000000023,6,4,4 0 0 0 0 0 0 0,1793113700
271,7,23047141,0xd00226b73bab097e97c6df416dc031df7c4b5af1,1:1,2000,0x3f801a,19,10,10 0 0 0 0 0 0 0,1793191117
79,24,23047200,0x3f62ae0c7ed24dcd2b52c1c224296519b02df00d,2:0,500,0x1f00003c,16,10,10 0 0 0 0 0 0 0,1793526218
79,25,23047224,0x3f62ae0c7ed24dcd2b52c1c224296519b02df00d,5:1,2000,0x3f800000000001c,14,9,9 0 0 0 0 0 0 0,1793547818
79,26,23047250,0x3f62ae0c7ed24dcd2b52c1c224296519b02df00d,7:0,500,0x3e00000000000000004,8,4,4 0 0 0 0 0 0 0,1793569418
79,27,23047276,0x3f62ae0c7ed24dcd2b52c1c224296519b02df00d,6:0,500,0x1f000000000000021,12,8,8 0 0 0 0 0 0 0,1793591018
178,3,23047290,0x3103136150ed5dde8332551f0be87fcb7131a954,19:1,2000,0xfe0000000000000000000000000000000000000000002e,13,8,8 0 0 0 0 0 0 0,1793084918
179,4,23047349,0x3103136150ed5dde8332551f0be87fcb7131a954,19:1,2000,0xfe00000000000000000000000000000000000000000006,8,4,4 0 0 0 0 0 0 0,1793106542
199,4,23047361,0x0b1ba22af3fb3ad6247ba5d4413b6649edd40819,19:2,4000,0x1fe0000000000000000000000000000000000000000003a,16,8,8 0 0 0 0 0 0 0,1793111401
79,28,23047386,0x3f62ae0c7ed24dcd2b52c1c224296519b02df00d,1:0,500,0xf8024,19,10,10 0 0 0 0 0 0 0,1793612618
79,29,23047415,0x3f62ae0c7ed24dcd2b52c1c224296519b02df00d,3:0,500,0x3e0000000b,10,5,5 0 0 0 0 0 0 0,1793634218
180,3,23047430,0x3103136150ed5dde8332551f0be87fcb7131a954,1:1,2000,0x3f8000,9,5,5 0 0 0 0 0 0 0,1793084965
79,30,23047439,0x3f62ae0c7ed24dcd2b52c1c224296519b02df00d,4:0,500,0x7c0000000036,17,10,10 0 0 0 0 0 0 0,1793655818
79,31,23047465,0x3f62ae0c7ed24dcd2b52c1c224296519b02df00d,8:0,500,0x7c0000000000000000025,8,4,4 0 0 0 0 0 0 0,1793677418
79,32,23047488,0x3f62ae0c7ed24dcd2b52c1c224296519b02df00d,11:0,500,0x3e00000000000000000000000038,14,8,8 0 0 0 0 0 0 0,1793699018
79,33,23047511,0x3f62ae0c7ed24dcd2b52c1c224296519b02df00d,10:0,500,0x1f000000000000000000000002,5,4,4 0 0 0 0 0 0 0,1793720618
328,3,23047525,0x0b1ba22af3fb3ad6247ba5d4413b6649edd40819,1:0,500,0xf801c,9,5,5 0 0 0 0 0 0 0,1793135300
79,34,23047542,0x3f62ae0c7ed24dcd2b52c1c224296519b02df00d,9:0,500,0xf8000000000000000000034,5,4,4 0 0 0 0 0 0 0,1793742218
79,35,23047563,0x3f62ae0c7ed24dcd2b52c1c224296519b02df00d,15:0,500,0x3e00000000000000000000000000000000023,16,9,9 0 0 0 0 0 0 0,1793763818
79,36,23047588,0x3f62ae0c7ed24dcd2b52c1c224296519b02df00d,14:0,500,0x1f000000000000000000000000000000020,13,8,8 0 0 0 0 0 0 0,1793785418
55,13,23047602,0xac0e67aaaa15dc791153b64df4a9d121dce797e5,5:1,2000,0x3f8000000000022,6,4,4 0 0 0 0 0 0 0,1793287120
79,37,23047613,0x3f62ae0c7ed24dcd2b52c1c224296519b02df00d,13:0,500,0xf8000000000000000000000000000032,13,8,8 0 0 0 0 0 0 0,1793807018
79,38,23047643,0x3f62ae0c7ed24dcd2b52c1c224296519b02df00d,12:0,500,0x7c000000000000000000000000002d,13,8,8 0 0 0 0 0 0 0,1793828618
196,20,23047652,0xac0e67aaaa15dc791153b64df4a9d121dce797e5,2:1,2000,0x7f00002f,16,10,10 0 0 0 0 0 0 0,1793453718
79,39,23047671,0x3f62ae0c7ed24dcd2b52c1c224296519b02df00d,18:0,500,0x1f000000000000000000000000000000000000000004,7,4,4 0 0 0 0 0 0 0,1793850218
79,40,23047695,0x3f62ae0c7ed24dcd2b52c1c224296519b02df00d,17:0,500,0xf8000000000000000000000000000000000000029,10,8,8 0 0 0 0 0 0 0,1793871818
323,6,23047708,0xac0e67aaaa15dc791153b64df4a9d121dce797e5,7:1,2000,0xfe0000000000000000f,24,12,12 0 0 0 0 0 0 0,1793197642
79,41,23047721,0x3f62ae0c7ed24dcd2b52c1c224296519b02df00d,16:0,500,0x7c0000000000000000000000000000000000027,6,4,4 0 0 0 0 0 0 0,1793893418
79,42,23047748,0x3f62ae0c7ed24dcd2b52c1c224296519b02df00d,19:0,500,0x3e0000000000000000000000000000000000000000003f,18,9,9 0 0 0 0 0 0 0,1793915018
182,6,23047938,0x549ae637381f77c13bb0e9308a0d8f56769f4dc4,11:1,2000,0xfe0000000000000000000000002b,6,4,4 0 0 0 0 0 0 0,1793149905
183,6,23047984,0x549ae637381f77c13bb0e9308a0d8f56769f4dc4,11:1,2000,0xfe0000000000000000000000002b,6,4,4 0 0 0 0 0 0 0,1793149924
184,2,23048031,0x549ae637381f77c13bb0e9308a0d8f56769f4dc4,15:1,2000,0xfe00000000000000000000000000000000037,6,4,4 0 0 0 0 0 0 0,1793063539
328,4,23048176,0x0b1ba22af3fb3ad6247ba5d4413b6649edd40819,2:0,500,0x1f000032,8,5,5 0 0 0 0 0 0 0,1793156900
188,2,23048184,0x703ca793c3ce69082c70bea3a8fb71cc5bd05155,19:2,4000,0x1fe00000000000000000000000000000000000000000036,21,12,12 0 0 0 0 0 0 0,1793064044
328,5,23048232,0x0b1ba22af3fb3ad6247ba5d4413b6649edd40819,3:0,500,0x3e00000000,10,5,5 0 0 0 0 0 0 0,1793178500
328,6,23048290,0x0b1ba22af3fb3ad6247ba5d4413b6649edd40819,8:0,500,0x7c000000000000000003e,8,4,4 0 0 0 0 0 0 0,1793200100
328,7,23048345,0x0b1ba22af3fb3ad6247ba5d4413b6649edd40819,18:0,500,0x1f000000000000000000000000000000000000000017,7,4,4 0 0 0 0 0 0 0,1793221700
328,8,23048401,0x0b1ba22af3fb3ad6247ba5d4413b6649edd40819,12:0,500,0x7c0000000000000000000000000010,5,4,4 0 0 0 0 0 0 0,1793243300
186,2,23048403,0x703ca793c3ce69082c70bea3a8fb71cc5bd05155,15:1,2000,0xfe00000000000000000000000000000000037,6,4,4 0 0 0 0 0 0 0,1793063931
189,2,23048459,0x703ca793c3ce69082c70bea3a8fb71cc5bd05155,19:0,500,0x3e00000000000000000000000000000000000000000015,13,8,8 0 0 0 0 0 0 0,1793064064
55,14,23048518,0xac0e67aaaa15dc791153b64df4a9d121dce797e5,10:1,2000,0x7f000000000000000000000001,8,8,8 0 0 0 0 0 0 0,1793308720
55,15,23048574,0xac0e67aaaa15dc791153b64df4a9d121dce797e5,13:1,2000,0x3f8000000000000000000000000000037,13,8,8 0 0 0 0 0 0 0,1793330320
55,16,23048609,0xac0e67aaaa15dc791153b64df4a9d121dce797e5,17:1,2000,0x3f8000000000000000000000000000000000000030,15,12,12 0 0 0 0 0 0 0,1793351920
214,3,23048631,0x0824026863b82d18cc258f1299d96c17bbde6d86,10:1,2000,0x7f00000000000000000000000f,5,4,4 0 0 0 0 0 0 0,1793094315
196,21,23048682,0xac0e67aaaa15dc791153b64df4a9d121dce797e5,10:0,500,0x1f000000000000000000000026,5,4,4 0 0 0 0 0 0 0,1793475318
196,22,23048712,0xac0e67aaaa15dc791153b64df4a9d121dce797e5,13:1,2000,0x3f8000000000000000000000000000029,8,4,4 0 0 0 0 0 0 0,1793496918
215,3,23048737,0x0824026863b82d18cc258f1299d96c17bbde6d86,19:1,2000,0xfe0000000000000000000000000000000000000000002e,8,4,4 0 0 0 0 0 0 0,1793094393
323,7,23048767,0xac0e67aaaa15dc791153b64df4a9d121dce797e5,10:0,500,0x1f00000000000000000000003d,8,8,8 0 0 0 0 0 0 0,1793219242
193,2,23048803,0xbfdd7a87be2ad35e150fe97ec3e9459cf922296f,1:0,500,0xf8007,9,5,5 0 0 0 0 0 0 0,1793064235
140,14,23048837,0x7d7337fcdefe5771e3280f25c3ba670700e8560c,2:1,2000,0x7f00000a,28,16,15 0 0 1 0 0 0 0,1793315336
194,2,23048840,0xbfdd7a87be2ad35e150fe97ec3e9459cf922296f,1:0,500,0xf8007,9,5,5 0 0 0 0 0 0 0,1793064259
27,11,23048846,0x81b4bf458a73ea46fadd46ee8236e5f94c4eb8e0,12:2,4000,0x3fc0000000000000000000000000023,9,8,8 0 0 0 0 0 0 0,1793241150
195,2,23048851,0xbfdd7a87be2ad35e150fe97ec3e9459cf922296f,1:0,500,0xf8007,9,5,5 0 0 0 0 0 0 0,1793064293
161,10,23048855,0x7d7337fcdefe5771e3280f25c3ba670700e8560c,16:1,2000,0x1fc000000000000000000000000000000000003c,6,4,4 0 0 0 0 0 0 0,1793234201
27,12,23048867,0x81b4bf458a73ea46fadd46ee8236e5f94c4eb8e0,12:1,2000,0x1fc0000000000000000000000000023,13,8,8 0 0 0 0 0 0 0,1793262750
163,10,23048869,0x7d7337fcdefe5771e3280f25c3ba670700e8560c,12:1,2000,0x1fc000000000000000000000000002f,13,8,8 0 0 0 0 0 0 0,1793234386
195,3,23048869,0xbfdd7a87be2ad35e150fe97ec3e9459cf922296f,1:0,500,0xf801c,19,10,10 0 0 0 0 0 0 0,1793085893
27,13,23048892,0x81b4bf458a73ea46fadd46ee8236e5f94c4eb8e0,12:2,4000,0x3fc0000000000000000000000000039,9,8,8 0 0 0 0 0 0 0,1793284350
27,14,23048914,0x81b4bf458a73ea46fadd46ee8236e5f94c4eb8e0,17:2,4000,0x7f800000000000000000000000000000000000001c,15,12,12 0 0 0 0 0 0 0,1793305950
27,15,23048960,0x81b4bf458a73ea46fadd46ee8236e5f94c4eb8e0,19:2,4000,0x1fe00000000000000000000000000000000000000000032,31,17,17 0 0 0 0 0 0 0,1793327550
27,16,23048990,0x81b4bf458a73ea46fadd46ee8236e5f94c4eb8e0,14:2,4000,0xff000000000000000000000000000000035,14,8,8 0 0 0 0 0 0 0,1793349150
27,17,23049030,0x81b4bf458a73ea46fadd46ee8236e5f94c4eb8e0,10:2,4000,0xff000000000000000000000016,16,12,12 0 0 0 0 0 0 0,1793370750
31,24,23049034,0xac79fd6008b971723d16974cdb23ad70ecc00bee,10:0,500,0x1f000000000000000000000022,5,4,4 0 0 0 0 0 0 0,1793522192
31,25,23049050,0xac79fd6008b971723d16974cdb23ad70ecc00bee,4:0,500,0x7c000000003f,18,10,10 0 0 0 0 0 0 0,1793543792
31,26,23049067,0xac79fd6008b971723d16974cdb23ad70ecc00bee,9:0,500,0xf800000000000000000000f,5,4,4 0 0 0 0 0 0 0,1793565392
27,18,23049083,0x81b4bf458a73ea46fadd46ee8236e5f94c4eb8e0,10:2,4000,0xff000000000000000000000005,13,8,8 0 0 0 0 0 0 0,1793392350
225,1,23049085,0xca455075041d8af4723892825b3e45e685ee1e0d,3:0,500,0x3e00000006,10,5,5 0 0 0 0 0 0 0,1793053803
224,1,23049089,0x871c8e4a223b9fdff258d117d106d990629c3d68,8:0,500,0x7c000000000000000001f,8,4,4 0 0 0 0 0 0 0,1793053803
31,27,23049095,0xac79fd6008b971723d16974cdb23ad70ecc00bee,4:0,500,0x7c0000000004,17,10,10 0 0 0 0 0 0 0,1793586992
27,19,23049135,0x81b4bf458a73ea46fadd46ee8236e5f94c4eb8e0,10:2,4000,0xff000000000000000000000011,16,12,12 0 0 0 0 0 0 0,1793413950
228,2,23049140,0xca455075041d8af4723892825b3e45e685ee1e0d,10:0,500,0x1f00000000000000000000002c,5,4,4 0 0 0 0 0 0 0,1793075842
229,2,23049140,0x871c8e4a223b9fdff258d117d106d990629c3d68,11:0,500,0x3e00000000000000000000000035,6,4,4 0 0 0 0 0 0 0,1793075843
27,20,23049190,0x81b4bf458a73ea46fadd46ee8236e5f94c4eb8e0,12:2,4000,0x3fc000000000000000000000000001b,17,12,12 0 0 0 0 0 0 0,1793435550
27,21,23049238,0x81b4bf458a73ea46fadd46ee8236e5f94c4eb8e0,17:2,4000,0x7f8000000000000000000000000000000000000021,12,8,8 0 0 0 0 0 0 0,1793457150
27,22,23049356,0x81b4bf458a73ea46fadd46ee8236e5f94c4eb8e0,6:2,4000,0xff000000000000003,11,8,8 0 0 0 0 0 0 0,1793478750
27,23,23049404,0x81b4bf458a73ea46fadd46ee8236e5f94c4eb8e0,5:2,4000,0x7f8000000000002,18,12,12 0 0 0 0 0 0 0,1793500350
226,1,23049442,0xc32df1d89911cb9a33f6032f63ca6ad21ca0e484,4:1,2000,0x1fc0000000005,8,5,5 0 0 0 0 0 0 0,1793054054
230,1,23049627,0xc32df1d89911cb9a33f6032f63ca6ad21ca0e484,16:1,2000,0x1fc0000000000000000000000000000000000019,6,4,4 0 0 0 0 0 0 0,1793054252
199,5,23050174,0x0b1ba22af3fb3ad6247ba5d4413b6649edd40819,19:0,500,0x3e0000000000000000000000000000000000000000002e,13,8,8 0 0 0 0 0 0 0,1793133001
6,8,23050927,0x1a3a0e6f222e823cc8d0f39d87042f88ab763872,19:0,500,0x3e0000000000000000000000000000000000000000000c,8,4,4 0 0 0 0 0 0 0,1793173797
6,9,23050950,0x1a3a0e6f222e823cc8d0f39d87042f88ab763872,18:0,500,0x1f000000000000000000000000000000000000000021,17,9,9 0 0 0 0 0 0 0,1793195397
6,10,23050976,0x1a3a0e6f222e823cc8d0f39d87042f88ab763872,17:0,500,0xf800000000000000000000000000000000000002e,7,4,4 0 0 0 0 0 0 0,1793216997
6,11,23050992,0x1a3a0e6f222e823cc8d0f39d87042f88ab763872,16:0,500,0x7c0000000000000000000000000000000000023,14,8,8 0 0 0 0 0 0 0,1793238597
6,12,23051023,0x1a3a0e6f222e823cc8d0f39d87042f88ab763872,15:0,500,0x3e0000000000000000000000000000000000e,6,4,4 0 0 0 0 0 0 0,1793260197
141,6,23051353,0x88c58b42f2783131d51a58af7f1a9b491089afeb,1:0,500,0xf8025,29,15,15 0 0 0 0 0 0 0,1793142968
141,7,23051427,0x88c58b42f2783131d51a58af7f1a9b491089afeb,2:0,500,0x1f00001c,8,5,5 0 0 0 0 0 0 0,1793164568
285,5,23052503,0x27f48de5e0605da8b2a52ddfd06f6d273b804336,18:0,500,0x1f000000000000000000000000000000000000000004,7,4,4 0 0 0 0 0 0 0,1793164282
175,4,23052827,0x224e633c9632a51de2f6225a7620dc46b2d58b08,19:1,2000,0xfe00000000000000000000000000000000000000000006,8,4,4 0 0 0 0 0 0 0,1793106026
177,3,23052852,0x224e633c9632a51de2f6225a7620dc46b2d58b08,19:1,2000,0xfe0000000000000000000000000000000000000000002e,8,4,4 0 0 0 0 0 0 0,1793084680
181,3,23052872,0x224e633c9632a51de2f6225a7620dc46b2d58b08,19:1,2000,0xfe0000000000000000000000000000000000000000002e,13,8,8 0 0 0 0 0 0 0,1793085082
4,34,23053013,0x1a3a0e6f222e823cc8d0f39d87042f88ab763872,19:0,500,0x3e00000000000000000000000000000000000000000012,13,8,8 0 0 0 0 0 0 0,1793735346
4,35,23053041,0x1a3a0e6f222e823cc8d0f39d87042f88ab763872,16:0,500,0x7c0000000000000000000000000000000000009,6,4,4 0 0 0 0 0 0 0,1793756946
4,36,23053060,0x1a3a0e6f222e823cc8d0f39d87042f88ab763872,19:0,500,0x3e0000000000000000000000000000000000000000002b,8,4,4 0 0 0 0 0 0 0,1793778546
4,37,23053076,0x1a3a0e6f222e823cc8d0f39d87042f88ab763872,15:0,500,0x3e0000000000000000000000000000000001b,20,13,13 0 0 0 0 0 0 0,1793800146
4,38,23053103,0x1a3a0e6f222e823cc8d0f39d87042f88ab763872,10:0,500,0x1f000000000000000000000020,5,4,4 0 0 0 0 0 0 0,1793821746
4,39,23053183,0x1a3a0e6f222e823cc8d0f39d87042f88ab763872,5:0,500,0xf8000000000023,6,4,4 0 0 0 0 0 0 0,1793843346
4,40,23053217,0x1a3a0e6f222e823cc8d0f39d87042f88ab763872,11:0,500,0x3e00000000000000000000000028,14,8,8 0 0 0 0 0 0 0,1793864946
4,41,23053253,0x1a3a0e6f222e823cc8d0f39d87042f88ab763872,17:0,500,0xf800000000000000000000000000000000000003f,10,8,8 0 0 0 0 0 0 0,1793886546
4,42,23053285,0x1a3a0e6f222e823cc8d0f39d87042f88ab763872,18:0,500,0x1f000000000000000000000000000000000000000022,12,8,8 0 0 0 0 0 0 0,1793908146
4,43,23053326,0x1a3a0e6f222e823cc8d0f39d87042f88ab763872,15:0,500,0x3e00000000000000000000000000000000035,16,9,9 0 0 0 0 0 0 0,1793929746
4,44,23053350,0x1a3a0e6f222e823cc8d0f39d87042f88ab763872,14:0,500,0x1f000000000000000000000000000000016,13,8,8 0 0 0 0 0 0 0,1793951346
4,45,23053376,0x1a3a0e6f222e823cc8d0f39d87042f88ab763872,13:0,500,0xf8000000000000000000000000000021,8,4,4 0 0 0 0 0 0 0,1793972946
4,46,23053398,0x1a3a0e6f222e823cc8d0f39d87042f88ab763872,11:0,500,0x3e00000000000000000000000016,6,4,4 0 0 0 0 0 0 0,1793994546
4,47,23053421,0x1a3a0e6f222e823cc8d0f39d87042f88ab763872,16:0,500,0x7c000000000000000000000000000000000003f,14,8,8 0 0 0 0 0 0 0,1794016146
4,48,23053448,0x1a3a0e6f222e823cc8d0f39d87042f88ab763872,12:0,500,0x7c0000000000000000000000000011,13,8,8 0 0 0 0 0 0 0,1794037746
4,49,23053473,0x1a3a0e6f222e823cc8d0f39d87042f88ab763872,4:0,500,0x7c000000001b,8,5,5 0 0 0 0 0 0 0,1794059346
4,50,23053499,0x1a3a0e6f222e823cc8d0f39d87042f88ab763872,1:0,500,0xf8037,19,10,10 0 0 0 0 0 0 0,1794080946
4,51,23053528,0x1a3a0e6f222e823cc8d0f39d87042f88ab763872,15:0,500,0x3e00000000000000000000000000000000023,10,8,8 0 0 0 0 0 0 0,1794102546
4,52,23053553,0x1a3a0e6f222e823cc8d0f39d87042f88ab763872,15:0,500,0x3e00000000000000000000000000000000039,6,4,4 0 0 0 0 0 0 0,1794124146
4,53,23053590,0x1a3a0e6f222e823cc8d0f39d87042f88ab763872,15:0,500,0x3e00000000000000000000000000000000030,10,8,8 0 0 0 0 0 0 0,1794145746
4,54,23053615,0x1a3a0e6f222e823cc8d0f39d87042f88ab763872,15:0,500,0x3e00000000000000000000000000000000026,6,4,4 0 0 0 0 0 0 0,1794167346
4,55,23053696,0x1a3a0e6f222e823cc8d0f39d87042f88ab763872,15:0,500,0x3e00000000000000000000000000000000006,15,12,12 0 0 0 0 0 0 0,1794188946
148,4,23053714,0x9628149b8268f15adc99911e64a79cdea7fb71ab,19:1,2000,0xfe00000000000000000000000000000000000000000006,8,4,4 0 0 0 0 0 0 0,1793101751
4,56,23053716,0x1a3a0e6f222e823cc8d0f39d87042f88ab763872,14:0,500,0x1f000000000000000000000000000000006,7,4,4 0 0 0 0 0 0 0,1794210546
4,57,23053749,0x1a3a0e6f222e823cc8d0f39d87042f88ab763872,15:0,500,0x3e0000000000000000000000000000000000a,6,4,4 0 0 0 0 0 0 0,1794232146
4,58,23053781,0x1a3a0e6f222e823cc8d0f39d87042f88ab763872,15:0,500,0x3e0000000000000000000000000000000000d,10,8,8 0 0 0 0 0 0 0,1794253746
4,59,23053809,0x1a3a0e6f222e823cc8d0f39d87042f88ab763872,15:0,500,0x3e00000000000000000000000000000000006,6,4,4 0 0 0 0 0 0 0,1794275346
4,60,23053934,0x1a3a0e6f222e823cc8d0f39d87042f88ab763872,15:1,2000,0xfe00000000000000000000000000000000003,15,12,12 0 0 0 0 0 0 0,1794296946
44,16,23054353,0xf04ecec3cac1ad5e55e03cb5842b07be2c2249c9,19:2,4000,0x1fe00000000000000000000000000000000000000000029,16,8,8 0 0 0 0 0 0 0,1793350788
44,17,23054404,0xf04ecec3cac1ad5e55e03cb5842b07be2c2249c9,10:2,4000,0xff000000000000000000000016,13,8,8 0 0 0 0 0 0 0,1793372388
69,11,23054435,0xf04ecec3cac1ad5e55e03cb5842b07be2c2249c9,10:2,4000,0xff000000000000000000000020,16,12,12 0 0 0 0 0 0 0,1793244556
59,10,23054505,0xf04ecec3cac1ad5e55e03cb5842b07be2c2249c9,19:2,4000,0x1fe00000000000000000000000000000000000000000010,21,12,12 0 0 0 0 0 0 0,1793222475
44,18,23054639,0xf04ecec3cac1ad5e55e03cb5842b07be2c2249c9,1:2,4000,0x7f8014,29,15,15 0 0 0 0 0 0 0,1793393988
322,2,23054791,0x2122e553875fe2d0e24eb0eb220ea7da258ddd5d,19:2,4000,0x1fe00000000000000000000000000000000000000000036,21,12,12 0 0 0 0 0 0 0,1793110932
65,3,23055416,0x94de35a17ab7c0f3ca734046306743dfce6bfa2b,1:1,2000,0x3f8000,29,15,15 0 0 0 0 0 0 0,1793071661
63,15,23056003,0x62ff01f014f0da446e02a62392538f36a83a2659,1:2,4000,0x7f8028,37,20,20 0 0 0 0 0 0 0,1793330793
63,16,23056049,0x62ff01f014f0da446e02a62392538f36a83a2659,11:2,4000,0x1fe00000000000000000000000031,22,13,13 0 0 0 0 0 0 0,1793352393
63,17,23056096,0x62ff01f014f0da446e02a62392538f36a83a2659,19:2,4000,0x1fe00000000000000000000000000000000000000000038,21,12,12 0 0 0 0 0 0 0,1793373993
68,9,23056155,0x62ff01f014f0da446e02a62392538f36a83a2659,6:2,4000,0xff000000000000034,11,8,8 0 0 0 0 0 0 0,1793201341
70,14,23056195,0x62ff01f014f0da446e02a62392538f36a83a2659,16:2,4000,0x3fc000000000000000000000000000000000000f,21,12,12 0 0 0 0 0 0 0,1793309471
70,15,23056230,0x62ff01f014f0da446e02a62392538f36a83a2659,15:2,4000,0x1fe00000000000000000000000000000000028,11,8,8 0 0 0 0 0 0 0,1793331071
70,16,23058520,0x62ff01f014f0da446e02a62392538f36a83a2659,4:2,4000,0x3fc000000003f,35,20,20 0 0 0 0 0 0 0,1793352671
68,10,23058597,0x62ff01f014f0da446e02a62392538f36a83a2659,17:2,4000,0x7f8000000000000000000000000000000000000035,15,12,12 0 0 0 0 0 0 0,1793222941
28,3,23058790,0xa9a3dbee74753ccd9b40521d1f92f9cf2f49b9dd,12:0,500,0x7c0000000000000000000000000014,5,4,4 0 0 0 0 0 0 0,1793068410
281,5,23059163,0xa09daab5e090017fc53b09038ba55b0f1cf9ac36,9:2,4000,0x7f800000000000000000002b,27,17,17 0 0 0 0 0 0 0,1793149366
281,6,23059189,0xa09daab5e090017fc53b09038ba55b0f1cf9ac36,12:2,4000,0x3fc0000000000000000000000000014,9,8,8 0 0 0 0 0 0 0,1793170966
281,7,23059523,0xa09daab5e090017fc53b09038ba55b0f1cf9ac36,17:2,4000,0x7f8000000000000000000000000000000000000030,12,8,8 0 0 0 0 0 0 0,1793192566
30,4,23070862,0xb39e79d3540fc34f516af70574b94d4ef8f885d2,12:2,4000,0x3fc0000000000000000000000000011,9,8,8 0 0 0 0 0 0 0,1793090114
116,4,23070905,0xb39e79d3540fc34f516af70574b94d4ef8f885d2,12:2,4000,0x3fc0000000000000000000000000011,9,8,8 0 0 0 0 0 0 0,1793096851
197,4,23070936,0xb39e79d3540fc34f516af70574b94d4ef8f885d2,12:2,4000,0x3fc0000000000000000000000000011,9,8,8 0 0 0 0 0 0 0,1793110887
263,4,23071768,0xf991ce4c19d613495b2689d0452e806c3b354f8c,15:2,4000,0x1fe00000000000000000000000000000000037,15,12,12 0 0 0 0 0 0 0,1793124087
324,6,23073516,0x1df89c0350e94575d0e20fd86c12e2a38e4c0ce1,2:0,500,0x1f000008,8,5,5 0 0 0 0 0 0 0,1793199353
37,5,23084437,0xa372af7cdc7e941d7282db43d98a5a52b3d4b67a,3:0,500,0x3e00000000,10,5,5 0 0 0 0 0 0 0,1793112542
276,1,23084452,0xa372af7cdc7e941d7282db43d98a5a52b3d4b67a,8:0,500,0x7c000000000000000001f,8,4,4 0 0 0 0 0 0 0,1793062364
142,4,23089550,0x22fdae531a69647a0ade9154093ac83769f9dc49,19:0,500,0x3e00000000000000000000000000000000000000000008,13,8,8 0 0 0 0 0 0 0,1793100009
288,2,23090025,0xaa3b48bac2fedc58a564904d27911392ca1f84ba,3:1,2000,0xfe0000002a,10,5,5 0 0 0 0 0 0 0,1793099653
20,9,23091623,0xb528bf440e6c9dad0c15f7e5f4dc75655f7ae27b,8:0,500,0x7c0000000000000000013,8,4,4 0 0 0 0 0 0 0,1793195881
295,6,23096133,0xec0408f9fb4c25a98e60b6e5715cd059b1fa172f,6:0,500,0x1f00000000000002b,5,4,4 0 0 0 0 0 0 0,1793187779
315,5,23096239,0xec0408f9fb4c25a98e60b6e5715cd059b1fa172f,11:0,500,0x3e0000000000000000000000000d,14,8,8 0 0 0 0 0 0 0,1793175099
321,5,23096356,0xec0408f9fb4c25a98e60b6e5715cd059b1fa172f,8:0,500,0x7c000000000000000002a,16,8,8 0 0 0 0 0 0 0,1793175690
26,5,23100996,0x0dd5ff179c68dd64fa712da08b550ec3a7d3bd73,19:0,500,0x3e0000000000000000000000000000000000000000002e,23,13,13 0 0 0 0 0 0 0,1793111303
86,5,23101050,0x0dd5ff179c68dd64fa712da08b550ec3a7d3bd73,11:0,500,0x3e0000000000000000000000000d,14,8,8 0 0 0 0 0 0 0,1793116121
90,5,23101103,0x0dd5ff179c68dd64fa712da08b550ec3a7d3bd73,18:0,500,0x1f000000000000000000000000000000000000000004,12,8,8 0 0 0 0 0 0 0,1793116184
62,4,23101454,0xd6ed92a915f940db5d288b1724a4e45b20c4f027,9:0,500,0xf8000000000000000000021,5,4,4 0 0 0 0 0 0 0,1793093129
78,4,23101495,0xd6ed92a915f940db5d288b1724a4e45b20c4f027,10:0,500,0x1f000000000000000000000013,5,4,4 0 0 0 0 0 0 0,1793094068
81,4,23101537,0xd6ed92a915f940db5d288b1724a4e45b20c4f027,11:0,500,0x3e00000000000000000000000001,6,4,4 0 0 0 0 0 0 0,1793094300
285,6,23102540,0x27f48de5e0605da8b2a52ddfd06f6d273b804336,7:0,500,0x3e00000000000000011,8,4,4 0 0 0 0 0 0 0,1793185882
216,2,23103110,0x08bf056c728966c8d6d3f2acb0ad4be521ed0631,9:0,500,0xf8000000000000000000011,5,4,4 0 0 0 0 0 0 0,1793073170
219,3,23103293,0x08bf056c728966c8d6d3f2acb0ad4be521ed0631,12:0,500,0x7c0000000000000000000000000014,5,4,4 0 0 0 0 0 0 0,1793095512
296,3,23103505,0x08bf056c728966c8d6d3f2acb0ad4be521ed0631,16:0,500,0x7c0000000000000000000000000000000000020,6,4,4 0 0 0 0 0 0 0,1793123582
156,10,23104467,0x574b60bc1a42becb1de3972751e9238c26c9cccf,8:2,4000,0x3fc0000000000000000018,22,12,12 0 0 0 0 0 0 0,1793232275
156,11,23104518,0x574b60bc1a42becb1de3972751e9238c26c9cccf,15:2,4000,0x1fe00000000000000000000000000000000036,15,12,12 0 0 0 0 0 0 0,1793253875
158,10,23104623,0x574b60bc1a42becb1de3972751e9238c26c9cccf,10:2,4000,0xff00000000000000000000002b,16,12,12 0 0 0 0 0 0 0,1793232625
159,10,23104764,0x574b60bc1a42becb1de3972751e9238c26c9cccf,4:2,4000,0x3fc0000000004,16,10,10 0 0 0 0 0 0 0,1793232653
158,11,23105158,0x574b60bc1a42becb1de3972751e9238c26c9cccf,19:2,4000,0x1fe00000000000000000000000000000000000000000030,21,12,12 0 0 0 0 0 0 0,1793254225
158,12,23105218,0x574b60bc1a42becb1de3972751e9238c26c9cccf,10:2,4000,0xff00000000000000000000000c,21,12,12 0 0 0 0 0 0 0,1793275825
55,17,23106345,0xac0e67aaaa15dc791153b64df4a9d121dce797e5,19:1,2000,0xfe00000000000000000000000000000000000000000005,21,12,12 0 0 0 0 0 0 0,1793373520
55,18,23106401,0xac0e67aaaa15dc791153b64df4a9d121dce797e5,12:1,2000,0x1fc000000000000000000000000001a,17,12,12 0 0 0 0 0 0 0,1793395120
55,19,23106465,0xac0e67aaaa15dc791153b64df4a9d121dce797e5,7:1,2000,0xfe00000000000000019,34,17,17 0 0 0 0 0 0 0,1793416720
55,20,23106634,0xac0e67aaaa15dc791153b64df4a9d121dce797e5,13:1,2000,0x3f8000000000000000000000000000029,19,12,12 0 0 0 0 0 0 0,1793438320
55,21,23106709,0xac0e67aaaa15dc791153b64df4a9d121dce797e5,5:1,2000,0x3f8000000000030,19,13,13 0 0 0 0 0 0 0,1793459920
55,22,23106778,0xac0e67aaaa15dc791153b64df4a9d121dce797e5,18:1,2000,0x7f000000000000000000000000000000000000000038,12,8,8 0 0 0 0 0 0 0,1793481520
290,8,23107038,0xf574c75a9959c7c418b6474b6223c526ba42af3e,1:2,4000,0x7f803c,29,15,15 0 0 0 0 0 0 0,1793229385
290,9,23107275,0xf574c75a9959c7c418b6474b6223c526ba42af3e,1:2,4000,0x7f8017,19,10,10 0 0 0 0 0 0 0,1793250985
213,4,23107358,0xccde496b83c644f779e5b6fcc0cc4a5c276fa5d4,1:0,500,0xf8037,9,5,5 0 0 0 0 0 0 0,1793115770
299,2,23107401,0xccde496b83c644f779e5b6fcc0cc4a5c276fa5d4,1:0,500,0xf8007,19,10,10 0 0 0 0 0 0 0,1793107072
158,13,23108098,0x574b60bc1a42becb1de3972751e9238c26c9cccf,15:2,4000,0x1fe00000000000000000000000000000000034,21,13,13 0 0 0 0 0 0 0,1793297425
158,14,23108145,0x574b60bc1a42becb1de3972751e9238c26c9cccf,19:2,4000,0x1fe00000000000000000000000000000000000000000018,16,8,8 0 0 0 0 0 0 0,1793319025
158,15,23108192,0x574b60bc1a42becb1de3972751e9238c26c9cccf,1:2,4000,0x7f8028,29,15,15 0 0 0 0 0 0 0,1793340625
158,16,23108256,0x574b60bc1a42becb1de3972751e9238c26c9cccf,11:2,4000,0x1fe00000000000000000000000031,12,8,8 0 0 0 0 0 0 0,1793362225
158,17,23108337,0x574b60bc1a42becb1de3972751e9238c26c9cccf,15:2,4000,0x1fe00000000000000000000000000000000024,15,12,12 0 0 0 0 0 0 0,1793383825
158,18,23108411,0x574b60bc1a42becb1de3972751e9238c26c9cccf,18:2,4000,0xff00000000000000000000000000000000000000003a,19,12,12 0 0 0 0 0 0 0,1793405425
156,12,23108564,0x574b60bc1a42becb1de3972751e9238c26c9cccf,2:1,2000,0x7f000039,18,10,10 0 0 0 0 0 0 0,1793275475
285,7,23109359,0x27f48de5e0605da8b2a52ddfd06f6d273b804336,7:2,4000,0x1fe00000000000000030,24,12,12 0 0 0 0 0 0 0,1793207482
44,19,23112588,0xf04ecec3cac1ad5e55e03cb5842b07be2c2249c9,1:0,500,0xf803a,9,5,5 0 0 0 0 0 0 0,1793415588
59,11,23112598,0xf04ecec3cac1ad5e55e03cb5842b07be2c2249c9,1:0,500,0xf8038,9,5,5 0 0 0 0 0 0 0,1793244075
69,12,23112615,0xf04ecec3cac1ad5e55e03cb5842b07be2c2249c9,1:0,500,0xf800f,19,10,10 0 0 0 0 0 0 0,1793266156
42,11,23112800,0x1b25bd7ce0fb701d9aac3fd43fa221ac63e3fb3e,4:2,4000,0x3fc000000003b,24,15,15 0 0 0 0 0 0 0,1793242728
42,12,23112821,0x1b25bd7ce0fb701d9aac3fd43fa221ac63e3fb3e,6:2,4000,0xff000000000000024,18,12,12 0 0 0 0 0 0 0,1793264328
211,5,23112921,0xbcd76fa66f9edc46065f4f27fd634ca15a0b1c72,9:0,500,0xf8000000000000000000007,5,4,4 0 0 0 0 0 0 0,1793136733
212,4,23112985,0xbcd76fa66f9edc46065f4f27fd634ca15a0b1c72,12:0,500,0x7c000000000000000000000000001e,5,4,4 0 0 0 0 0 0 0,1793115456
303,3,23116683,0xbfe2643c33dade319d1634215ab68b3c098ed3e7,1:0,500,0xf801c,19,10,10 0 0 0 0 0 0 0,1793129686
307,3,23116696,0xbfe2643c33dade319d1634215ab68b3c098ed3e7,1:0,500,0xf801c,19,10,10 0 0 0 0 0 0 0,1793131068
303,4,23116893,0xbfe2643c33dade319d1634215ab68b3c098ed3e7,3:1,2000,0xfe0000002e,19,10,10 0 0 0 0 0 0 0,1793151286
307,4,23116917,0xbfe2643c33dade319d1634215ab68b3c098ed3e7,3:1,2000,0xfe0000002e,19,10,10 0 0 0 0 0 0 0,1793152668
227,2,23117475,0xcf9ca4ebf3ed44342d01d6aa5bd48f61976d16a3,3:1,2000,0xfe0000002a,10,5,5 0 0 0 0 0 0 0,1793075709
207,6,23118150,0x4fe840d7588f2a7cc776b24c74b710d80c68c887,15:2,4000,0x1fe00000000000000000000000000000000007,15,12,12 0 0 0 0 0 0 0,1793156778
9,4,23118551,0x9e366c1405f7951431dbdeb53dcd57db342f55c4,1:0,500,0xf8037,9,5,5 0 0 0 0 0 0 0,1793087474
293,3,23118587,0x9e366c1405f7951431dbdeb53dcd57db342f55c4,1:0,500,0xf801c,19,10,10 0 0 0 0 0 0 0,1793121606
24,7,23121565,0x2d631f41f6023db409f15e1ccc337e69f62a8a58,4:1,2000,0x1fc0000000023,8,5,5 0 0 0 0 0 0 0,1793153966
305,9,23122783,0xa754afb7549fce6e666bfcd6d4a4064c7d732d0e,16:1,2000,0x1fc0000000000000000000000000000000000017,6,4,4 0 0 0 0 0 0 0,1793260173
306,6,23122814,0xa754afb7549fce6e666bfcd6d4a4064c7d732d0e,6:1,2000,0x7f00000000000001f,5,4,4 0 0 0 0 0 0 0,1793195699
320,6,23122871,0xa754afb7549fce6e666bfcd6d4a4064c7d732d0e,18:1,2000,0x7f000000000000000000000000000000000000000008,7,4,4 0 0 0 0 0 0 0,1793197256
33,3,23124281,0xbd5764383846bbd5aabc92ab9c9c2f9bbfa15a55,9:0,500,0xf8000000000000000000036,5,4,4 0 0 0 0 0 0 0,1793068674
54,3,23124325,0xbd5764383846bbd5aabc92ab9c9c2f9bbfa15a55,6:0,500,0x1f00000000000000c,5,4,4 0 0 0 0 0 0 0,1793071046
56,3,23124348,0xbd5764383846bbd5aabc92ab9c9c2f9bbfa15a55,10:0,500,0x1f00000000000000000000002d,5,4,4 0 0 0 0 0 0 0,1793071138
64,3,23124414,0x7a293aa02ef51e4e25394ffeeb5989ad4674cdd5,3:0,500,0x3e00000004,19,10,10 0 0 0 0 0 0 0,1793071633
66,3,23124432,0x7a293aa02ef51e4e25394ffeeb5989ad4674cdd5,7:0,500,0x3e00000000000000037,8,4,4 0 0 0 0 0 0 0,1793071678
67,3,23124461,0x7a293aa02ef51e4e25394ffeeb5989ad4674cdd5,12:0,500,0x7c0000000000000000000000000014,13,8,8 0 0 0 0 0 0 0,1793071730
71,3,23124566,0xd13699e25eb3550ec997be63686ca837e4d956ba,3:0,500,0x3e00000004,10,5,5 0 0 0 0 0 0 0,1793071992
72,3,23124606,0xd13699e25eb3550ec997be63686ca837e4d956ba,7:0,500,0x3e00000000000000037,8,4,4 0 0 0 0 0 0 0,1793072029
73,3,23124625,0xd13699e25eb3550ec997be63686ca837e4d956ba,19:0,500,0x3e0000000000000000000000000000000000000000000a,8,4,4 0 0 0 0 0 0 0,1793072061
85,3,23124727,0xc9d6c183b4acafbdaf8c398adee039f17c86321d,5:0,500,0xf8000000000011,6,4,4 0 0 0 0 0 0 0,1793072907
87,3,23124748,0xc9d6c183b4acafbdaf8c398adee039f17c86321d,8:0,500,0x7c0000000000000000030,16,8,8 0 0 0 0 0 0 0,1793072936
89,3,23124764,0xc9d6c183b4acafbdaf8c398adee039f17c86321d,16:0,500,0x7c0000000000000000000000000000000000020,6,4,4 0 0 0 0 0 0 0,1793072967
91,3,23124835,0xafd6e6a4c331a0112ed9fbc306fba05b44d87020,4:0,500,0x7c0000000013,8,5,5 0 0 0 0 0 0 0,1793073138
93,5,23124854,0xafd6e6a4c331a0112ed9fbc306fba05b44d87020,7:0,500,0x3e00000000000000023,8,4,4 0 0 0 0 0 0 0,1793116379
96,3,23124877,0xafd6e6a4c331a0112ed9fbc306fba05b44d87020,15:0,500,0x3e00000000000000000000000000000000001,6,4,4 0 0 0 0 0 0 0,1793073346
99,4,23124951,0xcbc381d3f2139da5159cd9863d7e1d0111ccdd19,4:0,500,0x7c000000003c,8,5,5 0 0 0 0 0 0 0,1793095015
100,5,23124970,0xcbc381d3f2139da5159cd9863d7e1d0111ccdd19,13:0,500,0xf800000000000000000000000000002a,8,4,4 0 0 0 0 0 0 0,1793116662
101,4,23124988,0xcbc381d3f2139da5159cd9863d7e1d0111ccdd19,17:0,500,0xf8000000000000000000000000000000000000001,7,4,4 0 0 0 0 0 0 0,1793095143
102,3,23125085,0x42a08b2a271f7305d0f6ef5e6c37f7ebb3d05c39,4:0,500,0x7c0000000013,8,5,5 0 0 0 0 0 0 0,1793073729
169,5,23125093,0x52c2947e6df632d9be6323f7fee666e95e4aa386,9:1,2000,0x3f8000000000000000000013,5,4,4 0 0 0 0 0 0 0,1793126669
103,3,23125104,0x42a08b2a271f7305d0f6ef5e6c37f7ebb3d05c39,9:0,500,0xf8000000000000000000036,5,4,4 0 0 0 0 0 0 0,1793073766
105,3,23125124,0x42a08b2a271f7305d0f6ef5e6c37f7ebb3d05c39,17:0,500,0xf800000000000000000000000000000000000000d,7,4,4 0 0 0 0 0 0 0,1793073808
170,4,23125193,0x52c2947e6df632d9be6323f7fee666e95e4aa386,4:1,2000,0x1fc000000002f,25,15,15 0 0 0 0 0 0 0,1793105114
106,3,23125203,0x661d1d56530e9a07bb5d6058f32d431fecc9a7fa,7:0,500,0x3e00000000000000037,16,8,8 0 0 0 0 0 0 0,1793073941
107,3,23125220,0x661d1d56530e9a07bb5d6058f32d431fecc9a7fa,1:0,500,0xf801c,19,10,10 0 0 0 0 0 0 0,1793073976
108,3,23125235,0x661d1d56530e9a07bb5d6058f32d431fecc9a7fa,19:0,500,0x3e0000000000000000000000000000000000000000000a,8,4,4 0 0 0 0 0 0 0,1793074011
170,5,23125248,0x52c2947e6df632d9be6323f7fee666e95e4aa386,8:1,2000,0x1fc0000000000000000002,8,4,4 0 0 0 0 0 0 0,1793126714
171,4,23125269,0x52c2947e6df632d9be6323f7fee666e95e4aa386,17:1,2000,0x3f8000000000000000000000000000000000000028,10,8,8 0 0 0 0 0 0 0,1793105129
109,3,23125364,0xb7c3e773bf48d10039faf6be963ab96853819742,7:0,500,0x3e00000000000000037,8,4,4 0 0 0 0 0 0 0,1793074077
110,3,23125379,0xb7c3e773bf48d10039faf6be963ab96853819742,11:0,500,0x3e00000000000000000000000001,6,4,4 0 0 0 0 0 0 0,1793074105
111,4,23125393,0xb7c3e773bf48d10039faf6be963ab96853819742,14:0,500,0x1f000000000000000000000000000000026,7,4,4 0 0 0 0 0 0 0,1793095732
112,3,23125450,0xd9a63b1c97f1b186ea7e6fe60a985694e6bd5a74,7:0,500,0x3e00000000000000037,8,4,4 0 0 0 0 0 0 0,1793074364
113,3,23125467,0xd9a63b1c97f1b186ea7e6fe60a985694e6bd5a74,14:0,500,0x1f000000000000000000000000000000028,7,4,4 0 0 0 0 0 0 0,1793074391
114,3,23125482,0xd9a63b1c97f1b186ea7e6fe60a985694e6bd5a74,17:0,500,0xf800000000000000000000000000000000000000d,7,4,4 0 0 0 0 0 0 0,1793074428
118,3,23125524,0xec56dc68b5091297a987c4b93195e6561629d501,9:0,500,0xf8000000000000000000036,5,4,4 0 0 0 0 0 0 0,1793075538
271,8,23125534,0xd00226b73bab097e97c6df416dc031df7c4b5af1,8:0,500,0x7c0000000000000000026,18,9,9 0 0 0 0 0 0 0,1793212717
119,3,23125543,0xec56dc68b5091297a987c4b93195e6561629d501,14:0,500,0x1f000000000000000000000000000000028,7,4,4 0 0 0 0 0 0 0,1793075637
120,4,23125560,0xec56dc68b5091297a987c4b93195e6561629d501,17:0,500,0xf8000000000000000000000000000000000000001,10,8,8 0 0 0 0 0 0 0,1793097257
150,8,23125587,0x9f2ebf1ba9206ef97428fdab7431a3f1d53f6dc9,1:0,500,0xf803d,9,5,5 0 0 0 0 0 0 0,1793188268
153,7,23125605,0x9f2ebf1ba9206ef97428fdab7431a3f1d53f6dc9,1:1,2000,0x3f801a,29,15,15 0 0 0 0 0 0 0,1793166839
308,3,23125620,0x9f2ebf1ba9206ef97428fdab7431a3f1d53f6dc9,1:0,500,0xf801c,9,5,5 0 0 0 0 0 0 0,1793131094
153,8,23125684,0x9f2ebf1ba9206ef97428fdab7431a3f1d53f6dc9,16:2,4000,0x3fc0000000000000000000000000000000000007,21,12,12 0 0 0 0 0 0 0,1793188439
121,3,23125747,0x32a1048431ee2db5868c4ade81da84b9f075ab05,4:0,500,0x7c0000000013,8,5,5 0 0 0 0 0 0 0,1793076115
122,3,23125764,0x32a1048431ee2db5868c4ade81da84b9f075ab05,7:0,500,0x3e00000000000000037,8,4,4 0 0 0 0 0 0 0,1793076190
123,3,23125779,0x32a1048431ee2db5868c4ade81da84b9f075ab05,15:0,500,0x3e00000000000000000000000000000000001,6,4,4 0 0 0 0 0 0 0,1793076230
124,3,23125839,0x682e5537cce3e03a3020d896498786bb81c4a5e7,4:0,500,0x7c0000000013,8,5,5 0 0 0 0 0 0 0,1793076294
125,3,23125854,0x682e5537cce3e03a3020d896498786bb81c4a5e7,7:0,500,0x3e00000000000000037,16,8,8 0 0 0 0 0 0 0,1793076320
126,3,23125871,0x682e5537cce3e03a3020d896498786bb81c4a5e7,15:0,500,0x3e00000000000000000000000000000000001,10,8,8 0 0 0 0 0 0 0,1793076359
127,3,23126039,0xa7c48ec145b032aa0fd76ebdae085bdb42173f19,10:0,500,0x1f00000000000000000000002d,5,4,4 0 0 0 0 0 0 0,1793076423
128,3,23126053,0xa7c48ec145b032aa0fd76ebdae085bdb42173f19,13:0,500,0xf8000000000000000000000000000039,8,4,4 0 0 0 0 0 0 0,1793076460
129,3,23126068,0xa7c48ec145b032aa0fd76ebdae085bdb42173f19,17:0,500,0xf800000000000000000000000000000000000000d,7,4,4 0 0 0 0 0 0 0,1793076487
130,3,23126161,0x2f1e4cf291e6dbd9236679ecdd1de9c324fcb879,6:0,500,0x1f00000000000000c,5,4,4 0 0 0 0 0 0 0,1793076679
131,3,23126176,0x2f1e4cf291e6dbd9236679ecdd1de9c324fcb879,14:0,500,0x1f000000000000000000000000000000028,7,4,4 0 0 0 0 0 0 0,1793076737
132,3,23126191,0x2f1e4cf291e6dbd9236679ecdd1de9c324fcb879,17:0,500,0xf800000000000000000000000000000000000000d,10,8,8 0 0 0 0 0 0 0,1793076772
133,3,23126249,0x49c7a4f1ae750cec95634648ce57e4ee53f64058,7:0,500,0x3e00000000000000037,16,8,8 0 0 0 0 0 0 0,1793076831
134,3,23126265,0x49c7a4f1ae750cec95634648ce57e4ee53f64058,10:0,500,0x1f00000000000000000000002d,5,4,4 0 0 0 0 0 0 0,1793076863
135,3,23126283,0x49c7a4f1ae750cec95634648ce57e4ee53f64058,15:0,500,0x3e00000000000000000000000000000000001,6,4,4 0 0 0 0 0 0 0,1793076896
115,5,23126371,0x46f440d3d4e6466034b2a5034fc501ac0a31bf29,17:1,2000,0x3f800000000000000000000000000000000000001c,7,4,4 0 0 0 0 0 0 0,1793118376
137,3,23126704,0x0139a84b829cef5f6f7b83a456d498a153155057,4:0,500,0x7c0000000013,8,5,5 0 0 0 0 0 0 0,1793077099
138,3,23126720,0x0139a84b829cef5f6f7b83a456d498a153155057,11:0,500,0x3e00000000000000000000000001,6,4,4 0 0 0 0 0 0 0,1793077137
139,3,23126739,0x0139a84b829cef5f6f7b83a456d498a153155057,15:0,500,0x3e00000000000000000000000000000000001,6,4,4 0 0 0 0 0 0 0,1793077186
190,3,23126790,0x024bd508a0752afb7e927b7defe681b51dd42377,2:0,500,0x1f000028,8,5,5 0 0 0 0 0 0 0,1793085703
191,3,23126804,0x024bd508a0752afb7e927b7defe681b51dd42377,10:0,500,0x1f00000000000000000000002d,8,8,8 0 0 0 0 0 0 0,1793085771
192,3,23126819,0x024bd508a0752afb7e927b7defe681b51dd42377,14:0,500,0x1f000000000000000000000000000000028,7,4,4 0 0 0 0 0 0 0,1793085827
231,2,23126855,0x246e4bf851155c76cd74a4e2961cd879431a7768,11:0,500,0x3e00000000000000000000000035,6,4,4 0 0 0 0 0 0 0,1793076936
232,2,23126871,0x246e4bf851155c76cd74a4e2961cd879431a7768,5:0,500,0xf8000000000023,6,4,4 0 0 0 0 0 0 0,1793076967
233,2,23126888,0x246e4bf851155c76cd74a4e2961cd879431a7768,14:0,500,0x1f000000000000000000000000000000028,7,4,4 0 0 0 0 0 0 0,1793077002
241,2,23126958,0x34ee0241ab4d91c588bcd37948bec7769e0cae90,6:0,500,0x1f00000000000000d,5,4,4 0 0 0 0 0 0 0,1793077646
242,2,23126972,0x34ee0241ab4d91c588bcd37948bec7769e0cae90,12:0,500,0x7c000000000000000000000000002c,5,4,4 0 0 0 0 0 0 0,1793077676
243,2,23126986,0x34ee0241ab4d91c588bcd37948bec7769e0cae90,17:0,500,0xf800000000000000000000000000000000000002c,7,4,4 0 0 0 0 0 0 0,1793077709
208,4,23128865,0x019d9319cbefec30f672fe0f79acd709958ab271,10:1,2000,0x7f000000000000000000000023,5,4,4 0 0 0 0 0 0 0,1793113675
22,8,23130488,0x23834a83a168310b6b0dc000f22f9a4f8ae86106,19:0,500,0x3e0000000000000000000000000000000000000000000c,8,4,4 0 0 0 0 0 0 0,1793174465
22,9,23130521,0x23834a83a168310b6b0dc000f22f9a4f8ae86106,18:0,500,0x1f000000000000000000000000000000000000000021,7,4,4 0 0 0 0 0 0 0,1793196065
22,10,23130548,0x23834a83a168310b6b0dc000f22f9a4f8ae86106,17:0,500,0xf800000000000000000000000000000000000002e,7,4,4 0 0 0 0 0 0 0,1793217665
25,7,23130583,0x23834a83a168310b6b0dc000f22f9a4f8ae86106,19:0,500,0x3e0000000000000000000000000000000000000000003b,8,4,4 0 0 0 0 0 0 0,1793154224
31,28,23130600,0xac79fd6008b971723d16974cdb23ad70ecc00bee,12:0,500,0x7c0000000000000000000000000003,13,8,8 0 0 0 0 0 0 0,1793608592
25,8,23130606,0x23834a83a168310b6b0dc000f22f9a4f8ae86106,18:0,500,0x1f00000000000000000000000000000000000000000e,7,4,4 0 0 0 0 0 0 0,1793175824
25,9,23130631,0x23834a83a168310b6b0dc000f22f9a4f8ae86106,17:0,500,0xf8000000000000000000000000000000000000001,7,4,4 0 0 0 0 0 0 0,1793197424
84,4,23131161,0x45828555f1ccd93c76f7e1b19822e7294946415a,1:0,500,0xf8037,9,5,5 0 0 0 0 0 0 0,1793094474
30,5,23133477,0xb39e79d3540fc34f516af70574b94d4ef8f885d2,1:0,500,0xf8007,19,10,10 0 0 0 0 0 0 0,1793111714
30,6,23133626,0xb39e79d3540fc34f516af70574b94d4ef8f885d2,2:0,500,0x1f000008,16,10,10 0 0 0 0 0 0 0,1793133314
30,7,23133709,0xb39e79d3540fc34f516af70574b94d4ef8f885d2,3:0,500,0x3e00000030,10,5,5 0 0 0 0 0 0 0,1793154914
30,8,23133760,0xb39e79d3540fc34f516af70574b94d4ef8f885d2,4:0,500,0x7c000000001c,8,5,5 0 0 0 0 0 0 0,1793176514
30,9,23133895,0xb39e79d3540fc34f516af70574b94d4ef8f885d2,5:0,500,0xf800000000003c,16,9,9 0 0 0 0 0 0 0,1793198114
30,10,23133928,0xb39e79d3540fc34f516af70574b94d4ef8f885d2,6:0,500,0x1f00000000000002f,5,4,4 0 0 0 0 0 0 0,1793219714
272,1,23133956,0xc47e53967ecc82ee69635a37a6c645d109c15981,1:0,500,0xf8000,9,5,5 0 0 0 0 0 0 0,1793061610
30,11,23133964,0xb39e79d3540fc34f516af70574b94d4ef8f885d2,7:0,500,0x3e0000000000000001b,8,4,4 0 0 0 0 0 0 0,1793241314
275,1,23133992,0xc47e53967ecc82ee69635a37a6c645d109c15981,1:0,500,0xf8000,9,5,5 0 0 0 0 0 0 0,1793062237
30,12,23134011,0xb39e79d3540fc34f516af70574b94d4ef8f885d2,8:0,500,0x7c000000000000000003b,8,4,4 0 0 0 0 0 0 0,1793262914
116,5,23134123,0xb39e79d3540fc34f516af70574b94d4ef8f885d2,9:0,500,0xf8000000000000000000007,12,8,8 0 0 0 0 0 0 0,1793118451
116,6,23134158,0xb39e79d3540fc34f516af70574b94d4ef8f885d2,10:0,500,0x1f00000000000000000000003d,8,8,8 0 0 0 0 0 0 0,1793140051
116,7,23134204,0xb39e79d3540fc34f516af70574b94d4ef8f885d2,11:0,500,0x3e00000000000000000000000013,6,4,4 0 0 0 0 0 0 0,1793161651
202,3,23134227,0x51ff767cdd5112be157b12b5b1c7713608fc2601,1:0,500,0xf801c,9,5,5 0 0 0 0 0 0 0,1793090299
116,8,23134237,0xb39e79d3540fc34f516af70574b94d4ef8f885d2,12:0,500,0x7c0000000000000000000000000010,13,8,8 0 0 0 0 0 0 0,1793183251
210,1,23134237,0x51ff767cdd5112be157b12b5b1c7713608fc2601,1:0,500,0xf8000,9,5,5 0 0 0 0 0 0 0,1793050311
116,9,23134275,0xb39e79d3540fc34f516af70574b94d4ef8f885d2,13:0,500,0xf8000000000000000000000000000007,13,8,8 0 0 0 0 0 0 0,1793204851
116,10,23134302,0xb39e79d3540fc34f516af70574b94d4ef8f885d2,14:0,500,0x1f00000000000000000000000000000001a,7,4,4 0 0 0 0 0 0 0,1793226451
116,11,23134332,0xb39e79d3540fc34f516af70574b94d4ef8f885d2,15:0,500,0x3e00000000000000000000000000000000000,6,4,4 0 0 0 0 0 0 0,1793248051
197,5,23134378,0xb39e79d3540fc34f516af70574b94d4ef8f885d2,16:0,500,0x7c000000000000000000000000000000000002c,6,4,4 0 0 0 0 0 0 0,1793132487
298,3,23134395,0xbd081f1b95d62c9a30efab2bb862eea6dcd7450a,10:0,500,0x1f00000000000000000000002d,5,4,4 0 0 0 0 0 0 0,1793128337
197,6,23134402,0xb39e79d3540fc34f516af70574b94d4ef8f885d2,17:0,500,0xf800000000000000000000000000000000000000c,7,4,4 0 0 0 0 0 0 0,1793154087
298,4,23134453,0xbd081f1b95d62c9a30efab2bb862eea6dcd7450a,5:0,500,0xf8000000000006,6,4,4 0 0 0 0 0 0 0,1793149937
172,6,23134457,0xed39205dd38074eea517a0e3dbd099b4e4a85af3,2:1,2000,0x7f00002b,16,10,10 0 0 0 0 0 0 0,1793148519
267,1,23134477,0xeda47da1c7ae9f6f342784e2b3c0b41194375d17,1:0,500,0xf8000,9,5,5 0 0 0 0 0 0 0,1793061093
185,6,23134492,0xed39205dd38074eea517a0e3dbd099b4e4a85af3,2:1,2000,0x7f00002b,16,10,10 0 0 0 0 0 0 0,1793150324
268,1,23134507,0xeda47da1c7ae9f6f342784e2b3c0b41194375d17,1:0,500,0xf8000,9,5,5 0 0 0 0 0 0 0,1793061114
197,7,23134534,0xb39e79d3540fc34f516af70574b94d4ef8f885d2,18:0,500,0x1f000000000000000000000000000000000000000017,7,4,4 0 0 0 0 0 0 0,1793175687
197,8,23134564,0xb39e79d3540fc34f516af70574b94d4ef8f885d2,19:0,500,0x3e0000000000000000000000000000000000000000000c,13,8,8 0 0 0 0 0 0 0,1793197287
298,5,23134604,0xbd081f1b95d62c9a30efab2bb862eea6dcd7450a,15:1,2000,0xfe0000000000000000000000000000000001b,6,4,4 0 0 0 0 0 0 0,1793171537
221,1,23135169,0x5134143ec5c04ad5b5dcd240e92f484cdf10fef8,1:0,500,0xf8000,9,5,5 0 0 0 0 0 0 0,1793053390
222,1,23135188,0x5134143ec5c04ad5b5dcd240e92f484cdf10fef8,1:0,500,0xf8000,9,5,5 0 0 0 0 0 0 0,1793053415
210,2,23136998,0x51ff767cdd5112be157b12b5b1c7713608fc2601,1:0,500,0xf8007,19,10,10 0 0 0 0 0 0 0,1793071911
198,4,23137659,0x9194331dc33cde506a635cb2bde30a88246cb9cf,10:1,2000,0x7f000000000000000000000023,16,12,12 0 0 0 0 0 0 0,1793111100
225,2,23137810,0xca455075041d8af4723892825b3e45e685ee1e0d,12:0,500,0x7c000000000000000000000000002c,5,4,4 0 0 0 0 0 0 0,1793075403
225,3,23137943,0xca455075041d8af4723892825b3e45e685ee1e0d,12:0,500,0x7c0000000000000000000000000014,13,8,8 0 0 0 0 0 0 0,1793097003
300,4,23137961,0x1b1829e31d3f85210ea84c2b62f59faa47687c7e,9:0,500,0xf8000000000000000000021,12,8,8 0 0 0 0 0 0 0,1793150925
14,7,23138023,0x1b1829e31d3f85210ea84c2b62f59faa47687c7e,9:0,500,0xf8000000000000000000023,5,4,4 0 0 0 0 0 0 0,1793152399
225,4,23138090,0xca455075041d8af4723892825b3e45e685ee1e0d,17:0,500,0xf8000000000000000000000000000000000000001,7,4,4 0 0 0 0 0 0 0,1793118603
15,25,23141622,0xe6e5a8b9c4a0cd805f06b565b6f2857923cc6b11,1:0,500,0xf8032,29,15,15 0 0 0 0 0 0 0,1793541263
27,24,23143087,0x81b4bf458a73ea46fadd46ee8236e5f94c4eb8e0,1:1,2000,0x3f801b,9,5,5 0 0 0 0 0 0 0,1793521950
17,2,23143780,0x18749122cc2211c977736f418159c2f440243bd5,7:0,500,0x3e00000000000000031,8,4,4 0 0 0 0 0 0 0,1793044525
19,2,23143819,0x18749122cc2211c977736f418159c2f440243bd5,14:0,500,0x1f000000000000000000000000000000028,7,4,4 0 0 0 0 0 0 0,1793044627
21,3,23143862,0x18749122cc2211c977736f418159c2f440243bd5,18:0,500,0x1f000000000000000000000000000000000000000008,7,4,4 0 0 0 0 0 0 0,1793066281
187,23,23144885,0x65d3f783f7a9f2a30cf70a8b3f6789fe98779086,4:0,500,0x7c0000000000,17,10,10 0 0 0 0 0 0 0,1793517594
187,24,23144925,0x65d3f783f7a9f2a30cf70a8b3f6789fe98779086,10:0,500,0x1f000000000000000000000022,8,8,8 0 0 0 0 0 0 0,1793539194
187,25,23144965,0x65d3f783f7a9f2a30cf70a8b3f6789fe98779086,2:0,500,0x1f000014,8,5,5 0 0 0 0 0 0 0,1793560794
305,10,23145682,0xa754afb7549fce6e666bfcd6d4a4064c7d732d0e,3:1,2000,0xfe0000001b,29,15,15 0 0 0 0 0 0 0,1793281773
306,7,23145706,0xa754afb7549fce6e666bfcd6d4a4064c7d732d0e,15:1,2000,0xfe00000000000000000000000000000000012,6,4,4 0 0 0 0 0 0 0,1793217299
320,7,23145754,0xa754afb7549fce6e666bfcd6d4a4064c7d732d0e,13:1,2000,0x3f800000000000000000000000000003d,23,13,13 0 0 0 0 0 0 0,1793218856
305,11,23145825,0xa754afb7549fce6e666bfcd6d4a4064c7d732d0e,17:2,4000,0x7f8000000000000000000000000000000000000028,15,12,12 0 0 0 0 0 0 0,1793303373
3,3,23147899,0x734617dec820db2cfb6dc750efa08ef30dc9236f,17:2,4000,0x7f800000000000000000000000000000000000003d,12,8,8 0 0 0 0 0 0 0,1793065642
5,2,23147933,0x734617dec820db2cfb6dc750efa08ef30dc9236f,12:2,4000,0x3fc000000000000000000000000002e,9,8,8 0 0 0 0 0 0 0,1793044170
8,2,23147977,0x734617dec820db2cfb6dc750efa08ef30dc9236f,6:2,4000,0xff00000000000001b,11,8,8 0 0 0 0 0 0 0,1793044248
3,4,23148745,0x734617dec820db2cfb6dc750efa08ef30dc9236f,14:2,4000,0xff000000000000000000000000000000030,18,12,12 0 0 0 0 0 0 0,1793087242
5,3,23148919,0x734617dec820db2cfb6dc750efa08ef30dc9236f,18:2,4000,0xff000000000000000000000000000000000000000003,19,12,12 0 0 0 0 0 0 0,1793065770
8,3,23149017,0x734617dec820db2cfb6dc750efa08ef30dc9236f,15:2,4000,0x1fe00000000000000000000000000000000025,19,12,12 0 0 0 0 0 0 0,1793065848
35,2,23150786,0x0e8fc50331bac5eb968b6106125c2643a98ba319,7:2,4000,0x1fe0000000000000003c,16,8,8 0 0 0 0 0 0 0,1793047621
38,5,23153088,0x9fe1c07a4b2ee2842eee679ae719bb23ed341c18,8:0,500,0x7c000000000000000002a,8,4,4 0 0 0 0 0 0 0,1793112589
47,4,23153169,0x9fe1c07a4b2ee2842eee679ae719bb23ed341c18,19:0,500,0x3e00000000000000000000000000000000000000000008,13,8,8 0 0 0 0 0 0 0,1793092257
26,6,23154614,0x0dd5ff179c68dd64fa712da08b550ec3a7d3bd73,1:0,500,0xf8025,19,10,10 0 0 0 0 0 0 0,1793132903
86,6,23154654,0x0dd5ff179c68dd64fa712da08b550ec3a7d3bd73,1:0,500,0xf8025,9,5,5 0 0 0 0 0 0 0,1793137721
90,6,23154679,0x0dd5ff179c68dd64fa712da08b550ec3a7d3bd73,1:0,500,0xf8025,9,5,5 0 0 0 0 0 0 0,1793137784
26,7,23154959,0x0dd5ff179c68dd64fa712da08b550ec3a7d3bd73,9:0,500,0xf8000000000000000000023,5,4,4 0 0 0 0 0 0 0,1793154503
86,7,23155019,0x0dd5ff179c68dd64fa712da08b550ec3a7d3bd73,9:0,500,0xf8000000000000000000023,12,8,8 0 0 0 0 0 0 0,1793159321
90,7,23155076,0x0dd5ff179c68dd64fa712da08b550ec3a7d3bd73,9:0,500,0xf8000000000000000000023,5,4,4 0 0 0 0 0 0 0,1793159384
26,8,23155148,0x0dd5ff179c68dd64fa712da08b550ec3a7d3bd73,12:0,500,0x7c0000000000000000000000000010,5,4,4 0 0 0 0 0 0 0,1793176103
26,9,23155240,0x0dd5ff179c68dd64fa712da08b550ec3a7d3bd73,3:0,500,0x3e00000013,10,5,5 0 0 0 0 0 0 0,1793197703
26,10,23155313,0x0dd5ff179c68dd64fa712da08b550ec3a7d3bd73,4:0,500,0x7c0000000019,8,5,5 0 0 0 0 0 0 0,1793219303
26,11,23155372,0x0dd5ff179c68dd64fa712da08b550ec3a7d3bd73,6:0,500,0x1f000000000000033,5,4,4 0 0 0 0 0 0 0,1793240903
26,12,23155427,0x0dd5ff179c68dd64fa712da08b550ec3a7d3bd73,7:0,500,0x3e00000000000000023,18,9,9 0 0 0 0 0 0 0,1793262503
26,13,23155477,0x0dd5ff179c68dd64fa712da08b550ec3a7d3bd73,8:0,500,0x7c000000000000000000b,16,8,8 0 0 0 0 0 0 0,1793284103
26,14,23155539,0x0dd5ff179c68dd64fa712da08b550ec3a7d3bd73,9:0,500,0xf800000000000000000000a,12,8,8 0 0 0 0 0 0 0,1793305703
26,15,23155591,0x0dd5ff179c68dd64fa712da08b550ec3a7d3bd73,10:0,500,0x1f000000000000000000000027,5,4,4 0 0 0 0 0 0 0,1793327303
26,16,23155644,0x0dd5ff179c68dd64fa712da08b550ec3a7d3bd73,11:0,500,0x3e0000000000000000000000001b,6,4,4 0 0 0 0 0 0 0,1793348903
26,17,23155736,0x0dd5ff179c68dd64fa712da08b550ec3a7d3bd73,12:0,500,0x7c0000000000000000000000000003,13,8,8 0 0 0 0 0 0 0,1793370503
26,18,23155803,0x0dd5ff179c68dd64fa712da08b550ec3a7d3bd73,14:0,500,0x1f00000000000000000000000000000000b,7,4,4 0 0 0 0 0 0 0,1793392103
26,19,23155855,0x0dd5ff179c68dd64fa712da08b550ec3a7d3bd73,15:0,500,0x3e00000000000000000000000000000000027,6,4,4 0 0 0 0 0 0 0,1793413703
26,20,23155937,0x0dd5ff179c68dd64fa712da08b550ec3a7d3bd73,16:0,500,0x7c000000000000000000000000000000000003b,6,4,4 0 0 0 0 0 0 0,1793435303
26,21,23155990,0x0dd5ff179c68dd64fa712da08b550ec3a7d3bd73,17:0,500,0xf800000000000000000000000000000000000003c,17,9,9 0 0 0 0 0 0 0,1793456903
26,22,23156039,0x0dd5ff179c68dd64fa712da08b550ec3a7d3bd73,18:0,500,0x1f000000000000000000000000000000000000000024,12,8,8 0 0 0 0 0 0 0,1793478503
26,23,23156104,0x0dd5ff179c68dd64fa712da08b550ec3a7d3bd73,19:0,500,0x3e0000000000000000000000000000000000000000003c,8,4,4 0 0 0 0 0 0 0,1793500103
86,8,23156206,0x0dd5ff179c68dd64fa712da08b550ec3a7d3bd73,19:0,500,0x3e0000000000000000000000000000000000000000000c,18,9,9 0 0 0 0 0 0 0,1793180921
86,9,23156296,0x0dd5ff179c68dd64fa712da08b550ec3a7d3bd73,18:0,500,0x1f000000000000000000000000000000000000000021,7,4,4 0 0 0 0 0 0 0,1793202521
86,10,23156362,0x0dd5ff179c68dd64fa712da08b550ec3a7d3bd73,17:0,500,0xf800000000000000000000000000000000000002e,7,4,4 0 0 0 0 0 0 0,1793224121
86,11,23156447,0x0dd5ff179c68dd64fa712da08b550ec3a7d3bd73,16:0,500,0x7c0000000000000000000000000000000000023,6,4,4 0 0 0 0 0 0 0,1793245721
86,12,23156506,0x0dd5ff179c68dd64fa712da08b550ec3a7d3bd73,12:0,500,0x7c0000000000000000000000000037,5,4,4 0 0 0 0 0 0 0,1793267321
86,13,23156566,0x0dd5ff179c68dd64fa712da08b550ec3a7d3bd73,13:0,500,0xf8000000000000000000000000000033,23,13,13 0 0 0 0 0 0 0,1793288921
86,14,23156625,0x0dd5ff179c68dd64fa712da08b550ec3a7d3bd73,14:0,500,0x1f00000000000000000000000000000000c,13,8,8 0 0 0 0 0 0 0,1793310521
86,15,23156685,0x0dd5ff179c68dd64fa712da08b550ec3a7d3bd73,15:0,500,0x3e0000000000000000000000000000000000d,6,4,4 0 0 0 0 0 0 0,1793332121
86,16,23156738,0x0dd5ff179c68dd64fa712da08b550ec3a7d3bd73,9:0,500,0xf8000000000000000000004,5,4,4 0 0 0 0 0 0 0,1793353721
86,17,23156792,0x0dd5ff179c68dd64fa712da08b550ec3a7d3bd73,10:0,500,0x1f00000000000000000000003c,5,4,4 0 0 0 0 0 0 0,1793375321
86,18,23156845,0x0dd5ff179c68dd64fa712da08b550ec3a7d3bd73,11:0,500,0x3e00000000000000000000000033,6,4,4 0 0 0 0 0 0 0,1793396921
86,19,23156912,0x0dd5ff179c68dd64fa712da08b550ec3a7d3bd73,8:0,500,0x7c0000000000000000023,16,8,8 0 0 0 0 0 0 0,1793418521
86,20,23156990,0x0dd5ff179c68dd64fa712da08b550ec3a7d3bd73,7:0,500,0x3e00000000000000010,8,4,4 0 0 0 0 0 0 0,1793440121
86,21,23157112,0x0dd5ff179c68dd64fa712da08b550ec3a7d3bd73,3:0,500,0x3e0000002b,20,10,10 0 0 0 0 0 0 0,1793461721
86,22,23157196,0x0dd5ff179c68dd64fa712da08b550ec3a7d3bd73,3:0,500,0x3e00000024,19,10,10 0 0 0 0 0 0 0,1793483321
86,23,23157249,0x0dd5ff179c68dd64fa712da08b550ec3a7d3bd73,4:0,500,0x7c0000000000,8,5,5 0 0 0 0 0 0 0,1793504921
90,8,23157335,0x0dd5ff179c68dd64fa712da08b550ec3a7d3bd73,2:1,2000,0x7f00002e,18,10,10 0 0 0 0 0 0 0,1793180984
90,9,23157406,0x0dd5ff179c68dd64fa712da08b550ec3a7d3bd73,3:0,500,0x3e00000013,19,10,10 0 0 0 0 0 0 0,1793202584
90,10,23157464,0x0dd5ff179c68dd64fa712da08b550ec3a7d3bd73,4:0,500,0x7c0000000019,8,5,5 0 0 0 0 0 0 0,1793224184
90,11,23157547,0x0dd5ff179c68dd64fa712da08b550ec3a7d3bd73,5:0,500,0xf8000000000016,6,4,4 0 0 0 0 0 0 0,1793245784
90,12,23157629,0x0dd5ff179c68dd64fa712da08b550ec3a7d3bd73,10:0,500,0x1f00000000000000000000000f,8,8,8 0 0 0 0 0 0 0,1793267384
90,13,23157681,0x0dd5ff179c68dd64fa712da08b550ec3a7d3bd73,10:0,500,0x1f00000000000000000000003b,5,4,4 0 0 0 0 0 0 0,1793288984
90,14,23157732,0x0dd5ff179c68dd64fa712da08b550ec3a7d3bd73,14:0,500,0x1f00000000000000000000000000000000c,7,4,4 0 0 0 0 0 0 0,1793310584
90,15,23157790,0x0dd5ff179c68dd64fa712da08b550ec3a7d3bd73,16:0,500,0x7c000000000000000000000000000000000002d,14,8,8 0 0 0 0 0 0 0,1793332184
90,16,23157845,0x0dd5ff179c68dd64fa712da08b550ec3a7d3bd73,16:0,500,0x7c000000000000000000000000000000000000f,6,4,4 0 0 0 0 0 0 0,1793353784
90,17,23157924,0x0dd5ff179c68dd64fa712da08b550ec3a7d3bd73,17:0,500,0xf8000000000000000000000000000000000000039,20,13,13 0 0 0 0 0 0 0,1793375384
90,18,23157979,0x0dd5ff179c68dd64fa712da08b550ec3a7d3bd73,12:0,500,0x7c000000000000000000000000003b,5,4,4 0 0 0 0 0 0 0,1793396984
90,19,23158042,0x0dd5ff179c68dd64fa712da08b550ec3a7d3bd73,13:0,500,0xf8000000000000000000000000000005,8,4,4 0 0 0 0 0 0 0,1793418584
90,20,23158103,0x0dd5ff179c68dd64fa712da08b550ec3a7d3bd73,9:0,500,0xf8000000000000000000023,12,8,8 0 0 0 0 0 0 0,1793440184
90,21,23158152,0x0dd5ff179c68dd64fa712da08b550ec3a7d3bd73,10:0,500,0x1f000000000000000000000026,8,8,8 0 0 0 0 0 0 0,1793461784
90,22,23158204,0x0dd5ff179c68dd64fa712da08b550ec3a7d3bd73,11:0,500,0x3e0000000000000000000000002f,6,4,4 0 0 0 0 0 0 0,1793483384
90,23,23158261,0x0dd5ff179c68dd64fa712da08b550ec3a7d3bd73,14:0,500,0x1f000000000000000000000000000000021,23,13,13 0 0 0 0 0 0 0,1793504984
90,24,23158331,0x0dd5ff179c68dd64fa712da08b550ec3a7d3bd73,13:0,500,0xf800000000000000000000000000003c,13,8,8 0 0 0 0 0 0 0,1793526584
90,25,23158388,0x0dd5ff179c68dd64fa712da08b550ec3a7d3bd73,10:0,500,0x1f000000000000000000000026,5,4,4 0 0 0 0 0 0 0,1793548184
86,24,23158437,0x0dd5ff179c68dd64fa712da08b550ec3a7d3bd73,6:0,500,0x1f000000000000034,5,4,4 0 0 0 0 0 0 0,1793526521
86,25,23158472,0x0dd5ff179c68dd64fa712da08b550ec3a7d3bd73,19:0,500,0x3e00000000000000000000000000000000000000000003,13,8,8 0 0 0 0 0 0 0,1793548121
86,26,23158540,0x0dd5ff179c68dd64fa712da08b550ec3a7d3bd73,11:0,500,0x3e00000000000000000000000026,14,8,8 0 0 0 0 0 0 0,1793569721
90,26,23158595,0x0dd5ff179c68dd64fa712da08b550ec3a7d3bd73,11:0,500,0x3e00000000000000000000000026,14,8,8 0 0 0 0 0 0 0,1793569784
26,24,23158665,0x0dd5ff179c68dd64fa712da08b550ec3a7d3bd73,19:0,500,0x3e0000000000000000000000000000000000000000002a,13,8,8 0 0 0 0 0 0 0,1793521703
26,25,23158724,0x0dd5ff179c68dd64fa712da08b550ec3a7d3bd73,11:0,500,0x3e00000000000000000000000028,14,8,8 0 0 0 0 0 0 0,1793543303
26,26,23158792,0x0dd5ff179c68dd64fa712da08b550ec3a7d3bd73,13:0,500,0xf8000000000000000000000000000025,18,9,9 0 0 0 0 0 0 0,1793564903
62,5,23158966,0xd6ed92a915f940db5d288b1724a4e45b20c4f027,1:0,500,0xf8007,9,5,5 0 0 0 0 0 0 0,1793114729
78,5,23158994,0xd6ed92a915f940db5d288b1724a4e45b20c4f027,1:0,500,0xf8007,9,5,5 0 0 0 0 0 0 0,1793115668
81,5,23159043,0xd6ed92a915f940db5d288b1724a4e45b20c4f027,1:0,500,0xf8007,9,5,5 0 0 0 0 0 0 0,1793115900
62,6,23159141,0xd6ed92a915f940db5d288b1724a4e45b20c4f027,2:0,500,0x1f000008,8,5,5 0 0 0 0 0 0 0,1793136329
62,7,23159189,0xd6ed92a915f940db5d288b1724a4e45b20c4f027,3:0,500,0x3e00000030,20,10,10 0 0 0 0 0 0 0,1793157929
62,8,23159246,0xd6ed92a915f940db5d288b1724a4e45b20c4f027,3:0,500,0x3e00000024,19,10,10 0 0 0 0 0 0 0,1793179529
62,9,23159294,0xd6ed92a915f940db5d288b1724a4e45b20c4f027,4:0,500,0x7c0000000004,8,5,5 0 0 0 0 0 0 0,1793201129
62,10,23159404,0xd6ed92a915f940db5d288b1724a4e45b20c4f027,6:0,500,0x1f00000000000002f,5,4,4 0 0 0 0 0 0 0,1793222729
62,11,23159453,0xd6ed92a915f940db5d288b1724a4e45b20c4f027,7:0,500,0x3e0000000000000001b,8,4,4 0 0 0 0 0 0 0,1793244329
62,12,23159501,0xd6ed92a915f940db5d288b1724a4e45b20c4f027,8:0,500,0x7c000000000000000003b,8,4,4 0 0 0 0 0 0 0,1793265929
62,13,23159554,0xd6ed92a915f940db5d288b1724a4e45b20c4f027,9:0,500,0xf8000000000000000000023,12,8,8 0 0 0 0 0 0 0,1793287529
62,14,23159612,0xd6ed92a915f940db5d288b1724a4e45b20c4f027,11:0,500,0x3e0000000000000000000000003b,16,9,9 0 0 0 0 0 0 0,1793309129
62,15,23159657,0xd6ed92a915f940db5d288b1724a4e45b20c4f027,12:0,500,0x7c000000000000000000000000000e,13,8,8 0 0 0 0 0 0 0,1793330729
62,16,23159702,0xd6ed92a915f940db5d288b1724a4e45b20c4f027,10:0,500,0x1f000000000000000000000025,5,4,4 0 0 0 0 0 0 0,1793352329
62,17,23159740,0xd6ed92a915f940db5d288b1724a4e45b20c4f027,11:0,500,0x3e00000000000000000000000016,14,8,8 0 0 0 0 0 0 0,1793373929
62,18,23159787,0xd6ed92a915f940db5d288b1724a4e45b20c4f027,19:0,500,0x3e00000000000000000000000000000000000000000011,13,8,8 0 0 0 0 0 0 0,1793395529
62,19,23159842,0xd6ed92a915f940db5d288b1724a4e45b20c4f027,16:0,500,0x7c0000000000000000000000000000000000028,14,8,8 0 0 0 0 0 0 0,1793417129
62,20,23159895,0xd6ed92a915f940db5d288b1724a4e45b20c4f027,17:0,500,0xf8000000000000000000000000000000000000032,7,4,4 0 0 0 0 0 0 0,1793438729
62,21,23159958,0xd6ed92a915f940db5d288b1724a4e45b20c4f027,12:0,500,0x7c0000000000000000000000000030,15,9,9 0 0 0 0 0 0 0,1793460329
62,22,23160009,0xd6ed92a915f940db5d288b1724a4e45b20c4f027,13:0,500,0xf800000000000000000000000000000b,13,8,8 0 0 0 0 0 0 0,1793481929
62,23,23160060,0xd6ed92a915f940db5d288b1724a4e45b20c4f027,14:0,500,0x1f000000000000000000000000000000021,7,4,4 0 0 0 0 0 0 0,1793503529
62,24,23160108,0xd6ed92a915f940db5d288b1724a4e45b20c4f027,10:0,500,0x1f000000000000000000000022,8,8,8 0 0 0 0 0 0 0,1793525129
206,1,23160154,0x9da747028d14fd5fc1ce0a2f91d77f5062c6ebb4,1:0,500,0xf8000,9,5,5 0 0 0 0 0 0 0,1793048412
62,25,23160157,0xd6ed92a915f940db5d288b1724a4e45b20c4f027,11:0,500,0x3e00000000000000000000000028,6,4,4 0 0 0 0 0 0 0,1793546729
187,26,23160275,0x65d3f783f7a9f2a30cf70a8b3f6789fe98779086,1:0,500,0xf803f,19,10,10 0 0 0 0 0 0 0,1793582394
62,26,23160287,0xd6ed92a915f940db5d288b1724a4e45b20c4f027,19:2,4000,0x1fe00000000000000000000000000000000000000000035,16,8,8 0 0 0 0 0 0 0,1793568329
187,27,23160316,0x65d3f783f7a9f2a30cf70a8b3f6789fe98779086,3:0,500,0x3e00000027,19,10,10 0 0 0 0 0 0 0,1793603994
187,28,23160356,0x65d3f783f7a9f2a30cf70a8b3f6789fe98779086,5:0,500,0xf800000000001b,14,9,9 0 0 0 0 0 0 0,1793625594
78,6,23160378,0xd6ed92a915f940db5d288b1724a4e45b20c4f027,2:0,500,0x1f000008,8,5,5 0 0 0 0 0 0 0,1793137268
187,29,23160396,0x65d3f783f7a9f2a30cf70a8b3f6789fe98779086,6:0,500,0x1f000000000000029,22,13,13 0 0 0 0 0 0 0,1793647194
78,7,23160429,0xd6ed92a915f940db5d288b1724a4e45b20c4f027,3:0,500,0x3e00000030,10,5,5 0 0 0 0 0 0 0,1793158868
187,30,23160436,0x65d3f783f7a9f2a30cf70a8b3f6789fe98779086,7:0,500,0x3e00000000000000005,16,8,8 0 0 0 0 0 0 0,1793668794
78,8,23160471,0xd6ed92a915f940db5d288b1724a4e45b20c4f027,4:0,500,0x7c000000001c,18,10,10 0 0 0 0 0 0 0,1793180468
187,31,23160516,0x65d3f783f7a9f2a30cf70a8b3f6789fe98779086,9:0,500,0xf800000000000000000002b,12,8,8 0 0 0 0 0 0 0,1793690394
78,9,23160527,0xd6ed92a915f940db5d288b1724a4e45b20c4f027,5:0,500,0xf800000000003c,6,4,4 0 0 0 0 0 0 0,1793202068
36,5,23160547,0xf410f5824a53bdeedb76f7d280bccad40538c523,6:2,4000,0xff00000000000002e,28,17,17 0 0 0 0 0 0 0,1793112514
187,32,23160556,0x65d3f783f7a9f2a30cf70a8b3f6789fe98779086,11:0,500,0x3e00000000000000000000000038,6,4,4 0 0 0 0 0 0 0,1793711994
78,10,23160590,0xd6ed92a915f940db5d288b1724a4e45b20c4f027,6:0,500,0x1f00000000000002f,5,4,4 0 0 0 0 0 0 0,1793223668
187,33,23160596,0x65d3f783f7a9f2a30cf70a8b3f6789fe98779086,12:0,500,0x7c0000000000000000000000000029,5,4,4 0 0 0 0 0 0 0,1793733594
187,34,23160637,0x65d3f783f7a9f2a30cf70a8b3f6789fe98779086,13:0,500,0xf800000000000000000000000000002e,13,8,8 0 0 0 0 0 0 0,1793755194
78,11,23160643,0xd6ed92a915f940db5d288b1724a4e45b20c4f027,7:0,500,0x3e0000000000000001b,8,4,4 0 0 0 0 0 0 0,1793245268
187,35,23160677,0x65d3f783f7a9f2a30cf70a8b3f6789fe98779086,14:0,500,0x1f000000000000000000000000000000020,23,13,13 0 0 0 0 0 0 0,1793776794
78,12,23160694,0xd6ed92a915f940db5d288b1724a4e45b20c4f027,8:0,500,0x7c000000000000000003b,8,4,4 0 0 0 0 0 0 0,1793266868
187,36,23160717,0x65d3f783f7a9f2a30cf70a8b3f6789fe98779086,15:0,500,0x3e0000000000000000000000000000000000d,10,8,8 0 0 0 0 0 0 0,1793798394
78,13,23160751,0xd6ed92a915f940db5d288b1724a4e45b20c4f027,9:0,500,0xf8000000000000000000023,15,9,9 0 0 0 0 0 0 0,1793288468
187,37,23160757,0x65d3f783f7a9f2a30cf70a8b3f6789fe98779086,16:0,500,0x7c000000000000000000000000000000000002a,14,8,8 0 0 0 0 0 0 0,1793819994
218,7,23160763,0xb3aa0c5049d7e1c9abf88d612c10b8d792383464,9:2,4000,0x7f800000000000000000000d,13,12,12 0 0 0 0 0 0 0,1793181688
187,38,23160797,0x65d3f783f7a9f2a30cf70a8b3f6789fe98779086,19:0,500,0x3e00000000000000000000000000000000000000000010,13,8,8 0 0 0 0 0 0 0,1793841594
78,14,23160799,0xd6ed92a915f940db5d288b1724a4e45b20c4f027,10:0,500,0x1f000000000000000000000017,8,8,8 0 0 0 0 0 0 0,1793310068
218,8,23160799,0xb3aa0c5049d7e1c9abf88d612c10b8d792383464,17:2,4000,0x7f800000000000000000000000000000000000003a,17,12,12 0 0 0 0 0 0 0,1793203288
78,15,23160855,0xd6ed92a915f940db5d288b1724a4e45b20c4f027,11:0,500,0x3e00000000000000000000000032,6,4,4 0 0 0 0 0 0 0,1793331668
187,39,23160897,0x65d3f783f7a9f2a30cf70a8b3f6789fe98779086,18:0,500,0x1f000000000000000000000000000000000000000004,12,8,8 0 0 0 0 0 0 0,1793863194
78,16,23160912,0xd6ed92a915f940db5d288b1724a4e45b20c4f027,12:0,500,0x7c0000000000000000000000000004,13,8,8 0 0 0 0 0 0 0,1793353268
187,40,23160937,0x65d3f783f7a9f2a30cf70a8b3f6789fe98779086,17:0,500,0xf8000000000000000000000000000000000000029,10,8,8 0 0 0 0 0 0 0,1793884794
78,17,23160967,0xd6ed92a915f940db5d288b1724a4e45b20c4f027,13:0,500,0xf8000000000000000000000000000014,8,4,4 0 0 0 0 0 0 0,1793374868
187,41,23160977,0x65d3f783f7a9f2a30cf70a8b3f6789fe98779086,16:0,500,0x7c0000000000000000000000000000000000027,6,4,4 0 0 0 0 0 0 0,1793906394
78,18,23161003,0xd6ed92a915f940db5d288b1724a4e45b20c4f027,14:0,500,0x1f00000000000000000000000000000000b,7,4,4 0 0 0 0 0 0 0,1793396468
78,19,23161054,0xd6ed92a915f940db5d288b1724a4e45b20c4f027,15:0,500,0x3e00000000000000000000000000000000027,6,4,4 0 0 0 0 0 0 0,1793418068
78,20,23161112,0xd6ed92a915f940db5d288b1724a4e45b20c4f027,16:0,500,0x7c000000000000000000000000000000000003b,6,4,4 0 0 0 0 0 0 0,1793439668
286,22,23161116,0x65d3f783f7a9f2a30cf70a8b3f6789fe98779086,1:0,500,0xf8025,9,5,5 0 0 0 0 0 0 0,1793531551
78,21,23161156,0xd6ed92a915f940db5d288b1724a4e45b20c4f027,17:0,500,0xf800000000000000000000000000000000000003c,20,13,13 0 0 0 0 0 0 0,1793461268
286,23,23161176,0x65d3f783f7a9f2a30cf70a8b3f6789fe98779086,2:0,500,0x1f000030,16,10,10 0 0 0 0 0 0 0,1793553151
78,22,23161211,0xd6ed92a915f940db5d288b1724a4e45b20c4f027,18:0,500,0x1f000000000000000000000000000000000000000024,7,4,4 0 0 0 0 0 0 0,1793482868
78,23,23161260,0xd6ed92a915f940db5d288b1724a4e45b20c4f027,19:0,500,0x3e0000000000000000000000000000000000000000003c,8,4,4 0 0 0 0 0 0 0,1793504468
286,24,23161297,0x65d3f783f7a9f2a30cf70a8b3f6789fe98779086,3:0,500,0x3e00000008,19,10,10 0 0 0 0 0 0 0,1793574751
78,24,23161322,0xd6ed92a915f940db5d288b1724a4e45b20c4f027,19:0,500,0x3e0000000000000000000000000000000000000000002a,13,8,8 0 0 0 0 0 0 0,1793526068
78,25,23161369,0xd6ed92a915f940db5d288b1724a4e45b20c4f027,10:0,500,0x1f000000000000000000000026,5,4,4 0 0 0 0 0 0 0,1793547668
78,26,23161438,0xd6ed92a915f940db5d288b1724a4e45b20c4f027,10:0,500,0x1f00000000000000000000001d,8,8,8 0 0 0 0 0 0 0,1793569268
81,6,23161504,0xd6ed92a915f940db5d288b1724a4e45b20c4f027,2:0,500,0x1f000008,8,5,5 0 0 0 0 0 0 0,1793137500
81,7,23161551,0xd6ed92a915f940db5d288b1724a4e45b20c4f027,3:0,500,0x3e00000030,10,5,5 0 0 0 0 0 0 0,1793159100
81,8,23161597,0xd6ed92a915f940db5d288b1724a4e45b20c4f027,4:0,500,0x7c000000001c,8,5,5 0 0 0 0 0 0 0,1793180700
81,9,23161642,0xd6ed92a915f940db5d288b1724a4e45b20c4f027,5:0,500,0xf800000000003c,16,9,9 0 0 0 0 0 0 0,1793202300
81,10,23161704,0xd6ed92a915f940db5d288b1724a4e45b20c4f027,5:0,500,0xf8000000000014,14,9,9 0 0 0 0 0 0 0,1793223900
81,11,23161764,0xd6ed92a915f940db5d288b1724a4e45b20c4f027,6:0,500,0x1f000000000000033,5,4,4 0 0 0 0 0 0 0,1793245500
81,12,23161819,0xd6ed92a915f940db5d288b1724a4e45b20c4f027,7:0,500,0x3e00000000000000023,8,4,4 0 0 0 0 0 0 0,1793267100
81,13,23162501,0xd6ed92a915f940db5d288b1724a4e45b20c4f027,12:0,500,0x7c0000000000000000000000000009,5,4,4 0 0 0 0 0 0 0,1793288700
148,5,23162502,0x9628149b8268f15adc99911e64a79cdea7fb71ab,11:1,2000,0xfe0000000000000000000000003a,6,4,4 0 0 0 0 0 0 0,1793123351
81,14,23162561,0xd6ed92a915f940db5d288b1724a4e45b20c4f027,13:0,500,0xf8000000000000000000000000000018,8,4,4 0 0 0 0 0 0 0,1793310300
81,15,23162607,0xd6ed92a915f940db5d288b1724a4e45b20c4f027,13:0,500,0xf8000000000000000000000000000030,13,8,8 0 0 0 0 0 0 0,1793331900
81,16,23162658,0xd6ed92a915f940db5d288b1724a4e45b20c4f027,17:0,500,0xf800000000000000000000000000000000000002c,17,9,9 0 0 0 0 0 0 0,1793353500
81,17,23162714,0xd6ed92a915f940db5d288b1724a4e45b20c4f027,17:0,500,0xf8000000000000000000000000000000000000039,10,8,8 0 0 0 0 0 0 0,1793375100
81,18,23162788,0xd6ed92a915f940db5d288b1724a4e45b20c4f027,19:0,500,0x3e00000000000000000000000000000000000000000011,13,8,8 0 0 0 0 0 0 0,1793396700
286,25,23162821,0x65d3f783f7a9f2a30cf70a8b3f6789fe98779086,4:0,500,0x7c000000003f,27,15,15 0 0 0 0 0 0 0,1793596351
286,26,23162853,0x65d3f783f7a9f2a30cf70a8b3f6789fe98779086,5:0,500,0xf800000000003a,14,9,9 0 0 0 0 0 0 0,1793617951
81,19,23162863,0xd6ed92a915f940db5d288b1724a4e45b20c4f027,9:0,500,0xf8000000000000000000039,12,8,8 0 0 0 0 0 0 0,1793418300
286,27,23162893,0x65d3f783f7a9f2a30cf70a8b3f6789fe98779086,6:0,500,0x1f000000000000021,12,8,8 0 0 0 0 0 0 0,1793639551
81,20,23162922,0xd6ed92a915f940db5d288b1724a4e45b20c4f027,10:0,500,0x1f000000000000000000000026,5,4,4 0 0 0 0 0 0 0,1793439900
286,28,23162934,0x65d3f783f7a9f2a30cf70a8b3f6789fe98779086,7:0,500,0x3e0000000000000001f,16,8,8 0 0 0 0 0 0 0,1793661151
286,29,23162954,0x65d3f783f7a9f2a30cf70a8b3f6789fe98779086,8:0,500,0x7c0000000000000000025,16,8,8 0 0 0 0 0 0 0,1793682751
81,21,23162978,0xd6ed92a915f940db5d288b1724a4e45b20c4f027,17:0,500,0xf800000000000000000000000000000000000003c,17,9,9 0 0 0 0 0 0 0,1793461500
286,30,23162994,0x65d3f783f7a9f2a30cf70a8b3f6789fe98779086,9:0,500,0xf8000000000000000000035,12,8,8 0 0 0 0 0 0 0,1793704351
286,31,23163074,0x65d3f783f7a9f2a30cf70a8b3f6789fe98779086,10:0,500,0x1f00000000000000000000002e,18,13,13 0 0 0 0 0 0 0,1793725951
286,32,23163114,0x65d3f783f7a9f2a30cf70a8b3f6789fe98779086,11:0,500,0x3e00000000000000000000000038,14,8,8 0 0 0 0 0 0 0,1793747551
81,22,23163848,0xd6ed92a915f940db5d288b1724a4e45b20c4f027,19:0,500,0x3e0000000000000000000000000000000000000000001b,8,4,4 0 0 0 0 0 0 0,1793483100
81,23,23163910,0xd6ed92a915f940db5d288b1724a4e45b20c4f027,13:0,500,0xf8000000000000000000000000000026,8,4,4 0 0 0 0 0 0 0,1793504700
81,24,23163948,0xd6ed92a915f940db5d288b1724a4e45b20c4f027,13:0,500,0xf800000000000000000000000000003c,13,8,8 0 0 0 0 0 0 0,1793526300
81,25,23163983,0xd6ed92a915f940db5d288b1724a4e45b20c4f027,11:0,500,0x3e00000000000000000000000028,14,8,8 0 0 0 0 0 0 0,1793547900
81,26,23164046,0xd6ed92a915f940db5d288b1724a4e45b20c4f027,19:0,500,0x3e0000000000000000000000000000000000000000003c,23,13,13 0 0 0 0 0 0 0,1793569500
220,6,23164098,0x939571499a81766380edd7040bb16a785b800855,19:0,500,0x3e00000000000000000000000000000000000000000000,8,4,4 0 0 0 0 0 0 0,1793161076
246,6,23166141,0xe79ca7d5c265c93be2b23e4e04ba9d8357622db7,2:0,500,0x1f000008,8,5,5 0 0 0 0 0 0 0,1793165090
246,7,23166248,0xe79ca7d5c265c93be2b23e4e04ba9d8357622db7,10:0,500,0x1f00000000000000000000003d,5,4,4 0 0 0 0 0 0 0,1793186690
246,8,23166323,0xe79ca7d5c265c93be2b23e4e04ba9d8357622db7,13:0,500,0xf800000000000000000000000000001b,8,4,4 0 0 0 0 0 0 0,1793208290
246,9,23166479,0xe79ca7d5c265c93be2b23e4e04ba9d8357622db7,16:0,500,0x7c000000000000000000000000000000000002e,16,9,9 0 0 0 0 0 0 0,1793229890
246,10,23166524,0xe79ca7d5c265c93be2b23e4e04ba9d8357622db7,19:0,500,0x3e00000000000000000000000000000000000000000017,13,8,8 0 0 0 0 0 0 0,1793251490
165,5,23166665,0xa5552389c0c7601030cb8d82b487150855478342,11:2,4000,0x1fe00000000000000000000000025,12,8,8 0 0 0 0 0 0 0,1793126485
165,6,23166689,0xa5552389c0c7601030cb8d82b487150855478342,19:2,4000,0x1fe00000000000000000000000000000000000000000034,21,12,12 0 0 0 0 0 0 0,1793148085
163,11,23168040,0x7d7337fcdefe5771e3280f25c3ba670700e8560c,2:1,2000,0x7f00002f,26,15,15 0 0 0 0 0 0 0,1793255986
94,8,23172836,0x8746cbcd1d09ea15b3625692f11fbb0e17b52029,13:0,500,0xf800000000000000000000000000001b,8,4,4 0 0 0 0 0 0 0,1793181210
95,5,23172903,0x8746cbcd1d09ea15b3625692f11fbb0e17b52029,5:0,500,0xf800000000002a,14,9,9 0 0 0 0 0 0 0,1793116458
53,11,23173002,0xe0be2740456040536765022e7db612418e3de99e,9:1,2000,0x3f8000000000000000000000,17,12,12 0 0 0 0 0 0 0,1793243832
60,7,23173081,0xe0be2740456040536765022e7db612418e3de99e,18:1,2000,0x7f00000000000000000000000000000000000000002a,12,8,8 0 0 0 0 0 0 0,1793157780
61,14,23173157,0xe0be2740456040536765022e7db612418e3de99e,19:0,500,0x3e00000000000000000000000000000000000000000033,8,4,4 0 0 0 0 0 0 0,1793309041
289,2,23173184,0x54d1f1895026e84e4672d09c3e759a4fd847e497,1:0,500,0xf8007,19,10,10 0 0 0 0 0 0 0,1793099705
330,2,23173219,0xe72d42810212c856636cd9d019e98cfe985535fd,19:1,2000,0xfe00000000000000000000000000000000000000000033,21,12,12 0 0 0 0 0 0 0,1793114122
80,6,23173270,0x0420e243d8ab4a22dadded1ead8cdcca14074d7c,5:0,500,0xf8000000000004,6,4,4 0 0 0 0 0 0 0,1793137470
83,6,23173345,0x0420e243d8ab4a22dadded1ead8cdcca14074d7c,12:1,2000,0x1fc0000000000000000000000000024,23,13,13 0 0 0 0 0 0 0,1793137659
104,14,23173411,0x0420e243d8ab4a22dadded1ead8cdcca14074d7c,9:2,4000,0x7f8000000000000000000014,17,12,12 0 0 0 0 0 0 0,1793311367
286,33,23173922,0x65d3f783f7a9f2a30cf70a8b3f6789fe98779086,12:0,500,0x7c0000000000000000000000000029,13,8,8 0 0 0 0 0 0 0,1793769151
286,34,23173953,0x65d3f783f7a9f2a30cf70a8b3f6789fe98779086,13:0,500,0xf800000000000000000000000000002e,13,8,8 0 0 0 0 0 0 0,1793790751
286,35,23173974,0x65d3f783f7a9f2a30cf70a8b3f6789fe98779086,14:0,500,0x1f000000000000000000000000000000020,13,8,8 0 0 0 0 0 0 0,1793812351
286,36,23174014,0x65d3f783f7a9f2a30cf70a8b3f6789fe98779086,15:0,500,0x3e0000000000000000000000000000000000d,10,8,8 0 0 0 0 0 0 0,1793833951
286,37,23174035,0x65d3f783f7a9f2a30cf70a8b3f6789fe98779086,16:0,500,0x7c000000000000000000000000000000000002a,16,9,9 0 0 0 0 0 0 0,1793855551
286,38,23174055,0x65d3f783f7a9f2a30cf70a8b3f6789fe98779086,17:0,500,0xf8000000000000000000000000000000000000015,7,4,4 0 0 0 0 0 0 0,1793877151
286,39,23174076,0x65d3f783f7a9f2a30cf70a8b3f6789fe98779086,18:0,500,0x1f000000000000000000000000000000000000000004,12,8,8 0 0 0 0 0 0 0,1793898751
286,40,23174096,0x65d3f783f7a9f2a30cf70a8b3f6789fe98779086,19:0,500,0x3e0000000000000000000000000000000000000000002c,13,8,8 0 0 0 0 0 0 0,1793920351
287,22,23174176,0x65d3f783f7a9f2a30cf70a8b3f6789fe98779086,1:0,500,0xf8025,9,5,5 0 0 0 0 0 0 0,1793531570
287,23,23174216,0x65d3f783f7a9f2a30cf70a8b3f6789fe98779086,2:0,500,0x1f000030,16,10,10 0 0 0 0 0 0 0,1793553170
287,24,23174236,0x65d3f783f7a9f2a30cf70a8b3f6789fe98779086,3:0,500,0x3e00000008,19,10,10 0 0 0 0 0 0 0,1793574770
287,25,23174257,0x65d3f783f7a9f2a30cf70a8b3f6789fe98779086,4:0,500,0x7c000000003f,27,15,15 0 0 0 0 0 0 0,1793596370
287,26,23174277,0x65d3f783f7a9f2a30cf70a8b3f6789fe98779086,5:0,500,0xf800000000003a,14,9,9 0 0 0 0 0 0 0,1793617970
287,27,23174297,0x65d3f783f7a9f2a30cf70a8b3f6789fe98779086,6:0,500,0x1f000000000000021,12,8,8 0 0 0 0 0 0 0,1793639570
287,28,23174318,0x65d3f783f7a9f2a30cf70a8b3f6789fe98779086,7:0,500,0x3e0000000000000001f,8,4,4 0 0 0 0 0 0 0,1793661170
287,29,23174339,0x65d3f783f7a9f2a30cf70a8b3f6789fe98779086,8:0,500,0x7c0000000000000000025,8,4,4 0 0 0 0 0 0 0,1793682770
287,30,23174359,0x65d3f783f7a9f2a30cf70a8b3f6789fe98779086,9:0,500,0xf8000000000000000000035,12,8,8 0 0 0 0 0 0 0,1793704370
287,31,23174379,0x65d3f783f7a9f2a30cf70a8b3f6789fe98779086,10:0,500,0x1f00000000000000000000002e,18,13,13 0 0 0 0 0 0 0,1793725970
287,32,23174399,0x65d3f783f7a9f2a30cf70a8b3f6789fe98779086,11:0,500,0x3e00000000000000000000000038,14,8,8 0 0 0 0 0 0 0,1793747570
287,33,23174440,0x65d3f783f7a9f2a30cf70a8b3f6789fe98779086,12:0,500,0x7c0000000000000000000000000029,13,8,8 0 0 0 0 0 0 0,1793769170
287,34,23174480,0x65d3f783f7a9f2a30cf70a8b3f6789fe98779086,13:0,500,0xf800000000000000000000000000002e,13,8,8 0 0 0 0 0 0 0,1793790770
287,35,23174521,0x65d3f783f7a9f2a30cf70a8b3f6789fe98779086,14:0,500,0x1f000000000000000000000000000000020,13,8,8 0 0 0 0 0 0 0,1793812370
287,36,23174561,0x65d3f783f7a9f2a30cf70a8b3f6789fe98779086,15:0,500,0x3e0000000000000000000000000000000000d,10,8,8 0 0 0 0 0 0 0,1793833970
287,37,23174601,0x65d3f783f7a9f2a30cf70a8b3f6789fe98779086,16:0,500,0x7c000000000000000000000000000000000002a,24,13,13 0 0 0 0 0 0 0,1793855570
287,38,23174622,0x65d3f783f7a9f2a30cf70a8b3f6789fe98779086,17:0,500,0xf8000000000000000000000000000000000000015,10,8,8 0 0 0 0 0 0 0,1793877170
287,39,23174642,0x65d3f783f7a9f2a30cf70a8b3f6789fe98779086,18:0,500,0x1f000000000000000000000000000000000000000004,12,8,8 0 0 0 0 0 0 0,1793898770
287,40,23174663,0x65d3f783f7a9f2a30cf70a8b3f6789fe98779086,19:0,500,0x3e0000000000000000000000000000000000000000002c,13,8,8 0 0 0 0 0 0 0,1793920370
142,5,23174748,0x22fdae531a69647a0ade9154093ac83769f9dc49,1:0,500,0xf8007,19,10,10 0 0 0 0 0 0 0,1793121609
217,3,23176011,0xd14049678140b62b8d5ea1766357b0f3646eb936,7:0,500,0x3e00000000000000037,8,4,4 0 0 0 0 0 0 0,1793095282
44,20,23176500,0xf04ecec3cac1ad5e55e03cb5842b07be2c2249c9,1:0,500,0xf800d,19,10,10 0 0 0 0 0 0 0,1793437188
44,21,23176725,0xf04ecec3cac1ad5e55e03cb5842b07be2c2249c9,2:0,500,0x1f000026,16,10,10 0 0 0 0 0 0 0,1793458788
44,22,23176767,0xf04ecec3cac1ad5e55e03cb5842b07be2c2249c9,3:0,500,0x3e00000024,29,15,15 0 0 0 0 0 0 0,1793480388
59,12,23176934,0xf04ecec3cac1ad5e55e03cb5842b07be2c2249c9,16:0,500,0x7c000000000000000000000000000000000000d,14,8,8 0 0 0 0 0 0 0,1793265675
69,13,23176977,0xf04ecec3cac1ad5e55e03cb5842b07be2c2249c9,19:0,500,0x3e0000000000000000000000000000000000000000002d,8,4,4 0 0 0 0 0 0 0,1793287756
322,3,23177156,0x2122e553875fe2d0e24eb0eb220ea7da258ddd5d,6:0,500,0x1f00000000000000c,5,4,4 0 0 0 0 0 0 0,1793132532
322,4,23177202,0x2122e553875fe2d0e24eb0eb220ea7da258ddd5d,19:0,500,0x3e00000000000000000000000000000000000000000008,8,4,4 0 0 0 0 0 0 0,1793154132
211,6,23177366,0xbcd76fa66f9edc46065f4f27fd634ca15a0b1c72,12:1,2000,0x1fc0000000000000000000000000024,5,4,4 0 0 0 0 0 0 0,1793158333
212,5,23177402,0xbcd76fa66f9edc46065f4f27fd634ca15a0b1c72,13:1,2000,0x3f800000000000000000000000000001f,8,4,4 0 0 0 0 0 0 0,1793137056
57,4,23177496,0xdb67846763415453a214ab8a9f7c14a0c8c99bed,10:1,2000,0x7f000000000000000000000023,5,4,4 0 0 0 0 0 0 0,1793092753
297,2,23177551,0xdb67846763415453a214ab8a9f7c14a0c8c99bed,17:1,2000,0x3f8000000000000000000000000000000000000033,7,4,4 0 0 0 0 0 0 0,1793106522
326,1,23177649,0xdb67846763415453a214ab8a9f7c14a0c8c99bed,1:1,2000,0x3f8020,9,5,5 0 0 0 0 0 0 0,1793091522
52,4,23178229,0x346790c85882719d3806c1a7933dd7455a4f5b09,1:1,2000,0x3f8018,9,5,5 0 0 0 0 0 0 0,1793092630
325,1,23178417,0x346790c85882719d3806c1a7933dd7455a4f5b09,10:1,2000,0x7f00000000000000000000000e,5,4,4 0 0 0 0 0 0 0,1793091437
329,1,23178439,0x346790c85882719d3806c1a7933dd7455a4f5b09,2:1,2000,0x7f000033,8,5,5 0 0 0 0 0 0 0,1793092234
141,8,23178607,0x88c58b42f2783131d51a58af7f1a9b491089afeb,9:1,2000,0x3f800000000000000000002f,5,4,4 0 0 0 0 0 0 0,1793186168
141,9,23178751,0x88c58b42f2783131d51a58af7f1a9b491089afeb,10:0,500,0x1f000000000000000000000000,8,8,8 0 0 0 0 0 0 0,1793207768
141,10,23178787,0x88c58b42f2783131d51a58af7f1a9b491089afeb,11:0,500,0x3e0000000000000000000000000b,6,4,4 0 0 0 0 0 0 0,1793229368
141,11,23178824,0x88c58b42f2783131d51a58af7f1a9b491089afeb,15:1,2000,0xfe0000000000000000000000000000000000c,10,8,8 0 0 0 0 0 0 0,1793250968
57,5,23179118,0xdb67846763415453a214ab8a9f7c14a0c8c99bed,3:2,4000,0x1fe00000022,28,15,15 0 0 0 0 0 0 0,1793114353
322,5,23183620,0x2122e553875fe2d0e24eb0eb220ea7da258ddd5d,14:0,500,0x1f00000000000000000000000000000000d,7,4,4 0 0 0 0 0 0 0,1793175732
322,6,23183782,0x2122e553875fe2d0e24eb0eb220ea7da258ddd5d,8:0,500,0x7c000000000000000003e,8,4,4 0 0 0 0 0 0 0,1793197332
322,7,23183866,0x2122e553875fe2d0e24eb0eb220ea7da258ddd5d,2:0,500,0x1f00001c,18,10,10 0 0 0 0 0 0 0,1793218932
322,8,23183901,0x2122e553875fe2d0e24eb0eb220ea7da258ddd5d,18:0,500,0x1f00000000000000000000000000000000000000000e,7,4,4 0 0 0 0 0 0 0,1793240532
322,9,23183957,0x2122e553875fe2d0e24eb0eb220ea7da258ddd5d,10:0,500,0x1f000000000000000000000000,5,4,4 0 0 0 0 0 0 0,1793262132
322,10,23184002,0x2122e553875fe2d0e24eb0eb220ea7da258ddd5d,15:0,500,0x3e00000000000000000000000000000000001,6,4,4 0 0 0 0 0 0 0,1793283732
322,11,23184150,0x2122e553875fe2d0e24eb0eb220ea7da258ddd5d,12:0,500,0x7c000000000000000000000000001b,5,4,4 0 0 0 0 0 0 0,1793305332
322,12,23184208,0x2122e553875fe2d0e24eb0eb220ea7da258ddd5d,3:0,500,0x3e00000030,10,5,5 0 0 0 0 0 0 0,1793326932
322,13,23184244,0x2122e553875fe2d0e24eb0eb220ea7da258ddd5d,14:0,500,0x1f000000000000000000000000000000006,13,8,8 0 0 0 0 0 0 0,1793348532
55,23,23184277,0xac0e67aaaa15dc791153b64df4a9d121dce797e5,4:0,500,0x7c0000000000,8,5,5 0 0 0 0 0 0 0,1793503120
196,23,23184277,0xac0e67aaaa15dc791153b64df4a9d121dce797e5,6:0,500,0x1f000000000000004,12,8,8 0 0 0 0 0 0 0,1793518518
323,8,23184277,0xac0e67aaaa15dc791153b64df4a9d121dce797e5,2:0,500,0x1f00001e,16,10,10 0 0 0 0 0 0 0,1793240842
322,14,23184280,0x2122e553875fe2d0e24eb0eb220ea7da258ddd5d,9:0,500,0xf800000000000000000000a,5,4,4 0 0 0 0 0 0 0,1793370132
322,15,23184312,0x2122e553875fe2d0e24eb0eb220ea7da258ddd5d,13:0,500,0xf8000000000000000000000000000030,8,4,4 0 0 0 0 0 0 0,1793391732
55,24,23184348,0xac0e67aaaa15dc791153b64df4a9d121dce797e5,4:0,500,0x7c000000000c,17,10,10 0 0 0 0 0 0 0,1793524720
322,16,23184359,0x2122e553875fe2d0e24eb0eb220ea7da258ddd5d,16:0,500,0x7c000000000000000000000000000000000000f,6,4,4 0 0 0 0 0 0 0,1793413332
55,25,23184376,0xac0e67aaaa15dc791153b64df4a9d121dce797e5,6:0,500,0x1f00000000000002c,12,8,8 0 0 0 0 0 0 0,1793546320
322,17,23184409,0x2122e553875fe2d0e24eb0eb220ea7da258ddd5d,7:0,500,0x3e00000000000000004,8,4,4 0 0 0 0 0 0 0,1793434932
55,26,23184416,0xac0e67aaaa15dc791153b64df4a9d121dce797e5,2:0,500,0x1f00001c,18,10,10 0 0 0 0 0 0 0,1793567920
55,27,23184449,0xac0e67aaaa15dc791153b64df4a9d121dce797e5,10:0,500,0x1f00000000000000000000003b,5,4,4 0 0 0 0 0 0 0,1793589520
322,18,23184454,0x2122e553875fe2d0e24eb0eb220ea7da258ddd5d,19:0,500,0x3e00000000000000000000000000000000000000000011,13,8,8 0 0 0 0 0 0 0,1793456532
55,28,23184479,0xac0e67aaaa15dc791153b64df4a9d121dce797e5,13:0,500,0xf800000000000000000000000000001d,8,4,4 0 0 0 0 0 0 0,1793611120
322,19,23184501,0x2122e553875fe2d0e24eb0eb220ea7da258ddd5d,11:0,500,0x3e00000000000000000000000022,6,4,4 0 0 0 0 0 0 0,1793478132
55,29,23184510,0xac0e67aaaa15dc791153b64df4a9d121dce797e5,17:0,500,0xf8000000000000000000000000000000000000002,7,4,4 0 0 0 0 0 0 0,1793632720
55,30,23184542,0xac0e67aaaa15dc791153b64df4a9d121dce797e5,19:0,500,0x3e00000000000000000000000000000000000000000037,13,8,8 0 0 0 0 0 0 0,1793654320
322,20,23184585,0x2122e553875fe2d0e24eb0eb220ea7da258ddd5d,17:0,500,0xf8000000000000000000000000000000000000032,17,9,9 0 0 0 0 0 0 0,1793499732
322,21,23184654,0x2122e553875fe2d0e24eb0eb220ea7da258ddd5d,1:0,500,0xf8009,9,5,5 0 0 0 0 0 0 0,1793521332
7,2,23184663,0xb403f53ee827030a8963ce363477e4ea98b2f679,10:0,500,0x1f00000000000000000000002c,5,4,4 0 0 0 0 0 0 0,1793044236
55,31,23184676,0xac0e67aaaa15dc791153b64df4a9d121dce797e5,1:0,500,0xf800a,19,10,10 0 0 0 0 0 0 0,1793675920
10,2,23184696,0xb403f53ee827030a8963ce363477e4ea98b2f679,4:1,2000,0x1fc0000000024,8,5,5 0 0 0 0 0 0 0,1793044300
55,32,23184709,0xac0e67aaaa15dc791153b64df4a9d121dce797e5,11:0,500,0x3e00000000000000000000000038,14,8,8 0 0 0 0 0 0 0,1793697520
55,33,23184751,0xac0e67aaaa15dc791153b64df4a9d121dce797e5,15:0,500,0x3e0000000000000000000000000000000001b,16,9,9 0 0 0 0 0 0 0,1793719120
44,23,23184977,0xf04ecec3cac1ad5e55e03cb5842b07be2c2249c9,1:0,500,0xf802a,9,5,5 0 0 0 0 0 0 0,1793501988
44,24,23185017,0xf04ecec3cac1ad5e55e03cb5842b07be2c2249c9,2:0,500,0x1f00003c,8,5,5 0 0 0 0 0 0 0,1793523588
44,25,23185052,0xf04ecec3cac1ad5e55e03cb5842b07be2c2249c9,3:0,500,0x3e00000005,10,5,5 0 0 0 0 0 0 0,1793545188
44,26,23185089,0xf04ecec3cac1ad5e55e03cb5842b07be2c2249c9,4:0,500,0x7c0000000002,8,5,5 0 0 0 0 0 0 0,1793566788
44,27,23185130,0xf04ecec3cac1ad5e55e03cb5842b07be2c2249c9,5:0,500,0xf8000000000018,14,9,9 0 0 0 0 0 0 0,1793588388
44,28,23185178,0xf04ecec3cac1ad5e55e03cb5842b07be2c2249c9,6:0,500,0x1f000000000000006,5,4,4 0 0 0 0 0 0 0,1793609988
44,29,23185232,0xf04ecec3cac1ad5e55e03cb5842b07be2c2249c9,7:0,500,0x3e0000000000000002d,8,4,4 0 0 0 0 0 0 0,1793631588
44,30,23185269,0xf04ecec3cac1ad5e55e03cb5842b07be2c2249c9,8:0,500,0x7c0000000000000000038,18,9,9 0 0 0 0 0 0 0,1793653188
44,31,23185428,0xf04ecec3cac1ad5e55e03cb5842b07be2c2249c9,19:0,500,0x3e00000000000000000000000000000000000000000034,13,8,8 0 0 0 0 0 0 0,1793674788
44,32,23185463,0xf04ecec3cac1ad5e55e03cb5842b07be2c2249c9,16:0,500,0x7c0000000000000000000000000000000000009,6,4,4 0 0 0 0 0 0 0,1793696388
44,33,23185518,0xf04ecec3cac1ad5e55e03cb5842b07be2c2249c9,17:0,500,0xf800000000000000000000000000000000000002d,7,4,4 0 0 0 0 0 0 0,1793717988
44,34,23185555,0xf04ecec3cac1ad5e55e03cb5842b07be2c2249c9,18:0,500,0x1f000000000000000000000000000000000000000003,7,4,4 0 0 0 0 0 0 0,1793739588
44,35,23185609,0xf04ecec3cac1ad5e55e03cb5842b07be2c2249c9,15:0,500,0x3e00000000000000000000000000000000023,6,4,4 0 0 0 0 0 0 0,1793761188
44,36,23185643,0xf04ecec3cac1ad5e55e03cb5842b07be2c2249c9,14:0,500,0x1f000000000000000000000000000000020,13,8,8 0 0 0 0 0 0 0,1793782788
44,37,23185700,0xf04ecec3cac1ad5e55e03cb5842b07be2c2249c9,13:0,500,0xf8000000000000000000000000000032,18,9,9 0 0 0 0 0 0 0,1793804388
44,38,23185750,0xf04ecec3cac1ad5e55e03cb5842b07be2c2249c9,12:0,500,0x7c000000000000000000000000002d,5,4,4 0 0 0 0 0 0 0,1793825988
55,34,23185770,0xac0e67aaaa15dc791153b64df4a9d121dce797e5,19:0,500,0x3e00000000000000000000000000000000000000000012,8,4,4 0 0 0 0 0 0 0,1793740720
55,35,23185804,0xac0e67aaaa15dc791153b64df4a9d121dce797e5,16:0,500,0x7c0000000000000000000000000000000000009,6,4,4 0 0 0 0 0 0 0,1793762320
55,36,23185827,0xac0e67aaaa15dc791153b64df4a9d121dce797e5,12:0,500,0x7c000000000000000000000000003f,5,4,4 0 0 0 0 0 0 0,1793783920
55,37,23185855,0xac0e67aaaa15dc791153b64df4a9d121dce797e5,9:0,500,0xf8000000000000000000036,12,8,8 0 0 0 0 0 0 0,1793805520
55,38,23185882,0xac0e67aaaa15dc791153b64df4a9d121dce797e5,5:0,500,0xf800000000002d,6,4,4 0 0 0 0 0 0 0,1793827120
44,39,23185888,0xf04ecec3cac1ad5e55e03cb5842b07be2c2249c9,10:0,500,0x1f000000000000000000000034,8,8,8 0 0 0 0 0 0 0,1793847588
55,39,23186010,0xac0e67aaaa15dc791153b64df4a9d121dce797e5,2:0,500,0x1f000028,26,15,15 0 0 0 0 0 0 0,1793848720
44,40,23186017,0xf04ecec3cac1ad5e55e03cb5842b07be2c2249c9,11:0,500,0x3e00000000000000000000000028,14,8,8 0 0 0 0 0 0 0,1793869188
55,40,23186049,0xac0e67aaaa15dc791153b64df4a9d121dce797e5,4:0,500,0x7c0000000017,8,5,5 0 0 0 0 0 0 0,1793870320
44,41,23186064,0xf04ecec3cac1ad5e55e03cb5842b07be2c2249c9,11:0,500,0x3e00000000000000000000000011,6,4,4 0 0 0 0 0 0 0,1793890788
44,42,23186171,0xf04ecec3cac1ad5e55e03cb5842b07be2c2249c9,9:0,500,0xf8000000000000000000007,12,8,8 0 0 0 0 0 0 0,1793912388
44,43,23186224,0xf04ecec3cac1ad5e55e03cb5842b07be2c2249c9,10:0,500,0x1f000000000000000000000036,5,4,4 0 0 0 0 0 0 0,1793933988
44,44,23186285,0xf04ecec3cac1ad5e55e03cb5842b07be2c2249c9,9:0,500,0xf8000000000000000000030,15,9,9 0 0 0 0 0 0 0,1793955588
44,45,23186353,0xf04ecec3cac1ad5e55e03cb5842b07be2c2249c9,11:0,500,0x3e00000000000000000000000030,14,8,8 0 0 0 0 0 0 0,1793977188
4,61,23186758,0x1a3a0e6f222e823cc8d0f39d87042f88ab763872,14:0,500,0x1f000000000000000000000000000000010,23,13,13 0 0 0 0 0 0 0,1794318546
6,13,23186767,0x1a3a0e6f222e823cc8d0f39d87042f88ab763872,14:0,500,0x1f000000000000000000000000000000006,7,4,4 0 0 0 0 0 0 0,1793281797
4,62,23186849,0x1a3a0e6f222e823cc8d0f39d87042f88ab763872,14:0,500,0x1f000000000000000000000000000000027,7,4,4 0 0 0 0 0 0 0,1794340146
4,63,23186906,0x1a3a0e6f222e823cc8d0f39d87042f88ab763872,15:0,500,0x3e0000000000000000000000000000000000f,6,4,4 0 0 0 0 0 0 0,1794361746
4,64,23186947,0x1a3a0e6f222e823cc8d0f39d87042f88ab763872,15:0,500,0x3e0000000000000000000000000000000003a,10,8,8 0 0 0 0 0 0 0,1794383346
6,14,23186988,0x1a3a0e6f222e823cc8d0f39d87042f88ab763872,15:0,500,0x3e0000000000000000000000000000000003f,10,8,8 0 0 0 0 0 0 0,1793303397
6,15,23187008,0x1a3a0e6f222e823cc8d0f39d87042f88ab763872,15:0,500,0x3e0000000000000000000000000000000000d,6,4,4 0 0 0 0 0 0 0,1793324997
6,16,23187028,0x1a3a0e6f222e823cc8d0f39d87042f88ab763872,15:0,500,0x3e0000000000000000000000000000000000c,10,8,8 0 0 0 0 0 0 0,1793346597
4,65,23187135,0x1a3a0e6f222e823cc8d0f39d87042f88ab763872,15:0,500,0x3e00000000000000000000000000000000035,6,4,4 0 0 0 0 0 0 0,1794404946
4,66,23187149,0x1a3a0e6f222e823cc8d0f39d87042f88ab763872,15:0,500,0x3e00000000000000000000000000000000023,10,8,8 0 0 0 0 0 0 0,1794426546
4,67,23187169,0x1a3a0e6f222e823cc8d0f39d87042f88ab763872,15:0,500,0x3e00000000000000000000000000000000033,16,9,9 0 0 0 0 0 0 0,1794448146
4,68,23187209,0x1a3a0e6f222e823cc8d0f39d87042f88ab763872,15:0,500,0x3e00000000000000000000000000000000002,10,8,8 0 0 0 0 0 0 0,1794469746
4,69,23187311,0x1a3a0e6f222e823cc8d0f39d87042f88ab763872,15:0,500,0x3e0000000000000000000000000000000001a,11,8,8 0 0 0 0 0 0 0,1794491346
4,70,23187325,0x1a3a0e6f222e823cc8d0f39d87042f88ab763872,14:0,500,0x1f00000000000000000000000000000002d,13,8,8 0 0 0 0 0 0 0,1794512946
4,71,23187372,0x1a3a0e6f222e823cc8d0f39d87042f88ab763872,12:0,500,0x7c0000000000000000000000000018,5,4,4 0 0 0 0 0 0 0,1794534546
294,5,23187662,0xcd5504897ee44f57fc5d9f06a9cf1ca1d1eac578,1:1,2000,0x3f802d,29,15,15 0 0 0 0 0 0 0,1793165566
20,10,23191929,0xb528bf440e6c9dad0c15f7e5f4dc75655f7ae27b,2:1,2000,0x7f00001b,18,10,10 0 0 0 0 0 0 0,1793217481
20,11,23191973,0xb528bf440e6c9dad0c15f7e5f4dc75655f7ae27b,6:1,2000,0x7f000000000000030,5,4,4 0 0 0 0 0 0 0,1793239081
322,22,23191978,0x2122e553875fe2d0e24eb0eb220ea7da258ddd5d,1:0,500,0xf8025,19,10,10 0 0 0 0 0 0 0,1793542932
20,12,23192015,0xb528bf440e6c9dad0c15f7e5f4dc75655f7ae27b,10:1,2000,0x7f000000000000000000000032,5,4,4 0 0 0 0 0 0 0,1793260681
322,23,23192030,0x2122e553875fe2d0e24eb0eb220ea7da258ddd5d,16:0,500,0x7c000000000000000000000000000000000003d,14,8,8 0 0 0 0 0 0 0,1793564532
20,13,23192057,0xb528bf440e6c9dad0c15f7e5f4dc75655f7ae27b,13:1,2000,0x3f8000000000000000000000000000019,8,4,4 0 0 0 0 0 0 0,1793282281
322,24,23192061,0x2122e553875fe2d0e24eb0eb220ea7da258ddd5d,9:0,500,0xf800000000000000000000e,12,8,8 0 0 0 0 0 0 0,1793586132
20,14,23192115,0xb528bf440e6c9dad0c15f7e5f4dc75655f7ae27b,17:1,2000,0x3f8000000000000000000000000000000000000013,7,4,4 0 0 0 0 0 0 0,1793303881
322,25,23192120,0x2122e553875fe2d0e24eb0eb220ea7da258ddd5d,1:0,500,0xf8032,9,5,5 0 0 0 0 0 0 0,1793607732
20,15,23192160,0xb528bf440e6c9dad0c15f7e5f4dc75655f7ae27b,19:1,2000,0xfe0000000000000000000000000000000000000000000b,13,8,8 0 0 0 0 0 0 0,1793325481
12,5,23192467,0xc0e1ff5b6ec47f15aebfe859b8ab4a566fe61752,3:0,500,0x3e00000000,10,5,5 0 0 0 0 0 0 0,1793109158
12,6,23192498,0xc0e1ff5b6ec47f15aebfe859b8ab4a566fe61752,4:0,500,0x7c0000000030,8,5,5 0 0 0 0 0 0 0,1793130758
27,25,23199557,0x81b4bf458a73ea46fadd46ee8236e5f94c4eb8e0,7:2,4000,0x1fe00000000000000015,24,12,12 0 0 0 0 0 0 0,1793543550
27,26,23199589,0x81b4bf458a73ea46fadd46ee8236e5f94c4eb8e0,1:0,500,0xf803f,29,15,15 0 0 0 0 0 0 0,1793565150
27,27,23199650,0x81b4bf458a73ea46fadd46ee8236e5f94c4eb8e0,18:0,500,0x1f000000000000000000000000000000000000000007,12,8,8 0 0 0 0 0 0 0,1793586750
27,28,23199685,0x81b4bf458a73ea46fadd46ee8236e5f94c4eb8e0,12:1,2000,0x1fc000000000000000000000000001b,5,4,4 0 0 0 0 0 0 0,1793608350
27,29,23199845,0x81b4bf458a73ea46fadd46ee8236e5f94c4eb8e0,4:1,2000,0x1fc000000002b,8,5,5 0 0 0 0 0 0 0,1793629950
27,30,23199919,0x81b4bf458a73ea46fadd46ee8236e5f94c4eb8e0,3:1,2000,0xfe0000001d,19,10,10 0 0 0 0 0 0 0,1793651550
217,4,23202673,0xd14049678140b62b8d5ea1766357b0f3646eb936,9:0,500,0xf8000000000000000000021,12,8,8 0 0 0 0 0 0 0,1793116882
217,5,23202701,0xd14049678140b62b8d5ea1766357b0f3646eb936,12:0,500,0x7c0000000000000000000000000016,5,4,4 0 0 0 0 0 0 0,1793138482
217,6,23202736,0xd14049678140b62b8d5ea1766357b0f3646eb936,16:0,500,0x7c0000000000000000000000000000000000031,6,4,4 0 0 0 0 0 0 0,1793160082
9,5,23202738,0x9e366c1405f7951431dbdeb53dcd57db342f55c4,12:1,2000,0x1fc000000000000000000000000003b,5,4,4 0 0 0 0 0 0 0,1793109074
293,4,23202866,0x9e366c1405f7951431dbdeb53dcd57db342f55c4,13:1,2000,0x3f8000000000000000000000000000034,8,4,4 0 0 0 0 0 0 0,1793143206
27,31,23204489,0x81b4bf458a73ea46fadd46ee8236e5f94c4eb8e0,5:1,2000,0x3f800000000001f,14,9,9 0 0 0 0 0 0 0,1793673150
76,43,23205237,0x3f62ae0c7ed24dcd2b52c1c224296519b02df00d,8:0,500,0x7c0000000000000000020,8,4,4 0 0 0 0 0 0 0,1793936355
43,8,23205239,0x2f694c711225e97dc71e2a98c0a186ae3e1ad167,5:0,500,0xf8000000000023,16,9,9 0 0 0 0 0 0 0,1793177950
77,43,23205247,0x3f62ae0c7ed24dcd2b52c1c224296519b02df00d,13:0,500,0xf800000000000000000000000000003d,8,4,4 0 0 0 0 0 0 0,1793936445
79,43,23205259,0x3f62ae0c7ed24dcd2b52c1c224296519b02df00d,15:0,500,0x3e00000000000000000000000000000000035,10,8,8 0 0 0 0 0 0 0,1793936618
164,4,23205265,0x2f694c711225e97dc71e2a98c0a186ae3e1ad167,12:0,500,0x7c000000000000000000000000001e,5,4,4 0 0 0 0 0 0 0,1793104849
76,44,23205350,0x3f62ae0c7ed24dcd2b52c1c224296519b02df00d,1:0,500,0xf8010,19,10,10 0 0 0 0 0 0 0,1793957955
76,45,23205670,0x3f62ae0c7ed24dcd2b52c1c224296519b02df00d,2:0,500,0x1f000008,8,5,5 0 0 0 0 0 0 0,1793979555
76,46,23205695,0x3f62ae0c7ed24dcd2b52c1c224296519b02df00d,3:0,500,0x3e0000003f,29,15,15 0 0 0 0 0 0 0,1794001155
76,47,23205716,0x3f62ae0c7ed24dcd2b52c1c224296519b02df00d,4:0,500,0x7c0000000017,8,5,5 0 0 0 0 0 0 0,1794022755
76,48,23205737,0x3f62ae0c7ed24dcd2b52c1c224296519b02df00d,5:0,500,0xf8000000000027,6,4,4 0 0 0 0 0 0 0,1794044355
76,49,23205772,0x3f62ae0c7ed24dcd2b52c1c224296519b02df00d,6:0,500,0x1f00000000000000a,5,4,4 0 0 0 0 0 0 0,1794065955
76,50,23205796,0x3f62ae0c7ed24dcd2b52c1c224296519b02df00d,7:0,500,0x3e0000000000000002b,8,4,4 0 0 0 0 0 0 0,1794087555
76,51,23205819,0x3f62ae0c7ed24dcd2b52c1c224296519b02df00d,8:0,500,0x7c0000000000000000029,16,8,8 0 0 0 0 0 0 0,1794109155
76,52,23205841,0x3f62ae0c7ed24dcd2b52c1c224296519b02df00d,9:0,500,0xf8000000000000000000012,5,4,4 0 0 0 0 0 0 0,1794130755
76,53,23205940,0x3f62ae0c7ed24dcd2b52c1c224296519b02df00d,11:0,500,0x3e00000000000000000000000034,16,9,9 0 0 0 0 0 0 0,1794152355
76,54,23206007,0x3f62ae0c7ed24dcd2b52c1c224296519b02df00d,12:0,500,0x7c0000000000000000000000000023,5,4,4 0 0 0 0 0 0 0,1794173955
76,55,23206028,0x3f62ae0c7ed24dcd2b52c1c224296519b02df00d,13:0,500,0xf800000000000000000000000000002d,8,4,4 0 0 0 0 0 0 0,1794195555
76,56,23206055,0x3f62ae0c7ed24dcd2b52c1c224296519b02df00d,14:0,500,0x1f000000000000000000000000000000006,7,4,4 0 0 0 0 0 0 0,1794217155
76,57,23206125,0x3f62ae0c7ed24dcd2b52c1c224296519b02df00d,15:0,500,0x3e0000000000000000000000000000000000a,10,8,8 0 0 0 0 0 0 0,1794238755
76,58,23206153,0x3f62ae0c7ed24dcd2b52c1c224296519b02df00d,16:0,500,0x7c000000000000000000000000000000000003f,6,4,4 0 0 0 0 0 0 0,1794260355
76,59,23206175,0x3f62ae0c7ed24dcd2b52c1c224296519b02df00d,17:0,500,0xf8000000000000000000000000000000000000004,10,8,8 0 0 0 0 0 0 0,1794281955
76,60,23206197,0x3f62ae0c7ed24dcd2b52c1c224296519b02df00d,18:0,500,0x1f00000000000000000000000000000000000000001c,12,8,8 0 0 0 0 0 0 0,1794303555
76,61,23206218,0x3f62ae0c7ed24dcd2b52c1c224296519b02df00d,19:0,500,0x3e0000000000000000000000000000000000000000002f,18,9,9 0 0 0 0 0 0 0,1794325155
76,62,23206266,0x3f62ae0c7ed24dcd2b52c1c224296519b02df00d,1:0,500,0xf801a,9,5,5 0 0 0 0 0 0 0,1794346755
76,63,23206440,0x3f62ae0c7ed24dcd2b52c1c224296519b02df00d,4:0,500,0x7c000000003a,17,10,10 0 0 0 0 0 0 0,1794368355
76,64,23206461,0x3f62ae0c7ed24dcd2b52c1c224296519b02df00d,10:0,500,0x1f000000000000000000000004,5,4,4 0 0 0 0 0 0 0,1794389955
76,65,23206487,0x3f62ae0c7ed24dcd2b52c1c224296519b02df00d,2:0,500,0x1f000032,16,10,10 0 0 0 0 0 0 0,1794411555
76,66,23206570,0x3f62ae0c7ed24dcd2b52c1c224296519b02df00d,4:0,500,0x7c000000000b,8,5,5 0 0 0 0 0 0 0,1794433155
76,67,23206588,0x3f62ae0c7ed24dcd2b52c1c224296519b02df00d,10:0,500,0x1f000000000000000000000025,8,8,8 0 0 0 0 0 0 0,1794454755
76,68,23206607,0x3f62ae0c7ed24dcd2b52c1c224296519b02df00d,2:0,500,0x1f00000f,8,5,5 0 0 0 0 0 0 0,1794476355
76,69,23206672,0x3f62ae0c7ed24dcd2b52c1c224296519b02df00d,4:0,500,0x7c000000001d,27,15,15 0 0 0 0 0 0 0,1794497955
76,70,23206696,0x3f62ae0c7ed24dcd2b52c1c224296519b02df00d,10:0,500,0x1f00000000000000000000001c,5,4,4 0 0 0 0 0 0 0,1794519555
76,71,23206716,0x3f62ae0c7ed24dcd2b52c1c224296519b02df00d,2:0,500,0x1f000001,16,10,10 0 0 0 0 0 0 0,1794541155
76,72,23206761,0x3f62ae0c7ed24dcd2b52c1c224296519b02df00d,4:0,500,0x7c0000000028,8,5,5 0 0 0 0 0 0 0,1794562755
76,73,23206781,0x3f62ae0c7ed24dcd2b52c1c224296519b02df00d,10:0,500,0x1f000000000000000000000008,8,8,8 0 0 0 0 0 0 0,1794584355
76,74,23206805,0x3f62ae0c7ed24dcd2b52c1c224296519b02df00d,2:0,500,0x1f000012,8,5,5 0 0 0 0 0 0 0,1794605955
76,75,23206836,0x3f62ae0c7ed24dcd2b52c1c224296519b02df00d,4:0,500,0x7c0000000028,17,10,10 0 0 0 0 0 0 0,1794627555
76,76,23206881,0x3f62ae0c7ed24dcd2b52c1c224296519b02df00d,10:0,500,0x1f000000000000000000000021,5,4,4 0 0 0 0 0 0 0,1794649155
76,77,23206905,0x3f62ae0c7ed24dcd2b52c1c224296519b02df00d,2:0,500,0x1f00003c,26,15,15 0 0 0 0 0 0 0,1794670755
76,78,23206967,0x3f62ae0c7ed24dcd2b52c1c224296519b02df00d,1:0,500,0xf8000,19,10,10 0 0 0 0 0 0 0,1794692355
77,44,23207101,0x3f62ae0c7ed24dcd2b52c1c224296519b02df00d,4:0,500,0x7c000000001e,18,10,10 0 0 0 0 0 0 0,1793958045
77,45,23207176,0x3f62ae0c7ed24dcd2b52c1c224296519b02df00d,10:0,500,0x1f00000000000000000000001e,8,8,8 0 0 0 0 0 0 0,1793979645
77,46,23207203,0x3f62ae0c7ed24dcd2b52c1c224296519b02df00d,2:0,500,0x1f00001f,8,5,5 0 0 0 0 0 0 0,1794001245
77,47,23207555,0x3f62ae0c7ed24dcd2b52c1c224296519b02df00d,19:0,500,0x3e00000000000000000000000000000000000000000002,8,4,4 0 0 0 0 0 0 0,1794022845
77,48,23207573,0x3f62ae0c7ed24dcd2b52c1c224296519b02df00d,18:0,500,0x1f000000000000000000000000000000000000000036,12,8,8 0 0 0 0 0 0 0,1794044445
77,49,23207595,0x3f62ae0c7ed24dcd2b52c1c224296519b02df00d,14:0,500,0x1f00000000000000000000000000000002d,7,4,4 0 0 0 0 0 0 0,1794066045
77,50,23207615,0x3f62ae0c7ed24dcd2b52c1c224296519b02df00d,15:0,500,0x3e00000000000000000000000000000000018,6,4,4 0 0 0 0 0 0 0,1794087645
213,5,23207621,0xccde496b83c644f779e5b6fcc0cc4a5c276fa5d4,1:0,500,0xf8007,19,10,10 0 0 0 0 0 0 0,1793137370
77,51,23207638,0x3f62ae0c7ed24dcd2b52c1c224296519b02df00d,3:0,500,0x3e0000002b,20,10,10 0 0 0 0 0 0 0,1794109245
299,3,23207645,0xccde496b83c644f779e5b6fcc0cc4a5c276fa5d4,1:0,500,0xf801c,9,5,5 0 0 0 0 0 0 0,1793128672
77,52,23207658,0x3f62ae0c7ed24dcd2b52c1c224296519b02df00d,3:0,500,0x3e00000015,19,10,10 0 0 0 0 0 0 0,1794130845
77,53,23207685,0x3f62ae0c7ed24dcd2b52c1c224296519b02df00d,4:0,500,0x7c000000000a,17,10,10 0 0 0 0 0 0 0,1794152445
77,54,23207716,0x3f62ae0c7ed24dcd2b52c1c224296519b02df00d,5:0,500,0xf8000000000038,6,4,4 0 0 0 0 0 0 0,1794174045
77,55,23207736,0x3f62ae0c7ed24dcd2b52c1c224296519b02df00d,6:0,500,0x1f000000000000009,5,4,4 0 0 0 0 0 0 0,1794195645
77,56,23207755,0x3f62ae0c7ed24dcd2b52c1c224296519b02df00d,7:0,500,0x3e00000000000000029,8,4,4 0 0 0 0 0 0 0,1794217245
77,57,23207776,0x3f62ae0c7ed24dcd2b52c1c224296519b02df00d,8:0,500,0x7c0000000000000000022,8,4,4 0 0 0 0 0 0 0,1794238845
77,58,23207796,0x3f62ae0c7ed24dcd2b52c1c224296519b02df00d,1:0,500,0xf8004,19,10,10 0 0 0 0 0 0 0,1794260445
77,59,23207820,0x3f62ae0c7ed24dcd2b52c1c224296519b02df00d,9:0,500,0xf8000000000000000000012,12,8,8 0 0 0 0 0 0 0,1794282045
77,60,23207840,0x3f62ae0c7ed24dcd2b52c1c224296519b02df00d,10:0,500,0x1f00000000000000000000001f,15,9,9 0 0 0 0 0 0 0,1794303645
77,61,23207865,0x3f62ae0c7ed24dcd2b52c1c224296519b02df00d,11:0,500,0x3e0000000000000000000000001b,6,4,4 0 0 0 0 0 0 0,1794325245
77,62,23207887,0x3f62ae0c7ed24dcd2b52c1c224296519b02df00d,12:0,500,0x7c000000000000000000000000003e,5,4,4 0 0 0 0 0 0 0,1794346845
77,63,23207908,0x3f62ae0c7ed24dcd2b52c1c224296519b02df00d,13:0,500,0xf800000000000000000000000000001f,13,8,8 0 0 0 0 0 0 0,1794368445
77,64,23207927,0x3f62ae0c7ed24dcd2b52c1c224296519b02df00d,16:0,500,0x7c000000000000000000000000000000000001d,6,4,4 0 0 0 0 0 0 0,1794390045
77,65,23207953,0x3f62ae0c7ed24dcd2b52c1c224296519b02df00d,2:0,500,0x1f000032,16,10,10 0 0 0 0 0 0 0,1794411645
77,66,23207975,0x3f62ae0c7ed24dcd2b52c1c224296519b02df00d,4:0,500,0x7c000000000b,8,5,5 0 0 0 0 0 0 0,1794433245
77,67,23207997,0x3f62ae0c7ed24dcd2b52c1c224296519b02df00d,1:0,500,0xf802e,19,10,10 0 0 0 0 0 0 0,1794454845
77,68,23208015,0x3f62ae0c7ed24dcd2b52c1c224296519b02df00d,1:0,500,0xf8038,19,10,10 0 0 0 0 0 0 0,1794476445
27,32,23208029,0x81b4bf458a73ea46fadd46ee8236e5f94c4eb8e0,13:2,4000,0x7f8000000000000000000000000000009,19,12,12 0 0 0 0 0 0 0,1793694750
77,69,23208042,0x3f62ae0c7ed24dcd2b52c1c224296519b02df00d,1:0,500,0xf8021,9,5,5 0 0 0 0 0 0 0,1794498045
27,33,23208047,0x81b4bf458a73ea46fadd46ee8236e5f94c4eb8e0,4:1,2000,0x1fc0000000003,25,15,15 0 0 0 0 0 0 0,1793716350
77,70,23208066,0x3f62ae0c7ed24dcd2b52c1c224296519b02df00d,3:0,500,0x3e0000001f,10,5,5 0 0 0 0 0 0 0,1794519645
27,34,23208076,0x81b4bf458a73ea46fadd46ee8236e5f94c4eb8e0,5:1,2000,0x3f8000000000034,19,13,13 0 0 0 0 0 0 0,1793737950
77,71,23208086,0x3f62ae0c7ed24dcd2b52c1c224296519b02df00d,4:0,500,0x7c0000000039,17,10,10 0 0 0 0 0 0 0,1794541245
27,35,23208095,0x81b4bf458a73ea46fadd46ee8236e5f94c4eb8e0,5:1,2000,0x3f800000000002e,16,9,9 0 0 0 0 0 0 0,1793759550
27,36,23208112,0x81b4bf458a73ea46fadd46ee8236e5f94c4eb8e0,6:1,2000,0x7f000000000000008,12,8,8 0 0 0 0 0 0 0,1793781150
223,1,23208165,0x55371363937406861291a914a07e7e39f315812b,1:0,500,0xf8000,9,5,5 0 0 0 0 0 0 0,1793053456
238,1,23208165,0xc048ef2d7fdd45522093c78b81f86e9cbb2d07a3,1:0,500,0xf8000,9,5,5 0 0 0 0 0 0 0,1793055755
248,1,23208166,0x98397be2ed4d62c264135c6ed34d5104e7435cf3,1:0,500,0xf8000,9,5,5 0 0 0 0 0 0 0,1793057417
240,1,23208166,0x3aeb28b5341aabf1a52ec92e47afef89040c172a,1:0,500,0xf8000,9,5,5 0 0 0 0 0 0 0,1793055908
239,1,23208166,0xa31dad50a74d45ef2bd052adba3d3ee326683b06,1:0,500,0xf8000,9,5,5 0 0 0 0 0 0 0,1793055830
234,1,23208167,0xd6ccc5beaf637fe868e7534240689c660e15f3f4,1:0,500,0xf8000,9,5,5 0 0 0 0 0 0 0,1793055454
236,1,23208167,0xcf44c3a44b9c291a10fe416124f7077627dfe2c0,1:0,500,0xf8000,9,5,5 0 0 0 0 0 0 0,1793055580
251,1,23208167,0x18c50ec4262ec6c35912501330c7d349c7ad3f3a,1:0,500,0xf8000,9,5,5 0 0 0 0 0 0 0,1793057587
77,72,23208205,0x3f62ae0c7ed24dcd2b52c1c224296519b02df00d,7:0,500,0x3e00000000000000013,16,8,8 0 0 0 0 0 0 0,1794562845
27,37,23208218,0x81b4bf458a73ea46fadd46ee8236e5f94c4eb8e0,19:1,2000,0xfe0000000000000000000000000000000000000000002f,8,4,4 0 0 0 0 0 0 0,1793802750
77,73,23208226,0x3f62ae0c7ed24dcd2b52c1c224296519b02df00d,14:0,500,0x1f00000000000000000000000000000001c,23,13,13 0 0 0 0 0 0 0,1794584445
254,1,23208260,0x816d5d6ff78a59839fbf0105a5e7f9c01fbf4dd5,1:0,500,0xf8000,9,5,5 0 0 0 0 0 0 0,1793057871
253,1,23208260,0x155bae146eab03a495360e6a0da991be5e834c70,1:0,500,0xf8000,9,5,5 0 0 0 0 0 0 0,1793057699
259,1,23208260,0xbd1d06f6d75ed10fd4850e5776bea7e39d5da849,1:0,500,0xf8000,9,5,5 0 0 0 0 0 0 0,1793058280
256,1,23208261,0x6c06284916fb43b4371591ff27e6d38f6b1ea1d5,1:0,500,0xf8000,9,5,5 0 0 0 0 0 0 0,1793057986
258,1,23208261,0x2bb3da4f8b5377bd915c637c3eeeeffcd20fd7d0,1:0,500,0xf8000,9,5,5 0 0 0 0 0 0 0,1793058235
257,1,23208261,0xb6e28a7dc63dd496b1591079505dd548de49bbab,1:0,500,0xf8000,9,5,5 0 0 0 0 0 0 0,1793058096
255,1,23208261,0x47f1c3ad5f959aaead731be40c7b6c801b91a557,1:0,500,0xf8000,9,5,5 0 0 0 0 0 0 0,1793057977
260,1,23208262,0x92bcd910d5bf7b403fb33192a943a854da4ad2ac,1:0,500,0xf8000,9,5,5 0 0 0 0 0 0 0,1793058392
77,74,23208301,0x3f62ae0c7ed24dcd2b52c1c224296519b02df00d,11:0,500,0x3e00000000000000000000000019,14,8,8 0 0 0 0 0 0 0,1794606045
77,75,23208321,0x3f62ae0c7ed24dcd2b52c1c224296519b02df00d,11:0,500,0x3e0000000000000000000000001d,6,4,4 0 0 0 0 0 0 0,1794627645
77,76,23208348,0x3f62ae0c7ed24dcd2b52c1c224296519b02df00d,7:0,500,0x3e00000000000000033,8,4,4 0 0 0 0 0 0 0,1794649245
77,77,23208405,0x3f62ae0c7ed24dcd2b52c1c224296519b02df00d,5:0,500,0xf8000000000027,14,9,9 0 0 0 0 0 0 0,1794670845
77,78,23208427,0x3f62ae0c7ed24dcd2b52c1c224296519b02df00d,12:0,500,0x7c000000000000000000000000001d,13,8,8 0 0 0 0 0 0 0,1794692445
77,79,23208450,0x3f62ae0c7ed24dcd2b52c1c224296519b02df00d,9:0,500,0xf8000000000000000000023,5,4,4 0 0 0 0 0 0 0,1794714045
237,1,23208450,0xc3a31bd2a7acd8965942fbfde816727e7dd50db1,16:0,500,0x7c0000000000000000000000000000000000024,6,4,4 0 0 0 0 0 0 0,1793055599
77,80,23208480,0x3f62ae0c7ed24dcd2b52c1c224296519b02df00d,9:0,500,0xf8000000000000000000012,22,13,13 0 0 0 0 0 0 0,1794735645
77,81,23208500,0x3f62ae0c7ed24dcd2b52c1c224296519b02df00d,5:0,500,0xf8000000000019,6,4,4 0 0 0 0 0 0 0,1794757245
262,1,23208515,0xc3a31bd2a7acd8965942fbfde816727e7dd50db1,7:0,500,0x3e0000000000000000a,8,4,4 0 0 0 0 0 0 0,1793059005
77,82,23208523,0x3f62ae0c7ed24dcd2b52c1c224296519b02df00d,2:0,500,0x1f00000b,8,5,5 0 0 0 0 0 0 0,1794778845
77,83,23208546,0x3f62ae0c7ed24dcd2b52c1c224296519b02df00d,9:0,500,0xf800000000000000000002a,5,4,4 0 0 0 0 0 0 0,1794800445
77,84,23208572,0x3f62ae0c7ed24dcd2b52c1c224296519b02df00d,19:0,500,0x3e00000000000000000000000000000000000000000027,13,8,8 0 0 0 0 0 0 0,1794822045
77,85,23208597,0x3f62ae0c7ed24dcd2b52c1c224296519b02df00d,1:0,500,0xf8017,19,10,10 0 0 0 0 0 0 0,1794843645
209,2,23208607,0x9194331dc33cde506a635cb2bde30a88246cb9cf,17:0,500,0xf800000000000000000000000000000000000002c,7,4,4 0 0 0 0 0 0 0,1793071908
77,86,23208620,0x3f62ae0c7ed24dcd2b52c1c224296519b02df00d,12:0,500,0x7c0000000000000000000000000019,5,4,4 0 0 0 0 0 0 0,1794865245
77,87,23208653,0x3f62ae0c7ed24dcd2b52c1c224296519b02df00d,3:0,500,0x3e00000035,29,15,15 0 0 0 0 0 0 0,1794886845
77,88,23208688,0x3f62ae0c7ed24dcd2b52c1c224296519b02df00d,11:0,500,0x3e0000000000000000000000003e,14,8,8 0 0 0 0 0 0 0,1794908445
77,89,23208721,0x3f62ae0c7ed24dcd2b52c1c224296519b02df00d,7:0,500,0x3e0000000000000000f,16,8,8 0 0 0 0 0 0 0,1794930045
26,27,23208814,0x0dd5ff179c68dd64fa712da08b550ec3a7d3bd73,1:0,500,0xf801c,9,5,5 0 0 0 0 0 0 0,1793586503
26,28,23208974,0x0dd5ff179c68dd64fa712da08b550ec3a7d3bd73,2:0,500,0x1f00003f,8,5,5 0 0 0 0 0 0 0,1793608103
62,27,23209056,0xd6ed92a915f940db5d288b1724a4e45b20c4f027,1:0,500,0xf801c,19,10,10 0 0 0 0 0 0 0,1793589929
26,29,23209085,0x0dd5ff179c68dd64fa712da08b550ec3a7d3bd73,3:0,500,0x3e0000000b,19,10,10 0 0 0 0 0 0 0,1793629703
62,28,23209121,0xd6ed92a915f940db5d288b1724a4e45b20c4f027,2:0,500,0x1f00003f,26,15,15 0 0 0 0 0 0 0,1793611529
26,30,23209155,0x0dd5ff179c68dd64fa712da08b550ec3a7d3bd73,3:0,500,0x3e00000001,10,5,5 0 0 0 0 0 0 0,1793651303
62,29,23209196,0xd6ed92a915f940db5d288b1724a4e45b20c4f027,3:0,500,0x3e0000000b,10,5,5 0 0 0 0 0 0 0,1793633129
235,3,23209211,0xaf88695762861f15b620b242c56d919f0d0ce612,10:0,500,0x1f00000000000000000000002d,5,4,4 0 0 0 0 0 0 0,1793098697
26,31,23209222,0x0dd5ff179c68dd64fa712da08b550ec3a7d3bd73,4:0,500,0x7c0000000013,17,10,10 0 0 0 0 0 0 0,1793672903
62,30,23209258,0xd6ed92a915f940db5d288b1724a4e45b20c4f027,4:0,500,0x7c0000000036,17,10,10 0 0 0 0 0 0 0,1793654729
201,4,23209295,0xaf88695762861f15b620b242c56d919f0d0ce612,17:0,500,0xf8000000000000000000000000000000000000001,7,4,4 0 0 0 0 0 0 0,1793111662
26,32,23209478,0x0dd5ff179c68dd64fa712da08b550ec3a7d3bd73,5:0,500,0xf8000000000007,6,4,4 0 0 0 0 0 0 0,1793694503
62,31,23209533,0xd6ed92a915f940db5d288b1724a4e45b20c4f027,5:0,500,0xf8000000000008,6,4,4 0 0 0 0 0 0 0,1793676329
26,33,23209566,0x0dd5ff179c68dd64fa712da08b550ec3a7d3bd73,6:0,500,0x1f000000000000034,12,8,8 0 0 0 0 0 0 0,1793716103
62,32,23209579,0xd6ed92a915f940db5d288b1724a4e45b20c4f027,6:0,500,0x1f00000000000002b,12,8,8 0 0 0 0 0 0 0,1793697929
26,34,23209613,0x0dd5ff179c68dd64fa712da08b550ec3a7d3bd73,7:0,500,0x3e00000000000000002,16,8,8 0 0 0 0 0 0 0,1793737703
4,72,23209620,0x1a3a0e6f222e823cc8d0f39d87042f88ab763872,12:0,500,0x7c0000000000000000000000000011,13,8,8 0 0 0 0 0 0 0,1794556146
62,33,23209637,0xd6ed92a915f940db5d288b1724a4e45b20c4f027,7:0,500,0x3e00000000000000002,16,8,8 0 0 0 0 0 0 0,1793719529
4,73,23209643,0x1a3a0e6f222e823cc8d0f39d87042f88ab763872,12:0,500,0x7c0000000000000000000000000039,5,4,4 0 0 0 0 0 0 0,1794577746
26,35,23209662,0x0dd5ff179c68dd64fa712da08b550ec3a7d3bd73,8:0,500,0x7c0000000000000000032,18,9,9 0 0 0 0 0 0 0,1793759303
4,74,23209672,0x1a3a0e6f222e823cc8d0f39d87042f88ab763872,9:0,500,0xf8000000000000000000028,5,4,4 0 0 0 0 0 0 0,1794599346
62,34,23209688,0xd6ed92a915f940db5d288b1724a4e45b20c4f027,8:0,500,0x7c0000000000000000029,16,8,8 0 0 0 0 0 0 0,1793741129
4,75,23209706,0x1a3a0e6f222e823cc8d0f39d87042f88ab763872,15:0,500,0x3e0000000000000000000000000000000000f,20,13,13 0 0 0 0 0 0 0,1794620946
26,36,23209710,0x0dd5ff179c68dd64fa712da08b550ec3a7d3bd73,9:0,500,0xf800000000000000000000e,5,4,4 0 0 0 0 0 0 0,1793780903
62,35,23209726,0xd6ed92a915f940db5d288b1724a4e45b20c4f027,9:0,500,0xf8000000000000000000013,5,4,4 0 0 0 0 0 0 0,1793762729
269,1,23209750,0x02743dd55d73bbd61a1ffcfa8cf5e41896370c7c,1:0,500,0xf8000,9,5,5 0 0 0 0 0 0 0,1793061351
277,1,23209750,0x23e84ec9d22e84e93534cb9a6030f77deb2a0310,1:0,500,0xf8000,9,5,5 0 0 0 0 0 0 0,1793062604
265,1,23209750,0xd20d985fe8fba1f1e7a08095278e9c9a0565fb90,1:0,500,0xf8000,9,5,5 0 0 0 0 0 0 0,1793060885
279,1,23209750,0xea06384d2fca30fc2090ace269c6578a2f0269fc,1:0,500,0xf8000,9,5,5 0 0 0 0 0 0 0,1793062846
273,1,23209751,0xdf019f6095d7be78358b9f96bd16f19fd1beedf1,1:0,500,0xf8000,9,5,5 0 0 0 0 0 0 0,1793061993
26,37,23209755,0x0dd5ff179c68dd64fa712da08b550ec3a7d3bd73,10:0,500,0x1f000000000000000000000027,8,8,8 0 0 0 0 0 0 0,1793802503
62,36,23209773,0xd6ed92a915f940db5d288b1724a4e45b20c4f027,10:0,500,0x1f000000000000000000000016,5,4,4 0 0 0 0 0 0 0,1793784329
266,1,23209774,0xd20d985fe8fba1f1e7a08095278e9c9a0565fb90,1:0,500,0xf8000,9,5,5 0 0 0 0 0 0 0,1793060902
280,1,23209775,0xea06384d2fca30fc2090ace269c6578a2f0269fc,1:0,500,0xf8000,9,5,5 0 0 0 0 0 0 0,1793062861
270,1,23209775,0x02743dd55d73bbd61a1ffcfa8cf5e41896370c7c,1:0,500,0xf8000,9,5,5 0 0 0 0 0 0 0,1793061388
274,1,23209775,0xdf019f6095d7be78358b9f96bd16f19fd1beedf1,1:0,500,0xf8000,9,5,5 0 0 0 0 0 0 0,1793062067
26,38,23209808,0x0dd5ff179c68dd64fa712da08b550ec3a7d3bd73,11:0,500,0x3e00000000000000000000000038,6,4,4 0 0 0 0 0 0 0,1793824103
62,37,23209824,0xd6ed92a915f940db5d288b1724a4e45b20c4f027,11:0,500,0x3e0000000000000000000000003f,24,13,13 0 0 0 0 0 0 0,1793805929
26,39,23209859,0x0dd5ff179c68dd64fa712da08b550ec3a7d3bd73,12:0,500,0x7c0000000000000000000000000012,5,4,4 0 0 0 0 0 0 0,1793845703
62,38,23209883,0xd6ed92a915f940db5d288b1724a4e45b20c4f027,11:0,500,0x3e00000000000000000000000038,6,4,4 0 0 0 0 0 0 0,1793827529
4,76,23209903,0x1a3a0e6f222e823cc8d0f39d87042f88ab763872,1:0,500,0xf8020,19,10,10 0 0 0 0 0 0 0,1794642546
332,3,23209905,0x7d0aa09db8d2018d8de6def866824d111444bf4b,1:0,500,0xf801c,9,5,5 0 0 0 0 0 0 0,1793136372
4,77,23209918,0x1a3a0e6f222e823cc8d0f39d87042f88ab763872,15:0,500,0x3e00000000000000000000000000000000016,6,4,4 0 0 0 0 0 0 0,1794664146
4,78,23209949,0x1a3a0e6f222e823cc8d0f39d87042f88ab763872,16:0,500,0x7c000000000000000000000000000000000003a,14,8,8 0 0 0 0 0 0 0,1794685746
26,40,23209962,0x0dd5ff179c68dd64fa712da08b550ec3a7d3bd73,12:0,500,0x7c000000000000000000000000003a,13,8,8 0 0 0 0 0 0 0,1793867303
4,79,23209965,0x1a3a0e6f222e823cc8d0f39d87042f88ab763872,4:0,500,0x7c000000002c,17,10,10 0 0 0 0 0 0 0,1794707346
62,39,23209978,0xd6ed92a915f940db5d288b1724a4e45b20c4f027,12:0,500,0x7c0000000000000000000000000012,13,8,8 0 0 0 0 0 0 0,1793849129
4,80,23209980,0x1a3a0e6f222e823cc8d0f39d87042f88ab763872,13:0,500,0xf8000000000000000000000000000000,13,8,8 0 0 0 0 0 0 0,1794728946
4,81,23209999,0x1a3a0e6f222e823cc8d0f39d87042f88ab763872,15:0,500,0x3e00000000000000000000000000000000017,10,8,8 0 0 0 0 0 0 0,1794750546
26,41,23210005,0x0dd5ff179c68dd64fa712da08b550ec3a7d3bd73,13:0,500,0xf8000000000000000000000000000021,23,13,13 0 0 0 0 0 0 0,1793888903
62,40,23210022,0xd6ed92a915f940db5d288b1724a4e45b20c4f027,13:0,500,0xf800000000000000000000000000002c,8,4,4 0 0 0 0 0 0 0,1793870729
26,42,23210048,0x0dd5ff179c68dd64fa712da08b550ec3a7d3bd73,14:0,500,0x1f00000000000000000000000000000000d,13,8,8 0 0 0 0 0 0 0,1793910503
62,41,23210065,0xd6ed92a915f940db5d288b1724a4e45b20c4f027,14:0,500,0x1f000000000000000000000000000000016,13,8,8 0 0 0 0 0 0 0,1793892329
26,43,23210094,0x0dd5ff179c68dd64fa712da08b550ec3a7d3bd73,15:0,500,0x3e00000000000000000000000000000000035,10,8,8 0 0 0 0 0 0 0,1793932103
62,42,23210111,0xd6ed92a915f940db5d288b1724a4e45b20c4f027,15:0,500,0x3e0000000000000000000000000000000000a,6,4,4 0 0 0 0 0 0 0,1793913929
26,44,23210139,0x0dd5ff179c68dd64fa712da08b550ec3a7d3bd73,16:0,500,0x7c0000000000000000000000000000000000035,14,8,8 0 0 0 0 0 0 0,1793953703
62,43,23210156,0xd6ed92a915f940db5d288b1724a4e45b20c4f027,16:0,500,0x7c0000000000000000000000000000000000005,6,4,4 0 0 0 0 0 0 0,1793935529
26,45,23210183,0x0dd5ff179c68dd64fa712da08b550ec3a7d3bd73,17:0,500,0xf800000000000000000000000000000000000003c,10,8,8 0 0 0 0 0 0 0,1793975303
62,44,23210202,0xd6ed92a915f940db5d288b1724a4e45b20c4f027,17:0,500,0xf800000000000000000000000000000000000000e,10,8,8 0 0 0 0 0 0 0,1793957129
26,46,23210231,0x0dd5ff179c68dd64fa712da08b550ec3a7d3bd73,18:0,500,0x1f000000000000000000000000000000000000000038,17,9,9 0 0 0 0 0 0 0,1793996903
62,45,23210248,0xd6ed92a915f940db5d288b1724a4e45b20c4f027,18:0,500,0x1f000000000000000000000000000000000000000019,7,4,4 0 0 0 0 0 0 0,1793978729
26,47,23210271,0x0dd5ff179c68dd64fa712da08b550ec3a7d3bd73,19:0,500,0x3e00000000000000000000000000000000000000000002,8,4,4 0 0 0 0 0 0 0,1794018503
62,46,23210303,0xd6ed92a915f940db5d288b1724a4e45b20c4f027,19:0,500,0x3e0000000000000000000000000000000000000000003d,23,13,13 0 0 0 0 0 0 0,1794000329
78,27,23210382,0xd6ed92a915f940db5d288b1724a4e45b20c4f027,1:0,500,0xf801c,29,15,15 0 0 0 0 0 0 0,1793590868
86,27,23210407,0x0dd5ff179c68dd64fa712da08b550ec3a7d3bd73,1:0,500,0xf801c,19,10,10 0 0 0 0 0 0 0,1793591321
78,28,23210425,0xd6ed92a915f940db5d288b1724a4e45b20c4f027,2:0,500,0x1f00003f,16,10,10 0 0 0 0 0 0 0,1793612468
86,28,23210456,0x0dd5ff179c68dd64fa712da08b550ec3a7d3bd73,2:0,500,0x1f00003f,18,10,10 0 0 0 0 0 0 0,1793612921
78,29,23210476,0xd6ed92a915f940db5d288b1724a4e45b20c4f027,3:0,500,0x3e0000000b,19,10,10 0 0 0 0 0 0 0,1793634068
86,29,23210500,0x0dd5ff179c68dd64fa712da08b550ec3a7d3bd73,3:0,500,0x3e0000000b,10,5,5 0 0 0 0 0 0 0,1793634521
78,30,23210518,0xd6ed92a915f940db5d288b1724a4e45b20c4f027,4:0,500,0x7c0000000036,17,10,10 0 0 0 0 0 0 0,1793655668
86,30,23210545,0x0dd5ff179c68dd64fa712da08b550ec3a7d3bd73,4:0,500,0x7c0000000036,17,10,10 0 0 0 0 0 0 0,1793656121
78,31,23210562,0xd6ed92a915f940db5d288b1724a4e45b20c4f027,5:0,500,0xf8000000000008,14,9,9 0 0 0 0 0 0 0,1793677268
86,31,23210586,0x0dd5ff179c68dd64fa712da08b550ec3a7d3bd73,5:0,500,0xf8000000000008,6,4,4 0 0 0 0 0 0 0,1793677721
78,32,23210601,0xd6ed92a915f940db5d288b1724a4e45b20c4f027,6:0,500,0x1f00000000000002b,12,8,8 0 0 0 0 0 0 0,1793698868
86,32,23210627,0x0dd5ff179c68dd64fa712da08b550ec3a7d3bd73,6:0,500,0x1f00000000000002b,12,8,8 0 0 0 0 0 0 0,1793699321
78,33,23210647,0xd6ed92a915f940db5d288b1724a4e45b20c4f027,7:0,500,0x3e00000000000000002,16,8,8 0 0 0 0 0 0 0,1793720468
278,1,23210654,0x23e84ec9d22e84e93534cb9a6030f77deb2a0310,1:0,500,0xf8000,9,5,5 0 0 0 0 0 0 0,1793062657
86,33,23210674,0x0dd5ff179c68dd64fa712da08b550ec3a7d3bd73,7:0,500,0x3e00000000000000002,16,8,8 0 0 0 0 0 0 0,1793720921
78,34,23210692,0xd6ed92a915f940db5d288b1724a4e45b20c4f027,8:0,500,0x7c0000000000000000029,26,13,13 0 0 0 0 0 0 0,1793742068
86,34,23210714,0x0dd5ff179c68dd64fa712da08b550ec3a7d3bd73,8:0,500,0x7c0000000000000000029,8,4,4 0 0 0 0 0 0 0,1793742521
78,35,23210732,0xd6ed92a915f940db5d288b1724a4e45b20c4f027,9:0,500,0xf8000000000000000000013,12,8,8 0 0 0 0 0 0 0,1793763668
86,35,23210764,0x0dd5ff179c68dd64fa712da08b550ec3a7d3bd73,9:0,500,0xf8000000000000000000013,12,8,8 0 0 0 0 0 0 0,1793764121
78,36,23210783,0xd6ed92a915f940db5d288b1724a4e45b20c4f027,10:0,500,0x1f000000000000000000000016,5,4,4 0 0 0 0 0 0 0,1793785268
86,36,23210810,0x0dd5ff179c68dd64fa712da08b550ec3a7d3bd73,10:0,500,0x1f000000000000000000000016,8,8,8 0 0 0 0 0 0 0,1793785721
78,37,23211069,0xd6ed92a915f940db5d288b1724a4e45b20c4f027,12:0,500,0x7c000000000000000000000000002f,5,4,4 0 0 0 0 0 0 0,1793806868
86,37,23211101,0x0dd5ff179c68dd64fa712da08b550ec3a7d3bd73,12:0,500,0x7c000000000000000000000000002f,23,13,13 0 0 0 0 0 0 0,1793807321
78,38,23211122,0xd6ed92a915f940db5d288b1724a4e45b20c4f027,13:0,500,0xf8000000000000000000000000000003,13,8,8 0 0 0 0 0 0 0,1793828468
86,38,23211146,0x0dd5ff179c68dd64fa712da08b550ec3a7d3bd73,13:0,500,0xf8000000000000000000000000000003,8,4,4 0 0 0 0 0 0 0,1793828921
78,39,23211163,0xd6ed92a915f940db5d288b1724a4e45b20c4f027,14:0,500,0x1f000000000000000000000000000000035,13,8,8 0 0 0 0 0 0 0,1793850068
86,39,23211186,0x0dd5ff179c68dd64fa712da08b550ec3a7d3bd73,14:0,500,0x1f000000000000000000000000000000035,7,4,4 0 0 0 0 0 0 0,1793850521
78,40,23211203,0xd6ed92a915f940db5d288b1724a4e45b20c4f027,15:0,500,0x3e00000000000000000000000000000000005,10,8,8 0 0 0 0 0 0 0,1793871668
86,40,23211228,0x0dd5ff179c68dd64fa712da08b550ec3a7d3bd73,15:0,500,0x3e00000000000000000000000000000000005,10,8,8 0 0 0 0 0 0 0,1793872121
78,41,23211249,0xd6ed92a915f940db5d288b1724a4e45b20c4f027,16:0,500,0x7c0000000000000000000000000000000000027,14,8,8 0 0 0 0 0 0 0,1793893268
86,41,23211269,0x0dd5ff179c68dd64fa712da08b550ec3a7d3bd73,16:0,500,0x7c0000000000000000000000000000000000027,14,8,8 0 0 0 0 0 0 0,1793893721
78,42,23211282,0xd6ed92a915f940db5d288b1724a4e45b20c4f027,17:0,500,0xf800000000000000000000000000000000000001a,7,4,4 0 0 0 0 0 0 0,1793914868
86,42,23211323,0x0dd5ff179c68dd64fa712da08b550ec3a7d3bd73,17:0,500,0xf800000000000000000000000000000000000001a,10,8,8 0 0 0 0 0 0 0,1793915321
78,43,23211343,0xd6ed92a915f940db5d288b1724a4e45b20c4f027,18:0,500,0x1f000000000000000000000000000000000000000013,22,13,13 0 0 0 0 0 0 0,1793936468
86,43,23211365,0x0dd5ff179c68dd64fa712da08b550ec3a7d3bd73,18:0,500,0x1f000000000000000000000000000000000000000013,12,8,8 0 0 0 0 0 0 0,1793936921
78,44,23211397,0xd6ed92a915f940db5d288b1724a4e45b20c4f027,19:0,500,0x3e0000000000000000000000000000000000000000001d,8,4,4 0 0 0 0 0 0 0,1793958068
86,44,23211420,0x0dd5ff179c68dd64fa712da08b550ec3a7d3bd73,19:0,500,0x3e0000000000000000000000000000000000000000001d,8,4,4 0 0 0 0 0 0 0,1793958521
78,45,23211449,0xd6ed92a915f940db5d288b1724a4e45b20c4f027,13:0,500,0xf8000000000000000000000000000021,8,4,4 0 0 0 0 0 0 0,1793979668
86,45,23211485,0x0dd5ff179c68dd64fa712da08b550ec3a7d3bd73,10:0,500,0x1f00000000000000000000001e,5,4,4 0 0 0 0 0 0 0,1793980121
78,46,23211519,0xd6ed92a915f940db5d288b1724a4e45b20c4f027,19:0,500,0x3e0000000000000000000000000000000000000000003d,13,8,8 0 0 0 0 0 0 0,1794001268
86,46,23211542,0x0dd5ff179c68dd64fa712da08b550ec3a7d3bd73,17:0,500,0xf8000000000000000000000000000000000000011,17,9,9 0 0 0 0 0 0 0,1794001721
81,27,23211595,0xd6ed92a915f940db5d288b1724a4e45b20c4f027,1:0,500,0xf801c,19,10,10 0 0 0 0 0 0 0,1793591100
90,27,23211618,0x0dd5ff179c68dd64fa712da08b550ec3a7d3bd73,1:0,500,0xf801c,19,10,10 0 0 0 0 0 0 0,1793591384
81,28,23211636,0xd6ed92a915f940db5d288b1724a4e45b20c4f027,2:0,500,0x1f00003f,16,10,10 0 0 0 0 0 0 0,1793612700
90,28,23211661,0x0dd5ff179c68dd64fa712da08b550ec3a7d3bd73,2:0,500,0x1f00003f,26,15,15 0 0 0 0 0 0 0,1793612984
81,29,23211680,0xd6ed92a915f940db5d288b1724a4e45b20c4f027,3:0,500,0x3e0000000b,19,10,10 0 0 0 0 0 0 0,1793634300
90,29,23211705,0x0dd5ff179c68dd64fa712da08b550ec3a7d3bd73,3:0,500,0x3e0000000b,10,5,5 0 0 0 0 0 0 0,1793634584
81,30,23211721,0xd6ed92a915f940db5d288b1724a4e45b20c4f027,4:0,500,0x7c0000000036,17,10,10 0 0 0 0 0 0 0,1793655900
90,30,23211743,0x0dd5ff179c68dd64fa712da08b550ec3a7d3bd73,4:0,500,0x7c0000000036,17,10,10 0 0 0 0 0 0 0,1793656184
81,31,23211758,0xd6ed92a915f940db5d288b1724a4e45b20c4f027,5:0,500,0xf8000000000008,6,4,4 0 0 0 0 0 0 0,1793677500
90,31,23211783,0x0dd5ff179c68dd64fa712da08b550ec3a7d3bd73,5:0,500,0xf8000000000008,14,9,9 0 0 0 0 0 0 0,1793677784
81,32,23211801,0xd6ed92a915f940db5d288b1724a4e45b20c4f027,6:0,500,0x1f00000000000002b,12,8,8 0 0 0 0 0 0 0,1793699100
90,32,23211824,0x0dd5ff179c68dd64fa712da08b550ec3a7d3bd73,6:0,500,0x1f00000000000002b,5,4,4 0 0 0 0 0 0 0,1793699384
81,33,23211845,0xd6ed92a915f940db5d288b1724a4e45b20c4f027,7:0,500,0x3e00000000000000002,16,8,8 0 0 0 0 0 0 0,1793720700
90,33,23211870,0x0dd5ff179c68dd64fa712da08b550ec3a7d3bd73,7:0,500,0x3e00000000000000002,8,4,4 0 0 0 0 0 0 0,1793720984
81,34,23211890,0xd6ed92a915f940db5d288b1724a4e45b20c4f027,8:0,500,0x7c0000000000000000029,26,13,13 0 0 0 0 0 0 0,1793742300
90,34,23211925,0x0dd5ff179c68dd64fa712da08b550ec3a7d3bd73,8:0,500,0x7c0000000000000000029,8,4,4 0 0 0 0 0 0 0,1793742584
81,35,23211942,0xd6ed92a915f940db5d288b1724a4e45b20c4f027,9:0,500,0xf8000000000000000000013,5,4,4 0 0 0 0 0 0 0,1793763900
90,35,23211967,0x0dd5ff179c68dd64fa712da08b550ec3a7d3bd73,9:0,500,0xf8000000000000000000013,5,4,4 0 0 0 0 0 0 0,1793764184
81,36,23211983,0xd6ed92a915f940db5d288b1724a4e45b20c4f027,10:0,500,0x1f000000000000000000000016,8,8,8 0 0 0 0 0 0 0,1793785500
90,36,23212006,0x0dd5ff179c68dd64fa712da08b550ec3a7d3bd73,10:0,500,0x1f000000000000000000000016,8,8,8 0 0 0 0 0 0 0,1793785784
81,37,23212026,0xd6ed92a915f940db5d288b1724a4e45b20c4f027,11:0,500,0x3e0000000000000000000000003f,6,4,4 0 0 0 0 0 0 0,1793807100
90,37,23212053,0x0dd5ff179c68dd64fa712da08b550ec3a7d3bd73,11:0,500,0x3e0000000000000000000000003f,16,9,9 0 0 0 0 0 0 0,1793807384
81,38,23212073,0xd6ed92a915f940db5d288b1724a4e45b20c4f027,11:0,500,0x3e00000000000000000000000038,14,8,8 0 0 0 0 0 0 0,1793828700
90,38,23212102,0x0dd5ff179c68dd64fa712da08b550ec3a7d3bd73,11:0,500,0x3e00000000000000000000000038,14,8,8 0 0 0 0 0 0 0,1793828984
81,39,23212117,0xd6ed92a915f940db5d288b1724a4e45b20c4f027,12:0,500,0x7c0000000000000000000000000012,13,8,8 0 0 0 0 0 0 0,1793850300
90,39,23212142,0x0dd5ff179c68dd64fa712da08b550ec3a7d3bd73,12:0,500,0x7c0000000000000000000000000012,13,8,8 0 0 0 0 0 0 0,1793850584
81,40,23212158,0xd6ed92a915f940db5d288b1724a4e45b20c4f027,13:0,500,0xf800000000000000000000000000002c,18,9,9 0 0 0 0 0 0 0,1793871900
90,40,23212181,0x0dd5ff179c68dd64fa712da08b550ec3a7d3bd73,13:0,500,0xf800000000000000000000000000002c,8,4,4 0 0 0 0 0 0 0,1793872184
81,41,23212197,0xd6ed92a915f940db5d288b1724a4e45b20c4f027,14:0,500,0x1f000000000000000000000000000000016,7,4,4 0 0 0 0 0 0 0,1793893500
90,41,23212221,0x0dd5ff179c68dd64fa712da08b550ec3a7d3bd73,14:0,500,0x1f000000000000000000000000000000016,7,4,4 0 0 0 0 0 0 0,1793893784
81,42,23212249,0xd6ed92a915f940db5d288b1724a4e45b20c4f027,15:0,500,0x3e0000000000000000000000000000000000a,6,4,4 0 0 0 0 0 0 0,1793915100
90,42,23212279,0x0dd5ff179c68dd64fa712da08b550ec3a7d3bd73,13:0,500,0xf8000000000000000000000000000006,13,8,8 0 0 0 0 0 0 0,1793915384
81,43,23212295,0xd6ed92a915f940db5d288b1724a4e45b20c4f027,14:0,500,0x1f00000000000000000000000000000003c,13,8,8 0 0 0 0 0 0 0,1793936700
90,43,23212319,0x0dd5ff179c68dd64fa712da08b550ec3a7d3bd73,14:0,500,0x1f00000000000000000000000000000003c,13,8,8 0 0 0 0 0 0 0,1793936984
81,44,23212333,0xd6ed92a915f940db5d288b1724a4e45b20c4f027,15:0,500,0x3e0000000000000000000000000000000001d,10,8,8 0 0 0 0 0 0 0,1793958300
90,44,23212361,0x0dd5ff179c68dd64fa712da08b550ec3a7d3bd73,15:0,500,0x3e0000000000000000000000000000000001d,20,13,13 0 0 0 0 0 0 0,1793958584
81,45,23212377,0xd6ed92a915f940db5d288b1724a4e45b20c4f027,16:0,500,0x7c0000000000000000000000000000000000034,6,4,4 0 0 0 0 0 0 0,1793979900
90,45,23212404,0x0dd5ff179c68dd64fa712da08b550ec3a7d3bd73,16:0,500,0x7c0000000000000000000000000000000000034,14,8,8 0 0 0 0 0 0 0,1793980184
81,46,23212426,0xd6ed92a915f940db5d288b1724a4e45b20c4f027,17:0,500,0xf8000000000000000000000000000000000000011,10,8,8 0 0 0 0 0 0 0,1794001500
90,46,23212447,0x0dd5ff179c68dd64fa712da08b550ec3a7d3bd73,17:0,500,0xf8000000000000000000000000000000000000011,7,4,4 0 0 0 0 0 0 0,1794001784
81,47,23212462,0xd6ed92a915f940db5d288b1724a4e45b20c4f027,18:0,500,0x1f000000000000000000000000000000000000000002,12,8,8 0 0 0 0 0 0 0,1794023100
90,47,23212482,0x0dd5ff179c68dd64fa712da08b550ec3a7d3bd73,18:0,500,0x1f000000000000000000000000000000000000000002,7,4,4 0 0 0 0 0 0 0,1794023384
81,48,23212499,0xd6ed92a915f940db5d288b1724a4e45b20c4f027,19:0,500,0x3e00000000000000000000000000000000000000000026,18,9,9 0 0 0 0 0 0 0,1794044700
90,48,23212521,0x0dd5ff179c68dd64fa712da08b550ec3a7d3bd73,19:0,500,0x3e00000000000000000000000000000000000000000026,13,8,8 0 0 0 0 0 0 0,1794044984
81,49,23212541,0xd6ed92a915f940db5d288b1724a4e45b20c4f027,19:0,500,0x3e00000000000000000000000000000000000000000031,13,8,8 0 0 0 0 0 0 0,1794066300
90,49,23212565,0x0dd5ff179c68dd64fa712da08b550ec3a7d3bd73,19:0,500,0x3e00000000000000000000000000000000000000000031,8,4,4 0 0 0 0 0 0 0,1794066584
81,50,23212585,0xd6ed92a915f940db5d288b1724a4e45b20c4f027,16:0,500,0x7c000000000000000000000000000000000000e,14,8,8 0 0 0 0 0 0 0,1794087900
90,50,23212608,0x0dd5ff179c68dd64fa712da08b550ec3a7d3bd73,16:0,500,0x7c000000000000000000000000000000000000e,6,4,4 0 0 0 0 0 0 0,1794088184
81,51,23212622,0xd6ed92a915f940db5d288b1724a4e45b20c4f027,17:0,500,0xf800000000000000000000000000000000000001d,7,4,4 0 0 0 0 0 0 0,1794109500
90,51,23212646,0x0dd5ff179c68dd64fa712da08b550ec3a7d3bd73,17:0,500,0xf800000000000000000000000000000000000001d,10,8,8 0 0 0 0 0 0 0,1794109784
81,52,23212665,0xd6ed92a915f940db5d288b1724a4e45b20c4f027,18:0,500,0x1f00000000000000000000000000000000000000002c,7,4,4 0 0 0 0 0 0 0,1794131100
90,52,23212688,0x0dd5ff179c68dd64fa712da08b550ec3a7d3bd73,18:0,500,0x1f00000000000000000000000000000000000000002c,22,13,13 0 0 0 0 0 0 0,1794131384
81,53,23212707,0xd6ed92a915f940db5d288b1724a4e45b20c4f027,12:0,500,0x7c000000000000000000000000002e,5,4,4 0 0 0 0 0 0 0,1794152700
90,53,23212736,0x0dd5ff179c68dd64fa712da08b550ec3a7d3bd73,12:0,500,0x7c000000000000000000000000002e,5,4,4 0 0 0 0 0 0 0,1794152984
81,54,23212756,0xd6ed92a915f940db5d288b1724a4e45b20c4f027,13:0,500,0xf800000000000000000000000000001b,13,8,8 0 0 0 0 0 0 0,1794174300
90,54,23212780,0x0dd5ff179c68dd64fa712da08b550ec3a7d3bd73,13:0,500,0xf800000000000000000000000000001b,8,4,4 0 0 0 0 0 0 0,1794174584
81,55,23212799,0xd6ed92a915f940db5d288b1724a4e45b20c4f027,14:0,500,0x1f000000000000000000000000000000008,7,4,4 0 0 0 0 0 0 0,1794195900
90,55,23212819,0x0dd5ff179c68dd64fa712da08b550ec3a7d3bd73,14:0,500,0x1f000000000000000000000000000000008,7,4,4 0 0 0 0 0 0 0,1794196184
81,56,23212835,0xd6ed92a915f940db5d288b1724a4e45b20c4f027,15:0,500,0x3e00000000000000000000000000000000024,16,9,9 0 0 0 0 0 0 0,1794217500
90,56,23212863,0x0dd5ff179c68dd64fa712da08b550ec3a7d3bd73,15:0,500,0x3e00000000000000000000000000000000024,6,4,4 0 0 0 0 0 0 0,1794217784
81,57,23212882,0xd6ed92a915f940db5d288b1724a4e45b20c4f027,9:0,500,0xf8000000000000000000035,12,8,8 0 0 0 0 0 0 0,1794239100
90,57,23212905,0x0dd5ff179c68dd64fa712da08b550ec3a7d3bd73,9:0,500,0xf8000000000000000000035,12,8,8 0 0 0 0 0 0 0,1794239384
81,58,23212921,0xd6ed92a915f940db5d288b1724a4e45b20c4f027,10:0,500,0x1f000000000000000000000004,5,4,4 0 0 0 0 0 0 0,1794260700
90,58,23212946,0x0dd5ff179c68dd64fa712da08b550ec3a7d3bd73,10:0,500,0x1f000000000000000000000004,5,4,4 0 0 0 0 0 0 0,1794260984
81,59,23212963,0xd6ed92a915f940db5d288b1724a4e45b20c4f027,11:0,500,0x3e00000000000000000000000020,6,4,4 0 0 0 0 0 0 0,1794282300
90,59,23212985,0x0dd5ff179c68dd64fa712da08b550ec3a7d3bd73,11:0,500,0x3e00000000000000000000000020,6,4,4 0 0 0 0 0 0 0,1794282584
81,60,23213008,0xd6ed92a915f940db5d288b1724a4e45b20c4f027,1:0,500,0xf800d,9,5,5 0 0 0 0 0 0 0,1794303900
90,60,23213037,0x0dd5ff179c68dd64fa712da08b550ec3a7d3bd73,1:0,500,0xf800d,9,5,5 0 0 0 0 0 0 0,1794304184
81,61,23213059,0xd6ed92a915f940db5d288b1724a4e45b20c4f027,2:0,500,0x1f000008,8,5,5 0 0 0 0 0 0 0,1794325500
90,61,23213083,0x0dd5ff179c68dd64fa712da08b550ec3a7d3bd73,2:0,500,0x1f000008,18,10,10 0 0 0 0 0 0 0,1794325784
81,62,23213098,0xd6ed92a915f940db5d288b1724a4e45b20c4f027,3:0,500,0x3e00000008,10,5,5 0 0 0 0 0 0 0,1794347100
90,62,23213123,0x0dd5ff179c68dd64fa712da08b550ec3a7d3bd73,3:0,500,0x3e00000008,19,10,10 0 0 0 0 0 0 0,1794347384
81,63,23213139,0xd6ed92a915f940db5d288b1724a4e45b20c4f027,4:0,500,0x7c000000003a,8,5,5 0 0 0 0 0 0 0,1794368700
90,63,23213166,0x0dd5ff179c68dd64fa712da08b550ec3a7d3bd73,4:0,500,0x7c000000003a,8,5,5 0 0 0 0 0 0 0,1794368984
81,64,23213186,0xd6ed92a915f940db5d288b1724a4e45b20c4f027,5:0,500,0xf8000000000027,14,9,9 0 0 0 0 0 0 0,1794390300
90,64,23213212,0x0dd5ff179c68dd64fa712da08b550ec3a7d3bd73,5:0,500,0xf8000000000027,6,4,4 0 0 0 0 0 0 0,1794390584
81,65,23213236,0xd6ed92a915f940db5d288b1724a4e45b20c4f027,10:0,500,0x1f000000000000000000000008,18,13,13 0 0 0 0 0 0 0,1794411900
90,65,23213264,0x0dd5ff179c68dd64fa712da08b550ec3a7d3bd73,10:0,500,0x1f000000000000000000000008,8,8,8 0 0 0 0 0 0 0,1794412184
81,66,23213283,0xd6ed92a915f940db5d288b1724a4e45b20c4f027,11:0,500,0x3e00000000000000000000000013,14,8,8 0 0 0 0 0 0 0,1794433500
90,66,23213306,0x0dd5ff179c68dd64fa712da08b550ec3a7d3bd73,11:0,500,0x3e00000000000000000000000013,14,8,8 0 0 0 0 0 0 0,1794433784
62,47,23213346,0xd6ed92a915f940db5d288b1724a4e45b20c4f027,1:0,500,0xf8028,9,5,5 0 0 0 0 0 0 0,1794021929
26,48,23213384,0x0dd5ff179c68dd64fa712da08b550ec3a7d3bd73,1:0,500,0xf803d,19,10,10 0 0 0 0 0 0 0,1794040103
62,48,23213399,0xd6ed92a915f940db5d288b1724a4e45b20c4f027,2:0,500,0x1f000019,8,5,5 0 0 0 0 0 0 0,1794043529
26,49,23213427,0x0dd5ff179c68dd64fa712da08b550ec3a7d3bd73,2:0,500,0x1f000035,16,10,10 0 0 0 0 0 0 0,1794061703
62,49,23213446,0xd6ed92a915f940db5d288b1724a4e45b20c4f027,3:0,500,0x3e0000003e,19,10,10 0 0 0 0 0 0 0,1794065129
26,50,23213470,0x0dd5ff179c68dd64fa712da08b550ec3a7d3bd73,3:0,500,0x3e00000039,19,10,10 0 0 0 0 0 0 0,1794083303
62,50,23213484,0xd6ed92a915f940db5d288b1724a4e45b20c4f027,4:0,500,0x7c0000000020,8,5,5 0 0 0 0 0 0 0,1794086729
26,51,23213510,0x0dd5ff179c68dd64fa712da08b550ec3a7d3bd73,4:0,500,0x7c000000002a,18,10,10 0 0 0 0 0 0 0,1794104903
62,51,23213529,0xd6ed92a915f940db5d288b1724a4e45b20c4f027,5:0,500,0xf8000000000036,24,14,14 0 0 0 0 0 0 0,1794108329
26,52,23213554,0x0dd5ff179c68dd64fa712da08b550ec3a7d3bd73,5:0,500,0xf8000000000030,14,9,9 0 0 0 0 0 0 0,1794126503
55,41,23213563,0xac0e67aaaa15dc791153b64df4a9d121dce797e5,6:0,500,0x1f00000000000002c,5,4,4 0 0 0 0 0 0 0,1793891920
62,52,23213572,0xd6ed92a915f940db5d288b1724a4e45b20c4f027,6:0,500,0x1f000000000000000,5,4,4 0 0 0 0 0 0 0,1794129929
55,42,23213591,0xac0e67aaaa15dc791153b64df4a9d121dce797e5,1:0,500,0xf8023,9,5,5 0 0 0 0 0 0 0,1793913520
26,53,23213596,0x0dd5ff179c68dd64fa712da08b550ec3a7d3bd73,6:0,500,0x1f000000000000039,5,4,4 0 0 0 0 0 0 0,1794148103
62,53,23213609,0xd6ed92a915f940db5d288b1724a4e45b20c4f027,7:0,500,0x3e00000000000000039,8,4,4 0 0 0 0 0 0 0,1794151529
55,43,23213631,0xac0e67aaaa15dc791153b64df4a9d121dce797e5,19:0,500,0x3e0000000000000000000000000000000000000000001b,13,8,8 0 0 0 0 0 0 0,1793935120
62,54,23213648,0xd6ed92a915f940db5d288b1724a4e45b20c4f027,9:0,500,0xf8000000000000000000032,12,8,8 0 0 0 0 0 0 0,1794173129
55,44,23213665,0xac0e67aaaa15dc791153b64df4a9d121dce797e5,2:0,500,0x1f000031,8,5,5 0 0 0 0 0 0 0,1793956720
26,54,23213680,0x0dd5ff179c68dd64fa712da08b550ec3a7d3bd73,10:0,500,0x1f000000000000000000000006,5,4,4 0 0 0 0 0 0 0,1794169703
62,55,23213715,0xd6ed92a915f940db5d288b1724a4e45b20c4f027,11:0,500,0x3e0000000000000000000000000a,14,8,8 0 0 0 0 0 0 0,1794194729
55,45,23213721,0xac0e67aaaa15dc791153b64df4a9d121dce797e5,3:0,500,0x3e00000011,19,10,10 0 0 0 0 0 0 0,1793978320
26,55,23213742,0x0dd5ff179c68dd64fa712da08b550ec3a7d3bd73,11:0,500,0x3e0000000000000000000000000a,14,8,8 0 0 0 0 0 0 0,1794191303
55,46,23213747,0xac0e67aaaa15dc791153b64df4a9d121dce797e5,4:0,500,0x7c0000000000,17,10,10 0 0 0 0 0 0 0,1793999920
62,56,23213761,0xd6ed92a915f940db5d288b1724a4e45b20c4f027,12:0,500,0x7c000000000000000000000000003f,5,4,4 0 0 0 0 0 0 0,1794216329
55,47,23213776,0xac0e67aaaa15dc791153b64df4a9d121dce797e5,6:0,500,0x1f00000000000002e,22,13,13 0 0 0 0 0 0 0,1794021520
26,56,23213787,0x0dd5ff179c68dd64fa712da08b550ec3a7d3bd73,12:0,500,0x7c000000000000000000000000003f,5,4,4 0 0 0 0 0 0 0,1794212903
62,57,23213803,0xd6ed92a915f940db5d288b1724a4e45b20c4f027,13:0,500,0xf800000000000000000000000000000e,13,8,8 0 0 0 0 0 0 0,1794237929
55,48,23213814,0xac0e67aaaa15dc791153b64df4a9d121dce797e5,7:0,500,0x3e00000000000000007,8,4,4 0 0 0 0 0 0 0,1794043120
26,57,23213830,0x0dd5ff179c68dd64fa712da08b550ec3a7d3bd73,12:0,500,0x7c000000000000000000000000000e,13,8,8 0 0 0 0 0 0 0,1794234503
62,58,23213849,0xd6ed92a915f940db5d288b1724a4e45b20c4f027,13:0,500,0xf8000000000000000000000000000021,18,9,9 0 0 0 0 0 0 0,1794259529
26,58,23213876,0x0dd5ff179c68dd64fa712da08b550ec3a7d3bd73,13:0,500,0xf8000000000000000000000000000021,18,9,9 0 0 0 0 0 0 0,1794256103
62,59,23213892,0xd6ed92a915f940db5d288b1724a4e45b20c4f027,14:0,500,0x1f000000000000000000000000000000037,7,4,4 0 0 0 0 0 0 0,1794281129
55,49,23213894,0xac0e67aaaa15dc791153b64df4a9d121dce797e5,9:0,500,0xf800000000000000000000b,5,4,4 0 0 0 0 0 0 0,1794064720
26,59,23213915,0x0dd5ff179c68dd64fa712da08b550ec3a7d3bd73,14:0,500,0x1f000000000000000000000000000000037,7,4,4 0 0 0 0 0 0 0,1794277703
285,8,23213923,0x27f48de5e0605da8b2a52ddfd06f6d273b804336,3:0,500,0x3e00000024,10,5,5 0 0 0 0 0 0 0,1793229082
62,60,23213928,0xd6ed92a915f940db5d288b1724a4e45b20c4f027,15:0,500,0x3e0000000000000000000000000000000001a,10,8,8 0 0 0 0 0 0 0,1794302729
55,50,23213937,0xac0e67aaaa15dc791153b64df4a9d121dce797e5,10:0,500,0x1f000000000000000000000007,8,8,8 0 0 0 0 0 0 0,1794086320
26,60,23213952,0x0dd5ff179c68dd64fa712da08b550ec3a7d3bd73,15:0,500,0x3e0000000000000000000000000000000001a,6,4,4 0 0 0 0 0 0 0,1794299303
62,61,23213975,0xd6ed92a915f940db5d288b1724a4e45b20c4f027,16:0,500,0x7c0000000000000000000000000000000000004,14,8,8 0 0 0 0 0 0 0,1794324329
55,51,23213976,0xac0e67aaaa15dc791153b64df4a9d121dce797e5,11:0,500,0x3e0000000000000000000000003b,6,4,4 0 0 0 0 0 0 0,1794107920
26,61,23213999,0x0dd5ff179c68dd64fa712da08b550ec3a7d3bd73,16:0,500,0x7c0000000000000000000000000000000000004,6,4,4 0 0 0 0 0 0 0,1794320903
62,62,23214017,0xd6ed92a915f940db5d288b1724a4e45b20c4f027,16:0,500,0x7c0000000000000000000000000000000000017,6,4,4 0 0 0 0 0 0 0,1794345929
26,62,23214043,0x0dd5ff179c68dd64fa712da08b550ec3a7d3bd73,17:0,500,0xf800000000000000000000000000000000000000b,7,4,4 0 0 0 0 0 0 0,1794342503
62,63,23214057,0xd6ed92a915f940db5d288b1724a4e45b20c4f027,18:0,500,0x1f00000000000000000000000000000000000000002c,12,8,8 0 0 0 0 0 0 0,1794367529
26,63,23214082,0x0dd5ff179c68dd64fa712da08b550ec3a7d3bd73,18:0,500,0x1f00000000000000000000000000000000000000002c,12,8,8 0 0 0 0 0 0 0,1794364103
62,64,23214099,0xd6ed92a915f940db5d288b1724a4e45b20c4f027,19:0,500,0x3e0000000000000000000000000000000000000000001c,8,4,4 0 0 0 0 0 0 0,1794389129
26,64,23214122,0x0dd5ff179c68dd64fa712da08b550ec3a7d3bd73,19:0,500,0x3e0000000000000000000000000000000000000000001c,13,8,8 0 0 0 0 0 0 0,1794385703
78,47,23214154,0xd6ed92a915f940db5d288b1724a4e45b20c4f027,1:0,500,0xf8028,9,5,5 0 0 0 0 0 0 0,1794022868
86,47,23214186,0x0dd5ff179c68dd64fa712da08b550ec3a7d3bd73,1:0,500,0xf8028,9,5,5 0 0 0 0 0 0 0,1794023321
78,48,23214196,0xd6ed92a915f940db5d288b1724a4e45b20c4f027,10:0,500,0x1f00000000000000000000001d,8,8,8 0 0 0 0 0 0 0,1794044468
78,49,23214222,0xd6ed92a915f940db5d288b1724a4e45b20c4f027,10:0,500,0x1f000000000000000000000007,5,4,4 0 0 0 0 0 0 0,1794066068
86,48,23214228,0x0dd5ff179c68dd64fa712da08b550ec3a7d3bd73,17:0,500,0xf800000000000000000000000000000000000003c,10,8,8 0 0 0 0 0 0 0,1794044921
86,49,23214264,0x0dd5ff179c68dd64fa712da08b550ec3a7d3bd73,18:0,500,0x1f000000000000000000000000000000000000000022,7,4,4 0 0 0 0 0 0 0,1794066521
78,50,23214269,0xd6ed92a915f940db5d288b1724a4e45b20c4f027,10:0,500,0x1f000000000000000000000007,8,8,8 0 0 0 0 0 0 0,1794087668
55,52,23214426,0xac0e67aaaa15dc791153b64df4a9d121dce797e5,1:0,500,0xf801b,19,10,10 0 0 0 0 0 0 0,1794129520
196,24,23214485,0xac0e67aaaa15dc791153b64df4a9d121dce797e5,1:0,500,0xf8022,19,10,10 0 0 0 0 0 0 0,1793540118
323,9,23214539,0xac0e67aaaa15dc791153b64df4a9d121dce797e5,1:0,500,0xf803a,9,5,5 0 0 0 0 0 0 0,1793262442
175,5,23214553,0x224e633c9632a51de2f6225a7620dc46b2d58b08,2:2,4000,0xff000024,36,20,20 0 0 0 0 0 0 0,1793127626
177,4,23214606,0x224e633c9632a51de2f6225a7620dc46b2d58b08,6:2,4000,0xff000000000000005,11,8,8 0 0 0 0 0 0 0,1793106280
181,4,23214643,0x224e633c9632a51de2f6225a7620dc46b2d58b08,10:2,4000,0xff00000000000000000000000d,13,8,8 0 0 0 0 0 0 0,1793106682
62,65,23214685,0xd6ed92a915f940db5d288b1724a4e45b20c4f027,1:0,500,0xf800a,19,10,10 0 0 0 0 0 0 0,1794410729
26,65,23214689,0x0dd5ff179c68dd64fa712da08b550ec3a7d3bd73,1:0,500,0xf800a,9,5,5 0 0 0 0 0 0 0,1794407303
78,51,23214742,0xd6ed92a915f940db5d288b1724a4e45b20c4f027,1:0,500,0xf800f,19,10,10 0 0 0 0 0 0 0,1794109268
86,50,23214773,0x0dd5ff179c68dd64fa712da08b550ec3a7d3bd73,1:0,500,0xf8037,19,10,10 0 0 0 0 0 0 0,1794088121
81,67,23214805,0xd6ed92a915f940db5d288b1724a4e45b20c4f027,1:0,500,0xf802e,19,10,10 0 0 0 0 0 0 0,1794455100
86,51,23214837,0x0dd5ff179c68dd64fa712da08b550ec3a7d3bd73,5:0,500,0xf8000000000036,24,14,14 0 0 0 0 0 0 0,1794109721
90,67,23214908,0x0dd5ff179c68dd64fa712da08b550ec3a7d3bd73,19:0,500,0x3e00000000000000000000000000000000000000000021,13,8,8 0 0 0 0 0 0 0,1794455384
285,9,23215012,0x27f48de5e0605da8b2a52ddfd06f6d273b804336,14:0,500,0x1f00000000000000000000000000000001e,7,4,4 0 0 0 0 0 0 0,1793250682
4,82,23215031,0x1a3a0e6f222e823cc8d0f39d87042f88ab763872,11:0,500,0x3e00000000000000000000000026,14,8,8 0 0 0 0 0 0 0,1794772146
4,83,23215047,0x1a3a0e6f222e823cc8d0f39d87042f88ab763872,16:0,500,0x7c0000000000000000000000000000000000035,16,9,9 0 0 0 0 0 0 0,1794793746
4,84,23215063,0x1a3a0e6f222e823cc8d0f39d87042f88ab763872,15:0,500,0x3e00000000000000000000000000000000025,6,4,4 0 0 0 0 0 0 0,1794815346
4,85,23215080,0x1a3a0e6f222e823cc8d0f39d87042f88ab763872,4:0,500,0x7c0000000006,8,5,5 0 0 0 0 0 0 0,1794836946
285,10,23215187,0x27f48de5e0605da8b2a52ddfd06f6d273b804336,13:0,500,0xf8000000000000000000000000000034,18,9,9 0 0 0 0 0 0 0,1793272282
53,12,23215256,0xe0be2740456040536765022e7db612418e3de99e,9:2,4000,0x7f8000000000000000000025,20,13,13 0 0 0 0 0 0 0,1793265432
60,8,23215301,0xe0be2740456040536765022e7db612418e3de99e,17:2,4000,0x7f800000000000000000000000000000000000003a,15,12,12 0 0 0 0 0 0 0,1793179380
61,15,23215339,0xe0be2740456040536765022e7db612418e3de99e,15:2,4000,0x1fe00000000000000000000000000000000028,11,8,8 0 0 0 0 0 0 0,1793330641
27,38,23215378,0x81b4bf458a73ea46fadd46ee8236e5f94c4eb8e0,6:0,500,0x1f000000000000026,5,4,4 0 0 0 0 0 0 0,1793824350
27,39,23215434,0x81b4bf458a73ea46fadd46ee8236e5f94c4eb8e0,9:0,500,0xf8000000000000000000008,12,8,8 0 0 0 0 0 0 0,1793845950
27,40,23215475,0x81b4bf458a73ea46fadd46ee8236e5f94c4eb8e0,1:0,500,0xf8010,9,5,5 0 0 0 0 0 0 0,1793867550
27,41,23215495,0x81b4bf458a73ea46fadd46ee8236e5f94c4eb8e0,2:0,500,0x1f000038,16,10,10 0 0 0 0 0 0 0,1793889150
27,42,23215530,0x81b4bf458a73ea46fadd46ee8236e5f94c4eb8e0,3:0,500,0x3e00000034,20,10,10 0 0 0 0 0 0 0,1793910750
27,43,23215547,0x81b4bf458a73ea46fadd46ee8236e5f94c4eb8e0,4:0,500,0x7c0000000005,8,5,5 0 0 0 0 0 0 0,1793932350
327,9,23215619,0x54012e1e43de8dd719a2deca0d6a254ee4db42b5,8:2,4000,0x3fc0000000000000000037,22,12,12 0 0 0 0 0 0 0,1793264605
53,13,23215637,0xe0be2740456040536765022e7db612418e3de99e,6:1,2000,0x7f000000000000022,12,8,8 0 0 0 0 0 0 0,1793287032
327,10,23215678,0x54012e1e43de8dd719a2deca0d6a254ee4db42b5,11:2,4000,0x1fe00000000000000000000000007,20,12,12 0 0 0 0 0 0 0,1793286205
53,14,23215732,0xe0be2740456040536765022e7db612418e3de99e,19:0,500,0x3e00000000000000000000000000000000000000000033,13,8,8 0 0 0 0 0 0 0,1793308632
327,11,23215734,0x54012e1e43de8dd719a2deca0d6a254ee4db42b5,15:2,4000,0x1fe00000000000000000000000000000000036,21,13,13 0 0 0 0 0 0 0,1793307805
327,12,23215772,0x54012e1e43de8dd719a2deca0d6a254ee4db42b5,18:2,4000,0xff00000000000000000000000000000000000000000b,19,12,12 0 0 0 0 0 0 0,1793329405
27,44,23215816,0x81b4bf458a73ea46fadd46ee8236e5f94c4eb8e0,5:0,500,0xf800000000001d,14,9,9 0 0 0 0 0 0 0,1793953950
53,15,23215824,0xe0be2740456040536765022e7db612418e3de99e,16:2,4000,0x3fc000000000000000000000000000000000003e,13,8,8 0 0 0 0 0 0 0,1793330232
27,45,23215836,0x81b4bf458a73ea46fadd46ee8236e5f94c4eb8e0,6:0,500,0x1f000000000000030,12,8,8 0 0 0 0 0 0 0,1793975550
331,7,23215840,0x54012e1e43de8dd719a2deca0d6a254ee4db42b5,7:2,4000,0x1fe00000000000000030,16,8,8 0 0 0 0 0 0 0,1793222187
27,46,23215853,0x81b4bf458a73ea46fadd46ee8236e5f94c4eb8e0,7:0,500,0x3e00000000000000022,16,8,8 0 0 0 0 0 0 0,1793997150
331,8,23215888,0x54012e1e43de8dd719a2deca0d6a254ee4db42b5,10:2,4000,0xff00000000000000000000000d,13,8,8 0 0 0 0 0 0 0,1793243787
53,16,23215900,0xe0be2740456040536765022e7db612418e3de99e,16:0,500,0x7c000000000000000000000000000000000000f,14,8,8 0 0 0 0 0 0 0,1793351832
53,17,23215954,0xe0be2740456040536765022e7db612418e3de99e,13:0,500,0xf8000000000000000000000000000014,8,4,4 0 0 0 0 0 0 0,1793373432
331,9,23215989,0x54012e1e43de8dd719a2deca0d6a254ee4db42b5,14:2,4000,0xff000000000000000000000000000000020,14,8,8 0 0 0 0 0 0 0,1793265387
53,18,23216065,0xe0be2740456040536765022e7db612418e3de99e,14:1,2000,0x7f00000000000000000000000000000000b,7,4,4 0 0 0 0 0 0 0,1793395032
331,10,23216080,0x54012e1e43de8dd719a2deca0d6a254ee4db42b5,17:2,4000,0x7f8000000000000000000000000000000000000035,12,8,8 0 0 0 0 0 0 0,1793286987
53,19,23216125,0xe0be2740456040536765022e7db612418e3de99e,8:0,500,0x7c0000000000000000023,18,9,9 0 0 0 0 0 0 0,1793416632
53,20,23216198,0xe0be2740456040536765022e7db612418e3de99e,8:0,500,0x7c000000000000000000e,16,8,8 0 0 0 0 0 0 0,1793438232
53,21,23216268,0xe0be2740456040536765022e7db612418e3de99e,16:0,500,0x7c000000000000000000000000000000000000f,6,4,4 0 0 0 0 0 0 0,1793459832
53,22,23216330,0xe0be2740456040536765022e7db612418e3de99e,16:1,2000,0x1fc000000000000000000000000000000000002a,14,8,8 0 0 0 0 0 0 0,1793481432
27,47,23216337,0x81b4bf458a73ea46fadd46ee8236e5f94c4eb8e0,9:0,500,0xf8000000000000000000007,5,4,4 0 0 0 0 0 0 0,1794018750
27,48,23216364,0x81b4bf458a73ea46fadd46ee8236e5f94c4eb8e0,10:0,500,0x1f00000000000000000000001d,5,4,4 0 0 0 0 0 0 0,1794040350
27,49,23216379,0x81b4bf458a73ea46fadd46ee8236e5f94c4eb8e0,11:0,500,0x3e00000000000000000000000027,14,8,8 0 0 0 0 0 0 0,1794061950
53,23,23216387,0xe0be2740456040536765022e7db612418e3de99e,7:0,500,0x3e00000000000000009,16,8,8 0 0 0 0 0 0 0,1793503032
27,50,23216406,0x81b4bf458a73ea46fadd46ee8236e5f94c4eb8e0,12:0,500,0x7c000000000000000000000000003f,23,13,13 0 0 0 0 0 0 0,1794083550
53,24,23216452,0xe0be2740456040536765022e7db612418e3de99e,16:0,500,0x7c000000000000000000000000000000000002f,13,8,8 0 0 0 0 0 0 0,1793524632
27,51,23216497,0x81b4bf458a73ea46fadd46ee8236e5f94c4eb8e0,13:0,500,0xf8000000000000000000000000000038,8,4,4 0 0 0 0 0 0 0,1794105150
27,52,23216514,0x81b4bf458a73ea46fadd46ee8236e5f94c4eb8e0,14:0,500,0x1f000000000000000000000000000000028,13,8,8 0 0 0 0 0 0 0,1794126750
27,53,23216531,0x81b4bf458a73ea46fadd46ee8236e5f94c4eb8e0,15:0,500,0x3e00000000000000000000000000000000030,10,8,8 0 0 0 0 0 0 0,1794148350
53,25,23216542,0xe0be2740456040536765022e7db612418e3de99e,4:0,500,0x7c000000003f,8,5,5 0 0 0 0 0 0 0,1793546232
53,26,23216646,0xe0be2740456040536765022e7db612418e3de99e,16:0,500,0x7c000000000000000000000000000000000000f,14,8,8 0 0 0 0 0 0 0,1793567832
27,54,23216695,0x81b4bf458a73ea46fadd46ee8236e5f94c4eb8e0,16:0,500,0x7c000000000000000000000000000000000003c,14,8,8 0 0 0 0 0 0 0,1794169950
53,27,23216711,0xe0be2740456040536765022e7db612418e3de99e,18:0,500,0x1f000000000000000000000000000000000000000007,12,8,8 0 0 0 0 0 0 0,1793589432
27,55,23216716,0x81b4bf458a73ea46fadd46ee8236e5f94c4eb8e0,17:0,500,0xf800000000000000000000000000000000000001b,20,13,13 0 0 0 0 0 0 0,1794191550
53,28,23216788,0xe0be2740456040536765022e7db612418e3de99e,12:0,500,0x7c0000000000000000000000000003,5,4,4 0 0 0 0 0 0 0,1793611032
53,29,23216852,0xe0be2740456040536765022e7db612418e3de99e,19:0,500,0x3e00000000000000000000000000000000000000000011,18,9,9 0 0 0 0 0 0 0,1793632632
27,56,23216863,0x81b4bf458a73ea46fadd46ee8236e5f94c4eb8e0,15:0,500,0x3e00000000000000000000000000000000024,6,4,4 0 0 0 0 0 0 0,1794213150
27,57,23216879,0x81b4bf458a73ea46fadd46ee8236e5f94c4eb8e0,16:0,500,0x7c0000000000000000000000000000000000009,6,4,4 0 0 0 0 0 0 0,1794234750
27,58,23216895,0x81b4bf458a73ea46fadd46ee8236e5f94c4eb8e0,17:0,500,0xf8000000000000000000000000000000000000007,7,4,4 0 0 0 0 0 0 0,1794256350
27,59,23216919,0x81b4bf458a73ea46fadd46ee8236e5f94c4eb8e0,18:0,500,0x1f000000000000000000000000000000000000000037,7,4,4 0 0 0 0 0 0 0,1794277950
53,30,23216952,0xe0be2740456040536765022e7db612418e3de99e,7:0,500,0x3e00000000000000005,8,4,4 0 0 0 0 0 0 0,1793654232
53,31,23216999,0xe0be2740456040536765022e7db612418e3de99e,12:0,500,0x7c0000000000000000000000000017,13,8,8 0 0 0 0 0 0 0,1793675832
53,32,23217045,0xe0be2740456040536765022e7db612418e3de99e,13:0,500,0xf8000000000000000000000000000012,13,8,8 0 0 0 0 0 0 0,1793697432
27,60,23217056,0x81b4bf458a73ea46fadd46ee8236e5f94c4eb8e0,18:0,500,0x1f00000000000000000000000000000000000000001c,12,8,8 0 0 0 0 0 0 0,1794299550
27,61,23217078,0x81b4bf458a73ea46fadd46ee8236e5f94c4eb8e0,19:0,500,0x3e0000000000000000000000000000000000000000002f,13,8,8 0 0 0 0 0 0 0,1794321150
27,62,23217106,0x81b4bf458a73ea46fadd46ee8236e5f94c4eb8e0,1:0,500,0xf801a,19,10,10 0 0 0 0 0 0 0,1794342750
27,63,23217131,0x81b4bf458a73ea46fadd46ee8236e5f94c4eb8e0,10:0,500,0x1f00000000000000000000000c,18,13,13 0 0 0 0 0 0 0,1794364350
27,64,23217148,0x81b4bf458a73ea46fadd46ee8236e5f94c4eb8e0,10:0,500,0x1f000000000000000000000004,5,4,4 0 0 0 0 0 0 0,1794385950
27,65,23217188,0x81b4bf458a73ea46fadd46ee8236e5f94c4eb8e0,10:0,500,0x1f000000000000000000000008,8,8,8 0 0 0 0 0 0 0,1794407550
27,66,23217201,0x81b4bf458a73ea46fadd46ee8236e5f94c4eb8e0,10:0,500,0x1f000000000000000000000029,5,4,4 0 0 0 0 0 0 0,1794429150
27,67,23217218,0x81b4bf458a73ea46fadd46ee8236e5f94c4eb8e0,17:0,500,0xf800000000000000000000000000000000000001a,10,8,8 0 0 0 0 0 0 0,1794450750
27,68,23217250,0x81b4bf458a73ea46fadd46ee8236e5f94c4eb8e0,2:0,500,0x1f00000f,8,5,5 0 0 0 0 0 0 0,1794472350
94,9,23217351,0x8746cbcd1d09ea15b3625692f11fbb0e17b52029,2:0,500,0x1f00001a,16,10,10 0 0 0 0 0 0 0,1793202810
95,6,23217383,0x8746cbcd1d09ea15b3625692f11fbb0e17b52029,17:0,500,0xf800000000000000000000000000000000000000c,7,4,4 0 0 0 0 0 0 0,1793138058
31,29,23217407,0xac79fd6008b971723d16974cdb23ad70ecc00bee,1:0,500,0xf8020,19,10,10 0 0 0 0 0 0 0,1793630192
31,30,23217423,0xac79fd6008b971723d16974cdb23ad70ecc00bee,9:0,500,0xf8000000000000000000035,12,8,8 0 0 0 0 0 0 0,1793651792
94,10,23217492,0x8746cbcd1d09ea15b3625692f11fbb0e17b52029,2:0,500,0x1f000002,8,5,5 0 0 0 0 0 0 0,1793224410
80,7,23217751,0x0420e243d8ab4a22dadded1ead8cdcca14074d7c,16:0,500,0x7c0000000000000000000000000000000000000,14,8,8 0 0 0 0 0 0 0,1793159070
24,8,23217782,0x2d631f41f6023db409f15e1ccc337e69f62a8a58,1:0,500,0xf803d,29,15,15 0 0 0 0 0 0 0,1793175566
83,7,23217786,0x0420e243d8ab4a22dadded1ead8cdcca14074d7c,12:0,500,0x7c000000000000000000000000002f,5,4,4 0 0 0 0 0 0 0,1793159259
104,15,23217819,0x0420e243d8ab4a22dadded1ead8cdcca14074d7c,10:0,500,0x1f000000000000000000000027,18,13,13 0 0 0 0 0 0 0,1793332967
271,9,23218039,0xd00226b73bab097e97c6df416dc031df7c4b5af1,1:1,2000,0x3f8039,19,10,10 0 0 0 0 0 0 0,1793234317
80,8,23218101,0x0420e243d8ab4a22dadded1ead8cdcca14074d7c,16:0,500,0x7c0000000000000000000000000000000000035,16,9,9 0 0 0 0 0 0 0,1793180670
23,62,23218241,0x0349cd3a83006bc4f057f553f221d69bd7a6c504,1:0,500,0xf801a,9,5,5 0 0 0 0 0 0 0,1794341044
4,86,23218475,0x1a3a0e6f222e823cc8d0f39d87042f88ab763872,15:0,500,0x3e00000000000000000000000000000000039,10,8,8 0 0 0 0 0 0 0,1794858546
4,87,23218498,0x1a3a0e6f222e823cc8d0f39d87042f88ab763872,14:0,500,0x1f000000000000000000000000000000039,7,4,4 0 0 0 0 0 0 0,1794880146
4,88,23218517,0x1a3a0e6f222e823cc8d0f39d87042f88ab763872,11:0,500,0x3e0000000000000000000000003e,16,9,9 0 0 0 0 0 0 0,1794901746
4,89,23218531,0x1a3a0e6f222e823cc8d0f39d87042f88ab763872,15:0,500,0x3e00000000000000000000000000000000036,6,4,4 0 0 0 0 0 0 0,1794923346
4,90,23218545,0x1a3a0e6f222e823cc8d0f39d87042f88ab763872,11:0,500,0x3e0000000000000000000000001f,14,8,8 0 0 0 0 0 0 0,1794944946
4,91,23218560,0x1a3a0e6f222e823cc8d0f39d87042f88ab763872,15:0,500,0x3e0000000000000000000000000000000001f,10,8,8 0 0 0 0 0 0 0,1794966546
4,92,23218579,0x1a3a0e6f222e823cc8d0f39d87042f88ab763872,14:0,500,0x1f00000000000000000000000000000000c,13,8,8 0 0 0 0 0 0 0,1794988146
4,93,23218597,0x1a3a0e6f222e823cc8d0f39d87042f88ab763872,15:0,500,0x3e00000000000000000000000000000000039,11,8,8 0 0 0 0 0 0 0,1795009746
4,94,23218619,0x1a3a0e6f222e823cc8d0f39d87042f88ab763872,14:0,500,0x1f00000000000000000000000000000000e,7,4,4 0 0 0 0 0 0 0,1795031346
4,95,23218660,0x1a3a0e6f222e823cc8d0f39d87042f88ab763872,15:0,500,0x3e0000000000000000000000000000000001f,20,13,13 0 0 0 0 0 0 0,1795052946
4,96,23218683,0x1a3a0e6f222e823cc8d0f39d87042f88ab763872,7:0,500,0x3e00000000000000013,16,8,8 0 0 0 0 0 0 0,1795074546
4,97,23220050,0x1a3a0e6f222e823cc8d0f39d87042f88ab763872,15:0,500,0x3e0000000000000000000000000000000000f,6,4,4 0 0 0 0 0 0 0,1795096146
4,98,23220063,0x1a3a0e6f222e823cc8d0f39d87042f88ab763872,8:0,500,0x7c0000000000000000016,8,4,4 0 0 0 0 0 0 0,1795117746
4,99,23220077,0x1a3a0e6f222e823cc8d0f39d87042f88ab763872,15:0,500,0x3e0000000000000000000000000000000000d,10,8,8 0 0 0 0 0 0 0,1795139346
4,100,23220097,0x1a3a0e6f222e823cc8d0f39d87042f88ab763872,11:0,500,0x3e0000000000000000000000000a,6,4,4 0 0 0 0 0 0 0,1795160946
6,17,23220143,0x1a3a0e6f222e823cc8d0f39d87042f88ab763872,15:0,500,0x3e00000000000000000000000000000000023,16,9,9 0 0 0 0 0 0 0,1793368197
6,18,23220214,0x1a3a0e6f222e823cc8d0f39d87042f88ab763872,6:0,500,0x1f00000000000001b,5,4,4 0 0 0 0 0 0 0,1793389797
284,9,23222046,0x26542d0bc93a63c141a21956337f18773b237882,14:1,2000,0x7f000000000000000000000000000000030,7,4,4 0 0 0 0 0 0 0,1793244322
284,10,23222133,0x26542d0bc93a63c141a21956337f18773b237882,8:1,2000,0x1fc0000000000000000008,8,4,4 0 0 0 0 0 0 0,1793265922
284,11,23222168,0x26542d0bc93a63c141a21956337f18773b237882,7:1,2000,0xfe0000000000000002d,18,9,9 0 0 0 0 0 0 0,1793287522
63,18,23222526,0x62ff01f014f0da446e02a62392538f36a83a2659,7:1,2000,0xfe0000000000000000c,24,12,12 0 0 0 0 0 0 0,1793395593
68,11,23222573,0x62ff01f014f0da446e02a62392538f36a83a2659,9:1,2000,0x3f8000000000000000000000,12,8,8 0 0 0 0 0 0 0,1793244541
70,17,23222621,0x62ff01f014f0da446e02a62392538f36a83a2659,11:1,2000,0xfe00000000000000000000000007,6,4,4 0 0 0 0 0 0 0,1793374271
20,16,23222655,0xb528bf440e6c9dad0c15f7e5f4dc75655f7ae27b,4:1,2000,0x1fc000000002a,8,5,5 0 0 0 0 0 0 0,1793347081
20,17,23222710,0xb528bf440e6c9dad0c15f7e5f4dc75655f7ae27b,8:1,2000,0x1fc0000000000000000010,16,8,8 0 0 0 0 0 0 0,1793368681
20,18,23222741,0xb528bf440e6c9dad0c15f7e5f4dc75655f7ae27b,11:1,2000,0xfe0000000000000000000000003f,24,13,13 0 0 0 0 0 0 0,1793390281
20,19,23222773,0xb528bf440e6c9dad0c15f7e5f4dc75655f7ae27b,15:1,2000,0xfe00000000000000000000000000000000017,6,4,4 0 0 0 0 0 0 0,1793411881
20,20,23222811,0xb528bf440e6c9dad0c15f7e5f4dc75655f7ae27b,18:1,2000,0x7f000000000000000000000000000000000000000009,12,8,8 0 0 0 0 0 0 0,1793433481
218,9,23222832,0xb3aa0c5049d7e1c9abf88d612c10b8d792383464,15:2,4000,0x1fe00000000000000000000000000000000030,21,13,13 0 0 0 0 0 0 0,1793224888
15,26,23224490,0xe6e5a8b9c4a0cd805f06b565b6f2857923cc6b11,12:0,500,0x7c0000000000000000000000000018,5,4,4 0 0 0 0 0 0 0,1793562863
30,13,23225231,0xb39e79d3540fc34f516af70574b94d4ef8f885d2,9:0,500,0xf8000000000000000000023,12,8,8 0 0 0 0 0 0 0,1793284514
116,12,23225269,0xb39e79d3540fc34f516af70574b94d4ef8f885d2,16:0,500,0x7c000000000000000000000000000000000000d,6,4,4 0 0 0 0 0 0 0,1793269651
197,9,23225305,0xb39e79d3540fc34f516af70574b94d4ef8f885d2,1:0,500,0xf803a,29,15,15 0 0 0 0 0 0 0,1793218887
211,7,23226000,0xbcd76fa66f9edc46065f4f27fd634ca15a0b1c72,3:2,4000,0x1fe00000014,19,10,10 0 0 0 0 0 0 0,1793179933
212,6,23226035,0xbcd76fa66f9edc46065f4f27fd634ca15a0b1c72,4:2,4000,0x3fc000000002b,16,10,10 0 0 0 0 0 0 0,1793158656
211,8,23226858,0xbcd76fa66f9edc46065f4f27fd634ca15a0b1c72,4:2,4000,0x3fc0000000020,35,20,20 0 0 0 0 0 0 0,1793201533
211,9,23226885,0xbcd76fa66f9edc46065f4f27fd634ca15a0b1c72,15:2,4000,0x1fe00000000000000000000000000000000030,11,8,8 0 0 0 0 0 0 0,1793223133
211,10,23226913,0xbcd76fa66f9edc46065f4f27fd634ca15a0b1c72,17:2,4000,0x7f8000000000000000000000000000000000000035,12,8,8 0 0 0 0 0 0 0,1793244733
187,42,23227032,0x65d3f783f7a9f2a30cf70a8b3f6789fe98779086,1:0,500,0xf8023,9,5,5 0 0 0 0 0 0 0,1793927994
286,41,23227053,0x65d3f783f7a9f2a30cf70a8b3f6789fe98779086,1:0,500,0xf8002,19,10,10 0 0 0 0 0 0 0,1793941951
287,41,23227080,0x65d3f783f7a9f2a30cf70a8b3f6789fe98779086,1:0,500,0xf8002,19,10,10 0 0 0 0 0 0 0,1793941970
76,79,23227354,0x3f62ae0c7ed24dcd2b52c1c224296519b02df00d,1:0,500,0xf801d,9,5,5 0 0 0 0 0 0 0,1794713955
77,90,23227495,0x3f62ae0c7ed24dcd2b52c1c224296519b02df00d,1:0,500,0xf800a,9,5,5 0 0 0 0 0 0 0,1794951645
79,44,23227523,0x3f62ae0c7ed24dcd2b52c1c224296519b02df00d,2:0,500,0x1f000031,8,5,5 0 0 0 0 0 0 0,1793958218
212,7,23227562,0xbcd76fa66f9edc46065f4f27fd634ca15a0b1c72,1:0,500,0xf8006,19,10,10 0 0 0 0 0 0 0,1793180256
212,8,23227586,0xbcd76fa66f9edc46065f4f27fd634ca15a0b1c72,2:0,500,0x1f00001e,26,15,15 0 0 0 0 0 0 0,1793201856
212,9,23227612,0xbcd76fa66f9edc46065f4f27fd634ca15a0b1c72,3:0,500,0x3e00000013,10,5,5 0 0 0 0 0 0 0,1793223456
212,10,23227637,0xbcd76fa66f9edc46065f4f27fd634ca15a0b1c72,4:0,500,0x7c0000000019,17,10,10 0 0 0 0 0 0 0,1793245056
212,11,23227663,0xbcd76fa66f9edc46065f4f27fd634ca15a0b1c72,5:0,500,0xf8000000000016,14,9,9 0 0 0 0 0 0 0,1793266656
212,12,23227829,0xbcd76fa66f9edc46065f4f27fd634ca15a0b1c72,6:0,500,0x1f000000000000035,5,4,4 0 0 0 0 0 0 0,1793288256
212,13,23227854,0xbcd76fa66f9edc46065f4f27fd634ca15a0b1c72,7:0,500,0x3e00000000000000031,8,4,4 0 0 0 0 0 0 0,1793309856
212,14,23227878,0xbcd76fa66f9edc46065f4f27fd634ca15a0b1c72,8:0,500,0x7c0000000000000000033,18,9,9 0 0 0 0 0 0 0,1793331456
158,19,23227902,0x574b60bc1a42becb1de3972751e9238c26c9cccf,8:2,4000,0x3fc000000000000000001d,32,17,17 0 0 0 0 0 0 0,1793427025
212,15,23227920,0xbcd76fa66f9edc46065f4f27fd634ca15a0b1c72,9:0,500,0xf8000000000000000000008,5,4,4 0 0 0 0 0 0 0,1793353056
212,16,23227945,0xbcd76fa66f9edc46065f4f27fd634ca15a0b1c72,10:0,500,0x1f000000000000000000000025,5,4,4 0 0 0 0 0 0 0,1793374656
212,17,23227969,0xbcd76fa66f9edc46065f4f27fd634ca15a0b1c72,11:0,500,0x3e00000000000000000000000016,6,4,4 0 0 0 0 0 0 0,1793396256
158,20,23227973,0x574b60bc1a42becb1de3972751e9238c26c9cccf,15:2,4000,0x1fe0000000000000000000000000000000002f,11,8,8 0 0 0 0 0 0 0,1793448625
212,18,23227995,0xbcd76fa66f9edc46065f4f27fd634ca15a0b1c72,12:0,500,0x7c000000000000000000000000003b,13,8,8 0 0 0 0 0 0 0,1793417856
212,19,23228021,0xbcd76fa66f9edc46065f4f27fd634ca15a0b1c72,13:0,500,0xf8000000000000000000000000000005,13,8,8 0 0 0 0 0 0 0,1793439456
158,21,23228023,0x574b60bc1a42becb1de3972751e9238c26c9cccf,16:0,500,0x7c000000000000000000000000000000000000f,14,8,8 0 0 0 0 0 0 0,1793470225
212,20,23228051,0xbcd76fa66f9edc46065f4f27fd634ca15a0b1c72,14:0,500,0x1f000000000000000000000000000000030,13,8,8 0 0 0 0 0 0 0,1793461056
156,13,23228077,0x574b60bc1a42becb1de3972751e9238c26c9cccf,11:1,2000,0xfe0000000000000000000000001a,6,4,4 0 0 0 0 0 0 0,1793297075
212,21,23228082,0xbcd76fa66f9edc46065f4f27fd634ca15a0b1c72,15:0,500,0x3e00000000000000000000000000000000030,16,9,9 0 0 0 0 0 0 0,1793482656
212,22,23228110,0xbcd76fa66f9edc46065f4f27fd634ca15a0b1c72,16:0,500,0x7c0000000000000000000000000000000000036,6,4,4 0 0 0 0 0 0 0,1793504256
212,23,23228136,0xbcd76fa66f9edc46065f4f27fd634ca15a0b1c72,17:0,500,0xf8000000000000000000000000000000000000007,7,4,4 0 0 0 0 0 0 0,1793525856
212,24,23228160,0xbcd76fa66f9edc46065f4f27fd634ca15a0b1c72,18:0,500,0x1f00000000000000000000000000000000000000001d,7,4,4 0 0 0 0 0 0 0,1793547456
156,14,23228165,0x574b60bc1a42becb1de3972751e9238c26c9cccf,3:1,2000,0xfe00000030,19,10,10 0 0 0 0 0 0 0,1793318675
212,25,23228185,0xbcd76fa66f9edc46065f4f27fd634ca15a0b1c72,19:0,500,0x3e00000000000000000000000000000000000000000003,13,8,8 0 0 0 0 0 0 0,1793569056
159,11,23228245,0x574b60bc1a42becb1de3972751e9238c26c9cccf,4:1,2000,0x1fc0000000006,17,10,10 0 0 0 0 0 0 0,1793254253
212,26,23228656,0xbcd76fa66f9edc46065f4f27fd634ca15a0b1c72,1:0,500,0xf803f,9,5,5 0 0 0 0 0 0 0,1793590656
212,27,23228702,0xbcd76fa66f9edc46065f4f27fd634ca15a0b1c72,19:0,500,0x3e00000000000000000000000000000000000000000021,8,4,4 0 0 0 0 0 0 0,1793612256
33,4,23229553,0xbd5764383846bbd5aabc92ab9c9c2f9bbfa15a55,7:0,500,0x3e0000000000000000a,8,4,4 0 0 0 0 0 0 0,1793090274
54,4,23229579,0xbd5764383846bbd5aabc92ab9c9c2f9bbfa15a55,15:0,500,0x3e00000000000000000000000000000000004,6,4,4 0 0 0 0 0 0 0,1793092646
56,4,23229603,0xbd5764383846bbd5aabc92ab9c9c2f9bbfa15a55,17:0,500,0xf8000000000000000000000000000000000000001,7,4,4 0 0 0 0 0 0 0,1793092738
64,4,23229703,0x7a293aa02ef51e4e25394ffeeb5989ad4674cdd5,4:0,500,0x7c000000003c,8,5,5 0 0 0 0 0 0 0,1793093233
64,5,23230053,0x7a293aa02ef51e4e25394ffeeb5989ad4674cdd5,4:0,500,0x7c0000000035,17,10,10 0 0 0 0 0 0 0,1793114833
66,4,23230115,0x7a293aa02ef51e4e25394ffeeb5989ad4674cdd5,15:0,500,0x3e00000000000000000000000000000000004,6,4,4 0 0 0 0 0 0 0,1793093278
67,4,23230160,0x7a293aa02ef51e4e25394ffeeb5989ad4674cdd5,17:0,500,0xf8000000000000000000000000000000000000001,7,4,4 0 0 0 0 0 0 0,1793093330
322,26,23230277,0x2122e553875fe2d0e24eb0eb220ea7da258ddd5d,1:0,500,0xf803f,29,15,15 0 0 0 0 0 0 0,1793629332
322,27,23230325,0x2122e553875fe2d0e24eb0eb220ea7da258ddd5d,2:0,500,0x1f000034,16,10,10 0 0 0 0 0 0 0,1793650932
322,28,23230365,0x2122e553875fe2d0e24eb0eb220ea7da258ddd5d,3:0,500,0x3e00000032,19,10,10 0 0 0 0 0 0 0,1793672532
322,29,23230429,0x2122e553875fe2d0e24eb0eb220ea7da258ddd5d,4:0,500,0x7c0000000002,8,5,5 0 0 0 0 0 0 0,1793694132
322,30,23230472,0x2122e553875fe2d0e24eb0eb220ea7da258ddd5d,5:0,500,0xf8000000000017,6,4,4 0 0 0 0 0 0 0,1793715732
322,31,23230513,0x2122e553875fe2d0e24eb0eb220ea7da258ddd5d,6:0,500,0x1f000000000000032,12,8,8 0 0 0 0 0 0 0,1793737332
71,4,23230578,0xd13699e25eb3550ec997be63686ca837e4d956ba,7:0,500,0x3e0000000000000000a,8,4,4 0 0 0 0 0 0 0,1793093592
322,32,23230589,0x2122e553875fe2d0e24eb0eb220ea7da258ddd5d,7:0,500,0x3e00000000000000034,26,13,13 0 0 0 0 0 0 0,1793758932
72,4,23230610,0xd13699e25eb3550ec997be63686ca837e4d956ba,15:0,500,0x3e00000000000000000000000000000000004,10,8,8 0 0 0 0 0 0 0,1793093629
322,33,23230631,0x2122e553875fe2d0e24eb0eb220ea7da258ddd5d,8:0,500,0x7c000000000000000002f,16,8,8 0 0 0 0 0 0 0,1793780532
73,4,23230642,0xd13699e25eb3550ec997be63686ca837e4d956ba,19:0,500,0x3e00000000000000000000000000000000000000000008,13,8,8 0 0 0 0 0 0 0,1793093661
322,34,23230669,0x2122e553875fe2d0e24eb0eb220ea7da258ddd5d,9:0,500,0xf8000000000000000000034,5,4,4 0 0 0 0 0 0 0,1793802132
322,35,23230717,0x2122e553875fe2d0e24eb0eb220ea7da258ddd5d,10:0,500,0x1f000000000000000000000006,8,8,8 0 0 0 0 0 0 0,1793823732
322,36,23230759,0x2122e553875fe2d0e24eb0eb220ea7da258ddd5d,11:0,500,0x3e00000000000000000000000021,14,8,8 0 0 0 0 0 0 0,1793845332
322,37,23230797,0x2122e553875fe2d0e24eb0eb220ea7da258ddd5d,12:0,500,0x7c000000000000000000000000002f,13,8,8 0 0 0 0 0 0 0,1793866932
322,38,23230842,0x2122e553875fe2d0e24eb0eb220ea7da258ddd5d,13:0,500,0xf8000000000000000000000000000003,13,8,8 0 0 0 0 0 0 0,1793888532
85,4,23230912,0xc9d6c183b4acafbdaf8c398adee039f17c86321d,7:0,500,0x3e0000000000000000a,8,4,4 0 0 0 0 0 0 0,1793094507
87,4,23230944,0xc9d6c183b4acafbdaf8c398adee039f17c86321d,15:0,500,0x3e00000000000000000000000000000000004,6,4,4 0 0 0 0 0 0 0,1793094536
322,39,23230964,0x2122e553875fe2d0e24eb0eb220ea7da258ddd5d,19:0,500,0x3e0000000000000000000000000000000000000000001a,8,4,4 0 0 0 0 0 0 0,1793910132
89,4,23230967,0xc9d6c183b4acafbdaf8c398adee039f17c86321d,17:0,500,0xf8000000000000000000000000000000000000001,7,4,4 0 0 0 0 0 0 0,1793094567
322,40,23231060,0x2122e553875fe2d0e24eb0eb220ea7da258ddd5d,16:0,500,0x7c000000000000000000000000000000000001b,16,9,9 0 0 0 0 0 0 0,1793931732
322,41,23231096,0x2122e553875fe2d0e24eb0eb220ea7da258ddd5d,17:0,500,0xf800000000000000000000000000000000000003f,10,8,8 0 0 0 0 0 0 0,1793953332
322,42,23231129,0x2122e553875fe2d0e24eb0eb220ea7da258ddd5d,18:0,500,0x1f000000000000000000000000000000000000000022,12,8,8 0 0 0 0 0 0 0,1793974932
322,43,23231162,0x2122e553875fe2d0e24eb0eb220ea7da258ddd5d,12:0,500,0x7c0000000000000000000000000000,5,4,4 0 0 0 0 0 0 0,1793996532
322,44,23231196,0x2122e553875fe2d0e24eb0eb220ea7da258ddd5d,13:0,500,0xf8000000000000000000000000000002,8,4,4 0 0 0 0 0 0 0,1794018132
322,45,23231240,0x2122e553875fe2d0e24eb0eb220ea7da258ddd5d,14:0,500,0x1f000000000000000000000000000000022,7,4,4 0 0 0 0 0 0 0,1794039732
322,46,23231289,0x2122e553875fe2d0e24eb0eb220ea7da258ddd5d,15:0,500,0x3e0000000000000000000000000000000000a,10,8,8 0 0 0 0 0 0 0,1794061332
91,4,23231296,0xafd6e6a4c331a0112ed9fbc306fba05b44d87020,3:0,500,0x3e00000002,10,5,5 0 0 0 0 0 0 0,1793094738
96,4,23231332,0xafd6e6a4c331a0112ed9fbc306fba05b44d87020,19:0,500,0x3e00000000000000000000000000000000000000000008,8,4,4 0 0 0 0 0 0 0,1793094946
322,47,23231361,0x2122e553875fe2d0e24eb0eb220ea7da258ddd5d,9:0,500,0xf8000000000000000000007,12,8,8 0 0 0 0 0 0 0,1794082932
93,6,23231382,0xafd6e6a4c331a0112ed9fbc306fba05b44d87020,12:0,500,0x7c000000000000000000000000000b,5,4,4 0 0 0 0 0 0 0,1793137979
322,48,23231397,0x2122e553875fe2d0e24eb0eb220ea7da258ddd5d,10:0,500,0x1f00000000000000000000001d,5,4,4 0 0 0 0 0 0 0,1794104532
322,49,23231454,0x2122e553875fe2d0e24eb0eb220ea7da258ddd5d,11:0,500,0x3e00000000000000000000000027,6,4,4 0 0 0 0 0 0 0,1794126132
322,50,23231538,0x2122e553875fe2d0e24eb0eb220ea7da258ddd5d,1:0,500,0xf8037,19,10,10 0 0 0 0 0 0 0,1794147732
99,5,23231576,0xcbc381d3f2139da5159cd9863d7e1d0111ccdd19,7:1,2000,0xfe00000000000000005,8,4,4 0 0 0 0 0 0 0,1793116615
322,51,23231576,0x2122e553875fe2d0e24eb0eb220ea7da258ddd5d,10:0,500,0x1f000000000000000000000038,8,8,8 0 0 0 0 0 0 0,1794169332
322,52,23231612,0x2122e553875fe2d0e24eb0eb220ea7da258ddd5d,7:0,500,0x3e00000000000000034,8,4,4 0 0 0 0 0 0 0,1794190932
100,6,23231623,0xcbc381d3f2139da5159cd9863d7e1d0111ccdd19,13:0,500,0xf8000000000000000000000000000007,13,8,8 0 0 0 0 0 0 0,1793138262
322,53,23231654,0x2122e553875fe2d0e24eb0eb220ea7da258ddd5d,4:0,500,0x7c000000000a,17,10,10 0 0 0 0 0 0 0,1794212532
101,5,23231656,0xcbc381d3f2139da5159cd9863d7e1d0111ccdd19,16:0,500,0x7c000000000000000000000000000000000002c,6,4,4 0 0 0 0 0 0 0,1793116743
322,54,23231693,0x2122e553875fe2d0e24eb0eb220ea7da258ddd5d,11:0,500,0x3e0000000000000000000000002e,14,8,8 0 0 0 0 0 0 0,1794234132
322,55,23231724,0x2122e553875fe2d0e24eb0eb220ea7da258ddd5d,11:0,500,0x3e0000000000000000000000000a,6,4,4 0 0 0 0 0 0 0,1794255732
322,56,23231757,0x2122e553875fe2d0e24eb0eb220ea7da258ddd5d,4:0,500,0x7c0000000018,8,5,5 0 0 0 0 0 0 0,1794277332
208,5,23231757,0x019d9319cbefec30f672fe0f79acd709958ab271,19:0,500,0x3e0000000000000000000000000000000000000000002e,8,4,4 0 0 0 0 0 0 0,1793135275
322,57,23231795,0x2122e553875fe2d0e24eb0eb220ea7da258ddd5d,11:0,500,0x3e00000000000000000000000039,24,13,13 0 0 0 0 0 0 0,1794298932
322,58,23231835,0x2122e553875fe2d0e24eb0eb220ea7da258ddd5d,11:0,500,0x3e00000000000000000000000018,6,4,4 0 0 0 0 0 0 0,1794320532
102,4,23231865,0x42a08b2a271f7305d0f6ef5e6c37f7ebb3d05c39,12:0,500,0x7c000000000000000000000000001e,5,4,4 0 0 0 0 0 0 0,1793095329
322,59,23231876,0x2122e553875fe2d0e24eb0eb220ea7da258ddd5d,14:0,500,0x1f000000000000000000000000000000037,13,8,8 0 0 0 0 0 0 0,1794342132
103,4,23231899,0x42a08b2a271f7305d0f6ef5e6c37f7ebb3d05c39,13:0,500,0xf800000000000000000000000000002b,8,4,4 0 0 0 0 0 0 0,1793095366
105,4,23231921,0x42a08b2a271f7305d0f6ef5e6c37f7ebb3d05c39,11:0,500,0x3e00000000000000000000000001,6,4,4 0 0 0 0 0 0 0,1793095408
322,60,23232050,0x2122e553875fe2d0e24eb0eb220ea7da258ddd5d,19:0,500,0x3e0000000000000000000000000000000000000000002e,13,8,8 0 0 0 0 0 0 0,1794363732
322,61,23232087,0x2122e553875fe2d0e24eb0eb220ea7da258ddd5d,19:0,500,0x3e0000000000000000000000000000000000000000002f,8,4,4 0 0 0 0 0 0 0,1794385332
106,4,23232114,0x661d1d56530e9a07bb5d6058f32d431fecc9a7fa,4:0,500,0x7c000000003c,8,5,5 0 0 0 0 0 0 0,1793095541
322,62,23232116,0x2122e553875fe2d0e24eb0eb220ea7da258ddd5d,19:0,500,0x3e00000000000000000000000000000000000000000038,23,13,13 0 0 0 0 0 0 0,1794406932
107,4,23232141,0x661d1d56530e9a07bb5d6058f32d431fecc9a7fa,15:0,500,0x3e00000000000000000000000000000000004,6,4,4 0 0 0 0 0 0 0,1793095576
322,63,23232143,0x2122e553875fe2d0e24eb0eb220ea7da258ddd5d,19:0,500,0x3e0000000000000000000000000000000000000000001a,8,4,4 0 0 0 0 0 0 0,1794428532
108,4,23232170,0x661d1d56530e9a07bb5d6058f32d431fecc9a7fa,8:0,500,0x7c000000000000000001b,8,4,4 0 0 0 0 0 0 0,1793095611
322,64,23232178,0x2122e553875fe2d0e24eb0eb220ea7da258ddd5d,19:0,500,0x3e0000000000000000000000000000000000000000001c,13,8,8 0 0 0 0 0 0 0,1794450132
322,65,23232213,0x2122e553875fe2d0e24eb0eb220ea7da258ddd5d,19:0,500,0x3e00000000000000000000000000000000000000000023,16,8,8 0 0 0 0 0 0 0,1794471732
322,66,23232393,0x2122e553875fe2d0e24eb0eb220ea7da258ddd5d,19:0,500,0x3e0000000000000000000000000000000000000000002e,13,8,8 0 0 0 0 0 0 0,1794493332
322,67,23232428,0x2122e553875fe2d0e24eb0eb220ea7da258ddd5d,19:0,500,0x3e00000000000000000000000000000000000000000021,8,4,4 0 0 0 0 0 0 0,1794514932
322,68,23232468,0x2122e553875fe2d0e24eb0eb220ea7da258ddd5d,19:0,500,0x3e00000000000000000000000000000000000000000024,13,8,8 0 0 0 0 0 0 0,1794536532
322,69,23232509,0x2122e553875fe2d0e24eb0eb220ea7da258ddd5d,19:0,500,0x3e00000000000000000000000000000000000000000022,18,9,9 0 0 0 0 0 0 0,1794558132
322,70,23232536,0x2122e553875fe2d0e24eb0eb220ea7da258ddd5d,19:0,500,0x3e00000000000000000000000000000000000000000012,13,8,8 0 0 0 0 0 0 0,1794579732
322,71,23232565,0x2122e553875fe2d0e24eb0eb220ea7da258ddd5d,19:0,500,0x3e0000000000000000000000000000000000000000003d,8,4,4 0 0 0 0 0 0 0,1794601332
322,72,23232604,0x2122e553875fe2d0e24eb0eb220ea7da258ddd5d,19:0,500,0x3e0000000000000000000000000000000000000000003c,21,12,12 0 0 0 0 0 0 0,1794622932
322,73,23232647,0x2122e553875fe2d0e24eb0eb220ea7da258ddd5d,19:0,500,0x3e0000000000000000000000000000000000000000002e,8,4,4 0 0 0 0 0 0 0,1794644532
322,74,23232709,0x2122e553875fe2d0e24eb0eb220ea7da258ddd5d,19:0,500,0x3e0000000000000000000000000000000000000000002c,23,13,13 0 0 0 0 0 0 0,1794666132
322,75,23232746,0x2122e553875fe2d0e24eb0eb220ea7da258ddd5d,19:0,500,0x3e0000000000000000000000000000000000000000003d,8,4,4 0 0 0 0 0 0 0,1794687732
109,4,23232962,0xb7c3e773bf48d10039faf6be963ab96853819742,4:0,500,0x7c000000003c,8,5,5 0 0 0 0 0 0 0,1793095677
110,4,23232987,0xb7c3e773bf48d10039faf6be963ab96853819742,6:0,500,0x1f000000000000012,5,4,4 0 0 0 0 0 0 0,1793095705
111,5,23233014,0xb7c3e773bf48d10039faf6be963ab96853819742,15:0,500,0x3e00000000000000000000000000000000027,6,4,4 0 0 0 0 0 0 0,1793117332
112,4,23233174,0xd9a63b1c97f1b186ea7e6fe60a985694e6bd5a74,1:0,500,0xf8037,19,10,10 0 0 0 0 0 0 0,1793095964
113,4,23233212,0xd9a63b1c97f1b186ea7e6fe60a985694e6bd5a74,8:0,500,0x7c000000000000000001b,8,4,4 0 0 0 0 0 0 0,1793095991
114,4,23233238,0xd9a63b1c97f1b186ea7e6fe60a985694e6bd5a74,17:0,500,0xf8000000000000000000000000000000000000001,10,8,8 0 0 0 0 0 0 0,1793096028
44,46,23233421,0xf04ecec3cac1ad5e55e03cb5842b07be2c2249c9,1:2,4000,0x7f801e,29,15,15 0 0 0 0 0 0 0,1793998788
44,47,23233493,0xf04ecec3cac1ad5e55e03cb5842b07be2c2249c9,19:0,500,0x3e00000000000000000000000000000000000000000002,8,4,4 0 0 0 0 0 0 0,1794020388
44,48,23233524,0xf04ecec3cac1ad5e55e03cb5842b07be2c2249c9,16:0,500,0x7c0000000000000000000000000000000000020,14,8,8 0 0 0 0 0 0 0,1794041988
44,49,23233565,0xf04ecec3cac1ad5e55e03cb5842b07be2c2249c9,17:0,500,0xf800000000000000000000000000000000000002b,10,8,8 0 0 0 0 0 0 0,1794063588
44,50,23233600,0xf04ecec3cac1ad5e55e03cb5842b07be2c2249c9,18:0,500,0x1f00000000000000000000000000000000000000001d,12,8,8 0 0 0 0 0 0 0,1794085188
44,51,23233740,0xf04ecec3cac1ad5e55e03cb5842b07be2c2249c9,12:0,500,0x7c0000000000000000000000000027,23,13,13 0 0 0 0 0 0 0,1794106788
44,52,23233781,0xf04ecec3cac1ad5e55e03cb5842b07be2c2249c9,12:0,500,0x7c0000000000000000000000000001,5,4,4 0 0 0 0 0 0 0,1794128388
44,53,23233869,0xf04ecec3cac1ad5e55e03cb5842b07be2c2249c9,19:0,500,0x3e0000000000000000000000000000000000000000003b,13,8,8 0 0 0 0 0 0 0,1794149988
44,54,23233904,0xf04ecec3cac1ad5e55e03cb5842b07be2c2249c9,12:0,500,0x7c0000000000000000000000000023,13,8,8 0 0 0 0 0 0 0,1794171588
112,5,23233906,0xd9a63b1c97f1b186ea7e6fe60a985694e6bd5a74,19:0,500,0x3e0000000000000000000000000000000000000000002e,8,4,4 0 0 0 0 0 0 0,1793117564
44,55,23233944,0xf04ecec3cac1ad5e55e03cb5842b07be2c2249c9,13:0,500,0xf800000000000000000000000000002d,13,8,8 0 0 0 0 0 0 0,1794193188
112,6,23233954,0xd9a63b1c97f1b186ea7e6fe60a985694e6bd5a74,18:0,500,0x1f000000000000000000000000000000000000000031,17,9,9 0 0 0 0 0 0 0,1793139164
112,7,23234043,0xd9a63b1c97f1b186ea7e6fe60a985694e6bd5a74,2:0,500,0x1f00001c,8,5,5 0 0 0 0 0 0 0,1793160764
44,56,23234153,0xf04ecec3cac1ad5e55e03cb5842b07be2c2249c9,19:0,500,0x3e00000000000000000000000000000000000000000015,8,4,4 0 0 0 0 0 0 0,1794214788
44,57,23234182,0xf04ecec3cac1ad5e55e03cb5842b07be2c2249c9,13:0,500,0xf800000000000000000000000000000e,8,4,4 0 0 0 0 0 0 0,1794236388
44,58,23234216,0xf04ecec3cac1ad5e55e03cb5842b07be2c2249c9,14:0,500,0x1f00000000000000000000000000000003b,17,9,9 0 0 0 0 0 0 0,1794257988
44,59,23234252,0xf04ecec3cac1ad5e55e03cb5842b07be2c2249c9,15:0,500,0x3e00000000000000000000000000000000006,10,8,8 0 0 0 0 0 0 0,1794279588
142,6,23234333,0x22fdae531a69647a0ade9154093ac83769f9dc49,10:0,500,0x1f00000000000000000000003d,8,8,8 0 0 0 0 0 0 0,1793143209
44,60,23234338,0xf04ecec3cac1ad5e55e03cb5842b07be2c2249c9,19:0,500,0x3e0000000000000000000000000000000000000000002e,13,8,8 0 0 0 0 0 0 0,1794301188
44,61,23234373,0xf04ecec3cac1ad5e55e03cb5842b07be2c2249c9,19:0,500,0x3e0000000000000000000000000000000000000000002f,8,4,4 0 0 0 0 0 0 0,1794322788
44,62,23234403,0xf04ecec3cac1ad5e55e03cb5842b07be2c2249c9,19:0,500,0x3e00000000000000000000000000000000000000000038,13,8,8 0 0 0 0 0 0 0,1794344388
44,63,23234441,0xf04ecec3cac1ad5e55e03cb5842b07be2c2249c9,19:0,500,0x3e0000000000000000000000000000000000000000001a,16,8,8 0 0 0 0 0 0 0,1794365988
44,64,23234472,0xf04ecec3cac1ad5e55e03cb5842b07be2c2249c9,19:0,500,0x3e0000000000000000000000000000000000000000001c,13,8,8 0 0 0 0 0 0 0,1794387588
44,65,23234510,0xf04ecec3cac1ad5e55e03cb5842b07be2c2249c9,16:0,500,0x7c0000000000000000000000000000000000017,16,9,9 0 0 0 0 0 0 0,1794409188
214,4,23234578,0x0824026863b82d18cc258f1299d96c17bbde6d86,3:2,4000,0x1fe00000012,19,10,10 0 0 0 0 0 0 0,1793115915
118,4,23234675,0xec56dc68b5091297a987c4b93195e6561629d501,6:0,500,0x1f000000000000012,5,4,4 0 0 0 0 0 0 0,1793097138
119,4,23234699,0xec56dc68b5091297a987c4b93195e6561629d501,15:0,500,0x3e00000000000000000000000000000000004,6,4,4 0 0 0 0 0 0 0,1793097237
120,5,23234721,0xec56dc68b5091297a987c4b93195e6561629d501,19:0,500,0x3e0000000000000000000000000000000000000000002e,8,4,4 0 0 0 0 0 0 0,1793118857
215,4,23235051,0x0824026863b82d18cc258f1299d96c17bbde6d86,2:2,4000,0xff00001f,18,10,10 0 0 0 0 0 0 0,1793115993
124,4,23235390,0x682e5537cce3e03a3020d896498786bb81c4a5e7,1:0,500,0xf8037,19,10,10 0 0 0 0 0 0 0,1793097894
125,4,23235416,0x682e5537cce3e03a3020d896498786bb81c4a5e7,17:0,500,0xf8000000000000000000000000000000000000001,7,4,4 0 0 0 0 0 0 0,1793097920
126,4,23235444,0x682e5537cce3e03a3020d896498786bb81c4a5e7,11:0,500,0x3e00000000000000000000000001,6,4,4 0 0 0 0 0 0 0,1793097959
127,4,23235659,0xa7c48ec145b032aa0fd76ebdae085bdb42173f19,7:0,500,0x3e0000000000000000a,16,8,8 0 0 0 0 0 0 0,1793098023
128,4,23235697,0xa7c48ec145b032aa0fd76ebdae085bdb42173f19,6:0,500,0x1f000000000000012,5,4,4 0 0 0 0 0 0 0,1793098060
129,4,23235720,0xa7c48ec145b032aa0fd76ebdae085bdb42173f19,15:0,500,0x3e00000000000000000000000000000000004,6,4,4 0 0 0 0 0 0 0,1793098087
285,11,23236467,0x27f48de5e0605da8b2a52ddfd06f6d273b804336,18:0,500,0x1f000000000000000000000000000000000000000034,12,8,8 0 0 0 0 0 0 0,1793293882
285,12,23236601,0x27f48de5e0605da8b2a52ddfd06f6d273b804336,17:0,500,0xf8000000000000000000000000000000000000019,7,4,4 0 0 0 0 0 0 0,1793315482
285,13,23236722,0x27f48de5e0605da8b2a52ddfd06f6d273b804336,18:0,500,0x1f00000000000000000000000000000000000000000e,7,4,4 0 0 0 0 0 0 0,1793337082
285,14,23237827,0x27f48de5e0605da8b2a52ddfd06f6d273b804336,14:0,500,0x1f00000000000000000000000000000000c,13,8,8 0 0 0 0 0 0 0,1793358682
173,3,23245556,0x1ffb740eabe3d5fde7052df1e82a1df6fac2633e,1:0,500,0xf801c,9,5,5 0 0 0 0 0 0 0,1793084286
174,3,23245619,0x1ffb740eabe3d5fde7052df1e82a1df6fac2633e,14:1,2000,0x7f00000000000000000000000000000003a,7,4,4 0 0 0 0 0 0 0,1793084379
176,4,23245668,0x1ffb740eabe3d5fde7052df1e82a1df6fac2633e,19:2,4000,0x1fe0000000000000000000000000000000000000000003a,16,8,8 0 0 0 0 0 0 0,1793106184
178,4,23246222,0x3103136150ed5dde8332551f0be87fcb7131a954,4:1,2000,0x1fc000000002f,8,5,5 0 0 0 0 0 0 0,1793106518
179,5,23246246,0x3103136150ed5dde8332551f0be87fcb7131a954,13:1,2000,0x3f800000000000000000000000000001f,8,4,4 0 0 0 0 0 0 0,1793128142
180,4,23246265,0x3103136150ed5dde8332551f0be87fcb7131a954,15:1,2000,0xfe00000000000000000000000000000000024,6,4,4 0 0 0 0 0 0 0,1793106565
182,7,23246404,0x549ae637381f77c13bb0e9308a0d8f56769f4dc4,6:0,500,0x1f00000000000002a,5,4,4 0 0 0 0 0 0 0,1793171505
183,7,23246431,0x549ae637381f77c13bb0e9308a0d8f56769f4dc4,6:0,500,0x1f00000000000002a,5,4,4 0 0 0 0 0 0 0,1793171524
184,3,23246459,0x549ae637381f77c13bb0e9308a0d8f56769f4dc4,16:0,500,0x7c0000000000000000000000000000000000020,14,8,8 0 0 0 0 0 0 0,1793085139
186,3,23246561,0x703ca793c3ce69082c70bea3a8fb71cc5bd05155,17:0,500,0xf800000000000000000000000000000000000000d,7,4,4 0 0 0 0 0 0 0,1793085531
188,3,23246603,0x703ca793c3ce69082c70bea3a8fb71cc5bd05155,18:0,500,0x1f000000000000000000000000000000000000000008,7,4,4 0 0 0 0 0 0 0,1793085644
189,3,23246649,0x703ca793c3ce69082c70bea3a8fb71cc5bd05155,18:0,500,0x1f000000000000000000000000000000000000000008,7,4,4 0 0 0 0 0 0 0,1793085664
193,3,23246765,0xbfdd7a87be2ad35e150fe97ec3e9459cf922296f,13:0,500,0xf8000000000000000000000000000039,8,4,4 0 0 0 0 0 0 0,1793085835
194,3,23246780,0xbfdd7a87be2ad35e150fe97ec3e9459cf922296f,6:0,500,0x1f00000000000000c,5,4,4 0 0 0 0 0 0 0,1793085859
195,4,23246787,0xbfdd7a87be2ad35e150fe97ec3e9459cf922296f,18:0,500,0x1f000000000000000000000000000000000000000010,7,4,4 0 0 0 0 0 0 0,1793107493
322,76,23251336,0x2122e553875fe2d0e24eb0eb220ea7da258ddd5d,19:0,500,0x3e00000000000000000000000000000000000000000011,13,8,8 0 0 0 0 0 0 0,1794709332
322,77,23251373,0x2122e553875fe2d0e24eb0eb220ea7da258ddd5d,19:0,500,0x3e00000000000000000000000000000000000000000000,8,4,4 0 0 0 0 0 0 0,1794730932
322,78,23251415,0x2122e553875fe2d0e24eb0eb220ea7da258ddd5d,16:0,500,0x7c000000000000000000000000000000000003a,14,8,8 0 0 0 0 0 0 0,1794752532
322,79,23251448,0x2122e553875fe2d0e24eb0eb220ea7da258ddd5d,19:0,500,0x3e00000000000000000000000000000000000000000036,13,8,8 0 0 0 0 0 0 0,1794774132
322,80,23251483,0x2122e553875fe2d0e24eb0eb220ea7da258ddd5d,19:0,500,0x3e00000000000000000000000000000000000000000017,8,4,4 0 0 0 0 0 0 0,1794795732
322,81,23251511,0x2122e553875fe2d0e24eb0eb220ea7da258ddd5d,19:0,500,0x3e00000000000000000000000000000000000000000006,31,17,17 0 0 0 0 0 0 0,1794817332
322,82,23251541,0x2122e553875fe2d0e24eb0eb220ea7da258ddd5d,17:0,500,0xf8000000000000000000000000000000000000037,7,4,4 0 0 0 0 0 0 0,1794838932
322,83,23251577,0x2122e553875fe2d0e24eb0eb220ea7da258ddd5d,9:0,500,0xf800000000000000000002a,5,4,4 0 0 0 0 0 0 0,1794860532
322,84,23251610,0x2122e553875fe2d0e24eb0eb220ea7da258ddd5d,14:0,500,0x1f000000000000000000000000000000021,7,4,4 0 0 0 0 0 0 0,1794882132
322,85,23251647,0x2122e553875fe2d0e24eb0eb220ea7da258ddd5d,10:0,500,0x1f00000000000000000000001b,5,4,4 0 0 0 0 0 0 0,1794903732
74,7,23258512,0x74107b9b65801d477d5a7980905beecd72b57a29,7:0,500,0x3e00000000000000000,8,4,4 0 0 0 0 0 0 0,1793158529
92,4,23258538,0x74107b9b65801d477d5a7980905beecd72b57a29,18:0,500,0x1f000000000000000000000000000000000000000010,7,4,4 0 0 0 0 0 0 0,1793094751
14,8,23261296,0x1b1829e31d3f85210ea84c2b62f59faa47687c7e,13:0,500,0xf800000000000000000000000000001b,8,4,4 0 0 0 0 0 0 0,1793173999
14,9,23261361,0x1b1829e31d3f85210ea84c2b62f59faa47687c7e,13:0,500,0xf8000000000000000000000000000007,13,8,8 0 0 0 0 0 0 0,1793195599
14,10,23261393,0x1b1829e31d3f85210ea84c2b62f59faa47687c7e,14:0,500,0x1f00000000000000000000000000000001a,17,9,9 0 0 0 0 0 0 0,1793217199
300,5,23261444,0x1b1829e31d3f85210ea84c2b62f59faa47687c7e,12:0,500,0x7c0000000000000000000000000016,5,4,4 0 0 0 0 0 0 0,1793172525
300,6,23261477,0x1b1829e31d3f85210ea84c2b62f59faa47687c7e,13:0,500,0xf8000000000000000000000000000007,8,4,4 0 0 0 0 0 0 0,1793194125
300,7,23261511,0x1b1829e31d3f85210ea84c2b62f59faa47687c7e,14:0,500,0x1f000000000000000000000000000000013,7,4,4 0 0 0 0 0 0 0,1793215725
285,15,23263884,0x27f48de5e0605da8b2a52ddfd06f6d273b804336,6:0,500,0x1f00000000000001d,5,4,4 0 0 0 0 0 0 0,1793380282
295,7,23273339,0xec0408f9fb4c25a98e60b6e5715cd059b1fa172f,5:0,500,0xf800000000003e,16,9,9 0 0 0 0 0 0 0,1793209379
315,6,23273452,0xec0408f9fb4c25a98e60b6e5715cd059b1fa172f,16:0,500,0x7c0000000000000000000000000000000000031,24,13,13 0 0 0 0 0 0 0,1793196699
321,6,23273501,0xec0408f9fb4c25a98e60b6e5715cd059b1fa172f,14:1,2000,0x7f000000000000000000000000000000013,7,4,4 0 0 0 0 0 0 0,1793197290
27,69,23274283,0x81b4bf458a73ea46fadd46ee8236e5f94c4eb8e0,9:0,500,0xf8000000000000000000005,12,8,8 0 0 0 0 0 0 0,1794493950
27,70,23274303,0x81b4bf458a73ea46fadd46ee8236e5f94c4eb8e0,5:0,500,0xf8000000000005,6,4,4 0 0 0 0 0 0 0,1794515550
27,71,23274322,0x81b4bf458a73ea46fadd46ee8236e5f94c4eb8e0,9:0,500,0xf8000000000000000000024,5,4,4 0 0 0 0 0 0 0,1794537150
27,72,23274335,0x81b4bf458a73ea46fadd46ee8236e5f94c4eb8e0,6:0,500,0x1f000000000000025,5,4,4 0 0 0 0 0 0 0,1794558750
27,73,23274356,0x81b4bf458a73ea46fadd46ee8236e5f94c4eb8e0,7:0,500,0x3e00000000000000023,8,4,4 0 0 0 0 0 0 0,1794580350
27,74,23274378,0x81b4bf458a73ea46fadd46ee8236e5f94c4eb8e0,13:0,500,0xf8000000000000000000000000000031,23,13,13 0 0 0 0 0 0 0,1794601950
27,75,23274392,0x81b4bf458a73ea46fadd46ee8236e5f94c4eb8e0,14:0,500,0x1f00000000000000000000000000000000b,7,4,4 0 0 0 0 0 0 0,1794623550
27,76,23274414,0x81b4bf458a73ea46fadd46ee8236e5f94c4eb8e0,9:0,500,0xf8000000000000000000004,12,8,8 0 0 0 0 0 0 0,1794645150
216,3,23274430,0x08bf056c728966c8d6d3f2acb0ad4be521ed0631,19:1,2000,0xfe0000000000000000000000000000000000000000002e,8,4,4 0 0 0 0 0 0 0,1793094770
27,77,23274434,0x81b4bf458a73ea46fadd46ee8236e5f94c4eb8e0,11:0,500,0x3e0000000000000000000000000b,6,4,4 0 0 0 0 0 0 0,1794666750
27,78,23274450,0x81b4bf458a73ea46fadd46ee8236e5f94c4eb8e0,3:0,500,0x3e00000022,19,10,10 0 0 0 0 0 0 0,1794688350
27,79,23274462,0x81b4bf458a73ea46fadd46ee8236e5f94c4eb8e0,11:0,500,0x3e00000000000000000000000025,14,8,8 0 0 0 0 0 0 0,1794709950
219,4,23274474,0x08bf056c728966c8d6d3f2acb0ad4be521ed0631,12:1,2000,0x1fc0000000000000000000000000029,13,8,8 0 0 0 0 0 0 0,1793117112
27,80,23274482,0x81b4bf458a73ea46fadd46ee8236e5f94c4eb8e0,19:0,500,0x3e00000000000000000000000000000000000000000017,8,4,4 0 0 0 0 0 0 0,1794731550
27,81,23274502,0x81b4bf458a73ea46fadd46ee8236e5f94c4eb8e0,14:0,500,0x1f000000000000000000000000000000031,13,8,8 0 0 0 0 0 0 0,1794753150
296,4,23274504,0x08bf056c728966c8d6d3f2acb0ad4be521ed0631,8:1,2000,0x1fc0000000000000000026,8,4,4 0 0 0 0 0 0 0,1793145182
27,82,23274518,0x81b4bf458a73ea46fadd46ee8236e5f94c4eb8e0,11:0,500,0x3e00000000000000000000000026,6,4,4 0 0 0 0 0 0 0,1794774750
27,83,23274541,0x81b4bf458a73ea46fadd46ee8236e5f94c4eb8e0,8:0,500,0x7c0000000000000000025,26,13,13 0 0 0 0 0 0 0,1794796350
27,84,23274595,0x81b4bf458a73ea46fadd46ee8236e5f94c4eb8e0,6:0,500,0x1f000000000000011,12,8,8 0 0 0 0 0 0 0,1794817950
27,85,23274615,0x81b4bf458a73ea46fadd46ee8236e5f94c4eb8e0,3:0,500,0x3e00000014,10,5,5 0 0 0 0 0 0 0,1794839550
27,86,23274635,0x81b4bf458a73ea46fadd46ee8236e5f94c4eb8e0,3:0,500,0x3e0000000c,19,10,10 0 0 0 0 0 0 0,1794861150
27,87,23274655,0x81b4bf458a73ea46fadd46ee8236e5f94c4eb8e0,10:0,500,0x1f00000000000000000000000b,8,8,8 0 0 0 0 0 0 0,1794882750
27,88,23274676,0x81b4bf458a73ea46fadd46ee8236e5f94c4eb8e0,14:0,500,0x1f00000000000000000000000000000001a,7,4,4 0 0 0 0 0 0 0,1794904350
27,89,23274691,0x81b4bf458a73ea46fadd46ee8236e5f94c4eb8e0,9:0,500,0xf8000000000000000000016,5,4,4 0 0 0 0 0 0 0,1794925950
27,90,23274706,0x81b4bf458a73ea46fadd46ee8236e5f94c4eb8e0,6:0,500,0x1f000000000000001,5,4,4 0 0 0 0 0 0 0,1794947550
27,91,23274718,0x81b4bf458a73ea46fadd46ee8236e5f94c4eb8e0,10:0,500,0x1f00000000000000000000001c,5,4,4 0 0 0 0 0 0 0,1794969150
27,92,23274737,0x81b4bf458a73ea46fadd46ee8236e5f94c4eb8e0,14:0,500,0x1f00000000000000000000000000000000c,13,8,8 0 0 0 0 0 0 0,1794990750
27,93,23274749,0x81b4bf458a73ea46fadd46ee8236e5f94c4eb8e0,5:0,500,0xf800000000003e,14,9,9 0 0 0 0 0 0 0,1795012350
27,94,23274770,0x81b4bf458a73ea46fadd46ee8236e5f94c4eb8e0,9:0,500,0xf8000000000000000000004,12,8,8 0 0 0 0 0 0 0,1795033950
27,95,23274791,0x81b4bf458a73ea46fadd46ee8236e5f94c4eb8e0,10:0,500,0x1f000000000000000000000014,18,13,13 0 0 0 0 0 0 0,1795055550
27,96,23274803,0x81b4bf458a73ea46fadd46ee8236e5f94c4eb8e0,10:0,500,0x1f000000000000000000000015,5,4,4 0 0 0 0 0 0 0,1795077150
27,97,23274818,0x81b4bf458a73ea46fadd46ee8236e5f94c4eb8e0,7:0,500,0x3e00000000000000033,16,8,8 0 0 0 0 0 0 0,1795098750
27,98,23274886,0x81b4bf458a73ea46fadd46ee8236e5f94c4eb8e0,6:0,500,0x1f000000000000032,12,8,8 0 0 0 0 0 0 0,1795120350
27,99,23274898,0x81b4bf458a73ea46fadd46ee8236e5f94c4eb8e0,10:0,500,0x1f000000000000000000000002,16,12,12 0 0 0 0 0 0 0,1795141950
27,100,23274919,0x81b4bf458a73ea46fadd46ee8236e5f94c4eb8e0,9:0,500,0xf8000000000000000000020,5,4,4 0 0 0 0 0 0 0,1795163550
27,101,23274931,0x81b4bf458a73ea46fadd46ee8236e5f94c4eb8e0,7:0,500,0x3e00000000000000026,8,4,4 0 0 0 0 0 0 0,1795185150
27,102,23274951,0x81b4bf458a73ea46fadd46ee8236e5f94c4eb8e0,9:0,500,0xf800000000000000000000a,12,8,8 0 0 0 0 0 0 0,1795206750
27,103,23274971,0x81b4bf458a73ea46fadd46ee8236e5f94c4eb8e0,5:0,500,0xf800000000002e,16,9,9 0 0 0 0 0 0 0,1795228350
27,104,23274989,0x81b4bf458a73ea46fadd46ee8236e5f94c4eb8e0,11:0,500,0x3e0000000000000000000000001b,14,8,8 0 0 0 0 0 0 0,1795249950
27,105,23275002,0x81b4bf458a73ea46fadd46ee8236e5f94c4eb8e0,5:0,500,0xf8000000000003,14,9,9 0 0 0 0 0 0 0,1795271550
27,106,23275026,0x81b4bf458a73ea46fadd46ee8236e5f94c4eb8e0,11:0,500,0x3e00000000000000000000000020,6,4,4 0 0 0 0 0 0 0,1795293150
27,107,23275039,0x81b4bf458a73ea46fadd46ee8236e5f94c4eb8e0,10:0,500,0x1f000000000000000000000026,5,4,4 0 0 0 0 0 0 0,1795314750
27,108,23275052,0x81b4bf458a73ea46fadd46ee8236e5f94c4eb8e0,11:0,500,0x3e0000000000000000000000003c,14,8,8 0 0 0 0 0 0 0,1795336350
27,109,23275066,0x81b4bf458a73ea46fadd46ee8236e5f94c4eb8e0,9:0,500,0xf8000000000000000000036,15,9,9 0 0 0 0 0 0 0,1795357950
27,110,23275086,0x81b4bf458a73ea46fadd46ee8236e5f94c4eb8e0,10:0,500,0x1f000000000000000000000014,8,8,8 0 0 0 0 0 0 0,1795379550
27,111,23275106,0x81b4bf458a73ea46fadd46ee8236e5f94c4eb8e0,10:0,500,0x1f000000000000000000000039,5,4,4 0 0 0 0 0 0 0,1795401150
30,14,23275151,0xb39e79d3540fc34f516af70574b94d4ef8f885d2,10:0,500,0x1f000000000000000000000017,8,8,8 0 0 0 0 0 0 0,1793306114
30,15,23275180,0xb39e79d3540fc34f516af70574b94d4ef8f885d2,11:0,500,0x3e00000000000000000000000032,16,9,9 0 0 0 0 0 0 0,1793327714
27,112,23275200,0x81b4bf458a73ea46fadd46ee8236e5f94c4eb8e0,10:0,500,0x1f000000000000000000000001,8,8,8 0 0 0 0 0 0 0,1795422750
30,16,23275212,0xb39e79d3540fc34f516af70574b94d4ef8f885d2,12:0,500,0x7c0000000000000000000000000004,13,8,8 0 0 0 0 0 0 0,1793349314
27,113,23275219,0x81b4bf458a73ea46fadd46ee8236e5f94c4eb8e0,7:0,500,0x3e0000000000000001f,16,8,8 0 0 0 0 0 0 0,1795444350
27,114,23275238,0x81b4bf458a73ea46fadd46ee8236e5f94c4eb8e0,12:0,500,0x7c0000000000000000000000000001,13,8,8 0 0 0 0 0 0 0,1795465950
27,115,23275257,0x81b4bf458a73ea46fadd46ee8236e5f94c4eb8e0,11:0,500,0x3e0000000000000000000000000b,6,4,4 0 0 0 0 0 0 0,1795487550
27,116,23275277,0x81b4bf458a73ea46fadd46ee8236e5f94c4eb8e0,9:0,500,0xf8000000000000000000015,12,8,8 0 0 0 0 0 0 0,1795509150
27,117,23275291,0x81b4bf458a73ea46fadd46ee8236e5f94c4eb8e0,11:0,500,0x3e00000000000000000000000013,14,8,8 0 0 0 0 0 0 0,1795530750
27,118,23275319,0x81b4bf458a73ea46fadd46ee8236e5f94c4eb8e0,2:0,500,0x1f000038,16,10,10 0 0 0 0 0 0 0,1795552350
284,12,23275798,0x26542d0bc93a63c141a21956337f18773b237882,1:1,2000,0x3f8037,19,10,10 0 0 0 0 0 0 0,1793309122
116,13,23275953,0xb39e79d3540fc34f516af70574b94d4ef8f885d2,17:0,500,0xf800000000000000000000000000000000000000b,17,9,9 0 0 0 0 0 0 0,1793291251
116,14,23275974,0xb39e79d3540fc34f516af70574b94d4ef8f885d2,18:0,500,0x1f000000000000000000000000000000000000000026,7,4,4 0 0 0 0 0 0 0,1793312851
116,15,23276000,0xb39e79d3540fc34f516af70574b94d4ef8f885d2,19:0,500,0x3e0000000000000000000000000000000000000000001e,13,8,8 0 0 0 0 0 0 0,1793334451
197,10,23276039,0xb39e79d3540fc34f516af70574b94d4ef8f885d2,2:0,500,0x1f000002,16,10,10 0 0 0 0 0 0 0,1793240487
197,11,23276085,0xb39e79d3540fc34f516af70574b94d4ef8f885d2,3:0,500,0x3e0000002f,10,5,5 0 0 0 0 0 0 0,1793262087
30,17,23276262,0xb39e79d3540fc34f516af70574b94d4ef8f885d2,12:0,500,0x7c0000000000000000000000000003,5,4,4 0 0 0 0 0 0 0,1793370914
30,18,23276284,0xb39e79d3540fc34f516af70574b94d4ef8f885d2,13:0,500,0xf8000000000000000000000000000038,13,8,8 0 0 0 0 0 0 0,1793392514
30,19,23276310,0xb39e79d3540fc34f516af70574b94d4ef8f885d2,14:0,500,0x1f000000000000000000000000000000031,7,4,4 0 0 0 0 0 0 0,1793414114
30,20,23276334,0xb39e79d3540fc34f516af70574b94d4ef8f885d2,15:0,500,0x3e00000000000000000000000000000000035,6,4,4 0 0 0 0 0 0 0,1793435714
28,4,23276614,0xa9a3dbee74753ccd9b40521d1f92f9cf2f49b9dd,16:0,500,0x7c0000000000000000000000000000000000007,6,4,4 0 0 0 0 0 0 0,1793090010
115,6,23284457,0x46f440d3d4e6466034b2a5034fc501ac0a31bf29,10:1,2000,0x7f00000000000000000000000c,8,8,8 0 0 0 0 0 0 0,1793139976
285,16,23288114,0x27f48de5e0605da8b2a52ddfd06f6d273b804336,5:0,500,0xf8000000000032,6,4,4 0 0 0 0 0 0 0,1793401882
44,66,23290207,0xf04ecec3cac1ad5e55e03cb5842b07be2c2249c9,19:0,500,0x3e0000000000000000000000000000000000000000002e,8,4,4 0 0 0 0 0 0 0,1794430788
305,12,23294322,0xa754afb7549fce6e666bfcd6d4a4064c7d732d0e,1:1,2000,0x3f8037,29,15,15 0 0 0 0 0 0 0,1793324973
305,13,23294347,0xa754afb7549fce6e666bfcd6d4a4064c7d732d0e,2:1,2000,0x7f000030,26,15,15 0 0 0 0 0 0 0,1793346573
305,14,23294371,0xa754afb7549fce6e666bfcd6d4a4064c7d732d0e,3:1,2000,0xfe00000030,28,15,15 0 0 0 0 0 0 0,1793368173
305,15,23294393,0xa754afb7549fce6e666bfcd6d4a4064c7d732d0e,4:1,2000,0x1fc0000000003,17,10,10 0 0 0 0 0 0 0,1793389773
306,8,23294472,0xa754afb7549fce6e666bfcd6d4a4064c7d732d0e,5:1,2000,0x3f8000000000010,14,9,9 0 0 0 0 0 0 0,1793238899
320,8,23294496,0xa754afb7549fce6e666bfcd6d4a4064c7d732d0e,5:1,2000,0x3f8000000000010,6,4,4 0 0 0 0 0 0 0,1793240456
130,4,23295500,0x2f1e4cf291e6dbd9236679ecdd1de9c324fcb879,5:0,500,0xf8000000000006,6,4,4 0 0 0 0 0 0 0,1793098279
131,4,23295524,0x2f1e4cf291e6dbd9236679ecdd1de9c324fcb879,11:0,500,0x3e00000000000000000000000001,6,4,4 0 0 0 0 0 0 0,1793098337
132,4,23295549,0x2f1e4cf291e6dbd9236679ecdd1de9c324fcb879,17:0,500,0xf8000000000000000000000000000000000000001,7,4,4 0 0 0 0 0 0 0,1793098372
190,4,23296034,0x024bd508a0752afb7e927b7defe681b51dd42377,1:0,500,0xf8037,19,10,10 0 0 0 0 0 0 0,1793107303
191,4,23296075,0x024bd508a0752afb7e927b7defe681b51dd42377,16:0,500,0x7c0000000000000000000000000000000000007,6,4,4 0 0 0 0 0 0 0,1793107371
192,4,23296112,0x024bd508a0752afb7e927b7defe681b51dd42377,18:0,500,0x1f000000000000000000000000000000000000000010,7,4,4 0 0 0 0 0 0 0,1793107427
231,3,23296311,0x246e4bf851155c76cd74a4e2961cd879431a7768,2:0,500,0x1f000028,8,5,5 0 0 0 0 0 0 0,1793098536
232,3,23296342,0x246e4bf851155c76cd74a4e2961cd879431a7768,9:0,500,0xf8000000000000000000036,5,4,4 0 0 0 0 0 0 0,1793098567
233,3,23296427,0x246e4bf851155c76cd74a4e2961cd879431a7768,18:0,500,0x1f000000000000000000000000000000000000000008,7,4,4 0 0 0 0 0 0 0,1793098602
303,5,23296587,0xbfe2643c33dade319d1634215ab68b3c098ed3e7,4:1,2000,0x1fc000000000b,17,10,10 0 0 0 0 0 0 0,1793172886
307,5,23296595,0xbfe2643c33dade319d1634215ab68b3c098ed3e7,4:1,2000,0x1fc000000000b,17,10,10 0 0 0 0 0 0 0,1793174268
241,3,23296632,0x34ee0241ab4d91c588bcd37948bec7769e0cae90,2:0,500,0x1f000028,8,5,5 0 0 0 0 0 0 0,1793099246
242,3,23296669,0x34ee0241ab4d91c588bcd37948bec7769e0cae90,9:0,500,0xf8000000000000000000036,5,4,4 0 0 0 0 0 0 0,1793099276
243,3,23296708,0x34ee0241ab4d91c588bcd37948bec7769e0cae90,18:0,500,0x1f000000000000000000000000000000000000000008,7,4,4 0 0 0 0 0 0 0,1793099309
31,31,23297559,0xac79fd6008b971723d16974cdb23ad70ecc00bee,2:0,500,0x1f00001e,8,5,5 0 0 0 0 0 0 0,1793673392
2,2,23298321,0xb1368c0b6e4dafbb5375c121df88154a3f72b299,14:2,4000,0xff000000000000000000000000000000021,14,8,8 0 0 0 0 0 0 0,1793043410
16,2,23298337,0xb1368c0b6e4dafbb5375c121df88154a3f72b299,19:2,4000,0x1fe00000000000000000000000000000000000000000036,16,8,8 0 0 0 0 0 0 0,1793044511
18,2,23298363,0xb1368c0b6e4dafbb5375c121df88154a3f72b299,10:2,4000,0xff000000000000000000000019,13,8,8 0 0 0 0 0 0 0,1793044580
287,42,23298701,0x65d3f783f7a9f2a30cf70a8b3f6789fe98779086,1:0,500,0xf8023,9,5,5 0 0 0 0 0 0 0,1793963570
286,42,23298748,0x65d3f783f7a9f2a30cf70a8b3f6789fe98779086,2:0,500,0x1f000005,8,5,5 0 0 0 0 0 0 0,1793963551
187,43,23298805,0x65d3f783f7a9f2a30cf70a8b3f6789fe98779086,10:0,500,0x1f000000000000000000000036,15,9,9 0 0 0 0 0 0 0,1793949594
322,86,23300962,0x2122e553875fe2d0e24eb0eb220ea7da258ddd5d,1:0,500,0xf803f,29,15,15 0 0 0 0 0 0 0,1794925332
322,87,23300994,0x2122e553875fe2d0e24eb0eb220ea7da258ddd5d,11:0,500,0x3e00000000000000000000000022,14,8,8 0 0 0 0 0 0 0,1794946932
322,88,23301037,0x2122e553875fe2d0e24eb0eb220ea7da258ddd5d,9:0,500,0xf8000000000000000000017,12,8,8 0 0 0 0 0 0 0,1794968532
322,89,23301070,0x2122e553875fe2d0e24eb0eb220ea7da258ddd5d,19:0,500,0x3e00000000000000000000000000000000000000000025,8,4,4 0 0 0 0 0 0 0,1794990132
322,90,23301105,0x2122e553875fe2d0e24eb0eb220ea7da258ddd5d,19:0,500,0x3e00000000000000000000000000000000000000000011,13,8,8 0 0 0 0 0 0 0,1795011732
271,10,23302080,0xd00226b73bab097e97c6df416dc031df7c4b5af1,2:0,500,0x1f000002,16,10,10 0 0 0 0 0 0 0,1793255917
1,2,23302137,0x5e7293bbccad7d606add851b1a8887c02d0102ab,10:2,4000,0xff000000000000000000000019,16,12,12 0 0 0 0 0 0 0,1793042566
199,6,23302153,0x0b1ba22af3fb3ad6247ba5d4413b6649edd40819,2:0,500,0x1f000008,18,10,10 0 0 0 0 0 0 0,1793154601
328,9,23302168,0x0b1ba22af3fb3ad6247ba5d4413b6649edd40819,1:0,500,0xf803a,29,15,15 0 0 0 0 0 0 0,1793264900
298,6,23302706,0xbd081f1b95d62c9a30efab2bb862eea6dcd7450a,9:0,500,0xf8000000000000000000032,5,4,4 0 0 0 0 0 0 0,1793193137
26,66,23304148,0x0dd5ff179c68dd64fa712da08b550ec3a7d3bd73,1:0,500,0xf8034,29,15,15 0 0 0 0 0 0 0,1794428903
86,52,23304170,0x0dd5ff179c68dd64fa712da08b550ec3a7d3bd73,1:0,500,0xf801b,9,5,5 0 0 0 0 0 0 0,1794131321
90,68,23304194,0x0dd5ff179c68dd64fa712da08b550ec3a7d3bd73,1:0,500,0xf8038,29,15,15 0 0 0 0 0 0 0,1794476984
218,10,23304729,0xb3aa0c5049d7e1c9abf88d612c10b8d792383464,5:2,4000,0x7f8000000000001,11,8,8 0 0 0 0 0 0 0,1793246488
218,11,23304933,0xb3aa0c5049d7e1c9abf88d612c10b8d792383464,15:2,4000,0x1fe00000000000000000000000000000000036,15,12,12 0 0 0 0 0 0 0,1793268088
36,6,23305212,0xf410f5824a53bdeedb76f7d280bccad40538c523,3:2,4000,0x1fe00000039,19,10,10 0 0 0 0 0 0 0,1793134114
36,7,23305264,0xf410f5824a53bdeedb76f7d280bccad40538c523,8:2,4000,0x3fc0000000000000000014,14,8,8 0 0 0 0 0 0 0,1793155714
218,12,23306056,0xb3aa0c5049d7e1c9abf88d612c10b8d792383464,12:2,4000,0x3fc0000000000000000000000000012,9,8,8 0 0 0 0 0 0 0,1793289688
218,13,23306072,0xb3aa0c5049d7e1c9abf88d612c10b8d792383464,19:1,2000,0xfe00000000000000000000000000000000000000000034,13,8,8 0 0 0 0 0 0 0,1793311288
324,7,23311140,0x1df89c0350e94575d0e20fd86c12e2a38e4c0ce1,1:0,500,0xf8006,9,5,5 0 0 0 0 0 0 0,1793220953
27,119,23311451,0x81b4bf458a73ea46fadd46ee8236e5f94c4eb8e0,9:0,500,0xf8000000000000000000016,20,13,13 0 0 0 0 0 0 0,1795573950
27,120,23311633,0x81b4bf458a73ea46fadd46ee8236e5f94c4eb8e0,6:0,500,0x1f000000000000032,5,4,4 0 0 0 0 0 0 0,1795595550
27,121,23311651,0x81b4bf458a73ea46fadd46ee8236e5f94c4eb8e0,2:0,500,0x1f00002a,8,5,5 0 0 0 0 0 0 0,1795617150
27,122,23311685,0x81b4bf458a73ea46fadd46ee8236e5f94c4eb8e0,5:0,500,0xf800000000002a,6,4,4 0 0 0 0 0 0 0,1795638750
27,123,23311704,0x81b4bf458a73ea46fadd46ee8236e5f94c4eb8e0,6:0,500,0x1f00000000000000a,12,8,8 0 0 0 0 0 0 0,1795660350
77,91,23311878,0x3f62ae0c7ed24dcd2b52c1c224296519b02df00d,2:0,500,0x1f000027,16,10,10 0 0 0 0 0 0 0,1794973245
77,92,23311905,0x3f62ae0c7ed24dcd2b52c1c224296519b02df00d,1:0,500,0xf801a,19,10,10 0 0 0 0 0 0 0,1794994845
77,93,23311929,0x3f62ae0c7ed24dcd2b52c1c224296519b02df00d,3:0,500,0x3e0000001c,10,5,5 0 0 0 0 0 0 0,1795016445
77,94,23312014,0x3f62ae0c7ed24dcd2b52c1c224296519b02df00d,1:0,500,0xf803f,19,10,10 0 0 0 0 0 0 0,1795038045
77,95,23312045,0x3f62ae0c7ed24dcd2b52c1c224296519b02df00d,1:0,500,0xf8033,29,15,15 0 0 0 0 0 0 0,1795059645
77,96,23312125,0x3f62ae0c7ed24dcd2b52c1c224296519b02df00d,1:0,500,0xf8034,9,5,5 0 0 0 0 0 0 0,1795081245
77,97,23312153,0x3f62ae0c7ed24dcd2b52c1c224296519b02df00d,1:0,500,0xf8013,19,10,10 0 0 0 0 0 0 0,1795102845
77,98,23312184,0x3f62ae0c7ed24dcd2b52c1c224296519b02df00d,2:0,500,0x1f000003,16,10,10 0 0 0 0 0 0 0,1795124445
77,99,23312211,0x3f62ae0c7ed24dcd2b52c1c224296519b02df00d,5:0,500,0xf8000000000038,14,9,9 0 0 0 0 0 0 0,1795146045
77,100,23312246,0x3f62ae0c7ed24dcd2b52c1c224296519b02df00d,11:0,500,0x3e0000000000000000000000000a,6,4,4 0 0 0 0 0 0 0,1795167645
77,101,23312275,0x3f62ae0c7ed24dcd2b52c1c224296519b02df00d,1:0,500,0xf801b,9,5,5 0 0 0 0 0 0 0,1795189245
77,102,23312309,0x3f62ae0c7ed24dcd2b52c1c224296519b02df00d,9:0,500,0xf800000000000000000000a,22,13,13 0 0 0 0 0 0 0,1795210845
213,6,23317171,0xccde496b83c644f779e5b6fcc0cc4a5c276fa5d4,1:0,500,0xf8025,9,5,5 0 0 0 0 0 0 0,1793158970
299,4,23317193,0xccde496b83c644f779e5b6fcc0cc4a5c276fa5d4,1:0,500,0xf8037,19,10,10 0 0 0 0 0 0 0,1793150272
172,7,23321533,0xed39205dd38074eea517a0e3dbd099b4e4a85af3,19:1,2000,0xfe00000000000000000000000000000000000000000013,21,12,12 0 0 0 0 0 0 0,1793170119
185,7,23321817,0xed39205dd38074eea517a0e3dbd099b4e4a85af3,12:1,2000,0x1fc000000000000000000000000000e,5,4,4 0 0 0 0 0 0 0,1793171924
44,67,23321879,0xf04ecec3cac1ad5e55e03cb5842b07be2c2249c9,1:0,500,0xf802e,9,5,5 0 0 0 0 0 0 0,1794452388
44,68,23321921,0xf04ecec3cac1ad5e55e03cb5842b07be2c2249c9,10:0,500,0x1f00000000000000000000002f,8,8,8 0 0 0 0 0 0 0,1794473988
44,69,23321977,0xf04ecec3cac1ad5e55e03cb5842b07be2c2249c9,19:0,500,0x3e00000000000000000000000000000000000000000022,13,8,8 0 0 0 0 0 0 0,1794495588
172,8,23322010,0xed39205dd38074eea517a0e3dbd099b4e4a85af3,5:0,500,0xf8000000000023,6,4,4 0 0 0 0 0 0 0,1793191719
44,70,23322016,0xf04ecec3cac1ad5e55e03cb5842b07be2c2249c9,12:0,500,0x7c000000000000000000000000000c,5,4,4 0 0 0 0 0 0 0,1794517188
44,71,23322056,0xf04ecec3cac1ad5e55e03cb5842b07be2c2249c9,15:0,500,0x3e00000000000000000000000000000000016,6,4,4 0 0 0 0 0 0 0,1794538788
185,8,23322065,0xed39205dd38074eea517a0e3dbd099b4e4a85af3,3:0,500,0x3e00000024,19,10,10 0 0 0 0 0 0 0,1793193524
290,10,23323924,0xf574c75a9959c7c418b6474b6223c526ba42af3e,1:2,4000,0x7f8006,29,15,15 0 0 0 0 0 0 0,1793272585
291,7,23323942,0xf574c75a9959c7c418b6474b6223c526ba42af3e,1:2,4000,0x7f803e,19,10,10 0 0 0 0 0 0 0,1793207812
292,6,23323958,0xf574c75a9959c7c418b6474b6223c526ba42af3e,1:1,2000,0x3f8011,9,5,5 0 0 0 0 0 0 0,1793186241
292,7,23323979,0xf574c75a9959c7c418b6474b6223c526ba42af3e,19:2,4000,0x1fe00000000000000000000000000000000000000000036,26,13,13 0 0 0 0 0 0 0,1793207841
207,7,23326099,0x4fe840d7588f2a7cc776b24c74b710d80c68c887,1:2,4000,0x7f803e,29,15,15 0 0 0 0 0 0 0,1793178378
328,10,23331365,0x0b1ba22af3fb3ad6247ba5d4413b6649edd40819,5:0,500,0xf8000000000014,14,9,9 0 0 0 0 0 0 0,1793286500
328,11,23331478,0x0b1ba22af3fb3ad6247ba5d4413b6649edd40819,6:0,500,0x1f000000000000033,5,4,4 0 0 0 0 0 0 0,1793308100
328,12,23331564,0x0b1ba22af3fb3ad6247ba5d4413b6649edd40819,12:0,500,0x7c0000000000000000000000000037,13,8,8 0 0 0 0 0 0 0,1793329700
328,13,23331629,0x0b1ba22af3fb3ad6247ba5d4413b6649edd40819,19:0,500,0x3e0000000000000000000000000000000000000000002d,8,4,4 0 0 0 0 0 0 0,1793351300
142,7,23332958,0x22fdae531a69647a0ade9154093ac83769f9dc49,1:0,500,0xf8006,9,5,5 0 0 0 0 0 0 0,1793164809
220,7,23333713,0x939571499a81766380edd7040bb16a785b800855,12:0,500,0x7c000000000000000000000000002f,5,4,4 0 0 0 0 0 0 0,1793182676
9,6,23334651,0x9e366c1405f7951431dbdeb53dcd57db342f55c4,2:1,2000,0x7f00002b,28,15,15 0 0 0 0 0 0 0,1793130674
293,5,23334716,0x9e366c1405f7951431dbdeb53dcd57db342f55c4,2:1,2000,0x7f00003a,26,15,15 0 0 0 0 0 0 0,1793164806
115,7,23334777,0x46f440d3d4e6466034b2a5034fc501ac0a31bf29,5:2,4000,0x7f800000000001b,11,8,8 0 0 0 0 0 0 0,1793161576
115,8,23335903,0x46f440d3d4e6466034b2a5034fc501ac0a31bf29,19:0,500,0x3e0000000000000000000000000000000000000000000c,23,13,13 0 0 0 0 0 0 0,1793183176
247,8,23339703,0xc7f1dce49db860c865ce34e4eb65dbef625919ef,2:1,2000,0x7f00002e,8,5,5 0 0 0 0 0 0 0,1793208361
264,5,23339751,0xc7f1dce49db860c865ce34e4eb65dbef625919ef,12:1,2000,0x1fc000000000000000000000000003b,5,4,4 0 0 0 0 0 0 0,1793146157
245,3,23340627,0x4663f73533083a058510fb48c75ca64cd885b262,2:1,2000,0x7f00003e,16,10,10 0 0 0 0 0 0 0,1793100220
59,13,23343540,0xf04ecec3cac1ad5e55e03cb5842b07be2c2249c9,9:0,500,0xf8000000000000000000023,22,13,13 0 0 0 0 0 0 0,1793287275
69,14,23343596,0xf04ecec3cac1ad5e55e03cb5842b07be2c2249c9,1:0,500,0xf8002,9,5,5 0 0 0 0 0 0 0,1793309356
322,91,23343726,0x2122e553875fe2d0e24eb0eb220ea7da258ddd5d,1:0,500,0xf8038,9,5,5 0 0 0 0 0 0 0,1795033332
322,92,23343944,0x2122e553875fe2d0e24eb0eb220ea7da258ddd5d,19:0,500,0x3e00000000000000000000000000000000000000000018,8,4,4 0 0 0 0 0 0 0,1795054932
328,14,23343994,0x0b1ba22af3fb3ad6247ba5d4413b6649edd40819,14:0,500,0x1f00000000000000000000000000000000c,7,4,4 0 0 0 0 0 0 0,1793372900
322,93,23343998,0x2122e553875fe2d0e24eb0eb220ea7da258ddd5d,19:0,500,0x3e00000000000000000000000000000000000000000014,13,8,8 0 0 0 0 0 0 0,1795076532
322,94,23344030,0x2122e553875fe2d0e24eb0eb220ea7da258ddd5d,19:0,500,0x3e00000000000000000000000000000000000000000001,8,4,4 0 0 0 0 0 0 0,1795098132
328,15,23344040,0x0b1ba22af3fb3ad6247ba5d4413b6649edd40819,18:0,500,0x1f000000000000000000000000000000000000000007,12,8,8 0 0 0 0 0 0 0,1793394500
322,95,23344052,0x2122e553875fe2d0e24eb0eb220ea7da258ddd5d,16:0,500,0x7c000000000000000000000000000000000002f,16,9,9 0 0 0 0 0 0 0,1795119732
322,96,23344114,0x2122e553875fe2d0e24eb0eb220ea7da258ddd5d,19:0,500,0x3e00000000000000000000000000000000000000000021,13,8,8 0 0 0 0 0 0 0,1795141332
322,97,23344136,0x2122e553875fe2d0e24eb0eb220ea7da258ddd5d,12:0,500,0x7c000000000000000000000000002a,13,8,8 0 0 0 0 0 0 0,1795162932
322,98,23344164,0x2122e553875fe2d0e24eb0eb220ea7da258ddd5d,19:0,500,0x3e00000000000000000000000000000000000000000023,8,4,4 0 0 0 0 0 0 0,1795184532
322,99,23344187,0x2122e553875fe2d0e24eb0eb220ea7da258ddd5d,9:0,500,0xf8000000000000000000030,5,4,4 0 0 0 0 0 0 0,1795206132
322,100,23344212,0x2122e553875fe2d0e24eb0eb220ea7da258ddd5d,13:0,500,0xf8000000000000000000000000000001,13,8,8 0 0 0 0 0 0 0,1795227732
322,101,23344256,0x2122e553875fe2d0e24eb0eb220ea7da258ddd5d,6:0,500,0x1f00000000000001d,5,4,4 0 0 0 0 0 0 0,1795249332
322,102,23344280,0x2122e553875fe2d0e24eb0eb220ea7da258ddd5d,15:0,500,0x3e0000000000000000000000000000000003b,16,9,9 0 0 0 0 0 0 0,1795270932
187,44,23345485,0x65d3f783f7a9f2a30cf70a8b3f6789fe98779086,16:0,500,0x7c0000000000000000000000000000000000035,14,8,8 0 0 0 0 0 0 0,1793971194
187,45,23345528,0x65d3f783f7a9f2a30cf70a8b3f6789fe98779086,1:0,500,0xf801c,19,10,10 0 0 0 0 0 0 0,1793992794
187,46,23345573,0x65d3f783f7a9f2a30cf70a8b3f6789fe98779086,16:0,500,0x7c0000000000000000000000000000000000029,6,4,4 0 0 0 0 0 0 0,1794014394
187,47,23345661,0x65d3f783f7a9f2a30cf70a8b3f6789fe98779086,9:0,500,0xf8000000000000000000007,5,4,4 0 0 0 0 0 0 0,1794035994
187,48,23345709,0x65d3f783f7a9f2a30cf70a8b3f6789fe98779086,3:0,500,0x3e00000037,10,5,5 0 0 0 0 0 0 0,1794057594
187,49,23345751,0x65d3f783f7a9f2a30cf70a8b3f6789fe98779086,11:0,500,0x3e00000000000000000000000027,24,13,13 0 0 0 0 0 0 0,1794079194
187,50,23345793,0x65d3f783f7a9f2a30cf70a8b3f6789fe98779086,6:0,500,0x1f000000000000000,5,4,4 0 0 0 0 0 0 0,1794100794
187,51,23345882,0x65d3f783f7a9f2a30cf70a8b3f6789fe98779086,9:0,500,0xf800000000000000000002e,12,8,8 0 0 0 0 0 0 0,1794122394
187,52,23345934,0x65d3f783f7a9f2a30cf70a8b3f6789fe98779086,5:0,500,0xf8000000000030,6,4,4 0 0 0 0 0 0 0,1794143994
187,53,23346076,0x65d3f783f7a9f2a30cf70a8b3f6789fe98779086,13:0,500,0xf8000000000000000000000000000007,8,4,4 0 0 0 0 0 0 0,1794165594
187,54,23346099,0x65d3f783f7a9f2a30cf70a8b3f6789fe98779086,10:0,500,0x1f000000000000000000000006,8,8,8 0 0 0 0 0 0 0,1794187194
187,55,23346142,0x65d3f783f7a9f2a30cf70a8b3f6789fe98779086,6:0,500,0x1f000000000000009,12,8,8 0 0 0 0 0 0 0,1794208794
187,56,23346205,0x65d3f783f7a9f2a30cf70a8b3f6789fe98779086,19:0,500,0x3e00000000000000000000000000000000000000000015,8,4,4 0 0 0 0 0 0 0,1794230394
187,57,23346235,0x65d3f783f7a9f2a30cf70a8b3f6789fe98779086,6:0,500,0x1f00000000000001d,5,4,4 0 0 0 0 0 0 0,1794251994
187,58,23346277,0x65d3f783f7a9f2a30cf70a8b3f6789fe98779086,4:0,500,0x7c000000000a,8,5,5 0 0 0 0 0 0 0,1794273594
187,59,23346300,0x65d3f783f7a9f2a30cf70a8b3f6789fe98779086,6:0,500,0x1f000000000000013,12,8,8 0 0 0 0 0 0 0,1794295194
187,60,23346342,0x65d3f783f7a9f2a30cf70a8b3f6789fe98779086,11:0,500,0x3e00000000000000000000000034,16,9,9 0 0 0 0 0 0 0,1794316794
77,103,23346361,0x3f62ae0c7ed24dcd2b52c1c224296519b02df00d,1:0,500,0xf8036,19,10,10 0 0 0 0 0 0 0,1795232445
187,61,23346384,0x65d3f783f7a9f2a30cf70a8b3f6789fe98779086,16:0,500,0x7c0000000000000000000000000000000000004,14,8,8 0 0 0 0 0 0 0,1794338394
77,104,23346412,0x3f62ae0c7ed24dcd2b52c1c224296519b02df00d,5:0,500,0xf800000000003b,6,4,4 0 0 0 0 0 0 0,1795254045
187,62,23346431,0x65d3f783f7a9f2a30cf70a8b3f6789fe98779086,17:0,500,0xf800000000000000000000000000000000000000b,7,4,4 0 0 0 0 0 0 0,1794359994
77,105,23346442,0x3f62ae0c7ed24dcd2b52c1c224296519b02df00d,9:0,500,0xf800000000000000000001c,5,4,4 0 0 0 0 0 0 0,1795275645
187,63,23346473,0x65d3f783f7a9f2a30cf70a8b3f6789fe98779086,6:0,500,0x1f00000000000000d,5,4,4 0 0 0 0 0 0 0,1794381594
77,106,23346521,0x3f62ae0c7ed24dcd2b52c1c224296519b02df00d,1:0,500,0xf8027,9,5,5 0 0 0 0 0 0 0,1795297245
187,64,23346544,0x65d3f783f7a9f2a30cf70a8b3f6789fe98779086,14:0,500,0x1f000000000000000000000000000000006,7,4,4 0 0 0 0 0 0 0,1794403194
77,107,23346607,0x3f62ae0c7ed24dcd2b52c1c224296519b02df00d,10:0,500,0x1f000000000000000000000026,18,13,13 0 0 0 0 0 0 0,1795318845
187,65,23346610,0x65d3f783f7a9f2a30cf70a8b3f6789fe98779086,18:0,500,0x1f000000000000000000000000000000000000000014,7,4,4 0 0 0 0 0 0 0,1794424794
187,66,23346633,0x65d3f783f7a9f2a30cf70a8b3f6789fe98779086,16:0,500,0x7c0000000000000000000000000000000000019,6,4,4 0 0 0 0 0 0 0,1794446394
187,67,23346674,0x65d3f783f7a9f2a30cf70a8b3f6789fe98779086,11:0,500,0x3e0000000000000000000000000b,14,8,8 0 0 0 0 0 0 0,1794467994
77,108,23346696,0x3f62ae0c7ed24dcd2b52c1c224296519b02df00d,9:0,500,0xf8000000000000000000014,12,8,8 0 0 0 0 0 0 0,1795340445
187,68,23346750,0x65d3f783f7a9f2a30cf70a8b3f6789fe98779086,6:0,500,0x1f000000000000021,12,8,8 0 0 0 0 0 0 0,1794489594
187,69,23346785,0x65d3f783f7a9f2a30cf70a8b3f6789fe98779086,10:0,500,0x1f00000000000000000000003c,5,4,4 0 0 0 0 0 0 0,1794511194
187,70,23346841,0x65d3f783f7a9f2a30cf70a8b3f6789fe98779086,3:0,500,0x3e0000001f,19,10,10 0 0 0 0 0 0 0,1794532794
77,109,23346864,0x3f62ae0c7ed24dcd2b52c1c224296519b02df00d,13:0,500,0xf800000000000000000000000000001b,8,4,4 0 0 0 0 0 0 0,1795362045
187,71,23346907,0x65d3f783f7a9f2a30cf70a8b3f6789fe98779086,10:0,500,0x1f00000000000000000000002c,18,13,13 0 0 0 0 0 0 0,1794554394
187,72,23346957,0x65d3f783f7a9f2a30cf70a8b3f6789fe98779086,9:0,500,0xf8000000000000000000012,5,4,4 0 0 0 0 0 0 0,1794575994
187,73,23346981,0x65d3f783f7a9f2a30cf70a8b3f6789fe98779086,15:0,500,0x3e00000000000000000000000000000000002,6,4,4 0 0 0 0 0 0 0,1794597594
77,110,23346985,0x3f62ae0c7ed24dcd2b52c1c224296519b02df00d,10:0,500,0x1f000000000000000000000014,5,4,4 0 0 0 0 0 0 0,1795383645
187,74,23347025,0x65d3f783f7a9f2a30cf70a8b3f6789fe98779086,3:0,500,0x3e0000000b,10,5,5 0 0 0 0 0 0 0,1794619194
187,75,23347070,0x65d3f783f7a9f2a30cf70a8b3f6789fe98779086,16:0,500,0x7c000000000000000000000000000000000001a,14,8,8 0 0 0 0 0 0 0,1794640794
77,111,23347071,0x3f62ae0c7ed24dcd2b52c1c224296519b02df00d,7:0,500,0x3e00000000000000005,8,4,4 0 0 0 0 0 0 0,1795405245
77,112,23347095,0x3f62ae0c7ed24dcd2b52c1c224296519b02df00d,15:0,500,0x3e00000000000000000000000000000000000,10,8,8 0 0 0 0 0 0 0,1795426845
77,113,23347137,0x3f62ae0c7ed24dcd2b52c1c224296519b02df00d,13:0,500,0xf8000000000000000000000000000026,13,8,8 0 0 0 0 0 0 0,1795448445
187,76,23347151,0x65d3f783f7a9f2a30cf70a8b3f6789fe98779086,11:0,500,0x3e00000000000000000000000023,6,4,4 0 0 0 0 0 0 0,1794662394
77,114,23347159,0x3f62ae0c7ed24dcd2b52c1c224296519b02df00d,10:0,500,0x1f000000000000000000000006,8,8,8 0 0 0 0 0 0 0,1795470045
77,115,23347191,0x3f62ae0c7ed24dcd2b52c1c224296519b02df00d,9:0,500,0xf800000000000000000000c,5,4,4 0 0 0 0 0 0 0,1795491645
187,77,23347196,0x65d3f783f7a9f2a30cf70a8b3f6789fe98779086,6:0,500,0x1f00000000000002c,5,4,4 0 0 0 0 0 0 0,1794683994
77,116,23347223,0x3f62ae0c7ed24dcd2b52c1c224296519b02df00d,6:0,500,0x1f000000000000021,12,8,8 0 0 0 0 0 0 0,1795513245
187,78,23347239,0x65d3f783f7a9f2a30cf70a8b3f6789fe98779086,8:0,500,0x7c0000000000000000024,16,8,8 0 0 0 0 0 0 0,1794705594
187,79,23347285,0x65d3f783f7a9f2a30cf70a8b3f6789fe98779086,6:0,500,0x1f000000000000015,12,8,8 0 0 0 0 0 0 0,1794727194
187,80,23347309,0x65d3f783f7a9f2a30cf70a8b3f6789fe98779086,5:0,500,0xf8000000000033,24,14,14 0 0 0 0 0 0 0,1794748794
187,81,23347349,0x65d3f783f7a9f2a30cf70a8b3f6789fe98779086,4:0,500,0x7c0000000033,17,10,10 0 0 0 0 0 0 0,1794770394
187,82,23347393,0x65d3f783f7a9f2a30cf70a8b3f6789fe98779086,8:0,500,0x7c0000000000000000026,8,4,4 0 0 0 0 0 0 0,1794791994
187,83,23347416,0x65d3f783f7a9f2a30cf70a8b3f6789fe98779086,13:0,500,0xf8000000000000000000000000000015,13,8,8 0 0 0 0 0 0 0,1794813594
77,117,23347460,0x3f62ae0c7ed24dcd2b52c1c224296519b02df00d,3:0,500,0x3e0000001e,19,10,10 0 0 0 0 0 0 0,1795534845
77,118,23347486,0x3f62ae0c7ed24dcd2b52c1c224296519b02df00d,5:0,500,0xf800000000002c,24,14,14 0 0 0 0 0 0 0,1795556445
187,84,23347497,0x65d3f783f7a9f2a30cf70a8b3f6789fe98779086,2:0,500,0x1f000034,16,10,10 0 0 0 0 0 0 0,1794835194
77,119,23347509,0x3f62ae0c7ed24dcd2b52c1c224296519b02df00d,9:0,500,0xf8000000000000000000016,12,8,8 0 0 0 0 0 0 0,1795578045
77,120,23347537,0x3f62ae0c7ed24dcd2b52c1c224296519b02df00d,10:0,500,0x1f000000000000000000000007,5,4,4 0 0 0 0 0 0 0,1795599645
187,85,23347543,0x65d3f783f7a9f2a30cf70a8b3f6789fe98779086,10:0,500,0x1f00000000000000000000001b,5,4,4 0 0 0 0 0 0 0,1794856794
187,86,23347567,0x65d3f783f7a9f2a30cf70a8b3f6789fe98779086,12:0,500,0x7c0000000000000000000000000019,13,8,8 0 0 0 0 0 0 0,1794878394
77,121,23347571,0x3f62ae0c7ed24dcd2b52c1c224296519b02df00d,5:0,500,0xf8000000000006,6,4,4 0 0 0 0 0 0 0,1795621245
77,122,23347605,0x3f62ae0c7ed24dcd2b52c1c224296519b02df00d,8:0,500,0x7c000000000000000002b,16,8,8 0 0 0 0 0 0 0,1795642845
77,123,23347652,0x3f62ae0c7ed24dcd2b52c1c224296519b02df00d,4:0,500,0x7c0000000014,8,5,5 0 0 0 0 0 0 0,1795664445
77,124,23347688,0x3f62ae0c7ed24dcd2b52c1c224296519b02df00d,17:0,500,0xf800000000000000000000000000000000000000a,7,4,4 0 0 0 0 0 0 0,1795686045
187,87,23347708,0x65d3f783f7a9f2a30cf70a8b3f6789fe98779086,10:0,500,0x1f00000000000000000000000b,18,13,13 0 0 0 0 0 0 0,1794899994
77,125,23347727,0x3f62ae0c7ed24dcd2b52c1c224296519b02df00d,8:0,500,0x7c0000000000000000003,8,4,4 0 0 0 0 0 0 0,1795707645
187,88,23347751,0x65d3f783f7a9f2a30cf70a8b3f6789fe98779086,17:0,500,0xf8000000000000000000000000000000000000024,10,8,8 0 0 0 0 0 0 0,1794921594
77,126,23347770,0x3f62ae0c7ed24dcd2b52c1c224296519b02df00d,12:0,500,0x7c0000000000000000000000000037,13,8,8 0 0 0 0 0 0 0,1795729245
187,89,23347774,0x65d3f783f7a9f2a30cf70a8b3f6789fe98779086,2:0,500,0x1f000016,8,5,5 0 0 0 0 0 0 0,1794943194
77,127,23347799,0x3f62ae0c7ed24dcd2b52c1c224296519b02df00d,15:0,500,0x3e00000000000000000000000000000000032,6,4,4 0 0 0 0 0 0 0,1795750845
187,90,23347817,0x65d3f783f7a9f2a30cf70a8b3f6789fe98779086,17:0,500,0xf8000000000000000000000000000000000000028,7,4,4 0 0 0 0 0 0 0,1794964794
77,128,23347830,0x3f62ae0c7ed24dcd2b52c1c224296519b02df00d,6:0,500,0x1f000000000000009,15,9,9 0 0 0 0 0 0 0,1795772445
187,91,23347872,0x65d3f783f7a9f2a30cf70a8b3f6789fe98779086,5:0,500,0xf800000000003f,6,4,4 0 0 0 0 0 0 0,1794986394
77,129,23347895,0x3f62ae0c7ed24dcd2b52c1c224296519b02df00d,14:0,500,0x1f000000000000000000000000000000001,7,4,4 0 0 0 0 0 0 0,1795794045
187,92,23347915,0x65d3f783f7a9f2a30cf70a8b3f6789fe98779086,6:0,500,0x1f000000000000029,5,4,4 0 0 0 0 0 0 0,1795007994
77,130,23347926,0x3f62ae0c7ed24dcd2b52c1c224296519b02df00d,4:0,500,0x7c0000000025,17,10,10 0 0 0 0 0 0 0,1795815645
187,93,23347961,0x65d3f783f7a9f2a30cf70a8b3f6789fe98779086,10:0,500,0x1f000000000000000000000025,15,9,9 0 0 0 0 0 0 0,1795029594
77,131,23347961,0x3f62ae0c7ed24dcd2b52c1c224296519b02df00d,2:0,500,0x1f000030,8,5,5 0 0 0 0 0 0 0,1795837245
77,132,23347989,0x3f62ae0c7ed24dcd2b52c1c224296519b02df00d,6:0,500,0x1f000000000000013,12,8,8 0 0 0 0 0 0 0,1795858845
187,94,23348007,0x65d3f783f7a9f2a30cf70a8b3f6789fe98779086,14:0,500,0x1f00000000000000000000000000000000e,13,8,8 0 0 0 0 0 0 0,1795051194
77,133,23348018,0x3f62ae0c7ed24dcd2b52c1c224296519b02df00d,10:0,500,0x1f000000000000000000000012,8,8,8 0 0 0 0 0 0 0,1795880445
187,95,23348029,0x65d3f783f7a9f2a30cf70a8b3f6789fe98779086,15:0,500,0x3e0000000000000000000000000000000001f,10,8,8 0 0 0 0 0 0 0,1795072794
77,134,23348054,0x3f62ae0c7ed24dcd2b52c1c224296519b02df00d,7:0,500,0x3e00000000000000018,16,8,8 0 0 0 0 0 0 0,1795902045
187,96,23348090,0x65d3f783f7a9f2a30cf70a8b3f6789fe98779086,3:0,500,0x3e00000022,19,10,10 0 0 0 0 0 0 0,1795094394
76,80,23348153,0x3f62ae0c7ed24dcd2b52c1c224296519b02df00d,8:0,500,0x7c0000000000000000019,8,4,4 0 0 0 0 0 0 0,1794735555
79,45,23348161,0x3f62ae0c7ed24dcd2b52c1c224296519b02df00d,15:0,500,0x3e00000000000000000000000000000000037,6,4,4 0 0 0 0 0 0 0,1793979818
187,97,23348165,0x65d3f783f7a9f2a30cf70a8b3f6789fe98779086,13:0,500,0xf8000000000000000000000000000025,8,4,4 0 0 0 0 0 0 0,1795115994
77,135,23348204,0x3f62ae0c7ed24dcd2b52c1c224296519b02df00d,5:0,500,0xf8000000000018,14,9,9 0 0 0 0 0 0 0,1795923645
187,98,23348207,0x65d3f783f7a9f2a30cf70a8b3f6789fe98779086,7:0,500,0x3e00000000000000027,16,8,8 0 0 0 0 0 0 0,1795137594
77,136,23348245,0x3f62ae0c7ed24dcd2b52c1c224296519b02df00d,2:0,500,0x1f00000e,16,10,10 0 0 0 0 0 0 0,1795945245
187,99,23348250,0x65d3f783f7a9f2a30cf70a8b3f6789fe98779086,17:0,500,0xf8000000000000000000000000000000000000004,10,8,8 0 0 0 0 0 0 0,1795159194
77,137,23348275,0x3f62ae0c7ed24dcd2b52c1c224296519b02df00d,7:0,500,0x3e00000000000000010,8,4,4 0 0 0 0 0 0 0,1795966845
187,100,23348296,0x65d3f783f7a9f2a30cf70a8b3f6789fe98779086,14:0,500,0x1f00000000000000000000000000000002d,7,4,4 0 0 0 0 0 0 0,1795180794
77,138,23348311,0x3f62ae0c7ed24dcd2b52c1c224296519b02df00d,6:0,500,0x1f000000000000011,5,4,4 0 0 0 0 0 0 0,1795988445
187,101,23348318,0x65d3f783f7a9f2a30cf70a8b3f6789fe98779086,7:0,500,0x3e00000000000000026,18,9,9 0 0 0 0 0 0 0,1795202394
77,139,23348357,0x3f62ae0c7ed24dcd2b52c1c224296519b02df00d,1:0,500,0xf8014,29,15,15 0 0 0 0 0 0 0,1796010045
187,102,23348365,0x65d3f783f7a9f2a30cf70a8b3f6789fe98779086,3:0,500,0x3e00000039,10,5,5 0 0 0 0 0 0 0,1795223994
76,81,23348417,0x3f62ae0c7ed24dcd2b52c1c224296519b02df00d,3:0,500,0x3e0000002f,19,10,10 0 0 0 0 0 0 0,1794757155
187,103,23348436,0x65d3f783f7a9f2a30cf70a8b3f6789fe98779086,11:0,500,0x3e0000000000000000000000002c,14,8,8 0 0 0 0 0 0 0,1795245594
79,46,23348455,0x3f62ae0c7ed24dcd2b52c1c224296519b02df00d,8:0,500,0x7c000000000000000000e,16,8,8 0 0 0 0 0 0 0,1794001418
286,43,23348481,0x65d3f783f7a9f2a30cf70a8b3f6789fe98779086,16:0,500,0x7c0000000000000000000000000000000000005,14,8,8 0 0 0 0 0 0 0,1793985151
77,140,23348513,0x3f62ae0c7ed24dcd2b52c1c224296519b02df00d,5:0,500,0xf8000000000000,6,4,4 0 0 0 0 0 0 0,1796031645
287,43,23348526,0x65d3f783f7a9f2a30cf70a8b3f6789fe98779086,19:0,500,0x3e0000000000000000000000000000000000000000001b,8,4,4 0 0 0 0 0 0 0,1793985170
77,141,23348569,0x3f62ae0c7ed24dcd2b52c1c224296519b02df00d,1:0,500,0xf801b,9,5,5 0 0 0 0 0 0 0,1796053245
187,104,23348584,0x65d3f783f7a9f2a30cf70a8b3f6789fe98779086,5:0,500,0xf800000000003b,14,9,9 0 0 0 0 0 0 0,1795267194
187,105,23348606,0x65d3f783f7a9f2a30cf70a8b3f6789fe98779086,7:0,500,0x3e0000000000000000c,16,8,8 0 0 0 0 0 0 0,1795288794
77,142,23348609,0x3f62ae0c7ed24dcd2b52c1c224296519b02df00d,12:0,500,0x7c0000000000000000000000000002,5,4,4 0 0 0 0 0 0 0,1796074845
77,143,23348637,0x3f62ae0c7ed24dcd2b52c1c224296519b02df00d,15:0,500,0x3e00000000000000000000000000000000035,10,8,8 0 0 0 0 0 0 0,1796096445
187,106,23348651,0x65d3f783f7a9f2a30cf70a8b3f6789fe98779086,4:0,500,0x7c000000000f,8,5,5 0 0 0 0 0 0 0,1795310394
77,144,23348673,0x3f62ae0c7ed24dcd2b52c1c224296519b02df00d,10:0,500,0x1f00000000000000000000001c,5,4,4 0 0 0 0 0 0 0,1796118045
187,107,23348674,0x65d3f783f7a9f2a30cf70a8b3f6789fe98779086,10:0,500,0x1f000000000000000000000026,18,13,13 0 0 0 0 0 0 0,1795331994
187,108,23348696,0x65d3f783f7a9f2a30cf70a8b3f6789fe98779086,2:0,500,0x1f000014,16,10,10 0 0 0 0 0 0 0,1795353594
77,145,23348700,0x3f62ae0c7ed24dcd2b52c1c224296519b02df00d,3:0,500,0x3e0000003b,10,5,5 0 0 0 0 0 0 0,1796139645
77,146,23348723,0x3f62ae0c7ed24dcd2b52c1c224296519b02df00d,3:0,500,0x3e0000000a,19,10,10 0 0 0 0 0 0 0,1796161245
187,109,23348739,0x65d3f783f7a9f2a30cf70a8b3f6789fe98779086,3:0,500,0x3e0000003b,19,10,10 0 0 0 0 0 0 0,1795375194
77,147,23348750,0x3f62ae0c7ed24dcd2b52c1c224296519b02df00d,5:0,500,0xf8000000000010,14,9,9 0 0 0 0 0 0 0,1796182845
187,110,23348782,0x65d3f783f7a9f2a30cf70a8b3f6789fe98779086,8:0,500,0x7c0000000000000000016,16,8,8 0 0 0 0 0 0 0,1795396794
77,148,23348793,0x3f62ae0c7ed24dcd2b52c1c224296519b02df00d,11:0,500,0x3e0000000000000000000000001e,24,13,13 0 0 0 0 0 0 0,1796204445
187,111,23348823,0x65d3f783f7a9f2a30cf70a8b3f6789fe98779086,6:0,500,0x1f000000000000012,12,8,8 0 0 0 0 0 0 0,1795418394
77,149,23348825,0x3f62ae0c7ed24dcd2b52c1c224296519b02df00d,5:0,500,0xf8000000000022,6,4,4 0 0 0 0 0 0 0,1796226045
187,112,23348846,0x65d3f783f7a9f2a30cf70a8b3f6789fe98779086,3:0,500,0x3e00000009,10,5,5 0 0 0 0 0 0 0,1795439994
76,82,23348857,0x3f62ae0c7ed24dcd2b52c1c224296519b02df00d,16:0,500,0x7c0000000000000000000000000000000000029,14,8,8 0 0 0 0 0 0 0,1794778755
76,83,23348887,0x3f62ae0c7ed24dcd2b52c1c224296519b02df00d,8:0,500,0x7c0000000000000000025,16,8,8 0 0 0 0 0 0 0,1794800355
187,113,23348892,0x65d3f783f7a9f2a30cf70a8b3f6789fe98779086,8:0,500,0x7c0000000000000000027,8,4,4 0 0 0 0 0 0 0,1795461594
77,150,23348929,0x3f62ae0c7ed24dcd2b52c1c224296519b02df00d,3:0,500,0x3e0000002b,10,5,5 0 0 0 0 0 0 0,1796247645
187,114,23348937,0x65d3f783f7a9f2a30cf70a8b3f6789fe98779086,16:0,500,0x7c0000000000000000000000000000000000023,6,4,4 0 0 0 0 0 0 0,1795483194
77,151,23348955,0x3f62ae0c7ed24dcd2b52c1c224296519b02df00d,17:0,500,0xf800000000000000000000000000000000000000f,10,8,8 0 0 0 0 0 0 0,1796269245
187,115,23348984,0x65d3f783f7a9f2a30cf70a8b3f6789fe98779086,17:0,500,0xf800000000000000000000000000000000000000c,7,4,4 0 0 0 0 0 0 0,1795504794
77,152,23349008,0x3f62ae0c7ed24dcd2b52c1c224296519b02df00d,10:0,500,0x1f00000000000000000000002d,8,8,8 0 0 0 0 0 0 0,1796290845
187,116,23349030,0x65d3f783f7a9f2a30cf70a8b3f6789fe98779086,1:0,500,0xf8006,9,5,5 0 0 0 0 0 0 0,1795526394
77,153,23349041,0x3f62ae0c7ed24dcd2b52c1c224296519b02df00d,2:0,500,0x1f000006,8,5,5 0 0 0 0 0 0 0,1796312445
77,154,23349072,0x3f62ae0c7ed24dcd2b52c1c224296519b02df00d,14:0,500,0x1f000000000000000000000000000000034,13,8,8 0 0 0 0 0 0 0,1796334045
187,117,23349076,0x65d3f783f7a9f2a30cf70a8b3f6789fe98779086,7:0,500,0x3e00000000000000014,18,9,9 0 0 0 0 0 0 0,1795547994
77,155,23349103,0x3f62ae0c7ed24dcd2b52c1c224296519b02df00d,14:0,500,0x1f00000000000000000000000000000002f,17,9,9 0 0 0 0 0 0 0,1796355645
187,118,23349118,0x65d3f783f7a9f2a30cf70a8b3f6789fe98779086,19:0,500,0x3e00000000000000000000000000000000000000000025,13,8,8 0 0 0 0 0 0 0,1795569594
77,156,23349134,0x3f62ae0c7ed24dcd2b52c1c224296519b02df00d,7:0,500,0x3e00000000000000020,16,8,8 0 0 0 0 0 0 0,1796377245
187,119,23349140,0x65d3f783f7a9f2a30cf70a8b3f6789fe98779086,17:0,500,0xf8000000000000000000000000000000000000011,10,8,8 0 0 0 0 0 0 0,1795591194
77,157,23349170,0x3f62ae0c7ed24dcd2b52c1c224296519b02df00d,4:0,500,0x7c0000000029,8,5,5 0 0 0 0 0 0 0,1796398845
187,120,23349182,0x65d3f783f7a9f2a30cf70a8b3f6789fe98779086,18:0,500,0x1f000000000000000000000000000000000000000004,12,8,8 0 0 0 0 0 0 0,1795612794
77,158,23349199,0x3f62ae0c7ed24dcd2b52c1c224296519b02df00d,8:0,500,0x7c000000000000000001a,16,8,8 0 0 0 0 0 0 0,1796420445
187,121,23349224,0x65d3f783f7a9f2a30cf70a8b3f6789fe98779086,10:0,500,0x1f000000000000000000000038,5,4,4 0 0 0 0 0 0 0,1795634394
77,159,23349229,0x3f62ae0c7ed24dcd2b52c1c224296519b02df00d,7:0,500,0x3e00000000000000009,8,4,4 0 0 0 0 0 0 0,1796442045
77,160,23349257,0x3f62ae0c7ed24dcd2b52c1c224296519b02df00d,12:0,500,0x7c000000000000000000000000002a,13,8,8 0 0 0 0 0 0 0,1796463645
187,122,23349266,0x65d3f783f7a9f2a30cf70a8b3f6789fe98779086,12:0,500,0x7c000000000000000000000000003a,5,4,4 0 0 0 0 0 0 0,1795655994
77,161,23349299,0x3f62ae0c7ed24dcd2b52c1c224296519b02df00d,8:0,500,0x7c000000000000000003a,8,4,4 0 0 0 0 0 0 0,1796485245
187,123,23349319,0x65d3f783f7a9f2a30cf70a8b3f6789fe98779086,11:0,500,0x3e00000000000000000000000037,16,9,9 0 0 0 0 0 0 0,1795677594
77,162,23349332,0x3f62ae0c7ed24dcd2b52c1c224296519b02df00d,5:0,500,0xf800000000000a,24,14,14 0 0 0 0 0 0 0,1796506845
77,163,23349360,0x3f62ae0c7ed24dcd2b52c1c224296519b02df00d,2:0,500,0x1f00002a,16,10,10 0 0 0 0 0 0 0,1796528445
187,124,23349361,0x65d3f783f7a9f2a30cf70a8b3f6789fe98779086,8:0,500,0x7c000000000000000003c,16,8,8 0 0 0 0 0 0 0,1795699194
77,164,23349408,0x3f62ae0c7ed24dcd2b52c1c224296519b02df00d,8:0,500,0x7c0000000000000000033,16,8,8 0 0 0 0 0 0 0,1796550045
187,125,23349429,0x65d3f783f7a9f2a30cf70a8b3f6789fe98779086,15:0,500,0x3e00000000000000000000000000000000012,6,4,4 0 0 0 0 0 0 0,1795720794
77,165,23349434,0x3f62ae0c7ed24dcd2b52c1c224296519b02df00d,11:0,500,0x3e0000000000000000000000000f,6,4,4 0 0 0 0 0 0 0,1796571645
187,126,23349456,0x65d3f783f7a9f2a30cf70a8b3f6789fe98779086,9:0,500,0xf800000000000000000001c,12,8,8 0 0 0 0 0 0 0,1795742394
77,166,23349468,0x3f62ae0c7ed24dcd2b52c1c224296519b02df00d,8:0,500,0x7c0000000000000000000,8,4,4 0 0 0 0 0 0 0,1796593245
77,167,23349497,0x3f62ae0c7ed24dcd2b52c1c224296519b02df00d,10:0,500,0x1f000000000000000000000030,5,4,4 0 0 0 0 0 0 0,1796614845
187,127,23349499,0x65d3f783f7a9f2a30cf70a8b3f6789fe98779086,2:0,500,0x1f00003a,8,5,5 0 0 0 0 0 0 0,1795763994
77,168,23349532,0x3f62ae0c7ed24dcd2b52c1c224296519b02df00d,10:0,500,0x1f000000000000000000000007,8,8,8 0 0 0 0 0 0 0,1796636445
187,128,23349545,0x65d3f783f7a9f2a30cf70a8b3f6789fe98779086,5:0,500,0xf8000000000003,6,4,4 0 0 0 0 0 0 0,1795785594
77,169,23349568,0x3f62ae0c7ed24dcd2b52c1c224296519b02df00d,8:0,500,0x7c0000000000000000031,16,8,8 0 0 0 0 0 0 0,1796658045
187,129,23349591,0x65d3f783f7a9f2a30cf70a8b3f6789fe98779086,13:0,500,0xf800000000000000000000000000003e,23,13,13 0 0 0 0 0 0 0,1795807194
77,170,23349608,0x3f62ae0c7ed24dcd2b52c1c224296519b02df00d,9:0,500,0xf800000000000000000003b,22,13,13 0 0 0 0 0 0 0,1796679645
187,130,23349660,0x65d3f783f7a9f2a30cf70a8b3f6789fe98779086,12:0,500,0x7c000000000000000000000000003e,13,8,8 0 0 0 0 0 0 0,1795828794
77,171,23349688,0x3f62ae0c7ed24dcd2b52c1c224296519b02df00d,8:0,500,0x7c0000000000000000029,8,4,4 0 0 0 0 0 0 0,1796701245
187,131,23349711,0x65d3f783f7a9f2a30cf70a8b3f6789fe98779086,18:0,500,0x1f00000000000000000000000000000000000000000c,7,4,4 0 0 0 0 0 0 0,1795850394
77,172,23349716,0x3f62ae0c7ed24dcd2b52c1c224296519b02df00d,5:0,500,0xf8000000000014,6,4,4 0 0 0 0 0 0 0,1796722845
77,173,23349737,0x3f62ae0c7ed24dcd2b52c1c224296519b02df00d,4:0,500,0x7c0000000027,17,10,10 0 0 0 0 0 0 0,1796744445
187,132,23349755,0x65d3f783f7a9f2a30cf70a8b3f6789fe98779086,5:0,500,0xf800000000001f,14,9,9 0 0 0 0 0 0 0,1795871994
187,133,23349797,0x65d3f783f7a9f2a30cf70a8b3f6789fe98779086,5:0,500,0xf8000000000001,6,4,4 0 0 0 0 0 0 0,1795893594
77,174,23349814,0x3f62ae0c7ed24dcd2b52c1c224296519b02df00d,3:0,500,0x3e0000002b,19,10,10 0 0 0 0 0 0 0,1796766045
187,134,23349821,0x65d3f783f7a9f2a30cf70a8b3f6789fe98779086,19:0,500,0x3e00000000000000000000000000000000000000000008,8,4,4 0 0 0 0 0 0 0,1795915194
77,175,23349847,0x3f62ae0c7ed24dcd2b52c1c224296519b02df00d,4:0,500,0x7c000000002b,8,5,5 0 0 0 0 0 0 0,1796787645
187,135,23349871,0x65d3f783f7a9f2a30cf70a8b3f6789fe98779086,2:0,500,0x1f000006,16,10,10 0 0 0 0 0 0 0,1795936794
77,176,23349871,0x3f62ae0c7ed24dcd2b52c1c224296519b02df00d,4:0,500,0x7c000000003f,27,15,15 0 0 0 0 0 0 0,1796809245
187,136,23349893,0x65d3f783f7a9f2a30cf70a8b3f6789fe98779086,16:0,500,0x7c000000000000000000000000000000000000e,14,8,8 0 0 0 0 0 0 0,1795958394
77,177,23349912,0x3f62ae0c7ed24dcd2b52c1c224296519b02df00d,1:0,500,0xf8024,19,10,10 0 0 0 0 0 0 0,1796830845
187,137,23349934,0x65d3f783f7a9f2a30cf70a8b3f6789fe98779086,14:0,500,0x1f00000000000000000000000000000001f,13,8,8 0 0 0 0 0 0 0,1795979994
77,178,23349949,0x3f62ae0c7ed24dcd2b52c1c224296519b02df00d,6:0,500,0x1f000000000000001,12,8,8 0 0 0 0 0 0 0,1796852445
77,179,23349978,0x3f62ae0c7ed24dcd2b52c1c224296519b02df00d,5:0,500,0xf8000000000014,14,9,9 0 0 0 0 0 0 0,1796874045
187,138,23349984,0x65d3f783f7a9f2a30cf70a8b3f6789fe98779086,2:0,500,0x1f000023,8,5,5 0 0 0 0 0 0 0,1796001594
77,180,23350002,0x3f62ae0c7ed24dcd2b52c1c224296519b02df00d,10:0,500,0x1f000000000000000000000025,5,4,4 0 0 0 0 0 0 0,1796895645
77,181,23350031,0x3f62ae0c7ed24dcd2b52c1c224296519b02df00d,12:0,500,0x7c000000000000000000000000003a,5,4,4 0 0 0 0 0 0 0,1796917245
187,139,23350039,0x65d3f783f7a9f2a30cf70a8b3f6789fe98779086,9:0,500,0xf8000000000000000000011,5,4,4 0 0 0 0 0 0 0,1796023194
77,182,23350060,0x3f62ae0c7ed24dcd2b52c1c224296519b02df00d,16:0,500,0x7c000000000000000000000000000000000000a,14,8,8 0 0 0 0 0 0 0,1796938845
187,140,23350083,0x65d3f783f7a9f2a30cf70a8b3f6789fe98779086,2:0,500,0x1f000010,26,15,15 0 0 0 0 0 0 0,1796044794
187,141,23350106,0x65d3f783f7a9f2a30cf70a8b3f6789fe98779086,14:0,500,0x1f000000000000000000000000000000010,7,4,4 0 0 0 0 0 0 0,1796066394
77,183,23350106,0x3f62ae0c7ed24dcd2b52c1c224296519b02df00d,14:0,500,0x1f00000000000000000000000000000000f,13,8,8 0 0 0 0 0 0 0,1796960445
322,103,23353379,0x2122e553875fe2d0e24eb0eb220ea7da258ddd5d,19:0,500,0x3e00000000000000000000000000000000000000000029,21,12,12 0 0 0 0 0 0 0,1795292532
322,104,23353396,0x2122e553875fe2d0e24eb0eb220ea7da258ddd5d,16:0,500,0x7c0000000000000000000000000000000000032,14,8,8 0 0 0 0 0 0 0,1795314132
322,105,23353409,0x2122e553875fe2d0e24eb0eb220ea7da258ddd5d,19:0,500,0x3e00000000000000000000000000000000000000000000,8,4,4 0 0 0 0 0 0 0,1795335732
322,106,23353426,0x2122e553875fe2d0e24eb0eb220ea7da258ddd5d,16:0,500,0x7c000000000000000000000000000000000003f,6,4,4 0 0 0 0 0 0 0,1795357332
322,107,23353443,0x2122e553875fe2d0e24eb0eb220ea7da258ddd5d,19:0,500,0x3e0000000000000000000000000000000000000000003b,23,13,13 0 0 0 0 0 0 0,1795378932
322,108,23353485,0x2122e553875fe2d0e24eb0eb220ea7da258ddd5d,19:0,500,0x3e00000000000000000000000000000000000000000000,8,4,4 0 0 0 0 0 0 0,1795400532
322,109,23353503,0x2122e553875fe2d0e24eb0eb220ea7da258ddd5d,9:0,500,0xf8000000000000000000036,12,8,8 0 0 0 0 0 0 0,1795422132
322,110,23353525,0x2122e553875fe2d0e24eb0eb220ea7da258ddd5d,19:0,500,0x3e00000000000000000000000000000000000000000016,13,8,8 0 0 0 0 0 0 0,1795443732
322,111,23353557,0x2122e553875fe2d0e24eb0eb220ea7da258ddd5d,19:0,500,0x3e00000000000000000000000000000000000000000024,8,4,4 0 0 0 0 0 0 0,1795465332
322,112,23353590,0x2122e553875fe2d0e24eb0eb220ea7da258ddd5d,10:0,500,0x1f000000000000000000000001,8,8,8 0 0 0 0 0 0 0,1795486932
322,113,23353613,0x2122e553875fe2d0e24eb0eb220ea7da258ddd5d,19:0,500,0x3e00000000000000000000000000000000000000000016,13,8,8 0 0 0 0 0 0 0,1795508532
322,114,23353630,0x2122e553875fe2d0e24eb0eb220ea7da258ddd5d,19:0,500,0x3e0000000000000000000000000000000000000000001b,8,4,4 0 0 0 0 0 0 0,1795530132
322,115,23353649,0x2122e553875fe2d0e24eb0eb220ea7da258ddd5d,19:0,500,0x3e0000000000000000000000000000000000000000002b,21,12,12 0 0 0 0 0 0 0,1795551732
322,116,23353683,0x2122e553875fe2d0e24eb0eb220ea7da258ddd5d,3:0,500,0x3e00000033,20,10,10 0 0 0 0 0 0 0,1795573332
322,117,23353804,0x2122e553875fe2d0e24eb0eb220ea7da258ddd5d,13:0,500,0xf8000000000000000000000000000020,8,4,4 0 0 0 0 0 0 0,1795594932
322,118,23354043,0x2122e553875fe2d0e24eb0eb220ea7da258ddd5d,19:0,500,0x3e00000000000000000000000000000000000000000025,8,4,4 0 0 0 0 0 0 0,1795616532
322,119,23354060,0x2122e553875fe2d0e24eb0eb220ea7da258ddd5d,16:0,500,0x7c0000000000000000000000000000000000030,14,8,8 0 0 0 0 0 0 0,1795638132
322,120,23354077,0x2122e553875fe2d0e24eb0eb220ea7da258ddd5d,11:0,500,0x3e0000000000000000000000003c,6,4,4 0 0 0 0 0 0 0,1795659732
322,121,23354100,0x2122e553875fe2d0e24eb0eb220ea7da258ddd5d,11:0,500,0x3e00000000000000000000000023,24,13,13 0 0 0 0 0 0 0,1795681332
322,122,23354124,0x2122e553875fe2d0e24eb0eb220ea7da258ddd5d,18:0,500,0x1f000000000000000000000000000000000000000039,7,4,4 0 0 0 0 0 0 0,1795702932
322,123,23354141,0x2122e553875fe2d0e24eb0eb220ea7da258ddd5d,12:0,500,0x7c000000000000000000000000003a,5,4,4 0 0 0 0 0 0 0,1795724532
322,124,23354162,0x2122e553875fe2d0e24eb0eb220ea7da258ddd5d,1:0,500,0xf8018,19,10,10 0 0 0 0 0 0 0,1795746132
322,125,23354206,0x2122e553875fe2d0e24eb0eb220ea7da258ddd5d,10:0,500,0x1f000000000000000000000021,5,4,4 0 0 0 0 0 0 0,1795767732
322,126,23354283,0x2122e553875fe2d0e24eb0eb220ea7da258ddd5d,19:0,500,0x3e0000000000000000000000000000000000000000000d,13,8,8 0 0 0 0 0 0 0,1795789332
322,127,23354331,0x2122e553875fe2d0e24eb0eb220ea7da258ddd5d,19:0,500,0x3e00000000000000000000000000000000000000000013,8,4,4 0 0 0 0 0 0 0,1795810932
322,128,23354364,0x2122e553875fe2d0e24eb0eb220ea7da258ddd5d,11:0,500,0x3e0000000000000000000000002d,16,9,9 0 0 0 0 0 0 0,1795832532
322,129,23354392,0x2122e553875fe2d0e24eb0eb220ea7da258ddd5d,10:0,500,0x1f00000000000000000000001f,8,8,8 0 0 0 0 0 0 0,1795854132
322,130,23354412,0x2122e553875fe2d0e24eb0eb220ea7da258ddd5d,6:0,500,0x1f000000000000028,12,8,8 0 0 0 0 0 0 0,1795875732
322,131,23354446,0x2122e553875fe2d0e24eb0eb220ea7da258ddd5d,8:0,500,0x7c000000000000000002a,8,4,4 0 0 0 0 0 0 0,1795897332
27,124,23354663,0x81b4bf458a73ea46fadd46ee8236e5f94c4eb8e0,10:0,500,0x1f000000000000000000000008,5,4,4 0 0 0 0 0 0 0,1795681950
169,6,23356086,0x52c2947e6df632d9be6323f7fee666e95e4aa386,9:2,4000,0x7f8000000000000000000002,17,12,12 0 0 0 0 0 0 0,1793148269
170,6,23356098,0x52c2947e6df632d9be6323f7fee666e95e4aa386,4:2,4000,0x3fc000000002b,16,10,10 0 0 0 0 0 0 0,1793148314
171,5,23356112,0x52c2947e6df632d9be6323f7fee666e95e4aa386,6:2,4000,0xff00000000000002e,18,12,12 0 0 0 0 0 0 0,1793126729
169,7,23356149,0x52c2947e6df632d9be6323f7fee666e95e4aa386,8:1,2000,0x1fc0000000000000000020,8,4,4 0 0 0 0 0 0 0,1793169869
198,5,23359644,0x9194331dc33cde506a635cb2bde30a88246cb9cf,10:0,500,0x1f000000000000000000000016,5,4,4 0 0 0 0 0 0 0,1793132700
14,11,23361056,0x1b1829e31d3f85210ea84c2b62f59faa47687c7e,1:0,500,0xf8038,9,5,5 0 0 0 0 0 0 0,1793238799
328,16,23363468,0x0b1ba22af3fb3ad6247ba5d4413b6649edd40819,14:0,500,0x1f000000000000000000000000000000016,13,8,8 0 0 0 0 0 0 0,1793416100
328,17,23363557,0x0b1ba22af3fb3ad6247ba5d4413b6649edd40819,15:0,500,0x3e00000000000000000000000000000000023,20,13,13 0 0 0 0 0 0 0,1793437700
199,7,23363957,0x0b1ba22af3fb3ad6247ba5d4413b6649edd40819,15:0,500,0x3e00000000000000000000000000000000006,6,4,4 0 0 0 0 0 0 0,1793176201
202,4,23365287,0x51ff767cdd5112be157b12b5b1c7713608fc2601,1:0,500,0xf8037,19,10,10 0 0 0 0 0 0 0,1793111899
210,3,23365303,0x51ff767cdd5112be157b12b5b1c7713608fc2601,1:0,500,0xf801c,9,5,5 0 0 0 0 0 0 0,1793093511
202,5,23365495,0x51ff767cdd5112be157b12b5b1c7713608fc2601,11:0,500,0x3e0000000000000000000000000d,14,8,8 0 0 0 0 0 0 0,1793133499
55,53,23365704,0xac0e67aaaa15dc791153b64df4a9d121dce797e5,4:0,500,0x7c000000000a,8,5,5 0 0 0 0 0 0 0,1794151120
196,25,23365704,0xac0e67aaaa15dc791153b64df4a9d121dce797e5,6:0,500,0x1f00000000000002c,5,4,4 0 0 0 0 0 0 0,1793561718
323,10,23365704,0xac0e67aaaa15dc791153b64df4a9d121dce797e5,2:0,500,0x1f000002,8,5,5 0 0 0 0 0 0 0,1793284042
305,16,23366713,0xa754afb7549fce6e666bfcd6d4a4064c7d732d0e,5:1,2000,0x3f8000000000014,14,9,9 0 0 0 0 0 0 0,1793411373
305,17,23366747,0xa754afb7549fce6e666bfcd6d4a4064c7d732d0e,6:1,2000,0x7f000000000000039,22,13,13 0 0 0 0 0 0 0,1793432973
305,18,23366769,0xa754afb7549fce6e666bfcd6d4a4064c7d732d0e,7:1,2000,0xfe0000000000000000c,24,12,12 0 0 0 0 0 0 0,1793454573
305,19,23366794,0xa754afb7549fce6e666bfcd6d4a4064c7d732d0e,8:1,2000,0x1fc0000000000000000035,16,8,8 0 0 0 0 0 0 0,1793476173
305,20,23366822,0xa754afb7549fce6e666bfcd6d4a4064c7d732d0e,9:1,2000,0x3f8000000000000000000038,17,12,12 0 0 0 0 0 0 0,1793497773
202,6,23366932,0x51ff767cdd5112be157b12b5b1c7713608fc2601,7:0,500,0x3e00000000000000011,18,9,9 0 0 0 0 0 0 0,1793155099
305,21,23366957,0xa754afb7549fce6e666bfcd6d4a4064c7d732d0e,12:1,2000,0x1fc0000000000000000000000000007,17,12,12 0 0 0 0 0 0 0,1793519373
202,7,23366969,0x51ff767cdd5112be157b12b5b1c7713608fc2601,1:0,500,0xf8006,9,5,5 0 0 0 0 0 0 0,1793176699
305,22,23366986,0xa754afb7549fce6e666bfcd6d4a4064c7d732d0e,10:1,2000,0x7f000000000000000000000032,16,12,12 0 0 0 0 0 0 0,1793540973
305,23,23367015,0xa754afb7549fce6e666bfcd6d4a4064c7d732d0e,11:1,2000,0xfe00000000000000000000000020,20,12,12 0 0 0 0 0 0 0,1793562573
161,11,23367115,0xe79ca7d5c265c93be2b23e4e04ba9d8357622db7,1:0,500,0xf8038,19,10,10 0 0 0 0 0 0 0,1793255801
202,8,23367117,0x51ff767cdd5112be157b12b5b1c7713608fc2601,7:0,500,0x3e00000000000000025,16,8,8 0 0 0 0 0 0 0,1793198299
202,9,23367145,0x51ff767cdd5112be157b12b5b1c7713608fc2601,11:0,500,0x3e0000000000000000000000002d,6,4,4 0 0 0 0 0 0 0,1793219899
246,11,23367150,0xe79ca7d5c265c93be2b23e4e04ba9d8357622db7,3:0,500,0x3e0000002f,10,5,5 0 0 0 0 0 0 0,1793273090
202,10,23367231,0x51ff767cdd5112be157b12b5b1c7713608fc2601,8:0,500,0x7c0000000000000000038,16,8,8 0 0 0 0 0 0 0,1793241499
202,11,23367278,0x51ff767cdd5112be157b12b5b1c7713608fc2601,8:0,500,0x7c0000000000000000035,8,4,4 0 0 0 0 0 0 0,1793263099
161,12,23367309,0xe79ca7d5c265c93be2b23e4e04ba9d8357622db7,9:0,500,0xf800000000000000000000c,5,4,4 0 0 0 0 0 0 0,1793277401
202,12,23367356,0x51ff767cdd5112be157b12b5b1c7713608fc2601,8:0,500,0x7c000000000000000003b,26,13,13 0 0 0 0 0 0 0,1793284699
202,13,23367394,0x51ff767cdd5112be157b12b5b1c7713608fc2601,8:0,500,0x7c000000000000000000b,8,4,4 0 0 0 0 0 0 0,1793306299
202,14,23367433,0x51ff767cdd5112be157b12b5b1c7713608fc2601,8:0,500,0x7c0000000000000000033,16,8,8 0 0 0 0 0 0 0,1793327899
161,13,23367435,0xe79ca7d5c265c93be2b23e4e04ba9d8357622db7,12:0,500,0x7c0000000000000000000000000009,13,8,8 0 0 0 0 0 0 0,1793299001
161,14,23367488,0xe79ca7d5c265c93be2b23e4e04ba9d8357622db7,16:0,500,0x7c0000000000000000000000000000000000017,14,8,8 0 0 0 0 0 0 0,1793320601
161,15,23367658,0xe79ca7d5c265c93be2b23e4e04ba9d8357622db7,19:0,500,0x3e0000000000000000000000000000000000000000001e,13,8,8 0 0 0 0 0 0 0,1793342201
246,12,23367725,0xe79ca7d5c265c93be2b23e4e04ba9d8357622db7,11:0,500,0x3e00000000000000000000000036,6,4,4 0 0 0 0 0 0 0,1793294690
246,13,23367825,0xe79ca7d5c265c93be2b23e4e04ba9d8357622db7,13:0,500,0xf8000000000000000000000000000033,13,8,8 0 0 0 0 0 0 0,1793316290
246,14,23367907,0xe79ca7d5c265c93be2b23e4e04ba9d8357622db7,17:0,500,0xf8000000000000000000000000000000000000005,7,4,4 0 0 0 0 0 0 0,1793337890
246,15,23368017,0xe79ca7d5c265c93be2b23e4e04ba9d8357622db7,4:0,500,0x7c0000000019,8,5,5 0 0 0 0 0 0 0,1793359490
209,3,23368091,0x9194331dc33cde506a635cb2bde30a88246cb9cf,1:0,500,0xf801c,9,5,5 0 0 0 0 0 0 0,1793093508
198,6,23368325,0x9194331dc33cde506a635cb2bde30a88246cb9cf,10:0,500,0x1f00000000000000000000003d,8,8,8 0 0 0 0 0 0 0,1793154300
20,21,23368344,0xb528bf440e6c9dad0c15f7e5f4dc75655f7ae27b,1:0,500,0xf8009,19,10,10 0 0 0 0 0 0 0,1793455081
202,15,23368351,0x51ff767cdd5112be157b12b5b1c7713608fc2601,8:0,500,0x7c0000000000000000029,8,4,4 0 0 0 0 0 0 0,1793349499
20,22,23368374,0xb528bf440e6c9dad0c15f7e5f4dc75655f7ae27b,5:0,500,0xf8000000000015,14,9,9 0 0 0 0 0 0 0,1793476681
198,7,23368424,0x9194331dc33cde506a635cb2bde30a88246cb9cf,7:0,500,0x3e00000000000000000,8,4,4 0 0 0 0 0 0 0,1793175900
202,16,23368425,0x51ff767cdd5112be157b12b5b1c7713608fc2601,8:0,500,0x7c0000000000000000025,22,12,12 0 0 0 0 0 0 0,1793371099
198,8,23368451,0x9194331dc33cde506a635cb2bde30a88246cb9cf,4:0,500,0x7c000000001c,18,10,10 0 0 0 0 0 0 0,1793197500
198,9,23368478,0x9194331dc33cde506a635cb2bde30a88246cb9cf,1:0,500,0xf803a,9,5,5 0 0 0 0 0 0 0,1793219100
202,17,23368481,0x51ff767cdd5112be157b12b5b1c7713608fc2601,8:0,500,0x7c000000000000000000d,8,4,4 0 0 0 0 0 0 0,1793392699
198,10,23368509,0x9194331dc33cde506a635cb2bde30a88246cb9cf,7:0,500,0x3e00000000000000036,16,8,8 0 0 0 0 0 0 0,1793240700
198,11,23368536,0x9194331dc33cde506a635cb2bde30a88246cb9cf,4:0,500,0x7c000000003a,17,10,10 0 0 0 0 0 0 0,1793262300
202,18,23368536,0x51ff767cdd5112be157b12b5b1c7713608fc2601,8:0,500,0x7c0000000000000000025,16,8,8 0 0 0 0 0 0 0,1793414299
198,12,23368563,0x9194331dc33cde506a635cb2bde30a88246cb9cf,1:0,500,0xf800f,19,10,10 0 0 0 0 0 0 0,1793283900
202,19,23368591,0x51ff767cdd5112be157b12b5b1c7713608fc2601,8:0,500,0x7c0000000000000000023,18,9,9 0 0 0 0 0 0 0,1793435899
202,20,23368647,0x51ff767cdd5112be157b12b5b1c7713608fc2601,8:0,500,0x7c000000000000000000e,16,8,8 0 0 0 0 0 0 0,1793457499
202,21,23368702,0x51ff767cdd5112be157b12b5b1c7713608fc2601,8:0,500,0x7c0000000000000000018,8,4,4 0 0 0 0 0 0 0,1793479099
202,22,23368758,0x51ff767cdd5112be157b12b5b1c7713608fc2601,8:0,500,0x7c0000000000000000000,16,8,8 0 0 0 0 0 0 0,1793500699
202,23,23368813,0x51ff767cdd5112be157b12b5b1c7713608fc2601,8:0,500,0x7c0000000000000000000,14,8,8 0 0 0 0 0 0 0,1793522299
198,13,23368849,0x9194331dc33cde506a635cb2bde30a88246cb9cf,13:1,2000,0x3f8000000000000000000000000000019,8,4,4 0 0 0 0 0 0 0,1793305500
202,24,23368868,0x51ff767cdd5112be157b12b5b1c7713608fc2601,8:0,500,0x7c000000000000000001b,18,9,9 0 0 0 0 0 0 0,1793543899
198,14,23368876,0x9194331dc33cde506a635cb2bde30a88246cb9cf,4:0,500,0x7c0000000023,18,10,10 0 0 0 0 0 0 0,1793327100
202,25,23368924,0x51ff767cdd5112be157b12b5b1c7713608fc2601,8:0,500,0x7c000000000000000002d,8,4,4 0 0 0 0 0 0 0,1793565499
198,15,23368961,0x9194331dc33cde506a635cb2bde30a88246cb9cf,5:0,500,0xf8000000000010,6,4,4 0 0 0 0 0 0 0,1793348700
202,26,23368979,0x51ff767cdd5112be157b12b5b1c7713608fc2601,8:0,500,0x7c000000000000000001f,16,8,8 0 0 0 0 0 0 0,1793587099
198,16,23368991,0x9194331dc33cde506a635cb2bde30a88246cb9cf,7:0,500,0x3e00000000000000011,8,4,4 0 0 0 0 0 0 0,1793370300
198,17,23369017,0x9194331dc33cde506a635cb2bde30a88246cb9cf,4:0,500,0x7c0000000033,17,10,10 0 0 0 0 0 0 0,1793391900
202,27,23369035,0x51ff767cdd5112be157b12b5b1c7713608fc2601,8:0,500,0x7c000000000000000003d,8,4,4 0 0 0 0 0 0 0,1793608699
198,18,23369044,0x9194331dc33cde506a635cb2bde30a88246cb9cf,1:0,500,0xf8027,9,5,5 0 0 0 0 0 0 0,1793413500
202,28,23369090,0x51ff767cdd5112be157b12b5b1c7713608fc2601,8:0,500,0x7c0000000000000000037,26,13,13 0 0 0 0 0 0 0,1793630299
198,19,23369118,0x9194331dc33cde506a635cb2bde30a88246cb9cf,5:0,500,0xf800000000003a,14,9,9 0 0 0 0 0 0 0,1793435100
198,20,23369140,0x9194331dc33cde506a635cb2bde30a88246cb9cf,5:0,500,0xf8000000000030,16,9,9 0 0 0 0 0 0 0,1793456700
202,29,23369146,0x51ff767cdd5112be157b12b5b1c7713608fc2601,8:0,500,0x7c0000000000000000025,8,4,4 0 0 0 0 0 0 0,1793651899
198,21,23369161,0x9194331dc33cde506a635cb2bde30a88246cb9cf,5:0,500,0xf8000000000032,14,9,9 0 0 0 0 0 0 0,1793478300
198,22,23369183,0x9194331dc33cde506a635cb2bde30a88246cb9cf,5:0,500,0xf8000000000015,6,4,4 0 0 0 0 0 0 0,1793499900
202,30,23369201,0x51ff767cdd5112be157b12b5b1c7713608fc2601,8:0,500,0x7c0000000000000000038,22,12,12 0 0 0 0 0 0 0,1793673499
198,23,23369204,0x9194331dc33cde506a635cb2bde30a88246cb9cf,5:0,500,0xf800000000001f,14,9,9 0 0 0 0 0 0 0,1793521500
198,24,23369226,0x9194331dc33cde506a635cb2bde30a88246cb9cf,5:0,500,0xf800000000003e,6,4,4 0 0 0 0 0 0 0,1793543100
198,25,23369247,0x9194331dc33cde506a635cb2bde30a88246cb9cf,5:0,500,0xf800000000001f,19,13,13 0 0 0 0 0 0 0,1793564700
202,31,23369257,0x51ff767cdd5112be157b12b5b1c7713608fc2601,8:0,500,0x7c0000000000000000025,8,4,4 0 0 0 0 0 0 0,1793695099
198,26,23369269,0x9194331dc33cde506a635cb2bde30a88246cb9cf,5:0,500,0xf800000000003a,16,9,9 0 0 0 0 0 0 0,1793586300
198,27,23369290,0x9194331dc33cde506a635cb2bde30a88246cb9cf,5:0,500,0xf8000000000018,14,9,9 0 0 0 0 0 0 0,1793607900
202,32,23369312,0x51ff767cdd5112be157b12b5b1c7713608fc2601,8:0,500,0x7c000000000000000002e,16,8,8 0 0 0 0 0 0 0,1793716699
198,28,23369312,0x9194331dc33cde506a635cb2bde30a88246cb9cf,5:0,500,0xf800000000001b,6,4,4 0 0 0 0 0 0 0,1793629500
198,29,23369333,0x9194331dc33cde506a635cb2bde30a88246cb9cf,5:0,500,0xf800000000003a,14,9,9 0 0 0 0 0 0 0,1793651100
198,30,23369355,0x9194331dc33cde506a635cb2bde30a88246cb9cf,5:0,500,0xf8000000000017,6,4,4 0 0 0 0 0 0 0,1793672700
202,33,23369368,0x51ff767cdd5112be157b12b5b1c7713608fc2601,8:0,500,0x7c000000000000000002f,18,9,9 0 0 0 0 0 0 0,1793738299
198,31,23369398,0x9194331dc33cde506a635cb2bde30a88246cb9cf,5:0,500,0xf8000000000008,14,9,9 0 0 0 0 0 0 0,1793694300
198,32,23369420,0x9194331dc33cde506a635cb2bde30a88246cb9cf,5:0,500,0xf8000000000007,11,8,8 0 0 0 0 0 0 0,1793715900
202,34,23369423,0x51ff767cdd5112be157b12b5b1c7713608fc2601,8:0,500,0x7c0000000000000000029,16,8,8 0 0 0 0 0 0 0,1793759899
198,33,23369440,0x9194331dc33cde506a635cb2bde30a88246cb9cf,5:0,500,0xf8000000000025,14,9,9 0 0 0 0 0 0 0,1793737500
198,34,23369462,0x9194331dc33cde506a635cb2bde30a88246cb9cf,5:0,500,0xf800000000003b,16,9,9 0 0 0 0 0 0 0,1793759100
202,35,23369478,0x51ff767cdd5112be157b12b5b1c7713608fc2601,8:0,500,0x7c0000000000000000032,8,4,4 0 0 0 0 0 0 0,1793781499
198,35,23369484,0x9194331dc33cde506a635cb2bde30a88246cb9cf,5:0,500,0xf8000000000036,14,9,9 0 0 0 0 0 0 0,1793780700
198,36,23369505,0x9194331dc33cde506a635cb2bde30a88246cb9cf,5:0,500,0xf800000000001d,6,4,4 0 0 0 0 0 0 0,1793802300
198,37,23369526,0x9194331dc33cde506a635cb2bde30a88246cb9cf,5:0,500,0xf8000000000005,14,9,9 0 0 0 0 0 0 0,1793823900
202,36,23369534,0x51ff767cdd5112be157b12b5b1c7713608fc2601,8:0,500,0x7c0000000000000000005,16,8,8 0 0 0 0 0 0 0,1793803099
198,38,23369548,0x9194331dc33cde506a635cb2bde30a88246cb9cf,5:0,500,0xf800000000002d,6,4,4 0 0 0 0 0 0 0,1793845500
198,39,23369570,0x9194331dc33cde506a635cb2bde30a88246cb9cf,5:0,500,0xf8000000000023,19,13,13 0 0 0 0 0 0 0,1793867100
202,37,23369590,0x51ff767cdd5112be157b12b5b1c7713608fc2601,8:0,500,0x7c0000000000000000023,14,8,8 0 0 0 0 0 0 0,1793824699
198,40,23369591,0x9194331dc33cde506a635cb2bde30a88246cb9cf,5:0,500,0xf8000000000004,6,4,4 0 0 0 0 0 0 0,1793888700
198,41,23369612,0x9194331dc33cde506a635cb2bde30a88246cb9cf,5:0,500,0xf8000000000012,14,9,9 0 0 0 0 0 0 0,1793910300
198,42,23369634,0x9194331dc33cde506a635cb2bde30a88246cb9cf,5:0,500,0xf8000000000034,16,9,9 0 0 0 0 0 0 0,1793931900
202,38,23369644,0x51ff767cdd5112be157b12b5b1c7713608fc2601,8:0,500,0x7c000000000000000000b,16,8,8 0 0 0 0 0 0 0,1793846299
198,43,23369655,0x9194331dc33cde506a635cb2bde30a88246cb9cf,5:0,500,0xf8000000000020,14,9,9 0 0 0 0 0 0 0,1793953500
198,44,23369677,0x9194331dc33cde506a635cb2bde30a88246cb9cf,5:0,500,0xf800000000001d,6,4,4 0 0 0 0 0 0 0,1793975100
198,45,23369698,0x9194331dc33cde506a635cb2bde30a88246cb9cf,5:0,500,0xf8000000000039,14,9,9 0 0 0 0 0 0 0,1793996700
202,39,23369700,0x51ff767cdd5112be157b12b5b1c7713608fc2601,8:0,500,0x7c000000000000000003b,8,4,4 0 0 0 0 0 0 0,1793867899
198,46,23369720,0x9194331dc33cde506a635cb2bde30a88246cb9cf,5:0,500,0xf800000000003d,11,8,8 0 0 0 0 0 0 0,1794018300
198,47,23369741,0x9194331dc33cde506a635cb2bde30a88246cb9cf,5:0,500,0xf8000000000013,14,9,9 0 0 0 0 0 0 0,1794039900
202,40,23369756,0x51ff767cdd5112be157b12b5b1c7713608fc2601,8:0,500,0x7c000000000000000003c,28,14,14 0 0 0 0 0 0 0,1793889499
198,48,23369763,0x9194331dc33cde506a635cb2bde30a88246cb9cf,5:0,500,0xf8000000000027,16,9,9 0 0 0 0 0 0 0,1794061500
198,49,23369784,0x9194331dc33cde506a635cb2bde30a88246cb9cf,5:0,500,0xf800000000000e,14,9,9 0 0 0 0 0 0 0,1794083100
198,50,23369806,0x9194331dc33cde506a635cb2bde30a88246cb9cf,5:0,500,0xf800000000002a,6,4,4 0 0 0 0 0 0 0,1794104700
202,41,23369811,0x51ff767cdd5112be157b12b5b1c7713608fc2601,8:0,500,0x7c0000000000000000016,8,4,4 0 0 0 0 0 0 0,1793911099
198,51,23369827,0x9194331dc33cde506a635cb2bde30a88246cb9cf,5:0,500,0xf8000000000036,14,9,9 0 0 0 0 0 0 0,1794126300
198,52,23369848,0x9194331dc33cde506a635cb2bde30a88246cb9cf,5:0,500,0xf8000000000030,6,4,4 0 0 0 0 0 0 0,1794147900
202,42,23369867,0x51ff767cdd5112be157b12b5b1c7713608fc2601,8:0,500,0x7c0000000000000000038,16,8,8 0 0 0 0 0 0 0,1793932699
198,53,23369870,0x9194331dc33cde506a635cb2bde30a88246cb9cf,5:0,500,0xf8000000000020,19,13,13 0 0 0 0 0 0 0,1794169500
198,54,23369892,0x9194331dc33cde506a635cb2bde30a88246cb9cf,5:0,500,0xf8000000000038,16,9,9 0 0 0 0 0 0 0,1794191100
198,55,23369913,0x9194331dc33cde506a635cb2bde30a88246cb9cf,5:0,500,0xf8000000000009,14,9,9 0 0 0 0 0 0 0,1794212700
198,56,23369935,0x9194331dc33cde506a635cb2bde30a88246cb9cf,5:0,500,0xf8000000000034,6,4,4 0 0 0 0 0 0 0,1794234300
198,57,23369956,0x9194331dc33cde506a635cb2bde30a88246cb9cf,5:0,500,0xf800000000001f,14,9,9 0 0 0 0 0 0 0,1794255900
198,58,23369977,0x9194331dc33cde506a635cb2bde30a88246cb9cf,5:0,500,0xf800000000000f,6,4,4 0 0 0 0 0 0 0,1794277500
198,59,23369999,0x9194331dc33cde506a635cb2bde30a88246cb9cf,5:0,500,0xf800000000003c,14,9,9 0 0 0 0 0 0 0,1794299100
198,60,23370022,0x9194331dc33cde506a635cb2bde30a88246cb9cf,5:0,500,0xf8000000000018,11,8,8 0 0 0 0 0 0 0,1794320700
198,61,23370042,0x9194331dc33cde506a635cb2bde30a88246cb9cf,5:0,500,0xf8000000000024,24,14,14 0 0 0 0 0 0 0,1794342300
198,62,23370063,0x9194331dc33cde506a635cb2bde30a88246cb9cf,5:0,500,0xf800000000001d,6,4,4 0 0 0 0 0 0 0,1794363900
198,63,23370085,0x9194331dc33cde506a635cb2bde30a88246cb9cf,5:0,500,0xf800000000002a,14,9,9 0 0 0 0 0 0 0,1794385500
198,64,23370106,0x9194331dc33cde506a635cb2bde30a88246cb9cf,5:0,500,0xf8000000000027,6,4,4 0 0 0 0 0 0 0,1794407100
198,65,23370128,0x9194331dc33cde506a635cb2bde30a88246cb9cf,5:0,500,0xf8000000000006,14,9,9 0 0 0 0 0 0 0,1794428700
198,66,23370149,0x9194331dc33cde506a635cb2bde30a88246cb9cf,5:0,500,0xf800000000003d,6,4,4 0 0 0 0 0 0 0,1794450300
198,67,23370171,0x9194331dc33cde506a635cb2bde30a88246cb9cf,5:0,500,0xf800000000001f,19,13,13 0 0 0 0 0 0 0,1794471900
198,68,23370192,0x9194331dc33cde506a635cb2bde30a88246cb9cf,5:0,500,0xf8000000000004,6,4,4 0 0 0 0 0 0 0,1794493500
198,69,23370214,0x9194331dc33cde506a635cb2bde30a88246cb9cf,5:0,500,0xf8000000000028,24,14,14 0 0 0 0 0 0 0,1794515100
322,132,23370227,0x2122e553875fe2d0e24eb0eb220ea7da258ddd5d,19:0,500,0x3e00000000000000000000000000000000000000000032,13,8,8 0 0 0 0 0 0 0,1795918932
198,70,23370235,0x9194331dc33cde506a635cb2bde30a88246cb9cf,5:0,500,0xf8000000000005,6,4,4 0 0 0 0 0 0 0,1794536700
322,133,23370246,0x2122e553875fe2d0e24eb0eb220ea7da258ddd5d,19:0,500,0x3e00000000000000000000000000000000000000000001,8,4,4 0 0 0 0 0 0 0,1795940532
198,71,23370256,0x9194331dc33cde506a635cb2bde30a88246cb9cf,5:0,500,0xf8000000000019,14,9,9 0 0 0 0 0 0 0,1794558300
322,134,23370262,0x2122e553875fe2d0e24eb0eb220ea7da258ddd5d,16:0,500,0x7c0000000000000000000000000000000000005,6,4,4 0 0 0 0 0 0 0,1795962132
198,72,23370278,0x9194331dc33cde506a635cb2bde30a88246cb9cf,5:0,500,0xf800000000001b,6,4,4 0 0 0 0 0 0 0,1794579900
322,135,23370285,0x2122e553875fe2d0e24eb0eb220ea7da258ddd5d,19:0,500,0x3e00000000000000000000000000000000000000000028,13,8,8 0 0 0 0 0 0 0,1795983732
198,73,23370300,0x9194331dc33cde506a635cb2bde30a88246cb9cf,5:0,500,0xf8000000000035,14,9,9 0 0 0 0 0 0 0,1794601500
322,136,23370302,0x2122e553875fe2d0e24eb0eb220ea7da258ddd5d,19:0,500,0x3e00000000000000000000000000000000000000000032,18,9,9 0 0 0 0 0 0 0,1796005332
198,74,23370321,0x9194331dc33cde506a635cb2bde30a88246cb9cf,5:0,500,0xf800000000002b,11,8,8 0 0 0 0 0 0 0,1794623100
322,137,23370333,0x2122e553875fe2d0e24eb0eb220ea7da258ddd5d,6:0,500,0x1f000000000000010,5,4,4 0 0 0 0 0 0 0,1796026932
198,75,23370343,0x9194331dc33cde506a635cb2bde30a88246cb9cf,5:0,500,0xf8000000000008,14,9,9 0 0 0 0 0 0 0,1794644700
322,138,23370353,0x2122e553875fe2d0e24eb0eb220ea7da258ddd5d,19:0,500,0x3e00000000000000000000000000000000000000000004,21,12,12 0 0 0 0 0 0 0,1796048532
322,139,23370372,0x2122e553875fe2d0e24eb0eb220ea7da258ddd5d,19:0,500,0x3e0000000000000000000000000000000000000000001f,8,4,4 0 0 0 0 0 0 0,1796070132
198,76,23370385,0x9194331dc33cde506a635cb2bde30a88246cb9cf,5:0,500,0xf800000000001f,6,4,4 0 0 0 0 0 0 0,1794666300
198,77,23370407,0x9194331dc33cde506a635cb2bde30a88246cb9cf,5:0,500,0xf8000000000027,24,14,14 0 0 0 0 0 0 0,1794687900
322,140,23370421,0x2122e553875fe2d0e24eb0eb220ea7da258ddd5d,2:0,500,0x1f000010,8,5,5 0 0 0 0 0 0 0,1796091732
198,78,23370428,0x9194331dc33cde506a635cb2bde30a88246cb9cf,5:0,500,0xf8000000000035,6,4,4 0 0 0 0 0 0 0,1794709500
198,79,23370450,0x9194331dc33cde506a635cb2bde30a88246cb9cf,5:0,500,0xf800000000001f,14,9,9 0 0 0 0 0 0 0,1794731100
198,80,23370471,0x9194331dc33cde506a635cb2bde30a88246cb9cf,5:0,500,0xf8000000000033,6,4,4 0 0 0 0 0 0 0,1794752700
322,141,23370472,0x2122e553875fe2d0e24eb0eb220ea7da258ddd5d,19:0,500,0x3e00000000000000000000000000000000000000000034,13,8,8 0 0 0 0 0 0 0,1796113332
198,81,23370493,0x9194331dc33cde506a635cb2bde30a88246cb9cf,5:0,500,0xf8000000000019,19,13,13 0 0 0 0 0 0 0,1794774300
198,82,23370514,0x9194331dc33cde506a635cb2bde30a88246cb9cf,5:0,500,0xf800000000002f,6,4,4 0 0 0 0 0 0 0,1794795900
12,7,23372814,0xc0e1ff5b6ec47f15aebfe859b8ab4a566fe61752,4:0,500,0x7c0000000012,17,10,10 0 0 0 0 0 0 0,1793152358
12,8,23372852,0xc0e1ff5b6ec47f15aebfe859b8ab4a566fe61752,5:0,500,0xf8000000000023,6,4,4 0 0 0 0 0 0 0,1793173958
57,6,23374396,0xdb67846763415453a214ab8a9f7c14a0c8c99bed,7:1,2000,0xfe0000000000000000f,8,4,4 0 0 0 0 0 0 0,1793135953
297,3,23374455,0xdb67846763415453a214ab8a9f7c14a0c8c99bed,6:1,2000,0x7f000000000000020,5,4,4 0 0 0 0 0 0 0,1793128122
285,17,23374462,0x27f48de5e0605da8b2a52ddfd06f6d273b804336,18:0,500,0x1f000000000000000000000000000000000000000025,22,13,13 0 0 0 0 0 0 0,1793423482
326,2,23374515,0xdb67846763415453a214ab8a9f7c14a0c8c99bed,4:1,2000,0x1fc0000000024,8,5,5 0 0 0 0 0 0 0,1793113122
285,18,23374552,0x27f48de5e0605da8b2a52ddfd06f6d273b804336,18:0,500,0x1f00000000000000000000000000000000000000001f,7,4,4 0 0 0 0 0 0 0,1793445082
52,5,23374778,0x346790c85882719d3806c1a7933dd7455a4f5b09,4:1,2000,0x1fc000000000b,8,5,5 0 0 0 0 0 0 0,1793114230
285,19,23374786,0x27f48de5e0605da8b2a52ddfd06f6d273b804336,17:0,500,0xf8000000000000000000000000000000000000015,10,8,8 0 0 0 0 0 0 0,1793466682
325,2,23374825,0x346790c85882719d3806c1a7933dd7455a4f5b09,16:1,2000,0x1fc0000000000000000000000000000000000034,6,4,4 0 0 0 0 0 0 0,1793113037
285,20,23374859,0x27f48de5e0605da8b2a52ddfd06f6d273b804336,18:0,500,0x1f00000000000000000000000000000000000000001f,12,8,8 0 0 0 0 0 0 0,1793488282
329,2,23374865,0x346790c85882719d3806c1a7933dd7455a4f5b09,12:1,2000,0x1fc0000000000000000000000000019,5,4,4 0 0 0 0 0 0 0,1793113834
285,21,23375031,0x27f48de5e0605da8b2a52ddfd06f6d273b804336,17:0,500,0xf800000000000000000000000000000000000003c,7,4,4 0 0 0 0 0 0 0,1793509882
27,125,23376735,0x81b4bf458a73ea46fadd46ee8236e5f94c4eb8e0,9:0,500,0xf8000000000000000000026,12,8,8 0 0 0 0 0 0 0,1795703550
27,126,23376750,0x81b4bf458a73ea46fadd46ee8236e5f94c4eb8e0,5:0,500,0xf8000000000005,14,9,9 0 0 0 0 0 0 0,1795725150
27,127,23376777,0x81b4bf458a73ea46fadd46ee8236e5f94c4eb8e0,17:0,500,0xf800000000000000000000000000000000000001a,7,4,4 0 0 0 0 0 0 0,1795746750
27,128,23376793,0x81b4bf458a73ea46fadd46ee8236e5f94c4eb8e0,13:0,500,0xf8000000000000000000000000000009,18,9,9 0 0 0 0 0 0 0,1795768350
27,129,23376811,0x81b4bf458a73ea46fadd46ee8236e5f94c4eb8e0,7:0,500,0x3e00000000000000006,8,4,4 0 0 0 0 0 0 0,1795789950
27,130,23376854,0x81b4bf458a73ea46fadd46ee8236e5f94c4eb8e0,17:0,500,0xf800000000000000000000000000000000000000d,10,8,8 0 0 0 0 0 0 0,1795811550
27,131,23376870,0x81b4bf458a73ea46fadd46ee8236e5f94c4eb8e0,7:0,500,0x3e0000000000000001e,16,8,8 0 0 0 0 0 0 0,1795833150
27,132,23376886,0x81b4bf458a73ea46fadd46ee8236e5f94c4eb8e0,9:0,500,0xf8000000000000000000024,5,4,4 0 0 0 0 0 0 0,1795854750
27,133,23376909,0x81b4bf458a73ea46fadd46ee8236e5f94c4eb8e0,13:0,500,0xf800000000000000000000000000003e,13,8,8 0 0 0 0 0 0 0,1795876350
27,134,23376922,0x81b4bf458a73ea46fadd46ee8236e5f94c4eb8e0,10:0,500,0x1f00000000000000000000003b,8,8,8 0 0 0 0 0 0 0,1795897950
27,135,23376945,0x81b4bf458a73ea46fadd46ee8236e5f94c4eb8e0,17:0,500,0xf8000000000000000000000000000000000000033,17,9,9 0 0 0 0 0 0 0,1795919550
27,136,23376958,0x81b4bf458a73ea46fadd46ee8236e5f94c4eb8e0,10:0,500,0x1f000000000000000000000038,5,4,4 0 0 0 0 0 0 0,1795941150
27,137,23376986,0x81b4bf458a73ea46fadd46ee8236e5f94c4eb8e0,13:0,500,0xf8000000000000000000000000000010,8,4,4 0 0 0 0 0 0 0,1795962750
27,138,23377272,0x81b4bf458a73ea46fadd46ee8236e5f94c4eb8e0,6:0,500,0x1f000000000000011,5,4,4 0 0 0 0 0 0 0,1795984350
27,139,23377296,0x81b4bf458a73ea46fadd46ee8236e5f94c4eb8e0,13:0,500,0xf8000000000000000000000000000000,13,8,8 0 0 0 0 0 0 0,1796005950
13,1,23377570,0x34e03f26217597a93d19cecee740af1bc3e85b18,2:2,4000,0xff00001c,18,10,10 0 0 0 0 0 0 0,1793001727
144,3,23377676,0x3db88affb909228a6f134074bdfdeaee28dc207a,1:1,2000,0x3f8000,9,5,5 0 0 0 0 0 0 0,1793079100
145,3,23377708,0x3db88affb909228a6f134074bdfdeaee28dc207a,11:1,2000,0xfe0000000000000000000000000f,6,4,4 0 0 0 0 0 0 0,1793079337
146,3,23377743,0x3db88affb909228a6f134074bdfdeaee28dc207a,16:1,2000,0x1fc000000000000000000000000000000000002c,21,12,12 0 0 0 0 0 0 0,1793079549
285,22,23378103,0x27f48de5e0605da8b2a52ddfd06f6d273b804336,18:0,500,0x1f000000000000000000000000000000000000000024,7,4,4 0 0 0 0 0 0 0,1793531482
285,23,23378214,0x27f48de5e0605da8b2a52ddfd06f6d273b804336,16:0,500,0x7c000000000000000000000000000000000003d,16,9,9 0 0 0 0 0 0 0,1793553082
285,24,23378260,0x27f48de5e0605da8b2a52ddfd06f6d273b804336,19:0,500,0x3e0000000000000000000000000000000000000000002a,13,8,8 0 0 0 0 0 0 0,1793574682
289,3,23380220,0x54d1f1895026e84e4672d09c3e759a4fd847e497,1:0,500,0xf801c,9,5,5 0 0 0 0 0 0 0,1793121305
285,25,23381422,0x27f48de5e0605da8b2a52ddfd06f6d273b804336,17:0,500,0xf800000000000000000000000000000000000003d,10,8,8 0 0 0 0 0 0 0,1793596282
285,26,23381622,0x27f48de5e0605da8b2a52ddfd06f6d273b804336,18:0,500,0x1f000000000000000000000000000000000000000010,19,12,12 0 0 0 0 0 0 0,1793617882
285,27,23382339,0x27f48de5e0605da8b2a52ddfd06f6d273b804336,16:0,500,0x7c0000000000000000000000000000000000021,14,8,8 0 0 0 0 0 0 0,1793639482
285,28,23382423,0x27f48de5e0605da8b2a52ddfd06f6d273b804336,18:0,500,0x1f000000000000000000000000000000000000000027,7,4,4 0 0 0 0 0 0 0,1793661082
43,9,23382498,0x2f694c711225e97dc71e2a98c0a186ae3e1ad167,19:1,2000,0xfe00000000000000000000000000000000000000000013,8,4,4 0 0 0 0 0 0 0,1793199550
164,5,23382539,0x2f694c711225e97dc71e2a98c0a186ae3e1ad167,17:1,2000,0x3f800000000000000000000000000000000000001c,15,12,12 0 0 0 0 0 0 0,1793126449
285,29,23382545,0x27f48de5e0605da8b2a52ddfd06f6d273b804336,15:0,500,0x3e00000000000000000000000000000000002,6,4,4 0 0 0 0 0 0 0,1793682682
285,30,23383101,0x27f48de5e0605da8b2a52ddfd06f6d273b804336,17:0,500,0xf800000000000000000000000000000000000000b,7,4,4 0 0 0 0 0 0 0,1793704282
285,31,23383253,0x27f48de5e0605da8b2a52ddfd06f6d273b804336,10:0,500,0x1f00000000000000000000002e,15,9,9 0 0 0 0 0 0 0,1793725882
11,1,23384584,0x9446792a55da00f69d2c8be9099019934f532f06,1:0,500,0xf8000,9,5,5 0 0 0 0 0 0 0,1792998130
27,140,23384711,0x81b4bf458a73ea46fadd46ee8236e5f94c4eb8e0,1:0,500,0xf8022,9,5,5 0 0 0 0 0 0 0,1796027550
27,141,23384749,0x81b4bf458a73ea46fadd46ee8236e5f94c4eb8e0,6:0,500,0x1f000000000000034,12,8,8 0 0 0 0 0 0 0,1796049150
285,32,23384794,0x27f48de5e0605da8b2a52ddfd06f6d273b804336,18:0,500,0x1f000000000000000000000000000000000000000002,12,8,8 0 0 0 0 0 0 0,1793747482
4,101,23384830,0x1a3a0e6f222e823cc8d0f39d87042f88ab763872,11:0,500,0x3e0000000000000000000000001d,14,8,8 0 0 0 0 0 0 0,1795182546
6,19,23384853,0x1a3a0e6f222e823cc8d0f39d87042f88ab763872,8:0,500,0x7c0000000000000000023,8,4,4 0 0 0 0 0 0 0,1793411397
27,142,23384930,0x81b4bf458a73ea46fadd46ee8236e5f94c4eb8e0,5:0,500,0xf800000000002b,16,9,9 0 0 0 0 0 0 0,1796049150
27,143,23384944,0x81b4bf458a73ea46fadd46ee8236e5f94c4eb8e0,6:0,500,0x1f00000000000001b,5,4,4 0 0 0 0 0 0 0,1796049150
27,144,23384965,0x81b4bf458a73ea46fadd46ee8236e5f94c4eb8e0,13:0,500,0xf800000000000000000000000000002d,8,4,4 0 0 0 0 0 0 0,1796049150
27,145,23384978,0x81b4bf458a73ea46fadd46ee8236e5f94c4eb8e0,9:0,500,0xf800000000000000000000a,12,8,8 0 0 0 0 0 0 0,1796049150
27,146,23384994,0x81b4bf458a73ea46fadd46ee8236e5f94c4eb8e0,3:0,500,0x3e0000000a,10,5,5 0 0 0 0 0 0 0,1796049150
27,147,23385010,0x81b4bf458a73ea46fadd46ee8236e5f94c4eb8e0,9:0,500,0xf8000000000000000000032,5,4,4 0 0 0 0 0 0 0,1796049150
27,148,23385030,0x81b4bf458a73ea46fadd46ee8236e5f94c4eb8e0,13:0,500,0xf8000000000000000000000000000035,13,8,8 0 0 0 0 0 0 0,1796049150
27,149,23385045,0x81b4bf458a73ea46fadd46ee8236e5f94c4eb8e0,7:0,500,0x3e00000000000000021,18,9,9 0 0 0 0 0 0 0,1796049150
27,150,23385063,0x81b4bf458a73ea46fadd46ee8236e5f94c4eb8e0,19:0,500,0x3e0000000000000000000000000000000000000000001e,13,8,8 0 0 0 0 0 0 0,1796049150
27,151,23385080,0x81b4bf458a73ea46fadd46ee8236e5f94c4eb8e0,13:0,500,0xf8000000000000000000000000000032,8,4,4 0 0 0 0 0 0 0,1796049150
27,152,23385099,0x81b4bf458a73ea46fadd46ee8236e5f94c4eb8e0,6:0,500,0x1f000000000000030,12,8,8 0 0 0 0 0 0 0,1796049150
27,153,23385119,0x81b4bf458a73ea46fadd46ee8236e5f94c4eb8e0,13:0,500,0xf8000000000000000000000000000014,19,12,12 0 0 0 0 0 0 0,1796049150
27,154,23385135,0x81b4bf458a73ea46fadd46ee8236e5f94c4eb8e0,2:0,500,0x1f000039,16,10,10 0 0 0 0 0 0 0,1796049150
27,155,23385155,0x81b4bf458a73ea46fadd46ee8236e5f94c4eb8e0,14:0,500,0x1f00000000000000000000000000000002f,23,13,13 0 0 0 0 0 0 0,1796049150
27,156,23385169,0x81b4bf458a73ea46fadd46ee8236e5f94c4eb8e0,1:0,500,0xf8036,19,10,10 0 0 0 0 0 0 0,1796049150
285,33,23385181,0x27f48de5e0605da8b2a52ddfd06f6d273b804336,19:0,500,0x3e00000000000000000000000000000000000000000006,8,4,4 0 0 0 0 0 0 0,1793747482
27,157,23385193,0x81b4bf458a73ea46fadd46ee8236e5f94c4eb8e0,17:0,500,0xf8000000000000000000000000000000000000019,10,8,8 0 0 0 0 0 0 0,1796049150
27,158,23385209,0x81b4bf458a73ea46fadd46ee8236e5f94c4eb8e0,14:0,500,0x1f000000000000000000000000000000004,7,4,4 0 0 0 0 0 0 0,1796049150
27,159,23385224,0x81b4bf458a73ea46fadd46ee8236e5f94c4eb8e0,12:0,500,0x7c0000000000000000000000000004,5,4,4 0 0 0 0 0 0 0,1796049150
285,34,23385229,0x27f48de5e0605da8b2a52ddfd06f6d273b804336,17:0,500,0xf8000000000000000000000000000000000000021,10,8,8 0 0 0 0 0 0 0,1793747482
27,160,23385239,0x81b4bf458a73ea46fadd46ee8236e5f94c4eb8e0,11:0,500,0x3e00000000000000000000000018,6,4,4 0 0 0 0 0 0 0,1796049150
285,35,23385303,0x27f48de5e0605da8b2a52ddfd06f6d273b804336,18:0,500,0x1f000000000000000000000000000000000000000032,7,4,4 0 0 0 0 0 0 0,1793747482
285,36,23385345,0x27f48de5e0605da8b2a52ddfd06f6d273b804336,16:0,500,0x7c0000000000000000000000000000000000034,6,4,4 0 0 0 0 0 0 0,1793747482
4,102,23385359,0x1a3a0e6f222e823cc8d0f39d87042f88ab763872,15:0,500,0x3e0000000000000000000000000000000003b,6,4,4 0 0 0 0 0 0 0,1795182546
4,103,23385384,0x1a3a0e6f222e823cc8d0f39d87042f88ab763872,11:0,500,0x3e0000000000000000000000002c,6,4,4 0 0 0 0 0 0 0,1795182546
285,37,23385403,0x27f48de5e0605da8b2a52ddfd06f6d273b804336,9:0,500,0xf8000000000000000000036,12,8,8 0 0 0 0 0 0 0,1793747482
4,104,23385423,0x1a3a0e6f222e823cc8d0f39d87042f88ab763872,15:0,500,0x3e00000000000000000000000000000000003,10,8,8 0 0 0 0 0 0 0,1795182546
285,38,23385473,0x27f48de5e0605da8b2a52ddfd06f6d273b804336,10:0,500,0x1f000000000000000000000020,18,13,13 0 0 0 0 0 0 0,1793747482
285,39,23385525,0x27f48de5e0605da8b2a52ddfd06f6d273b804336,10:0,500,0x1f000000000000000000000034,5,4,4 0 0 0 0 0 0 0,1793747482
285,40,23385576,0x27f48de5e0605da8b2a52ddfd06f6d273b804336,11:0,500,0x3e00000000000000000000000028,6,4,4 0 0 0 0 0 0 0,1793747482
164,6,23385600,0x2f694c711225e97dc71e2a98c0a186ae3e1ad167,14:1,2000,0x7f000000000000000000000000000000013,7,4,4 0 0 0 0 0 0 0,1793285491
55,54,23385611,0xac0e67aaaa15dc791153b64df4a9d121dce797e5,2:0,500,0x1f00003e,16,10,10 0 0 0 0 0 0 0,1794151120
285,41,23385615,0x27f48de5e0605da8b2a52ddfd06f6d273b804336,17:0,500,0xf800000000000000000000000000000000000003f,7,4,4 0 0 0 0 0 0 0,1793747482
43,10,23385627,0x2f694c711225e97dc71e2a98c0a186ae3e1ad167,14:1,2000,0x7f00000000000000000000000000000001a,7,4,4 0 0 0 0 0 0 0,1793285505
55,55,23385633,0xac0e67aaaa15dc791153b64df4a9d121dce797e5,9:0,500,0xf8000000000000000000000,12,8,8 0 0 0 0 0 0 0,1794151120
55,56,23385657,0xac0e67aaaa15dc791153b64df4a9d121dce797e5,14:0,500,0x1f000000000000000000000000000000006,13,8,8 0 0 0 0 0 0 0,1794151120
4,105,23385743,0x1a3a0e6f222e823cc8d0f39d87042f88ab763872,13:0,500,0xf800000000000000000000000000002b,18,9,9 0 0 0 0 0 0 0,1795182546
4,106,23385765,0x1a3a0e6f222e823cc8d0f39d87042f88ab763872,15:0,500,0x3e0000000000000000000000000000000001a,6,4,4 0 0 0 0 0 0 0,1795182546
4,107,23385806,0x1a3a0e6f222e823cc8d0f39d87042f88ab763872,17:0,500,0xf8000000000000000000000000000000000000039,7,4,4 0 0 0 0 0 0 0,1795182546
196,26,23385821,0xac0e67aaaa15dc791153b64df4a9d121dce797e5,6:0,500,0x1f000000000000027,22,13,13 0 0 0 0 0 0 0,1793561718
323,11,23385821,0xac0e67aaaa15dc791153b64df4a9d121dce797e5,2:0,500,0x1f00003a,26,15,15 0 0 0 0 0 0 0,1793285603
202,43,23386039,0x51ff767cdd5112be157b12b5b1c7713608fc2601,1:0,500,0xf800e,19,10,10 0 0 0 0 0 0 0,1793932699
210,4,23386044,0x51ff767cdd5112be157b12b5b1c7713608fc2601,1:0,500,0xf8037,19,10,10 0 0 0 0 0 0 0,1793285716
27,161,23386099,0x81b4bf458a73ea46fadd46ee8236e5f94c4eb8e0,7:0,500,0x3e00000000000000022,16,8,8 0 0 0 0 0 0 0,1796049150
4,108,23386105,0x1a3a0e6f222e823cc8d0f39d87042f88ab763872,15:0,500,0x3e00000000000000000000000000000000012,10,8,8 0 0 0 0 0 0 0,1795182546
4,109,23386125,0x1a3a0e6f222e823cc8d0f39d87042f88ab763872,11:0,500,0x3e00000000000000000000000014,14,8,8 0 0 0 0 0 0 0,1795182546
6,20,23386193,0x1a3a0e6f222e823cc8d0f39d87042f88ab763872,12:0,500,0x7c0000000000000000000000000012,5,4,4 0 0 0 0 0 0 0,1793411397
198,83,23386250,0x9194331dc33cde506a635cb2bde30a88246cb9cf,9:0,500,0xf800000000000000000002a,15,9,9 0 0 0 0 0 0 0,1794795900
175,6,23386291,0x224e633c9632a51de2f6225a7620dc46b2d58b08,16:1,2000,0x1fc0000000000000000000000000000000000019,6,4,4 0 0 0 0 0 0 0,1793285842
177,5,23386314,0x224e633c9632a51de2f6225a7620dc46b2d58b08,16:1,2000,0x1fc0000000000000000000000000000000000020,6,4,4 0 0 0 0 0 0 0,1793285853
181,5,23386349,0x224e633c9632a51de2f6225a7620dc46b2d58b08,16:1,2000,0x1fc0000000000000000000000000000000000020,6,4,4 0 0 0 0 0 0 0,1793285871
247,9,23395680,0xc7f1dce49db860c865ce34e4eb65dbef625919ef,15:2,4000,0x1fe00000000000000000000000000000000030,15,12,12 0 0 0 0 0 0 0,1793290610
264,6,23395692,0xc7f1dce49db860c865ce34e4eb65dbef625919ef,14:2,4000,0xff000000000000000000000000000000007,14,8,8 0 0 0 0 0 0 0,1793290616
247,10,23399299,0x1df89c0350e94575d0e20fd86c12e2a38e4c0ce1,pheromone,0,0x1fc5,18,10,10 0 0 0 0 0 0 0,1793292444
247,11,23399380,0x1df89c0350e94575d0e20fd86c12e2a38e4c0ce1,pheromone,0,0x1ff6,27,15,15 0 0 0 0 0 0 0,1793292485
324,8,23400255,0x1df89c0350e94575d0e20fd86c12e2a38e4c0ce1,1:0 5:0 9:0 13:0 17:0,2500,0xf80000000f80000000f80000000f80000000f8030,45,26,26 0 0 0 0 0 0 0,1793292928
208,6,23400639,0x019d9319cbefec30f672fe0f79acd709958ab271,1:0 5:0 9:0 13:0 17:0,2500,0xf80000000f80000000f80000000f80000000f8035,43,26,26 0 0 0 0 0 0 0,1793293123
285,42,23401706,0xc7f1dce49db860c865ce34e4eb65dbef625919ef,pheromone,0,0x1fe9,18,10,10 0 0 0 0 0 0 0,1793747482
285,43,23401804,0xc7f1dce49db860c865ce34e4eb65dbef625919ef,pheromone,0,0x1fcd,27,15,15 0 0 0 0 0 0 0,1793747482
335,1,23401988,0xc7f1dce49db860c865ce34e4eb65dbef625919ef,1:0 5:0 9:0 5:0 17:0,2500,0xf80000000000000000f80000001f00000000f8021,27,17,17 0 0 0 0 0 0 0,1798477744
285,44,23403297,0x27f48de5e0605da8b2a52ddfd06f6d273b804336,1:0 10:0 12:0 15:0 17:0,2500,0xf8003e000007c001f0000000000000000000f8033,60,42,42 0 0 0 0 0 0 0,1793747482
27,162,23403748,0x81b4bf458a73ea46fadd46ee8236e5f94c4eb8e0,1:0 5:0 9:0 13:0 17:0,2500,0xf80000000f80000000f80000000f80000000f8024,50,30,30 0 0 0 0 0 0 0,1796049150
117,1,23403939,0x22b033b7212cb9b8a8bce73dbad80ed77a229322,1:0 5:0 9:0 13:0 17:0,2500,0xf80000000f80000000f80000000f80000000f802e,35,21,21 0 0 0 0 0 0 0,1793294795
173,4,23404585,0x1ffb740eabe3d5fde7052df1e82a1df6fac2633e,1:0 5:0 9:0 13:0 17:0,2500,0xf80000000f80000000f80000000f80000000f8035,45,26,26 0 0 0 0 0 0 0,1793295123
11,2,23404596,0x22b033b7212cb9b8a8bce73dbad80ed77a229322,pheromone,0,0x1fc1,8,5,5 0 0 0 0 0 0 0,1793295128
174,4,23405408,0x1ffb740eabe3d5fde7052df1e82a1df6fac2633e,1:0,500,0xf8037,9,5,5 0 0 0 0 0 0 0,1793295540
176,5,23405418,0x1ffb740eabe3d5fde7052df1e82a1df6fac2633e,1:0,500,0xf8007,9,5,5 0 0 0 0 0 0 0,1793295545
178,5,23405934,0x3103136150ed5dde8332551f0be87fcb7131a954,1:0,500,0xf8007,9,5,5 0 0 0 0 0 0 0,1793295806
179,6,23405940,0x3103136150ed5dde8332551f0be87fcb7131a954,1:0,500,0xf8025,9,5,5 0 0 0 0 0 0 0,1793295809
180,5,23405946,0x3103136150ed5dde8332551f0be87fcb7131a954,1:0,500,0xf8007,19,10,10 0 0 0 0 0 0 0,1793295812
186,4,23406912,0x703ca793c3ce69082c70bea3a8fb71cc5bd05155,1:0,500,0xf8037,9,5,5 0 0 0 0 0 0 0,1793296302
188,4,23406918,0x703ca793c3ce69082c70bea3a8fb71cc5bd05155,1:0,500,0xf8037,9,5,5 0 0 0 0 0 0 0,1793296305
189,4,23406924,0x703ca793c3ce69082c70bea3a8fb71cc5bd05155,1:0,500,0xf8037,9,5,5 0 0 0 0 0 0 0,1793296308
182,8,23406993,0x549ae637381f77c13bb0e9308a0d8f56769f4dc4,1:0,500,0xf803d,29,15,15 0 0 0 0 0 0 0,1793296343
183,8,23407006,0x549ae637381f77c13bb0e9308a0d8f56769f4dc4,1:0,500,0xf803d,29,15,15 0 0 0 0 0 0 0,1793296350
184,4,23407015,0x549ae637381f77c13bb0e9308a0d8f56769f4dc4,1:0,500,0xf8037,9,5,5 0 0 0 0 0 0 0,1793296354
183,9,23407031,0x549ae637381f77c13bb0e9308a0d8f56769f4dc4,1:0,500,0xf803a,9,5,5 0 0 0 0 0 0 0,1793296362
184,5,23407037,0x549ae637381f77c13bb0e9308a0d8f56769f4dc4,1:0,500,0xf8007,19,10,10 0 0 0 0 0 0 0,1793296365
193,4,23407368,0xbfdd7a87be2ad35e150fe97ec3e9459cf922296f,13:0,500,0xf800000000000000000000000000002b,13,8,8 0 0 0 0 0 0 0,1793296533
194,4,23407374,0xbfdd7a87be2ad35e150fe97ec3e9459cf922296f,6:0,500,0x1f000000000000012,12,8,8 0 0 0 0 0 0 0,1793296536
195,5,23407382,0xbfdd7a87be2ad35e150fe97ec3e9459cf922296f,18:0,500,0x1f000000000000000000000000000000000000000004,12,8,8 0 0 0 0 0 0 0,1793296540
336,1,23407623,0x27f48de5e0605da8b2a52ddfd06f6d273b804336,1:0 5:0 9:0 18:0 17:0,2500,0x1f0f80000000000000000f80000000f80000000f801b,34,21,21 0 0 0 0 0 0 0,1798480606
53,33,23408529,0xe0be2740456040536765022e7db612418e3de99e,4:0 5:0 9:0 13:0 17:0,2500,0xf80000000f80000000f80000000f87c0000000026,53,34,34 0 0 0 0 0 0 0,1793697432
11,3,23408618,0xe0be2740456040536765022e7db612418e3de99e,pheromone,0,0x1ff8,37,20,20 0 0 0 0 0 0 0,1793297167
60,9,23408846,0xe0be2740456040536765022e7db612418e3de99e,10:0,500,0x1f000000000000000000000000,5,4,4 0 0 0 0 0 0 0,1793297282
61,16,23408855,0xe0be2740456040536765022e7db612418e3de99e,7:0,500,0x3e00000000000000011,8,4,4 0 0 0 0 0 0 0,1793330641
285,45,23410083,0x27f48de5e0605da8b2a52ddfd06f6d273b804336,1:0 14:0 16:0 18:0 17:0,2500,0x1f0f87c001f0000000000000000000000000000f8011,54,33,33 0 0 0 0 0 0 0,1793747482
285,46,23410448,0x27f48de5e0605da8b2a52ddfd06f6d273b804336,2:0 15:0 14:0 18:0 17:0,2500,0x1f0f8003e1f00000000000000000000000001f00003d,44,29,29 0 0 0 0 0 0 0,1793747482
336,2,23410969,0x27f48de5e0605da8b2a52ddfd06f6d273b804336,1:0 5:0 9:0 13:0 17:0,2500,0xf80000000f80000000f80000000f80000000f8009,63,39,39 0 0 0 0 0 0 0,1798480606
202,44,23416070,0x51ff767cdd5112be157b12b5b1c7713608fc2601,15:0 5:0 9:0 13:0 17:0,2500,0xf8003e000f80000000f80000000f800000000002f,39,24,24 0 0 0 0 0 0 0,1793932699
336,3,23417448,0x27f48de5e0605da8b2a52ddfd06f6d273b804336,1:0 5:0 9:0 13:0 17:0,2500,0xf80000000f80000000f80000000f80000000f8017,40,25,25 0 0 0 0 0 0 0,1798480606
221,2,23417847,0x5134143ec5c04ad5b5dcd240e92f484cdf10fef8,1:0,500,0xf8007,19,10,10 0 0 0 0 0 0 0,1793301850
222,2,23417866,0x5134143ec5c04ad5b5dcd240e92f484cdf10fef8,1:0,500,0xf8007,19,10,10 0 0 0 0 0 0 0,1793301860
267,2,23418033,0xeda47da1c7ae9f6f342784e2b3c0b41194375d17,1:0,500,0xf8007,19,10,10 0 0 0 0 0 0 0,1793301945
268,2,23418049,0xeda47da1c7ae9f6f342784e2b3c0b41194375d17,1:0,500,0xf8007,19,10,10 0 0 0 0 0 0 0,1793301953
272,2,23418050,0xc47e53967ecc82ee69635a37a6c645d109c15981,1:0,500,0xf8007,19,10,10 0 0 0 0 0 0 0,1793301953
275,2,23418073,0xc47e53967ecc82ee69635a37a6c645d109c15981,1:0,500,0xf8007,19,10,10 0 0 0 0 0 0 0,1793301965
265,2,23418085,0xd20d985fe8fba1f1e7a08095278e9c9a0565fb90,1:0,500,0xf8007,19,10,10 0 0 0 0 0 0 0,1793301971
266,2,23418102,0xd20d985fe8fba1f1e7a08095278e9c9a0565fb90,1:0,500,0xf8007,19,10,10 0 0 0 0 0 0 0,1793301980
273,2,23418162,0xdf019f6095d7be78358b9f96bd16f19fd1beedf1,1:0,500,0xf8007,19,10,10 0 0 0 0 0 0 0,1793302011
274,2,23418171,0xdf019f6095d7be78358b9f96bd16f19fd1beedf1,1:0,500,0xf8007,19,10,10 0 0 0 0 0 0 0,1793302015
277,2,23418355,0x23e84ec9d22e84e93534cb9a6030f77deb2a0310,1:0,500,0xf8007,19,10,10 0 0 0 0 0 0 0,1793302108
278,2,23418363,0x23e84ec9d22e84e93534cb9a6030f77deb2a0310,1:0,500,0xf8007,19,10,10 0 0 0 0 0 0 0,1793302112
269,2,23418513,0x02743dd55d73bbd61a1ffcfa8cf5e41896370c7c,1:0,500,0xf8007,19,10,10 0 0 0 0 0 0 0,1793302189
270,2,23418523,0x02743dd55d73bbd61a1ffcfa8cf5e41896370c7c,1:0,500,0xf8007,19,10,10 0 0 0 0 0 0 0,1793302194
285,47,23419363,0x27f48de5e0605da8b2a52ddfd06f6d273b804336,7:0 9:0 16:0 18:0 17:0,2500,0x1f0f87c00000000000000f8003e00000000000000000,38,24,24 0 0 0 0 0 0 0,1793747482
279,2,23419398,0xea06384d2fca30fc2090ace269c6578a2f0269fc,1:0,500,0xf8007,19,10,10 0 0 0 0 0 0 0,1793302638
280,2,23419412,0xea06384d2fca30fc2090ace269c6578a2f0269fc,1:0,500,0xf8007,19,10,10 0 0 0 0 0 0 0,1793302645
37,6,23420960,0xa372af7cdc7e941d7282db43d98a5a52b3d4b67a,1:0 5:0 9:0 13:0 17:0,2500,0xf80000000f80000000f80000000f80000000f8035,52,30,30 0 0 0 0 0 0 0,1793303432
276,2,23420991,0xa372af7cdc7e941d7282db43d98a5a52b3d4b67a,1:0 5:0 9:0 13:0 17:0,2500,0xf80000000f80000000f80000000f80000000f8009,35,21,21 0 0 0 0 0 0 0,1793303447
210,5,23422675,0x51ff767cdd5112be157b12b5b1c7713608fc2601,1:0 5:0 9:0 13:0 17:0,2500,0xf80000000f80000000f80000000f80000000f803b,35,21,21 0 0 0 0 0 0 0,1793304302
222,3,23422804,0x5134143ec5c04ad5b5dcd240e92f484cdf10fef8,1:0 5:0 15:0 13:0 17:0,2500,0xf8003e000f80000000000000000f80000000f8016,36,21,21 0 0 0 0 0 0 0,1793304368
221,3,23422955,0x5134143ec5c04ad5b5dcd240e92f484cdf10fef8,1:0 5:0 14:0 13:0 17:0,2500,0xf800001f0f80000000000000000f80000000f8002,37,21,21 0 0 0 0 0 0 0,1793304444
267,3,23423024,0xeda47da1c7ae9f6f342784e2b3c0b41194375d17,1:0 5:0 9:0 17:0 17:0,2500,0x1f00000000000000000f80000000f80000000f8036,27,17,17 0 0 0 0 0 0 0,1793304480
268,3,23423109,0xeda47da1c7ae9f6f342784e2b3c0b41194375d17,1:0 5:0 9:0 15:0 17:0,2500,0xf8003e000000000000f80000000f80000000f8008,33,21,21 0 0 0 0 0 0 0,1793304523
272,3,23423162,0xc47e53967ecc82ee69635a37a6c645d109c15981,1:0 5:0 9:0 13:0 11:0,2500,0xf8003e000f80000000f80000000f803f,34,21,21 0 0 0 0 0 0 0,1793304549
275,3,23423247,0xc47e53967ecc82ee69635a37a6c645d109c15981,1:0 5:0 9:0 15:0 17:0,2500,0xf8003e000000000000f80000000f80000000f8008,33,21,21 0 0 0 0 0 0 0,1793304593
265,3,23423296,0xd20d985fe8fba1f1e7a08095278e9c9a0565fb90,7:0 5:0 9:0 13:0 17:0,2500,0xf80000000f80000000f8003e000f800000000001a,34,20,20 0 0 0 0 0 0 0,1793304618
266,3,23423328,0xd20d985fe8fba1f1e7a08095278e9c9a0565fb90,1:0 5:0 9:0 14:0 17:0,2500,0xf800001f0000000000f80000000f80000000f8028,34,21,21 0 0 0 0 0 0 0,1793304634
273,3,23423469,0xdf019f6095d7be78358b9f96bd16f19fd1beedf1,1:0 5:0 9:0 13:0 18:0,2500,0x1f0000000000f80000000f80000000f80000000f803e,35,21,21 0 0 0 0 0 0 0,1793304705
274,3,23423622,0xdf019f6095d7be78358b9f96bd16f19fd1beedf1,1:0 17:0 9:0 13:0 17:0,2500,0x1f00000000f80000000f80000000000000000f801b,29,17,17 0 0 0 0 0 0 0,1793304783
274,4,23423718,0xdf019f6095d7be78358b9f96bd16f19fd1beedf1,1:0 5:0 9:0 13:0 17:0,2500,0xf80000000f80000000f80000000f80000000f8035,60,38,38 0 0 0 0 0 0 0,1793304832
277,3,23423907,0x23e84ec9d22e84e93534cb9a6030f77deb2a0310,17:0 5:0 9:0 13:0 17:0,2500,0x1f00000000f80000000f80000000f800000000001b,26,16,16 0 0 0 0 0 0 0,1793304927
278,3,23423950,0x23e84ec9d22e84e93534cb9a6030f77deb2a0310,1:0 5:0 9:0 17:0 17:0,2500,0x1f00000000000000000f80000000f80000000f8036,27,17,17 0 0 0 0 0 0 0,1793304949
269,3,23424951,0x02743dd55d73bbd61a1ffcfa8cf5e41896370c7c,1:0 5:0 9:0 13:0 17:0,2500,0xf80000000f80000000f80000000f80000000f8017,35,21,21 0 0 0 0 0 0 0,1793305457
270,3,23425007,0x02743dd55d73bbd61a1ffcfa8cf5e41896370c7c,5:0 11:0 9:0 17:0 17:0,2500,0x1f0000000000003e000f80000000f800000000000f,24,16,16 0 0 0 0 0 0 0,1793305485
279,3,23425093,0xea06384d2fca30fc2090ace269c6578a2f0269fc,5:0 5:0 11:0 13:0 17:0,2500,0xf80000000f8003e000000000001f000000000003d,27,16,16 0 0 0 0 0 0 0,1793305529
280,3,23425133,0xea06384d2fca30fc2090ace269c6578a2f0269fc,1:0 5:0 9:0 13:0 17:0,2500,0xf80000000f80000000f80000000f80000000f8017,35,21,21 0 0 0 0 0 0 0,1793305549
277,4,23426917,0x23e84ec9d22e84e93534cb9a6030f77deb2a0310,1:0 5:0 13:0 13:0 17:0,2500,0xf80000001f00000000000000000f80000000f8030,46,30,30 0 0 0 0 0 0 0,1793306455
279,4,23426918,0xea06384d2fca30fc2090ace269c6578a2f0269fc,1:0 5:0 13:0 13:0 17:0,2500,0xf80000001f00000000000000000f80000000f8030,46,30,30 0 0 0 0 0 0 0,1793306455
265,4,23426918,0xd20d985fe8fba1f1e7a08095278e9c9a0565fb90,1:0 5:0 13:0 13:0 17:0,2500,0xf80000001f00000000000000000f80000000f8030,46,30,30 0 0 0 0 0 0 0,1793306455
221,4,23426918,0x5134143ec5c04ad5b5dcd240e92f484cdf10fef8,1:0 13:0 9:0 13:0 17:0,2500,0xf80000001f00000000f80000000000000000f8003,47,30,30 0 0 0 0 0 0 0,1793306455
269,4,23426919,0x02743dd55d73bbd61a1ffcfa8cf5e41896370c7c,1:0 5:0 13:0 13:0 17:0,2500,0xf80000001f00000000000000000f80000000f8030,56,35,35 0 0 0 0 0 0 0,1793306455
267,4,23426919,0xeda47da1c7ae9f6f342784e2b3c0b41194375d17,1:0 5:0 13:0 13:0 17:0,2500,0xf80000001f00000000000000000f80000000f8030,51,31,31 0 0 0 0 0 0 0,1793306455
272,4,23427066,0xc47e53967ecc82ee69635a37a6c645d109c15981,1:0 13:0 9:0 13:0 17:0,2500,0xf80000001f00000000f80000000000000000f8003,51,30,30 0 0 0 0 0 0 0,1793306530
273,4,23427116,0xdf019f6095d7be78358b9f96bd16f19fd1beedf1,1:0 10:0 13:0 13:0 17:0,2500,0xf80000001f000001f0000000000000000000f803c,44,26,26 0 0 0 0 0 0 0,1793306555
222,4,23427195,0x5134143ec5c04ad5b5dcd240e92f484cdf10fef8,1:0 11:0 9:0 13:0 17:0,2500,0xf80000000f8003e000f80000000000000000f803a,53,34,34 0 0 0 0 0 0 0,1793306595
266,4,23427195,0xd20d985fe8fba1f1e7a08095278e9c9a0565fb90,1:0 5:0 15:0 13:0 17:0,2500,0xf8003e000f80000000000000000f80000000f8003,57,35,35 0 0 0 0 0 0 0,1793306595
274,5,23427195,0xdf019f6095d7be78358b9f96bd16f19fd1beedf1,1:0 5:0 15:0 13:0 17:0,2500,0xf8003e000f80000000000000000f80000000f8023,44,26,26 0 0 0 0 0 0 0,1793306595
270,4,23427196,0x02743dd55d73bbd61a1ffcfa8cf5e41896370c7c,1:0 5:0 15:0 13:0 17:0,2500,0xf8003e000f80000000000000000f80000000f8003,47,30,30 0 0 0 0 0 0 0,1793306596
278,4,23427196,0x23e84ec9d22e84e93534cb9a6030f77deb2a0310,1:0 5:0 15:0 13:0 17:0,2500,0xf8003e000f80000000000000000f80000000f8003,57,35,35 0 0 0 0 0 0 0,1793306596
268,4,23427196,0xeda47da1c7ae9f6f342784e2b3c0b41194375d17,1:0 5:0 15:0 13:0 17:0,2500,0xf8003e000f80000000000000000f80000000f8003,61,39,39 0 0 0 0 0 0 0,1793306596
275,4,23427353,0xc47e53967ecc82ee69635a37a6c645d109c15981,1:0 11:0 9:0 15:0 17:0,2500,0xf8003e00000003e000f80000000000000000f803d,57,38,38 0 0 0 0 0 0 0,1793306676
202,45,23427414,0x51ff767cdd5112be157b12b5b1c7713608fc2601,1:0 15:0 9:0 13:0 17:0,2500,0xf8003e000f80000000f80000000000000000f8000,47,33,33 0 0 0 0 0 0 0,1793932699
210,6,23427446,0x51ff767cdd5112be157b12b5b1c7713608fc2601,1:0 5:0 9:0 13:0 12:0,2500,0xf87c00000f80000000f80000000f8003,63,39,39 0 0 0 0 0 0 0,1793306723
202,46,23427654,0x51ff767cdd5112be157b12b5b1c7713608fc2601,1:0 16:0 9:0 13:0 17:0,2500,0xf87c00000f80000000f80000000000000000f8037,52,30,30 0 0 0 0 0 0 0,1793932699
210,7,23427692,0x51ff767cdd5112be157b12b5b1c7713608fc2601,1:0 5:0 13:0 13:0 17:0,2500,0xf80000001f00000000000000000f80000000f8028,43,26,26 0 0 0 0 0 0 0,1793306848
280,4,23427885,0xea06384d2fca30fc2090ace269c6578a2f0269fc,1:0 5:0 9:0 13:0 17:0,2500,0xf80000000f80000000f80000000f80000000f8035,68,43,43 0 0 0 0 0 0 0,1793306946
280,5,23427952,0xea06384d2fca30fc2090ace269c6578a2f0269fc,1:0 5:0 9:0 13:0 17:0,2500,0xf80000000f80000000f80000000f80000000f803b,35,21,21 0 0 0 0 0 0 0,1793306980
278,5,23427953,0x23e84ec9d22e84e93534cb9a6030f77deb2a0310,1:0 5:0 9:0 13:0 17:0,2500,0xf80000000f80000000f80000000f80000000f803b,47,29,29 0 0 0 0 0 0 0,1793306980
222,5,23427953,0x5134143ec5c04ad5b5dcd240e92f484cdf10fef8,1:0 5:0 13:0 13:0 17:0,2500,0xf80000001f00000000000000000f80000000f8009,38,22,22 0 0 0 0 0 0 0,1793306980
266,5,23427953,0xd20d985fe8fba1f1e7a08095278e9c9a0565fb90,1:0 5:0 9:0 13:0 17:0,2500,0xf80000000f80000000f80000000f80000000f803b,47,29,29 0 0 0 0 0 0 0,1793306980
274,6,23427953,0xdf019f6095d7be78358b9f96bd16f19fd1beedf1,1:0 5:0 9:0 13:0 17:0,2500,0xf80000000f80000000f80000000f80000000f8035,53,34,34 0 0 0 0 0 0 0,1793306980
275,5,23427954,0xc47e53967ecc82ee69635a37a6c645d109c15981,1:0 5:0 13:0 13:0 17:0,2500,0xf80000001f00000000000000000f80000000f8009,38,22,22 0 0 0 0 0 0 0,1793306981
268,5,23427954,0xeda47da1c7ae9f6f342784e2b3c0b41194375d17,1:0 5:0 9:0 13:0 17:0,2500,0xf80000000f80000000f80000000f80000000f803b,47,29,29 0 0 0 0 0 0 0,1793306981
270,5,23428048,0x02743dd55d73bbd61a1ffcfa8cf5e41896370c7c,1:0 5:0 9:0 13:0 17:0,2500,0xf80000000f80000000f80000000f80000000f803b,57,34,34 0 0 0 0 0 0 0,1793307028
269,5,23428120,0x02743dd55d73bbd61a1ffcfa8cf5e41896370c7c,1:0 5:0 9:0 18:0 17:0,2500,0x1f0f80000000000000000f80000000f80000000f8039,41,25,25 0 0 0 0 0 0 0,1793307065
265,5,23428120,0xd20d985fe8fba1f1e7a08095278e9c9a0565fb90,1:0 5:0 9:0 18:0 17:0,2500,0x1f0f80000000000000000f80000000f80000000f8039,51,30,30 0 0 0 0 0 0 0,1793307065
279,5,23428120,0xea06384d2fca30fc2090ace269c6578a2f0269fc,1:0 5:0 9:0 18:0 17:0,2500,0x1f0f80000000000000000f80000000f80000000f8039,44,26,26 0 0 0 0 0 0 0,1793307065
272,5,23428121,0xc47e53967ecc82ee69635a37a6c645d109c15981,1:0 5:0 9:0 17:0 17:0,2500,0x1f00000000000000000f80000000f80000000f803c,38,26,26 0 0 0 0 0 0 0,1793307065
273,5,23428121,0xdf019f6095d7be78358b9f96bd16f19fd1beedf1,1:0 5:0 9:0 18:0 17:0,2500,0x1f0f80000000000000000f80000000f80000000f8039,57,38,38 0 0 0 0 0 0 0,1793307065
221,5,23428145,0x5134143ec5c04ad5b5dcd240e92f484cdf10fef8,1:0 5:0 18:0 13:0 17:0,2500,0x1f0f80000000f80000000000000000f80000000f8000,45,26,26 0 0 0 0 0 0 0,1793307077
267,5,23428238,0xeda47da1c7ae9f6f342784e2b3c0b41194375d17,1:0 5:0 9:0 18:0 17:0,2500,0x1f0f80000000000000000f80000000f80000000f8039,46,29,29 0 0 0 0 0 0 0,1793307125
277,5,23428241,0x23e84ec9d22e84e93534cb9a6030f77deb2a0310,1:0 5:0 9:0 18:0 17:0,2500,0x1f0f80000000000000000f80000000f80000000f8039,56,34,34 0 0 0 0 0 0 0,1793307126
202,47,23429442,0x51ff767cdd5112be157b12b5b1c7713608fc2601,1:0 12:0 9:0 13:0 17:0,2500,0xf80000000f87c00000f80000000000000000f8012,50,33,33 0 0 0 0 0 0 0,1793932699
210,8,23429472,0x51ff767cdd5112be157b12b5b1c7713608fc2601,1:0 10:0 9:0 13:0 17:0,2500,0xf80000000f800001f0f80000000000000000f8010,49,30,30 0 0 0 0 0 0 0,1793307751
202,48,23429505,0x51ff767cdd5112be157b12b5b1c7713608fc2601,1:0 15:0 9:0 13:0 17:0,2500,0xf8003e000f80000000f80000000000000000f8005,52,30,30 0 0 0 0 0 0 0,1793932699
210,9,23429547,0x51ff767cdd5112be157b12b5b1c7713608fc2601,1:0 5:0 9:0 9:0 17:0,2500,0xf80000000000000001f00000000f80000000f802b,55,35,35 0 0 0 0 0 0 0,1793307789
202,49,23429581,0x51ff767cdd5112be157b12b5b1c7713608fc2601,1:0 14:0 9:0 13:0 17:0,2500,0xf800001f0f80000000f80000000000000000f8008,70,43,43 0 0 0 0 0 0 0,1793932699
210,10,23429635,0x51ff767cdd5112be157b12b5b1c7713608fc2601,1:0 5:0 9:0 17:0 17:0,2500,0x1f00000000000000000f80000000f80000000f8013,37,22,22 0 0 0 0 0 0 0,1793307833
202,50,23429673,0x51ff767cdd5112be157b12b5b1c7713608fc2601,1:0 5:0 9:0 13:0 14:0,2500,0x1f0f80000000f80000000f80000000f8005,71,43,43 0 0 0 0 0 0 0,1793932699
210,11,23429700,0x51ff767cdd5112be157b12b5b1c7713608fc2601,1:0 5:0 9:0 18:0 17:0,2500,0x1f0f80000000000000000f80000000f80000000f801a,67,46,46 0 0 0 0 0 0 0,1793307866
279,6,23429875,0xea06384d2fca30fc2090ace269c6578a2f0269fc,1:0 5:0 9:0 16:0 17:0,2500,0xf87c00000000000000f80000000f80000000f8006,51,34,34 0 0 0 0 0 0 0,1793307955
221,6,23429875,0x5134143ec5c04ad5b5dcd240e92f484cdf10fef8,1:0 5:0 15:0 13:0 17:0,2500,0xf8003e000f80000000000000000f80000000f803a,54,34,34 0 0 0 0 0 0 0,1793307955
269,6,23429875,0x02743dd55d73bbd61a1ffcfa8cf5e41896370c7c,1:0 5:0 9:0 16:0 17:0,2500,0xf87c00000000000000f80000000f80000000f8006,54,35,35 0 0 0 0 0 0 0,1793307955
265,6,23429875,0xd20d985fe8fba1f1e7a08095278e9c9a0565fb90,1:0 5:0 9:0 16:0 17:0,2500,0xf87c00000000000000f80000000f80000000f8006,44,30,30 0 0 0 0 0 0 0,1793307955
273,6,23429876,0xdf019f6095d7be78358b9f96bd16f19fd1beedf1,1:0 5:0 9:0 16:0 17:0,2500,0xf87c00000000000000f80000000f80000000f8006,43,26,26 0 0 0 0 0 0 0,1793307956
272,6,23429876,0xc47e53967ecc82ee69635a37a6c645d109c15981,1:0 5:0 15:0 13:0 17:0,2500,0xf8003e000f80000000000000000f80000000f803a,46,26,26 0 0 0 0 0 0 0,1793307956
267,6,23429876,0xeda47da1c7ae9f6f342784e2b3c0b41194375d17,1:0 5:0 9:0 16:0 17:0,2500,0xf87c00000000000000f80000000f80000000f8006,54,35,35 0 0 0 0 0 0 0,1793307956
277,6,23429876,0x23e84ec9d22e84e93534cb9a6030f77deb2a0310,1:0 5:0 9:0 16:0 17:0,2500,0xf87c00000000000000f80000000f80000000f8006,44,30,30 0 0 0 0 0 0 0,1793307956
270,6,23429945,0x02743dd55d73bbd61a1ffcfa8cf5e41896370c7c,1:0 5:0 9:0 18:0 18:0,2500,0x3e0000000000000000000f80000000f80000000f8023,35,22,22 0 0 0 0 0 0 0,1793307991
266,6,23429945,0xd20d985fe8fba1f1e7a08095278e9c9a0565fb90,1:0 5:0 9:0 18:0 18:0,2500,0x3e0000000000000000000f80000000f80000000f8023,45,27,27 0 0 0 0 0 0 0,1793307991
278,6,23429945,0x23e84ec9d22e84e93534cb9a6030f77deb2a0310,1:0 5:0 9:0 18:0 18:0,2500,0x3e0000000000000000000f80000000f80000000f8023,45,27,27 0 0 0 0 0 0 0,1793307991
274,7,23429946,0xdf019f6095d7be78358b9f96bd16f19fd1beedf1,1:0 10:0 9:0 18:0 17:0,2500,0x1f0f800000000000001f0f80000000000000000f800a,55,34,34 0 0 0 0 0 0 0,1793307991
268,6,23429946,0xeda47da1c7ae9f6f342784e2b3c0b41194375d17,1:0 5:0 9:0 18:0 18:0,2500,0x3e0000000000000000000f80000000f80000000f8023,45,27,27 0 0 0 0 0 0 0,1793307991
280,6,23429946,0xea06384d2fca30fc2090ace269c6578a2f0269fc,1:0 5:0 16:0 18:0 17:0,2500,0x1f0f87c00000000000000000000000f80000000f8031,56,35,35 0 0 0 0 0 0 0,1793307991
222,6,23429947,0x5134143ec5c04ad5b5dcd240e92f484cdf10fef8,1:0 5:0 16:0 18:0 17:0,2500,0x1f0f87c00000000000000000000000f80000000f8031,48,30,30 0 0 0 0 0 0 0,1793307992
275,6,23429947,0xc47e53967ecc82ee69635a37a6c645d109c15981,1:0 5:0 16:0 18:0 17:0,2500,0x1f0f87c00000000000000000000000f80000000f8031,48,30,30 0 0 0 0 0 0 0,1793307992
221,7,23430004,0x5134143ec5c04ad5b5dcd240e92f484cdf10fef8,1:0 14:0 9:0 13:0 17:0,2500,0xf800001f0f80000000f80000000000000000f803b,59,34,34 0 0 0 0 0 0 0,1793308020
279,7,23430004,0xea06384d2fca30fc2090ace269c6578a2f0269fc,1:0 5:0 18:0 13:0 17:0,2500,0x1f0f80000000f80000000000000000f80000000f8039,62,35,35 0 0 0 0 0 0 0,1793308020
269,7,23430004,0x02743dd55d73bbd61a1ffcfa8cf5e41896370c7c,1:0 5:0 18:0 13:0 17:0,2500,0x1f0f80000000f80000000000000000f80000000f8039,52,30,30 0 0 0 0 0 0 0,1793308020
273,7,23430004,0xdf019f6095d7be78358b9f96bd16f19fd1beedf1,1:0 5:0 18:0 13:0 17:0,2500,0x1f0f80000000f80000000000000000f80000000f8039,68,40,40 0 0 0 0 0 0 0,1793308020
277,7,23430005,0x23e84ec9d22e84e93534cb9a6030f77deb2a0310,1:0 5:0 18:0 13:0 17:0,2500,0x1f0f80000000f80000000000000000f80000000f8039,47,26,26 0 0 0 0 0 0 0,1793308021
272,7,23430005,0xc47e53967ecc82ee69635a37a6c645d109c15981,1:0 14:0 9:0 13:0 17:0,2500,0xf800001f0f80000000f80000000000000000f803b,77,47,47 0 0 0 0 0 0 0,1793308021
267,7,23430005,0xeda47da1c7ae9f6f342784e2b3c0b41194375d17,1:0 5:0 18:0 13:0 17:0,2500,0x1f0f80000000f80000000000000000f80000000f8039,62,35,35 0 0 0 0 0 0 0,1793308021
265,7,23430027,0xd20d985fe8fba1f1e7a08095278e9c9a0565fb90,1:0 5:0 18:0 13:0 17:0,2500,0x1f0f80000000f80000000000000000f80000000f8039,52,30,30 0 0 0 0 0 0 0,1793308032
222,7,23430092,0x5134143ec5c04ad5b5dcd240e92f484cdf10fef8,1:0 5:0 9:0 13:0 17:0,2500,0xf80000000f80000000f80000000f80000000f803b,65,39,39 0 0 0 0 0 0 0,1793308065
270,7,23430092,0x02743dd55d73bbd61a1ffcfa8cf5e41896370c7c,1:0 5:0 9:0 13:0 17:0,2500,0xf80000000f80000000f80000000f80000000f803b,55,34,34 0 0 0 0 0 0 0,1793308065
266,7,23430092,0xd20d985fe8fba1f1e7a08095278e9c9a0565fb90,1:0 5:0 9:0 13:0 17:0,2500,0xf80000000f80000000f80000000f80000000f803b,55,34,34 0 0 0 0 0 0 0,1793308065
274,8,23430092,0xdf019f6095d7be78358b9f96bd16f19fd1beedf1,1:0 5:0 9:0 13:0 17:0,2500,0xf80000000f80000000f80000000f80000000f8030,71,44,44 0 0 0 0 0 0 0,1793308065
278,7,23430093,0x23e84ec9d22e84e93534cb9a6030f77deb2a0310,1:0 5:0 9:0 13:0 17:0,2500,0xf80000000f80000000f80000000f80000000f803b,65,39,39 0 0 0 0 0 0 0,1793308066
268,7,23430093,0xeda47da1c7ae9f6f342784e2b3c0b41194375d17,1:0 5:0 9:0 13:0 17:0,2500,0xf80000000f80000000f80000000f80000000f803b,55,34,34 0 0 0 0 0 0 0,1793308066
275,7,23430220,0xc47e53967ecc82ee69635a37a6c645d109c15981,1:0 11:0 9:0 13:0 17:0,2500,0xf80000000f8003e000f80000000000000000f8032,58,34,34 0 0 0 0 0 0 0,1793308130
280,7,23430240,0xea06384d2fca30fc2090ace269c6578a2f0269fc,1:0 5:0 16:0 13:0 17:0,2500,0xf87c00000f80000000000000000f80000000f8010,59,34,34 0 0 0 0 0 0 0,1793308140
279,8,23430289,0xea06384d2fca30fc2090ace269c6578a2f0269fc,1:0 5:0 16:0 13:0 17:0,2500,0xf87c00000f80000000000000000f80000000f8035,65,42,42 0 0 0 0 0 0 0,1793308165
221,8,23430290,0x5134143ec5c04ad5b5dcd240e92f484cdf10fef8,1:0 12:0 9:0 13:0 17:0,2500,0xf80000000f87c00000f80000000000000000f8012,58,38,38 0 0 0 0 0 0 0,1793308166
265,8,23430290,0xd20d985fe8fba1f1e7a08095278e9c9a0565fb90,1:0 5:0 16:0 13:0 17:0,2500,0xf87c00000f80000000000000000f80000000f8035,70,43,43 0 0 0 0 0 0 0,1793308166
269,8,23430290,0x02743dd55d73bbd61a1ffcfa8cf5e41896370c7c,1:0 5:0 16:0 13:0 17:0,2500,0xf87c00000f80000000000000000f80000000f8035,80,48,48 0 0 0 0 0 0 0,1793308166
273,8,23430291,0xdf019f6095d7be78358b9f96bd16f19fd1beedf1,1:0 5:0 16:0 13:0 17:0,2500,0xf87c00000f80000000000000000f80000000f8035,59,34,34 0 0 0 0 0 0 0,1793308166
277,8,23430291,0x23e84ec9d22e84e93534cb9a6030f77deb2a0310,1:0 5:0 16:0 13:0 17:0,2500,0xf87c00000f80000000000000000f80000000f8035,75,47,47 0 0 0 0 0 0 0,1793308166
272,8,23430291,0xc47e53967ecc82ee69635a37a6c645d109c15981,1:0 12:0 9:0 13:0 17:0,2500,0xf80000000f87c00000f80000000000000000f8012,44,26,26 0 0 0 0 0 0 0,1793308166
267,8,23430292,0xeda47da1c7ae9f6f342784e2b3c0b41194375d17,1:0 5:0 16:0 13:0 17:0,2500,0xf87c00000f80000000000000000f80000000f8035,70,43,43 0 0 0 0 0 0 0,1793308167
266,8,23430367,0xd20d985fe8fba1f1e7a08095278e9c9a0565fb90,1:0 5:0 15:0 13:0 17:0,2500,0xf8003e000f80000000000000000f80000000f8020,73,44,44 0 0 0 0 0 0 0,1793308205
274,9,23430367,0xdf019f6095d7be78358b9f96bd16f19fd1beedf1,1:0 5:0 15:0 13:0 17:0,2500,0xf8003e000f80000000000000000f80000000f800a,45,29,29 0 0 0 0 0 0 0,1793308205
222,8,23430367,0x5134143ec5c04ad5b5dcd240e92f484cdf10fef8,1:0 5:0 15:0 13:0 17:0,2500,0xf8003e000f80000000000000000f80000000f8020,63,39,39 0 0 0 0 0 0 0,1793308205
280,8,23430368,0xea06384d2fca30fc2090ace269c6578a2f0269fc,1:0 5:0 15:0 13:0 17:0,2500,0xf8003e000f80000000000000000f80000000f8020,67,40,40 0 0 0 0 0 0 0,1793308205
268,8,23430368,0xeda47da1c7ae9f6f342784e2b3c0b41194375d17,1:0 5:0 15:0 13:0 17:0,2500,0xf8003e000f80000000000000000f80000000f8020,59,35,35 0 0 0 0 0 0 0,1793308205
275,8,23430368,0xc47e53967ecc82ee69635a37a6c645d109c15981,1:0 11:0 9:0 13:0 17:0,2500,0xf80000000f8003e000f80000000000000000f803a,65,39,39 0 0 0 0 0 0 0,1793308205
278,8,23430459,0x23e84ec9d22e84e93534cb9a6030f77deb2a0310,1:0 5:0 15:0 13:0 17:0,2500,0xf8003e000f80000000000000000f80000000f8020,63,39,39 0 0 0 0 0 0 0,1793308251
270,8,23430478,0x02743dd55d73bbd61a1ffcfa8cf5e41896370c7c,1:0 5:0 15:0 13:0 17:0,2500,0xf8003e000f80000000000000000f80000000f8020,53,34,34 0 0 0 0 0 0 0,1793308261
221,9,23430604,0x5134143ec5c04ad5b5dcd240e92f484cdf10fef8,1:0 5:0 9:0 16:0 17:0,2500,0xf87c00000000000000f80000000f80000000f801b,53,34,34 0 0 0 0 0 0 0,1793308325
279,9,23430604,0xea06384d2fca30fc2090ace269c6578a2f0269fc,1:0 5:0 9:0 13:0 16:0,2500,0x7c00000f80000000f80000000f80000000f801e,54,31,31 0 0 0 0 0 0 0,1793308325
269,9,23430604,0x02743dd55d73bbd61a1ffcfa8cf5e41896370c7c,1:0 5:0 9:0 13:0 16:0,2500,0x7c00000f80000000f80000000f80000000f801e,46,29,29 0 0 0 0 0 0 0,1793308325
273,9,23430604,0xdf019f6095d7be78358b9f96bd16f19fd1beedf1,1:0 5:0 9:0 13:0 16:0,2500,0x7c00000f80000000f80000000f80000000f801e,49,30,30 0 0 0 0 0 0 0,1793308325
272,9,23430605,0xc47e53967ecc82ee69635a37a6c645d109c15981,1:0 5:0 9:0 16:0 17:0,2500,0xf87c00000000000000f80000000f80000000f801b,56,38,38 0 0 0 0 0 0 0,1793308325
277,9,23430605,0x23e84ec9d22e84e93534cb9a6030f77deb2a0310,1:0 5:0 9:0 13:0 16:0,2500,0x7c00000f80000000f80000000f80000000f801e,66,39,39 0 0 0 0 0 0 0,1793308325
267,9,23430714,0xeda47da1c7ae9f6f342784e2b3c0b41194375d17,1:0 5:0 9:0 13:0 16:0,2500,0x7c00000f80000000f80000000f80000000f801e,51,33,33 0 0 0 0 0 0 0,1793308380
265,9,23430717,0xd20d985fe8fba1f1e7a08095278e9c9a0565fb90,1:0 5:0 9:0 13:0 16:0,2500,0x7c00000f80000000f80000000f80000000f801e,66,39,39 0 0 0 0 0 0 0,1793308382
266,9,23430776,0xd20d985fe8fba1f1e7a08095278e9c9a0565fb90,1:0 9:0 9:0 13:0 17:0,2500,0xf80000000f80000001f00000000000000000f8001,32,21,21 0 0 0 0 0 0 0,1793308412
274,10,23430776,0xdf019f6095d7be78358b9f96bd16f19fd1beedf1,1:0 9:0 9:0 13:0 17:0,2500,0xf80000000f80000001f00000000000000000f8039,49,30,30 0 0 0 0 0 0 0,1793308412
270,9,23430776,0x02743dd55d73bbd61a1ffcfa8cf5e41896370c7c,1:0 9:0 9:0 13:0 17:0,2500,0xf80000000f80000001f00000000000000000f8001,52,31,31 0 0 0 0 0 0 0,1793308412
280,9,23430776,0xea06384d2fca30fc2090ace269c6578a2f0269fc,1:0 9:0 9:0 13:0 17:0,2500,0xf80000000f80000001f00000000000000000f8001,46,29,29 0 0 0 0 0 0 0,1793308412
222,9,23430777,0x5134143ec5c04ad5b5dcd240e92f484cdf10fef8,5:0 5:0 9:0 13:0 17:0,2500,0xf80000000f80000000f80000001f0000000000003,49,33,33 0 0 0 0 0 0 0,1793308413
268,9,23430777,0xeda47da1c7ae9f6f342784e2b3c0b41194375d17,1:0 9:0 9:0 13:0 17:0,2500,0xf80000000f80000001f00000000000000000f8001,32,21,21 0 0 0 0 0 0 0,1793308413
275,9,23430777,0xc47e53967ecc82ee69635a37a6c645d109c15981,5:0 5:0 9:0 13:0 17:0,2500,0xf80000000f80000000f80000001f0000000000003,44,29,29 0 0 0 0 0 0 0,1793308413
278,9,23430777,0x23e84ec9d22e84e93534cb9a6030f77deb2a0310,1:0 9:0 9:0 13:0 17:0,2500,0xf80000000f80000001f00000000000000000f8001,32,21,21 0 0 0 0 0 0 0,1793308413
55,57,23433858,0xac0e67aaaa15dc791153b64df4a9d121dce797e5,2:0 1:0 3:0 13:0 17:0,2500,0xf80000000f8000000000000000000003e1f0f8022,60,36,36 0 0 0 0 0 0 0,1794151120
117,2,23434282,0xac0e67aaaa15dc791153b64df4a9d121dce797e5,pheromone,0,0x1fc1,18,10,10 0 0 0 0 0 0 0,1793310190
44,72,23435681,0xf04ecec3cac1ad5e55e03cb5842b07be2c2249c9,1:0 5:0 9:0 13:0 17:0,2500,0xf80000000f80000000f80000000f80000000f801b,67,39,39 0 0 0 0 0 0 0,1794538788
44,73,23435713,0xf04ecec3cac1ad5e55e03cb5842b07be2c2249c9,1:0 5:0 9:0 13:0 17:0,2500,0xf80000000f80000000f80000000f80000000f8030,46,30,30 0 0 0 0 0 0 0,1794538788
188,5,23436028,0xac0e67aaaa15dc791153b64df4a9d121dce797e5,pheromone,0,0x1fe1,18,10,10 0 0 0 0 0 0 0,1793311076
173,5,23436191,0xf04ecec3cac1ad5e55e03cb5842b07be2c2249c9,pheromone,0,0x1fe1,18,10,10 0 0 0 0 0 0 0,1793311159
337,1,23436263,0xac0e67aaaa15dc791153b64df4a9d121dce797e5,1:0 5:0 9:0 13:0 17:0,2500,0xf80000000f80000000f80000000f80000000f802e,35,21,21 0 0 0 0 0 0 0,1798495154
59,14,23436305,0xf04ecec3cac1ad5e55e03cb5842b07be2c2249c9,1:0,500,0xf8002,19,10,10 0 0 0 0 0 0 0,1793311217
69,15,23436312,0xf04ecec3cac1ad5e55e03cb5842b07be2c2249c9,1:0,500,0xf8016,19,10,10 0 0 0 0 0 0 0,1793311220
156,15,23439230,0x574b60bc1a42becb1de3972751e9238c26c9cccf,1:0,500,0xf8016,9,5,5 0 0 0 0 0 0 0,1793318675
158,22,23439230,0x574b60bc1a42becb1de3972751e9238c26c9cccf,1:1,2000,0x3f801c,9,5,5 0 0 0 0 0 0 0,1793470225
159,12,23439230,0x574b60bc1a42becb1de3972751e9238c26c9cccf,1:1,2000,0x3f8037,29,15,15 0 0 0 0 0 0 0,1793312700
158,23,23439487,0x574b60bc1a42becb1de3972751e9238c26c9cccf,1:2 5:2 9:2 13:2 17:2,20000,0x7f80000007f80000007f80000007f80000007f802f,96,63,63 0 0 0 0 0 0 0,1793470225
158,24,23440074,0x574b60bc1a42becb1de3972751e9238c26c9cccf,1:1 5:1 9:1 13:1 17:1,10000,0x3f80000003f80000003f80000003f80000003f803b,43,26,26 0 0 0 0 0 0 0,1793470225
117,3,23440194,0xac0e67aaaa15dc791153b64df4a9d121dce797e5,pheromone,0,0x1ff8,37,20,20 0 0 0 0 0 0 0,1793313190
338,1,23440421,0xac0e67aaaa15dc791153b64df4a9d121dce797e5,1:0,500,0xf8000,9,5,5 0 0 0 0 0 0 0,1798497209
159,13,23441613,0x574b60bc1a42becb1de3972751e9238c26c9cccf,1:0 5:0 10:0 13:0 17:0,2500,0xf80000000f800001f0000000000f80000000f8027,46,30,30 0 0 0 0 0 0 0,1793313909
156,16,23441919,0x574b60bc1a42becb1de3972751e9238c26c9cccf,1:1 5:1 9:1 13:1 17:1,10000,0x3f80000003f80000003f80000003f80000003f803b,60,35,35 0 0 0 0 0 0 0,1793318675
216,4,23443709,0x08bf056c728966c8d6d3f2acb0ad4be521ed0631,16:0,500,0x7c0000000000000000000000000000000000007,6,4,4 0 0 0 0 0 0 0,1793314974
219,5,23443709,0x08bf056c728966c8d6d3f2acb0ad4be521ed0631,17:0,500,0xf8000000000000000000000000000000000000017,7,4,4 0 0 0 0 0 0 0,1793314974
296,5,23443709,0x08bf056c728966c8d6d3f2acb0ad4be521ed0631,10:0,500,0x1f000000000000000000000016,5,4,4 0 0 0 0 0 0 0,1793314974
339,1,23443982,0x574b60bc1a42becb1de3972751e9238c26c9cccf,1:1 5:1 9:1 13:1 17:1,10000,0x3f80000003f80000003f80000003f80000003f801e,35,21,21 0 0 0 0 0 0 0,1798499054
339,2,23444094,0x574b60bc1a42becb1de3972751e9238c26c9cccf,1:2 5:2 9:2 13:2 17:2,20000,0x7f80000007f80000007f80000007f80000007f8020,99,64,64 0 0 0 0 0 0 0,1798499054
202,51,23444161,0x51ff767cdd5112be157b12b5b1c7713608fc2601,1:0 5:0 9:0 7:0 17:0,2500,0xf80000000000000000f8003e000f80000000f8018,35,21,21 0 0 0 0 0 0 0,1793932699
210,12,23444189,0x51ff767cdd5112be157b12b5b1c7713608fc2601,1:0 5:0 9:0 16:0 17:0,2500,0xf87c00000000000000f80000000f80000000f801a,43,26,26 0 0 0 0 0 0 0,1793315218
339,3,23444427,0x574b60bc1a42becb1de3972751e9238c26c9cccf,1:1 8:1 3:1 13:1 14:1,10000,0x7f3f8000000001fc000000000fe003f801c,48,26,26 0 0 0 0 0 0 0,1798499054
202,52,23444798,0x51ff767cdd5112be157b12b5b1c7713608fc2601,1:0 13:0 9:0 13:0 17:0,2500,0xf80000001f00000000f80000000000000000f8039,59,38,38 0 0 0 0 0 0 0,1793932699
210,13,23444819,0x51ff767cdd5112be157b12b5b1c7713608fc2601,1:0 5:0 9:0 9:0 17:0,2500,0xf80000000000000001f00000000f80000000f8023,50,34,34 0 0 0 0 0 0 0,1793315537
339,4,23445096,0x574b60bc1a42becb1de3972751e9238c26c9cccf,1:1 5:1 9:1 13:1 17:1,10000,0x3f80000003f80000003f80000003f80000003f8018,73,43,43 0 0 0 0 0 0 0,1798499054
285,48,23445103,0x27f48de5e0605da8b2a52ddfd06f6d273b804336,11:0 10:0 16:0 18:0 17:0,2500,0x1f0f87c0000000003e1f000000000000000000000007,50,32,32 0 0 0 0 0 0 0,1793747482
295,8,23445246,0xec0408f9fb4c25a98e60b6e5715cd059b1fa172f,11:0 5:0 9:0 13:0 17:0,2500,0xf80000000f8003e000f80000000f8000000000018,40,25,25 0 0 0 0 0 0 0,1793315753
315,7,23445314,0xec0408f9fb4c25a98e60b6e5715cd059b1fa172f,1:0 5:0 9:0 14:0 17:0,2500,0xf800001f0000000000f80000000f80000000f802c,44,26,26 0 0 0 0 0 0 0,1793315788
321,7,23445373,0xec0408f9fb4c25a98e60b6e5715cd059b1fa172f,1:0 13:0 9:0 13:0 17:0,2500,0xf80000001f00000000f80000000000000000f8002,32,21,21 0 0 0 0 0 0 0,1793315818
75,1,23445828,0xec0408f9fb4c25a98e60b6e5715cd059b1fa172f,pheromone,0,0x1fd3,18,10,10 0 0 0 0 0 0 0,1793316049
175,7,23445919,0xec0408f9fb4c25a98e60b6e5715cd059b1fa172f,pheromone,0,0x1fd1,18,10,10 0 0 0 0 0 0 0,1793316095
26,67,23447042,0x0dd5ff179c68dd64fa712da08b550ec3a7d3bd73,1:0,500,0xf802e,9,5,5 0 0 0 0 0 0 0,1794428903
86,53,23447054,0x0dd5ff179c68dd64fa712da08b550ec3a7d3bd73,1:0,500,0xf803a,19,10,10 0 0 0 0 0 0 0,1794131321
90,69,23447063,0x0dd5ff179c68dd64fa712da08b550ec3a7d3bd73,7:0,500,0x3e0000000000000001e,16,8,8 0 0 0 0 0 0 0,1794476984
265,10,23447239,0xd20d985fe8fba1f1e7a08095278e9c9a0565fb90,1:0 5:0 16:0 13:0 17:0,2500,0xf87c00000f80000000000000000f80000000f803e,57,34,34 0 0 0 0 0 0 0,1793316764
277,10,23447239,0x23e84ec9d22e84e93534cb9a6030f77deb2a0310,1:0 5:0 16:0 13:0 17:0,2500,0xf87c00000f80000000000000000f80000000f803e,57,34,34 0 0 0 0 0 0 0,1793316764
221,10,23447239,0x5134143ec5c04ad5b5dcd240e92f484cdf10fef8,1:0 5:0 16:0 13:0 17:0,2500,0xf87c00000f80000000000000000f80000000f803e,67,39,39 0 0 0 0 0 0 0,1793316764
273,10,23447239,0xdf019f6095d7be78358b9f96bd16f19fd1beedf1,1:0 5:0 16:0 13:0 17:0,2500,0xf87c00000f80000000000000000f80000000f803e,62,38,38 0 0 0 0 0 0 0,1793316764
272,10,23447240,0xc47e53967ecc82ee69635a37a6c645d109c15981,1:0 5:0 16:0 13:0 17:0,2500,0xf87c00000f80000000000000000f80000000f803e,59,34,34 0 0 0 0 0 0 0,1793316765
267,10,23447240,0xeda47da1c7ae9f6f342784e2b3c0b41194375d17,1:0 5:0 16:0 13:0 17:0,2500,0xf87c00000f80000000000000000f80000000f803e,62,35,35 0 0 0 0 0 0 0,1793316765
279,10,23447240,0xea06384d2fca30fc2090ace269c6578a2f0269fc,1:0 5:0 16:0 13:0 17:0,2500,0xf87c00000f80000000000000000f80000000f803e,57,34,34 0 0 0 0 0 0 0,1793316765
266,10,23447374,0xd20d985fe8fba1f1e7a08095278e9c9a0565fb90,1:0 5:0 9:0 17:0 17:0,2500,0x1f00000000000000000f80000000f80000000f8013,54,34,34 0 0 0 0 0 0 0,1793316833
222,10,23447375,0x5134143ec5c04ad5b5dcd240e92f484cdf10fef8,1:0 5:0 9:0 17:0 17:0,2500,0x1f00000000000000000f80000000f80000000f8013,37,25,25 0 0 0 0 0 0 0,1793316833
275,10,23447375,0xc47e53967ecc82ee69635a37a6c645d109c15981,1:0 5:0 9:0 17:0 17:0,2500,0x1f00000000000000000f80000000f80000000f8013,37,25,25 0 0 0 0 0 0 0,1793316833
280,10,23447375,0xea06384d2fca30fc2090ace269c6578a2f0269fc,1:0 5:0 9:0 17:0 17:0,2500,0x1f00000000000000000f80000000f80000000f8013,40,26,26 0 0 0 0 0 0 0,1793316833
274,11,23447375,0xdf019f6095d7be78358b9f96bd16f19fd1beedf1,1:0 5:0 9:0 17:0 17:0,2500,0x1f00000000000000000f80000000f80000000f8029,40,26,26 0 0 0 0 0 0 0,1793316833
274,12,23447489,0xdf019f6095d7be78358b9f96bd16f19fd1beedf1,1:0 12:0 9:0 13:0 17:0,2500,0xf80000000f87c00000f80000000000000000f8000,65,42,42 0 0 0 0 0 0 0,1793316891
273,11,23447547,0xdf019f6095d7be78358b9f96bd16f19fd1beedf1,1:0 5:0 16:0 15:0 17:0,2500,0xf87c3e000000000000000000000f80000000f801f,47,30,30 0 0 0 0 0 0 0,1793316921
274,13,23447587,0xdf019f6095d7be78358b9f96bd16f19fd1beedf1,1:0 5:0 17:0 13:0 17:0,2500,0x1f00000000f80000000000000000f80000000f8030,35,21,21 0 0 0 0 0 0 0,1793316941
62,66,23447593,0xd6ed92a915f940db5d288b1724a4e45b20c4f027,16:0,500,0x7c0000000000000000000000000000000000019,14,8,8 0 0 0 0 0 0 0,1794410729
78,52,23447603,0xd6ed92a915f940db5d288b1724a4e45b20c4f027,17:0,500,0xf8000000000000000000000000000000000000000,10,8,8 0 0 0 0 0 0 0,1794109268
273,12,23447615,0xdf019f6095d7be78358b9f96bd16f19fd1beedf1,1:0 5:0 9:0 13:0 17:0,2500,0xf80000000f80000000f80000000f80000000f8036,69,43,43 0 0 0 0 0 0 0,1793316955
274,14,23447641,0xdf019f6095d7be78358b9f96bd16f19fd1beedf1,9:0 5:0 9:0 13:0 17:0,2500,0xf80000000f80000001f00000000f8000000000012,47,33,33 0 0 0 0 0 0 0,1793316968
274,15,23447696,0xdf019f6095d7be78358b9f96bd16f19fd1beedf1,1:0 12:0 9:0 13:0 17:0,2500,0xf80000000f87c00000f80000000000000000f8009,59,34,34 0 0 0 0 0 0 0,1793316996
198,84,23448647,0x9194331dc33cde506a635cb2bde30a88246cb9cf,1:0 5:0 9:0 13:0 17:0,2500,0xf80000000f80000000f80000000f80000000f801e,65,39,39 0 0 0 0 0 0 0,1794795900
198,85,23448674,0x9194331dc33cde506a635cb2bde30a88246cb9cf,1:0 5:0 9:0 13:0 17:0,2500,0xf80000000f80000000f80000000f80000000f8004,38,25,25 0 0 0 0 0 0 0,1794795900
265,11,23448744,0xd20d985fe8fba1f1e7a08095278e9c9a0565fb90,1:0 14:0 9:0 13:0 17:0,2500,0xf800001f0f80000000f80000000000000000f8004,66,42,42 0 0 0 0 0 0 0,1793317528
221,11,23448744,0x5134143ec5c04ad5b5dcd240e92f484cdf10fef8,1:0 14:0 15:0 13:0 17:0,2500,0xf8003e1f0f80000000000000000000000000f802d,46,29,29 0 0 0 0 0 0 0,1793317528
279,11,23448744,0xea06384d2fca30fc2090ace269c6578a2f0269fc,1:0 14:0 9:0 13:0 17:0,2500,0xf800001f0f80000000f80000000000000000f8004,73,46,46 0 0 0 0 0 0 0,1793317528
272,11,23448745,0xc47e53967ecc82ee69635a37a6c645d109c15981,1:0 14:0 17:0 13:0 17:0,2500,0x1f000001f0f80000000000000000000000000f800b,40,25,25 0 0 0 0 0 0 0,1793317529
277,11,23448745,0x23e84ec9d22e84e93534cb9a6030f77deb2a0310,1:0 14:0 9:0 13:0 17:0,2500,0xf800001f0f80000000f80000000000000000f8004,61,38,38 0 0 0 0 0 0 0,1793317529
269,10,23448745,0x02743dd55d73bbd61a1ffcfa8cf5e41896370c7c,1:0 14:0 16:0 13:0 17:0,2500,0xf87c001f0f80000000000000000000000000f8014,66,38,38 0 0 0 0 0 0 0,1793317529
273,13,23448746,0xdf019f6095d7be78358b9f96bd16f19fd1beedf1,1:0 14:0 9:0 13:0 17:0,2500,0xf800001f0f80000000f80000000000000000f8003,54,33,33 0 0 0 0 0 0 0,1793317529
267,11,23448746,0xeda47da1c7ae9f6f342784e2b3c0b41194375d17,1:0 14:0 9:0 13:0 17:0,2500,0xf800001f0f80000000f80000000000000000f8004,50,33,33 0 0 0 0 0 0 0,1793317529
278,10,23448793,0x23e84ec9d22e84e93534cb9a6030f77deb2a0310,1:0 5:0 16:0 13:0 17:0,2500,0xf87c00000f80000000000000000f80000000f803e,56,34,34 0 0 0 0 0 0 0,1793317553
280,11,23448793,0xea06384d2fca30fc2090ace269c6578a2f0269fc,1:0 5:0 16:0 13:0 17:0,2500,0xf87c00000f80000000000000000f80000000f8005,49,30,30 0 0 0 0 0 0 0,1793317553
275,11,23448793,0xc47e53967ecc82ee69635a37a6c645d109c15981,1:0 5:0 16:0 13:0 17:0,2500,0xf87c00000f80000000000000000f80000000f8005,62,35,35 0 0 0 0 0 0 0,1793317553
222,11,23448794,0x5134143ec5c04ad5b5dcd240e92f484cdf10fef8,1:0 5:0 16:0 13:0 17:0,2500,0xf87c00000f80000000000000000f80000000f8005,68,39,39 0 0 0 0 0 0 0,1793317553
266,11,23448794,0xd20d985fe8fba1f1e7a08095278e9c9a0565fb90,1:0 5:0 16:0 13:0 17:0,2500,0xf87c00000f80000000000000000f80000000f8005,57,38,38 0 0 0 0 0 0 0,1793317553
268,10,23448794,0xeda47da1c7ae9f6f342784e2b3c0b41194375d17,1:0 5:0 16:0 13:0 17:0,2500,0xf87c00000f80000000000000000f80000000f803e,61,35,35 0 0 0 0 0 0 0,1793317553
270,10,23448795,0x02743dd55d73bbd61a1ffcfa8cf5e41896370c7c,1:0 5:0 16:0 13:0 17:0,2500,0xf87c00000f80000000000000000f80000000f803e,56,34,34 0 0 0 0 0 0 0,1793317554
274,16,23448795,0xdf019f6095d7be78358b9f96bd16f19fd1beedf1,1:0 5:0 16:0 13:0 17:0,2500,0xf87c00000f80000000000000000f80000000f8006,54,34,34 0 0 0 0 0 0 0,1793317554
277,12,23448859,0x23e84ec9d22e84e93534cb9a6030f77deb2a0310,1:0 5:0 15:0 13:0 17:0,2500,0xf8003e000f80000000000000000f80000000f8003,41,25,25 0 0 0 0 0 0 0,1793317586
265,12,23448859,0xd20d985fe8fba1f1e7a08095278e9c9a0565fb90,1:0 5:0 15:0 13:0 17:0,2500,0xf8003e000f80000000000000000f80000000f8003,41,25,25 0 0 0 0 0 0 0,1793317586
221,12,23448859,0x5134143ec5c04ad5b5dcd240e92f484cdf10fef8,1:0 5:0 15:0 13:0 17:0,2500,0xf8003e000f80000000000000000f80000000f8003,57,35,35 0 0 0 0 0 0 0,1793317586
279,12,23448860,0xea06384d2fca30fc2090ace269c6578a2f0269fc,1:0 5:0 15:0 13:0 17:0,2500,0xf8003e000f80000000000000000f80000000f8003,41,25,25 0 0 0 0 0 0 0,1793317587
272,12,23448860,0xc47e53967ecc82ee69635a37a6c645d109c15981,1:0 5:0 15:0 13:0 17:0,2500,0xf8003e000f80000000000000000f80000000f8003,63,39,39 0 0 0 0 0 0 0,1793317587
273,14,23448860,0xdf019f6095d7be78358b9f96bd16f19fd1beedf1,1:0 5:0 15:0 13:0 17:0,2500,0xf8003e000f80000000000000000f80000000f8024,71,44,44 0 0 0 0 0 0 0,1793317587
267,12,23448861,0xeda47da1c7ae9f6f342784e2b3c0b41194375d17,1:0 5:0 15:0 13:0 17:0,2500,0xf8003e000f80000000000000000f80000000f8003,52,30,30 0 0 0 0 0 0 0,1793317587
269,11,23448861,0x02743dd55d73bbd61a1ffcfa8cf5e41896370c7c,1:0 11:0 9:0 13:0 17:0,2500,0xf80000000f8003e000f80000000000000000f8014,49,33,33 0 0 0 0 0 0 0,1793317587
223,2,23449059,0x55371363937406861291a914a07e7e39f315812b,1:0,500,0xf8007,19,10,10 0 0 0 0 0 0 0,1793317687
238,2,23449060,0xc048ef2d7fdd45522093c78b81f86e9cbb2d07a3,1:0,500,0xf8007,19,10,10 0 0 0 0 0 0 0,1793317688
236,2,23449060,0xcf44c3a44b9c291a10fe416124f7077627dfe2c0,1:0,500,0xf8007,19,10,10 0 0 0 0 0 0 0,1793317688
248,2,23449060,0x98397be2ed4d62c264135c6ed34d5104e7435cf3,1:0,500,0xf8007,19,10,10 0 0 0 0 0 0 0,1793317688
234,2,23449060,0xd6ccc5beaf637fe868e7534240689c660e15f3f4,1:0,500,0xf8007,19,10,10 0 0 0 0 0 0 0,1793317688
240,2,23449061,0x3aeb28b5341aabf1a52ec92e47afef89040c172a,1:0,500,0xf8007,19,10,10 0 0 0 0 0 0 0,1793317688
239,2,23449061,0xa31dad50a74d45ef2bd052adba3d3ee326683b06,1:0,500,0xf8007,19,10,10 0 0 0 0 0 0 0,1793317688
224,2,23449099,0x871c8e4a223b9fdff258d117d106d990629c3d68,1:0,500,0xf8007,9,5,5 0 0 0 0 0 0 0,1793317708
225,5,23449099,0xca455075041d8af4723892825b3e45e685ee1e0d,1:0,500,0xf8007,9,5,5 0 0 0 0 0 0 0,1793317708
237,2,23449099,0xc3a31bd2a7acd8965942fbfde816727e7dd50db1,1:0,500,0xf8007,9,5,5 0 0 0 0 0 0 0,1793317708
226,2,23449099,0xc32df1d89911cb9a33f6032f63ca6ad21ca0e484,1:0,500,0xf8007,9,5,5 0 0 0 0 0 0 0,1793317708
228,3,23449133,0xca455075041d8af4723892825b3e45e685ee1e0d,1:0,500,0xf801c,9,5,5 0 0 0 0 0 0 0,1793317725
229,3,23449133,0x871c8e4a223b9fdff258d117d106d990629c3d68,1:0,500,0xf801c,9,5,5 0 0 0 0 0 0 0,1793317725
262,2,23449134,0xc3a31bd2a7acd8965942fbfde816727e7dd50db1,1:0,500,0xf8007,9,5,5 0 0 0 0 0 0 0,1793317725
230,2,23449134,0xc32df1d89911cb9a33f6032f63ca6ad21ca0e484,1:0,500,0xf8007,9,5,5 0 0 0 0 0 0 0,1793317725
209,4,23449193,0x9194331dc33cde506a635cb2bde30a88246cb9cf,1:0,500,0xf8037,19,10,10 0 0 0 0 0 0 0,1793317755
265,13,23449233,0xd20d985fe8fba1f1e7a08095278e9c9a0565fb90,1:0 5:0 9:0 16:0 17:0,2500,0xf87c00000000000000f80000000f80000000f8030,61,39,39 0 0 0 0 0 0 0,1793317776
221,13,23449233,0x5134143ec5c04ad5b5dcd240e92f484cdf10fef8,1:0 5:0 9:0 16:0 17:0,2500,0xf87c00000000000000f80000000f80000000f8030,33,21,21 0 0 0 0 0 0 0,1793317776
279,13,23449233,0xea06384d2fca30fc2090ace269c6578a2f0269fc,1:0 5:0 9:0 16:0 17:0,2500,0xf87c00000000000000f80000000f80000000f8030,54,35,35 0 0 0 0 0 0 0,1793317776
269,12,23449234,0x02743dd55d73bbd61a1ffcfa8cf5e41896370c7c,1:0 5:0 9:0 16:0 17:0,2500,0xf87c00000000000000f80000000f80000000f801a,58,35,35 0 0 0 0 0 0 0,1793317776
273,15,23449234,0xdf019f6095d7be78358b9f96bd16f19fd1beedf1,1:0 5:0 9:0 16:0 17:0,2500,0xf87c00000000000000f80000000f80000000f8000,41,25,25 0 0 0 0 0 0 0,1793317776
272,13,23449234,0xc47e53967ecc82ee69635a37a6c645d109c15981,1:0 5:0 9:0 16:0 17:0,2500,0xf87c00000000000000f80000000f80000000f8030,36,25,25 0 0 0 0 0 0 0,1793317776
277,13,23449234,0x23e84ec9d22e84e93534cb9a6030f77deb2a0310,1:0 5:0 9:0 16:0 17:0,2500,0xf87c00000000000000f80000000f80000000f8030,61,39,39 0 0 0 0 0 0 0,1793317776
267,13,23449235,0xeda47da1c7ae9f6f342784e2b3c0b41194375d17,1:0 5:0 9:0 16:0 17:0,2500,0xf87c00000000000000f80000000f80000000f8030,51,34,34 0 0 0 0 0 0 0,1793317777
280,12,23449278,0xea06384d2fca30fc2090ace269c6578a2f0269fc,1:0 5:0 9:0 13:0 18:0,2500,0x1f0000000000f80000000f80000000f80000000f8031,68,42,42 0 0 0 0 0 0 0,1793317799
275,12,23449278,0xc47e53967ecc82ee69635a37a6c645d109c15981,1:0 5:0 9:0 13:0 18:0,2500,0x1f0000000000f80000000f80000000f80000000f8031,50,33,33 0 0 0 0 0 0 0,1793317799
278,11,23449278,0x23e84ec9d22e84e93534cb9a6030f77deb2a0310,1:0 5:0 9:0 13:0 18:0,2500,0x1f0000000000f80000000f80000000f80000000f802e,60,38,38 0 0 0 0 0 0 0,1793317799
222,12,23449279,0x5134143ec5c04ad5b5dcd240e92f484cdf10fef8,1:0 5:0 9:0 13:0 18:0,2500,0x1f0000000000f80000000f80000000f80000000f8031,45,29,29 0 0 0 0 0 0 0,1793317799
266,12,23449279,0xd20d985fe8fba1f1e7a08095278e9c9a0565fb90,1:0 5:0 9:0 13:0 18:0,2500,0x1f0000000000f80000000f80000000f80000000f8031,50,30,30 0 0 0 0 0 0 0,1793317799
274,17,23449279,0xdf019f6095d7be78358b9f96bd16f19fd1beedf1,1:0 5:0 9:0 13:0 18:0,2500,0x1f0000000000f80000000f80000000f80000000f8001,58,35,35 0 0 0 0 0 0 0,1793317799
270,11,23449279,0x02743dd55d73bbd61a1ffcfa8cf5e41896370c7c,1:0 5:0 9:0 13:0 18:0,2500,0x1f0000000000f80000000f80000000f80000000f802e,70,43,43 0 0 0 0 0 0 0,1793317799
268,11,23449280,0xeda47da1c7ae9f6f342784e2b3c0b41194375d17,1:0 5:0 9:0 13:0 18:0,2500,0x1f0000000000f80000000f80000000f80000000f802e,60,38,38 0 0 0 0 0 0 0,1793317800
251,2,23449289,0x18c50ec4262ec6c35912501330c7d349c7ad3f3a,1:0,500,0xf8007,19,10,10 0 0 0 0 0 0 0,1793317804
280,13,23449333,0xea06384d2fca30fc2090ace269c6578a2f0269fc,9:0 5:0 9:0 13:0 17:0,2500,0xf80000000f80000001f00000000f8000000000036,42,29,29 0 0 0 0 0 0 0,1793317826
222,13,23449333,0x5134143ec5c04ad5b5dcd240e92f484cdf10fef8,9:0 5:0 9:0 13:0 17:0,2500,0xf80000000f80000001f00000000f8000000000036,44,29,29 0 0 0 0 0 0 0,1793317826
266,13,23449333,0xd20d985fe8fba1f1e7a08095278e9c9a0565fb90,9:0 5:0 9:0 13:0 17:0,2500,0xf80000000f80000001f00000000f8000000000036,52,33,33 0 0 0 0 0 0 0,1793317826
274,18,23449334,0xdf019f6095d7be78358b9f96bd16f19fd1beedf1,9:0 5:0 9:0 13:0 17:0,2500,0xf80000000f80000001f00000000f800000000003d,53,33,33 0 0 0 0 0 0 0,1793317827
275,13,23449334,0xc47e53967ecc82ee69635a37a6c645d109c15981,9:0 5:0 9:0 13:0 17:0,2500,0xf80000000f80000001f00000000f8000000000036,55,37,37 0 0 0 0 0 0 0,1793317827
278,12,23449334,0x23e84ec9d22e84e93534cb9a6030f77deb2a0310,9:0 5:0 9:0 13:0 17:0,2500,0xf80000000f80000001f00000000f8000000000009,45,32,32 0 0 0 0 0 0 0,1793317827
270,12,23449335,0x02743dd55d73bbd61a1ffcfa8cf5e41896370c7c,9:0 5:0 9:0 13:0 17:0,2500,0xf80000000f80000001f00000000f8000000000009,45,32,32 0 0 0 0 0 0 0,1793317827
268,12,23449335,0xeda47da1c7ae9f6f342784e2b3c0b41194375d17,9:0 5:0 9:0 13:0 17:0,2500,0xf80000000f80000001f00000000f8000000000009,50,36,36 0 0 0 0 0 0 0,1793317827
267,14,23449385,0xeda47da1c7ae9f6f342784e2b3c0b41194375d17,1:0 5:0 9:0 17:0 17:0,2500,0x1f00000000000000000f80000000f80000000f802a,57,32,32 0 0 0 0 0 0 0,1793317853
332,4,23449626,0x7d0aa09db8d2018d8de6def866824d111444bf4b,1:0,500,0xf8037,19,10,10 0 0 0 0 0 0 0,1793317975
27,163,23449668,0x81b4bf458a73ea46fadd46ee8236e5f94c4eb8e0,1:0 5:0 9:0 13:0 17:0,2500,0xf80000000f80000000f80000000f80000000f8009,53,34,34 0 0 0 0 0 0 0,1796049150
254,2,23449703,0x816d5d6ff78a59839fbf0105a5e7f9c01fbf4dd5,1:0,500,0xf8007,19,10,10 0 0 0 0 0 0 0,1793318014
253,2,23449704,0x155bae146eab03a495360e6a0da991be5e834c70,1:0,500,0xf8007,19,10,10 0 0 0 0 0 0 0,1793318015
259,2,23449704,0xbd1d06f6d75ed10fd4850e5776bea7e39d5da849,1:0,500,0xf8007,19,10,10 0 0 0 0 0 0 0,1793318015
255,2,23449704,0x47f1c3ad5f959aaead731be40c7b6c801b91a557,1:0,500,0xf8007,19,10,10 0 0 0 0 0 0 0,1793318015
256,2,23449704,0x6c06284916fb43b4371591ff27e6d38f6b1ea1d5,1:0,500,0xf8007,19,10,10 0 0 0 0 0 0 0,1793318015
257,2,23449705,0xb6e28a7dc63dd496b1591079505dd548de49bbab,1:0,500,0xf8007,19,10,10 0 0 0 0 0 0 0,1793318015
258,2,23449705,0x2bb3da4f8b5377bd915c637c3eeeeffcd20fd7d0,1:0,500,0xf8007,19,10,10 0 0 0 0 0 0 0,1793318015
201,5,23449714,0xaf88695762861f15b620b242c56d919f0d0ce612,1:0,500,0xf8007,9,5,5 0 0 0 0 0 0 0,1793318020
260,2,23449724,0x92bcd910d5bf7b403fb33192a943a854da4ad2ac,1:0,500,0xf8007,19,10,10 0 0 0 0 0 0 0,1793318025
235,4,23449738,0xaf88695762861f15b620b242c56d919f0d0ce612,1:0,500,0xf8037,9,5,5 0 0 0 0 0 0 0,1793318032
202,53,23449760,0x51ff767cdd5112be157b12b5b1c7713608fc2601,13:0 5:0 9:0 13:0 17:0,2500,0xf80000001f00000000f80000000f8000000000029,34,21,21 0 0 0 0 0 0 0,1793932699
210,14,23449786,0x51ff767cdd5112be157b12b5b1c7713608fc2601,1:0 5:0 16:0 10:0 17:0,2500,0xf87c000000000001f0000000000f80000000f8034,64,39,39 0 0 0 0 0 0 0,1793318056
202,54,23449813,0x51ff767cdd5112be157b12b5b1c7713608fc2601,9:0 5:0 9:0 13:0 17:0,2500,0xf80000000f80000001f00000000f8000000000015,41,28,28 0 0 0 0 0 0 0,1793932699
210,15,23449843,0x51ff767cdd5112be157b12b5b1c7713608fc2601,1:0 5:0 9:0 13:0 16:0,2500,0x7c00000f80000000f80000000f80000000f8010,42,26,26 0 0 0 0 0 0 0,1793318085
202,55,23449879,0x51ff767cdd5112be157b12b5b1c7713608fc2601,1:0 17:0 9:0 13:0 17:0,2500,0x1f00000000f80000000f80000000000000000f8004,29,17,17 0 0 0 0 0 0 0,1793932699
210,16,23449909,0x51ff767cdd5112be157b12b5b1c7713608fc2601,1:0 5:0 9:0 13:0 3:0,2500,0xf80000000f80000000f8003e000f8033,70,40,40 0 0 0 0 0 0 0,1793318119
202,56,23449946,0x51ff767cdd5112be157b12b5b1c7713608fc2601,1:0 15:0 9:0 13:0 17:0,2500,0xf8003e000f80000000f80000000000000000f8025,75,50,50 0 0 0 0 0 0 0,1793932699
202,57,23449972,0x51ff767cdd5112be157b12b5b1c7713608fc2601,1:0 5:0 9:0 17:0 17:0,2500,0x1f00000000000000000f80000000f80000000f8035,50,31,31 0 0 0 0 0 0 0,1793932699
210,17,23449997,0x51ff767cdd5112be157b12b5b1c7713608fc2601,1:0 5:0 9:0 6:0 17:0,2500,0xf80000000000000000f800001f0f80000000f8029,50,34,34 0 0 0 0 0 0 0,1793318163
202,58,23450030,0x51ff767cdd5112be157b12b5b1c7713608fc2601,1:0 5:0 9:0 17:0 17:0,2500,0x1f00000000000000000f80000000f80000000f801f,47,30,30 0 0 0 0 0 0 0,1793932699
285,49,23450114,0x27f48de5e0605da8b2a52ddfd06f6d273b804336,1:0 5:0 9:0 13:0 17:0,2500,0xf80000000f80000000f80000000f80000000f8039,65,39,39 0 0 0 0 0 0 0,1793747482
332,5,23450205,0x7d0aa09db8d2018d8de6def866824d111444bf4b,1:0 11:0 9:0 13:0 17:0,2500,0xf80000000f8003e000f80000000000000000f801d,38,25,25 0 0 0 0 0 0 0,1793318269
201,6,23450206,0xaf88695762861f15b620b242c56d919f0d0ce612,1:0 5:0 9:0 13:0 17:0,2500,0xf80000000f80000000f80000000f80000000f8035,60,38,38 0 0 0 0 0 0 0,1793318269
198,86,23450287,0x9194331dc33cde506a635cb2bde30a88246cb9cf,1:0 5:0 9:0 13:0 17:0,2500,0xf80000000f80000000f80000000f80000000f8007,65,39,39 0 0 0 0 0 0 0,1794795900
198,87,23450307,0x9194331dc33cde506a635cb2bde30a88246cb9cf,1:0 5:0 9:0 13:0 17:0,2500,0xf80000000f80000000f80000000f80000000f8025,38,25,25 0 0 0 0 0 0 0,1794795900
198,88,23450330,0x9194331dc33cde506a635cb2bde30a88246cb9cf,1:0 5:0 9:0 13:0 17:0,2500,0xf80000000f80000000f80000000f80000000f8014,65,39,39 0 0 0 0 0 0 0,1794795900
198,89,23450390,0x9194331dc33cde506a635cb2bde30a88246cb9cf,1:0 5:0 9:0 13:0 17:0,2500,0xf80000000f80000000f80000000f80000000f800b,49,33,33 0 0 0 0 0 0 0,1794795900
198,90,23450410,0x9194331dc33cde506a635cb2bde30a88246cb9cf,1:0 5:0 9:0 13:0 17:0,2500,0xf80000000f80000000f80000000f80000000f8034,85,52,52 0 0 0 0 0 0 0,1794795900
198,91,23450434,0x9194331dc33cde506a635cb2bde30a88246cb9cf,1:0 5:0 9:0 13:0 17:0,2500,0xf80000000f80000000f80000000f80000000f8010,38,25,25 0 0 0 0 0 0 0,1794795900
198,92,23450468,0x9194331dc33cde506a635cb2bde30a88246cb9cf,1:0 5:0 9:0 13:0 17:0,2500,0xf80000000f80000000f80000000f80000000f800d,65,39,39 0 0 0 0 0 0 0,1794795900
81,68,23450468,0xd6ed92a915f940db5d288b1724a4e45b20c4f027,18:0,500,0x1f000000000000000000000000000000000000000018,12,8,8 0 0 0 0 0 0 0,1794455100
220,8,23450498,0x939571499a81766380edd7040bb16a785b800855,1:0 5:0 9:0 13:0 17:0,2500,0xf80000000f80000000f80000000f80000000f8030,35,21,21 0 0 0 0 0 0 0,1793318417
285,50,23450906,0x27f48de5e0605da8b2a52ddfd06f6d273b804336,1:0 5:0 9:0 13:0 17:0,2500,0xf80000000f80000000f80000000f80000000f8036,48,30,30 0 0 0 0 0 0 0,1793747482
336,4,23451027,0x27f48de5e0605da8b2a52ddfd06f6d273b804336,1:0 5:0 9:0 13:0 17:0,2500,0xf80000000f80000000f80000000f80000000f8035,63,39,39 0 0 0 0 0 0 0,1798480606
211,11,23452191,0xbcd76fa66f9edc46065f4f27fd634ca15a0b1c72,1:0 5:0 9:0 13:0 17:0,2500,0xf80000000f80000000f80000000f80000000f8005,58,38,38 0 0 0 0 0 0 0,1793319276
212,28,23452829,0xbcd76fa66f9edc46065f4f27fd634ca15a0b1c72,1:0 5:0 9:0 13:0 17:0,2500,0xf80000000f80000000f80000000f80000000f8036,65,39,39 0 0 0 0 0 0 0,1793612256
115,9,23453012,0x46f440d3d4e6466034b2a5034fc501ac0a31bf29,1:0 5:0 9:0 13:0 19:0,2500,0x3e000000000000f80000000f80000000f80000000f801e,51,30,30 0 0 0 0 0 0 0,1793319693
323,12,23453284,0x46f440d3d4e6466034b2a5034fc501ac0a31bf29,pheromone,0,0x1fdb,18,10,10 0 0 0 0 0 0 0,1793319831
26,68,23454052,0x0dd5ff179c68dd64fa712da08b550ec3a7d3bd73,1:0 6:0 9:0 13:0 17:0,2500,0xf80000000f80000000f800001f0000000000f803d,66,42,42 0 0 0 0 0 0 0,1794428903
86,54,23454112,0x0dd5ff179c68dd64fa712da08b550ec3a7d3bd73,1:0 5:0 9:0 13:0 17:0,2500,0xf80000000f80000000f80000000f80000000f802b,40,25,25 0 0 0 0 0 0 0,1794131321
90,70,23454179,0x0dd5ff179c68dd64fa712da08b550ec3a7d3bd73,1:0 5:0 9:0 13:0 17:0,2500,0xf80000000f80000000f80000000f80000000f801a,48,30,30 0 0 0 0 0 0 0,1794476984
340,1,23454223,0x46f440d3d4e6466034b2a5034fc501ac0a31bf29,3:0 5:0 9:0 13:0 17:0,2500,0xf80000000f80000000f80000000f8003e00000018,36,21,21 0 0 0 0 0 0 0,1798504148
62,67,23455239,0xd6ed92a915f940db5d288b1724a4e45b20c4f027,1:0 5:0 9:0 13:0 17:0,2500,0xf80000000f80000000f80000000f80000000f800b,50,30,30 0 0 0 0 0 0 0,1794410729
78,53,23455382,0xd6ed92a915f940db5d288b1724a4e45b20c4f027,1:0 5:0 9:0 13:0 17:0,2500,0xf80000000f80000000f80000000f80000000f802b,50,30,30 0 0 0 0 0 0 0,1794109268
213,7,23456658,0xccde496b83c644f779e5b6fcc0cc4a5c276fa5d4,1:0 5:0 9:0 13:0 17:0,2500,0xf80000000f80000000f80000000f80000000f803b,52,30,30 0 0 0 0 0 0 0,1793321542
76,84,23456718,0x3f62ae0c7ed24dcd2b52c1c224296519b02df00d,8:0,500,0x7c000000000000000000c,8,4,4 0 0 0 0 0 0 0,1794800355
299,5,23456720,0xccde496b83c644f779e5b6fcc0cc4a5c276fa5d4,1:0 5:0 9:0 13:0 17:0,2500,0xf80000000f80000000f80000000f80000000f803b,35,21,21 0 0 0 0 0 0 0,1793321573
77,184,23456727,0x3f62ae0c7ed24dcd2b52c1c224296519b02df00d,13:0,500,0xf8000000000000000000000000000010,8,4,4 0 0 0 0 0 0 0,1796960445
79,47,23456737,0x3f62ae0c7ed24dcd2b52c1c224296519b02df00d,15:0,500,0x3e0000000000000000000000000000000000e,10,8,8 0 0 0 0 0 0 0,1794001418
321,8,23457385,0xccde496b83c644f779e5b6fcc0cc4a5c276fa5d4,pheromone,0,0x1fff,18,10,10 0 0 0 0 0 0 0,1793321910
341,1,23457554,0xccde496b83c644f779e5b6fcc0cc4a5c276fa5d4,1:0 5:0 9:0 13:0 17:0,2500,0xf80000000f80000000f80000000f80000000f802e,35,21,21 0 0 0 0 0 0 0,1798505962
271,11,23459651,0xd00226b73bab097e97c6df416dc031df7c4b5af1,1:1 5:1 9:1 13:1 17:1,10000,0x3f80000003f80000003f80000003f80000003f802c,62,38,38 0 0 0 0 0 0 0,1793323059
42,13,23459894,0x1b25bd7ce0fb701d9aac3fd43fa221ac63e3fb3e,1:0 5:0 9:0 13:0 17:0,2500,0xf80000000f80000000f80000000f80000000f801a,35,21,21 0 0 0 0 0 0 0,1793323183
182,9,23460585,0xd00226b73bab097e97c6df416dc031df7c4b5af1,pheromone,0,0x1fcb,8,5,5 0 0 0 0 0 0 0,1793323533
142,8,23461151,0x22fdae531a69647a0ade9154093ac83769f9dc49,1:0,500,0xf803d,29,15,15 0 0 0 0 0 0 0,1793323820
175,8,23464697,0xec0408f9fb4c25a98e60b6e5715cd059b1fa172f,pheromone,0,0x1fff,27,15,15 0 0 0 0 0 0 0,1793325619
328,18,23464812,0xec0408f9fb4c25a98e60b6e5715cd059b1fa172f,pheromone,0,0x1fc0,8,5,5 0 0 0 0 0 0 0,1793437700
141,12,23464909,0x88c58b42f2783131d51a58af7f1a9b491089afeb,1:0 2:0 3:0 4:0 5:0,2500,0xf87c3e1f0f8005,49,29,29 0 0 0 0 0 0 0,1793325727
30,21,23465403,0xb39e79d3540fc34f516af70574b94d4ef8f885d2,1:0 5:0 9:0 13:0 17:0,2500,0xf80000000f80000000f80000000f80000000f802f,53,31,31 0 0 0 0 0 0 0,1793435714
116,16,23465428,0xb39e79d3540fc34f516af70574b94d4ef8f885d2,1:0 5:0 9:0 13:0 17:0,2500,0xf80000000f80000000f80000000f80000000f8012,48,30,30 0 0 0 0 0 0 0,1793334451
328,19,23465438,0x88c58b42f2783131d51a58af7f1a9b491089afeb,pheromone,0,0x1fc6,27,15,15 0 0 0 0 0 0 0,1793437700
197,12,23465452,0xb39e79d3540fc34f516af70574b94d4ef8f885d2,1:0 5:0 9:0 13:0 17:0,2500,0xf80000000f80000000f80000000f80000000f8036,50,33,33 0 0 0 0 0 0 0,1793326002
342,1,23465689,0x88c58b42f2783131d51a58af7f1a9b491089afeb,1:0 5:0 9:0 13:0 17:0,2500,0xf80000000f80000000f80000000f80000000f802e,35,21,21 0 0 0 0 0 0 0,1798510026
42,14,23465981,0xb39e79d3540fc34f516af70574b94d4ef8f885d2,pheromone,0,0x1fe7,18,10,10 0 0 0 0 0 0 0,1793326270
42,15,23466105,0xb39e79d3540fc34f516af70574b94d4ef8f885d2,pheromone,0,0x1fcb,27,15,15 0 0 0 0 0 0 0,1793326333
343,1,23466266,0xb39e79d3540fc34f516af70574b94d4ef8f885d2,1:0 5:0 9:0 13:0 17:0,2500,0xf80000000f80000000f80000000f80000000f802e,35,21,21 0 0 0 0 0 0 0,1798510382
187,142,23469024,0x65d3f783f7a9f2a30cf70a8b3f6789fe98779086,5:0 3:0 4:0 2:0 1:0,2500,0xf87c3e1f0f8025,77,44,44 0 0 0 0 0 0 0,1796066394
286,44,23469122,0x65d3f783f7a9f2a30cf70a8b3f6789fe98779086,5:0 15:0 14:0 1:0 2:0,2500,0x3e1f0000000000000000000f800001f0f802d,44,27,27 0 0 0 0 0 0 0,1793985151
287,44,23469162,0x65d3f783f7a9f2a30cf70a8b3f6789fe98779086,1:0 5:0 9:0 13:0 17:0,2500,0xf80000000f80000000f80000000f80000000f802f,45,26,26 0 0 0 0 0 0 0,1793985170
305,24,23470998,0xa754afb7549fce6e666bfcd6d4a4064c7d732d0e,1:1 5:1 9:1 13:1 17:1,10000,0x3f80000003f80000003f80000003f80000003f803b,61,38,38 0 0 0 0 0 0 0,1793562573
306,9,23471025,0xa754afb7549fce6e666bfcd6d4a4064c7d732d0e,1:1 5:1 9:1 13:1 17:1,10000,0x3f80000003f80000003f80000003f80000003f802e,58,37,37 0 0 0 0 0 0 0,1793328829
320,9,23471053,0xa754afb7549fce6e666bfcd6d4a4064c7d732d0e,1:1 5:1 9:1 13:1 17:1,10000,0x3f80000003f80000003f80000003f80000003f802e,66,42,42 0 0 0 0 0 0 0,1793328843
31,32,23471292,0xac79fd6008b971723d16974cdb23ad70ecc00bee,10:0 5:0 13:0 13:0 17:0,2500,0xf80000001f000001f0000000000f800000000002b,34,24,24 0 0 0 0 0 0 0,1793673392
305,25,23471723,0x1a3a0e6f222e823cc8d0f39d87042f88ab763872,pheromone,0,0x1fdc,18,10,10 0 0 0 0 0 0 0,1793562573
187,143,23471776,0xa754afb7549fce6e666bfcd6d4a4064c7d732d0e,pheromone,0,0x1fed,18,10,10 0 0 0 0 0 0 0,1796066394
344,1,23471865,0xa754afb7549fce6e666bfcd6d4a4064c7d732d0e,1:1 5:1 9:1 13:1 17:1,10000,0x3f80000003f80000003f80000003f80000003f801e,35,21,21 0 0 0 0 0 0 0,1798513236
305,26,23472053,0xa754afb7549fce6e666bfcd6d4a4064c7d732d0e,pheromone,0,0x1fcd,37,20,20 0 0 0 0 0 0 0,1793562573
345,1,23472142,0xa754afb7549fce6e666bfcd6d4a4064c7d732d0e,1:1 5:1 9:1 13:1 17:1,10000,0x3f80000003f80000003f80000003f80000003f801e,35,21,21 0 0 0 0 0 0 0,1798513371
346,1,23474968,0xec0408f9fb4c25a98e60b6e5715cd059b1fa172f,13:0 14:0 14:0 14:0 17:0,2500,0xf800005d0f8000000000000000000000000000007,22,12,12 0 0 0 0 0 0 0,1798514777
4,110,23475079,0x1a3a0e6f222e823cc8d0f39d87042f88ab763872,7:0 10:0 9:0 14:0 14:0,2500,0x3e00000001f0f8003e00000000000000016,41,28,28 0 0 0 0 0 0 0,1795182546
177,6,23475303,0x1a3a0e6f222e823cc8d0f39d87042f88ab763872,pheromone,0,0x1fed,18,10,10 0 0 0 0 0 0 0,1793330999
186,5,23475588,0x1a3a0e6f222e823cc8d0f39d87042f88ab763872,pheromone,0,0x1fe1,18,10,10 0 0 0 0 0 0 0,1793331144
98,2,23475781,0x1a3a0e6f222e823cc8d0f39d87042f88ab763872,pheromone,0,0x1fc1,18,10,10 0 0 0 0 0 0 0,1793331241
98,3,23475862,0x1a3a0e6f222e823cc8d0f39d87042f88ab763872,pheromone,0,0x1ff8,27,15,15 0 0 0 0 0 0 0,1793331282
347,1,23476030,0x1a3a0e6f222e823cc8d0f39d87042f88ab763872,1:0 5:0 9:0 13:0 17:0,2500,0xf80000000f80000000f80000000f80000000f802e,35,21,21 0 0 0 0 0 0 0,1798515017
348,1,23476084,0x1a3a0e6f222e823cc8d0f39d87042f88ab763872,1:0 5:0 9:0 13:0 17:0,2500,0xf80000000f80000000f80000000f80000000f802e,35,21,21 0 0 0 0 0 0 0,1798515310
76,85,23476528,0x3f62ae0c7ed24dcd2b52c1c224296519b02df00d,1:0 5:0 9:0 13:0 17:0,2500,0xf80000000f80000000f80000000f80000000f8004,65,39,39 0 0 0 0 0 0 0,1794800355
77,185,23476581,0x3f62ae0c7ed24dcd2b52c1c224296519b02df00d,5:0 11:0 15:0 18:0 19:0,2500,0x3e1f000003e00000003e000000000000f800000000001c,41,24,24 0 0 0 0 0 0 0,1796960445
79,48,23476635,0x3f62ae0c7ed24dcd2b52c1c224296519b02df00d,1:0 5:0 9:0 13:0 17:0,2500,0xf80000000f80000000f80000000f80000000f801d,52,30,30 0 0 0 0 0 0 0,1794001418
334,1,23477314,0x1df89c0350e94575d0e20fd86c12e2a38e4c0ce1,1:0,500,0xf8000,9,5,5 0 0 0 0 0 0 0,1798477186
324,9,23477543,0x1df89c0350e94575d0e20fd86c12e2a38e4c0ce1,1:2 5:2 9:2 13:2 17:2,20000,0x7f80000007f80000007f80000007f80000007f8017,97,64,64 0 0 0 0 0 0 0,1793332135
349,1,23477862,0x3f62ae0c7ed24dcd2b52c1c224296519b02df00d,1:0 5:0 9:0 13:0 17:0,2500,0xf80000000f80000000f80000000f80000000f802e,35,21,21 0 0 0 0 0 0 0,1798516237
350,1,23478347,0x3f62ae0c7ed24dcd2b52c1c224296519b02df00d,1:0 5:0 9:0 13:0 17:0,2500,0xf80000000f80000000f80000000f80000000f802e,35,21,21 0 0 0 0 0 0 0,1798516477
4,111,23478970,0x1a3a0e6f222e823cc8d0f39d87042f88ab763872,15:0 14:0 15:0 14:0 15:0,2500,0xba3e00000000000000000000000000000001d,25,16,16 0 0 0 0 0 0 0,1795182546
4,112,23479158,0x1a3a0e6f222e823cc8d0f39d87042f88ab763872,1:0 5:0 9:0 13:0 17:0,2500,0xf80000000f80000000f80000000f80000000f8006,51,34,34 0 0 0 0 0 0 0,1795182546
176,6,23481414,0x81b4bf458a73ea46fadd46ee8236e5f94c4eb8e0,pheromone,0,0x1fed,18,10,10 0 0 0 0 0 0 0,1793334099
351,1,23481995,0x81b4bf458a73ea46fadd46ee8236e5f94c4eb8e0,1:0 5:0 9:0 13:0 17:0,2500,0xf80000000f80000000f80000000f80000000f802e,35,21,21 0 0 0 0 0 0 0,1798518353
27,164,23482286,0x81b4bf458a73ea46fadd46ee8236e5f94c4eb8e0,1:0 5:0 9:0 13:0 17:0,2500,0xf80000000f80000000f80000000f80000000f8016,50,30,30 0 0 0 0 0 0 0,1796049150
351,2,23482338,0x81b4bf458a73ea46fadd46ee8236e5f94c4eb8e0,1:0 5:0 9:0 13:0 17:0,2500,0xf80000000f80000000f80000000f80000000f8009,68,43,43 0 0 0 0 0 0 0,1798518353
351,3,23482979,0x81b4bf458a73ea46fadd46ee8236e5f94c4eb8e0,1:0 5:0 9:0 13:0 17:0,2500,0xf80000000f80000000f80000000f80000000f8017,35,21,21 0 0 0 0 0 0 0,1798518353
351,4,23483004,0x81b4bf458a73ea46fadd46ee8236e5f94c4eb8e0,1:0 5:0 9:0 13:0 17:0,2500,0xf80000000f80000000f80000000f80000000f8035,68,43,43 0 0 0 0 0 0 0,1798518353
27,165,23483218,0x81b4bf458a73ea46fadd46ee8236e5f94c4eb8e0,1:0 5:0 9:0 13:0 17:0,2500,0xf80000000f80000000f80000000f80000000f8024,73,47,47 0 0 0 0 0 0 0,1796049150
27,166,23483238,0x81b4bf458a73ea46fadd46ee8236e5f94c4eb8e0,1:0 5:0 9:0 13:0 17:0,2500,0xf80000000f80000000f80000000f80000000f8011,65,39,39 0 0 0 0 0 0 0,1796049150
27,167,23483252,0x81b4bf458a73ea46fadd46ee8236e5f94c4eb8e0,1:0 5:0 9:0 13:0 17:0,2500,0xf80000000f80000000f80000000f80000000f800a,53,34,34 0 0 0 0 0 0 0,1796049150
288,3,23484073,0xaa3b48bac2fedc58a564904d27911392ca1f84ba,1:1 5:1 9:1 13:1 17:1,10000,0x3f80000003f80000003f80000003f80000003f8022,35,21,21 0 0 0 0 0 0 0,1793335448
180,6,23484278,0xaa3b48bac2fedc58a564904d27911392ca1f84ba,pheromone,0,0x1fed,18,10,10 0 0 0 0 0 0 0,1793335552
55,58,23485040,0xac0e67aaaa15dc791153b64df4a9d121dce797e5,5:0 5:0 9:0 13:0 17:0,2500,0xf80000000f80000000f80000001f000000000002a,34,21,21 0 0 0 0 0 0 0,1794151120
196,27,23485097,0xac0e67aaaa15dc791153b64df4a9d121dce797e5,1:0 6:0 9:0 13:0 17:0,2500,0xf80000000f80000000f800001f0000000000f8034,52,33,33 0 0 0 0 0 0 0,1793561718
337,2,23485159,0xac0e67aaaa15dc791153b64df4a9d121dce797e5,3:0 5:0 9:0 13:0 17:0,2500,0xf80000000f80000000f80000000f8003e00000000,59,38,38 0 0 0 0 0 0 0,1798495154
338,2,23485202,0xac0e67aaaa15dc791153b64df4a9d121dce797e5,3:0 5:0 9:0 13:0 17:0,2500,0xf80000000f80000000f80000000f8003e00000000,36,21,21 0 0 0 0 0 0 0,1798497209
161,16,23486050,0xe79ca7d5c265c93be2b23e4e04ba9d8357622db7,1:0,500,0xf801a,19,10,10 0 0 0 0 0 0 0,1793342201
246,16,23486069,0xe79ca7d5c265c93be2b23e4e04ba9d8357622db7,2:0,500,0x1f000006,16,10,10 0 0 0 0 0 0 0,1793359490
161,17,23487614,0xe79ca7d5c265c93be2b23e4e04ba9d8357622db7,4:0 6:0 9:0 12:0 16:0,2500,0x7c00000007c00000f800001f0007c000000000a,45,30,30 0 0 0 0 0 0 0,1793342201
246,17,23487764,0xe79ca7d5c265c93be2b23e4e04ba9d8357622db7,5:0 7:0 10:0 14:0 19:0,2500,0x3e0000000001f00000001f000003e000f8000000000034,47,29,29 0 0 0 0 0 0 0,1793359490
352,1,23500062,0x1a838bc693fb8eb08861505564e2ceeb229702a4,1:1 5:1 9:1 13:1 17:1,10000,0x3f80000003f80000003f80000003f80000003f801e,35,21,21 0 0 0 0 0 0 0,1798527184
342,2,23501823,0x88c58b42f2783131d51a58af7f1a9b491089afeb,1:0 5:0 9:0 13:0 17:0,2500,0xf80000000f80000000f80000000f80000000f8009,68,43,43 0 0 0 0 0 0 0,1798510026
353,1,23507382,0x65d3f783f7a9f2a30cf70a8b3f6789fe98779086,1:0 5:0 9:0 13:0 17:0,2500,0xf80000000f80000000f80000000f80000000f802e,35,21,21 0 0 0 0 0 0 0,1798531254
354,1,23507500,0x65d3f783f7a9f2a30cf70a8b3f6789fe98779086,1:0 5:0 9:0 13:0 17:0,2500,0xf80000000f80000000f80000000f80000000f802e,35,21,21 0 0 0 0 0 0 0,1798531317
355,1,23507606,0x65d3f783f7a9f2a30cf70a8b3f6789fe98779086,1:0,500,0xf8000,9,5,5 0 0 0 0 0 0 0,1798531370
76,86,23508886,0x3f62ae0c7ed24dcd2b52c1c224296519b02df00d,5:0 15:0 14:0 1:0 2:0,2500,0x3e1f0000000000000000000f800001f0f801e,52,31,31 0 0 0 0 0 0 0,1794800355
77,186,23509060,0x3f62ae0c7ed24dcd2b52c1c224296519b02df00d,5:0 15:0 14:0 1:0 2:0,2500,0x3e1f0000000000000000000f800001f0f8039,63,40,40 0 0 0 0 0 0 0,1796960445
79,49,23509116,0x3f62ae0c7ed24dcd2b52c1c224296519b02df00d,5:0 15:0 14:0 1:0 2:0,2500,0x3e1f0000000000000000000f800001f0f803c,62,37,37 0 0 0 0 0 0 0,1794001418
349,2,23509177,0x3f62ae0c7ed24dcd2b52c1c224296519b02df00d,5:0 15:0 14:0 1:0 2:0,2500,0x3e1f0000000000000000000f800001f0f801b,54,32,32 0 0 0 0 0 0 0,1798516237
350,2,23509246,0x3f62ae0c7ed24dcd2b52c1c224296519b02df00d,5:0 15:0 14:0 1:0 2:0,2500,0x3e1f0000000000000000000f800001f0f801b,54,32,32 0 0 0 0 0 0 0,1798516477
23,63,23509262,0x0349cd3a83006bc4f057f553f221d69bd7a6c504,1:0 5:0 9:0 13:0 17:0,2500,0xf80000000f80000000f80000000f80000000f8024,52,30,30 0 0 0 0 0 0 0,1794341044
220,9,23509529,0xd00226b73bab097e97c6df416dc031df7c4b5af1,pheromone,0,0x1fcb,18,10,10 0 0 0 0 0 0 0,1793348372
27,168,23509535,0x3f62ae0c7ed24dcd2b52c1c224296519b02df00d,pheromone,0,0x1ff2,18,10,10 0 0 0 0 0 0 0,1796049150
356,1,23509823,0x3f62ae0c7ed24dcd2b52c1c224296519b02df00d,5:0 15:0 14:0 1:0 2:0,2500,0x3e1f0000000000000000000f800001f0f8026,36,22,22 0 0 0 0 0 0 0,1798532470
357,1,23510505,0x3f62ae0c7ed24dcd2b52c1c224296519b02df00d,5:0 15:0 14:0 1:0 2:0,2500,0x3e1f0000000000000000000f800001f0f8026,36,22,22 0 0 0 0 0 0 0,1798532804
358,1,23510965,0x3f62ae0c7ed24dcd2b52c1c224296519b02df00d,5:0 15:0 14:0 1:0 2:0,2500,0x3e1f0000000000000000000f800001f0f8026,36,22,22 0 0 0 0 0 0 0,1798533023
15,27,23511325,0xe6e5a8b9c4a0cd805f06b565b6f2857923cc6b11,1:0 5:0 9:0 13:0 17:0,2500,0xf80000000f80000000f80000000f80000000f8022,40,25,25 0 0 0 0 0 0 0,1793562863
359,1,23515084,0x65d3f783f7a9f2a30cf70a8b3f6789fe98779086,1:0 5:0 9:0 13:0 17:0,2500,0xf80000000f80000000f80000000f80000000f802e,35,21,21 0 0 0 0 0 0 0,1798535021
215,5,23517428,0x979358182743d44831696146a36aecf1ebbe7325,1:0 5:0 9:0 13:0 17:0,2500,0xf80000000f80000000f80000000f80000000f803b,35,21,21 0 0 0 0 0 0 0,1793352381
15,28,23517708,0x979358182743d44831696146a36aecf1ebbe7325,pheromone,0,0x1fdc,18,10,10 0 0 0 0 0 0 0,1793562863
9,7,23519656,0x9e366c1405f7951431dbdeb53dcd57db342f55c4,1:0 5:0 9:0 13:0 17:0,2500,0xf80000000f80000000f80000000f80000000f803b,50,30,30 0 0 0 0 0 0 0,1793353511
293,6,23519685,0x9e366c1405f7951431dbdeb53dcd57db342f55c4,1:0 5:0 9:0 13:0 17:0,2500,0xf80000000f80000000f80000000f80000000f8035,52,31,30 0 0 1 0 0 0 0,1793353526
28,5,23521382,0xa9a3dbee74753ccd9b40521d1f92f9cf2f49b9dd,19:0 5:0 15:0 17:0 2:0,2500,0x3e000f8003e000000000000000000000f800001f000023,40,25,25 0 0 0 0 0 0 0,1793354386
360,1,23525877,0x81b4bf458a73ea46fadd46ee8236e5f94c4eb8e0,1:0 5:0 9:0 13:0 17:0,2500,0xf80000000f80000000f80000000f80000000f802e,35,21,21 0 0 0 0 0 0 0,1798540642
63,19,23528166,0x62ff01f014f0da446e02a62392538f36a83a2659,1:0 5:0 9:0 13:0 17:0,2500,0xf80000000f80000000f80000000f80000000f803d,46,30,30 0 0 0 0 0 0 0,1793395593
70,18,23528219,0x62ff01f014f0da446e02a62392538f36a83a2659,1:0 5:0 9:0 13:0 17:0,2500,0xf80000000f80000000f80000000f80000000f801c,63,39,39 0 0 0 0 0 0 0,1793374271
199,8,23528254,0x0b1ba22af3fb3ad6247ba5d4413b6649edd40819,1:0,500,0xf803d,9,5,5 0 0 0 0 0 0 0,1793357873
328,20,23528738,0x0b1ba22af3fb3ad6247ba5d4413b6649edd40819,1:0 5:0 9:0 13:0 17:0,2500,0xf80000000f80000000f80000000f80000000f802d,45,26,26 0 0 0 0 0 0 0,1793437700
215,6,23528990,0x979358182743d44831696146a36aecf1ebbe7325,1:0 12:0 9:0 12:0 19:0,2500,0x3e00000000000000f800000f80000000000000000f801d,49,30,30 0 0 0 0 0 0 0,1793358247
199,9,23529444,0x0b1ba22af3fb3ad6247ba5d4413b6649edd40819,1:0 5:0 9:0 13:0 17:0,2500,0xf80000000f80000000f80000000f80000000f8012,52,30,30 0 0 0 0 0 0 0,1793358477
285,51,23536724,0x27f48de5e0605da8b2a52ddfd06f6d273b804336,12:0 16:0 18:0 13:0 17:0,2500,0x1f0f87c00000f87c000000000000000000000000000a,50,32,32 0 0 0 0 0 0 0,1793747482
246,18,23537164,0xe79ca7d5c265c93be2b23e4e04ba9d8357622db7,pheromone,0,0x1fc0,8,5,5 0 0 0 0 0 0 0,1793362394
246,19,23538235,0xe79ca7d5c265c93be2b23e4e04ba9d8357622db7,pheromone,0,0x1fc6,27,15,15 0 0 0 0 0 0 0,1793362938
6,21,23541909,0x1a3a0e6f222e823cc8d0f39d87042f88ab763872,1:0 5:0 9:0 13:0 17:0,2500,0xf80000000f80000000f80000000f80000000f802f,50,33,33 0 0 0 0 0 0 0,1793411397
347,2,23542294,0x1a3a0e6f222e823cc8d0f39d87042f88ab763872,1:0 5:0 9:0 13:0 17:0,2500,0xf80000000f80000000f80000000f80000000f8009,68,43,43 0 0 0 0 0 0 0,1798515017
348,2,23542309,0x1a3a0e6f222e823cc8d0f39d87042f88ab763872,1:0 5:0 9:0 13:0 17:0,2500,0xf80000000f80000000f80000000f80000000f8009,68,43,43 0 0 0 0 0 0 0,1798515310
208,7,23543349,0x019d9319cbefec30f672fe0f79acd709958ab271,1:0 5:0 9:0 13:0 17:0,2500,0xf80000000f80000000f80000000f80000000f803b,70,43,43 0 0 0 0 0 0 0,1793365534
220,10,23543520,0x22fdae531a69647a0ade9154093ac83769f9dc49,pheromone,0,0x1fc5,27,15,15 0 0 0 0 0 0 0,1793365621
362,1,23543959,0x22fdae531a69647a0ade9154093ac83769f9dc49,1:0,500,0xf8000,9,5,5 0 0 0 0 0 0 0,1798549679
216,5,23555261,0x08bf056c728966c8d6d3f2acb0ad4be521ed0631,1:0 5:0 9:0 13:0 17:0,2500,0xf80000000f80000000f80000000f80000000f803b,42,25,25 0 0 0 0 0 0 0,1793371578
219,6,23555304,0x08bf056c728966c8d6d3f2acb0ad4be521ed0631,1:0 5:0 9:0 13:0 17:0,2500,0xf80000000f80000000f80000000f80000000f8035,53,34,34 0 0 0 0 0 0 0,1793371600
296,6,23555330,0x08bf056c728966c8d6d3f2acb0ad4be521ed0631,1:0 5:0 9:0 13:0 17:0,2500,0xf80000000f80000000f80000000f80000000f8035,42,25,25 0 0 0 0 0 0 0,1793371613
27,169,23563584,0x81b4bf458a73ea46fadd46ee8236e5f94c4eb8e0,1:0 5:0 9:0 13:0 17:0,2500,0xf80000000f80000000f80000000f80000000f8012,60,35,35 0 0 0 0 0 0 0,1796049150
351,5,23563602,0x81b4bf458a73ea46fadd46ee8236e5f94c4eb8e0,1:0 5:0 9:0 13:0 17:0,2500,0xf80000000f80000000f80000000f80000000f803b,35,21,21 0 0 0 0 0 0 0,1798518353
360,2,23563620,0x81b4bf458a73ea46fadd46ee8236e5f94c4eb8e0,1:0 5:0 9:0 13:0 17:0,2500,0xf80000000f80000000f80000000f80000000f8009,68,43,43 0 0 0 0 0 0 0,1798540642
79,50,23565205,0xd00226b73bab097e97c6df416dc031df7c4b5af1,pheromone,0,0x1fcc,8,5,5 0 0 0 0 0 0 0,1794001418
1,3,23565341,0xd00226b73bab097e97c6df416dc031df7c4b5af1,pheromone,0,0x1ff8,18,10,10 0 0 0 0 0 0 0,1793376693
211,12,23565445,0xd00226b73bab097e97c6df416dc031df7c4b5af1,pheromone,0,0x1fdb,18,10,10 0 0 0 0 0 0 0,1793376746
363,1,23565652,0xd00226b73bab097e97c6df416dc031df7c4b5af1,4:1 5:1 9:1 13:1 17:1,10000,0x3f80000003f80000003f80000003f9fc0000000028,42,26,26 0 0 0 0 0 0 0,1798560788
227,3,23568028,0xcf9ca4ebf3ed44342d01d6aa5bd48f61976d16a3,1:0 5:0 9:0 13:0 17:0,2500,0xf80000000f80000000f80000000f80000000f8017,42,25,25 0 0 0 0 0 0 0,1793378057
186,6,23568822,0xcf9ca4ebf3ed44342d01d6aa5bd48f61976d16a3,pheromone,0,0x1fed,37,20,20 0 0 0 0 0 0 0,1793378460
285,52,23572539,0x27f48de5e0605da8b2a52ddfd06f6d273b804336,3:0 4:0 5:0 18:0 17:0,2500,0x1f0f80000000000000000000000000f87c3e00000032,63,40,40 0 0 0 0 0 0 0,1793747482
285,53,23575375,0x9628149b8268f15adc99911e64a79cdea7fb71ab,pheromone,0,0x1fec,18,10,10 0 0 0 0 0 0 0,1793747482
38,6,23575809,0x9fe1c07a4b2ee2842eee679ae719bb23ed341c18,1:0 5:0 9:0 13:0 17:0,2500,0xf80000000f80000000f80000000f80000000f8035,47,29,29 0 0 0 0 0 0 0,1793382011
47,5,23575885,0x9fe1c07a4b2ee2842eee679ae719bb23ed341c18,1:0 5:0 9:0 9:0 17:0,2500,0xf80000000000000001f00000000f80000000f8038,27,17,17 0 0 0 0 0 0 0,1793382050
23,64,23576480,0x9fe1c07a4b2ee2842eee679ae719bb23ed341c18,pheromone,0,0x1fcc,18,10,10 0 0 0 0 0 0 0,1794341044
284,13,23576689,0x26542d0bc93a63c141a21956337f18773b237882,1:1 5:1 9:1 16:1 16:1,10000,0x3f800000000000003f80000003f80000003f8036,58,35,35 0 0 0 0 0 0 0,1793382457
284,14,23588530,0x27f48de5e0605da8b2a52ddfd06f6d273b804336,pheromone,0,0x1fe7,18,10,10 0 0 0 0 0 0 0,1793388470
284,15,23588581,0x27f48de5e0605da8b2a52ddfd06f6d273b804336,pheromone,0,0x1fcb,27,15,15 0 0 0 0 0 0 0,1793388496
364,1,23589104,0x27f48de5e0605da8b2a52ddfd06f6d273b804336,1:0 5:0 9:0 13:0 17:0,2500,0xf80000000f80000000f80000000f80000000f802e,35,21,21 0 0 0 0 0 0 0,1798572728
264,7,23589999,0xc7f1dce49db860c865ce34e4eb65dbef625919ef,1:0 5:0 9:0 9:0 17:0,2500,0xf80000000000000001f00000000f80000000f8019,40,26,26 0 0 0 0 0 0 0,1793389216
247,12,23590062,0xc7f1dce49db860c865ce34e4eb65dbef625919ef,7:0 5:0 9:0 13:0 17:0,2500,0xf80000000f80000000f8003e000f800000000000c,34,20,20 0 0 0 0 0 0 0,1793389248
335,2,23590172,0xc7f1dce49db860c865ce34e4eb65dbef625919ef,1:0 5:0 15:0 13:0 17:0,2500,0xf8003e000f80000000000000000f80000000f8023,57,35,35 0 0 0 0 0 0 0,1798477744
77,187,23590782,0xc7f1dce49db860c865ce34e4eb65dbef625919ef,pheromone,0,0x1fdd,18,10,10 0 0 0 0 0 0 0,1796960445
77,188,23590929,0xc7f1dce49db860c865ce34e4eb65dbef625919ef,pheromone,0,0x1ff6,37,20,20 0 0 0 0 0 0 0,1796960445
20,23,23606568,0xb528bf440e6c9dad0c15f7e5f4dc75655f7ae27b,2:0 3:0 9:0 13:0 17:0,2500,0xf80000000f80000000f8000000000003e1f00003e,70,44,44 0 0 0 0 0 0 0,1793476681
172,9,23610927,0xed39205dd38074eea517a0e3dbd099b4e4a85af3,1:1 5:1 9:1 13:1 17:1,10000,0x3f80000003f80000003f80000003f80000003f802e,80,45,45 0 0 0 0 0 0 0,1793399844
185,9,23610971,0xed39205dd38074eea517a0e3dbd099b4e4a85af3,1:1 11:1 9:1 13:1 17:1,10000,0x3f80000003f800fe003f80000000000000003f8014,63,39,39 0 0 0 0 0 0 0,1793399866
156,17,23614072,0x574b60bc1a42becb1de3972751e9238c26c9cccf,1:1 5:1 9:1 13:1 17:1,10000,0x3f80000003f80000003f80000003f80000003f8022,82,55,55 0 0 0 0 0 0 0,1793401441
158,25,23614117,0x574b60bc1a42becb1de3972751e9238c26c9cccf,1:1 5:1 9:1 13:1 17:1,10000,0x3f80000003f80000003f80000003f80000003f8012,94,63,63 0 0 0 0 0 0 0,1793470225
159,14,23614152,0x574b60bc1a42becb1de3972751e9238c26c9cccf,1:1 5:1 9:1 13:1 17:1,10000,0x3f80000003f80000003f80000003f80000003f8006,57,34,34 0 0 0 0 0 0 0,1793401482
339,5,23614190,0x574b60bc1a42becb1de3972751e9238c26c9cccf,1:1 5:1 9:1 13:1 17:1,10000,0x3f80000003f80000003f80000003f80000003f802b,61,42,42 0 0 0 0 0 0 0,1798499054
339,6,23614461,0x574b60bc1a42becb1de3972751e9238c26c9cccf,8:1 14:1 9:1 16:1 19:1,10000,0xfe00001fc007f0000000003f9fc0000000000000000008,68,40,40 0 0 0 0 0 0 0,1798499054
185,10,23615213,0x574b60bc1a42becb1de3972751e9238c26c9cccf,pheromone,0,0x1fc5,18,10,10 0 0 0 0 0 0 0,1793402021
216,6,23615876,0x574b60bc1a42becb1de3972751e9238c26c9cccf,pheromone,0,0x1fed,18,10,10 0 0 0 0 0 0 0,1793402358
336,5,23618729,0x27f48de5e0605da8b2a52ddfd06f6d273b804336,2:0 3:0 12:0 13:0 19:0,2500,0x3e000000000000f87c0000000000000000003e1f00002b,44,26,26 0 0 0 0 0 0 0,1798480606
336,6,23618822,0x27f48de5e0605da8b2a52ddfd06f6d273b804336,8:0 5:0 14:0 15:0 19:0,2500,0x3e00000003e1f0000000000007c00000f8000000000031,40,24,24 0 0 0 0 0 0 0,1798480606
336,7,23620018,0x27f48de5e0605da8b2a52ddfd06f6d273b804336,1:0 5:0 11:0 12:0 18:0,2500,0x1f0000000000007c3e000000000000f80000000f8006,54,34,34 0 0 0 0 0 0 0,1798480606
285,54,23620866,0x27f48de5e0605da8b2a52ddfd06f6d273b804336,1:0 5:0 18:0 16:0 17:0,2500,0x1f0f87c00000000000000000000000f80000000f802e,58,34,34 0 0 0 0 0 0 0,1793747482
364,2,23621220,0x27f48de5e0605da8b2a52ddfd06f6d273b804336,1:0 5:0 9:0 13:0 17:0,2500,0xf80000000f80000000f80000000f80000000f8009,68,43,43 0 0 0 0 0 0 0,1798572728
351,6,23625234,0x81b4bf458a73ea46fadd46ee8236e5f94c4eb8e0,1:0 5:0 9:0 13:0 17:0,2500,0xf80000000f80000000f80000000f80000000f8035,78,48,48 0 0 0 0 0 0 0,1798518353
27,170,23625340,0x81b4bf458a73ea46fadd46ee8236e5f94c4eb8e0,1:0 5:0 9:0 13:0 17:0,2500,0xf80000000f80000000f80000000f80000000f8031,49,33,33 0 0 0 0 0 0 0,1796049150
360,3,23625358,0x81b4bf458a73ea46fadd46ee8236e5f94c4eb8e0,1:0 5:0 9:0 13:0 17:0,2500,0xf80000000f80000000f80000000f80000000f8017,35,21,21 0 0 0 0 0 0 0,1798540642
298,7,23626323,0xbd081f1b95d62c9a30efab2bb862eea6dcd7450a,1:0,500,0xf8006,9,5,5 0 0 0 0 0 0 0,1793407659
141,13,23634772,0x88c58b42f2783131d51a58af7f1a9b491089afeb,1:0 5:0 9:0 13:0 17:0,2500,0xf80000000f80000000f80000000f80000000f801a,60,35,35 0 0 0 0 0 0 0,1793411945
342,3,23634818,0x88c58b42f2783131d51a58af7f1a9b491089afeb,1:0 5:0 9:0 13:0 17:0,2500,0xf80000000f80000000f80000000f80000000f8017,35,21,21 0 0 0 0 0 0 0,1798510026
219,7,23634970,0x08bf056c728966c8d6d3f2acb0ad4be521ed0631,1:0 5:0 9:0 13:0 17:0,2500,0xf80000000f80000000f80000000f80000000f803b,60,35,35 0 0 0 0 0 0 0,1793412046
216,7,23635017,0x08bf056c728966c8d6d3f2acb0ad4be521ed0631,7:0 10:0 7:0 17:0 19:0,2500,0x3e000f800000000000001f000007c00000000000000019,36,24,24 0 0 0 0 0 0 0,1793412069
296,7,23635065,0x08bf056c728966c8d6d3f2acb0ad4be521ed0631,1:0 5:0 11:0 12:0 15:0,2500,0x3e000007c3e000000000000f80000000f8039,76,44,44 0 0 0 0 0 0 0,1793412094
213,8,23645690,0xccde496b83c644f779e5b6fcc0cc4a5c276fa5d4,1:0 6:0 12:0 17:0 19:0,2500,0x3e000f80000000007c000000000001f0000000000f803b,47,30,30 0 0 0 0 0 0 0,1793417485
299,6,23645749,0xccde496b83c644f779e5b6fcc0cc4a5c276fa5d4,4:0 10:0 12:0 4:0 12:0,2500,0xf8001f000000000000f80000000015,18,13,13 0 0 0 0 0 0 0,1793417515
341,2,23645805,0xccde496b83c644f779e5b6fcc0cc4a5c276fa5d4,1:0 5:0 9:0 13:0 17:0,2500,0xf80000000f80000000f80000000f80000000f8009,68,43,43 0 0 0 0 0 0 0,1798505962
76,87,23647500,0x3f62ae0c7ed24dcd2b52c1c224296519b02df00d,1:0 5:0 9:0 13:0 17:0,2500,0xf80000000f80000000f80000000f80000000f8025,56,35,35 0 0 0 0 0 0 0,1794800355
77,189,23647531,0x3f62ae0c7ed24dcd2b52c1c224296519b02df00d,1:0 5:0 9:0 13:0 17:0,2500,0xf80000000f80000000f80000000f80000000f803b,40,25,25 0 0 0 0 0 0 0,1796960445
215,7,23647533,0x979358182743d44831696146a36aecf1ebbe7325,1:2 5:2 9:2 13:2 19:2,20000,0x1fe000000000007f80000007f80000007f80000007f802b,101,61,61 0 0 0 0 0 0 0,1793418420
79,51,23647563,0x3f62ae0c7ed24dcd2b52c1c224296519b02df00d,1:0 5:0 9:0 13:0 17:0,2500,0xf80000000f80000000f80000000f80000000f8016,63,39,39 0 0 0 0 0 0 0,1794001418
349,3,23647589,0x3f62ae0c7ed24dcd2b52c1c224296519b02df00d,1:0 5:0 9:0 13:0 17:0,2500,0xf80000000f80000000f80000000f80000000f8017,50,33,33 0 0 0 0 0 0 0,1798516237
365,1,23648115,0x979358182743d44831696146a36aecf1ebbe7325,1:0,500,0xf8000,9,5,5 0 0 0 0 0 0 0,1798602454
31,33,23649520,0xac79fd6008b971723d16974cdb23ad70ecc00bee,1:0 5:0 4:0 13:0 17:0,2500,0xf80000000f80000000000000000f87c00000f8019,49,31,31 0 0 0 0 0 0 0,1793673392
350,3,23649528,0x3f62ae0c7ed24dcd2b52c1c224296519b02df00d,1:0 5:0 9:0 13:0 17:0,2500,0xf80000000f80000000f80000000f80000000f8017,50,33,33 0 0 0 0 0 0 0,1798516477
42,16,23649541,0x1b25bd7ce0fb701d9aac3fd43fa221ac63e3fb3e,1:0 5:0 9:0 13:0 17:0,2500,0xf80000000f80000000f80000000f80000000f8012,68,43,43 0 0 0 0 0 0 0,1793419439
356,2,23649562,0x3f62ae0c7ed24dcd2b52c1c224296519b02df00d,1:0 5:0 9:0 13:0 17:0,2500,0xf80000000f80000000f80000000f80000000f8009,53,31,31 0 0 0 0 0 0 0,1798532470
357,2,23649590,0x3f62ae0c7ed24dcd2b52c1c224296519b02df00d,1:0 5:0 9:0 13:0 17:0,2500,0xf80000000f80000000f80000000f80000000f8009,53,31,31 0 0 0 0 0 0 0,1798532804
358,2,23649619,0x3f62ae0c7ed24dcd2b52c1c224296519b02df00d,1:0 5:0 9:0 13:0 17:0,2500,0xf80000000f80000000f80000000f80000000f8009,53,31,31 0 0 0 0 0 0 0,1798533023
187,144,23650682,0x65d3f783f7a9f2a30cf70a8b3f6789fe98779086,1:0 5:0 9:0 13:0 17:0,2500,0xf80000000f80000000f80000000f80000000f8013,52,30,30 0 0 0 0 0 0 0,1796066394
303,6,23650704,0xbfe2643c33dade319d1634215ab68b3c098ed3e7,5:1,2000,0x3f8000000000035,14,9,9 0 0 0 0 0 0 0,1793420029
286,45,23650710,0x65d3f783f7a9f2a30cf70a8b3f6789fe98779086,1:0 5:0 9:0 13:0 17:0,2500,0xf80000000f80000000f80000000f80000000f800a,56,35,35 0 0 0 0 0 0 0,1793985151
307,6,23650713,0xbfe2643c33dade319d1634215ab68b3c098ed3e7,5:1,2000,0x3f8000000000035,14,9,9 0 0 0 0 0 0 0,1793420034
287,45,23650735,0x65d3f783f7a9f2a30cf70a8b3f6789fe98779086,1:0 5:0 9:0 13:0 17:0,2500,0xf80000000f80000000f80000000f80000000f800a,58,38,38 0 0 0 0 0 0 0,1793985170
353,2,23650762,0x65d3f783f7a9f2a30cf70a8b3f6789fe98779086,1:0 5:0 9:0 13:0 17:0,2500,0xf80000000f80000000f80000000f80000000f8009,68,43,43 0 0 0 0 0 0 0,1798531254
354,2,23650793,0x65d3f783f7a9f2a30cf70a8b3f6789fe98779086,1:0 5:0 9:0 13:0 17:0,2500,0xf80000000f80000000f80000000f80000000f8009,68,43,43 0 0 0 0 0 0 0,1798531317
355,2,23650823,0x65d3f783f7a9f2a30cf70a8b3f6789fe98779086,1:0 5:0 9:0 13:0 17:0,2500,0xf80000000f80000000f80000000f80000000f8009,45,26,26 0 0 0 0 0 0 0,1798531370
359,2,23650858,0x65d3f783f7a9f2a30cf70a8b3f6789fe98779086,1:0 5:0 9:0 13:0 17:0,2500,0xf80000000f80000000f80000000f80000000f8009,68,43,43 0 0 0 0 0 0 0,1798535021
211,13,23669450,0xbcd76fa66f9edc46065f4f27fd634ca15a0b1c72,1:0 5:0 9:0 13:0 17:0,2500,0xf80000000f80000000f80000000f80000000f801a,45,26,26 0 0 0 0 0 0 0,1793429540
212,29,23669569,0xbcd76fa66f9edc46065f4f27fd634ca15a0b1c72,1:0 5:0 9:0 13:0 17:0,2500,0xf80000000f80000000f80000000f80000000f8023,48,30,30 0 0 0 0 0 0 0,1793612256
305,27,23673925,0xa754afb7549fce6e666bfcd6d4a4064c7d732d0e,1:1 5:1 9:1 13:1 17:1,10000,0x3f80000003f80000003f80000003f80000003f801f,73,47,47 0 0 0 0 0 0 0,1793562573
306,10,23673958,0xa754afb7549fce6e666bfcd6d4a4064c7d732d0e,1:1 5:1 9:1 13:1 17:1,10000,0x3f80000003f80000003f80000003f80000003f8036,83,52,52 0 0 0 0 0 0 0,1793431828
115,10,23690631,0x46f440d3d4e6466034b2a5034fc501ac0a31bf29,1:0 5:0 9:0 13:0 17:0,2500,0xf80000000f80000000f80000000f80000000f8014,53,34,34 0 0 0 0 0 0 0,1793440287
340,2,23690657,0x46f440d3d4e6466034b2a5034fc501ac0a31bf29,1:0 5:0 9:0 13:0 17:0,2500,0xf80000000f80000000f80000000f80000000f8009,58,38,38 0 0 0 0 0 0 0,1798504148
215,8,23690804,0x46f440d3d4e6466034b2a5034fc501ac0a31bf29,pheromone,0,0x1fff,18,10,10 0 0 0 0 0 0 0,1793440375
298,8,23695977,0xbd081f1b95d62c9a30efab2bb862eea6dcd7450a,1:0 5:0 9:0 13:0 17:0,2500,0xf80000000f80000000f80000000f80000000f8030,70,40,40 0 0 0 0 0 0 0,1793443000
271,12,23699864,0xd00226b73bab097e97c6df416dc031df7c4b5af1,1:1 5:1 9:1 13:1 17:1,10000,0x3f80000003f80000003f80000003f80000003f8020,72,47,47 0 0 0 0 0 0 0,1793444972
185,11,23702109,0x81b4bf458a73ea46fadd46ee8236e5f94c4eb8e0,pheromone,0,0x1ff6,27,15,15 0 0 0 0 0 0 0,1793446111
366,1,23702291,0x81b4bf458a73ea46fadd46ee8236e5f94c4eb8e0,1:0 5:0 9:0 13:0 17:0,2500,0xf80000000f80000000f80000000f80000000f802e,35,21,21 0 0 0 0 0 0 0,1798630163
294,6,23705859,0xcd5504897ee44f57fc5d9f06a9cf1ca1d1eac578,2:0 5:0 9:0 13:0 12:0,2500,0xf87c00000f80000000f800001f00003f,47,30,30 0 0 0 0 0 0 0,1793448013
284,16,23711854,0x26542d0bc93a63c141a21956337f18773b237882,6:0 13:0 8:0 10:0 18:0,2500,0x1f0000000000f800001f0007c001f00000000000002b,61,37,37 0 0 0 0 0 0 0,1793451055
14,12,23712634,0x1b1829e31d3f85210ea84c2b62f59faa47687c7e,1:0 5:0 9:0 13:0 17:0,2500,0xf80000000f80000000f80000000f80000000f8036,60,35,35 0 0 0 0 0 0 0,1793451451
300,8,23712686,0x1b1829e31d3f85210ea84c2b62f59faa47687c7e,1:0 5:0 9:0 13:0 17:0,2500,0xf80000000f80000000f80000000f80000000f8030,60,35,35 0 0 0 0 0 0 0,1793451477
